hcp_id,period,responded_strict,model,capacity,rank,score,eligible_monthly_rows
101077,2025-10,0,decile,0.05,1,1.0,2021
100610,2025-10,0,decile,0.05,2,1.0,2021
101620,2025-10,0,decile,0.05,3,1.0,2021
102079,2025-10,1,decile,0.05,4,1.0,2021
101084,2025-10,0,decile,0.05,5,1.0,2021
101684,2025-10,1,decile,0.05,6,1.0,2021
101449,2025-10,1,decile,0.05,7,1.0,2021
101726,2025-10,0,decile,0.05,8,1.0,2021
102078,2025-10,0,decile,0.05,9,1.0,2021
100422,2025-10,0,decile,0.05,10,1.0,2021
101259,2025-10,1,decile,0.05,11,1.0,2021
101527,2025-10,0,decile,0.05,12,1.0,2021
101246,2025-10,0,decile,0.05,13,1.0,2021
100215,2025-10,0,decile,0.05,14,1.0,2021
100665,2025-10,0,decile,0.05,15,1.0,2021
102037,2025-10,1,decile,0.05,16,1.0,2021
102096,2025-10,0,decile,0.05,17,1.0,2021
100508,2025-10,0,decile,0.05,18,1.0,2021
101282,2025-10,0,decile,0.05,19,1.0,2021
101922,2025-10,0,decile,0.05,20,1.0,2021
100300,2025-10,0,decile,0.05,21,1.0,2021
100193,2025-10,1,decile,0.05,22,1.0,2021
101097,2025-10,1,decile,0.05,23,1.0,2021
101772,2025-10,0,decile,0.05,24,1.0,2021
100530,2025-10,0,decile,0.05,25,1.0,2021
101412,2025-10,0,decile,0.05,26,1.0,2021
101909,2025-10,1,decile,0.05,27,1.0,2021
100332,2025-10,0,decile,0.05,28,1.0,2021
101305,2025-10,0,decile,0.05,29,1.0,2021
100704,2025-10,1,decile,0.05,30,1.0,2021
101754,2025-10,0,decile,0.05,31,1.0,2021
100453,2025-10,1,decile,0.05,32,1.0,2021
101798,2025-10,0,decile,0.05,33,1.0,2021
100698,2025-10,0,decile,0.05,34,1.0,2021
100817,2025-10,0,decile,0.05,35,1.0,2021
101613,2025-10,0,decile,0.05,36,1.0,2021
102019,2025-10,0,decile,0.05,37,1.0,2021
101578,2025-10,0,decile,0.05,38,1.0,2021
100878,2025-10,0,decile,0.05,39,1.0,2021
100487,2025-10,0,decile,0.05,40,1.0,2021
101406,2025-10,0,decile,0.05,41,1.0,2021
100672,2025-10,0,decile,0.05,42,1.0,2021
101448,2025-10,0,decile,0.05,43,1.0,2021
101350,2025-10,0,decile,0.05,44,1.0,2021
101378,2025-10,1,decile,0.05,45,1.0,2021
101738,2025-10,0,decile,0.05,46,1.0,2021
101660,2025-10,0,decile,0.05,47,1.0,2021
101690,2025-10,1,decile,0.05,48,1.0,2021
100017,2025-10,0,decile,0.05,49,1.0,2021
101471,2025-10,1,decile,0.05,50,1.0,2021
100115,2025-10,0,decile,0.05,51,1.0,2021
100803,2025-10,1,decile,0.05,52,1.0,2021
101543,2025-10,0,decile,0.05,53,1.0,2021
100892,2025-10,1,decile,0.05,54,1.0,2021
100686,2025-10,0,decile,0.05,55,1.0,2021
100823,2025-10,1,decile,0.05,56,1.0,2021
101124,2025-10,0,decile,0.05,57,1.0,2021
100608,2025-10,0,decile,0.05,58,1.0,2021
100267,2025-10,0,decile,0.05,59,1.0,2021
101916,2025-10,0,decile,0.05,60,1.0,2021
100609,2025-10,0,decile,0.05,61,1.0,2021
100579,2025-10,0,decile,0.05,62,1.0,2021
101883,2025-10,0,decile,0.05,63,1.0,2021
100214,2025-10,0,decile,0.05,64,1.0,2021
101727,2025-10,1,decile,0.05,65,1.0,2021
100276,2025-10,1,decile,0.05,66,1.0,2021
100752,2025-10,0,decile,0.05,67,1.0,2021
100774,2025-10,0,decile,0.05,68,1.0,2021
100145,2025-10,0,decile,0.05,69,1.0,2021
100912,2025-10,0,decile,0.05,70,1.0,2021
101890,2025-10,0,decile,0.05,71,1.0,2021
100383,2025-10,0,decile,0.05,72,1.0,2021
100041,2025-10,0,decile,0.05,73,1.0,2021
100758,2025-10,0,decile,0.05,74,1.0,2021
101569,2025-10,0,decile,0.05,75,1.0,2021
100015,2025-10,0,decile,0.05,76,1.0,2021
101382,2025-10,0,decile,0.05,77,1.0,2021
100702,2025-10,1,decile,0.05,78,1.0,2021
100104,2025-10,0,decile,0.05,79,1.0,2021
100644,2025-10,0,decile,0.05,80,1.0,2021
101811,2025-10,1,decile,0.05,81,1.0,2021
101365,2025-10,1,decile,0.05,82,1.0,2021
101044,2025-10,0,decile,0.05,83,1.0,2021
102025,2025-10,0,decile,0.05,84,1.0,2021
101154,2025-10,0,decile,0.05,85,1.0,2021
100078,2025-10,0,decile,0.05,86,1.0,2021
101173,2025-10,1,decile,0.05,87,1.0,2021
101505,2025-10,0,decile,0.05,88,1.0,2021
100968,2025-10,0,decile,0.05,89,1.0,2021
100496,2025-10,0,decile,0.05,90,1.0,2021
101752,2025-10,0,decile,0.05,91,1.0,2021
100901,2025-10,0,decile,0.05,92,1.0,2021
101367,2025-10,0,decile,0.05,93,1.0,2021
100560,2025-10,0,decile,0.05,94,1.0,2021
101672,2025-10,0,decile,0.05,95,1.0,2021
102067,2025-10,1,decile,0.05,96,1.0,2021
101414,2025-10,0,decile,0.05,97,1.0,2021
100241,2025-10,0,decile,0.05,98,1.0,2021
101276,2025-10,0,decile,0.05,99,1.0,2021
101724,2025-10,1,decile,0.05,100,1.0,2021
101709,2025-10,0,decile,0.05,101,1.0,2021
100275,2025-10,1,decile,0.05,102,1.0,2021
101077,2025-10,0,decile,0.1,1,1.0,2021
100610,2025-10,0,decile,0.1,2,1.0,2021
101620,2025-10,0,decile,0.1,3,1.0,2021
102079,2025-10,1,decile,0.1,4,1.0,2021
101084,2025-10,0,decile,0.1,5,1.0,2021
101684,2025-10,1,decile,0.1,6,1.0,2021
101449,2025-10,1,decile,0.1,7,1.0,2021
101726,2025-10,0,decile,0.1,8,1.0,2021
102078,2025-10,0,decile,0.1,9,1.0,2021
100422,2025-10,0,decile,0.1,10,1.0,2021
101259,2025-10,1,decile,0.1,11,1.0,2021
101527,2025-10,0,decile,0.1,12,1.0,2021
101246,2025-10,0,decile,0.1,13,1.0,2021
100215,2025-10,0,decile,0.1,14,1.0,2021
100665,2025-10,0,decile,0.1,15,1.0,2021
102037,2025-10,1,decile,0.1,16,1.0,2021
102096,2025-10,0,decile,0.1,17,1.0,2021
100508,2025-10,0,decile,0.1,18,1.0,2021
101282,2025-10,0,decile,0.1,19,1.0,2021
101922,2025-10,0,decile,0.1,20,1.0,2021
100300,2025-10,0,decile,0.1,21,1.0,2021
100193,2025-10,1,decile,0.1,22,1.0,2021
101097,2025-10,1,decile,0.1,23,1.0,2021
101772,2025-10,0,decile,0.1,24,1.0,2021
100530,2025-10,0,decile,0.1,25,1.0,2021
101412,2025-10,0,decile,0.1,26,1.0,2021
101909,2025-10,1,decile,0.1,27,1.0,2021
100332,2025-10,0,decile,0.1,28,1.0,2021
101305,2025-10,0,decile,0.1,29,1.0,2021
100704,2025-10,1,decile,0.1,30,1.0,2021
101754,2025-10,0,decile,0.1,31,1.0,2021
100453,2025-10,1,decile,0.1,32,1.0,2021
101798,2025-10,0,decile,0.1,33,1.0,2021
100698,2025-10,0,decile,0.1,34,1.0,2021
100817,2025-10,0,decile,0.1,35,1.0,2021
101613,2025-10,0,decile,0.1,36,1.0,2021
102019,2025-10,0,decile,0.1,37,1.0,2021
101578,2025-10,0,decile,0.1,38,1.0,2021
100878,2025-10,0,decile,0.1,39,1.0,2021
100487,2025-10,0,decile,0.1,40,1.0,2021
101406,2025-10,0,decile,0.1,41,1.0,2021
100672,2025-10,0,decile,0.1,42,1.0,2021
101448,2025-10,0,decile,0.1,43,1.0,2021
101350,2025-10,0,decile,0.1,44,1.0,2021
101378,2025-10,1,decile,0.1,45,1.0,2021
101738,2025-10,0,decile,0.1,46,1.0,2021
101660,2025-10,0,decile,0.1,47,1.0,2021
101690,2025-10,1,decile,0.1,48,1.0,2021
100017,2025-10,0,decile,0.1,49,1.0,2021
101471,2025-10,1,decile,0.1,50,1.0,2021
100115,2025-10,0,decile,0.1,51,1.0,2021
100803,2025-10,1,decile,0.1,52,1.0,2021
101543,2025-10,0,decile,0.1,53,1.0,2021
100892,2025-10,1,decile,0.1,54,1.0,2021
100686,2025-10,0,decile,0.1,55,1.0,2021
100823,2025-10,1,decile,0.1,56,1.0,2021
101124,2025-10,0,decile,0.1,57,1.0,2021
100608,2025-10,0,decile,0.1,58,1.0,2021
100267,2025-10,0,decile,0.1,59,1.0,2021
101916,2025-10,0,decile,0.1,60,1.0,2021
100609,2025-10,0,decile,0.1,61,1.0,2021
100579,2025-10,0,decile,0.1,62,1.0,2021
101883,2025-10,0,decile,0.1,63,1.0,2021
100214,2025-10,0,decile,0.1,64,1.0,2021
101727,2025-10,1,decile,0.1,65,1.0,2021
100276,2025-10,1,decile,0.1,66,1.0,2021
100752,2025-10,0,decile,0.1,67,1.0,2021
100774,2025-10,0,decile,0.1,68,1.0,2021
100145,2025-10,0,decile,0.1,69,1.0,2021
100912,2025-10,0,decile,0.1,70,1.0,2021
101890,2025-10,0,decile,0.1,71,1.0,2021
100383,2025-10,0,decile,0.1,72,1.0,2021
100041,2025-10,0,decile,0.1,73,1.0,2021
100758,2025-10,0,decile,0.1,74,1.0,2021
101569,2025-10,0,decile,0.1,75,1.0,2021
100015,2025-10,0,decile,0.1,76,1.0,2021
101382,2025-10,0,decile,0.1,77,1.0,2021
100702,2025-10,1,decile,0.1,78,1.0,2021
100104,2025-10,0,decile,0.1,79,1.0,2021
100644,2025-10,0,decile,0.1,80,1.0,2021
101811,2025-10,1,decile,0.1,81,1.0,2021
101365,2025-10,1,decile,0.1,82,1.0,2021
101044,2025-10,0,decile,0.1,83,1.0,2021
102025,2025-10,0,decile,0.1,84,1.0,2021
101154,2025-10,0,decile,0.1,85,1.0,2021
100078,2025-10,0,decile,0.1,86,1.0,2021
101173,2025-10,1,decile,0.1,87,1.0,2021
101505,2025-10,0,decile,0.1,88,1.0,2021
100968,2025-10,0,decile,0.1,89,1.0,2021
100496,2025-10,0,decile,0.1,90,1.0,2021
101752,2025-10,0,decile,0.1,91,1.0,2021
100901,2025-10,0,decile,0.1,92,1.0,2021
101367,2025-10,0,decile,0.1,93,1.0,2021
100560,2025-10,0,decile,0.1,94,1.0,2021
101672,2025-10,0,decile,0.1,95,1.0,2021
102067,2025-10,1,decile,0.1,96,1.0,2021
101414,2025-10,0,decile,0.1,97,1.0,2021
100241,2025-10,0,decile,0.1,98,1.0,2021
101276,2025-10,0,decile,0.1,99,1.0,2021
101724,2025-10,1,decile,0.1,100,1.0,2021
101709,2025-10,0,decile,0.1,101,1.0,2021
100275,2025-10,1,decile,0.1,102,1.0,2021
100175,2025-10,1,decile,0.1,103,1.0,2021
100587,2025-10,0,decile,0.1,104,1.0,2021
101160,2025-10,0,decile,0.1,105,1.0,2021
100636,2025-10,0,decile,0.1,106,1.0,2021
100773,2025-10,1,decile,0.1,107,1.0,2021
101776,2025-10,0,decile,0.1,108,1.0,2021
100684,2025-10,0,decile,0.1,109,1.0,2021
101839,2025-10,1,decile,0.1,110,1.0,2021
101788,2025-10,0,decile,0.1,111,1.0,2021
100242,2025-10,0,decile,0.1,112,1.0,2021
101319,2025-10,0,decile,0.1,113,1.0,2021
100485,2025-10,0,decile,0.1,114,1.0,2021
100073,2025-10,0,decile,0.1,115,1.0,2021
100708,2025-10,0,decile,0.1,116,1.0,2021
100519,2025-10,0,decile,0.1,117,1.0,2021
100585,2025-10,0,decile,0.1,118,1.0,2021
101067,2025-10,0,decile,0.1,119,1.0,2021
101692,2025-10,0,decile,0.1,120,1.0,2021
100148,2025-10,0,decile,0.1,121,1.0,2021
101598,2025-10,0,decile,0.1,122,1.0,2021
100216,2025-10,0,decile,0.1,123,1.0,2021
101945,2025-10,0,decile,0.1,124,1.0,2021
101087,2025-10,0,decile,0.1,125,1.0,2021
100616,2025-10,0,decile,0.1,126,1.0,2021
100197,2025-10,0,decile,0.1,127,1.0,2021
100990,2025-10,0,decile,0.1,128,1.0,2021
100123,2025-10,0,decile,0.1,129,1.0,2021
100745,2025-10,0,decile,0.1,130,1.0,2021
100919,2025-10,0,decile,0.1,131,1.0,2021
101928,2025-10,0,decile,0.1,132,1.0,2021
101746,2025-10,0,decile,0.1,133,1.0,2021
100056,2025-10,0,decile,0.1,134,1.0,2021
100166,2025-10,0,decile,0.1,135,1.0,2021
101878,2025-10,0,decile,0.1,136,1.0,2021
100340,2025-10,0,decile,0.1,137,1.0,2021
101913,2025-10,0,decile,0.1,138,1.0,2021
100592,2025-10,0,decile,0.1,139,1.0,2021
102089,2025-10,1,decile,0.1,140,1.0,2021
101990,2025-10,0,decile,0.1,141,1.0,2021
100795,2025-10,0,decile,0.1,142,1.0,2021
101783,2025-10,0,decile,0.1,143,1.0,2021
101301,2025-10,0,decile,0.1,144,1.0,2021
101704,2025-10,0,decile,0.1,145,1.0,2021
100650,2025-10,0,decile,0.1,146,1.0,2021
101857,2025-10,1,decile,0.1,147,1.0,2021
101140,2025-10,0,decile,0.1,148,1.0,2021
100559,2025-10,0,decile,0.1,149,1.0,2021
101320,2025-10,0,decile,0.1,150,1.0,2021
101971,2025-10,0,decile,0.1,151,1.0,2021
101228,2025-10,1,decile,0.1,152,1.0,2021
101071,2025-10,0,decile,0.1,153,1.0,2021
102053,2025-10,1,decile,0.1,154,1.0,2021
100477,2025-10,0,decile,0.1,155,1.0,2021
100854,2025-10,0,decile,0.1,156,1.0,2021
101466,2025-10,0,decile,0.1,157,1.0,2021
101455,2025-10,0,decile,0.1,158,1.0,2021
100992,2025-10,0,decile,0.1,159,1.0,2021
100627,2025-10,0,decile,0.1,160,1.0,2021
102029,2025-10,0,decile,0.1,161,1.0,2021
101601,2025-10,0,decile,0.1,162,1.0,2021
102081,2025-10,0,decile,0.1,163,1.0,2021
101952,2025-10,0,decile,0.1,164,1.0,2021
100624,2025-10,0,decile,0.1,165,1.0,2021
100936,2025-10,0,decile,0.1,166,1.0,2021
100298,2025-10,0,decile,0.1,167,1.0,2021
101516,2025-10,0,decile,0.1,168,1.0,2021
101761,2025-10,0,decile,0.1,169,1.0,2021
100229,2025-10,0,decile,0.1,170,1.0,2021
100296,2025-10,0,decile,0.1,171,1.0,2021
100724,2025-10,0,decile,0.1,172,1.0,2021
101607,2025-10,1,decile,0.1,173,1.0,2021
101965,2025-10,1,decile,0.1,174,1.0,2021
101222,2025-10,1,decile,0.1,175,1.0,2021
100322,2025-10,0,decile,0.1,176,1.0,2021
100977,2025-10,0,decile,0.1,177,1.0,2021
101437,2025-10,0,decile,0.1,178,1.0,2021
101638,2025-10,0,decile,0.1,179,1.0,2021
101379,2025-10,0,decile,0.1,180,1.0,2021
100661,2025-10,1,decile,0.1,181,1.0,2021
100829,2025-10,0,decile,0.1,182,1.0,2021
100744,2025-10,1,decile,0.1,183,1.0,2021
100775,2025-10,0,decile,0.1,184,1.0,2021
100925,2025-10,0,decile,0.1,185,1.0,2021
100678,2025-10,0,decile,0.1,186,1.0,2021
100218,2025-10,1,decile,0.1,187,1.0,2021
100361,2025-10,0,decile,0.1,188,1.0,2021
101202,2025-10,1,decile,0.1,189,1.0,2021
100334,2025-10,0,decile,0.1,190,1.0,2021
101642,2025-10,0,decile,0.1,191,1.0,2021
102051,2025-10,1,decile,0.1,192,1.0,2021
101645,2025-10,0,decile,0.1,193,1.0,2021
101309,2025-10,0,decile,0.1,194,1.0,2021
102040,2025-10,0,decile,0.1,195,1.0,2021
100256,2025-10,0,decile,0.1,196,1.0,2021
101837,2025-10,0,decile,0.1,197,1.0,2021
101888,2025-10,0,decile,0.1,198,1.0,2021
101280,2025-10,1,decile,0.1,199,1.0,2021
101447,2025-10,0,decile,0.1,200,1.0,2021
101489,2025-10,0,decile,0.1,201,1.0,2021
101478,2025-10,1,decile,0.1,202,1.0,2021
101005,2025-10,0,decile,0.1,203,1.0,2021
101077,2025-10,0,decile,0.2,1,1.0,2021
100610,2025-10,0,decile,0.2,2,1.0,2021
101620,2025-10,0,decile,0.2,3,1.0,2021
102079,2025-10,1,decile,0.2,4,1.0,2021
101084,2025-10,0,decile,0.2,5,1.0,2021
101684,2025-10,1,decile,0.2,6,1.0,2021
101449,2025-10,1,decile,0.2,7,1.0,2021
101726,2025-10,0,decile,0.2,8,1.0,2021
102078,2025-10,0,decile,0.2,9,1.0,2021
100422,2025-10,0,decile,0.2,10,1.0,2021
101259,2025-10,1,decile,0.2,11,1.0,2021
101527,2025-10,0,decile,0.2,12,1.0,2021
101246,2025-10,0,decile,0.2,13,1.0,2021
100215,2025-10,0,decile,0.2,14,1.0,2021
100665,2025-10,0,decile,0.2,15,1.0,2021
102037,2025-10,1,decile,0.2,16,1.0,2021
102096,2025-10,0,decile,0.2,17,1.0,2021
100508,2025-10,0,decile,0.2,18,1.0,2021
101282,2025-10,0,decile,0.2,19,1.0,2021
101922,2025-10,0,decile,0.2,20,1.0,2021
100300,2025-10,0,decile,0.2,21,1.0,2021
100193,2025-10,1,decile,0.2,22,1.0,2021
101097,2025-10,1,decile,0.2,23,1.0,2021
101772,2025-10,0,decile,0.2,24,1.0,2021
100530,2025-10,0,decile,0.2,25,1.0,2021
101412,2025-10,0,decile,0.2,26,1.0,2021
101909,2025-10,1,decile,0.2,27,1.0,2021
100332,2025-10,0,decile,0.2,28,1.0,2021
101305,2025-10,0,decile,0.2,29,1.0,2021
100704,2025-10,1,decile,0.2,30,1.0,2021
101754,2025-10,0,decile,0.2,31,1.0,2021
100453,2025-10,1,decile,0.2,32,1.0,2021
101798,2025-10,0,decile,0.2,33,1.0,2021
100698,2025-10,0,decile,0.2,34,1.0,2021
100817,2025-10,0,decile,0.2,35,1.0,2021
101613,2025-10,0,decile,0.2,36,1.0,2021
102019,2025-10,0,decile,0.2,37,1.0,2021
101578,2025-10,0,decile,0.2,38,1.0,2021
100878,2025-10,0,decile,0.2,39,1.0,2021
100487,2025-10,0,decile,0.2,40,1.0,2021
101406,2025-10,0,decile,0.2,41,1.0,2021
100672,2025-10,0,decile,0.2,42,1.0,2021
101448,2025-10,0,decile,0.2,43,1.0,2021
101350,2025-10,0,decile,0.2,44,1.0,2021
101378,2025-10,1,decile,0.2,45,1.0,2021
101738,2025-10,0,decile,0.2,46,1.0,2021
101660,2025-10,0,decile,0.2,47,1.0,2021
101690,2025-10,1,decile,0.2,48,1.0,2021
100017,2025-10,0,decile,0.2,49,1.0,2021
101471,2025-10,1,decile,0.2,50,1.0,2021
100115,2025-10,0,decile,0.2,51,1.0,2021
100803,2025-10,1,decile,0.2,52,1.0,2021
101543,2025-10,0,decile,0.2,53,1.0,2021
100892,2025-10,1,decile,0.2,54,1.0,2021
100686,2025-10,0,decile,0.2,55,1.0,2021
100823,2025-10,1,decile,0.2,56,1.0,2021
101124,2025-10,0,decile,0.2,57,1.0,2021
100608,2025-10,0,decile,0.2,58,1.0,2021
100267,2025-10,0,decile,0.2,59,1.0,2021
101916,2025-10,0,decile,0.2,60,1.0,2021
100609,2025-10,0,decile,0.2,61,1.0,2021
100579,2025-10,0,decile,0.2,62,1.0,2021
101883,2025-10,0,decile,0.2,63,1.0,2021
100214,2025-10,0,decile,0.2,64,1.0,2021
101727,2025-10,1,decile,0.2,65,1.0,2021
100276,2025-10,1,decile,0.2,66,1.0,2021
100752,2025-10,0,decile,0.2,67,1.0,2021
100774,2025-10,0,decile,0.2,68,1.0,2021
100145,2025-10,0,decile,0.2,69,1.0,2021
100912,2025-10,0,decile,0.2,70,1.0,2021
101890,2025-10,0,decile,0.2,71,1.0,2021
100383,2025-10,0,decile,0.2,72,1.0,2021
100041,2025-10,0,decile,0.2,73,1.0,2021
100758,2025-10,0,decile,0.2,74,1.0,2021
101569,2025-10,0,decile,0.2,75,1.0,2021
100015,2025-10,0,decile,0.2,76,1.0,2021
101382,2025-10,0,decile,0.2,77,1.0,2021
100702,2025-10,1,decile,0.2,78,1.0,2021
100104,2025-10,0,decile,0.2,79,1.0,2021
100644,2025-10,0,decile,0.2,80,1.0,2021
101811,2025-10,1,decile,0.2,81,1.0,2021
101365,2025-10,1,decile,0.2,82,1.0,2021
101044,2025-10,0,decile,0.2,83,1.0,2021
102025,2025-10,0,decile,0.2,84,1.0,2021
101154,2025-10,0,decile,0.2,85,1.0,2021
100078,2025-10,0,decile,0.2,86,1.0,2021
101173,2025-10,1,decile,0.2,87,1.0,2021
101505,2025-10,0,decile,0.2,88,1.0,2021
100968,2025-10,0,decile,0.2,89,1.0,2021
100496,2025-10,0,decile,0.2,90,1.0,2021
101752,2025-10,0,decile,0.2,91,1.0,2021
100901,2025-10,0,decile,0.2,92,1.0,2021
101367,2025-10,0,decile,0.2,93,1.0,2021
100560,2025-10,0,decile,0.2,94,1.0,2021
101672,2025-10,0,decile,0.2,95,1.0,2021
102067,2025-10,1,decile,0.2,96,1.0,2021
101414,2025-10,0,decile,0.2,97,1.0,2021
100241,2025-10,0,decile,0.2,98,1.0,2021
101276,2025-10,0,decile,0.2,99,1.0,2021
101724,2025-10,1,decile,0.2,100,1.0,2021
101709,2025-10,0,decile,0.2,101,1.0,2021
100275,2025-10,1,decile,0.2,102,1.0,2021
100175,2025-10,1,decile,0.2,103,1.0,2021
100587,2025-10,0,decile,0.2,104,1.0,2021
101160,2025-10,0,decile,0.2,105,1.0,2021
100636,2025-10,0,decile,0.2,106,1.0,2021
100773,2025-10,1,decile,0.2,107,1.0,2021
101776,2025-10,0,decile,0.2,108,1.0,2021
100684,2025-10,0,decile,0.2,109,1.0,2021
101839,2025-10,1,decile,0.2,110,1.0,2021
101788,2025-10,0,decile,0.2,111,1.0,2021
100242,2025-10,0,decile,0.2,112,1.0,2021
101319,2025-10,0,decile,0.2,113,1.0,2021
100485,2025-10,0,decile,0.2,114,1.0,2021
100073,2025-10,0,decile,0.2,115,1.0,2021
100708,2025-10,0,decile,0.2,116,1.0,2021
100519,2025-10,0,decile,0.2,117,1.0,2021
100585,2025-10,0,decile,0.2,118,1.0,2021
101067,2025-10,0,decile,0.2,119,1.0,2021
101692,2025-10,0,decile,0.2,120,1.0,2021
100148,2025-10,0,decile,0.2,121,1.0,2021
101598,2025-10,0,decile,0.2,122,1.0,2021
100216,2025-10,0,decile,0.2,123,1.0,2021
101945,2025-10,0,decile,0.2,124,1.0,2021
101087,2025-10,0,decile,0.2,125,1.0,2021
100616,2025-10,0,decile,0.2,126,1.0,2021
100197,2025-10,0,decile,0.2,127,1.0,2021
100990,2025-10,0,decile,0.2,128,1.0,2021
100123,2025-10,0,decile,0.2,129,1.0,2021
100745,2025-10,0,decile,0.2,130,1.0,2021
100919,2025-10,0,decile,0.2,131,1.0,2021
101928,2025-10,0,decile,0.2,132,1.0,2021
101746,2025-10,0,decile,0.2,133,1.0,2021
100056,2025-10,0,decile,0.2,134,1.0,2021
100166,2025-10,0,decile,0.2,135,1.0,2021
101878,2025-10,0,decile,0.2,136,1.0,2021
100340,2025-10,0,decile,0.2,137,1.0,2021
101913,2025-10,0,decile,0.2,138,1.0,2021
100592,2025-10,0,decile,0.2,139,1.0,2021
102089,2025-10,1,decile,0.2,140,1.0,2021
101990,2025-10,0,decile,0.2,141,1.0,2021
100795,2025-10,0,decile,0.2,142,1.0,2021
101783,2025-10,0,decile,0.2,143,1.0,2021
101301,2025-10,0,decile,0.2,144,1.0,2021
101704,2025-10,0,decile,0.2,145,1.0,2021
100650,2025-10,0,decile,0.2,146,1.0,2021
101857,2025-10,1,decile,0.2,147,1.0,2021
101140,2025-10,0,decile,0.2,148,1.0,2021
100559,2025-10,0,decile,0.2,149,1.0,2021
101320,2025-10,0,decile,0.2,150,1.0,2021
101971,2025-10,0,decile,0.2,151,1.0,2021
101228,2025-10,1,decile,0.2,152,1.0,2021
101071,2025-10,0,decile,0.2,153,1.0,2021
102053,2025-10,1,decile,0.2,154,1.0,2021
100477,2025-10,0,decile,0.2,155,1.0,2021
100854,2025-10,0,decile,0.2,156,1.0,2021
101466,2025-10,0,decile,0.2,157,1.0,2021
101455,2025-10,0,decile,0.2,158,1.0,2021
100992,2025-10,0,decile,0.2,159,1.0,2021
100627,2025-10,0,decile,0.2,160,1.0,2021
102029,2025-10,0,decile,0.2,161,1.0,2021
101601,2025-10,0,decile,0.2,162,1.0,2021
102081,2025-10,0,decile,0.2,163,1.0,2021
101952,2025-10,0,decile,0.2,164,1.0,2021
100624,2025-10,0,decile,0.2,165,1.0,2021
100936,2025-10,0,decile,0.2,166,1.0,2021
100298,2025-10,0,decile,0.2,167,1.0,2021
101516,2025-10,0,decile,0.2,168,1.0,2021
101761,2025-10,0,decile,0.2,169,1.0,2021
100229,2025-10,0,decile,0.2,170,1.0,2021
100296,2025-10,0,decile,0.2,171,1.0,2021
100724,2025-10,0,decile,0.2,172,1.0,2021
101607,2025-10,1,decile,0.2,173,1.0,2021
101965,2025-10,1,decile,0.2,174,1.0,2021
101222,2025-10,1,decile,0.2,175,1.0,2021
100322,2025-10,0,decile,0.2,176,1.0,2021
100977,2025-10,0,decile,0.2,177,1.0,2021
101437,2025-10,0,decile,0.2,178,1.0,2021
101638,2025-10,0,decile,0.2,179,1.0,2021
101379,2025-10,0,decile,0.2,180,1.0,2021
100661,2025-10,1,decile,0.2,181,1.0,2021
100829,2025-10,0,decile,0.2,182,1.0,2021
100744,2025-10,1,decile,0.2,183,1.0,2021
100775,2025-10,0,decile,0.2,184,1.0,2021
100925,2025-10,0,decile,0.2,185,1.0,2021
100678,2025-10,0,decile,0.2,186,1.0,2021
100218,2025-10,1,decile,0.2,187,1.0,2021
100361,2025-10,0,decile,0.2,188,1.0,2021
101202,2025-10,1,decile,0.2,189,1.0,2021
100334,2025-10,0,decile,0.2,190,1.0,2021
101642,2025-10,0,decile,0.2,191,1.0,2021
102051,2025-10,1,decile,0.2,192,1.0,2021
101645,2025-10,0,decile,0.2,193,1.0,2021
101309,2025-10,0,decile,0.2,194,1.0,2021
102040,2025-10,0,decile,0.2,195,1.0,2021
100256,2025-10,0,decile,0.2,196,1.0,2021
101837,2025-10,0,decile,0.2,197,1.0,2021
101888,2025-10,0,decile,0.2,198,1.0,2021
101280,2025-10,1,decile,0.2,199,1.0,2021
101447,2025-10,0,decile,0.2,200,1.0,2021
101489,2025-10,0,decile,0.2,201,1.0,2021
101478,2025-10,1,decile,0.2,202,1.0,2021
101005,2025-10,0,decile,0.2,203,1.0,2021
101871,2025-10,1,decile,0.2,204,1.0,2021
100882,2025-10,1,decile,0.2,205,1.0,2021
100670,2025-10,0,decile,0.2,206,1.0,2021
100066,2025-10,0,decile,0.2,207,1.0,2021
101639,2025-10,0,decile,0.2,208,1.0,2021
100170,2025-10,0,decile,0.2,209,1.0,2021
100777,2025-10,0,decile,0.2,210,1.0,2021
100877,2025-10,0,decile,0.2,211,1.0,2021
100564,2025-10,0,decile,0.2,212,1.0,2021
100161,2025-10,0,decile,0.2,213,1.0,2021
100320,2025-10,0,decile,0.2,214,0.9,2021
101232,2025-10,1,decile,0.2,215,0.9,2021
100113,2025-10,0,decile,0.2,216,0.9,2021
101474,2025-10,0,decile,0.2,217,0.9,2021
101215,2025-10,0,decile,0.2,218,0.9,2021
100591,2025-10,0,decile,0.2,219,0.9,2021
101832,2025-10,1,decile,0.2,220,0.9,2021
100870,2025-10,0,decile,0.2,221,0.9,2021
101919,2025-10,1,decile,0.2,222,0.9,2021
101953,2025-10,0,decile,0.2,223,0.9,2021
102005,2025-10,0,decile,0.2,224,0.9,2021
100002,2025-10,1,decile,0.2,225,0.9,2021
100883,2025-10,0,decile,0.2,226,0.9,2021
101179,2025-10,1,decile,0.2,227,0.9,2021
100429,2025-10,0,decile,0.2,228,0.9,2021
100907,2025-10,0,decile,0.2,229,0.9,2021
100225,2025-10,0,decile,0.2,230,0.9,2021
101936,2025-10,0,decile,0.2,231,0.9,2021
101895,2025-10,1,decile,0.2,232,0.9,2021
101623,2025-10,1,decile,0.2,233,0.9,2021
101825,2025-10,0,decile,0.2,234,0.9,2021
100233,2025-10,0,decile,0.2,235,0.9,2021
100681,2025-10,0,decile,0.2,236,0.9,2021
102059,2025-10,0,decile,0.2,237,0.9,2021
100345,2025-10,1,decile,0.2,238,0.9,2021
100762,2025-10,0,decile,0.2,239,0.9,2021
101343,2025-10,0,decile,0.2,240,0.9,2021
101903,2025-10,0,decile,0.2,241,0.9,2021
100376,2025-10,0,decile,0.2,242,0.9,2021
100768,2025-10,1,decile,0.2,243,0.9,2021
100139,2025-10,0,decile,0.2,244,0.9,2021
100815,2025-10,0,decile,0.2,245,0.9,2021
101377,2025-10,0,decile,0.2,246,0.9,2021
101986,2025-10,0,decile,0.2,247,0.9,2021
101647,2025-10,0,decile,0.2,248,0.9,2021
102062,2025-10,0,decile,0.2,249,0.9,2021
100986,2025-10,1,decile,0.2,250,0.9,2021
100448,2025-10,0,decile,0.2,251,0.9,2021
100393,2025-10,0,decile,0.2,252,0.9,2021
101507,2025-10,0,decile,0.2,253,0.9,2021
101011,2025-10,0,decile,0.2,254,0.9,2021
101285,2025-10,0,decile,0.2,255,0.9,2021
101629,2025-10,0,decile,0.2,256,0.9,2021
101415,2025-10,0,decile,0.2,257,0.9,2021
101809,2025-10,0,decile,0.2,258,0.9,2021
101882,2025-10,0,decile,0.2,259,0.9,2021
101756,2025-10,1,decile,0.2,260,0.9,2021
101016,2025-10,0,decile,0.2,261,0.9,2021
101670,2025-10,0,decile,0.2,262,0.9,2021
101031,2025-10,0,decile,0.2,263,0.9,2021
102049,2025-10,0,decile,0.2,264,0.9,2021
101298,2025-10,0,decile,0.2,265,0.9,2021
100029,2025-10,0,decile,0.2,266,0.9,2021
100605,2025-10,0,decile,0.2,267,0.9,2021
100269,2025-10,0,decile,0.2,268,0.9,2021
101368,2025-10,0,decile,0.2,269,0.9,2021
101237,2025-10,0,decile,0.2,270,0.9,2021
100052,2025-10,0,decile,0.2,271,0.9,2021
100083,2025-10,0,decile,0.2,272,0.9,2021
102046,2025-10,1,decile,0.2,273,0.9,2021
100239,2025-10,0,decile,0.2,274,0.9,2021
100399,2025-10,1,decile,0.2,275,0.9,2021
101357,2025-10,0,decile,0.2,276,0.9,2021
101594,2025-10,0,decile,0.2,277,0.9,2021
101626,2025-10,0,decile,0.2,278,0.9,2021
100656,2025-10,0,decile,0.2,279,0.9,2021
102077,2025-10,0,decile,0.2,280,0.9,2021
100203,2025-10,0,decile,0.2,281,0.9,2021
101078,2025-10,0,decile,0.2,282,0.9,2021
100732,2025-10,0,decile,0.2,283,0.9,2021
101881,2025-10,0,decile,0.2,284,0.9,2021
101680,2025-10,0,decile,0.2,285,0.9,2021
101541,2025-10,0,decile,0.2,286,0.9,2021
100757,2025-10,0,decile,0.2,287,0.9,2021
101035,2025-10,0,decile,0.2,288,0.9,2021
100375,2025-10,0,decile,0.2,289,0.9,2021
100130,2025-10,0,decile,0.2,290,0.9,2021
101181,2025-10,0,decile,0.2,291,0.9,2021
100985,2025-10,0,decile,0.2,292,0.9,2021
100443,2025-10,0,decile,0.2,293,0.9,2021
100899,2025-10,0,decile,0.2,294,0.9,2021
101266,2025-10,0,decile,0.2,295,0.9,2021
101001,2025-10,0,decile,0.2,296,0.9,2021
100859,2025-10,0,decile,0.2,297,0.9,2021
100407,2025-10,0,decile,0.2,298,0.9,2021
100975,2025-10,0,decile,0.2,299,0.9,2021
100826,2025-10,0,decile,0.2,300,0.9,2021
101829,2025-10,0,decile,0.2,301,0.9,2021
101393,2025-10,0,decile,0.2,302,0.9,2021
100283,2025-10,1,decile,0.2,303,0.9,2021
100924,2025-10,0,decile,0.2,304,0.9,2021
100510,2025-10,0,decile,0.2,305,0.9,2021
101769,2025-10,0,decile,0.2,306,0.9,2021
101512,2025-10,0,decile,0.2,307,0.9,2021
100959,2025-10,0,decile,0.2,308,0.9,2021
101951,2025-10,0,decile,0.2,309,0.9,2021
101436,2025-10,0,decile,0.2,310,0.9,2021
101944,2025-10,0,decile,0.2,311,0.9,2021
100224,2025-10,0,decile,0.2,312,0.9,2021
100264,2025-10,0,decile,0.2,313,0.9,2021
101391,2025-10,0,decile,0.2,314,0.9,2021
101571,2025-10,0,decile,0.2,315,0.9,2021
101573,2025-10,0,decile,0.2,316,0.9,2021
100044,2025-10,0,decile,0.2,317,0.9,2021
100991,2025-10,0,decile,0.2,318,0.9,2021
101823,2025-10,0,decile,0.2,319,0.9,2021
101556,2025-10,0,decile,0.2,320,0.9,2021
101987,2025-10,0,decile,0.2,321,0.9,2021
101045,2025-10,0,decile,0.2,322,0.9,2021
101787,2025-10,0,decile,0.2,323,0.9,2021
101636,2025-10,0,decile,0.2,324,0.9,2021
101813,2025-10,0,decile,0.2,325,0.9,2021
101869,2025-10,0,decile,0.2,326,0.9,2021
101774,2025-10,1,decile,0.2,327,0.9,2021
100741,2025-10,1,decile,0.2,328,0.9,2021
100910,2025-10,0,decile,0.2,329,0.9,2021
100253,2025-10,0,decile,0.2,330,0.9,2021
101094,2025-10,0,decile,0.2,331,0.9,2021
101628,2025-10,0,decile,0.2,332,0.9,2021
100484,2025-10,0,decile,0.2,333,0.9,2021
100653,2025-10,0,decile,0.2,334,0.9,2021
100337,2025-10,0,decile,0.2,335,0.9,2021
100303,2025-10,0,decile,0.2,336,0.9,2021
100187,2025-10,0,decile,0.2,337,0.9,2021
101854,2025-10,0,decile,0.2,338,0.9,2021
101583,2025-10,0,decile,0.2,339,0.9,2021
101164,2025-10,0,decile,0.2,340,0.9,2021
100526,2025-10,1,decile,0.2,341,0.9,2021
100971,2025-10,0,decile,0.2,342,0.9,2021
101790,2025-10,0,decile,0.2,343,0.9,2021
100461,2025-10,0,decile,0.2,344,0.9,2021
100875,2025-10,0,decile,0.2,345,0.9,2021
101336,2025-10,0,decile,0.2,346,0.9,2021
100935,2025-10,0,decile,0.2,347,0.9,2021
100729,2025-10,0,decile,0.2,348,0.9,2021
102075,2025-10,0,decile,0.2,349,0.9,2021
101906,2025-10,0,decile,0.2,350,0.9,2021
101317,2025-10,0,decile,0.2,351,0.9,2021
101421,2025-10,0,decile,0.2,352,0.9,2021
100177,2025-10,0,decile,0.2,353,0.9,2021
101482,2025-10,0,decile,0.2,354,0.9,2021
100128,2025-10,0,decile,0.2,355,0.9,2021
100796,2025-10,0,decile,0.2,356,0.9,2021
101806,2025-10,0,decile,0.2,357,0.9,2021
101431,2025-10,0,decile,0.2,358,0.9,2021
101702,2025-10,0,decile,0.2,359,0.9,2021
101312,2025-10,0,decile,0.2,360,0.9,2021
101167,2025-10,0,decile,0.2,361,0.9,2021
101870,2025-10,0,decile,0.2,362,0.9,2021
100488,2025-10,0,decile,0.2,363,0.9,2021
101030,2025-10,0,decile,0.2,364,0.9,2021
101009,2025-10,0,decile,0.2,365,0.9,2021
101907,2025-10,0,decile,0.2,366,0.9,2021
102027,2025-10,0,decile,0.2,367,0.9,2021
100849,2025-10,0,decile,0.2,368,0.9,2021
101493,2025-10,0,decile,0.2,369,0.9,2021
101499,2025-10,0,decile,0.2,370,0.9,2021
101610,2025-10,1,decile,0.2,371,0.9,2021
100288,2025-10,0,decile,0.2,372,0.9,2021
101175,2025-10,0,decile,0.2,373,0.9,2021
102045,2025-10,0,decile,0.2,374,0.9,2021
101395,2025-10,0,decile,0.2,375,0.9,2021
101957,2025-10,0,decile,0.2,376,0.9,2021
100833,2025-10,0,decile,0.2,377,0.9,2021
100245,2025-10,0,decile,0.2,378,0.9,2021
100577,2025-10,0,decile,0.2,379,0.9,2021
100856,2025-10,0,decile,0.2,380,0.9,2021
100106,2025-10,0,decile,0.2,381,0.9,2021
101956,2025-10,0,decile,0.2,382,0.9,2021
100727,2025-10,1,decile,0.2,383,0.9,2021
100531,2025-10,0,decile,0.2,384,0.9,2021
100967,2025-10,0,decile,0.2,385,0.9,2021
100238,2025-10,0,decile,0.2,386,0.9,2021
100034,2025-10,0,decile,0.2,387,0.9,2021
100662,2025-10,0,decile,0.2,388,0.9,2021
100952,2025-10,0,decile,0.2,389,0.9,2021
100880,2025-10,0,decile,0.2,390,0.9,2021
101534,2025-10,0,decile,0.2,391,0.9,2021
100923,2025-10,0,decile,0.2,392,0.9,2021
100425,2025-10,0,decile,0.2,393,0.9,2021
100167,2025-10,0,decile,0.2,394,0.9,2021
100108,2025-10,0,decile,0.2,395,0.9,2021
100929,2025-10,0,decile,0.2,396,0.9,2021
101264,2025-10,0,decile,0.2,397,0.9,2021
101410,2025-10,0,decile,0.2,398,0.9,2021
101663,2025-10,0,decile,0.2,399,0.9,2021
101322,2025-10,0,decile,0.2,400,0.9,2021
101353,2025-10,0,decile,0.2,401,0.9,2021
101117,2025-10,0,decile,0.2,402,0.9,2021
101102,2025-10,0,decile,0.2,403,0.9,2021
101591,2025-10,0,decile,0.2,404,0.9,2021
101464,2025-10,0,decile,0.2,405,0.9,2021
100587,2025-10,0,core_logistic,0.05,1,0.434332383158683,2021
101839,2025-10,1,core_logistic,0.05,2,0.4291543253330749,2021
100214,2025-10,0,core_logistic,0.05,3,0.3942397633482208,2021
101857,2025-10,1,core_logistic,0.05,4,0.3936238359843771,2021
101727,2025-10,1,core_logistic,0.05,5,0.3874839467782353,2021
100661,2025-10,1,core_logistic,0.05,6,0.3833734150381264,2021
101965,2025-10,1,core_logistic,0.05,7,0.3822098503414182,2021
101913,2025-10,0,core_logistic,0.05,8,0.3792242295006761,2021
102037,2025-10,1,core_logistic,0.05,9,0.3778450504400402,2021
101598,2025-10,0,core_logistic,0.05,10,0.3750376170183874,2021
100170,2025-10,0,core_logistic,0.05,11,0.3693525877605807,2021
101448,2025-10,0,core_logistic,0.05,12,0.36933894480773,2021
100774,2025-10,0,core_logistic,0.05,13,0.3657410916486514,2021
100298,2025-10,0,core_logistic,0.05,14,0.3598321427671381,2021
100147,2025-10,0,core_logistic,0.05,15,0.356605642643527,2021
101280,2025-10,1,core_logistic,0.05,16,0.3531211683204782,2021
100453,2025-10,1,core_logistic,0.05,17,0.3490473830055692,2021
101319,2025-10,0,core_logistic,0.05,18,0.3479687845602492,2021
100817,2025-10,0,core_logistic,0.05,19,0.3413614767500481,2021
101228,2025-10,1,core_logistic,0.05,20,0.3366976971254888,2021
101571,2025-10,0,core_logistic,0.05,21,0.3349143392057738,2021
100193,2025-10,1,core_logistic,0.05,22,0.3314805835101623,2021
102051,2025-10,1,core_logistic,0.05,23,0.3303638273408627,2021
101179,2025-10,1,core_logistic,0.05,24,0.3255783065078853,2021
100992,2025-10,0,core_logistic,0.05,25,0.3216819821905412,2021
101471,2025-10,1,core_logistic,0.05,26,0.3206466730579557,2021
101951,2025-10,0,core_logistic,0.05,27,0.3188691969355374,2021
100218,2025-10,1,core_logistic,0.05,28,0.3163201838263045,2021
101084,2025-10,0,core_logistic,0.05,29,0.3143077030152884,2021
100727,2025-10,1,core_logistic,0.05,30,0.3143028290606642,2021
100427,2025-10,0,core_logistic,0.05,31,0.3127886000320788,2021
102081,2025-10,0,core_logistic,0.05,32,0.3117103070067619,2021
100197,2025-10,0,core_logistic,0.05,33,0.3094636189627906,2021
100758,2025-10,0,core_logistic,0.05,34,0.3084493792965689,2021
101489,2025-10,0,core_logistic,0.05,35,0.307962233113734,2021
101301,2025-10,0,core_logistic,0.05,36,0.3060289755625425,2021
100624,2025-10,0,core_logistic,0.05,37,0.3044747901801539,2021
101726,2025-10,0,core_logistic,0.05,38,0.3035320834519581,2021
100559,2025-10,0,core_logistic,0.05,39,0.3034697154364454,2021
101890,2025-10,0,core_logistic,0.05,40,0.3027266886035687,2021
101246,2025-10,0,core_logistic,0.05,41,0.3023064872951504,2021
100670,2025-10,0,core_logistic,0.05,42,0.3017502984198855,2021
100149,2025-10,0,core_logistic,0.05,43,0.3016667709231089,2021
102079,2025-10,1,core_logistic,0.05,44,0.3007630135197203,2021
100704,2025-10,1,core_logistic,0.05,45,0.3005658223816335,2021
101097,2025-10,1,core_logistic,0.05,46,0.300257388704927,2021
101395,2025-10,0,core_logistic,0.05,47,0.2979179418264598,2021
100530,2025-10,0,core_logistic,0.05,48,0.2968323643194628,2021
101837,2025-10,0,core_logistic,0.05,49,0.2914640729068016,2021
100385,2025-10,1,core_logistic,0.05,50,0.2909106742662846,2021
100123,2025-10,0,core_logistic,0.05,51,0.2900740919500747,2021
100823,2025-10,1,core_logistic,0.05,52,0.2893502384917246,2021
101806,2025-10,0,core_logistic,0.05,53,0.2874806500383881,2021
102025,2025-10,0,core_logistic,0.05,54,0.2866449624007783,2021
100300,2025-10,0,core_logistic,0.05,55,0.2842656352061743,2021
101226,2025-10,0,core_logistic,0.05,56,0.283176904573013,2021
101202,2025-10,1,core_logistic,0.05,57,0.2826462382293775,2021
101607,2025-10,1,core_logistic,0.05,58,0.2813993817361757,2021
101500,2025-10,0,core_logistic,0.05,59,0.2810944047518178,2021
100276,2025-10,1,core_logistic,0.05,60,0.2807481897529861,2021
101094,2025-10,0,core_logistic,0.05,61,0.2802821467744836,2021
100773,2025-10,1,core_logistic,0.05,62,0.2800384283499725,2021
101752,2025-10,0,core_logistic,0.05,63,0.2792703753196296,2021
100066,2025-10,0,core_logistic,0.05,64,0.2784436814314434,2021
101767,2025-10,0,core_logistic,0.05,65,0.2782126728111038,2021
101449,2025-10,1,core_logistic,0.05,66,0.2769755011282353,2021
101638,2025-10,0,core_logistic,0.05,67,0.2755099385922161,2021
100610,2025-10,0,core_logistic,0.05,68,0.2750541237516967,2021
101869,2025-10,0,core_logistic,0.05,69,0.2749211158537897,2021
101684,2025-10,1,core_logistic,0.05,70,0.2748671623958795,2021
101724,2025-10,1,core_logistic,0.05,71,0.2741198945282043,2021
101543,2025-10,0,core_logistic,0.05,72,0.269755610699836,2021
100238,2025-10,0,core_logistic,0.05,73,0.2681949578725867,2021
100187,2025-10,0,core_logistic,0.05,74,0.2674591388369027,2021
102089,2025-10,1,core_logistic,0.05,75,0.2657758313198594,2021
101343,2025-10,0,core_logistic,0.05,76,0.2624809277325496,2021
101738,2025-10,0,core_logistic,0.05,77,0.262439869235939,2021
101173,2025-10,1,core_logistic,0.05,78,0.2622566171699086,2021
101264,2025-10,0,core_logistic,0.05,79,0.2581461137855282,2021
100393,2025-10,0,core_logistic,0.05,80,0.2554492279918574,2021
101882,2025-10,0,core_logistic,0.05,81,0.2554492279918574,2021
101642,2025-10,0,core_logistic,0.05,82,0.2553977498867406,2021
100399,2025-10,1,core_logistic,0.05,83,0.2537250932580247,2021
100732,2025-10,0,core_logistic,0.05,84,0.2535031380807734,2021
100925,2025-10,0,core_logistic,0.05,85,0.253161084734187,2021
101953,2025-10,0,core_logistic,0.05,86,0.2515113183268968,2021
101077,2025-10,0,core_logistic,0.05,87,0.2479547949619753,2021
101928,2025-10,0,core_logistic,0.05,88,0.2471249067554979,2021
101436,2025-10,0,core_logistic,0.05,89,0.2458266538583701,2021
101826,2025-10,0,core_logistic,0.05,90,0.2447371714091324,2021
101160,2025-10,0,core_logistic,0.05,91,0.2440417873702567,2021
102040,2025-10,0,core_logistic,0.05,92,0.2430995932265071,2021
101505,2025-10,0,core_logistic,0.05,93,0.2421523450905003,2021
101222,2025-10,1,core_logistic,0.05,94,0.2411631082746889,2021
100052,2025-10,0,core_logistic,0.05,95,0.2410109186033895,2021
100854,2025-10,0,core_logistic,0.05,96,0.240961408459474,2021
101312,2025-10,0,core_logistic,0.05,97,0.2408611477716742,2021
100653,2025-10,0,core_logistic,0.05,98,0.2390858161141046,2021
100531,2025-10,0,core_logistic,0.05,99,0.2390858161141046,2021
101922,2025-10,0,core_logistic,0.05,100,0.2390365768891945,2021
102005,2025-10,0,core_logistic,0.05,101,0.2380743963074593,2021
100763,2025-10,0,core_logistic,0.05,102,0.2379599211108391,2021
100587,2025-10,0,core_logistic,0.1,1,0.434332383158683,2021
101839,2025-10,1,core_logistic,0.1,2,0.4291543253330749,2021
100214,2025-10,0,core_logistic,0.1,3,0.3942397633482208,2021
101857,2025-10,1,core_logistic,0.1,4,0.3936238359843771,2021
101727,2025-10,1,core_logistic,0.1,5,0.3874839467782353,2021
100661,2025-10,1,core_logistic,0.1,6,0.3833734150381264,2021
101965,2025-10,1,core_logistic,0.1,7,0.3822098503414182,2021
101913,2025-10,0,core_logistic,0.1,8,0.3792242295006761,2021
102037,2025-10,1,core_logistic,0.1,9,0.3778450504400402,2021
101598,2025-10,0,core_logistic,0.1,10,0.3750376170183874,2021
100170,2025-10,0,core_logistic,0.1,11,0.3693525877605807,2021
101448,2025-10,0,core_logistic,0.1,12,0.36933894480773,2021
100774,2025-10,0,core_logistic,0.1,13,0.3657410916486514,2021
100298,2025-10,0,core_logistic,0.1,14,0.3598321427671381,2021
100147,2025-10,0,core_logistic,0.1,15,0.356605642643527,2021
101280,2025-10,1,core_logistic,0.1,16,0.3531211683204782,2021
100453,2025-10,1,core_logistic,0.1,17,0.3490473830055692,2021
101319,2025-10,0,core_logistic,0.1,18,0.3479687845602492,2021
100817,2025-10,0,core_logistic,0.1,19,0.3413614767500481,2021
101228,2025-10,1,core_logistic,0.1,20,0.3366976971254888,2021
101571,2025-10,0,core_logistic,0.1,21,0.3349143392057738,2021
100193,2025-10,1,core_logistic,0.1,22,0.3314805835101623,2021
102051,2025-10,1,core_logistic,0.1,23,0.3303638273408627,2021
101179,2025-10,1,core_logistic,0.1,24,0.3255783065078853,2021
100992,2025-10,0,core_logistic,0.1,25,0.3216819821905412,2021
101471,2025-10,1,core_logistic,0.1,26,0.3206466730579557,2021
101951,2025-10,0,core_logistic,0.1,27,0.3188691969355374,2021
100218,2025-10,1,core_logistic,0.1,28,0.3163201838263045,2021
101084,2025-10,0,core_logistic,0.1,29,0.3143077030152884,2021
100727,2025-10,1,core_logistic,0.1,30,0.3143028290606642,2021
100427,2025-10,0,core_logistic,0.1,31,0.3127886000320788,2021
102081,2025-10,0,core_logistic,0.1,32,0.3117103070067619,2021
100197,2025-10,0,core_logistic,0.1,33,0.3094636189627906,2021
100758,2025-10,0,core_logistic,0.1,34,0.3084493792965689,2021
101489,2025-10,0,core_logistic,0.1,35,0.307962233113734,2021
101301,2025-10,0,core_logistic,0.1,36,0.3060289755625425,2021
100624,2025-10,0,core_logistic,0.1,37,0.3044747901801539,2021
101726,2025-10,0,core_logistic,0.1,38,0.3035320834519581,2021
100559,2025-10,0,core_logistic,0.1,39,0.3034697154364454,2021
101890,2025-10,0,core_logistic,0.1,40,0.3027266886035687,2021
101246,2025-10,0,core_logistic,0.1,41,0.3023064872951504,2021
100670,2025-10,0,core_logistic,0.1,42,0.3017502984198855,2021
100149,2025-10,0,core_logistic,0.1,43,0.3016667709231089,2021
102079,2025-10,1,core_logistic,0.1,44,0.3007630135197203,2021
100704,2025-10,1,core_logistic,0.1,45,0.3005658223816335,2021
101097,2025-10,1,core_logistic,0.1,46,0.300257388704927,2021
101395,2025-10,0,core_logistic,0.1,47,0.2979179418264598,2021
100530,2025-10,0,core_logistic,0.1,48,0.2968323643194628,2021
101837,2025-10,0,core_logistic,0.1,49,0.2914640729068016,2021
100385,2025-10,1,core_logistic,0.1,50,0.2909106742662846,2021
100123,2025-10,0,core_logistic,0.1,51,0.2900740919500747,2021
100823,2025-10,1,core_logistic,0.1,52,0.2893502384917246,2021
101806,2025-10,0,core_logistic,0.1,53,0.2874806500383881,2021
102025,2025-10,0,core_logistic,0.1,54,0.2866449624007783,2021
100300,2025-10,0,core_logistic,0.1,55,0.2842656352061743,2021
101226,2025-10,0,core_logistic,0.1,56,0.283176904573013,2021
101202,2025-10,1,core_logistic,0.1,57,0.2826462382293775,2021
101607,2025-10,1,core_logistic,0.1,58,0.2813993817361757,2021
101500,2025-10,0,core_logistic,0.1,59,0.2810944047518178,2021
100276,2025-10,1,core_logistic,0.1,60,0.2807481897529861,2021
101094,2025-10,0,core_logistic,0.1,61,0.2802821467744836,2021
100773,2025-10,1,core_logistic,0.1,62,0.2800384283499725,2021
101752,2025-10,0,core_logistic,0.1,63,0.2792703753196296,2021
100066,2025-10,0,core_logistic,0.1,64,0.2784436814314434,2021
101767,2025-10,0,core_logistic,0.1,65,0.2782126728111038,2021
101449,2025-10,1,core_logistic,0.1,66,0.2769755011282353,2021
101638,2025-10,0,core_logistic,0.1,67,0.2755099385922161,2021
100610,2025-10,0,core_logistic,0.1,68,0.2750541237516967,2021
101869,2025-10,0,core_logistic,0.1,69,0.2749211158537897,2021
101684,2025-10,1,core_logistic,0.1,70,0.2748671623958795,2021
101724,2025-10,1,core_logistic,0.1,71,0.2741198945282043,2021
101543,2025-10,0,core_logistic,0.1,72,0.269755610699836,2021
100238,2025-10,0,core_logistic,0.1,73,0.2681949578725867,2021
100187,2025-10,0,core_logistic,0.1,74,0.2674591388369027,2021
102089,2025-10,1,core_logistic,0.1,75,0.2657758313198594,2021
101343,2025-10,0,core_logistic,0.1,76,0.2624809277325496,2021
101738,2025-10,0,core_logistic,0.1,77,0.262439869235939,2021
101173,2025-10,1,core_logistic,0.1,78,0.2622566171699086,2021
101264,2025-10,0,core_logistic,0.1,79,0.2581461137855282,2021
100393,2025-10,0,core_logistic,0.1,80,0.2554492279918574,2021
101882,2025-10,0,core_logistic,0.1,81,0.2554492279918574,2021
101642,2025-10,0,core_logistic,0.1,82,0.2553977498867406,2021
100399,2025-10,1,core_logistic,0.1,83,0.2537250932580247,2021
100732,2025-10,0,core_logistic,0.1,84,0.2535031380807734,2021
100925,2025-10,0,core_logistic,0.1,85,0.253161084734187,2021
101953,2025-10,0,core_logistic,0.1,86,0.2515113183268968,2021
101077,2025-10,0,core_logistic,0.1,87,0.2479547949619753,2021
101928,2025-10,0,core_logistic,0.1,88,0.2471249067554979,2021
101436,2025-10,0,core_logistic,0.1,89,0.2458266538583701,2021
101826,2025-10,0,core_logistic,0.1,90,0.2447371714091324,2021
101160,2025-10,0,core_logistic,0.1,91,0.2440417873702567,2021
102040,2025-10,0,core_logistic,0.1,92,0.2430995932265071,2021
101505,2025-10,0,core_logistic,0.1,93,0.2421523450905003,2021
101222,2025-10,1,core_logistic,0.1,94,0.2411631082746889,2021
100052,2025-10,0,core_logistic,0.1,95,0.2410109186033895,2021
100854,2025-10,0,core_logistic,0.1,96,0.240961408459474,2021
101312,2025-10,0,core_logistic,0.1,97,0.2408611477716742,2021
100653,2025-10,0,core_logistic,0.1,98,0.2390858161141046,2021
100531,2025-10,0,core_logistic,0.1,99,0.2390858161141046,2021
101922,2025-10,0,core_logistic,0.1,100,0.2390365768891945,2021
102005,2025-10,0,core_logistic,0.1,101,0.2380743963074593,2021
100763,2025-10,0,core_logistic,0.1,102,0.2379599211108391,2021
100245,2025-10,0,core_logistic,0.1,103,0.2378082865561544,2021
101282,2025-10,0,core_logistic,0.1,104,0.2373878989719762,2021
101639,2025-10,0,core_logistic,0.1,105,0.2362749345126275,2021
100849,2025-10,0,core_logistic,0.1,106,0.2359645595254449,2021
100626,2025-10,0,core_logistic,0.1,107,0.2358402289495182,2021
100795,2025-10,0,core_logistic,0.1,108,0.234586450611847,2021
100032,2025-10,0,core_logistic,0.1,109,0.2345260989895357,2021
101690,2025-10,1,core_logistic,0.1,110,0.2339428741216853,2021
101746,2025-10,0,core_logistic,0.1,111,0.2335882216433117,2021
100497,2025-10,1,core_logistic,0.1,112,0.2330558179457136,2021
100882,2025-10,1,core_logistic,0.1,113,0.2326844218219592,2021
101431,2025-10,0,core_logistic,0.1,114,0.2321702868016594,2021
100768,2025-10,1,core_logistic,0.1,115,0.2319613265901645,2021
100510,2025-10,0,core_logistic,0.1,116,0.2298267212717419,2021
100581,2025-10,0,core_logistic,0.1,117,0.2295119134695217,2021
100898,2025-10,0,core_logistic,0.1,118,0.2294640513692319,2021
100901,2025-10,0,core_logistic,0.1,119,0.2291444775376286,2021
101909,2025-10,1,core_logistic,0.1,120,0.2289497968724521,2021
101276,2025-10,0,core_logistic,0.1,121,0.2281105490119901,2021
100148,2025-10,0,core_logistic,0.1,122,0.227605896301659,2021
100826,2025-10,0,core_logistic,0.1,123,0.2274061446797452,2021
100449,2025-10,0,core_logistic,0.1,124,0.2271978328049328,2021
100775,2025-10,0,core_logistic,0.1,125,0.2271027962342395,2021
101919,2025-10,1,core_logistic,0.1,126,0.2269339513336907,2021
101400,2025-10,0,core_logistic,0.1,127,0.2268377830056865,2021
101277,2025-10,0,core_logistic,0.1,128,0.2268275108165853,2021
101629,2025-10,0,core_logistic,0.1,129,0.2263690947063147,2021
101872,2025-10,0,core_logistic,0.1,130,0.2213233813856921,2021
101670,2025-10,0,core_logistic,0.1,131,0.2210239559008037,2021
102019,2025-10,0,core_logistic,0.1,132,0.2206227830648259,2021
100870,2025-10,0,core_logistic,0.1,133,0.2202681641866359,2021
101804,2025-10,1,core_logistic,0.1,134,0.2201233626402836,2021
101542,2025-10,0,core_logistic,0.1,135,0.219315390662898,2021
100762,2025-10,0,core_logistic,0.1,136,0.2192004000193329,2021
100104,2025-10,0,core_logistic,0.1,137,0.2189534907693703,2021
100789,2025-10,1,core_logistic,0.1,138,0.2189180056601946,2021
101578,2025-10,0,core_logistic,0.1,139,0.2175530905376733,2021
101367,2025-10,0,core_logistic,0.1,140,0.2167676652976017,2021
100526,2025-10,1,core_logistic,0.1,141,0.2144338968510223,2021
100067,2025-10,0,core_logistic,0.1,142,0.2137399432187131,2021
101749,2025-10,0,core_logistic,0.1,143,0.2133521387719756,2021
101888,2025-10,0,core_logistic,0.1,144,0.2130091392746318,2021
101123,2025-10,1,core_logistic,0.1,145,0.21295279436905,2021
100977,2025-10,0,core_logistic,0.1,146,0.2122714698668661,2021
101332,2025-10,0,core_logistic,0.1,147,0.2119326296258956,2021
101154,2025-10,0,core_logistic,0.1,148,0.2118796075331239,2021
100573,2025-10,0,core_logistic,0.1,149,0.2102144421715243,2021
101628,2025-10,0,core_logistic,0.1,150,0.2098276044041596,2021
101720,2025-10,0,core_logistic,0.1,151,0.2086225562223164,2021
100672,2025-10,0,core_logistic,0.1,152,0.2085116745956798,2021
101832,2025-10,1,core_logistic,0.1,153,0.2074671410666157,2021
100083,2025-10,0,core_logistic,0.1,154,0.2066874164101699,2021
100269,2025-10,0,core_logistic,0.1,155,0.2065048208012086,2021
100365,2025-10,1,core_logistic,0.1,156,0.2065011150981616,2021
100117,2025-10,0,core_logistic,0.1,157,0.2061072478496762,2021
100332,2025-10,0,core_logistic,0.1,158,0.2050613415014845,2021
101227,2025-10,0,core_logistic,0.1,159,0.2040585455899564,2021
102078,2025-10,0,core_logistic,0.1,160,0.2037839872785782,2021
101841,2025-10,0,core_logistic,0.1,161,0.2035258586084741,2021
101610,2025-10,1,core_logistic,0.1,162,0.2030106173287586,2021
102012,2025-10,0,core_logistic,0.1,163,0.2029219259140664,2021
101175,2025-10,0,core_logistic,0.1,164,0.2018844292146906,2021
100139,2025-10,0,core_logistic,0.1,165,0.2011200808423241,2021
101570,2025-10,1,core_logistic,0.1,166,0.200598897241418,2021
101011,2025-10,0,core_logistic,0.1,167,0.2000017485216046,2021
100787,2025-10,1,core_logistic,0.1,168,0.1998574882958274,2021
100907,2025-10,0,core_logistic,0.1,169,0.1987369748955391,2021
100283,2025-10,1,core_logistic,0.1,170,0.1986821223911352,2021
101776,2025-10,0,core_logistic,0.1,171,0.198417242299538,2021
100536,2025-10,1,core_logistic,0.1,172,0.1983616590073501,2021
100746,2025-10,0,core_logistic,0.1,173,0.1946611172029596,2021
101409,2025-10,0,core_logistic,0.1,174,0.1944752504975475,2021
101660,2025-10,0,core_logistic,0.1,175,0.1937961682304214,2021
100328,2025-10,0,core_logistic,0.1,176,0.1934177381263736,2021
100229,2025-10,0,core_logistic,0.1,177,0.1920585619271221,2021
100913,2025-10,0,core_logistic,0.1,178,0.1917292129000463,2021
101987,2025-10,0,core_logistic,0.1,179,0.1916726394334827,2021
100892,2025-10,1,core_logistic,0.1,180,0.1916415593709882,2021
101601,2025-10,0,core_logistic,0.1,181,0.1914491347687387,2021
101296,2025-10,0,core_logistic,0.1,182,0.190329081643133,2021
101104,2025-10,0,core_logistic,0.1,183,0.190321460010001,2021
101119,2025-10,0,core_logistic,0.1,184,0.1902235058668457,2021
101626,2025-10,0,core_logistic,0.1,185,0.1897383701275378,2021
100376,2025-10,0,core_logistic,0.1,186,0.1893328158221186,2021
100002,2025-10,1,core_logistic,0.1,187,0.188793499686955,2021
101443,2025-10,1,core_logistic,0.1,188,0.1887420240589888,2021
100422,2025-10,0,core_logistic,0.1,189,0.1885618486970902,2021
101169,2025-10,1,core_logistic,0.1,190,0.1882040001038649,2021
102045,2025-10,0,core_logistic,0.1,191,0.1878067409817011,2021
101887,2025-10,0,core_logistic,0.1,192,0.1873188291590958,2021
100233,2025-10,0,core_logistic,0.1,193,0.1871918034380717,2021
101026,2025-10,0,core_logistic,0.1,194,0.1868672196353035,2021
101078,2025-10,0,core_logistic,0.1,195,0.1864700857131589,2021
101534,2025-10,0,core_logistic,0.1,196,0.1862816571086526,2021
101256,2025-10,0,core_logistic,0.1,197,0.1862057566835813,2021
100971,2025-10,0,core_logistic,0.1,198,0.1857490407892402,2021
101378,2025-10,1,core_logistic,0.1,199,0.1857187005624101,2021
100579,2025-10,0,core_logistic,0.1,200,0.1851767556597388,2021
100803,2025-10,1,core_logistic,0.1,201,0.1851066510118049,2021
100156,2025-10,0,core_logistic,0.1,202,0.1848292853159186,2021
101327,2025-10,0,core_logistic,0.1,203,0.1847386498326947,2021
100587,2025-10,0,core_logistic,0.2,1,0.434332383158683,2021
101839,2025-10,1,core_logistic,0.2,2,0.4291543253330749,2021
100214,2025-10,0,core_logistic,0.2,3,0.3942397633482208,2021
101857,2025-10,1,core_logistic,0.2,4,0.3936238359843771,2021
101727,2025-10,1,core_logistic,0.2,5,0.3874839467782353,2021
100661,2025-10,1,core_logistic,0.2,6,0.3833734150381264,2021
101965,2025-10,1,core_logistic,0.2,7,0.3822098503414182,2021
101913,2025-10,0,core_logistic,0.2,8,0.3792242295006761,2021
102037,2025-10,1,core_logistic,0.2,9,0.3778450504400402,2021
101598,2025-10,0,core_logistic,0.2,10,0.3750376170183874,2021
100170,2025-10,0,core_logistic,0.2,11,0.3693525877605807,2021
101448,2025-10,0,core_logistic,0.2,12,0.36933894480773,2021
100774,2025-10,0,core_logistic,0.2,13,0.3657410916486514,2021
100298,2025-10,0,core_logistic,0.2,14,0.3598321427671381,2021
100147,2025-10,0,core_logistic,0.2,15,0.356605642643527,2021
101280,2025-10,1,core_logistic,0.2,16,0.3531211683204782,2021
100453,2025-10,1,core_logistic,0.2,17,0.3490473830055692,2021
101319,2025-10,0,core_logistic,0.2,18,0.3479687845602492,2021
100817,2025-10,0,core_logistic,0.2,19,0.3413614767500481,2021
101228,2025-10,1,core_logistic,0.2,20,0.3366976971254888,2021
101571,2025-10,0,core_logistic,0.2,21,0.3349143392057738,2021
100193,2025-10,1,core_logistic,0.2,22,0.3314805835101623,2021
102051,2025-10,1,core_logistic,0.2,23,0.3303638273408627,2021
101179,2025-10,1,core_logistic,0.2,24,0.3255783065078853,2021
100992,2025-10,0,core_logistic,0.2,25,0.3216819821905412,2021
101471,2025-10,1,core_logistic,0.2,26,0.3206466730579557,2021
101951,2025-10,0,core_logistic,0.2,27,0.3188691969355374,2021
100218,2025-10,1,core_logistic,0.2,28,0.3163201838263045,2021
101084,2025-10,0,core_logistic,0.2,29,0.3143077030152884,2021
100727,2025-10,1,core_logistic,0.2,30,0.3143028290606642,2021
100427,2025-10,0,core_logistic,0.2,31,0.3127886000320788,2021
102081,2025-10,0,core_logistic,0.2,32,0.3117103070067619,2021
100197,2025-10,0,core_logistic,0.2,33,0.3094636189627906,2021
100758,2025-10,0,core_logistic,0.2,34,0.3084493792965689,2021
101489,2025-10,0,core_logistic,0.2,35,0.307962233113734,2021
101301,2025-10,0,core_logistic,0.2,36,0.3060289755625425,2021
100624,2025-10,0,core_logistic,0.2,37,0.3044747901801539,2021
101726,2025-10,0,core_logistic,0.2,38,0.3035320834519581,2021
100559,2025-10,0,core_logistic,0.2,39,0.3034697154364454,2021
101890,2025-10,0,core_logistic,0.2,40,0.3027266886035687,2021
101246,2025-10,0,core_logistic,0.2,41,0.3023064872951504,2021
100670,2025-10,0,core_logistic,0.2,42,0.3017502984198855,2021
100149,2025-10,0,core_logistic,0.2,43,0.3016667709231089,2021
102079,2025-10,1,core_logistic,0.2,44,0.3007630135197203,2021
100704,2025-10,1,core_logistic,0.2,45,0.3005658223816335,2021
101097,2025-10,1,core_logistic,0.2,46,0.300257388704927,2021
101395,2025-10,0,core_logistic,0.2,47,0.2979179418264598,2021
100530,2025-10,0,core_logistic,0.2,48,0.2968323643194628,2021
101837,2025-10,0,core_logistic,0.2,49,0.2914640729068016,2021
100385,2025-10,1,core_logistic,0.2,50,0.2909106742662846,2021
100123,2025-10,0,core_logistic,0.2,51,0.2900740919500747,2021
100823,2025-10,1,core_logistic,0.2,52,0.2893502384917246,2021
101806,2025-10,0,core_logistic,0.2,53,0.2874806500383881,2021
102025,2025-10,0,core_logistic,0.2,54,0.2866449624007783,2021
100300,2025-10,0,core_logistic,0.2,55,0.2842656352061743,2021
101226,2025-10,0,core_logistic,0.2,56,0.283176904573013,2021
101202,2025-10,1,core_logistic,0.2,57,0.2826462382293775,2021
101607,2025-10,1,core_logistic,0.2,58,0.2813993817361757,2021
101500,2025-10,0,core_logistic,0.2,59,0.2810944047518178,2021
100276,2025-10,1,core_logistic,0.2,60,0.2807481897529861,2021
101094,2025-10,0,core_logistic,0.2,61,0.2802821467744836,2021
100773,2025-10,1,core_logistic,0.2,62,0.2800384283499725,2021
101752,2025-10,0,core_logistic,0.2,63,0.2792703753196296,2021
100066,2025-10,0,core_logistic,0.2,64,0.2784436814314434,2021
101767,2025-10,0,core_logistic,0.2,65,0.2782126728111038,2021
101449,2025-10,1,core_logistic,0.2,66,0.2769755011282353,2021
101638,2025-10,0,core_logistic,0.2,67,0.2755099385922161,2021
100610,2025-10,0,core_logistic,0.2,68,0.2750541237516967,2021
101869,2025-10,0,core_logistic,0.2,69,0.2749211158537897,2021
101684,2025-10,1,core_logistic,0.2,70,0.2748671623958795,2021
101724,2025-10,1,core_logistic,0.2,71,0.2741198945282043,2021
101543,2025-10,0,core_logistic,0.2,72,0.269755610699836,2021
100238,2025-10,0,core_logistic,0.2,73,0.2681949578725867,2021
100187,2025-10,0,core_logistic,0.2,74,0.2674591388369027,2021
102089,2025-10,1,core_logistic,0.2,75,0.2657758313198594,2021
101343,2025-10,0,core_logistic,0.2,76,0.2624809277325496,2021
101738,2025-10,0,core_logistic,0.2,77,0.262439869235939,2021
101173,2025-10,1,core_logistic,0.2,78,0.2622566171699086,2021
101264,2025-10,0,core_logistic,0.2,79,0.2581461137855282,2021
100393,2025-10,0,core_logistic,0.2,80,0.2554492279918574,2021
101882,2025-10,0,core_logistic,0.2,81,0.2554492279918574,2021
101642,2025-10,0,core_logistic,0.2,82,0.2553977498867406,2021
100399,2025-10,1,core_logistic,0.2,83,0.2537250932580247,2021
100732,2025-10,0,core_logistic,0.2,84,0.2535031380807734,2021
100925,2025-10,0,core_logistic,0.2,85,0.253161084734187,2021
101953,2025-10,0,core_logistic,0.2,86,0.2515113183268968,2021
101077,2025-10,0,core_logistic,0.2,87,0.2479547949619753,2021
101928,2025-10,0,core_logistic,0.2,88,0.2471249067554979,2021
101436,2025-10,0,core_logistic,0.2,89,0.2458266538583701,2021
101826,2025-10,0,core_logistic,0.2,90,0.2447371714091324,2021
101160,2025-10,0,core_logistic,0.2,91,0.2440417873702567,2021
102040,2025-10,0,core_logistic,0.2,92,0.2430995932265071,2021
101505,2025-10,0,core_logistic,0.2,93,0.2421523450905003,2021
101222,2025-10,1,core_logistic,0.2,94,0.2411631082746889,2021
100052,2025-10,0,core_logistic,0.2,95,0.2410109186033895,2021
100854,2025-10,0,core_logistic,0.2,96,0.240961408459474,2021
101312,2025-10,0,core_logistic,0.2,97,0.2408611477716742,2021
100653,2025-10,0,core_logistic,0.2,98,0.2390858161141046,2021
100531,2025-10,0,core_logistic,0.2,99,0.2390858161141046,2021
101922,2025-10,0,core_logistic,0.2,100,0.2390365768891945,2021
102005,2025-10,0,core_logistic,0.2,101,0.2380743963074593,2021
100763,2025-10,0,core_logistic,0.2,102,0.2379599211108391,2021
100245,2025-10,0,core_logistic,0.2,103,0.2378082865561544,2021
101282,2025-10,0,core_logistic,0.2,104,0.2373878989719762,2021
101639,2025-10,0,core_logistic,0.2,105,0.2362749345126275,2021
100849,2025-10,0,core_logistic,0.2,106,0.2359645595254449,2021
100626,2025-10,0,core_logistic,0.2,107,0.2358402289495182,2021
100795,2025-10,0,core_logistic,0.2,108,0.234586450611847,2021
100032,2025-10,0,core_logistic,0.2,109,0.2345260989895357,2021
101690,2025-10,1,core_logistic,0.2,110,0.2339428741216853,2021
101746,2025-10,0,core_logistic,0.2,111,0.2335882216433117,2021
100497,2025-10,1,core_logistic,0.2,112,0.2330558179457136,2021
100882,2025-10,1,core_logistic,0.2,113,0.2326844218219592,2021
101431,2025-10,0,core_logistic,0.2,114,0.2321702868016594,2021
100768,2025-10,1,core_logistic,0.2,115,0.2319613265901645,2021
100510,2025-10,0,core_logistic,0.2,116,0.2298267212717419,2021
100581,2025-10,0,core_logistic,0.2,117,0.2295119134695217,2021
100898,2025-10,0,core_logistic,0.2,118,0.2294640513692319,2021
100901,2025-10,0,core_logistic,0.2,119,0.2291444775376286,2021
101909,2025-10,1,core_logistic,0.2,120,0.2289497968724521,2021
101276,2025-10,0,core_logistic,0.2,121,0.2281105490119901,2021
100148,2025-10,0,core_logistic,0.2,122,0.227605896301659,2021
100826,2025-10,0,core_logistic,0.2,123,0.2274061446797452,2021
100449,2025-10,0,core_logistic,0.2,124,0.2271978328049328,2021
100775,2025-10,0,core_logistic,0.2,125,0.2271027962342395,2021
101919,2025-10,1,core_logistic,0.2,126,0.2269339513336907,2021
101400,2025-10,0,core_logistic,0.2,127,0.2268377830056865,2021
101277,2025-10,0,core_logistic,0.2,128,0.2268275108165853,2021
101629,2025-10,0,core_logistic,0.2,129,0.2263690947063147,2021
101872,2025-10,0,core_logistic,0.2,130,0.2213233813856921,2021
101670,2025-10,0,core_logistic,0.2,131,0.2210239559008037,2021
102019,2025-10,0,core_logistic,0.2,132,0.2206227830648259,2021
100870,2025-10,0,core_logistic,0.2,133,0.2202681641866359,2021
101804,2025-10,1,core_logistic,0.2,134,0.2201233626402836,2021
101542,2025-10,0,core_logistic,0.2,135,0.219315390662898,2021
100762,2025-10,0,core_logistic,0.2,136,0.2192004000193329,2021
100104,2025-10,0,core_logistic,0.2,137,0.2189534907693703,2021
100789,2025-10,1,core_logistic,0.2,138,0.2189180056601946,2021
101578,2025-10,0,core_logistic,0.2,139,0.2175530905376733,2021
101367,2025-10,0,core_logistic,0.2,140,0.2167676652976017,2021
100526,2025-10,1,core_logistic,0.2,141,0.2144338968510223,2021
100067,2025-10,0,core_logistic,0.2,142,0.2137399432187131,2021
101749,2025-10,0,core_logistic,0.2,143,0.2133521387719756,2021
101888,2025-10,0,core_logistic,0.2,144,0.2130091392746318,2021
101123,2025-10,1,core_logistic,0.2,145,0.21295279436905,2021
100977,2025-10,0,core_logistic,0.2,146,0.2122714698668661,2021
101332,2025-10,0,core_logistic,0.2,147,0.2119326296258956,2021
101154,2025-10,0,core_logistic,0.2,148,0.2118796075331239,2021
100573,2025-10,0,core_logistic,0.2,149,0.2102144421715243,2021
101628,2025-10,0,core_logistic,0.2,150,0.2098276044041596,2021
101720,2025-10,0,core_logistic,0.2,151,0.2086225562223164,2021
100672,2025-10,0,core_logistic,0.2,152,0.2085116745956798,2021
101832,2025-10,1,core_logistic,0.2,153,0.2074671410666157,2021
100083,2025-10,0,core_logistic,0.2,154,0.2066874164101699,2021
100269,2025-10,0,core_logistic,0.2,155,0.2065048208012086,2021
100365,2025-10,1,core_logistic,0.2,156,0.2065011150981616,2021
100117,2025-10,0,core_logistic,0.2,157,0.2061072478496762,2021
100332,2025-10,0,core_logistic,0.2,158,0.2050613415014845,2021
101227,2025-10,0,core_logistic,0.2,159,0.2040585455899564,2021
102078,2025-10,0,core_logistic,0.2,160,0.2037839872785782,2021
101841,2025-10,0,core_logistic,0.2,161,0.2035258586084741,2021
101610,2025-10,1,core_logistic,0.2,162,0.2030106173287586,2021
102012,2025-10,0,core_logistic,0.2,163,0.2029219259140664,2021
101175,2025-10,0,core_logistic,0.2,164,0.2018844292146906,2021
100139,2025-10,0,core_logistic,0.2,165,0.2011200808423241,2021
101570,2025-10,1,core_logistic,0.2,166,0.200598897241418,2021
101011,2025-10,0,core_logistic,0.2,167,0.2000017485216046,2021
100787,2025-10,1,core_logistic,0.2,168,0.1998574882958274,2021
100907,2025-10,0,core_logistic,0.2,169,0.1987369748955391,2021
100283,2025-10,1,core_logistic,0.2,170,0.1986821223911352,2021
101776,2025-10,0,core_logistic,0.2,171,0.198417242299538,2021
100536,2025-10,1,core_logistic,0.2,172,0.1983616590073501,2021
100746,2025-10,0,core_logistic,0.2,173,0.1946611172029596,2021
101409,2025-10,0,core_logistic,0.2,174,0.1944752504975475,2021
101660,2025-10,0,core_logistic,0.2,175,0.1937961682304214,2021
100328,2025-10,0,core_logistic,0.2,176,0.1934177381263736,2021
100229,2025-10,0,core_logistic,0.2,177,0.1920585619271221,2021
100913,2025-10,0,core_logistic,0.2,178,0.1917292129000463,2021
101987,2025-10,0,core_logistic,0.2,179,0.1916726394334827,2021
100892,2025-10,1,core_logistic,0.2,180,0.1916415593709882,2021
101601,2025-10,0,core_logistic,0.2,181,0.1914491347687387,2021
101296,2025-10,0,core_logistic,0.2,182,0.190329081643133,2021
101104,2025-10,0,core_logistic,0.2,183,0.190321460010001,2021
101119,2025-10,0,core_logistic,0.2,184,0.1902235058668457,2021
101626,2025-10,0,core_logistic,0.2,185,0.1897383701275378,2021
100376,2025-10,0,core_logistic,0.2,186,0.1893328158221186,2021
100002,2025-10,1,core_logistic,0.2,187,0.188793499686955,2021
101443,2025-10,1,core_logistic,0.2,188,0.1887420240589888,2021
100422,2025-10,0,core_logistic,0.2,189,0.1885618486970902,2021
101169,2025-10,1,core_logistic,0.2,190,0.1882040001038649,2021
102045,2025-10,0,core_logistic,0.2,191,0.1878067409817011,2021
101887,2025-10,0,core_logistic,0.2,192,0.1873188291590958,2021
100233,2025-10,0,core_logistic,0.2,193,0.1871918034380717,2021
101026,2025-10,0,core_logistic,0.2,194,0.1868672196353035,2021
101078,2025-10,0,core_logistic,0.2,195,0.1864700857131589,2021
101534,2025-10,0,core_logistic,0.2,196,0.1862816571086526,2021
101256,2025-10,0,core_logistic,0.2,197,0.1862057566835813,2021
100971,2025-10,0,core_logistic,0.2,198,0.1857490407892402,2021
101378,2025-10,1,core_logistic,0.2,199,0.1857187005624101,2021
100579,2025-10,0,core_logistic,0.2,200,0.1851767556597388,2021
100803,2025-10,1,core_logistic,0.2,201,0.1851066510118049,2021
100156,2025-10,0,core_logistic,0.2,202,0.1848292853159186,2021
101327,2025-10,0,core_logistic,0.2,203,0.1847386498326947,2021
100915,2025-10,0,core_logistic,0.2,204,0.1842537882512282,2021
101336,2025-10,0,core_logistic,0.2,205,0.1836408350388562,2021
101527,2025-10,0,core_logistic,0.2,206,0.183300578996166,2021
100788,2025-10,0,core_logistic,0.2,207,0.1828568083258981,2021
101958,2025-10,0,core_logistic,0.2,208,0.1827530808486192,2021
102029,2025-10,0,core_logistic,0.2,209,0.1824595619445459,2021
101232,2025-10,1,core_logistic,0.2,210,0.1822387352594842,2021
101001,2025-10,0,core_logistic,0.2,211,0.1817663278251831,2021
101005,2025-10,0,core_logistic,0.2,212,0.1817171048029056,2021
101917,2025-10,0,core_logistic,0.2,213,0.1812852692014054,2021
100167,2025-10,0,core_logistic,0.2,214,0.1808345900849235,2021
100923,2025-10,0,core_logistic,0.2,215,0.1805487914239154,2021
100656,2025-10,0,core_logistic,0.2,216,0.1803753777039069,2021
101018,2025-10,0,core_logistic,0.2,217,0.1803541067408428,2021
101624,2025-10,1,core_logistic,0.2,218,0.1794595231909818,2021
101334,2025-10,0,core_logistic,0.2,219,0.1793701834045317,2021
101215,2025-10,0,core_logistic,0.2,220,0.1793376230266866,2021
101216,2025-10,1,core_logistic,0.2,221,0.1788582656221186,2021
100225,2025-10,0,core_logistic,0.2,222,0.1783389321521137,2021
101229,2025-10,0,core_logistic,0.2,223,0.1781704672351622,2021
101365,2025-10,1,core_logistic,0.2,224,0.1781275493225483,2021
100757,2025-10,0,core_logistic,0.2,225,0.1779005774519153,2021
101846,2025-10,0,core_logistic,0.2,226,0.1778616656363515,2021
102008,2025-10,0,core_logistic,0.2,227,0.1773873709141783,2021
101196,2025-10,0,core_logistic,0.2,228,0.1771338643265043,2021
100308,2025-10,0,core_logistic,0.2,229,0.1769737743590209,2021
102022,2025-10,1,core_logistic,0.2,230,0.1764600376339982,2021
100210,2025-10,1,core_logistic,0.2,231,0.1759442178951854,2021
100131,2025-10,0,core_logistic,0.2,232,0.1758134967128508,2021
101820,2025-10,0,core_logistic,0.2,233,0.1749265160749706,2021
101793,2025-10,0,core_logistic,0.2,234,0.1744583874692814,2021
102027,2025-10,0,core_logistic,0.2,235,0.1740415041408895,2021
101186,2025-10,1,core_logistic,0.2,236,0.1738227961128823,2021
101419,2025-10,1,core_logistic,0.2,237,0.1735819614487902,2021
101871,2025-10,1,core_logistic,0.2,238,0.1734468123726335,2021
101772,2025-10,0,core_logistic,0.2,239,0.1733295299859256,2021
100488,2025-10,0,core_logistic,0.2,240,0.1730831020240648,2021
101270,2025-10,0,core_logistic,0.2,241,0.1721067901941418,2021
100494,2025-10,0,core_logistic,0.2,242,0.1717309348723512,2021
101259,2025-10,1,core_logistic,0.2,243,0.171605502301772,2021
101735,2025-10,0,core_logistic,0.2,244,0.1714779866544281,2021
101870,2025-10,0,core_logistic,0.2,245,0.1714030058718642,2021
102082,2025-10,1,core_logistic,0.2,246,0.1709455352294163,2021
100564,2025-10,0,core_logistic,0.2,247,0.1708739432492396,2021
100485,2025-10,0,core_logistic,0.2,248,0.1701204220898864,2021
101124,2025-10,0,core_logistic,0.2,249,0.1700366736423778,2021
102053,2025-10,1,core_logistic,0.2,250,0.1696262641697293,2021
101223,2025-10,0,core_logistic,0.2,251,0.1687201245717841,2021
101167,2025-10,0,core_logistic,0.2,252,0.1686638819222498,2021
101790,2025-10,0,core_logistic,0.2,253,0.1684995361789331,2021
100796,2025-10,0,core_logistic,0.2,254,0.1679423207740327,2021
101986,2025-10,0,core_logistic,0.2,255,0.1675259133184466,2021
101813,2025-10,0,core_logistic,0.2,256,0.1670851207506674,2021
101053,2025-10,0,core_logistic,0.2,257,0.1669941524470458,2021
100489,2025-10,0,core_logistic,0.2,258,0.1665846395735613,2021
101352,2025-10,1,core_logistic,0.2,259,0.1665053986405488,2021
101406,2025-10,0,core_logistic,0.2,260,0.1657367229138547,2021
101636,2025-10,0,core_logistic,0.2,261,0.1654584263355268,2021
101045,2025-10,0,core_logistic,0.2,262,0.1653803067978116,2021
100702,2025-10,1,core_logistic,0.2,263,0.1653638287488968,2021
100548,2025-10,1,core_logistic,0.2,264,0.1646858539547023,2021
100859,2025-10,0,core_logistic,0.2,265,0.1638778615252524,2021
100275,2025-10,1,core_logistic,0.2,266,0.1638488003640448,2021
100745,2025-10,0,core_logistic,0.2,267,0.1627701169011612,2021
101811,2025-10,1,core_logistic,0.2,268,0.1626405346250414,2021
100379,2025-10,0,core_logistic,0.2,269,0.1623950367667979,2021
100798,2025-10,0,core_logistic,0.2,270,0.1621212609614119,2021
101613,2025-10,0,core_logistic,0.2,271,0.1618454917058034,2021
100509,2025-10,0,core_logistic,0.2,272,0.161798085452648,2021
101423,2025-10,0,core_logistic,0.2,273,0.1617662551623573,2021
101883,2025-10,0,core_logistic,0.2,274,0.1616546850593941,2021
100678,2025-10,0,core_logistic,0.2,275,0.1613371256083264,2021
100550,2025-10,0,core_logistic,0.2,276,0.161159722273661,2021
100124,2025-10,0,core_logistic,0.2,277,0.160571287787209,2021
101853,2025-10,0,core_logistic,0.2,278,0.1603798994320377,2021
101537,2025-10,0,core_logistic,0.2,279,0.1601744968505587,2021
101824,2025-10,1,core_logistic,0.2,280,0.1598141499073851,2021
100286,2025-10,0,core_logistic,0.2,281,0.1594317763020906,2021
100846,2025-10,0,core_logistic,0.2,282,0.1592303853270018,2021
100726,2025-10,0,core_logistic,0.2,283,0.1586789958424436,2021
101245,2025-10,0,core_logistic,0.2,284,0.1586494653235256,2021
100578,2025-10,0,core_logistic,0.2,285,0.1585580209996977,2021
101715,2025-10,0,core_logistic,0.2,286,0.1583661776862318,2021
101421,2025-10,0,core_logistic,0.2,287,0.1580985974773677,2021
102067,2025-10,1,core_logistic,0.2,288,0.1579443864458413,2021
101704,2025-10,0,core_logistic,0.2,289,0.1577525177228695,2021
101591,2025-10,0,core_logistic,0.2,290,0.1575599592259704,2021
101384,2025-10,0,core_logistic,0.2,291,0.1572441484946311,2021
100471,2025-10,0,core_logistic,0.2,292,0.1569256510151277,2021
100829,2025-10,0,core_logistic,0.2,293,0.156381933193727,2021
101016,2025-10,0,core_logistic,0.2,294,0.1559166483205581,2021
100470,2025-10,0,core_logistic,0.2,295,0.1552267914833933,2021
100503,2025-10,0,core_logistic,0.2,296,0.1550376341560808,2021
101551,2025-10,1,core_logistic,0.2,297,0.1549581562430125,2021
101294,2025-10,1,core_logistic,0.2,298,0.1549274228485565,2021
100636,2025-10,0,core_logistic,0.2,299,0.1548040773301409,2021
100115,2025-10,0,core_logistic,0.2,300,0.1545346208807321,2021
100883,2025-10,0,core_logistic,0.2,301,0.1544645041441578,2021
100968,2025-10,0,core_logistic,0.2,302,0.1542376146307598,2021
101916,2025-10,0,core_logistic,0.2,303,0.1540847204197764,2021
101219,2025-10,0,core_logistic,0.2,304,0.1536602238039077,2021
100143,2025-10,0,core_logistic,0.2,305,0.1529439579209764,2021
100865,2025-10,0,core_logistic,0.2,306,0.1528283358744863,2021
100039,2025-10,0,core_logistic,0.2,307,0.1525958419227446,2021
101428,2025-10,0,core_logistic,0.2,308,0.152586782195165,2021
101556,2025-10,0,core_logistic,0.2,309,0.1524460264346457,2021
100650,2025-10,0,core_logistic,0.2,310,0.1524110564851389,2021
101071,2025-10,0,core_logistic,0.2,311,0.1519115537070449,2021
100815,2025-10,0,core_logistic,0.2,312,0.1518044201342199,2021
100744,2025-10,1,core_logistic,0.2,313,0.1514954431855348,2021
101787,2025-10,0,core_logistic,0.2,314,0.150441665182154,2021
100073,2025-10,0,core_logistic,0.2,315,0.150407073424206,2021
100448,2025-10,0,core_logistic,0.2,316,0.1503822836689853,2021
100679,2025-10,0,core_logistic,0.2,317,0.1503353844733361,2021
101825,2025-10,0,core_logistic,0.2,318,0.1500754327466573,2021
101391,2025-10,0,core_logistic,0.2,319,0.1498432018340964,2021
100833,2025-10,0,core_logistic,0.2,320,0.1495447062836245,2021
100633,2025-10,0,core_logistic,0.2,321,0.1490984649436877,2021
101895,2025-10,1,core_logistic,0.2,322,0.1490978820219671,2021
100852,2025-10,0,core_logistic,0.2,323,0.1483898248609274,2021
100615,2025-10,0,core_logistic,0.2,324,0.1483265491936763,2021
101936,2025-10,0,core_logistic,0.2,325,0.1481042633496294,2021
101709,2025-10,0,core_logistic,0.2,326,0.1477657145555657,2021
100015,2025-10,0,core_logistic,0.2,327,0.1477299310508787,2021
100681,2025-10,0,core_logistic,0.2,328,0.1476609957164396,2021
101881,2025-10,0,core_logistic,0.2,329,0.1476164171517931,2021
101480,2025-10,0,core_logistic,0.2,330,0.1475798753370358,2021
101379,2025-10,0,core_logistic,0.2,331,0.147305425354039,2021
101266,2025-10,0,core_logistic,0.2,332,0.1472188254911405,2021
100092,2025-10,0,core_logistic,0.2,333,0.1471794471308438,2021
101465,2025-10,1,core_logistic,0.2,334,0.1469983897889002,2021
101569,2025-10,0,core_logistic,0.2,335,0.1467350840615284,2021
100700,2025-10,0,core_logistic,0.2,336,0.1467000823379952,2021
100585,2025-10,0,core_logistic,0.2,337,0.1465883380146172,2021
100518,2025-10,0,core_logistic,0.2,338,0.1465164668215375,2021
101761,2025-10,0,core_logistic,0.2,339,0.1464166221522935,2021
101298,2025-10,0,core_logistic,0.2,340,0.1461988842072753,2021
101731,2025-10,0,core_logistic,0.2,341,0.146118429365599,2021
100806,2025-10,0,core_logistic,0.2,342,0.1460683970830008,2021
100867,2025-10,0,core_logistic,0.2,343,0.1453548395435868,2021
100003,2025-10,0,core_logistic,0.2,344,0.1444421423574404,2021
100296,2025-10,0,core_logistic,0.2,345,0.1439326294236566,2021
101460,2025-10,0,core_logistic,0.2,346,0.143855440453051,2021
101544,2025-10,0,core_logistic,0.2,347,0.1437887794195942,2021
100216,2025-10,0,core_logistic,0.2,348,0.1436874998009163,2021
101945,2025-10,0,core_logistic,0.2,349,0.1433297051303234,2021
101952,2025-10,0,core_logistic,0.2,350,0.1432219936467161,2021
100696,2025-10,0,core_logistic,0.2,351,0.1428988325381864,2021
100271,2025-10,0,core_logistic,0.2,352,0.1424167859054909,2021
101780,2025-10,1,core_logistic,0.2,353,0.1417022481655453,2021
100967,2025-10,0,core_logistic,0.2,354,0.141569855599692,2021
101902,2025-10,0,core_logistic,0.2,355,0.1413592211614464,2021
100166,2025-10,0,core_logistic,0.2,356,0.1411100960500666,2021
100443,2025-10,0,core_logistic,0.2,357,0.1410999683122743,2021
102043,2025-10,1,core_logistic,0.2,358,0.1410720813622625,2021
100848,2025-10,0,core_logistic,0.2,359,0.1410319790477524,2021
101663,2025-10,0,core_logistic,0.2,360,0.1409923413567597,2021
100676,2025-10,0,core_logistic,0.2,361,0.140857235133571,2021
100555,2025-10,0,core_logistic,0.2,362,0.1405330743758861,2021
101325,2025-10,0,core_logistic,0.2,363,0.1399349536912054,2021
101927,2025-10,0,core_logistic,0.2,364,0.1397672942791444,2021
100765,2025-10,0,core_logistic,0.2,365,0.1396175082971443,2021
100529,2025-10,0,core_logistic,0.2,366,0.1394038999130035,2021
100662,2025-10,0,core_logistic,0.2,367,0.1389918578321608,2021
101812,2025-10,1,core_logistic,0.2,368,0.1389063595573947,2021
101893,2025-10,0,core_logistic,0.2,369,0.1388745360678653,2021
101382,2025-10,0,core_logistic,0.2,370,0.1388516118047242,2021
100175,2025-10,1,core_logistic,0.2,371,0.1385714431668278,2021
101353,2025-10,0,core_logistic,0.2,372,0.1383240080967205,2021
100496,2025-10,0,core_logistic,0.2,373,0.1382594800305816,2021
100605,2025-10,0,core_logistic,0.2,374,0.1380447333795278,2021
101623,2025-10,1,core_logistic,0.2,375,0.1376686833309132,2021
100779,2025-10,0,core_logistic,0.2,376,0.1374183218472691,2021
101996,2025-10,0,core_logistic,0.2,377,0.1372820726153813,2021
100609,2025-10,0,core_logistic,0.2,378,0.1369003810884239,2021
101484,2025-10,0,core_logistic,0.2,379,0.1367248642830504,2021
102075,2025-10,0,core_logistic,0.2,380,0.1364852575344389,2021
100414,2025-10,0,core_logistic,0.2,381,0.1363691753281338,2021
100843,2025-10,0,core_logistic,0.2,382,0.1360343542527899,2021
101455,2025-10,0,core_logistic,0.2,383,0.1356582380432879,2021
101137,2025-10,0,core_logistic,0.2,384,0.1351092151209519,2021
100048,2025-10,0,core_logistic,0.2,385,0.134696329463524,2021
100222,2025-10,0,core_logistic,0.2,386,0.1346663576811106,2021
101253,2025-10,0,core_logistic,0.2,387,0.1345597244193634,2021
101464,2025-10,0,core_logistic,0.2,388,0.1344240389691732,2021
100651,2025-10,0,core_logistic,0.2,389,0.1343592003369898,2021
100855,2025-10,0,core_logistic,0.2,390,0.134112372138049,2021
101413,2025-10,0,core_logistic,0.2,391,0.1338470700276621,2021
100540,2025-10,0,core_logistic,0.2,392,0.1330595807147113,2021
100583,2025-10,0,core_logistic,0.2,393,0.1329534946047241,2021
101506,2025-10,0,core_logistic,0.2,394,0.1325485169616658,2021
101322,2025-10,0,core_logistic,0.2,395,0.132295628993051,2021
100716,2025-10,1,core_logistic,0.2,396,0.1320887099288505,2021
100877,2025-10,0,core_logistic,0.2,397,0.1315782434980405,2021
100560,2025-10,0,core_logistic,0.2,398,0.1313946118760052,2021
100001,2025-10,0,core_logistic,0.2,399,0.1311128834360378,2021
100477,2025-10,0,core_logistic,0.2,400,0.1308869459894729,2021
101089,2025-10,0,core_logistic,0.2,401,0.1305090838788953,2021
101349,2025-10,0,core_logistic,0.2,402,0.1304464332000299,2021
101580,2025-10,0,core_logistic,0.2,403,0.1302472756651822,2021
100591,2025-10,0,core_logistic,0.2,404,0.1302426820251068,2021
101741,2025-10,0,core_logistic,0.2,405,0.1299206401874698,2021
101965,2025-10,1,extended_logistic,0.05,1,0.5006752580323672,2021
100193,2025-10,1,extended_logistic,0.05,2,0.4492298646193068,2021
101448,2025-10,0,extended_logistic,0.05,3,0.4370299866309892,2021
100774,2025-10,0,extended_logistic,0.05,4,0.4256816296593139,2021
100298,2025-10,0,extended_logistic,0.05,5,0.4152824659263779,2021
100587,2025-10,0,extended_logistic,0.05,6,0.4151756437125102,2021
100453,2025-10,1,extended_logistic,0.05,7,0.4094960965587961,2021
101857,2025-10,1,extended_logistic,0.05,8,0.4078002007883705,2021
101882,2025-10,0,extended_logistic,0.05,9,0.4005603983036755,2021
102037,2025-10,1,extended_logistic,0.05,10,0.400032216596947,2021
101500,2025-10,0,extended_logistic,0.05,11,0.3852913557935149,2021
100276,2025-10,1,extended_logistic,0.05,12,0.3789247213997566,2021
101097,2025-10,1,extended_logistic,0.05,13,0.3739075548887016,2021
101839,2025-10,1,extended_logistic,0.05,14,0.3701224662879908,2021
100147,2025-10,0,extended_logistic,0.05,15,0.3692442339792172,2021
101319,2025-10,0,extended_logistic,0.05,16,0.3652362787004271,2021
101449,2025-10,1,extended_logistic,0.05,17,0.3610179175848336,2021
101228,2025-10,1,extended_logistic,0.05,18,0.3588807921389669,2021
101837,2025-10,0,extended_logistic,0.05,19,0.352583883655357,2021
101690,2025-10,1,extended_logistic,0.05,20,0.3492597452270329,2021
100214,2025-10,0,extended_logistic,0.05,21,0.338464071954737,2021
101489,2025-10,0,extended_logistic,0.05,22,0.3368167421927652,2021
101395,2025-10,0,extended_logistic,0.05,23,0.3330778636103988,2021
100427,2025-10,0,extended_logistic,0.05,24,0.3329663912198544,2021
101913,2025-10,0,extended_logistic,0.05,25,0.3305841652394656,2021
100992,2025-10,0,extended_logistic,0.05,26,0.3291233271255595,2021
101571,2025-10,0,extended_logistic,0.05,27,0.3284876106708403,2021
101173,2025-10,1,extended_logistic,0.05,28,0.3267024812845357,2021
100727,2025-10,1,extended_logistic,0.05,29,0.3241345659854152,2021
101951,2025-10,0,extended_logistic,0.05,30,0.3232929076723101,2021
100661,2025-10,1,extended_logistic,0.05,31,0.3229392512392073,2021
101179,2025-10,1,extended_logistic,0.05,32,0.3212617542821783,2021
101471,2025-10,1,extended_logistic,0.05,33,0.3196599049472224,2021
100787,2025-10,1,extended_logistic,0.05,34,0.3195205060351982,2021
100187,2025-10,0,extended_logistic,0.05,35,0.3145113456025377,2021
100732,2025-10,0,extended_logistic,0.05,36,0.3100996920165506,2021
101890,2025-10,0,extended_logistic,0.05,37,0.3095603314778508,2021
101246,2025-10,0,extended_logistic,0.05,38,0.3075053782632211,2021
100218,2025-10,1,extended_logistic,0.05,39,0.3072780972549588,2021
100624,2025-10,0,extended_logistic,0.05,40,0.3062412346194255,2021
101767,2025-10,0,extended_logistic,0.05,41,0.3005397758458371,2021
100066,2025-10,0,extended_logistic,0.05,42,0.2990526919731582,2021
101280,2025-10,1,extended_logistic,0.05,43,0.2957143670097047,2021
101684,2025-10,1,extended_logistic,0.05,44,0.2939368854582558,2021
101638,2025-10,0,extended_logistic,0.05,45,0.2921077362603827,2021
101804,2025-10,1,extended_logistic,0.05,46,0.2918373063660325,2021
102089,2025-10,1,extended_logistic,0.05,47,0.2880313015110106,2021
100497,2025-10,1,extended_logistic,0.05,48,0.2871066174780188,2021
100197,2025-10,0,extended_logistic,0.05,49,0.2859992830583788,2021
101928,2025-10,0,extended_logistic,0.05,50,0.284732827415616,2021
100238,2025-10,0,extended_logistic,0.05,51,0.2835908135432285,2021
102079,2025-10,1,extended_logistic,0.05,52,0.2835380101715636,2021
101953,2025-10,0,extended_logistic,0.05,53,0.2829515612687198,2021
101726,2025-10,0,extended_logistic,0.05,54,0.2829407771551068,2021
101505,2025-10,0,extended_logistic,0.05,55,0.2826018859402088,2021
101202,2025-10,1,extended_logistic,0.05,56,0.2820521725919292,2021
100123,2025-10,0,extended_logistic,0.05,57,0.2814252760944841,2021
101776,2025-10,0,extended_logistic,0.05,58,0.2810336341752468,2021
100559,2025-10,0,extended_logistic,0.05,59,0.2790909653010531,2021
101543,2025-10,0,extended_logistic,0.05,60,0.2778359862758055,2021
100300,2025-10,0,extended_logistic,0.05,61,0.2773664981423793,2021
101277,2025-10,0,extended_logistic,0.05,62,0.2768398209634336,2021
101727,2025-10,1,extended_logistic,0.05,63,0.2734004520113532,2021
102040,2025-10,0,extended_logistic,0.05,64,0.2727208449513635,2021
101806,2025-10,0,extended_logistic,0.05,65,0.272054435790531,2021
102025,2025-10,0,extended_logistic,0.05,66,0.2718557332833179,2021
101301,2025-10,0,extended_logistic,0.05,67,0.2718476998915309,2021
101123,2025-10,1,extended_logistic,0.05,68,0.2716193593893503,2021
100170,2025-10,0,extended_logistic,0.05,69,0.2703363980014093,2021
101226,2025-10,0,extended_logistic,0.05,70,0.2701233755795854,2021
101607,2025-10,1,extended_logistic,0.05,71,0.2694340398289807,2021
101527,2025-10,0,extended_logistic,0.05,72,0.269070554198658,2021
100773,2025-10,1,extended_logistic,0.05,73,0.268633040468703,2021
101869,2025-10,0,extended_logistic,0.05,74,0.2683543102065902,2021
100849,2025-10,0,extended_logistic,0.05,75,0.266868435905211,2021
100385,2025-10,1,extended_logistic,0.05,76,0.2643564840579059,2021
101598,2025-10,0,extended_logistic,0.05,77,0.2627370719854132,2021
100610,2025-10,0,extended_logistic,0.05,78,0.2624292137061875,2021
101639,2025-10,0,extended_logistic,0.05,79,0.2615298292646965,2021
101738,2025-10,0,extended_logistic,0.05,80,0.2586983930977923,2021
102029,2025-10,0,extended_logistic,0.05,81,0.2584623493443406,2021
101724,2025-10,1,extended_logistic,0.05,82,0.258004440822201,2021
101670,2025-10,0,extended_logistic,0.05,83,0.2574271402136321,2021
101312,2025-10,0,extended_logistic,0.05,84,0.2550887339265873,2021
102005,2025-10,0,extended_logistic,0.05,85,0.2549749973835169,2021
100829,2025-10,0,extended_logistic,0.05,86,0.2537912144586458,2021
101084,2025-10,0,extended_logistic,0.05,87,0.2534614803093118,2021
100892,2025-10,1,extended_logistic,0.05,88,0.2534176530392253,2021
101919,2025-10,1,extended_logistic,0.05,89,0.2529370390507404,2021
100823,2025-10,1,extended_logistic,0.05,90,0.2527387978144588,2021
101746,2025-10,0,extended_logistic,0.05,91,0.2515847832569429,2021
100758,2025-10,0,extended_logistic,0.05,92,0.2497819380486295,2021
100531,2025-10,0,extended_logistic,0.05,93,0.2483367477644026,2021
101175,2025-10,0,extended_logistic,0.05,94,0.2478743164073481,2021
101610,2025-10,1,extended_logistic,0.05,95,0.2476659292179857,2021
100670,2025-10,0,extended_logistic,0.05,96,0.2472883589038856,2021
101256,2025-10,0,extended_logistic,0.05,97,0.2466833820471534,2021
101888,2025-10,0,extended_logistic,0.05,98,0.2457931018750265,2021
100653,2025-10,0,extended_logistic,0.05,99,0.2449958199902446,2021
101626,2025-10,0,extended_logistic,0.05,100,0.2430511639053761,2021
102051,2025-10,1,extended_logistic,0.05,101,0.24293489188383,2021
100032,2025-10,0,extended_logistic,0.05,102,0.2422277958223633,2021
101965,2025-10,1,extended_logistic,0.1,1,0.5006752580323672,2021
100193,2025-10,1,extended_logistic,0.1,2,0.4492298646193068,2021
101448,2025-10,0,extended_logistic,0.1,3,0.4370299866309892,2021
100774,2025-10,0,extended_logistic,0.1,4,0.4256816296593139,2021
100298,2025-10,0,extended_logistic,0.1,5,0.4152824659263779,2021
100587,2025-10,0,extended_logistic,0.1,6,0.4151756437125102,2021
100453,2025-10,1,extended_logistic,0.1,7,0.4094960965587961,2021
101857,2025-10,1,extended_logistic,0.1,8,0.4078002007883705,2021
101882,2025-10,0,extended_logistic,0.1,9,0.4005603983036755,2021
102037,2025-10,1,extended_logistic,0.1,10,0.400032216596947,2021
101500,2025-10,0,extended_logistic,0.1,11,0.3852913557935149,2021
100276,2025-10,1,extended_logistic,0.1,12,0.3789247213997566,2021
101097,2025-10,1,extended_logistic,0.1,13,0.3739075548887016,2021
101839,2025-10,1,extended_logistic,0.1,14,0.3701224662879908,2021
100147,2025-10,0,extended_logistic,0.1,15,0.3692442339792172,2021
101319,2025-10,0,extended_logistic,0.1,16,0.3652362787004271,2021
101449,2025-10,1,extended_logistic,0.1,17,0.3610179175848336,2021
101228,2025-10,1,extended_logistic,0.1,18,0.3588807921389669,2021
101837,2025-10,0,extended_logistic,0.1,19,0.352583883655357,2021
101690,2025-10,1,extended_logistic,0.1,20,0.3492597452270329,2021
100214,2025-10,0,extended_logistic,0.1,21,0.338464071954737,2021
101489,2025-10,0,extended_logistic,0.1,22,0.3368167421927652,2021
101395,2025-10,0,extended_logistic,0.1,23,0.3330778636103988,2021
100427,2025-10,0,extended_logistic,0.1,24,0.3329663912198544,2021
101913,2025-10,0,extended_logistic,0.1,25,0.3305841652394656,2021
100992,2025-10,0,extended_logistic,0.1,26,0.3291233271255595,2021
101571,2025-10,0,extended_logistic,0.1,27,0.3284876106708403,2021
101173,2025-10,1,extended_logistic,0.1,28,0.3267024812845357,2021
100727,2025-10,1,extended_logistic,0.1,29,0.3241345659854152,2021
101951,2025-10,0,extended_logistic,0.1,30,0.3232929076723101,2021
100661,2025-10,1,extended_logistic,0.1,31,0.3229392512392073,2021
101179,2025-10,1,extended_logistic,0.1,32,0.3212617542821783,2021
101471,2025-10,1,extended_logistic,0.1,33,0.3196599049472224,2021
100787,2025-10,1,extended_logistic,0.1,34,0.3195205060351982,2021
100187,2025-10,0,extended_logistic,0.1,35,0.3145113456025377,2021
100732,2025-10,0,extended_logistic,0.1,36,0.3100996920165506,2021
101890,2025-10,0,extended_logistic,0.1,37,0.3095603314778508,2021
101246,2025-10,0,extended_logistic,0.1,38,0.3075053782632211,2021
100218,2025-10,1,extended_logistic,0.1,39,0.3072780972549588,2021
100624,2025-10,0,extended_logistic,0.1,40,0.3062412346194255,2021
101767,2025-10,0,extended_logistic,0.1,41,0.3005397758458371,2021
100066,2025-10,0,extended_logistic,0.1,42,0.2990526919731582,2021
101280,2025-10,1,extended_logistic,0.1,43,0.2957143670097047,2021
101684,2025-10,1,extended_logistic,0.1,44,0.2939368854582558,2021
101638,2025-10,0,extended_logistic,0.1,45,0.2921077362603827,2021
101804,2025-10,1,extended_logistic,0.1,46,0.2918373063660325,2021
102089,2025-10,1,extended_logistic,0.1,47,0.2880313015110106,2021
100497,2025-10,1,extended_logistic,0.1,48,0.2871066174780188,2021
100197,2025-10,0,extended_logistic,0.1,49,0.2859992830583788,2021
101928,2025-10,0,extended_logistic,0.1,50,0.284732827415616,2021
100238,2025-10,0,extended_logistic,0.1,51,0.2835908135432285,2021
102079,2025-10,1,extended_logistic,0.1,52,0.2835380101715636,2021
101953,2025-10,0,extended_logistic,0.1,53,0.2829515612687198,2021
101726,2025-10,0,extended_logistic,0.1,54,0.2829407771551068,2021
101505,2025-10,0,extended_logistic,0.1,55,0.2826018859402088,2021
101202,2025-10,1,extended_logistic,0.1,56,0.2820521725919292,2021
100123,2025-10,0,extended_logistic,0.1,57,0.2814252760944841,2021
101776,2025-10,0,extended_logistic,0.1,58,0.2810336341752468,2021
100559,2025-10,0,extended_logistic,0.1,59,0.2790909653010531,2021
101543,2025-10,0,extended_logistic,0.1,60,0.2778359862758055,2021
100300,2025-10,0,extended_logistic,0.1,61,0.2773664981423793,2021
101277,2025-10,0,extended_logistic,0.1,62,0.2768398209634336,2021
101727,2025-10,1,extended_logistic,0.1,63,0.2734004520113532,2021
102040,2025-10,0,extended_logistic,0.1,64,0.2727208449513635,2021
101806,2025-10,0,extended_logistic,0.1,65,0.272054435790531,2021
102025,2025-10,0,extended_logistic,0.1,66,0.2718557332833179,2021
101301,2025-10,0,extended_logistic,0.1,67,0.2718476998915309,2021
101123,2025-10,1,extended_logistic,0.1,68,0.2716193593893503,2021
100170,2025-10,0,extended_logistic,0.1,69,0.2703363980014093,2021
101226,2025-10,0,extended_logistic,0.1,70,0.2701233755795854,2021
101607,2025-10,1,extended_logistic,0.1,71,0.2694340398289807,2021
101527,2025-10,0,extended_logistic,0.1,72,0.269070554198658,2021
100773,2025-10,1,extended_logistic,0.1,73,0.268633040468703,2021
101869,2025-10,0,extended_logistic,0.1,74,0.2683543102065902,2021
100849,2025-10,0,extended_logistic,0.1,75,0.266868435905211,2021
100385,2025-10,1,extended_logistic,0.1,76,0.2643564840579059,2021
101598,2025-10,0,extended_logistic,0.1,77,0.2627370719854132,2021
100610,2025-10,0,extended_logistic,0.1,78,0.2624292137061875,2021
101639,2025-10,0,extended_logistic,0.1,79,0.2615298292646965,2021
101738,2025-10,0,extended_logistic,0.1,80,0.2586983930977923,2021
102029,2025-10,0,extended_logistic,0.1,81,0.2584623493443406,2021
101724,2025-10,1,extended_logistic,0.1,82,0.258004440822201,2021
101670,2025-10,0,extended_logistic,0.1,83,0.2574271402136321,2021
101312,2025-10,0,extended_logistic,0.1,84,0.2550887339265873,2021
102005,2025-10,0,extended_logistic,0.1,85,0.2549749973835169,2021
100829,2025-10,0,extended_logistic,0.1,86,0.2537912144586458,2021
101084,2025-10,0,extended_logistic,0.1,87,0.2534614803093118,2021
100892,2025-10,1,extended_logistic,0.1,88,0.2534176530392253,2021
101919,2025-10,1,extended_logistic,0.1,89,0.2529370390507404,2021
100823,2025-10,1,extended_logistic,0.1,90,0.2527387978144588,2021
101746,2025-10,0,extended_logistic,0.1,91,0.2515847832569429,2021
100758,2025-10,0,extended_logistic,0.1,92,0.2497819380486295,2021
100531,2025-10,0,extended_logistic,0.1,93,0.2483367477644026,2021
101175,2025-10,0,extended_logistic,0.1,94,0.2478743164073481,2021
101610,2025-10,1,extended_logistic,0.1,95,0.2476659292179857,2021
100670,2025-10,0,extended_logistic,0.1,96,0.2472883589038856,2021
101256,2025-10,0,extended_logistic,0.1,97,0.2466833820471534,2021
101888,2025-10,0,extended_logistic,0.1,98,0.2457931018750265,2021
100653,2025-10,0,extended_logistic,0.1,99,0.2449958199902446,2021
101626,2025-10,0,extended_logistic,0.1,100,0.2430511639053761,2021
102051,2025-10,1,extended_logistic,0.1,101,0.24293489188383,2021
100032,2025-10,0,extended_logistic,0.1,102,0.2422277958223633,2021
100530,2025-10,0,extended_logistic,0.1,103,0.2414065372152539,2021
101720,2025-10,0,extended_logistic,0.1,104,0.2401881708518645,2021
100149,2025-10,0,extended_logistic,0.1,105,0.2396957319443262,2021
101825,2025-10,0,extended_logistic,0.1,106,0.2396280302965812,2021
100393,2025-10,0,extended_logistic,0.1,107,0.2392938196614823,2021
101922,2025-10,0,extended_logistic,0.1,108,0.2381710598108433,2021
102081,2025-10,0,extended_logistic,0.1,109,0.2378319283915337,2021
100901,2025-10,0,extended_logistic,0.1,110,0.2372189152205405,2021
101259,2025-10,1,extended_logistic,0.1,111,0.2371701029267537,2021
100925,2025-10,0,extended_logistic,0.1,112,0.2370642793561216,2021
101011,2025-10,0,extended_logistic,0.1,113,0.236532528740053,2021
101154,2025-10,0,extended_logistic,0.1,114,0.2360470498496359,2021
100763,2025-10,0,extended_logistic,0.1,115,0.2356913177698222,2021
101276,2025-10,0,extended_logistic,0.1,116,0.2345653704487162,2021
101343,2025-10,0,extended_logistic,0.1,117,0.2343267121709323,2021
101222,2025-10,1,extended_logistic,0.1,118,0.2314852638535745,2021
100870,2025-10,0,extended_logistic,0.1,119,0.2308430378362929,2021
100704,2025-10,1,extended_logistic,0.1,120,0.2303313266454298,2021
100518,2025-10,0,extended_logistic,0.1,121,0.2302288574773894,2021
100488,2025-10,0,extended_logistic,0.1,122,0.2297416585523042,2021
101094,2025-10,0,extended_logistic,0.1,123,0.2287096646302356,2021
100882,2025-10,1,extended_logistic,0.1,124,0.2286611460754476,2021
101423,2025-10,0,extended_logistic,0.1,125,0.2260789186991763,2021
100245,2025-10,0,extended_logistic,0.1,126,0.2256262730323575,2021
100494,2025-10,0,extended_logistic,0.1,127,0.2251641573603867,2021
101436,2025-10,0,extended_logistic,0.1,128,0.2251292515912004,2021
102078,2025-10,0,extended_logistic,0.1,129,0.2242781290316507,2021
100526,2025-10,1,extended_logistic,0.1,130,0.2234965106804393,2021
101431,2025-10,0,extended_logistic,0.1,131,0.2234061701376061,2021
101826,2025-10,0,extended_logistic,0.1,132,0.223101718294597,2021
100626,2025-10,0,extended_logistic,0.1,133,0.2229698431460088,2021
102012,2025-10,0,extended_logistic,0.1,134,0.2221769735690633,2021
101104,2025-10,0,extended_logistic,0.1,135,0.2213066903068631,2021
101752,2025-10,0,extended_logistic,0.1,136,0.2195653376877418,2021
101613,2025-10,0,extended_logistic,0.1,137,0.2192726846378087,2021
100332,2025-10,0,extended_logistic,0.1,138,0.2183265401659568,2021
101077,2025-10,0,extended_logistic,0.1,139,0.218210975818746,2021
101629,2025-10,0,extended_logistic,0.1,140,0.2178788394131628,2021
100915,2025-10,0,extended_logistic,0.1,141,0.2165337832377615,2021
101811,2025-10,1,extended_logistic,0.1,142,0.2157197575226749,2021
100269,2025-10,0,extended_logistic,0.1,143,0.2136337967853723,2021
100789,2025-10,1,extended_logistic,0.1,144,0.2126374552536669,2021
100817,2025-10,0,extended_logistic,0.1,145,0.2117578034148948,2021
100795,2025-10,0,extended_logistic,0.1,146,0.2107051345860552,2021
101119,2025-10,0,extended_logistic,0.1,147,0.2106039975140137,2021
101731,2025-10,0,extended_logistic,0.1,148,0.2105557272998961,2021
101232,2025-10,1,extended_logistic,0.1,149,0.2104056436674214,2021
100757,2025-10,0,extended_logistic,0.1,150,0.2100012348454068,2021
101793,2025-10,0,extended_logistic,0.1,151,0.2097461740502145,2021
100139,2025-10,0,extended_logistic,0.1,152,0.2088196233505023,2021
100826,2025-10,0,extended_logistic,0.1,153,0.2080781722600198,2021
101160,2025-10,0,extended_logistic,0.1,154,0.2077475661854592,2021
100854,2025-10,0,extended_logistic,0.1,155,0.2068667042488084,2021
101841,2025-10,0,extended_logistic,0.1,156,0.2032972620931942,2021
100083,2025-10,0,extended_logistic,0.1,157,0.2024385070921178,2021
101846,2025-10,0,extended_logistic,0.1,158,0.2021105001904545,2021
100762,2025-10,0,extended_logistic,0.1,159,0.2020892024446993,2021
101124,2025-10,0,extended_logistic,0.1,160,0.2017791602042365,2021
100967,2025-10,0,extended_logistic,0.1,161,0.2015034281526149,2021
101623,2025-10,1,extended_logistic,0.1,162,0.2013594968524837,2021
100573,2025-10,0,extended_logistic,0.1,163,0.2013077435203068,2021
101909,2025-10,1,extended_logistic,0.1,164,0.2012957903714311,2021
101169,2025-10,1,extended_logistic,0.1,165,0.2012895210059609,2021
100898,2025-10,0,extended_logistic,0.1,166,0.2004643151987203,2021
100489,2025-10,0,extended_logistic,0.1,167,0.1993340546087899,2021
101537,2025-10,0,extended_logistic,0.1,168,0.1987993399145591,2021
101987,2025-10,0,extended_logistic,0.1,169,0.1987574764162185,2021
102045,2025-10,0,extended_logistic,0.1,170,0.1983785725747986,2021
100131,2025-10,0,extended_logistic,0.1,171,0.1981024406161881,2021
100067,2025-10,0,extended_logistic,0.1,172,0.1972012407434048,2021
102022,2025-10,1,extended_logistic,0.1,173,0.1958213581471259,2021
101986,2025-10,0,extended_logistic,0.1,174,0.1944002685754935,2021
100579,2025-10,0,extended_logistic,0.1,175,0.1942637248064052,2021
100923,2025-10,0,extended_logistic,0.1,176,0.19312831579334,2021
101628,2025-10,0,extended_logistic,0.1,177,0.1924455821191557,2021
101893,2025-10,0,extended_logistic,0.1,178,0.1922202663836289,2021
101871,2025-10,1,extended_logistic,0.1,179,0.1920940494291395,2021
101282,2025-10,0,extended_logistic,0.1,180,0.1909438062171514,2021
101296,2025-10,0,extended_logistic,0.1,181,0.1908928087551339,2021
100768,2025-10,1,extended_logistic,0.1,182,0.1905250449681041,2021
102067,2025-10,1,extended_logistic,0.1,183,0.190194719721551,2021
100215,2025-10,0,extended_logistic,0.1,184,0.1901939912337461,2021
102019,2025-10,0,extended_logistic,0.1,185,0.1899938393224184,2021
101660,2025-10,0,extended_logistic,0.1,186,0.1898768376387364,2021
101872,2025-10,0,extended_logistic,0.1,187,0.1893078327071734,2021
100365,2025-10,1,extended_logistic,0.1,188,0.1889182001791564,2021
100510,2025-10,0,extended_logistic,0.1,189,0.1888894756531721,2021
100859,2025-10,0,extended_logistic,0.1,190,0.1884222856174513,2021
101365,2025-10,1,extended_logistic,0.1,191,0.1882143981217404,2021
101227,2025-10,0,extended_logistic,0.1,192,0.1876042842504074,2021
100422,2025-10,0,extended_logistic,0.1,193,0.1865886406522303,2021
101570,2025-10,1,extended_logistic,0.1,194,0.1861960065724846,2021
100852,2025-10,0,extended_logistic,0.1,195,0.1858056495199001,2021
101642,2025-10,0,extended_logistic,0.1,196,0.1851726584024878,2021
101749,2025-10,0,extended_logistic,0.1,197,0.1849458416679563,2021
101270,2025-10,0,extended_logistic,0.1,198,0.183936573138317,2021
100798,2025-10,0,extended_logistic,0.1,199,0.1837911838459625,2021
101591,2025-10,0,extended_logistic,0.1,200,0.1832458675262771,2021
100907,2025-10,0,extended_logistic,0.1,201,0.1831683930131288,2021
101443,2025-10,1,extended_logistic,0.1,202,0.1828776808318179,2021
101624,2025-10,1,extended_logistic,0.1,203,0.1825613451732067,2021
101965,2025-10,1,extended_logistic,0.2,1,0.5006752580323672,2021
100193,2025-10,1,extended_logistic,0.2,2,0.4492298646193068,2021
101448,2025-10,0,extended_logistic,0.2,3,0.4370299866309892,2021
100774,2025-10,0,extended_logistic,0.2,4,0.4256816296593139,2021
100298,2025-10,0,extended_logistic,0.2,5,0.4152824659263779,2021
100587,2025-10,0,extended_logistic,0.2,6,0.4151756437125102,2021
100453,2025-10,1,extended_logistic,0.2,7,0.4094960965587961,2021
101857,2025-10,1,extended_logistic,0.2,8,0.4078002007883705,2021
101882,2025-10,0,extended_logistic,0.2,9,0.4005603983036755,2021
102037,2025-10,1,extended_logistic,0.2,10,0.400032216596947,2021
101500,2025-10,0,extended_logistic,0.2,11,0.3852913557935149,2021
100276,2025-10,1,extended_logistic,0.2,12,0.3789247213997566,2021
101097,2025-10,1,extended_logistic,0.2,13,0.3739075548887016,2021
101839,2025-10,1,extended_logistic,0.2,14,0.3701224662879908,2021
100147,2025-10,0,extended_logistic,0.2,15,0.3692442339792172,2021
101319,2025-10,0,extended_logistic,0.2,16,0.3652362787004271,2021
101449,2025-10,1,extended_logistic,0.2,17,0.3610179175848336,2021
101228,2025-10,1,extended_logistic,0.2,18,0.3588807921389669,2021
101837,2025-10,0,extended_logistic,0.2,19,0.352583883655357,2021
101690,2025-10,1,extended_logistic,0.2,20,0.3492597452270329,2021
100214,2025-10,0,extended_logistic,0.2,21,0.338464071954737,2021
101489,2025-10,0,extended_logistic,0.2,22,0.3368167421927652,2021
101395,2025-10,0,extended_logistic,0.2,23,0.3330778636103988,2021
100427,2025-10,0,extended_logistic,0.2,24,0.3329663912198544,2021
101913,2025-10,0,extended_logistic,0.2,25,0.3305841652394656,2021
100992,2025-10,0,extended_logistic,0.2,26,0.3291233271255595,2021
101571,2025-10,0,extended_logistic,0.2,27,0.3284876106708403,2021
101173,2025-10,1,extended_logistic,0.2,28,0.3267024812845357,2021
100727,2025-10,1,extended_logistic,0.2,29,0.3241345659854152,2021
101951,2025-10,0,extended_logistic,0.2,30,0.3232929076723101,2021
100661,2025-10,1,extended_logistic,0.2,31,0.3229392512392073,2021
101179,2025-10,1,extended_logistic,0.2,32,0.3212617542821783,2021
101471,2025-10,1,extended_logistic,0.2,33,0.3196599049472224,2021
100787,2025-10,1,extended_logistic,0.2,34,0.3195205060351982,2021
100187,2025-10,0,extended_logistic,0.2,35,0.3145113456025377,2021
100732,2025-10,0,extended_logistic,0.2,36,0.3100996920165506,2021
101890,2025-10,0,extended_logistic,0.2,37,0.3095603314778508,2021
101246,2025-10,0,extended_logistic,0.2,38,0.3075053782632211,2021
100218,2025-10,1,extended_logistic,0.2,39,0.3072780972549588,2021
100624,2025-10,0,extended_logistic,0.2,40,0.3062412346194255,2021
101767,2025-10,0,extended_logistic,0.2,41,0.3005397758458371,2021
100066,2025-10,0,extended_logistic,0.2,42,0.2990526919731582,2021
101280,2025-10,1,extended_logistic,0.2,43,0.2957143670097047,2021
101684,2025-10,1,extended_logistic,0.2,44,0.2939368854582558,2021
101638,2025-10,0,extended_logistic,0.2,45,0.2921077362603827,2021
101804,2025-10,1,extended_logistic,0.2,46,0.2918373063660325,2021
102089,2025-10,1,extended_logistic,0.2,47,0.2880313015110106,2021
100497,2025-10,1,extended_logistic,0.2,48,0.2871066174780188,2021
100197,2025-10,0,extended_logistic,0.2,49,0.2859992830583788,2021
101928,2025-10,0,extended_logistic,0.2,50,0.284732827415616,2021
100238,2025-10,0,extended_logistic,0.2,51,0.2835908135432285,2021
102079,2025-10,1,extended_logistic,0.2,52,0.2835380101715636,2021
101953,2025-10,0,extended_logistic,0.2,53,0.2829515612687198,2021
101726,2025-10,0,extended_logistic,0.2,54,0.2829407771551068,2021
101505,2025-10,0,extended_logistic,0.2,55,0.2826018859402088,2021
101202,2025-10,1,extended_logistic,0.2,56,0.2820521725919292,2021
100123,2025-10,0,extended_logistic,0.2,57,0.2814252760944841,2021
101776,2025-10,0,extended_logistic,0.2,58,0.2810336341752468,2021
100559,2025-10,0,extended_logistic,0.2,59,0.2790909653010531,2021
101543,2025-10,0,extended_logistic,0.2,60,0.2778359862758055,2021
100300,2025-10,0,extended_logistic,0.2,61,0.2773664981423793,2021
101277,2025-10,0,extended_logistic,0.2,62,0.2768398209634336,2021
101727,2025-10,1,extended_logistic,0.2,63,0.2734004520113532,2021
102040,2025-10,0,extended_logistic,0.2,64,0.2727208449513635,2021
101806,2025-10,0,extended_logistic,0.2,65,0.272054435790531,2021
102025,2025-10,0,extended_logistic,0.2,66,0.2718557332833179,2021
101301,2025-10,0,extended_logistic,0.2,67,0.2718476998915309,2021
101123,2025-10,1,extended_logistic,0.2,68,0.2716193593893503,2021
100170,2025-10,0,extended_logistic,0.2,69,0.2703363980014093,2021
101226,2025-10,0,extended_logistic,0.2,70,0.2701233755795854,2021
101607,2025-10,1,extended_logistic,0.2,71,0.2694340398289807,2021
101527,2025-10,0,extended_logistic,0.2,72,0.269070554198658,2021
100773,2025-10,1,extended_logistic,0.2,73,0.268633040468703,2021
101869,2025-10,0,extended_logistic,0.2,74,0.2683543102065902,2021
100849,2025-10,0,extended_logistic,0.2,75,0.266868435905211,2021
100385,2025-10,1,extended_logistic,0.2,76,0.2643564840579059,2021
101598,2025-10,0,extended_logistic,0.2,77,0.2627370719854132,2021
100610,2025-10,0,extended_logistic,0.2,78,0.2624292137061875,2021
101639,2025-10,0,extended_logistic,0.2,79,0.2615298292646965,2021
101738,2025-10,0,extended_logistic,0.2,80,0.2586983930977923,2021
102029,2025-10,0,extended_logistic,0.2,81,0.2584623493443406,2021
101724,2025-10,1,extended_logistic,0.2,82,0.258004440822201,2021
101670,2025-10,0,extended_logistic,0.2,83,0.2574271402136321,2021
101312,2025-10,0,extended_logistic,0.2,84,0.2550887339265873,2021
102005,2025-10,0,extended_logistic,0.2,85,0.2549749973835169,2021
100829,2025-10,0,extended_logistic,0.2,86,0.2537912144586458,2021
101084,2025-10,0,extended_logistic,0.2,87,0.2534614803093118,2021
100892,2025-10,1,extended_logistic,0.2,88,0.2534176530392253,2021
101919,2025-10,1,extended_logistic,0.2,89,0.2529370390507404,2021
100823,2025-10,1,extended_logistic,0.2,90,0.2527387978144588,2021
101746,2025-10,0,extended_logistic,0.2,91,0.2515847832569429,2021
100758,2025-10,0,extended_logistic,0.2,92,0.2497819380486295,2021
100531,2025-10,0,extended_logistic,0.2,93,0.2483367477644026,2021
101175,2025-10,0,extended_logistic,0.2,94,0.2478743164073481,2021
101610,2025-10,1,extended_logistic,0.2,95,0.2476659292179857,2021
100670,2025-10,0,extended_logistic,0.2,96,0.2472883589038856,2021
101256,2025-10,0,extended_logistic,0.2,97,0.2466833820471534,2021
101888,2025-10,0,extended_logistic,0.2,98,0.2457931018750265,2021
100653,2025-10,0,extended_logistic,0.2,99,0.2449958199902446,2021
101626,2025-10,0,extended_logistic,0.2,100,0.2430511639053761,2021
102051,2025-10,1,extended_logistic,0.2,101,0.24293489188383,2021
100032,2025-10,0,extended_logistic,0.2,102,0.2422277958223633,2021
100530,2025-10,0,extended_logistic,0.2,103,0.2414065372152539,2021
101720,2025-10,0,extended_logistic,0.2,104,0.2401881708518645,2021
100149,2025-10,0,extended_logistic,0.2,105,0.2396957319443262,2021
101825,2025-10,0,extended_logistic,0.2,106,0.2396280302965812,2021
100393,2025-10,0,extended_logistic,0.2,107,0.2392938196614823,2021
101922,2025-10,0,extended_logistic,0.2,108,0.2381710598108433,2021
102081,2025-10,0,extended_logistic,0.2,109,0.2378319283915337,2021
100901,2025-10,0,extended_logistic,0.2,110,0.2372189152205405,2021
101259,2025-10,1,extended_logistic,0.2,111,0.2371701029267537,2021
100925,2025-10,0,extended_logistic,0.2,112,0.2370642793561216,2021
101011,2025-10,0,extended_logistic,0.2,113,0.236532528740053,2021
101154,2025-10,0,extended_logistic,0.2,114,0.2360470498496359,2021
100763,2025-10,0,extended_logistic,0.2,115,0.2356913177698222,2021
101276,2025-10,0,extended_logistic,0.2,116,0.2345653704487162,2021
101343,2025-10,0,extended_logistic,0.2,117,0.2343267121709323,2021
101222,2025-10,1,extended_logistic,0.2,118,0.2314852638535745,2021
100870,2025-10,0,extended_logistic,0.2,119,0.2308430378362929,2021
100704,2025-10,1,extended_logistic,0.2,120,0.2303313266454298,2021
100518,2025-10,0,extended_logistic,0.2,121,0.2302288574773894,2021
100488,2025-10,0,extended_logistic,0.2,122,0.2297416585523042,2021
101094,2025-10,0,extended_logistic,0.2,123,0.2287096646302356,2021
100882,2025-10,1,extended_logistic,0.2,124,0.2286611460754476,2021
101423,2025-10,0,extended_logistic,0.2,125,0.2260789186991763,2021
100245,2025-10,0,extended_logistic,0.2,126,0.2256262730323575,2021
100494,2025-10,0,extended_logistic,0.2,127,0.2251641573603867,2021
101436,2025-10,0,extended_logistic,0.2,128,0.2251292515912004,2021
102078,2025-10,0,extended_logistic,0.2,129,0.2242781290316507,2021
100526,2025-10,1,extended_logistic,0.2,130,0.2234965106804393,2021
101431,2025-10,0,extended_logistic,0.2,131,0.2234061701376061,2021
101826,2025-10,0,extended_logistic,0.2,132,0.223101718294597,2021
100626,2025-10,0,extended_logistic,0.2,133,0.2229698431460088,2021
102012,2025-10,0,extended_logistic,0.2,134,0.2221769735690633,2021
101104,2025-10,0,extended_logistic,0.2,135,0.2213066903068631,2021
101752,2025-10,0,extended_logistic,0.2,136,0.2195653376877418,2021
101613,2025-10,0,extended_logistic,0.2,137,0.2192726846378087,2021
100332,2025-10,0,extended_logistic,0.2,138,0.2183265401659568,2021
101077,2025-10,0,extended_logistic,0.2,139,0.218210975818746,2021
101629,2025-10,0,extended_logistic,0.2,140,0.2178788394131628,2021
100915,2025-10,0,extended_logistic,0.2,141,0.2165337832377615,2021
101811,2025-10,1,extended_logistic,0.2,142,0.2157197575226749,2021
100269,2025-10,0,extended_logistic,0.2,143,0.2136337967853723,2021
100789,2025-10,1,extended_logistic,0.2,144,0.2126374552536669,2021
100817,2025-10,0,extended_logistic,0.2,145,0.2117578034148948,2021
100795,2025-10,0,extended_logistic,0.2,146,0.2107051345860552,2021
101119,2025-10,0,extended_logistic,0.2,147,0.2106039975140137,2021
101731,2025-10,0,extended_logistic,0.2,148,0.2105557272998961,2021
101232,2025-10,1,extended_logistic,0.2,149,0.2104056436674214,2021
100757,2025-10,0,extended_logistic,0.2,150,0.2100012348454068,2021
101793,2025-10,0,extended_logistic,0.2,151,0.2097461740502145,2021
100139,2025-10,0,extended_logistic,0.2,152,0.2088196233505023,2021
100826,2025-10,0,extended_logistic,0.2,153,0.2080781722600198,2021
101160,2025-10,0,extended_logistic,0.2,154,0.2077475661854592,2021
100854,2025-10,0,extended_logistic,0.2,155,0.2068667042488084,2021
101841,2025-10,0,extended_logistic,0.2,156,0.2032972620931942,2021
100083,2025-10,0,extended_logistic,0.2,157,0.2024385070921178,2021
101846,2025-10,0,extended_logistic,0.2,158,0.2021105001904545,2021
100762,2025-10,0,extended_logistic,0.2,159,0.2020892024446993,2021
101124,2025-10,0,extended_logistic,0.2,160,0.2017791602042365,2021
100967,2025-10,0,extended_logistic,0.2,161,0.2015034281526149,2021
101623,2025-10,1,extended_logistic,0.2,162,0.2013594968524837,2021
100573,2025-10,0,extended_logistic,0.2,163,0.2013077435203068,2021
101909,2025-10,1,extended_logistic,0.2,164,0.2012957903714311,2021
101169,2025-10,1,extended_logistic,0.2,165,0.2012895210059609,2021
100898,2025-10,0,extended_logistic,0.2,166,0.2004643151987203,2021
100489,2025-10,0,extended_logistic,0.2,167,0.1993340546087899,2021
101537,2025-10,0,extended_logistic,0.2,168,0.1987993399145591,2021
101987,2025-10,0,extended_logistic,0.2,169,0.1987574764162185,2021
102045,2025-10,0,extended_logistic,0.2,170,0.1983785725747986,2021
100131,2025-10,0,extended_logistic,0.2,171,0.1981024406161881,2021
100067,2025-10,0,extended_logistic,0.2,172,0.1972012407434048,2021
102022,2025-10,1,extended_logistic,0.2,173,0.1958213581471259,2021
101986,2025-10,0,extended_logistic,0.2,174,0.1944002685754935,2021
100579,2025-10,0,extended_logistic,0.2,175,0.1942637248064052,2021
100923,2025-10,0,extended_logistic,0.2,176,0.19312831579334,2021
101628,2025-10,0,extended_logistic,0.2,177,0.1924455821191557,2021
101893,2025-10,0,extended_logistic,0.2,178,0.1922202663836289,2021
101871,2025-10,1,extended_logistic,0.2,179,0.1920940494291395,2021
101282,2025-10,0,extended_logistic,0.2,180,0.1909438062171514,2021
101296,2025-10,0,extended_logistic,0.2,181,0.1908928087551339,2021
100768,2025-10,1,extended_logistic,0.2,182,0.1905250449681041,2021
102067,2025-10,1,extended_logistic,0.2,183,0.190194719721551,2021
100215,2025-10,0,extended_logistic,0.2,184,0.1901939912337461,2021
102019,2025-10,0,extended_logistic,0.2,185,0.1899938393224184,2021
101660,2025-10,0,extended_logistic,0.2,186,0.1898768376387364,2021
101872,2025-10,0,extended_logistic,0.2,187,0.1893078327071734,2021
100365,2025-10,1,extended_logistic,0.2,188,0.1889182001791564,2021
100510,2025-10,0,extended_logistic,0.2,189,0.1888894756531721,2021
100859,2025-10,0,extended_logistic,0.2,190,0.1884222856174513,2021
101365,2025-10,1,extended_logistic,0.2,191,0.1882143981217404,2021
101227,2025-10,0,extended_logistic,0.2,192,0.1876042842504074,2021
100422,2025-10,0,extended_logistic,0.2,193,0.1865886406522303,2021
101570,2025-10,1,extended_logistic,0.2,194,0.1861960065724846,2021
100852,2025-10,0,extended_logistic,0.2,195,0.1858056495199001,2021
101642,2025-10,0,extended_logistic,0.2,196,0.1851726584024878,2021
101749,2025-10,0,extended_logistic,0.2,197,0.1849458416679563,2021
101270,2025-10,0,extended_logistic,0.2,198,0.183936573138317,2021
100798,2025-10,0,extended_logistic,0.2,199,0.1837911838459625,2021
101591,2025-10,0,extended_logistic,0.2,200,0.1832458675262771,2021
100907,2025-10,0,extended_logistic,0.2,201,0.1831683930131288,2021
101443,2025-10,1,extended_logistic,0.2,202,0.1828776808318179,2021
101624,2025-10,1,extended_logistic,0.2,203,0.1825613451732067,2021
101332,2025-10,0,extended_logistic,0.2,204,0.1825066035902256,2021
100529,2025-10,0,extended_logistic,0.2,205,0.1822370185268403,2021
101887,2025-10,0,extended_logistic,0.2,206,0.1818975236103338,2021
101853,2025-10,0,extended_logistic,0.2,207,0.1809626400767882,2021
100633,2025-10,0,extended_logistic,0.2,208,0.1803425101527974,2021
100509,2025-10,0,extended_logistic,0.2,209,0.1803227668359316,2021
100449,2025-10,0,extended_logistic,0.2,210,0.1800513889830744,2021
101264,2025-10,0,extended_logistic,0.2,211,0.1792725548316766,2021
101790,2025-10,0,extended_logistic,0.2,212,0.1792168253360516,2021
100775,2025-10,0,extended_logistic,0.2,213,0.1788806843580341,2021
100002,2025-10,1,extended_logistic,0.2,214,0.1785218040887571,2021
102082,2025-10,1,extended_logistic,0.2,215,0.1778057674255368,2021
100102,2025-10,1,extended_logistic,0.2,216,0.1774776942343696,2021
100477,2025-10,0,extended_logistic,0.2,217,0.1771079150633566,2021
100779,2025-10,0,extended_logistic,0.2,218,0.176780368758141,2021
101053,2025-10,0,extended_logistic,0.2,219,0.1763762962508492,2021
101569,2025-10,0,extended_logistic,0.2,220,0.1761989062354915,2021
101266,2025-10,0,extended_logistic,0.2,221,0.1760944694818535,2021
100471,2025-10,0,extended_logistic,0.2,222,0.175325102261354,2021
100233,2025-10,0,extended_logistic,0.2,223,0.1749768576747843,2021
101409,2025-10,0,extended_logistic,0.2,224,0.1747741709874533,2021
100548,2025-10,1,extended_logistic,0.2,225,0.1741059143290506,2021
101465,2025-10,1,extended_logistic,0.2,226,0.1739072850904084,2021
100702,2025-10,1,extended_logistic,0.2,227,0.173851682602646,2021
100143,2025-10,0,extended_logistic,0.2,228,0.1737791643380067,2021
101832,2025-10,1,extended_logistic,0.2,229,0.1736531407326985,2021
100073,2025-10,0,extended_logistic,0.2,230,0.1735282968977669,2021
100581,2025-10,0,extended_logistic,0.2,231,0.1734560350186859,2021
101045,2025-10,0,extended_logistic,0.2,232,0.1732487146505005,2021
100399,2025-10,1,extended_logistic,0.2,233,0.1731961142895097,2021
101824,2025-10,1,extended_logistic,0.2,234,0.1731768548630635,2021
101378,2025-10,1,extended_logistic,0.2,235,0.1724329282769634,2021
100052,2025-10,0,extended_logistic,0.2,236,0.1719017996029878,2021
101578,2025-10,0,extended_logistic,0.2,237,0.17172827096376,2021
101039,2025-10,0,extended_logistic,0.2,238,0.1711969243560375,2021
100883,2025-10,0,extended_logistic,0.2,239,0.171015280806885,2021
101772,2025-10,0,extended_logistic,0.2,240,0.1709767786323426,2021
101480,2025-10,0,extended_logistic,0.2,241,0.170793739967248,2021
100448,2025-10,0,extended_logistic,0.2,242,0.1704470915806624,2021
101601,2025-10,0,extended_logistic,0.2,243,0.1703897890972774,2021
101367,2025-10,0,extended_logistic,0.2,244,0.1703553993041139,2021
101167,2025-10,0,extended_logistic,0.2,245,0.1701033595534692,2021
100167,2025-10,0,extended_logistic,0.2,246,0.1700624852363308,2021
102008,2025-10,0,extended_logistic,0.2,247,0.1697280934067818,2021
100003,2025-10,0,extended_logistic,0.2,248,0.1692086986346332,2021
100578,2025-10,0,extended_logistic,0.2,249,0.1690783349578068,2021
101223,2025-10,0,extended_logistic,0.2,250,0.1689687047386389,2021
100328,2025-10,0,extended_logistic,0.2,251,0.1688814751877406,2021
100536,2025-10,1,extended_logistic,0.2,252,0.1688495168891846,2021
100746,2025-10,0,extended_logistic,0.2,253,0.1687441220378664,2021
100672,2025-10,0,extended_logistic,0.2,254,0.1685106563286633,2021
101294,2025-10,1,extended_logistic,0.2,255,0.1684326747779209,2021
101927,2025-10,0,extended_logistic,0.2,256,0.1679686067710415,2021
100977,2025-10,0,extended_logistic,0.2,257,0.167921081795431,2021
100636,2025-10,0,extended_logistic,0.2,258,0.1672036282576569,2021
100744,2025-10,1,extended_logistic,0.2,259,0.166894898304115,2021
101322,2025-10,0,extended_logistic,0.2,260,0.1665494958853523,2021
100788,2025-10,0,extended_logistic,0.2,261,0.1656754605730213,2021
100765,2025-10,0,extended_logistic,0.2,262,0.1645910268943172,2021
100913,2025-10,0,extended_logistic,0.2,263,0.1645634608488637,2021
100156,2025-10,0,extended_logistic,0.2,264,0.1638265960634734,2021
100485,2025-10,0,extended_logistic,0.2,265,0.1634434268607832,2021
101542,2025-10,0,extended_logistic,0.2,266,0.1633621384285654,2021
100229,2025-10,0,extended_logistic,0.2,267,0.163242431980697,2021
100275,2025-10,1,extended_logistic,0.2,268,0.1629891312423514,2021
101186,2025-10,1,extended_logistic,0.2,269,0.1629734553549321,2021
100148,2025-10,0,extended_logistic,0.2,270,0.1628004440277143,2021
101353,2025-10,0,extended_logistic,0.2,271,0.1623966533923687,2021
100503,2025-10,0,extended_logistic,0.2,272,0.1622837718563448,2021
101996,2025-10,0,extended_logistic,0.2,273,0.1622774336034096,2021
101287,2025-10,0,extended_logistic,0.2,274,0.161616000154331,2021
100104,2025-10,0,extended_logistic,0.2,275,0.1611341460775069,2021
100151,2025-10,0,extended_logistic,0.2,276,0.1609175448165182,2021
101534,2025-10,0,extended_logistic,0.2,277,0.1607503105375693,2021
100550,2025-10,0,extended_logistic,0.2,278,0.1601817811497618,2021
100210,2025-10,1,extended_logistic,0.2,279,0.1601100768878846,2021
100912,2025-10,0,extended_logistic,0.2,280,0.160106626777556,2021
101346,2025-10,0,extended_logistic,0.2,281,0.1599072292260233,2021
101507,2025-10,0,extended_logistic,0.2,282,0.1596042493134668,2021
101327,2025-10,0,extended_logistic,0.2,283,0.1592049943757152,2021
100806,2025-10,0,extended_logistic,0.2,284,0.1583004462861513,2021
101958,2025-10,0,extended_logistic,0.2,285,0.157690470198189,2021
100846,2025-10,0,extended_logistic,0.2,286,0.157575628158146,2021
101428,2025-10,0,extended_logistic,0.2,287,0.1575030622847586,2021
100092,2025-10,0,extended_logistic,0.2,288,0.1574713450171971,2021
100899,2025-10,0,extended_logistic,0.2,289,0.1571185754947511,2021
100564,2025-10,0,extended_logistic,0.2,290,0.1566169737895181,2021
100971,2025-10,0,extended_logistic,0.2,291,0.1565913421998236,2021
101298,2025-10,0,extended_logistic,0.2,292,0.1565722622112252,2021
101866,2025-10,1,extended_logistic,0.2,293,0.1560011565962584,2021
101910,2025-10,0,extended_logistic,0.2,294,0.1554088379014433,2021
101736,2025-10,0,extended_logistic,0.2,295,0.1552288313276028,2021
100605,2025-10,0,extended_logistic,0.2,296,0.155121121751015,2021
100560,2025-10,0,extended_logistic,0.2,297,0.1551064456318981,2021
101078,2025-10,0,extended_logistic,0.2,298,0.1546492946829441,2021
102053,2025-10,1,extended_logistic,0.2,299,0.1545323960179906,2021
101400,2025-10,0,extended_logistic,0.2,300,0.1542930638513656,2021
102075,2025-10,0,extended_logistic,0.2,301,0.1542087291323915,2021
101917,2025-10,0,extended_logistic,0.2,302,0.1541738503640667,2021
100225,2025-10,0,extended_logistic,0.2,303,0.1535028011311802,2021
100481,2025-10,0,extended_logistic,0.2,304,0.153400972818576,2021
101820,2025-10,0,extended_logistic,0.2,305,0.1525310423281119,2021
100792,2025-10,0,extended_logistic,0.2,306,0.1522603358573697,2021
101336,2025-10,0,extended_logistic,0.2,307,0.1517306809911696,2021
101547,2025-10,0,extended_logistic,0.2,308,0.1517209244434408,2021
101219,2025-10,0,extended_logistic,0.2,309,0.1503493701663933,2021
101619,2025-10,0,extended_logistic,0.2,310,0.1502246116677217,2021
101001,2025-10,0,extended_logistic,0.2,311,0.1499187962950154,2021
101600,2025-10,0,extended_logistic,0.2,312,0.1498010954693068,2021
101334,2025-10,0,extended_logistic,0.2,313,0.149506747545203,2021
101026,2025-10,0,extended_logistic,0.2,314,0.1491491651798219,2021
101368,2025-10,0,extended_logistic,0.2,315,0.1490171618328445,2021
100869,2025-10,0,extended_logistic,0.2,316,0.1486926127890194,2021
101881,2025-10,0,extended_logistic,0.2,317,0.1486260437817975,2021
100283,2025-10,1,extended_logistic,0.2,318,0.1478370300338748,2021
101133,2025-10,0,extended_logistic,0.2,319,0.1476083540006669,2021
101349,2025-10,0,extended_logistic,0.2,320,0.1467812829566922,2021
101005,2025-10,0,extended_logistic,0.2,321,0.1466494898089025,2021
101325,2025-10,0,extended_logistic,0.2,322,0.1464035452248664,2021
100296,2025-10,0,extended_logistic,0.2,323,0.1462728019875366,2021
101068,2025-10,0,extended_logistic,0.2,324,0.1461059596370867,2021
100264,2025-10,0,extended_logistic,0.2,325,0.1460337590116498,2021
101215,2025-10,0,extended_logistic,0.2,326,0.1458241835299928,2021
101384,2025-10,0,extended_logistic,0.2,327,0.1458117112194397,2021
101798,2025-10,0,extended_logistic,0.2,328,0.1453884163962116,2021
100803,2025-10,1,extended_logistic,0.2,329,0.1448531494849213,2021
100615,2025-10,0,extended_logistic,0.2,330,0.1447365418794,2021
100350,2025-10,0,extended_logistic,0.2,331,0.1447285578294983,2021
101089,2025-10,0,extended_logistic,0.2,332,0.1446017956828281,2021
100286,2025-10,0,extended_logistic,0.2,333,0.1442731407634296,2021
101216,2025-10,1,extended_logistic,0.2,334,0.1438355098560449,2021
100686,2025-10,0,extended_logistic,0.2,335,0.1430223235531615,2021
100243,2025-10,0,extended_logistic,0.2,336,0.1427813004983548,2021
101952,2025-10,0,extended_logistic,0.2,337,0.142365070995495,2021
100843,2025-10,0,extended_logistic,0.2,338,0.142198342825175,2021
100681,2025-10,0,extended_logistic,0.2,339,0.1421541931100294,2021
101735,2025-10,0,extended_logistic,0.2,340,0.1412380537583973,2021
101709,2025-10,0,extended_logistic,0.2,341,0.1410789151608565,2021
101636,2025-10,0,extended_logistic,0.2,342,0.140950773499268,2021
100555,2025-10,0,extended_logistic,0.2,343,0.1409345981976274,2021
100470,2025-10,0,extended_logistic,0.2,344,0.1408864970304381,2021
101791,2025-10,0,extended_logistic,0.2,345,0.1405448870990527,2021
101673,2025-10,0,extended_logistic,0.2,346,0.1403144548990488,2021
100696,2025-10,0,extended_logistic,0.2,347,0.1401055955273703,2021
100222,2025-10,0,extended_logistic,0.2,348,0.1399110449015421,2021
101018,2025-10,0,extended_logistic,0.2,349,0.1399062538427609,2021
101883,2025-10,0,extended_logistic,0.2,350,0.1397502692755052,2021
100679,2025-10,0,extended_logistic,0.2,351,0.1395288587811816,2021
100877,2025-10,0,extended_logistic,0.2,352,0.1393954960493005,2021
101071,2025-10,0,extended_logistic,0.2,353,0.1391996765661745,2021
100039,2025-10,0,extended_logistic,0.2,354,0.1388589881546276,2021
101990,2025-10,0,extended_logistic,0.2,355,0.1387427268886939,2021
100589,2025-10,0,extended_logistic,0.2,356,0.1386406998315704,2021
100115,2025-10,0,extended_logistic,0.2,357,0.1384071466774727,2021
100585,2025-10,0,extended_logistic,0.2,358,0.1381320265757478,2021
101936,2025-10,0,extended_logistic,0.2,359,0.1377721230333684,2021
100117,2025-10,0,extended_logistic,0.2,360,0.1377630490786158,2021
101076,2025-10,0,extended_logistic,0.2,361,0.1376327726479174,2021
102043,2025-10,1,extended_logistic,0.2,362,0.1374623112819967,2021
101437,2025-10,0,extended_logistic,0.2,363,0.1371984571997224,2021
101823,2025-10,0,extended_logistic,0.2,364,0.1370583256420773,2021
101260,2025-10,0,extended_logistic,0.2,365,0.1368638652374787,2021
100295,2025-10,0,extended_logistic,0.2,366,0.1366036948486895,2021
101196,2025-10,0,extended_logistic,0.2,367,0.1364127771331775,2021
101589,2025-10,0,extended_logistic,0.2,368,0.1363442607689254,2021
101273,2025-10,0,extended_logistic,0.2,369,0.1358873880447056,2021
100968,2025-10,0,extended_logistic,0.2,370,0.1358435439670788,2021
101787,2025-10,0,extended_logistic,0.2,371,0.1352608232067991,2021
101247,2025-10,0,extended_logistic,0.2,372,0.1348738799263715,2021
100676,2025-10,0,extended_logistic,0.2,373,0.1348006916289753,2021
101419,2025-10,1,extended_logistic,0.2,374,0.1343865300371879,2021
100752,2025-10,0,extended_logistic,0.2,375,0.1342925345177464,2021
101780,2025-10,1,extended_logistic,0.2,376,0.1338151394074398,2021
101086,2025-10,0,extended_logistic,0.2,377,0.1337551200260899,2021
101253,2025-10,0,extended_logistic,0.2,378,0.1335259647283101,2021
101379,2025-10,0,extended_logistic,0.2,379,0.1330206268885219,2021
100932,2025-10,0,extended_logistic,0.2,380,0.1328576973271086,2021
101137,2025-10,0,extended_logistic,0.2,381,0.1328096484855082,2021
101181,2025-10,0,extended_logistic,0.2,382,0.1324220107340999,2021
100662,2025-10,0,extended_logistic,0.2,383,0.1321758326280935,2021
101580,2025-10,0,extended_logistic,0.2,384,0.1320649429302071,2021
100136,2025-10,0,extended_logistic,0.2,385,0.1318094322723483,2021
101455,2025-10,0,extended_logistic,0.2,386,0.1317909794873534,2021
100256,2025-10,0,extended_logistic,0.2,387,0.131455490686132,2021
100025,2025-10,1,extended_logistic,0.2,388,0.1314500256144471,2021
101229,2025-10,0,extended_logistic,0.2,389,0.1313600330877073,2021
101029,2025-10,0,extended_logistic,0.2,390,0.1313502217757145,2021
101421,2025-10,0,extended_logistic,0.2,391,0.1312582326678535,2021
101829,2025-10,0,extended_logistic,0.2,392,0.1308944205766234,2021
100656,2025-10,0,extended_logistic,0.2,393,0.1308599995027074,2021
100745,2025-10,0,extended_logistic,0.2,394,0.1307289411921863,2021
100216,2025-10,0,extended_logistic,0.2,395,0.1303007242325547,2021
101460,2025-10,0,extended_logistic,0.2,396,0.130258866447844,2021
101406,2025-10,0,extended_logistic,0.2,397,0.1299850912786188,2021
101164,2025-10,0,extended_logistic,0.2,398,0.1299802318019354,2021
101461,2025-10,0,extended_logistic,0.2,399,0.1299131295509346,2021
100440,2025-10,0,extended_logistic,0.2,400,0.1296941579585176,2021
100669,2025-10,0,extended_logistic,0.2,401,0.1295324487925658,2021
100616,2025-10,0,extended_logistic,0.2,402,0.1294905046775391,2021
100815,2025-10,0,extended_logistic,0.2,403,0.1293431332283073,2021
100583,2025-10,0,extended_logistic,0.2,404,0.1283704630581877,2021
100726,2025-10,0,extended_logistic,0.2,405,0.1282356201629783,2021
100519,2025-11,0,decile,0.05,1,1.0,2017
100340,2025-11,0,decile,0.05,2,1.0,2017
101084,2025-11,0,decile,0.05,3,1.0,2017
100624,2025-11,1,decile,0.05,4,1.0,2017
100015,2025-11,0,decile,0.05,5,1.0,2017
101692,2025-11,0,decile,0.05,6,1.0,2017
101642,2025-11,0,decile,0.05,7,1.0,2017
100073,2025-11,0,decile,0.05,8,1.0,2017
100218,2025-11,0,decile,0.05,9,1.0,2017
101071,2025-11,0,decile,0.05,10,1.0,2017
101909,2025-11,0,decile,0.05,11,1.0,2017
101379,2025-11,0,decile,0.05,12,1.0,2017
101945,2025-11,0,decile,0.05,13,1.0,2017
100882,2025-11,0,decile,0.05,14,1.0,2017
101839,2025-11,0,decile,0.05,15,1.0,2017
100056,2025-11,0,decile,0.05,16,1.0,2017
101598,2025-11,0,decile,0.05,17,1.0,2017
100901,2025-11,0,decile,0.05,18,1.0,2017
101788,2025-11,0,decile,0.05,19,1.0,2017
100968,2025-11,0,decile,0.05,20,1.0,2017
101449,2025-11,0,decile,0.05,21,1.0,2017
101367,2025-11,0,decile,0.05,22,1.0,2017
100453,2025-11,0,decile,0.05,23,1.0,2017
100744,2025-11,0,decile,0.05,24,1.0,2017
100752,2025-11,0,decile,0.05,25,1.0,2017
101761,2025-11,1,decile,0.05,26,1.0,2017
102051,2025-11,0,decile,0.05,27,1.0,2017
101857,2025-11,0,decile,0.05,28,1.0,2017
101505,2025-11,0,decile,0.05,29,1.0,2017
102053,2025-11,1,decile,0.05,30,1.0,2017
102078,2025-11,0,decile,0.05,31,1.0,2017
100197,2025-11,0,decile,0.05,32,1.0,2017
101971,2025-11,0,decile,0.05,33,1.0,2017
101676,2025-11,0,decile,0.05,34,1.0,2017
101601,2025-11,0,decile,0.05,35,1.0,2017
101160,2025-11,0,decile,0.05,36,1.0,2017
101607,2025-11,0,decile,0.05,37,1.0,2017
100216,2025-11,0,decile,0.05,38,1.0,2017
101776,2025-11,0,decile,0.05,39,1.0,2017
101455,2025-11,0,decile,0.05,40,1.0,2017
101140,2025-11,0,decile,0.05,41,1.0,2017
101471,2025-11,0,decile,0.05,42,1.0,2017
101709,2025-11,0,decile,0.05,43,1.0,2017
101077,2025-11,0,decile,0.05,44,1.0,2017
101672,2025-11,0,decile,0.05,45,1.0,2017
100559,2025-11,0,decile,0.05,46,1.0,2017
100332,2025-11,0,decile,0.05,47,1.0,2017
100564,2025-11,0,decile,0.05,48,1.0,2017
102079,2025-11,0,decile,0.05,49,1.0,2017
101660,2025-11,0,decile,0.05,50,1.0,2017
101543,2025-11,0,decile,0.05,51,1.0,2017
100795,2025-11,0,decile,0.05,52,1.0,2017
100161,2025-11,0,decile,0.05,53,1.0,2017
101067,2025-11,0,decile,0.05,54,1.0,2017
101437,2025-11,0,decile,0.05,55,1.0,2017
102044,2025-11,0,decile,0.05,56,1.0,2017
100610,2025-11,0,decile,0.05,57,1.0,2017
100627,2025-11,1,decile,0.05,58,1.0,2017
101527,2025-11,0,decile,0.05,59,1.0,2017
101478,2025-11,0,decile,0.05,60,1.0,2017
100775,2025-11,1,decile,0.05,61,1.0,2017
100698,2025-11,0,decile,0.05,62,1.0,2017
101772,2025-11,0,decile,0.05,63,1.0,2017
100724,2025-11,0,decile,0.05,64,1.0,2017
101173,2025-11,0,decile,0.05,65,1.0,2017
100017,2025-11,0,decile,0.05,66,1.0,2017
101305,2025-11,0,decile,0.05,67,1.0,2017
101890,2025-11,0,decile,0.05,68,1.0,2017
100686,2025-11,0,decile,0.05,69,1.0,2017
100745,2025-11,0,decile,0.05,70,1.0,2017
101414,2025-11,1,decile,0.05,71,1.0,2017
101752,2025-11,1,decile,0.05,72,1.0,2017
100215,2025-11,1,decile,0.05,73,1.0,2017
100560,2025-11,0,decile,0.05,74,1.0,2017
100041,2025-11,0,decile,0.05,75,1.0,2017
101639,2025-11,0,decile,0.05,76,1.0,2017
100661,2025-11,1,decile,0.05,77,1.0,2017
100592,2025-11,0,decile,0.05,78,1.0,2017
101365,2025-11,0,decile,0.05,79,1.0,2017
100530,2025-11,0,decile,0.05,80,1.0,2017
100066,2025-11,0,decile,0.05,81,1.0,2017
101309,2025-11,0,decile,0.05,82,1.0,2017
100275,2025-11,0,decile,0.05,83,1.0,2017
100276,2025-11,0,decile,0.05,84,1.0,2017
101350,2025-11,0,decile,0.05,85,1.0,2017
100694,2025-11,0,decile,0.05,86,1.0,2017
101448,2025-11,1,decile,0.05,87,1.0,2017
100229,2025-11,0,decile,0.05,88,1.0,2017
102063,2025-11,0,decile,0.05,89,1.0,2017
100170,2025-11,0,decile,0.05,90,1.0,2017
102019,2025-11,0,decile,0.05,91,1.0,2017
102037,2025-11,0,decile,0.05,92,1.0,2017
101837,2025-11,0,decile,0.05,93,1.0,2017
101301,2025-11,0,decile,0.05,94,1.0,2017
100665,2025-11,0,decile,0.05,95,1.0,2017
100774,2025-11,0,decile,0.05,96,1.0,2017
101466,2025-11,0,decile,0.05,97,1.0,2017
101246,2025-11,0,decile,0.05,98,1.0,2017
100115,2025-11,0,decile,0.05,99,1.0,2017
100322,2025-11,0,decile,0.05,100,1.0,2017
100361,2025-11,0,decile,0.05,101,1.0,2017
100519,2025-11,0,decile,0.1,1,1.0,2017
100340,2025-11,0,decile,0.1,2,1.0,2017
101084,2025-11,0,decile,0.1,3,1.0,2017
100624,2025-11,1,decile,0.1,4,1.0,2017
100015,2025-11,0,decile,0.1,5,1.0,2017
101692,2025-11,0,decile,0.1,6,1.0,2017
101642,2025-11,0,decile,0.1,7,1.0,2017
100073,2025-11,0,decile,0.1,8,1.0,2017
100218,2025-11,0,decile,0.1,9,1.0,2017
101071,2025-11,0,decile,0.1,10,1.0,2017
101909,2025-11,0,decile,0.1,11,1.0,2017
101379,2025-11,0,decile,0.1,12,1.0,2017
101945,2025-11,0,decile,0.1,13,1.0,2017
100882,2025-11,0,decile,0.1,14,1.0,2017
101839,2025-11,0,decile,0.1,15,1.0,2017
100056,2025-11,0,decile,0.1,16,1.0,2017
101598,2025-11,0,decile,0.1,17,1.0,2017
100901,2025-11,0,decile,0.1,18,1.0,2017
101788,2025-11,0,decile,0.1,19,1.0,2017
100968,2025-11,0,decile,0.1,20,1.0,2017
101449,2025-11,0,decile,0.1,21,1.0,2017
101367,2025-11,0,decile,0.1,22,1.0,2017
100453,2025-11,0,decile,0.1,23,1.0,2017
100744,2025-11,0,decile,0.1,24,1.0,2017
100752,2025-11,0,decile,0.1,25,1.0,2017
101761,2025-11,1,decile,0.1,26,1.0,2017
102051,2025-11,0,decile,0.1,27,1.0,2017
101857,2025-11,0,decile,0.1,28,1.0,2017
101505,2025-11,0,decile,0.1,29,1.0,2017
102053,2025-11,1,decile,0.1,30,1.0,2017
102078,2025-11,0,decile,0.1,31,1.0,2017
100197,2025-11,0,decile,0.1,32,1.0,2017
101971,2025-11,0,decile,0.1,33,1.0,2017
101676,2025-11,0,decile,0.1,34,1.0,2017
101601,2025-11,0,decile,0.1,35,1.0,2017
101160,2025-11,0,decile,0.1,36,1.0,2017
101607,2025-11,0,decile,0.1,37,1.0,2017
100216,2025-11,0,decile,0.1,38,1.0,2017
101776,2025-11,0,decile,0.1,39,1.0,2017
101455,2025-11,0,decile,0.1,40,1.0,2017
101140,2025-11,0,decile,0.1,41,1.0,2017
101471,2025-11,0,decile,0.1,42,1.0,2017
101709,2025-11,0,decile,0.1,43,1.0,2017
101077,2025-11,0,decile,0.1,44,1.0,2017
101672,2025-11,0,decile,0.1,45,1.0,2017
100559,2025-11,0,decile,0.1,46,1.0,2017
100332,2025-11,0,decile,0.1,47,1.0,2017
100564,2025-11,0,decile,0.1,48,1.0,2017
102079,2025-11,0,decile,0.1,49,1.0,2017
101660,2025-11,0,decile,0.1,50,1.0,2017
101543,2025-11,0,decile,0.1,51,1.0,2017
100795,2025-11,0,decile,0.1,52,1.0,2017
100161,2025-11,0,decile,0.1,53,1.0,2017
101067,2025-11,0,decile,0.1,54,1.0,2017
101437,2025-11,0,decile,0.1,55,1.0,2017
102044,2025-11,0,decile,0.1,56,1.0,2017
100610,2025-11,0,decile,0.1,57,1.0,2017
100627,2025-11,1,decile,0.1,58,1.0,2017
101527,2025-11,0,decile,0.1,59,1.0,2017
101478,2025-11,0,decile,0.1,60,1.0,2017
100775,2025-11,1,decile,0.1,61,1.0,2017
100698,2025-11,0,decile,0.1,62,1.0,2017
101772,2025-11,0,decile,0.1,63,1.0,2017
100724,2025-11,0,decile,0.1,64,1.0,2017
101173,2025-11,0,decile,0.1,65,1.0,2017
100017,2025-11,0,decile,0.1,66,1.0,2017
101305,2025-11,0,decile,0.1,67,1.0,2017
101890,2025-11,0,decile,0.1,68,1.0,2017
100686,2025-11,0,decile,0.1,69,1.0,2017
100745,2025-11,0,decile,0.1,70,1.0,2017
101414,2025-11,1,decile,0.1,71,1.0,2017
101752,2025-11,1,decile,0.1,72,1.0,2017
100215,2025-11,1,decile,0.1,73,1.0,2017
100560,2025-11,0,decile,0.1,74,1.0,2017
100041,2025-11,0,decile,0.1,75,1.0,2017
101639,2025-11,0,decile,0.1,76,1.0,2017
100661,2025-11,1,decile,0.1,77,1.0,2017
100592,2025-11,0,decile,0.1,78,1.0,2017
101365,2025-11,0,decile,0.1,79,1.0,2017
100530,2025-11,0,decile,0.1,80,1.0,2017
100066,2025-11,0,decile,0.1,81,1.0,2017
101309,2025-11,0,decile,0.1,82,1.0,2017
100275,2025-11,0,decile,0.1,83,1.0,2017
100276,2025-11,0,decile,0.1,84,1.0,2017
101350,2025-11,0,decile,0.1,85,1.0,2017
100694,2025-11,0,decile,0.1,86,1.0,2017
101448,2025-11,1,decile,0.1,87,1.0,2017
100229,2025-11,0,decile,0.1,88,1.0,2017
102063,2025-11,0,decile,0.1,89,1.0,2017
100170,2025-11,0,decile,0.1,90,1.0,2017
102019,2025-11,0,decile,0.1,91,1.0,2017
102037,2025-11,0,decile,0.1,92,1.0,2017
101837,2025-11,0,decile,0.1,93,1.0,2017
101301,2025-11,0,decile,0.1,94,1.0,2017
100665,2025-11,0,decile,0.1,95,1.0,2017
100774,2025-11,0,decile,0.1,96,1.0,2017
101466,2025-11,0,decile,0.1,97,1.0,2017
101246,2025-11,0,decile,0.1,98,1.0,2017
100115,2025-11,0,decile,0.1,99,1.0,2017
100322,2025-11,0,decile,0.1,100,1.0,2017
100361,2025-11,0,decile,0.1,101,1.0,2017
101489,2025-11,0,decile,0.1,102,1.0,2017
100298,2025-11,0,decile,0.1,103,1.0,2017
100175,2025-11,0,decile,0.1,104,1.0,2017
100636,2025-11,0,decile,0.1,105,1.0,2017
100817,2025-11,1,decile,0.1,106,1.0,2017
102040,2025-11,0,decile,0.1,107,1.0,2017
100166,2025-11,0,decile,0.1,108,1.0,2017
100936,2025-11,0,decile,0.1,109,1.0,2017
101228,2025-11,0,decile,0.1,110,1.0,2017
101922,2025-11,0,decile,0.1,111,1.0,2017
100876,2025-11,0,decile,0.1,112,1.0,2017
101412,2025-11,0,decile,0.1,113,1.0,2017
100644,2025-11,0,decile,0.1,114,1.0,2017
100422,2025-11,0,decile,0.1,115,1.0,2017
100773,2025-11,0,decile,0.1,116,1.0,2017
102096,2025-11,0,decile,0.1,117,1.0,2017
101406,2025-11,0,decile,0.1,118,1.0,2017
101645,2025-11,0,decile,0.1,119,1.0,2017
100267,2025-11,0,decile,0.1,120,1.0,2017
101871,2025-11,1,decile,0.1,121,1.0,2017
100672,2025-11,0,decile,0.1,122,1.0,2017
101319,2025-11,0,decile,0.1,123,1.0,2017
100148,2025-11,0,decile,0.1,124,1.0,2017
101928,2025-11,0,decile,0.1,125,1.0,2017
102029,2025-11,0,decile,0.1,126,1.0,2017
100256,2025-11,0,decile,0.1,127,1.0,2017
100334,2025-11,0,decile,0.1,128,1.0,2017
100803,2025-11,1,decile,0.1,129,1.0,2017
100123,2025-11,0,decile,0.1,130,1.0,2017
101097,2025-11,0,decile,0.1,131,1.0,2017
100585,2025-11,0,decile,0.1,132,1.0,2017
100508,2025-11,0,decile,0.1,133,1.0,2017
100214,2025-11,0,decile,0.1,134,1.0,2017
102090,2025-11,1,decile,0.1,135,1.0,2017
101382,2025-11,0,decile,0.1,136,1.0,2017
101620,2025-11,0,decile,0.1,137,1.0,2017
101087,2025-11,0,decile,0.1,138,1.0,2017
101883,2025-11,0,decile,0.1,139,1.0,2017
101320,2025-11,0,decile,0.1,140,1.0,2017
100496,2025-11,0,decile,0.1,141,1.0,2017
101878,2025-11,0,decile,0.1,142,1.0,2017
101154,2025-11,0,decile,0.1,143,1.0,2017
100990,2025-11,0,decile,0.1,144,1.0,2017
100702,2025-11,0,decile,0.1,145,1.0,2017
101990,2025-11,1,decile,0.1,146,1.0,2017
100579,2025-11,1,decile,0.1,147,1.0,2017
101965,2025-11,1,decile,0.1,148,1.0,2017
101888,2025-11,0,decile,0.1,149,1.0,2017
100854,2025-11,0,decile,0.1,150,1.0,2017
100758,2025-11,0,decile,0.1,151,1.0,2017
101044,2025-11,1,decile,0.1,152,1.0,2017
100104,2025-11,0,decile,0.1,153,1.0,2017
101754,2025-11,0,decile,0.1,154,1.0,2017
100877,2025-11,0,decile,0.1,155,1.0,2017
101916,2025-11,0,decile,0.1,156,1.0,2017
102081,2025-11,0,decile,0.1,157,1.0,2017
101726,2025-11,1,decile,0.1,158,1.0,2017
101690,2025-11,0,decile,0.1,159,1.0,2017
101724,2025-11,1,decile,0.1,160,1.0,2017
100912,2025-11,1,decile,0.1,161,1.0,2017
100878,2025-11,0,decile,0.1,162,1.0,2017
100925,2025-11,1,decile,0.1,163,1.0,2017
101798,2025-11,0,decile,0.1,164,1.0,2017
100777,2025-11,0,decile,0.1,165,1.0,2017
100608,2025-11,0,decile,0.1,166,1.0,2017
101952,2025-11,1,decile,0.1,167,1.0,2017
100992,2025-11,0,decile,0.1,168,1.0,2017
101656,2025-11,1,decile,0.1,169,1.0,2017
100684,2025-11,0,decile,0.1,170,1.0,2017
101378,2025-11,0,decile,0.1,171,1.0,2017
101613,2025-11,0,decile,0.1,172,1.0,2017
100242,2025-11,0,decile,0.1,173,1.0,2017
101727,2025-11,1,decile,0.1,174,1.0,2017
100823,2025-11,0,decile,0.1,175,1.0,2017
100829,2025-11,0,decile,0.1,176,1.0,2017
101280,2025-11,1,decile,0.1,177,1.0,2017
100704,2025-11,0,decile,0.1,178,1.0,2017
101684,2025-11,1,decile,0.1,179,1.0,2017
101124,2025-11,0,decile,0.1,180,1.0,2017
101202,2025-11,1,decile,0.1,181,1.0,2017
101276,2025-11,0,decile,0.1,182,1.0,2017
100892,2025-11,0,decile,0.1,183,1.0,2017
101913,2025-11,0,decile,0.1,184,1.0,2017
100609,2025-11,0,decile,0.1,185,1.0,2017
101638,2025-11,0,decile,0.1,186,1.0,2017
100383,2025-11,0,decile,0.1,187,1.0,2017
101886,2025-11,1,decile,0.1,188,1.0,2017
101005,2025-11,0,decile,0.1,189,1.0,2017
100708,2025-11,0,decile,0.1,190,1.0,2017
101569,2025-11,0,decile,0.1,191,1.0,2017
101282,2025-11,0,decile,0.1,192,1.0,2017
100977,2025-11,1,decile,0.1,193,1.0,2017
100241,2025-11,0,decile,0.1,194,1.0,2017
101447,2025-11,0,decile,0.1,195,1.0,2017
102025,2025-11,0,decile,0.1,196,1.0,2017
101811,2025-11,0,decile,0.1,197,1.0,2017
100300,2025-11,0,decile,0.1,198,1.0,2017
101578,2025-11,0,decile,0.1,199,1.0,2017
100193,2025-11,0,decile,0.1,200,1.0,2017
101259,2025-11,0,decile,0.1,201,1.0,2017
100587,2025-11,0,decile,0.1,202,1.0,2017
100519,2025-11,0,decile,0.2,1,1.0,2017
100340,2025-11,0,decile,0.2,2,1.0,2017
101084,2025-11,0,decile,0.2,3,1.0,2017
100624,2025-11,1,decile,0.2,4,1.0,2017
100015,2025-11,0,decile,0.2,5,1.0,2017
101692,2025-11,0,decile,0.2,6,1.0,2017
101642,2025-11,0,decile,0.2,7,1.0,2017
100073,2025-11,0,decile,0.2,8,1.0,2017
100218,2025-11,0,decile,0.2,9,1.0,2017
101071,2025-11,0,decile,0.2,10,1.0,2017
101909,2025-11,0,decile,0.2,11,1.0,2017
101379,2025-11,0,decile,0.2,12,1.0,2017
101945,2025-11,0,decile,0.2,13,1.0,2017
100882,2025-11,0,decile,0.2,14,1.0,2017
101839,2025-11,0,decile,0.2,15,1.0,2017
100056,2025-11,0,decile,0.2,16,1.0,2017
101598,2025-11,0,decile,0.2,17,1.0,2017
100901,2025-11,0,decile,0.2,18,1.0,2017
101788,2025-11,0,decile,0.2,19,1.0,2017
100968,2025-11,0,decile,0.2,20,1.0,2017
101449,2025-11,0,decile,0.2,21,1.0,2017
101367,2025-11,0,decile,0.2,22,1.0,2017
100453,2025-11,0,decile,0.2,23,1.0,2017
100744,2025-11,0,decile,0.2,24,1.0,2017
100752,2025-11,0,decile,0.2,25,1.0,2017
101761,2025-11,1,decile,0.2,26,1.0,2017
102051,2025-11,0,decile,0.2,27,1.0,2017
101857,2025-11,0,decile,0.2,28,1.0,2017
101505,2025-11,0,decile,0.2,29,1.0,2017
102053,2025-11,1,decile,0.2,30,1.0,2017
102078,2025-11,0,decile,0.2,31,1.0,2017
100197,2025-11,0,decile,0.2,32,1.0,2017
101971,2025-11,0,decile,0.2,33,1.0,2017
101676,2025-11,0,decile,0.2,34,1.0,2017
101601,2025-11,0,decile,0.2,35,1.0,2017
101160,2025-11,0,decile,0.2,36,1.0,2017
101607,2025-11,0,decile,0.2,37,1.0,2017
100216,2025-11,0,decile,0.2,38,1.0,2017
101776,2025-11,0,decile,0.2,39,1.0,2017
101455,2025-11,0,decile,0.2,40,1.0,2017
101140,2025-11,0,decile,0.2,41,1.0,2017
101471,2025-11,0,decile,0.2,42,1.0,2017
101709,2025-11,0,decile,0.2,43,1.0,2017
101077,2025-11,0,decile,0.2,44,1.0,2017
101672,2025-11,0,decile,0.2,45,1.0,2017
100559,2025-11,0,decile,0.2,46,1.0,2017
100332,2025-11,0,decile,0.2,47,1.0,2017
100564,2025-11,0,decile,0.2,48,1.0,2017
102079,2025-11,0,decile,0.2,49,1.0,2017
101660,2025-11,0,decile,0.2,50,1.0,2017
101543,2025-11,0,decile,0.2,51,1.0,2017
100795,2025-11,0,decile,0.2,52,1.0,2017
100161,2025-11,0,decile,0.2,53,1.0,2017
101067,2025-11,0,decile,0.2,54,1.0,2017
101437,2025-11,0,decile,0.2,55,1.0,2017
102044,2025-11,0,decile,0.2,56,1.0,2017
100610,2025-11,0,decile,0.2,57,1.0,2017
100627,2025-11,1,decile,0.2,58,1.0,2017
101527,2025-11,0,decile,0.2,59,1.0,2017
101478,2025-11,0,decile,0.2,60,1.0,2017
100775,2025-11,1,decile,0.2,61,1.0,2017
100698,2025-11,0,decile,0.2,62,1.0,2017
101772,2025-11,0,decile,0.2,63,1.0,2017
100724,2025-11,0,decile,0.2,64,1.0,2017
101173,2025-11,0,decile,0.2,65,1.0,2017
100017,2025-11,0,decile,0.2,66,1.0,2017
101305,2025-11,0,decile,0.2,67,1.0,2017
101890,2025-11,0,decile,0.2,68,1.0,2017
100686,2025-11,0,decile,0.2,69,1.0,2017
100745,2025-11,0,decile,0.2,70,1.0,2017
101414,2025-11,1,decile,0.2,71,1.0,2017
101752,2025-11,1,decile,0.2,72,1.0,2017
100215,2025-11,1,decile,0.2,73,1.0,2017
100560,2025-11,0,decile,0.2,74,1.0,2017
100041,2025-11,0,decile,0.2,75,1.0,2017
101639,2025-11,0,decile,0.2,76,1.0,2017
100661,2025-11,1,decile,0.2,77,1.0,2017
100592,2025-11,0,decile,0.2,78,1.0,2017
101365,2025-11,0,decile,0.2,79,1.0,2017
100530,2025-11,0,decile,0.2,80,1.0,2017
100066,2025-11,0,decile,0.2,81,1.0,2017
101309,2025-11,0,decile,0.2,82,1.0,2017
100275,2025-11,0,decile,0.2,83,1.0,2017
100276,2025-11,0,decile,0.2,84,1.0,2017
101350,2025-11,0,decile,0.2,85,1.0,2017
100694,2025-11,0,decile,0.2,86,1.0,2017
101448,2025-11,1,decile,0.2,87,1.0,2017
100229,2025-11,0,decile,0.2,88,1.0,2017
102063,2025-11,0,decile,0.2,89,1.0,2017
100170,2025-11,0,decile,0.2,90,1.0,2017
102019,2025-11,0,decile,0.2,91,1.0,2017
102037,2025-11,0,decile,0.2,92,1.0,2017
101837,2025-11,0,decile,0.2,93,1.0,2017
101301,2025-11,0,decile,0.2,94,1.0,2017
100665,2025-11,0,decile,0.2,95,1.0,2017
100774,2025-11,0,decile,0.2,96,1.0,2017
101466,2025-11,0,decile,0.2,97,1.0,2017
101246,2025-11,0,decile,0.2,98,1.0,2017
100115,2025-11,0,decile,0.2,99,1.0,2017
100322,2025-11,0,decile,0.2,100,1.0,2017
100361,2025-11,0,decile,0.2,101,1.0,2017
101489,2025-11,0,decile,0.2,102,1.0,2017
100298,2025-11,0,decile,0.2,103,1.0,2017
100175,2025-11,0,decile,0.2,104,1.0,2017
100636,2025-11,0,decile,0.2,105,1.0,2017
100817,2025-11,1,decile,0.2,106,1.0,2017
102040,2025-11,0,decile,0.2,107,1.0,2017
100166,2025-11,0,decile,0.2,108,1.0,2017
100936,2025-11,0,decile,0.2,109,1.0,2017
101228,2025-11,0,decile,0.2,110,1.0,2017
101922,2025-11,0,decile,0.2,111,1.0,2017
100876,2025-11,0,decile,0.2,112,1.0,2017
101412,2025-11,0,decile,0.2,113,1.0,2017
100644,2025-11,0,decile,0.2,114,1.0,2017
100422,2025-11,0,decile,0.2,115,1.0,2017
100773,2025-11,0,decile,0.2,116,1.0,2017
102096,2025-11,0,decile,0.2,117,1.0,2017
101406,2025-11,0,decile,0.2,118,1.0,2017
101645,2025-11,0,decile,0.2,119,1.0,2017
100267,2025-11,0,decile,0.2,120,1.0,2017
101871,2025-11,1,decile,0.2,121,1.0,2017
100672,2025-11,0,decile,0.2,122,1.0,2017
101319,2025-11,0,decile,0.2,123,1.0,2017
100148,2025-11,0,decile,0.2,124,1.0,2017
101928,2025-11,0,decile,0.2,125,1.0,2017
102029,2025-11,0,decile,0.2,126,1.0,2017
100256,2025-11,0,decile,0.2,127,1.0,2017
100334,2025-11,0,decile,0.2,128,1.0,2017
100803,2025-11,1,decile,0.2,129,1.0,2017
100123,2025-11,0,decile,0.2,130,1.0,2017
101097,2025-11,0,decile,0.2,131,1.0,2017
100585,2025-11,0,decile,0.2,132,1.0,2017
100508,2025-11,0,decile,0.2,133,1.0,2017
100214,2025-11,0,decile,0.2,134,1.0,2017
102090,2025-11,1,decile,0.2,135,1.0,2017
101382,2025-11,0,decile,0.2,136,1.0,2017
101620,2025-11,0,decile,0.2,137,1.0,2017
101087,2025-11,0,decile,0.2,138,1.0,2017
101883,2025-11,0,decile,0.2,139,1.0,2017
101320,2025-11,0,decile,0.2,140,1.0,2017
100496,2025-11,0,decile,0.2,141,1.0,2017
101878,2025-11,0,decile,0.2,142,1.0,2017
101154,2025-11,0,decile,0.2,143,1.0,2017
100990,2025-11,0,decile,0.2,144,1.0,2017
100702,2025-11,0,decile,0.2,145,1.0,2017
101990,2025-11,1,decile,0.2,146,1.0,2017
100579,2025-11,1,decile,0.2,147,1.0,2017
101965,2025-11,1,decile,0.2,148,1.0,2017
101888,2025-11,0,decile,0.2,149,1.0,2017
100854,2025-11,0,decile,0.2,150,1.0,2017
100758,2025-11,0,decile,0.2,151,1.0,2017
101044,2025-11,1,decile,0.2,152,1.0,2017
100104,2025-11,0,decile,0.2,153,1.0,2017
101754,2025-11,0,decile,0.2,154,1.0,2017
100877,2025-11,0,decile,0.2,155,1.0,2017
101916,2025-11,0,decile,0.2,156,1.0,2017
102081,2025-11,0,decile,0.2,157,1.0,2017
101726,2025-11,1,decile,0.2,158,1.0,2017
101690,2025-11,0,decile,0.2,159,1.0,2017
101724,2025-11,1,decile,0.2,160,1.0,2017
100912,2025-11,1,decile,0.2,161,1.0,2017
100878,2025-11,0,decile,0.2,162,1.0,2017
100925,2025-11,1,decile,0.2,163,1.0,2017
101798,2025-11,0,decile,0.2,164,1.0,2017
100777,2025-11,0,decile,0.2,165,1.0,2017
100608,2025-11,0,decile,0.2,166,1.0,2017
101952,2025-11,1,decile,0.2,167,1.0,2017
100992,2025-11,0,decile,0.2,168,1.0,2017
101656,2025-11,1,decile,0.2,169,1.0,2017
100684,2025-11,0,decile,0.2,170,1.0,2017
101378,2025-11,0,decile,0.2,171,1.0,2017
101613,2025-11,0,decile,0.2,172,1.0,2017
100242,2025-11,0,decile,0.2,173,1.0,2017
101727,2025-11,1,decile,0.2,174,1.0,2017
100823,2025-11,0,decile,0.2,175,1.0,2017
100829,2025-11,0,decile,0.2,176,1.0,2017
101280,2025-11,1,decile,0.2,177,1.0,2017
100704,2025-11,0,decile,0.2,178,1.0,2017
101684,2025-11,1,decile,0.2,179,1.0,2017
101124,2025-11,0,decile,0.2,180,1.0,2017
101202,2025-11,1,decile,0.2,181,1.0,2017
101276,2025-11,0,decile,0.2,182,1.0,2017
100892,2025-11,0,decile,0.2,183,1.0,2017
101913,2025-11,0,decile,0.2,184,1.0,2017
100609,2025-11,0,decile,0.2,185,1.0,2017
101638,2025-11,0,decile,0.2,186,1.0,2017
100383,2025-11,0,decile,0.2,187,1.0,2017
101886,2025-11,1,decile,0.2,188,1.0,2017
101005,2025-11,0,decile,0.2,189,1.0,2017
100708,2025-11,0,decile,0.2,190,1.0,2017
101569,2025-11,0,decile,0.2,191,1.0,2017
101282,2025-11,0,decile,0.2,192,1.0,2017
100977,2025-11,1,decile,0.2,193,1.0,2017
100241,2025-11,0,decile,0.2,194,1.0,2017
101447,2025-11,0,decile,0.2,195,1.0,2017
102025,2025-11,0,decile,0.2,196,1.0,2017
101811,2025-11,0,decile,0.2,197,1.0,2017
100300,2025-11,0,decile,0.2,198,1.0,2017
101578,2025-11,0,decile,0.2,199,1.0,2017
100193,2025-11,0,decile,0.2,200,1.0,2017
101259,2025-11,0,decile,0.2,201,1.0,2017
100587,2025-11,0,decile,0.2,202,1.0,2017
100919,2025-11,0,decile,0.2,203,1.0,2017
102094,2025-11,0,decile,0.2,204,1.0,2017
101746,2025-11,1,decile,0.2,205,1.0,2017
101704,2025-11,1,decile,0.2,206,1.0,2017
100485,2025-11,0,decile,0.2,207,1.0,2017
100678,2025-11,0,decile,0.2,208,1.0,2017
102067,2025-11,0,decile,0.2,209,1.0,2017
100670,2025-11,0,decile,0.2,210,1.0,2017
102089,2025-11,1,decile,0.2,211,1.0,2017
100487,2025-11,0,decile,0.2,212,1.0,2017
101783,2025-11,0,decile,0.2,213,1.0,2017
100145,2025-11,0,decile,0.2,214,1.0,2017
100078,2025-11,1,decile,0.2,215,1.0,2017
101516,2025-11,1,decile,0.2,216,1.0,2017
101982,2025-11,0,decile,0.2,217,0.9,2017
101813,2025-11,0,decile,0.2,218,0.9,2017
100292,2025-11,0,decile,0.2,219,0.9,2017
102005,2025-11,0,decile,0.2,220,0.9,2017
100443,2025-11,0,decile,0.2,221,0.9,2017
100762,2025-11,0,decile,0.2,222,0.9,2017
100187,2025-11,0,decile,0.2,223,0.9,2017
100425,2025-11,0,decile,0.2,224,0.9,2017
100233,2025-11,0,decile,0.2,225,0.9,2017
101137,2025-11,0,decile,0.2,226,0.9,2017
101232,2025-11,0,decile,0.2,227,0.9,2017
101702,2025-11,0,decile,0.2,228,0.9,2017
101626,2025-11,0,decile,0.2,229,0.9,2017
101907,2025-11,1,decile,0.2,230,0.9,2017
101951,2025-11,0,decile,0.2,231,0.9,2017
101117,2025-11,0,decile,0.2,232,0.9,2017
101680,2025-11,0,decile,0.2,233,0.9,2017
100985,2025-11,0,decile,0.2,234,0.9,2017
101774,2025-11,0,decile,0.2,235,0.9,2017
100337,2025-11,0,decile,0.2,236,0.9,2017
100376,2025-11,0,decile,0.2,237,0.9,2017
100577,2025-11,0,decile,0.2,238,0.9,2017
100971,2025-11,1,decile,0.2,239,0.9,2017
100524,2025-11,1,decile,0.2,240,0.9,2017
101167,2025-11,0,decile,0.2,241,0.9,2017
101663,2025-11,0,decile,0.2,242,0.9,2017
101078,2025-11,0,decile,0.2,243,0.9,2017
101120,2025-11,0,decile,0.2,244,0.9,2017
101507,2025-11,1,decile,0.2,245,0.9,2017
101499,2025-11,0,decile,0.2,246,0.9,2017
100923,2025-11,0,decile,0.2,247,0.9,2017
101829,2025-11,0,decile,0.2,248,0.9,2017
101035,2025-11,0,decile,0.2,249,0.9,2017
100746,2025-11,0,decile,0.2,250,0.9,2017
101869,2025-11,1,decile,0.2,251,0.9,2017
101377,2025-11,0,decile,0.2,252,0.9,2017
100461,2025-11,0,decile,0.2,253,0.9,2017
100815,2025-11,0,decile,0.2,254,0.9,2017
101647,2025-11,0,decile,0.2,255,0.9,2017
100662,2025-11,0,decile,0.2,256,0.9,2017
101636,2025-11,0,decile,0.2,257,0.9,2017
101009,2025-11,0,decile,0.2,258,0.9,2017
101302,2025-11,0,decile,0.2,259,0.9,2017
100345,2025-11,0,decile,0.2,260,0.9,2017
101823,2025-11,0,decile,0.2,261,0.9,2017
100108,2025-11,0,decile,0.2,262,0.9,2017
101629,2025-11,0,decile,0.2,263,0.9,2017
100929,2025-11,0,decile,0.2,264,0.9,2017
101482,2025-11,0,decile,0.2,265,0.9,2017
100283,2025-11,0,decile,0.2,266,0.9,2017
100796,2025-11,0,decile,0.2,267,0.9,2017
100130,2025-11,1,decile,0.2,268,0.9,2017
101031,2025-11,1,decile,0.2,269,0.9,2017
100952,2025-11,0,decile,0.2,270,0.9,2017
101368,2025-11,0,decile,0.2,271,0.9,2017
100393,2025-11,1,decile,0.2,272,0.9,2017
102027,2025-11,0,decile,0.2,273,0.9,2017
101410,2025-11,0,decile,0.2,274,0.9,2017
100387,2025-11,0,decile,0.2,275,0.9,2017
100303,2025-11,0,decile,0.2,276,0.9,2017
100399,2025-11,0,decile,0.2,277,0.9,2017
101317,2025-11,0,decile,0.2,278,0.9,2017
102075,2025-11,0,decile,0.2,279,0.9,2017
100898,2025-11,0,decile,0.2,280,0.9,2017
101832,2025-11,0,decile,0.2,281,0.9,2017
101529,2025-11,0,decile,0.2,282,0.9,2017
101493,2025-11,0,decile,0.2,283,0.9,2017
101164,2025-11,1,decile,0.2,284,0.9,2017
101464,2025-11,0,decile,0.2,285,0.9,2017
101906,2025-11,0,decile,0.2,286,0.9,2017
100732,2025-11,0,decile,0.2,287,0.9,2017
101895,2025-11,1,decile,0.2,288,0.9,2017
101936,2025-11,0,decile,0.2,289,0.9,2017
102077,2025-11,1,decile,0.2,290,0.9,2017
100239,2025-11,1,decile,0.2,291,0.9,2017
101981,2025-11,0,decile,0.2,292,0.9,2017
101264,2025-11,1,decile,0.2,293,0.9,2017
101474,2025-11,0,decile,0.2,294,0.9,2017
101623,2025-11,0,decile,0.2,295,0.9,2017
101881,2025-11,0,decile,0.2,296,0.9,2017
101719,2025-11,0,decile,0.2,297,0.9,2017
101145,2025-11,0,decile,0.2,298,0.9,2017
100225,2025-11,0,decile,0.2,299,0.9,2017
100913,2025-11,0,decile,0.2,300,0.9,2017
100991,2025-11,0,decile,0.2,301,0.9,2017
101534,2025-11,1,decile,0.2,302,0.9,2017
101393,2025-11,0,decile,0.2,303,0.9,2017
101357,2025-11,0,decile,0.2,304,0.9,2017
100375,2025-11,0,decile,0.2,305,0.9,2017
100531,2025-11,0,decile,0.2,306,0.9,2017
101624,2025-11,0,decile,0.2,307,0.9,2017
101179,2025-11,0,decile,0.2,308,0.9,2017
101571,2025-11,0,decile,0.2,309,0.9,2017
100826,2025-11,0,decile,0.2,310,0.9,2017
101102,2025-11,0,decile,0.2,311,0.9,2017
101903,2025-11,0,decile,0.2,312,0.9,2017
100113,2025-11,0,decile,0.2,313,0.9,2017
101958,2025-11,0,decile,0.2,314,0.9,2017
100488,2025-11,0,decile,0.2,315,0.9,2017
101556,2025-11,0,decile,0.2,316,0.9,2017
101175,2025-11,1,decile,0.2,317,0.9,2017
101001,2025-11,0,decile,0.2,318,0.9,2017
101395,2025-11,1,decile,0.2,319,0.9,2017
100002,2025-11,1,decile,0.2,320,0.9,2017
100177,2025-11,0,decile,0.2,321,0.9,2017
101226,2025-11,0,decile,0.2,322,0.9,2017
100967,2025-11,0,decile,0.2,323,0.9,2017
102045,2025-11,0,decile,0.2,324,0.9,2017
101421,2025-11,1,decile,0.2,325,0.9,2017
100044,2025-11,0,decile,0.2,326,0.9,2017
101322,2025-11,0,decile,0.2,327,0.9,2017
100757,2025-11,0,decile,0.2,328,0.9,2017
100253,2025-11,0,decile,0.2,329,0.9,2017
100526,2025-11,0,decile,0.2,330,0.9,2017
100029,2025-11,0,decile,0.2,331,0.9,2017
101790,2025-11,0,decile,0.2,332,0.9,2017
101944,2025-11,0,decile,0.2,333,0.9,2017
101237,2025-11,1,decile,0.2,334,0.9,2017
101953,2025-11,0,decile,0.2,335,0.9,2017
101336,2025-11,0,decile,0.2,336,0.9,2017
100856,2025-11,0,decile,0.2,337,0.9,2017
100034,2025-11,0,decile,0.2,338,0.9,2017
100591,2025-11,0,decile,0.2,339,0.9,2017
100429,2025-11,0,decile,0.2,340,0.9,2017
100833,2025-11,0,decile,0.2,341,0.9,2017
100238,2025-11,0,decile,0.2,342,0.9,2017
101805,2025-11,0,decile,0.2,343,0.9,2017
102059,2025-11,0,decile,0.2,344,0.9,2017
100910,2025-11,0,decile,0.2,345,0.9,2017
100870,2025-11,0,decile,0.2,346,0.9,2017
101806,2025-11,0,decile,0.2,347,0.9,2017
100139,2025-11,0,decile,0.2,348,0.9,2017
101431,2025-11,0,decile,0.2,349,0.9,2017
101756,2025-11,0,decile,0.2,350,0.9,2017
101825,2025-11,0,decile,0.2,351,0.9,2017
100320,2025-11,0,decile,0.2,352,0.9,2017
100314,2025-11,0,decile,0.2,353,0.9,2017
100167,2025-11,0,decile,0.2,354,0.9,2017
101594,2025-11,0,decile,0.2,355,0.9,2017
101854,2025-11,0,decile,0.2,356,0.9,2017
100880,2025-11,0,decile,0.2,357,0.9,2017
101987,2025-11,0,decile,0.2,358,0.9,2017
101011,2025-11,0,decile,0.2,359,0.9,2017
100899,2025-11,0,decile,0.2,360,0.9,2017
101628,2025-11,0,decile,0.2,361,0.9,2017
100264,2025-11,0,decile,0.2,362,0.9,2017
100681,2025-11,0,decile,0.2,363,0.9,2017
100835,2025-11,1,decile,0.2,364,0.9,2017
100245,2025-11,0,decile,0.2,365,0.9,2017
101986,2025-11,0,decile,0.2,366,0.9,2017
101956,2025-11,0,decile,0.2,367,0.9,2017
100975,2025-11,0,decile,0.2,368,0.9,2017
100924,2025-11,0,decile,0.2,369,0.9,2017
100605,2025-11,0,decile,0.2,370,0.9,2017
100288,2025-11,0,decile,0.2,371,0.9,2017
100768,2025-11,0,decile,0.2,372,0.9,2017
101094,2025-11,0,decile,0.2,373,0.9,2017
100883,2025-11,0,decile,0.2,374,0.9,2017
100727,2025-11,0,decile,0.2,375,0.9,2017
101312,2025-11,1,decile,0.2,376,0.9,2017
101610,2025-11,1,decile,0.2,377,0.9,2017
100052,2025-11,0,decile,0.2,378,0.9,2017
100269,2025-11,0,decile,0.2,379,0.9,2017
101436,2025-11,0,decile,0.2,380,0.9,2017
100128,2025-11,0,decile,0.2,381,0.9,2017
100083,2025-11,0,decile,0.2,382,0.9,2017
101181,2025-11,0,decile,0.2,383,0.9,2017
101670,2025-11,0,decile,0.2,384,0.9,2017
101769,2025-11,0,decile,0.2,385,0.9,2017
100986,2025-11,0,decile,0.2,386,0.9,2017
101285,2025-11,0,decile,0.2,387,0.9,2017
101215,2025-11,0,decile,0.2,388,0.9,2017
100875,2025-11,0,decile,0.2,389,0.9,2017
101870,2025-11,0,decile,0.2,390,0.9,2017
101391,2025-11,0,decile,0.2,391,0.9,2017
101298,2025-11,0,decile,0.2,392,0.9,2017
101541,2025-11,1,decile,0.2,393,0.9,2017
100106,2025-11,1,decile,0.2,394,0.9,2017
100729,2025-11,0,decile,0.2,395,0.9,2017
100147,2025-11,0,decile,0.2,396,0.9,2017
100484,2025-11,0,decile,0.2,397,0.9,2017
100935,2025-11,0,decile,0.2,398,0.9,2017
101957,2025-11,0,decile,0.2,399,0.9,2017
100664,2025-11,0,decile,0.2,400,0.9,2017
100224,2025-11,0,decile,0.2,401,0.9,2017
100446,2025-11,0,decile,0.2,402,0.9,2017
100578,2025-11,0,decile,0.2,403,0.9,2017
101512,2025-11,0,decile,0.2,404,0.9,2017
101886,2025-11,1,core_logistic,0.05,1,0.4270873186821799,2017
101726,2025-11,1,core_logistic,0.05,2,0.4217024861220729,2017
101913,2025-11,0,core_logistic,0.05,3,0.4145706839101065,2017
101704,2025-11,1,core_logistic,0.05,4,0.4021069441846218,2017
100298,2025-11,0,core_logistic,0.05,5,0.3892108084683122,2017
100775,2025-11,1,core_logistic,0.05,6,0.3860934114544683,2017
101684,2025-11,1,core_logistic,0.05,7,0.3817116639595984,2017
100229,2025-11,0,core_logistic,0.05,8,0.3808264742326114,2017
100670,2025-11,0,core_logistic,0.05,9,0.3764127484792174,2017
100774,2025-11,0,core_logistic,0.05,10,0.372567467045152,2017
101474,2025-11,0,core_logistic,0.05,11,0.3707687221193904,2017
101449,2025-11,0,core_logistic,0.05,12,0.3590222472244013,2017
101761,2025-11,1,core_logistic,0.05,13,0.3582131545485407,2017
101489,2025-11,0,core_logistic,0.05,14,0.3565435413010184,2017
100560,2025-11,0,core_logistic,0.05,15,0.3538580402596209,2017
101319,2025-11,0,core_logistic,0.05,16,0.3530403982395498,2017
100559,2025-11,0,core_logistic,0.05,17,0.3498333387229083,2017
101990,2025-11,1,core_logistic,0.05,18,0.3498333387229083,2017
100704,2025-11,0,core_logistic,0.05,19,0.3456450635242782,2017
100267,2025-11,0,core_logistic,0.05,20,0.3434736213366345,2017
101776,2025-11,0,core_logistic,0.05,21,0.33978148386613,2017
101437,2025-11,0,core_logistic,0.05,22,0.3397679526937382,2017
100193,2025-11,0,core_logistic,0.05,23,0.3385332132730994,2017
101642,2025-11,0,core_logistic,0.05,24,0.3379291620160037,2017
101527,2025-11,0,core_logistic,0.05,25,0.3348017725746151,2017
101077,2025-11,0,core_logistic,0.05,26,0.3306366222417626,2017
101883,2025-11,0,core_logistic,0.05,27,0.3301178237478926,2017
101280,2025-11,1,core_logistic,0.05,28,0.32811142546805,2017
101175,2025-11,1,core_logistic,0.05,29,0.3252693795342117,2017
102053,2025-11,1,core_logistic,0.05,30,0.3214134089527036,2017
101154,2025-11,0,core_logistic,0.05,31,0.3213490620328101,2017
102090,2025-11,1,core_logistic,0.05,32,0.3198809040165168,2017
100203,2025-11,0,core_logistic,0.05,33,0.3194297708222201,2017
101447,2025-11,0,core_logistic,0.05,34,0.3167636967203264,2017
101448,2025-11,1,core_logistic,0.05,35,0.3155599478499386,2017
100275,2025-11,0,core_logistic,0.05,36,0.3130455588117018,2017
100627,2025-11,1,core_logistic,0.05,37,0.3107681266876181,2017
100130,2025-11,1,core_logistic,0.05,38,0.3087701889668928,2017
100610,2025-11,0,core_logistic,0.05,39,0.3077123954625774,2017
100849,2025-11,1,core_logistic,0.05,40,0.3053398386615886,2017
101636,2025-11,0,core_logistic,0.05,41,0.3000806072339204,2017
101296,2025-11,0,core_logistic,0.05,42,0.2979254625505391,2017
101471,2025-11,0,core_logistic,0.05,43,0.2954149015263928,2017
101724,2025-11,1,core_logistic,0.05,44,0.29512207105866,2017
100453,2025-11,0,core_logistic,0.05,45,0.2939039470851899,2017
100197,2025-11,0,core_logistic,0.05,46,0.2922035151959078,2017
101578,2025-11,0,core_logistic,0.05,47,0.2892751691589161,2017
101045,2025-11,1,core_logistic,0.05,48,0.2871924786610488,2017
101406,2025-11,0,core_logistic,0.05,49,0.2844919810048903,2017
102096,2025-11,0,core_logistic,0.05,50,0.2828241920948908,2017
100875,2025-11,0,core_logistic,0.05,51,0.281466318604322,2017
101598,2025-11,0,core_logistic,0.05,52,0.2800484001295864,2017
101226,2025-11,0,core_logistic,0.05,53,0.2779700588847798,2017
101044,2025-11,1,core_logistic,0.05,54,0.2736535211841305,2017
100303,2025-11,0,core_logistic,0.05,55,0.2735325737058504,2017
100835,2025-11,1,core_logistic,0.05,56,0.2734742966359673,2017
100935,2025-11,0,core_logistic,0.05,57,0.2727759503231651,2017
101312,2025-11,1,core_logistic,0.05,58,0.2726015691508518,2017
101298,2025-11,0,core_logistic,0.05,59,0.2723110057183194,2017
100912,2025-11,1,core_logistic,0.05,60,0.2722454211733117,2017
101946,2025-11,1,core_logistic,0.05,61,0.2712043131558136,2017
101825,2025-11,0,core_logistic,0.05,62,0.2707339509619551,2017
101512,2025-11,0,core_logistic,0.05,63,0.2685975038199543,2017
100624,2025-11,1,core_logistic,0.05,64,0.2671764712777168,2017
100308,2025-11,1,core_logistic,0.05,65,0.2661358777293554,2017
101001,2025-11,0,core_logistic,0.05,66,0.2660830156822333,2017
102005,2025-11,0,core_logistic,0.05,67,0.2636174381150964,2017
101885,2025-11,1,core_logistic,0.05,68,0.2599986574702932,2017
100496,2025-11,0,core_logistic,0.05,69,0.2599396656869571,2017
102046,2025-11,0,core_logistic,0.05,70,0.2599349790395183,2017
100745,2025-11,0,core_logistic,0.05,71,0.2597236751793572,2017
101672,2025-11,0,core_logistic,0.05,72,0.2583073082349393,2017
101140,2025-11,0,core_logistic,0.05,73,0.2574661640352929,2017
100148,2025-11,0,core_logistic,0.05,74,0.256346941237411,2017
100242,2025-11,0,core_logistic,0.05,75,0.2538400117785286,2017
100752,2025-11,0,core_logistic,0.05,76,0.252574836227751,2017
101951,2025-11,0,core_logistic,0.05,77,0.2525722872317112,2017
101173,2025-11,0,core_logistic,0.05,78,0.2510192124571069,2017
100029,2025-11,0,core_logistic,0.05,79,0.2503651962023127,2017
101737,2025-11,0,core_logistic,0.05,80,0.2502509953130676,2017
100149,2025-11,1,core_logistic,0.05,81,0.247391007812696,2017
100487,2025-11,0,core_logistic,0.05,82,0.2464291215647494,2017
101505,2025-11,0,core_logistic,0.05,83,0.2453420247789025,2017
101084,2025-11,0,core_logistic,0.05,84,0.2446913222162151,2017
101727,2025-11,1,core_logistic,0.05,85,0.2446896380397152,2017
101395,2025-11,1,core_logistic,0.05,86,0.2436484989839081,2017
101264,2025-11,1,core_logistic,0.05,87,0.242526597431323,2017
100393,2025-11,1,core_logistic,0.05,88,0.2416549652880476,2017
100729,2025-11,0,core_logistic,0.05,89,0.2414401528392477,2017
102089,2025-11,1,core_logistic,0.05,90,0.2403058334731163,2017
100829,2025-11,0,core_logistic,0.05,91,0.2400918406078921,2017
100788,2025-11,1,core_logistic,0.05,92,0.2383469207951773,2017
101202,2025-11,1,core_logistic,0.05,93,0.2380768455940894,2017
100892,2025-11,0,core_logistic,0.05,94,0.2375467940178386,2017
101806,2025-11,0,core_logistic,0.05,95,0.2374883622162605,2017
101336,2025-11,0,core_logistic,0.05,96,0.2373834885044274,2017
100334,2025-11,0,core_logistic,0.05,97,0.236813615112156,2017
101419,2025-11,1,core_logistic,0.05,98,0.2364323857906223,2017
102025,2025-11,0,core_logistic,0.05,99,0.236063415781553,2017
100536,2025-11,0,core_logistic,0.05,100,0.235749158253212,2017
101721,2025-11,0,core_logistic,0.05,101,0.2357382907101525,2017
101886,2025-11,1,core_logistic,0.1,1,0.4270873186821799,2017
101726,2025-11,1,core_logistic,0.1,2,0.4217024861220729,2017
101913,2025-11,0,core_logistic,0.1,3,0.4145706839101065,2017
101704,2025-11,1,core_logistic,0.1,4,0.4021069441846218,2017
100298,2025-11,0,core_logistic,0.1,5,0.3892108084683122,2017
100775,2025-11,1,core_logistic,0.1,6,0.3860934114544683,2017
101684,2025-11,1,core_logistic,0.1,7,0.3817116639595984,2017
100229,2025-11,0,core_logistic,0.1,8,0.3808264742326114,2017
100670,2025-11,0,core_logistic,0.1,9,0.3764127484792174,2017
100774,2025-11,0,core_logistic,0.1,10,0.372567467045152,2017
101474,2025-11,0,core_logistic,0.1,11,0.3707687221193904,2017
101449,2025-11,0,core_logistic,0.1,12,0.3590222472244013,2017
101761,2025-11,1,core_logistic,0.1,13,0.3582131545485407,2017
101489,2025-11,0,core_logistic,0.1,14,0.3565435413010184,2017
100560,2025-11,0,core_logistic,0.1,15,0.3538580402596209,2017
101319,2025-11,0,core_logistic,0.1,16,0.3530403982395498,2017
100559,2025-11,0,core_logistic,0.1,17,0.3498333387229083,2017
101990,2025-11,1,core_logistic,0.1,18,0.3498333387229083,2017
100704,2025-11,0,core_logistic,0.1,19,0.3456450635242782,2017
100267,2025-11,0,core_logistic,0.1,20,0.3434736213366345,2017
101776,2025-11,0,core_logistic,0.1,21,0.33978148386613,2017
101437,2025-11,0,core_logistic,0.1,22,0.3397679526937382,2017
100193,2025-11,0,core_logistic,0.1,23,0.3385332132730994,2017
101642,2025-11,0,core_logistic,0.1,24,0.3379291620160037,2017
101527,2025-11,0,core_logistic,0.1,25,0.3348017725746151,2017
101077,2025-11,0,core_logistic,0.1,26,0.3306366222417626,2017
101883,2025-11,0,core_logistic,0.1,27,0.3301178237478926,2017
101280,2025-11,1,core_logistic,0.1,28,0.32811142546805,2017
101175,2025-11,1,core_logistic,0.1,29,0.3252693795342117,2017
102053,2025-11,1,core_logistic,0.1,30,0.3214134089527036,2017
101154,2025-11,0,core_logistic,0.1,31,0.3213490620328101,2017
102090,2025-11,1,core_logistic,0.1,32,0.3198809040165168,2017
100203,2025-11,0,core_logistic,0.1,33,0.3194297708222201,2017
101447,2025-11,0,core_logistic,0.1,34,0.3167636967203264,2017
101448,2025-11,1,core_logistic,0.1,35,0.3155599478499386,2017
100275,2025-11,0,core_logistic,0.1,36,0.3130455588117018,2017
100627,2025-11,1,core_logistic,0.1,37,0.3107681266876181,2017
100130,2025-11,1,core_logistic,0.1,38,0.3087701889668928,2017
100610,2025-11,0,core_logistic,0.1,39,0.3077123954625774,2017
100849,2025-11,1,core_logistic,0.1,40,0.3053398386615886,2017
101636,2025-11,0,core_logistic,0.1,41,0.3000806072339204,2017
101296,2025-11,0,core_logistic,0.1,42,0.2979254625505391,2017
101471,2025-11,0,core_logistic,0.1,43,0.2954149015263928,2017
101724,2025-11,1,core_logistic,0.1,44,0.29512207105866,2017
100453,2025-11,0,core_logistic,0.1,45,0.2939039470851899,2017
100197,2025-11,0,core_logistic,0.1,46,0.2922035151959078,2017
101578,2025-11,0,core_logistic,0.1,47,0.2892751691589161,2017
101045,2025-11,1,core_logistic,0.1,48,0.2871924786610488,2017
101406,2025-11,0,core_logistic,0.1,49,0.2844919810048903,2017
102096,2025-11,0,core_logistic,0.1,50,0.2828241920948908,2017
100875,2025-11,0,core_logistic,0.1,51,0.281466318604322,2017
101598,2025-11,0,core_logistic,0.1,52,0.2800484001295864,2017
101226,2025-11,0,core_logistic,0.1,53,0.2779700588847798,2017
101044,2025-11,1,core_logistic,0.1,54,0.2736535211841305,2017
100303,2025-11,0,core_logistic,0.1,55,0.2735325737058504,2017
100835,2025-11,1,core_logistic,0.1,56,0.2734742966359673,2017
100935,2025-11,0,core_logistic,0.1,57,0.2727759503231651,2017
101312,2025-11,1,core_logistic,0.1,58,0.2726015691508518,2017
101298,2025-11,0,core_logistic,0.1,59,0.2723110057183194,2017
100912,2025-11,1,core_logistic,0.1,60,0.2722454211733117,2017
101946,2025-11,1,core_logistic,0.1,61,0.2712043131558136,2017
101825,2025-11,0,core_logistic,0.1,62,0.2707339509619551,2017
101512,2025-11,0,core_logistic,0.1,63,0.2685975038199543,2017
100624,2025-11,1,core_logistic,0.1,64,0.2671764712777168,2017
100308,2025-11,1,core_logistic,0.1,65,0.2661358777293554,2017
101001,2025-11,0,core_logistic,0.1,66,0.2660830156822333,2017
102005,2025-11,0,core_logistic,0.1,67,0.2636174381150964,2017
101885,2025-11,1,core_logistic,0.1,68,0.2599986574702932,2017
100496,2025-11,0,core_logistic,0.1,69,0.2599396656869571,2017
102046,2025-11,0,core_logistic,0.1,70,0.2599349790395183,2017
100745,2025-11,0,core_logistic,0.1,71,0.2597236751793572,2017
101672,2025-11,0,core_logistic,0.1,72,0.2583073082349393,2017
101140,2025-11,0,core_logistic,0.1,73,0.2574661640352929,2017
100148,2025-11,0,core_logistic,0.1,74,0.256346941237411,2017
100242,2025-11,0,core_logistic,0.1,75,0.2538400117785286,2017
100752,2025-11,0,core_logistic,0.1,76,0.252574836227751,2017
101951,2025-11,0,core_logistic,0.1,77,0.2525722872317112,2017
101173,2025-11,0,core_logistic,0.1,78,0.2510192124571069,2017
100029,2025-11,0,core_logistic,0.1,79,0.2503651962023127,2017
101737,2025-11,0,core_logistic,0.1,80,0.2502509953130676,2017
100149,2025-11,1,core_logistic,0.1,81,0.247391007812696,2017
100487,2025-11,0,core_logistic,0.1,82,0.2464291215647494,2017
101505,2025-11,0,core_logistic,0.1,83,0.2453420247789025,2017
101084,2025-11,0,core_logistic,0.1,84,0.2446913222162151,2017
101727,2025-11,1,core_logistic,0.1,85,0.2446896380397152,2017
101395,2025-11,1,core_logistic,0.1,86,0.2436484989839081,2017
101264,2025-11,1,core_logistic,0.1,87,0.242526597431323,2017
100393,2025-11,1,core_logistic,0.1,88,0.2416549652880476,2017
100729,2025-11,0,core_logistic,0.1,89,0.2414401528392477,2017
102089,2025-11,1,core_logistic,0.1,90,0.2403058334731163,2017
100829,2025-11,0,core_logistic,0.1,91,0.2400918406078921,2017
100788,2025-11,1,core_logistic,0.1,92,0.2383469207951773,2017
101202,2025-11,1,core_logistic,0.1,93,0.2380768455940894,2017
100892,2025-11,0,core_logistic,0.1,94,0.2375467940178386,2017
101806,2025-11,0,core_logistic,0.1,95,0.2374883622162605,2017
101336,2025-11,0,core_logistic,0.1,96,0.2373834885044274,2017
100334,2025-11,0,core_logistic,0.1,97,0.236813615112156,2017
101419,2025-11,1,core_logistic,0.1,98,0.2364323857906223,2017
102025,2025-11,0,core_logistic,0.1,99,0.236063415781553,2017
100536,2025-11,0,core_logistic,0.1,100,0.235749158253212,2017
101721,2025-11,0,core_logistic,0.1,101,0.2357382907101525,2017
101067,2025-11,0,core_logistic,0.1,102,0.2352697751340666,2017
100361,2025-11,0,core_logistic,0.1,103,0.2352697751340666,2017
101097,2025-11,0,core_logistic,0.1,104,0.2352697751340666,2017
101071,2025-11,0,core_logistic,0.1,105,0.2339428741216853,2017
100106,2025-11,1,core_logistic,0.1,106,0.233647170505945,2017
100772,2025-11,1,core_logistic,0.1,107,0.2336323210146915,2017
100773,2025-11,0,core_logistic,0.1,108,0.2319637321328114,2017
101124,2025-11,0,core_logistic,0.1,109,0.2317549017146732,2017
100968,2025-11,0,core_logistic,0.1,110,0.2312851748027648,2017
101752,2025-11,1,core_logistic,0.1,111,0.2308180420354142,2017
101948,2025-11,1,core_logistic,0.1,112,0.2286899165373476,2017
100826,2025-11,0,core_logistic,0.1,113,0.2280247581195261,2017
100796,2025-11,0,core_logistic,0.1,114,0.2274077457120519,2017
101123,2025-11,0,core_logistic,0.1,115,0.2272390476216189,2017
102063,2025-11,0,core_logistic,0.1,116,0.2266808599521345,2017
100686,2025-11,0,core_logistic,0.1,117,0.2260525666849974,2017
100768,2025-11,0,core_logistic,0.1,118,0.2257536594201361,2017
100215,2025-11,1,core_logistic,0.1,119,0.2240798338891104,2017
100817,2025-11,1,core_logistic,0.1,120,0.2232654188048292,2017
101365,2025-11,0,core_logistic,0.1,121,0.2231028260765307,2017
100143,2025-11,0,core_logistic,0.1,122,0.2227005081705095,2017
101285,2025-11,0,core_logistic,0.1,123,0.2226432163041597,2017
101714,2025-11,1,core_logistic,0.1,124,0.2223416245948951,2017
101107,2025-11,1,core_logistic,0.1,125,0.2221389512328149,2017
101660,2025-11,0,core_logistic,0.1,126,0.2202301721286898,2017
100684,2025-11,0,core_logistic,0.1,127,0.2201589880589268,2017
101145,2025-11,0,core_logistic,0.1,128,0.2198150574136534,2017
101368,2025-11,0,core_logistic,0.1,129,0.2194636842073588,2017
101466,2025-11,0,core_logistic,0.1,130,0.2191660665410442,2017
100375,2025-11,0,core_logistic,0.1,131,0.2188112753724364,2017
101104,2025-11,0,core_logistic,0.1,132,0.2185072753085753,2017
101610,2025-11,1,core_logistic,0.1,133,0.218210592045825,2017
101229,2025-11,0,core_logistic,0.1,134,0.2181132206191631,2017
100628,2025-11,0,core_logistic,0.1,135,0.216318888514151,2017
100854,2025-11,0,core_logistic,0.1,136,0.2161710396715042,2017
101179,2025-11,0,core_logistic,0.1,137,0.2160682364128815,2017
101414,2025-11,1,core_logistic,0.1,138,0.2160323113986431,2017
101150,2025-11,0,core_logistic,0.1,139,0.2156773663544598,2017
102081,2025-11,0,core_logistic,0.1,140,0.2155756042030478,2017
100608,2025-11,0,core_logistic,0.1,141,0.2153773902133826,2017
100425,2025-11,0,core_logistic,0.1,142,0.2126498695817666,2017
100924,2025-11,0,core_logistic,0.1,143,0.2120615090460764,2017
100214,2025-11,0,core_logistic,0.1,144,0.2119288795143404,2017
100883,2025-11,0,core_logistic,0.1,145,0.2117782937206629,2017
100661,2025-11,1,core_logistic,0.1,146,0.2115374797820119,2017
101837,2025-11,0,core_logistic,0.1,147,0.2112928062437024,2017
100166,2025-11,0,core_logistic,0.1,148,0.211050148263521,2017
101516,2025-11,1,core_logistic,0.1,149,0.2100639874189051,2017
101656,2025-11,1,core_logistic,0.1,150,0.2098811037929064,2017
101245,2025-11,1,core_logistic,0.1,151,0.2090099922875,2017
101626,2025-11,0,core_logistic,0.1,152,0.2066874164101699,2017
100002,2025-11,1,core_logistic,0.1,153,0.2064468838285521,2017
100501,2025-11,0,core_logistic,0.1,154,0.2056246547967334,2017
100066,2025-11,0,core_logistic,0.1,155,0.2053470459395449,2017
100990,2025-11,0,core_logistic,0.1,156,0.2048588570988323,2017
100224,2025-11,0,core_logistic,0.1,157,0.2043418540422492,2017
100484,2025-11,0,core_logistic,0.1,158,0.2041610812601766,2017
100112,2025-11,1,core_logistic,0.1,159,0.2037159973816666,2017
100945,2025-11,1,core_logistic,0.1,160,0.2036720927150292,2017
101783,2025-11,0,core_logistic,0.1,161,0.2033351076861874,2017
100543,2025-11,0,core_logistic,0.1,162,0.2030544157632744,2017
100139,2025-11,0,core_logistic,0.1,163,0.2030106173287586,2017
101720,2025-11,0,core_logistic,0.1,164,0.201361764132215,2017
101137,2025-11,0,core_logistic,0.1,165,0.2013559819149106,2017
101805,2025-11,0,core_logistic,0.1,166,0.2007435583640411,2017
100015,2025-11,0,core_logistic,0.1,167,0.2006888935120424,2017
101982,2025-11,0,core_logistic,0.1,168,0.2005554951680823,2017
100041,2025-11,0,core_logistic,0.1,169,0.2003793919106137,2017
100510,2025-11,1,core_logistic,0.1,170,0.2001797648138382,2017
100345,2025-11,0,core_logistic,0.1,171,0.2001685473195134,2017
102037,2025-11,0,core_logistic,0.1,172,0.2000414675880626,2017
101572,2025-11,1,core_logistic,0.1,173,0.1990988996615654,2017
100218,2025-11,0,core_logistic,0.1,174,0.1990147205813934,2017
100662,2025-11,0,core_logistic,0.1,175,0.1987290992111253,2017
101384,2025-11,0,core_logistic,0.1,176,0.1984047041408569,2017
101500,2025-11,0,core_logistic,0.1,177,0.1982125743029217,2017
100605,2025-11,0,core_logistic,0.1,178,0.1979364673548582,2017
100337,2025-11,0,core_logistic,0.1,179,0.1973675114096671,2017
100433,2025-11,1,core_logistic,0.1,180,0.196179985940252,2017
101122,2025-11,0,core_logistic,0.1,181,0.1959915859605364,2017
101421,2025-11,1,core_logistic,0.1,182,0.1958967921812293,2017
101301,2025-11,0,core_logistic,0.1,183,0.1952167143877867,2017
101160,2025-11,0,core_logistic,0.1,184,0.1948485481937935,2017
100609,2025-11,0,core_logistic,0.1,185,0.1944255184301495,2017
100508,2025-11,0,core_logistic,0.1,186,0.1932816812800588,2017
100925,2025-11,1,core_logistic,0.1,187,0.1927228902539693,2017
101259,2025-11,0,core_logistic,0.1,188,0.1927228902539693,2017
100664,2025-11,0,core_logistic,0.1,189,0.1920362360161227,2017
100676,2025-11,0,core_logistic,0.1,190,0.1915437980444141,2017
101719,2025-11,0,core_logistic,0.1,191,0.1913204080588677,2017
101594,2025-11,0,core_logistic,0.1,192,0.1911282296768862,2017
101971,2025-11,0,core_logistic,0.1,193,0.1910972170217811,2017
100727,2025-11,0,core_logistic,0.1,194,0.1904242874395265,2017
101945,2025-11,0,core_logistic,0.1,195,0.1900558181813623,2017
100219,2025-11,0,core_logistic,0.1,196,0.1897855157777749,2017
100387,2025-11,0,core_logistic,0.1,197,0.1892057555419294,2017
102079,2025-11,0,core_logistic,0.1,198,0.1888048057000648,2017
100698,2025-11,0,core_logistic,0.1,199,0.1886160561866166,2017
100803,2025-11,1,core_logistic,0.1,200,0.1877743893854475,2017
100407,2025-11,0,core_logistic,0.1,201,0.1877184053554922,2017
101144,2025-11,0,core_logistic,0.1,202,0.1876221808237302,2017
101886,2025-11,1,core_logistic,0.2,1,0.4270873186821799,2017
101726,2025-11,1,core_logistic,0.2,2,0.4217024861220729,2017
101913,2025-11,0,core_logistic,0.2,3,0.4145706839101065,2017
101704,2025-11,1,core_logistic,0.2,4,0.4021069441846218,2017
100298,2025-11,0,core_logistic,0.2,5,0.3892108084683122,2017
100775,2025-11,1,core_logistic,0.2,6,0.3860934114544683,2017
101684,2025-11,1,core_logistic,0.2,7,0.3817116639595984,2017
100229,2025-11,0,core_logistic,0.2,8,0.3808264742326114,2017
100670,2025-11,0,core_logistic,0.2,9,0.3764127484792174,2017
100774,2025-11,0,core_logistic,0.2,10,0.372567467045152,2017
101474,2025-11,0,core_logistic,0.2,11,0.3707687221193904,2017
101449,2025-11,0,core_logistic,0.2,12,0.3590222472244013,2017
101761,2025-11,1,core_logistic,0.2,13,0.3582131545485407,2017
101489,2025-11,0,core_logistic,0.2,14,0.3565435413010184,2017
100560,2025-11,0,core_logistic,0.2,15,0.3538580402596209,2017
101319,2025-11,0,core_logistic,0.2,16,0.3530403982395498,2017
100559,2025-11,0,core_logistic,0.2,17,0.3498333387229083,2017
101990,2025-11,1,core_logistic,0.2,18,0.3498333387229083,2017
100704,2025-11,0,core_logistic,0.2,19,0.3456450635242782,2017
100267,2025-11,0,core_logistic,0.2,20,0.3434736213366345,2017
101776,2025-11,0,core_logistic,0.2,21,0.33978148386613,2017
101437,2025-11,0,core_logistic,0.2,22,0.3397679526937382,2017
100193,2025-11,0,core_logistic,0.2,23,0.3385332132730994,2017
101642,2025-11,0,core_logistic,0.2,24,0.3379291620160037,2017
101527,2025-11,0,core_logistic,0.2,25,0.3348017725746151,2017
101077,2025-11,0,core_logistic,0.2,26,0.3306366222417626,2017
101883,2025-11,0,core_logistic,0.2,27,0.3301178237478926,2017
101280,2025-11,1,core_logistic,0.2,28,0.32811142546805,2017
101175,2025-11,1,core_logistic,0.2,29,0.3252693795342117,2017
102053,2025-11,1,core_logistic,0.2,30,0.3214134089527036,2017
101154,2025-11,0,core_logistic,0.2,31,0.3213490620328101,2017
102090,2025-11,1,core_logistic,0.2,32,0.3198809040165168,2017
100203,2025-11,0,core_logistic,0.2,33,0.3194297708222201,2017
101447,2025-11,0,core_logistic,0.2,34,0.3167636967203264,2017
101448,2025-11,1,core_logistic,0.2,35,0.3155599478499386,2017
100275,2025-11,0,core_logistic,0.2,36,0.3130455588117018,2017
100627,2025-11,1,core_logistic,0.2,37,0.3107681266876181,2017
100130,2025-11,1,core_logistic,0.2,38,0.3087701889668928,2017
100610,2025-11,0,core_logistic,0.2,39,0.3077123954625774,2017
100849,2025-11,1,core_logistic,0.2,40,0.3053398386615886,2017
101636,2025-11,0,core_logistic,0.2,41,0.3000806072339204,2017
101296,2025-11,0,core_logistic,0.2,42,0.2979254625505391,2017
101471,2025-11,0,core_logistic,0.2,43,0.2954149015263928,2017
101724,2025-11,1,core_logistic,0.2,44,0.29512207105866,2017
100453,2025-11,0,core_logistic,0.2,45,0.2939039470851899,2017
100197,2025-11,0,core_logistic,0.2,46,0.2922035151959078,2017
101578,2025-11,0,core_logistic,0.2,47,0.2892751691589161,2017
101045,2025-11,1,core_logistic,0.2,48,0.2871924786610488,2017
101406,2025-11,0,core_logistic,0.2,49,0.2844919810048903,2017
102096,2025-11,0,core_logistic,0.2,50,0.2828241920948908,2017
100875,2025-11,0,core_logistic,0.2,51,0.281466318604322,2017
101598,2025-11,0,core_logistic,0.2,52,0.2800484001295864,2017
101226,2025-11,0,core_logistic,0.2,53,0.2779700588847798,2017
101044,2025-11,1,core_logistic,0.2,54,0.2736535211841305,2017
100303,2025-11,0,core_logistic,0.2,55,0.2735325737058504,2017
100835,2025-11,1,core_logistic,0.2,56,0.2734742966359673,2017
100935,2025-11,0,core_logistic,0.2,57,0.2727759503231651,2017
101312,2025-11,1,core_logistic,0.2,58,0.2726015691508518,2017
101298,2025-11,0,core_logistic,0.2,59,0.2723110057183194,2017
100912,2025-11,1,core_logistic,0.2,60,0.2722454211733117,2017
101946,2025-11,1,core_logistic,0.2,61,0.2712043131558136,2017
101825,2025-11,0,core_logistic,0.2,62,0.2707339509619551,2017
101512,2025-11,0,core_logistic,0.2,63,0.2685975038199543,2017
100624,2025-11,1,core_logistic,0.2,64,0.2671764712777168,2017
100308,2025-11,1,core_logistic,0.2,65,0.2661358777293554,2017
101001,2025-11,0,core_logistic,0.2,66,0.2660830156822333,2017
102005,2025-11,0,core_logistic,0.2,67,0.2636174381150964,2017
101885,2025-11,1,core_logistic,0.2,68,0.2599986574702932,2017
100496,2025-11,0,core_logistic,0.2,69,0.2599396656869571,2017
102046,2025-11,0,core_logistic,0.2,70,0.2599349790395183,2017
100745,2025-11,0,core_logistic,0.2,71,0.2597236751793572,2017
101672,2025-11,0,core_logistic,0.2,72,0.2583073082349393,2017
101140,2025-11,0,core_logistic,0.2,73,0.2574661640352929,2017
100148,2025-11,0,core_logistic,0.2,74,0.256346941237411,2017
100242,2025-11,0,core_logistic,0.2,75,0.2538400117785286,2017
100752,2025-11,0,core_logistic,0.2,76,0.252574836227751,2017
101951,2025-11,0,core_logistic,0.2,77,0.2525722872317112,2017
101173,2025-11,0,core_logistic,0.2,78,0.2510192124571069,2017
100029,2025-11,0,core_logistic,0.2,79,0.2503651962023127,2017
101737,2025-11,0,core_logistic,0.2,80,0.2502509953130676,2017
100149,2025-11,1,core_logistic,0.2,81,0.247391007812696,2017
100487,2025-11,0,core_logistic,0.2,82,0.2464291215647494,2017
101505,2025-11,0,core_logistic,0.2,83,0.2453420247789025,2017
101084,2025-11,0,core_logistic,0.2,84,0.2446913222162151,2017
101727,2025-11,1,core_logistic,0.2,85,0.2446896380397152,2017
101395,2025-11,1,core_logistic,0.2,86,0.2436484989839081,2017
101264,2025-11,1,core_logistic,0.2,87,0.242526597431323,2017
100393,2025-11,1,core_logistic,0.2,88,0.2416549652880476,2017
100729,2025-11,0,core_logistic,0.2,89,0.2414401528392477,2017
102089,2025-11,1,core_logistic,0.2,90,0.2403058334731163,2017
100829,2025-11,0,core_logistic,0.2,91,0.2400918406078921,2017
100788,2025-11,1,core_logistic,0.2,92,0.2383469207951773,2017
101202,2025-11,1,core_logistic,0.2,93,0.2380768455940894,2017
100892,2025-11,0,core_logistic,0.2,94,0.2375467940178386,2017
101806,2025-11,0,core_logistic,0.2,95,0.2374883622162605,2017
101336,2025-11,0,core_logistic,0.2,96,0.2373834885044274,2017
100334,2025-11,0,core_logistic,0.2,97,0.236813615112156,2017
101419,2025-11,1,core_logistic,0.2,98,0.2364323857906223,2017
102025,2025-11,0,core_logistic,0.2,99,0.236063415781553,2017
100536,2025-11,0,core_logistic,0.2,100,0.235749158253212,2017
101721,2025-11,0,core_logistic,0.2,101,0.2357382907101525,2017
101067,2025-11,0,core_logistic,0.2,102,0.2352697751340666,2017
100361,2025-11,0,core_logistic,0.2,103,0.2352697751340666,2017
101097,2025-11,0,core_logistic,0.2,104,0.2352697751340666,2017
101071,2025-11,0,core_logistic,0.2,105,0.2339428741216853,2017
100106,2025-11,1,core_logistic,0.2,106,0.233647170505945,2017
100772,2025-11,1,core_logistic,0.2,107,0.2336323210146915,2017
100773,2025-11,0,core_logistic,0.2,108,0.2319637321328114,2017
101124,2025-11,0,core_logistic,0.2,109,0.2317549017146732,2017
100968,2025-11,0,core_logistic,0.2,110,0.2312851748027648,2017
101752,2025-11,1,core_logistic,0.2,111,0.2308180420354142,2017
101948,2025-11,1,core_logistic,0.2,112,0.2286899165373476,2017
100826,2025-11,0,core_logistic,0.2,113,0.2280247581195261,2017
100796,2025-11,0,core_logistic,0.2,114,0.2274077457120519,2017
101123,2025-11,0,core_logistic,0.2,115,0.2272390476216189,2017
102063,2025-11,0,core_logistic,0.2,116,0.2266808599521345,2017
100686,2025-11,0,core_logistic,0.2,117,0.2260525666849974,2017
100768,2025-11,0,core_logistic,0.2,118,0.2257536594201361,2017
100215,2025-11,1,core_logistic,0.2,119,0.2240798338891104,2017
100817,2025-11,1,core_logistic,0.2,120,0.2232654188048292,2017
101365,2025-11,0,core_logistic,0.2,121,0.2231028260765307,2017
100143,2025-11,0,core_logistic,0.2,122,0.2227005081705095,2017
101285,2025-11,0,core_logistic,0.2,123,0.2226432163041597,2017
101714,2025-11,1,core_logistic,0.2,124,0.2223416245948951,2017
101107,2025-11,1,core_logistic,0.2,125,0.2221389512328149,2017
101660,2025-11,0,core_logistic,0.2,126,0.2202301721286898,2017
100684,2025-11,0,core_logistic,0.2,127,0.2201589880589268,2017
101145,2025-11,0,core_logistic,0.2,128,0.2198150574136534,2017
101368,2025-11,0,core_logistic,0.2,129,0.2194636842073588,2017
101466,2025-11,0,core_logistic,0.2,130,0.2191660665410442,2017
100375,2025-11,0,core_logistic,0.2,131,0.2188112753724364,2017
101104,2025-11,0,core_logistic,0.2,132,0.2185072753085753,2017
101610,2025-11,1,core_logistic,0.2,133,0.218210592045825,2017
101229,2025-11,0,core_logistic,0.2,134,0.2181132206191631,2017
100628,2025-11,0,core_logistic,0.2,135,0.216318888514151,2017
100854,2025-11,0,core_logistic,0.2,136,0.2161710396715042,2017
101179,2025-11,0,core_logistic,0.2,137,0.2160682364128815,2017
101414,2025-11,1,core_logistic,0.2,138,0.2160323113986431,2017
101150,2025-11,0,core_logistic,0.2,139,0.2156773663544598,2017
102081,2025-11,0,core_logistic,0.2,140,0.2155756042030478,2017
100608,2025-11,0,core_logistic,0.2,141,0.2153773902133826,2017
100425,2025-11,0,core_logistic,0.2,142,0.2126498695817666,2017
100924,2025-11,0,core_logistic,0.2,143,0.2120615090460764,2017
100214,2025-11,0,core_logistic,0.2,144,0.2119288795143404,2017
100883,2025-11,0,core_logistic,0.2,145,0.2117782937206629,2017
100661,2025-11,1,core_logistic,0.2,146,0.2115374797820119,2017
101837,2025-11,0,core_logistic,0.2,147,0.2112928062437024,2017
100166,2025-11,0,core_logistic,0.2,148,0.211050148263521,2017
101516,2025-11,1,core_logistic,0.2,149,0.2100639874189051,2017
101656,2025-11,1,core_logistic,0.2,150,0.2098811037929064,2017
101245,2025-11,1,core_logistic,0.2,151,0.2090099922875,2017
101626,2025-11,0,core_logistic,0.2,152,0.2066874164101699,2017
100002,2025-11,1,core_logistic,0.2,153,0.2064468838285521,2017
100501,2025-11,0,core_logistic,0.2,154,0.2056246547967334,2017
100066,2025-11,0,core_logistic,0.2,155,0.2053470459395449,2017
100990,2025-11,0,core_logistic,0.2,156,0.2048588570988323,2017
100224,2025-11,0,core_logistic,0.2,157,0.2043418540422492,2017
100484,2025-11,0,core_logistic,0.2,158,0.2041610812601766,2017
100112,2025-11,1,core_logistic,0.2,159,0.2037159973816666,2017
100945,2025-11,1,core_logistic,0.2,160,0.2036720927150292,2017
101783,2025-11,0,core_logistic,0.2,161,0.2033351076861874,2017
100543,2025-11,0,core_logistic,0.2,162,0.2030544157632744,2017
100139,2025-11,0,core_logistic,0.2,163,0.2030106173287586,2017
101720,2025-11,0,core_logistic,0.2,164,0.201361764132215,2017
101137,2025-11,0,core_logistic,0.2,165,0.2013559819149106,2017
101805,2025-11,0,core_logistic,0.2,166,0.2007435583640411,2017
100015,2025-11,0,core_logistic,0.2,167,0.2006888935120424,2017
101982,2025-11,0,core_logistic,0.2,168,0.2005554951680823,2017
100041,2025-11,0,core_logistic,0.2,169,0.2003793919106137,2017
100510,2025-11,1,core_logistic,0.2,170,0.2001797648138382,2017
100345,2025-11,0,core_logistic,0.2,171,0.2001685473195134,2017
102037,2025-11,0,core_logistic,0.2,172,0.2000414675880626,2017
101572,2025-11,1,core_logistic,0.2,173,0.1990988996615654,2017
100218,2025-11,0,core_logistic,0.2,174,0.1990147205813934,2017
100662,2025-11,0,core_logistic,0.2,175,0.1987290992111253,2017
101384,2025-11,0,core_logistic,0.2,176,0.1984047041408569,2017
101500,2025-11,0,core_logistic,0.2,177,0.1982125743029217,2017
100605,2025-11,0,core_logistic,0.2,178,0.1979364673548582,2017
100337,2025-11,0,core_logistic,0.2,179,0.1973675114096671,2017
100433,2025-11,1,core_logistic,0.2,180,0.196179985940252,2017
101122,2025-11,0,core_logistic,0.2,181,0.1959915859605364,2017
101421,2025-11,1,core_logistic,0.2,182,0.1958967921812293,2017
101301,2025-11,0,core_logistic,0.2,183,0.1952167143877867,2017
101160,2025-11,0,core_logistic,0.2,184,0.1948485481937935,2017
100609,2025-11,0,core_logistic,0.2,185,0.1944255184301495,2017
100508,2025-11,0,core_logistic,0.2,186,0.1932816812800588,2017
100925,2025-11,1,core_logistic,0.2,187,0.1927228902539693,2017
101259,2025-11,0,core_logistic,0.2,188,0.1927228902539693,2017
100664,2025-11,0,core_logistic,0.2,189,0.1920362360161227,2017
100676,2025-11,0,core_logistic,0.2,190,0.1915437980444141,2017
101719,2025-11,0,core_logistic,0.2,191,0.1913204080588677,2017
101594,2025-11,0,core_logistic,0.2,192,0.1911282296768862,2017
101971,2025-11,0,core_logistic,0.2,193,0.1910972170217811,2017
100727,2025-11,0,core_logistic,0.2,194,0.1904242874395265,2017
101945,2025-11,0,core_logistic,0.2,195,0.1900558181813623,2017
100219,2025-11,0,core_logistic,0.2,196,0.1897855157777749,2017
100387,2025-11,0,core_logistic,0.2,197,0.1892057555419294,2017
102079,2025-11,0,core_logistic,0.2,198,0.1888048057000648,2017
100698,2025-11,0,core_logistic,0.2,199,0.1886160561866166,2017
100803,2025-11,1,core_logistic,0.2,200,0.1877743893854475,2017
100407,2025-11,0,core_logistic,0.2,201,0.1877184053554922,2017
101144,2025-11,0,core_logistic,0.2,202,0.1876221808237302,2017
101702,2025-11,0,core_logistic,0.2,203,0.1870042947190566,2017
100291,2025-11,0,core_logistic,0.2,204,0.1865522227045908,2017
101832,2025-11,0,core_logistic,0.2,205,0.1865237341695792,2017
101909,2025-11,0,core_logistic,0.2,206,0.1858960862517286,2017
101583,2025-11,0,core_logistic,0.2,207,0.1858117500061069,2017
100644,2025-11,0,core_logistic,0.2,208,0.185530858076814,2017
101756,2025-11,0,core_logistic,0.2,209,0.1853946167392119,2017
101772,2025-11,0,core_logistic,0.2,210,0.1853643212249398,2017
100283,2025-11,0,core_logistic,0.2,211,0.1852710662960045,2017
102077,2025-11,1,core_logistic,0.2,212,0.1851046142803694,2017
102094,2025-11,0,core_logistic,0.2,213,0.1849999003899147,2017
101878,2025-11,0,core_logistic,0.2,214,0.1846999197457651,2017
100732,2025-11,0,core_logistic,0.2,215,0.1846085580895999,2017
102062,2025-11,1,core_logistic,0.2,216,0.1839926636126939,2017
101544,2025-11,0,core_logistic,0.2,217,0.1839422001481586,2017
100946,2025-11,0,core_logistic,0.2,218,0.1834147650853642,2017
101502,2025-11,1,core_logistic,0.2,219,0.1824539137423155,2017
101746,2025-11,1,core_logistic,0.2,220,0.182200391754915,2017
101332,2025-11,0,core_logistic,0.2,221,0.1812417424874688,2017
101854,2025-11,0,core_logistic,0.2,222,0.1804100815717003,2017
100726,2025-11,0,core_logistic,0.2,223,0.1802747729154464,2017
100877,2025-11,0,core_logistic,0.2,224,0.1799278080872078,2017
100256,2025-11,0,core_logistic,0.2,225,0.1795820416969601,2017
100377,2025-11,0,core_logistic,0.2,226,0.1794153232550518,2017
101431,2025-11,0,core_logistic,0.2,227,0.1793721709278891,2017
100177,2025-11,0,core_logistic,0.2,228,0.1785978385189677,2017
101282,2025-11,0,core_logistic,0.2,229,0.1783881743700906,2017
100928,2025-11,0,core_logistic,0.2,230,0.1783422223940337,2017
101499,2025-11,0,core_logistic,0.2,231,0.1783045400176506,2017
100833,2025-11,0,core_logistic,0.2,232,0.1782438097338802,2017
101950,2025-11,1,core_logistic,0.2,233,0.1778273456217599,2017
100947,2025-11,0,core_logistic,0.2,234,0.1776902731989704,2017
100441,2025-11,0,core_logistic,0.2,235,0.1775190102584906,2017
101866,2025-11,0,core_logistic,0.2,236,0.1773169335013322,2017
101986,2025-11,0,core_logistic,0.2,237,0.1768841892134839,2017
101391,2025-11,0,core_logistic,0.2,238,0.176873988453086,2017
100178,2025-11,0,core_logistic,0.2,239,0.1757213889730371,2017
101857,2025-11,0,core_logistic,0.2,240,0.1754513919544248,2017
101327,2025-11,1,core_logistic,0.2,241,0.1752225904461757,2017
101078,2025-11,0,core_logistic,0.2,242,0.1750141146039684,2017
101944,2025-11,0,core_logistic,0.2,243,0.1748448825813222,2017
101011,2025-11,0,core_logistic,0.2,244,0.1745564375458867,2017
100052,2025-11,0,core_logistic,0.2,245,0.1738321981970631,2017
100905,2025-11,0,core_logistic,0.2,246,0.1729101805349493,2017
101629,2025-11,0,core_logistic,0.2,247,0.1725718557712049,2017
100581,2025-11,0,core_logistic,0.2,248,0.1724025652640581,2017
100787,2025-11,0,core_logistic,0.2,249,0.1722423827305226,2017
100789,2025-11,1,core_logistic,0.2,250,0.1720765700844461,2017
101952,2025-11,1,core_logistic,0.2,251,0.1708656452771258,2017
101935,2025-11,0,core_logistic,0.2,252,0.1695840048458412,2017
100078,2025-11,1,core_logistic,0.2,253,0.1693244418956975,2017
101831,2025-11,0,core_logistic,0.2,254,0.1691202928858113,2017
100297,2025-11,0,core_logistic,0.2,255,0.1687929149370323,2017
100985,2025-11,0,core_logistic,0.2,256,0.1680652209315506,2017
101436,2025-11,0,core_logistic,0.2,257,0.1677785362227218,2017
101741,2025-11,0,core_logistic,0.2,258,0.1674463145996218,2017
100385,2025-11,0,core_logistic,0.2,259,0.1674413020969827,2017
100452,2025-11,0,core_logistic,0.2,260,0.167437905851476,2017
100815,2025-11,0,core_logistic,0.2,261,0.1673624531817485,2017
101026,2025-11,0,core_logistic,0.2,262,0.1672368140226528,2017
101152,2025-11,1,core_logistic,0.2,263,0.1666631953895237,2017
100958,2025-11,0,core_logistic,0.2,264,0.1665429670408105,2017
100017,2025-11,0,core_logistic,0.2,265,0.1665113494548088,2017
101715,2025-11,0,core_logistic,0.2,266,0.166500408671302,2017
100579,2025-11,1,core_logistic,0.2,267,0.1663765227998309,2017
100010,2025-11,0,core_logistic,0.2,268,0.1659821858531251,2017
101120,2025-11,0,core_logistic,0.2,269,0.1657824942052327,2017
101237,2025-11,1,core_logistic,0.2,270,0.1657824942052327,2017
100443,2025-11,0,core_logistic,0.2,271,0.1655631161833381,2017
101670,2025-11,0,core_logistic,0.2,272,0.1654500975761016,2017
100372,2025-11,0,core_logistic,0.2,273,0.165335190248807,2017
100907,2025-11,0,core_logistic,0.2,274,0.1651348665477415,2017
101373,2025-11,0,core_logistic,0.2,275,0.1650410505283685,2017
100694,2025-11,0,core_logistic,0.2,276,0.1650195700180372,2017
100880,2025-11,0,core_logistic,0.2,277,0.1647644001319916,2017
101507,2025-11,1,core_logistic,0.2,278,0.1644323035429549,2017
101350,2025-11,0,core_logistic,0.2,279,0.1642341093590712,2017
100818,2025-11,0,core_logistic,0.2,280,0.1642056280171363,2017
101774,2025-11,0,core_logistic,0.2,281,0.1637889148037617,2017
101813,2025-11,0,core_logistic,0.2,282,0.1629241436404127,2017
101919,2025-11,1,core_logistic,0.2,283,0.1625564305854721,2017
100992,2025-11,0,core_logistic,0.2,284,0.1624081547403011,2017
102029,2025-11,0,core_logistic,0.2,285,0.1622407538409979,2017
101871,2025-11,1,core_logistic,0.2,286,0.1621911355125871,2017
101601,2025-11,0,core_logistic,0.2,287,0.1621525233577379,2017
100919,2025-11,0,core_logistic,0.2,288,0.1620318675260498,2017
101907,2025-11,1,core_logistic,0.2,289,0.1610770833492381,2017
100973,2025-11,0,core_logistic,0.2,290,0.1610012724774635,2017
101435,2025-11,0,core_logistic,0.2,291,0.1607293954809066,2017
100079,2025-11,0,core_logistic,0.2,292,0.160648248955508,2017
101487,2025-11,0,core_logistic,0.2,293,0.160648248955508,2017
101349,2025-11,0,core_logistic,0.2,294,0.160490205820529,2017
101928,2025-11,0,core_logistic,0.2,295,0.160261220157011,2017
100034,2025-11,0,core_logistic,0.2,296,0.1597130058236943,2017
100678,2025-11,0,core_logistic,0.2,297,0.1595995488762853,2017
102007,2025-11,0,core_logistic,0.2,298,0.1593423906022412,2017
100524,2025-11,1,core_logistic,0.2,299,0.1593417751303034,2017
100564,2025-11,0,core_logistic,0.2,300,0.1587729036355709,2017
101302,2025-11,0,core_logistic,0.2,301,0.1587238765432733,2017
100365,2025-11,0,core_logistic,0.2,302,0.1584551189846819,2017
101232,2025-11,0,core_logistic,0.2,303,0.1582925887906372,2017
101182,2025-11,0,core_logistic,0.2,304,0.1580256368007282,2017
101219,2025-11,0,core_logistic,0.2,305,0.1578226826250229,2017
101256,2025-11,0,core_logistic,0.2,306,0.157555165224397,2017
100572,2025-11,0,core_logistic,0.2,307,0.1575019392291964,2017
101441,2025-11,0,core_logistic,0.2,308,0.1573557009854561,2017
100941,2025-11,1,core_logistic,0.2,309,0.1571635183479637,2017
100823,2025-11,0,core_logistic,0.2,310,0.1571303505266356,2017
100798,2025-11,0,core_logistic,0.2,311,0.1570888274953957,2017
101692,2025-11,0,core_logistic,0.2,312,0.1565101811486308,2017
101927,2025-11,0,core_logistic,0.2,313,0.1562784007532071,2017
101247,2025-11,0,core_logistic,0.2,314,0.1561951933734,2017
101876,2025-11,0,core_logistic,0.2,315,0.1558507504727231,2017
101117,2025-11,0,core_logistic,0.2,316,0.1558089851254529,2017
100332,2025-11,0,core_logistic,0.2,317,0.1556192490360583,2017
100653,2025-11,0,core_logistic,0.2,318,0.1554634641723979,2017
100067,2025-11,0,core_logistic,0.2,319,0.1550762886581734,2017
100466,2025-11,0,core_logistic,0.2,320,0.1535859977903858,2017
100225,2025-11,0,core_logistic,0.2,321,0.1532433501413295,2017
101936,2025-11,0,core_logistic,0.2,322,0.1530530137902337,2017
101233,2025-11,0,core_logistic,0.2,323,0.1527384584194843,2017
100161,2025-11,0,core_logistic,0.2,324,0.1523052955582564,2017
100117,2025-11,0,core_logistic,0.2,325,0.1522928452378607,2017
100555,2025-11,0,core_logistic,0.2,326,0.1519470216637299,2017
101910,2025-11,1,core_logistic,0.2,327,0.1510426832691521,2017
101411,2025-11,0,core_logistic,0.2,328,0.1509807868747165,2017
100744,2025-11,0,core_logistic,0.2,329,0.1508935324173357,2017
101400,2025-11,0,core_logistic,0.2,330,0.1508669469672254,2017
100429,2025-11,0,core_logistic,0.2,331,0.1507869891421813,2017
100271,2025-11,1,core_logistic,0.2,332,0.1506262146891386,2017
101623,2025-11,0,core_logistic,0.2,333,0.1505321578142662,2017
100253,2025-11,0,core_logistic,0.2,334,0.1499333980139782,2017
100044,2025-11,0,core_logistic,0.2,335,0.149246700965499,2017
100238,2025-11,0,core_logistic,0.2,336,0.1491802739643452,2017
101624,2025-11,0,core_logistic,0.2,337,0.1489580672032255,2017
100145,2025-11,0,core_logistic,0.2,338,0.1489508971149458,2017
100206,2025-11,0,core_logistic,0.2,339,0.1486952870341765,2017
101850,2025-11,0,core_logistic,0.2,340,0.1486230381850739,2017
100300,2025-11,0,core_logistic,0.2,341,0.1474870324168397,2017
100446,2025-11,0,core_logistic,0.2,342,0.147477750779876,2017
101808,2025-11,0,core_logistic,0.2,343,0.1472955235009591,2017
100299,2025-11,0,core_logistic,0.2,344,0.1471379060924079,2017
101817,2025-11,1,core_logistic,0.2,345,0.1467760603696726,2017
100128,2025-11,0,core_logistic,0.2,346,0.1466385178082087,2017
101917,2025-11,0,core_logistic,0.2,347,0.1465268379542699,2017
101858,2025-11,0,core_logistic,0.2,348,0.1463360851183644,2017
101216,2025-11,0,core_logistic,0.2,349,0.1462664717005904,2017
101320,2025-11,0,core_logistic,0.2,350,0.1459482801477358,2017
100589,2025-11,1,core_logistic,0.2,351,0.1457940499883219,2017
100977,2025-11,1,core_logistic,0.2,352,0.145427449082484,2017
100380,2025-11,0,core_logistic,0.2,353,0.1451681593260437,2017
100340,2025-11,0,core_logistic,0.2,354,0.1448368534412825,2017
100592,2025-11,0,core_logistic,0.2,355,0.1448119903816665,2017
101811,2025-11,0,core_logistic,0.2,356,0.1444103639112946,2017
101287,2025-11,0,core_logistic,0.2,357,0.1442973016307088,2017
101169,2025-11,0,core_logistic,0.2,358,0.1440777323531207,2017
101013,2025-11,1,core_logistic,0.2,359,0.1439709820016111,2017
101036,2025-11,0,core_logistic,0.2,360,0.1437598844229108,2017
101780,2025-11,0,core_logistic,0.2,361,0.1437105238085325,2017
100286,2025-11,0,core_logistic,0.2,362,0.1436156129956083,2017
101638,2025-11,0,core_logistic,0.2,363,0.1433991983732742,2017
100492,2025-11,0,core_logistic,0.2,364,0.1431835216536707,2017
101697,2025-11,1,core_logistic,0.2,365,0.1429905773727549,2017
100848,2025-11,0,core_logistic,0.2,366,0.1428886752030386,2017
101932,2025-11,0,core_logistic,0.2,367,0.1420292200316417,2017
100929,2025-11,0,core_logistic,0.2,368,0.1415353233257222,2017
101195,2025-11,0,core_logistic,0.2,369,0.1410319790477524,2017
101338,2025-11,1,core_logistic,0.2,370,0.1405003841555561,2017
100665,2025-11,0,core_logistic,0.2,371,0.1402269346719032,2017
101769,2025-11,0,core_logistic,0.2,372,0.1401508704451242,2017
100629,2025-11,0,core_logistic,0.2,373,0.1399067065923092,2017
100048,2025-11,0,core_logistic,0.2,374,0.1391298120065728,2017
101240,2025-11,0,core_logistic,0.2,375,0.1384538548046903,2017
101382,2025-11,0,core_logistic,0.2,376,0.137873096677038,2017
101981,2025-11,0,core_logistic,0.2,377,0.1377337664216519,2017
101804,2025-11,0,core_logistic,0.2,378,0.1377008202544292,2017
100792,2025-11,0,core_logistic,0.2,379,0.1376572351954945,2017
100175,2025-11,0,core_logistic,0.2,380,0.1375945869726284,2017
101087,2025-11,0,core_logistic,0.2,381,0.1373884346909314,2017
101906,2025-11,0,core_logistic,0.2,382,0.1371678185623373,2017
101506,2025-11,0,core_logistic,0.2,383,0.1369224914468034,2017
100636,2025-11,0,core_logistic,0.2,384,0.1366152606060752,2017
100869,2025-11,0,core_logistic,0.2,385,0.1364093102903741,2017
101605,2025-11,0,core_logistic,0.2,386,0.13610146175883,2017
102012,2025-11,0,core_logistic,0.2,387,0.1358674783062602,2017
101996,2025-11,0,core_logistic,0.2,388,0.1357616274123084,2017
101673,2025-11,0,core_logistic,0.2,389,0.1354814338505515,2017
100411,2025-11,1,core_logistic,0.2,390,0.135179555002153,2017
100105,2025-11,0,core_logistic,0.2,391,0.1349672504717418,2017
101888,2025-11,0,core_logistic,0.2,392,0.1346987071862004,2017
100073,2025-11,0,core_logistic,0.2,393,0.1346905411352743,2017
101094,2025-11,0,core_logistic,0.2,394,0.1346713356177685,2017
101270,2025-11,0,core_logistic,0.2,395,0.134521386886331,2017
101916,2025-11,0,core_logistic,0.2,396,0.1342892369471061,2017
100809,2025-11,0,core_logistic,0.2,397,0.1339339115137557,2017
101628,2025-11,0,core_logistic,0.2,398,0.1329319106763729,2017
100971,2025-11,1,core_logistic,0.2,399,0.1329222948348957,2017
100952,2025-11,0,core_logistic,0.2,400,0.132787212867905,2017
100832,2025-11,0,core_logistic,0.2,401,0.1326257720211885,2017
100573,2025-11,0,core_logistic,0.2,402,0.1326231890671425,2017
101570,2025-11,0,core_logistic,0.2,403,0.1322871550305026,2017
100032,2025-11,0,core_logistic,0.2,404,0.1322190641120235,2017
100774,2025-11,0,extended_logistic,0.05,1,0.4540445240190265,2017
101449,2025-11,0,extended_logistic,0.05,2,0.45239812558344,2017
100193,2025-11,0,extended_logistic,0.05,3,0.4479851544757224,2017
100242,2025-11,0,extended_logistic,0.05,4,0.4307734501777453,2017
102090,2025-11,1,extended_logistic,0.05,5,0.4212849643994805,2017
101474,2025-11,0,extended_logistic,0.05,6,0.4058191161744923,2017
101913,2025-11,0,extended_logistic,0.05,7,0.4042842962191282,2017
101175,2025-11,1,extended_logistic,0.05,8,0.3985311854452919,2017
100298,2025-11,0,extended_logistic,0.05,9,0.3953339006472799,2017
101886,2025-11,1,extended_logistic,0.05,10,0.3862398595132691,2017
101990,2025-11,1,extended_logistic,0.05,11,0.3830653400557858,2017
100229,2025-11,0,extended_logistic,0.05,12,0.3798534526007858,2017
100775,2025-11,1,extended_logistic,0.05,13,0.3731081050623817,2017
101077,2025-11,0,extended_logistic,0.05,14,0.3730855120587439,2017
100130,2025-11,1,extended_logistic,0.05,15,0.3709555270539629,2017
100670,2025-11,0,extended_logistic,0.05,16,0.3633783859661522,2017
101489,2025-11,0,extended_logistic,0.05,17,0.3552570695645667,2017
101704,2025-11,1,extended_logistic,0.05,18,0.3540890095169838,2017
101505,2025-11,0,extended_logistic,0.05,19,0.3410444225493108,2017
100425,2025-11,0,extended_logistic,0.05,20,0.3404681400864455,2017
100835,2025-11,1,extended_logistic,0.05,21,0.3387853798837691,2017
101045,2025-11,1,extended_logistic,0.05,22,0.3381057724577217,2017
101448,2025-11,1,extended_logistic,0.05,23,0.3360012588969503,2017
102096,2025-11,0,extended_logistic,0.05,24,0.3356406237627544,2017
101776,2025-11,0,extended_logistic,0.05,25,0.3344385578257328,2017
101471,2025-11,0,extended_logistic,0.05,26,0.3335578533430228,2017
102005,2025-11,0,extended_logistic,0.05,27,0.3332616638322556,2017
101312,2025-11,1,extended_logistic,0.05,28,0.329577691508005,2017
100560,2025-11,0,extended_logistic,0.05,29,0.3287184159140078,2017
101684,2025-11,1,extended_logistic,0.05,30,0.3268746095371976,2017
100935,2025-11,0,extended_logistic,0.05,31,0.3266244158939178,2017
100849,2025-11,1,extended_logistic,0.05,32,0.325207684756931,2017
101296,2025-11,0,extended_logistic,0.05,33,0.3223442552529289,2017
101527,2025-11,0,extended_logistic,0.05,34,0.3216068232422661,2017
100875,2025-11,0,extended_logistic,0.05,35,0.3143652604918959,2017
100752,2025-11,0,extended_logistic,0.05,36,0.3133511545135956,2017
100453,2025-11,0,extended_logistic,0.05,37,0.3100415667193708,2017
101726,2025-11,1,extended_logistic,0.05,38,0.30899212008052,2017
101714,2025-11,1,extended_logistic,0.05,39,0.3063689699262137,2017
101319,2025-11,0,extended_logistic,0.05,40,0.304633778250129,2017
101437,2025-11,0,extended_logistic,0.05,41,0.3041991104211118,2017
100559,2025-11,0,extended_logistic,0.05,42,0.303894233309009,2017
100267,2025-11,0,extended_logistic,0.05,43,0.3027712149514667,2017
102053,2025-11,1,extended_logistic,0.05,44,0.3023059414187032,2017
101044,2025-11,1,extended_logistic,0.05,45,0.2996344031162313,2017
101280,2025-11,1,extended_logistic,0.05,46,0.2953195778060955,2017
101761,2025-11,1,extended_logistic,0.05,47,0.2942495882317812,2017
101825,2025-11,0,extended_logistic,0.05,48,0.2937886282821514,2017
101154,2025-11,0,extended_logistic,0.05,49,0.2922531338494632,2017
101636,2025-11,0,extended_logistic,0.05,50,0.2915459409632854,2017
100029,2025-11,0,extended_logistic,0.05,51,0.2914594340022187,2017
100393,2025-11,1,extended_logistic,0.05,52,0.2913212873315388,2017
100337,2025-11,0,extended_logistic,0.05,53,0.2900758545237178,2017
100627,2025-11,1,extended_logistic,0.05,54,0.289884678456686,2017
101150,2025-11,0,extended_logistic,0.05,55,0.2879176906149448,2017
101173,2025-11,0,extended_logistic,0.05,56,0.2856362720177484,2017
101395,2025-11,1,extended_logistic,0.05,57,0.2817999004308891,2017
101642,2025-11,0,extended_logistic,0.05,58,0.2796673110417624,2017
102089,2025-11,1,extended_logistic,0.05,59,0.2795231155826176,2017
100610,2025-11,0,extended_logistic,0.05,60,0.278984074949084,2017
101285,2025-11,0,extended_logistic,0.05,61,0.2718069673663454,2017
100704,2025-11,0,extended_logistic,0.05,62,0.2718018599272166,2017
101610,2025-11,1,extended_logistic,0.05,63,0.2716291525484928,2017
100215,2025-11,1,extended_logistic,0.05,64,0.2716141497501635,2017
100361,2025-11,0,extended_logistic,0.05,65,0.2714555216561715,2017
101737,2025-11,0,extended_logistic,0.05,66,0.2691922870176513,2017
100912,2025-11,1,extended_logistic,0.05,67,0.2685355737973341,2017
100968,2025-11,0,extended_logistic,0.05,68,0.2682493113788573,2017
101672,2025-11,0,extended_logistic,0.05,69,0.2675880725263993,2017
100066,2025-11,0,extended_logistic,0.05,70,0.2666330292762933,2017
101298,2025-11,0,extended_logistic,0.05,71,0.2666004008206394,2017
101883,2025-11,0,extended_logistic,0.05,72,0.2659142609380015,2017
101084,2025-11,0,extended_logistic,0.05,73,0.2647888816499486,2017
100745,2025-11,0,extended_logistic,0.05,74,0.2640232972616194,2017
101259,2025-11,0,extended_logistic,0.05,75,0.262958082006542,2017
100303,2025-11,0,extended_logistic,0.05,76,0.2628696699990859,2017
100686,2025-11,0,extended_logistic,0.05,77,0.2609390967369132,2017
100829,2025-11,0,extended_logistic,0.05,78,0.2608593903687284,2017
101140,2025-11,0,extended_logistic,0.05,79,0.2607469537138062,2017
100197,2025-11,0,extended_logistic,0.05,80,0.2583852972774114,2017
101578,2025-11,0,extended_logistic,0.05,81,0.2564738425923731,2017
100106,2025-11,1,extended_logistic,0.05,82,0.2562143769878763,2017
100487,2025-11,0,extended_logistic,0.05,83,0.2556948765076453,2017
101724,2025-11,1,extended_logistic,0.05,84,0.2527838095974603,2017
101512,2025-11,0,extended_logistic,0.05,85,0.2525964030664112,2017
100698,2025-11,0,extended_logistic,0.05,86,0.2525059539064458,2017
100484,2025-11,0,extended_logistic,0.05,87,0.2480159680391629,2017
101950,2025-11,1,extended_logistic,0.05,88,0.2476168336426395,2017
100892,2025-11,0,extended_logistic,0.05,89,0.2472701033165135,2017
102046,2025-11,0,extended_logistic,0.05,90,0.2466241918962544,2017
101721,2025-11,0,extended_logistic,0.05,91,0.2459901554130894,2017
101368,2025-11,0,extended_logistic,0.05,92,0.2450635046922018,2017
101951,2025-11,0,extended_logistic,0.05,93,0.2450099728120043,2017
100729,2025-11,0,extended_logistic,0.05,94,0.2444072578254568,2017
101971,2025-11,0,extended_logistic,0.05,95,0.2440451319662387,2017
100543,2025-11,0,extended_logistic,0.05,96,0.2436016330590839,2017
100624,2025-11,1,extended_logistic,0.05,97,0.2433236717546422,2017
100826,2025-11,0,extended_logistic,0.05,98,0.2430875227220642,2017
101202,2025-11,1,extended_logistic,0.05,99,0.2399531851729821,2017
101107,2025-11,1,extended_logistic,0.05,100,0.2398391496849376,2017
100787,2025-11,0,extended_logistic,0.05,101,0.2391658123330226,2017
100774,2025-11,0,extended_logistic,0.1,1,0.4540445240190265,2017
101449,2025-11,0,extended_logistic,0.1,2,0.45239812558344,2017
100193,2025-11,0,extended_logistic,0.1,3,0.4479851544757224,2017
100242,2025-11,0,extended_logistic,0.1,4,0.4307734501777453,2017
102090,2025-11,1,extended_logistic,0.1,5,0.4212849643994805,2017
101474,2025-11,0,extended_logistic,0.1,6,0.4058191161744923,2017
101913,2025-11,0,extended_logistic,0.1,7,0.4042842962191282,2017
101175,2025-11,1,extended_logistic,0.1,8,0.3985311854452919,2017
100298,2025-11,0,extended_logistic,0.1,9,0.3953339006472799,2017
101886,2025-11,1,extended_logistic,0.1,10,0.3862398595132691,2017
101990,2025-11,1,extended_logistic,0.1,11,0.3830653400557858,2017
100229,2025-11,0,extended_logistic,0.1,12,0.3798534526007858,2017
100775,2025-11,1,extended_logistic,0.1,13,0.3731081050623817,2017
101077,2025-11,0,extended_logistic,0.1,14,0.3730855120587439,2017
100130,2025-11,1,extended_logistic,0.1,15,0.3709555270539629,2017
100670,2025-11,0,extended_logistic,0.1,16,0.3633783859661522,2017
101489,2025-11,0,extended_logistic,0.1,17,0.3552570695645667,2017
101704,2025-11,1,extended_logistic,0.1,18,0.3540890095169838,2017
101505,2025-11,0,extended_logistic,0.1,19,0.3410444225493108,2017
100425,2025-11,0,extended_logistic,0.1,20,0.3404681400864455,2017
100835,2025-11,1,extended_logistic,0.1,21,0.3387853798837691,2017
101045,2025-11,1,extended_logistic,0.1,22,0.3381057724577217,2017
101448,2025-11,1,extended_logistic,0.1,23,0.3360012588969503,2017
102096,2025-11,0,extended_logistic,0.1,24,0.3356406237627544,2017
101776,2025-11,0,extended_logistic,0.1,25,0.3344385578257328,2017
101471,2025-11,0,extended_logistic,0.1,26,0.3335578533430228,2017
102005,2025-11,0,extended_logistic,0.1,27,0.3332616638322556,2017
101312,2025-11,1,extended_logistic,0.1,28,0.329577691508005,2017
100560,2025-11,0,extended_logistic,0.1,29,0.3287184159140078,2017
101684,2025-11,1,extended_logistic,0.1,30,0.3268746095371976,2017
100935,2025-11,0,extended_logistic,0.1,31,0.3266244158939178,2017
100849,2025-11,1,extended_logistic,0.1,32,0.325207684756931,2017
101296,2025-11,0,extended_logistic,0.1,33,0.3223442552529289,2017
101527,2025-11,0,extended_logistic,0.1,34,0.3216068232422661,2017
100875,2025-11,0,extended_logistic,0.1,35,0.3143652604918959,2017
100752,2025-11,0,extended_logistic,0.1,36,0.3133511545135956,2017
100453,2025-11,0,extended_logistic,0.1,37,0.3100415667193708,2017
101726,2025-11,1,extended_logistic,0.1,38,0.30899212008052,2017
101714,2025-11,1,extended_logistic,0.1,39,0.3063689699262137,2017
101319,2025-11,0,extended_logistic,0.1,40,0.304633778250129,2017
101437,2025-11,0,extended_logistic,0.1,41,0.3041991104211118,2017
100559,2025-11,0,extended_logistic,0.1,42,0.303894233309009,2017
100267,2025-11,0,extended_logistic,0.1,43,0.3027712149514667,2017
102053,2025-11,1,extended_logistic,0.1,44,0.3023059414187032,2017
101044,2025-11,1,extended_logistic,0.1,45,0.2996344031162313,2017
101280,2025-11,1,extended_logistic,0.1,46,0.2953195778060955,2017
101761,2025-11,1,extended_logistic,0.1,47,0.2942495882317812,2017
101825,2025-11,0,extended_logistic,0.1,48,0.2937886282821514,2017
101154,2025-11,0,extended_logistic,0.1,49,0.2922531338494632,2017
101636,2025-11,0,extended_logistic,0.1,50,0.2915459409632854,2017
100029,2025-11,0,extended_logistic,0.1,51,0.2914594340022187,2017
100393,2025-11,1,extended_logistic,0.1,52,0.2913212873315388,2017
100337,2025-11,0,extended_logistic,0.1,53,0.2900758545237178,2017
100627,2025-11,1,extended_logistic,0.1,54,0.289884678456686,2017
101150,2025-11,0,extended_logistic,0.1,55,0.2879176906149448,2017
101173,2025-11,0,extended_logistic,0.1,56,0.2856362720177484,2017
101395,2025-11,1,extended_logistic,0.1,57,0.2817999004308891,2017
101642,2025-11,0,extended_logistic,0.1,58,0.2796673110417624,2017
102089,2025-11,1,extended_logistic,0.1,59,0.2795231155826176,2017
100610,2025-11,0,extended_logistic,0.1,60,0.278984074949084,2017
101285,2025-11,0,extended_logistic,0.1,61,0.2718069673663454,2017
100704,2025-11,0,extended_logistic,0.1,62,0.2718018599272166,2017
101610,2025-11,1,extended_logistic,0.1,63,0.2716291525484928,2017
100215,2025-11,1,extended_logistic,0.1,64,0.2716141497501635,2017
100361,2025-11,0,extended_logistic,0.1,65,0.2714555216561715,2017
101737,2025-11,0,extended_logistic,0.1,66,0.2691922870176513,2017
100912,2025-11,1,extended_logistic,0.1,67,0.2685355737973341,2017
100968,2025-11,0,extended_logistic,0.1,68,0.2682493113788573,2017
101672,2025-11,0,extended_logistic,0.1,69,0.2675880725263993,2017
100066,2025-11,0,extended_logistic,0.1,70,0.2666330292762933,2017
101298,2025-11,0,extended_logistic,0.1,71,0.2666004008206394,2017
101883,2025-11,0,extended_logistic,0.1,72,0.2659142609380015,2017
101084,2025-11,0,extended_logistic,0.1,73,0.2647888816499486,2017
100745,2025-11,0,extended_logistic,0.1,74,0.2640232972616194,2017
101259,2025-11,0,extended_logistic,0.1,75,0.262958082006542,2017
100303,2025-11,0,extended_logistic,0.1,76,0.2628696699990859,2017
100686,2025-11,0,extended_logistic,0.1,77,0.2609390967369132,2017
100829,2025-11,0,extended_logistic,0.1,78,0.2608593903687284,2017
101140,2025-11,0,extended_logistic,0.1,79,0.2607469537138062,2017
100197,2025-11,0,extended_logistic,0.1,80,0.2583852972774114,2017
101578,2025-11,0,extended_logistic,0.1,81,0.2564738425923731,2017
100106,2025-11,1,extended_logistic,0.1,82,0.2562143769878763,2017
100487,2025-11,0,extended_logistic,0.1,83,0.2556948765076453,2017
101724,2025-11,1,extended_logistic,0.1,84,0.2527838095974603,2017
101512,2025-11,0,extended_logistic,0.1,85,0.2525964030664112,2017
100698,2025-11,0,extended_logistic,0.1,86,0.2525059539064458,2017
100484,2025-11,0,extended_logistic,0.1,87,0.2480159680391629,2017
101950,2025-11,1,extended_logistic,0.1,88,0.2476168336426395,2017
100892,2025-11,0,extended_logistic,0.1,89,0.2472701033165135,2017
102046,2025-11,0,extended_logistic,0.1,90,0.2466241918962544,2017
101721,2025-11,0,extended_logistic,0.1,91,0.2459901554130894,2017
101368,2025-11,0,extended_logistic,0.1,92,0.2450635046922018,2017
101951,2025-11,0,extended_logistic,0.1,93,0.2450099728120043,2017
100729,2025-11,0,extended_logistic,0.1,94,0.2444072578254568,2017
101971,2025-11,0,extended_logistic,0.1,95,0.2440451319662387,2017
100543,2025-11,0,extended_logistic,0.1,96,0.2436016330590839,2017
100624,2025-11,1,extended_logistic,0.1,97,0.2433236717546422,2017
100826,2025-11,0,extended_logistic,0.1,98,0.2430875227220642,2017
101202,2025-11,1,extended_logistic,0.1,99,0.2399531851729821,2017
101107,2025-11,1,extended_logistic,0.1,100,0.2398391496849376,2017
100787,2025-11,0,extended_logistic,0.1,101,0.2391658123330226,2017
101626,2025-11,0,extended_logistic,0.1,102,0.2383918539535244,2017
101226,2025-11,0,extended_logistic,0.1,103,0.2378006604703842,2017
100203,2025-11,0,extended_logistic,0.1,104,0.2369233948089649,2017
100143,2025-11,0,extended_logistic,0.1,105,0.2366563353157314,2017
101727,2025-11,1,extended_logistic,0.1,106,0.2349450283631887,2017
101406,2025-11,0,extended_logistic,0.1,107,0.2332191315490485,2017
101594,2025-11,0,extended_logistic,0.1,108,0.2322670459132106,2017
100375,2025-11,0,extended_logistic,0.1,109,0.2316081003750381,2017
101011,2025-11,0,extended_logistic,0.1,110,0.2291705216441089,2017
101336,2025-11,0,extended_logistic,0.1,111,0.2286253242566947,2017
100905,2025-11,0,extended_logistic,0.1,112,0.2280751016396308,2017
101948,2025-11,1,extended_logistic,0.1,113,0.2270519804145351,2017
101179,2025-11,0,extended_logistic,0.1,114,0.2265137415318674,2017
101097,2025-11,0,extended_logistic,0.1,115,0.2263516470345952,2017
101986,2025-11,0,extended_logistic,0.1,116,0.2247407596550895,2017
100275,2025-11,0,extended_logistic,0.1,117,0.224416753179718,2017
100772,2025-11,1,extended_logistic,0.1,118,0.223803997590645,2017
101123,2025-11,0,extended_logistic,0.1,119,0.2223046347657845,2017
101697,2025-11,1,extended_logistic,0.1,120,0.2221860125207903,2017
101837,2025-11,0,extended_logistic,0.1,121,0.2220139289520567,2017
100334,2025-11,0,extended_logistic,0.1,122,0.2217915294938266,2017
100608,2025-11,0,extended_logistic,0.1,123,0.2214894491985209,2017
100161,2025-11,0,extended_logistic,0.1,124,0.2212936486653627,2017
100149,2025-11,1,extended_logistic,0.1,125,0.2205725042737051,2017
100798,2025-11,0,extended_logistic,0.1,126,0.2203811549766273,2017
101124,2025-11,0,extended_logistic,0.1,127,0.2199856976262179,2017
101071,2025-11,0,extended_logistic,0.1,128,0.2197471840604285,2017
101866,2025-11,0,extended_logistic,0.1,129,0.2195364584743934,2017
101500,2025-11,0,extended_logistic,0.1,130,0.2193202395618089,2017
100297,2025-11,0,extended_logistic,0.1,131,0.219188320030652,2017
100773,2025-11,0,extended_logistic,0.1,132,0.2185083594865257,2017
101365,2025-11,0,extended_logistic,0.1,133,0.217370854614202,2017
101264,2025-11,1,extended_logistic,0.1,134,0.2170181909415342,2017
100684,2025-11,0,extended_logistic,0.1,135,0.2169548947074779,2017
100727,2025-11,0,extended_logistic,0.1,136,0.2162125969462867,2017
101466,2025-11,0,extended_logistic,0.1,137,0.2160269452365401,2017
101414,2025-11,1,extended_logistic,0.1,138,0.215877988027494,2017
101928,2025-11,0,extended_logistic,0.1,139,0.2150122796426543,2017
101932,2025-11,0,extended_logistic,0.1,140,0.2137213457952857,2017
101256,2025-11,0,extended_logistic,0.1,141,0.2135802766306681,2017
100732,2025-11,0,extended_logistic,0.1,142,0.2125953001605613,2017
101720,2025-11,0,extended_logistic,0.1,143,0.2125182144870406,2017
100218,2025-11,0,extended_logistic,0.1,144,0.2121295454720545,2017
100661,2025-11,1,extended_logistic,0.1,145,0.2117296788909994,2017
100990,2025-11,0,extended_logistic,0.1,146,0.2104201306104998,2017
101232,2025-11,0,extended_logistic,0.1,147,0.2102084712255261,2017
100510,2025-11,1,extended_logistic,0.1,148,0.210138873136039,2017
101067,2025-11,0,extended_logistic,0.1,149,0.2092161489500608,2017
101885,2025-11,1,extended_logistic,0.1,150,0.2087169907388829,2017
100017,2025-11,0,extended_logistic,0.1,151,0.2084741892773038,2017
101104,2025-11,0,extended_logistic,0.1,152,0.208250267837854,2017
100002,2025-11,1,extended_logistic,0.1,153,0.2072117968569275,2017
100433,2025-11,1,extended_logistic,0.1,154,0.2066302733643608,2017
102037,2025-11,0,extended_logistic,0.1,155,0.2065111744607549,2017
100041,2025-11,0,extended_logistic,0.1,156,0.2063927549388793,2017
101806,2025-11,0,extended_logistic,0.1,157,0.2059010142250669,2017
102025,2025-11,0,extended_logistic,0.1,158,0.2057487381850649,2017
101656,2025-11,1,extended_logistic,0.1,159,0.2057223686321163,2017
101783,2025-11,0,extended_logistic,0.1,160,0.2056976656535177,2017
101070,2025-11,0,extended_logistic,0.1,161,0.2048142898462007,2017
100768,2025-11,0,extended_logistic,0.1,162,0.2042328997937258,2017
100676,2025-11,0,extended_logistic,0.1,163,0.2031438117783792,2017
101857,2025-11,0,extended_logistic,0.1,164,0.2029942000258472,2017
100536,2025-11,0,extended_logistic,0.1,165,0.202492811091495,2017
101752,2025-11,1,extended_logistic,0.1,166,0.2024037392552949,2017
101811,2025-11,0,extended_logistic,0.1,167,0.2020805858712762,2017
100628,2025-11,0,extended_logistic,0.1,168,0.2002849646394235,2017
101240,2025-11,0,extended_logistic,0.1,169,0.2002401095776624,2017
101946,2025-11,1,extended_logistic,0.1,170,0.1999085338889566,2017
101447,2025-11,0,extended_logistic,0.1,171,0.1998883317267522,2017
100224,2025-11,0,extended_logistic,0.1,172,0.1995490809458514,2017
101120,2025-11,0,extended_logistic,0.1,173,0.1989102139963273,2017
100589,2025-11,1,extended_logistic,0.1,174,0.1977498213449233,2017
101384,2025-11,0,extended_logistic,0.1,175,0.1975963054674401,2017
100924,2025-11,0,extended_logistic,0.1,176,0.1975920481436924,2017
100605,2025-11,0,extended_logistic,0.1,177,0.19743275077057,2017
100256,2025-11,0,extended_logistic,0.1,178,0.1966513038885589,2017
100446,2025-11,0,extended_logistic,0.1,179,0.1964912051667913,2017
101805,2025-11,0,extended_logistic,0.1,180,0.1963114479345997,2017
101516,2025-11,1,extended_logistic,0.1,181,0.1958865448793538,2017
100854,2025-11,0,extended_logistic,0.1,182,0.1953237393462733,2017
101910,2025-11,1,extended_logistic,0.1,183,0.1951134008543127,2017
101598,2025-11,0,extended_logistic,0.1,184,0.1947039796963479,2017
100649,2025-11,0,extended_logistic,0.1,185,0.194609267158991,2017
102007,2025-11,0,extended_logistic,0.1,186,0.1945377528299079,2017
100291,2025-11,0,extended_logistic,0.1,187,0.1945207803298736,2017
100880,2025-11,0,extended_logistic,0.1,188,0.1944519723895901,2017
101419,2025-11,1,extended_logistic,0.1,189,0.1940609548186986,2017
101001,2025-11,0,extended_logistic,0.1,190,0.1934402910775641,2017
100496,2025-11,0,extended_logistic,0.1,191,0.1931792029564088,2017
101145,2025-11,0,extended_logistic,0.1,192,0.1931025117921569,2017
101731,2025-11,1,extended_logistic,0.1,193,0.1927389381025757,2017
100788,2025-11,1,extended_logistic,0.1,194,0.1924535682120495,2017
101804,2025-11,0,extended_logistic,0.1,195,0.1913922569179413,2017
102062,2025-11,1,extended_logistic,0.1,196,0.1911796480447212,2017
100387,2025-11,0,extended_logistic,0.1,197,0.1911747341442128,2017
102079,2025-11,0,extended_logistic,0.1,198,0.1900267441970695,2017
100308,2025-11,1,extended_logistic,0.1,199,0.189038478915176,2017
101746,2025-11,1,extended_logistic,0.1,200,0.1887165117349236,2017
100796,2025-11,0,extended_logistic,0.1,201,0.1885677314830244,2017
101572,2025-11,1,extended_logistic,0.1,202,0.1885372751496441,2017
100774,2025-11,0,extended_logistic,0.2,1,0.4540445240190265,2017
101449,2025-11,0,extended_logistic,0.2,2,0.45239812558344,2017
100193,2025-11,0,extended_logistic,0.2,3,0.4479851544757224,2017
100242,2025-11,0,extended_logistic,0.2,4,0.4307734501777453,2017
102090,2025-11,1,extended_logistic,0.2,5,0.4212849643994805,2017
101474,2025-11,0,extended_logistic,0.2,6,0.4058191161744923,2017
101913,2025-11,0,extended_logistic,0.2,7,0.4042842962191282,2017
101175,2025-11,1,extended_logistic,0.2,8,0.3985311854452919,2017
100298,2025-11,0,extended_logistic,0.2,9,0.3953339006472799,2017
101886,2025-11,1,extended_logistic,0.2,10,0.3862398595132691,2017
101990,2025-11,1,extended_logistic,0.2,11,0.3830653400557858,2017
100229,2025-11,0,extended_logistic,0.2,12,0.3798534526007858,2017
100775,2025-11,1,extended_logistic,0.2,13,0.3731081050623817,2017
101077,2025-11,0,extended_logistic,0.2,14,0.3730855120587439,2017
100130,2025-11,1,extended_logistic,0.2,15,0.3709555270539629,2017
100670,2025-11,0,extended_logistic,0.2,16,0.3633783859661522,2017
101489,2025-11,0,extended_logistic,0.2,17,0.3552570695645667,2017
101704,2025-11,1,extended_logistic,0.2,18,0.3540890095169838,2017
101505,2025-11,0,extended_logistic,0.2,19,0.3410444225493108,2017
100425,2025-11,0,extended_logistic,0.2,20,0.3404681400864455,2017
100835,2025-11,1,extended_logistic,0.2,21,0.3387853798837691,2017
101045,2025-11,1,extended_logistic,0.2,22,0.3381057724577217,2017
101448,2025-11,1,extended_logistic,0.2,23,0.3360012588969503,2017
102096,2025-11,0,extended_logistic,0.2,24,0.3356406237627544,2017
101776,2025-11,0,extended_logistic,0.2,25,0.3344385578257328,2017
101471,2025-11,0,extended_logistic,0.2,26,0.3335578533430228,2017
102005,2025-11,0,extended_logistic,0.2,27,0.3332616638322556,2017
101312,2025-11,1,extended_logistic,0.2,28,0.329577691508005,2017
100560,2025-11,0,extended_logistic,0.2,29,0.3287184159140078,2017
101684,2025-11,1,extended_logistic,0.2,30,0.3268746095371976,2017
100935,2025-11,0,extended_logistic,0.2,31,0.3266244158939178,2017
100849,2025-11,1,extended_logistic,0.2,32,0.325207684756931,2017
101296,2025-11,0,extended_logistic,0.2,33,0.3223442552529289,2017
101527,2025-11,0,extended_logistic,0.2,34,0.3216068232422661,2017
100875,2025-11,0,extended_logistic,0.2,35,0.3143652604918959,2017
100752,2025-11,0,extended_logistic,0.2,36,0.3133511545135956,2017
100453,2025-11,0,extended_logistic,0.2,37,0.3100415667193708,2017
101726,2025-11,1,extended_logistic,0.2,38,0.30899212008052,2017
101714,2025-11,1,extended_logistic,0.2,39,0.3063689699262137,2017
101319,2025-11,0,extended_logistic,0.2,40,0.304633778250129,2017
101437,2025-11,0,extended_logistic,0.2,41,0.3041991104211118,2017
100559,2025-11,0,extended_logistic,0.2,42,0.303894233309009,2017
100267,2025-11,0,extended_logistic,0.2,43,0.3027712149514667,2017
102053,2025-11,1,extended_logistic,0.2,44,0.3023059414187032,2017
101044,2025-11,1,extended_logistic,0.2,45,0.2996344031162313,2017
101280,2025-11,1,extended_logistic,0.2,46,0.2953195778060955,2017
101761,2025-11,1,extended_logistic,0.2,47,0.2942495882317812,2017
101825,2025-11,0,extended_logistic,0.2,48,0.2937886282821514,2017
101154,2025-11,0,extended_logistic,0.2,49,0.2922531338494632,2017
101636,2025-11,0,extended_logistic,0.2,50,0.2915459409632854,2017
100029,2025-11,0,extended_logistic,0.2,51,0.2914594340022187,2017
100393,2025-11,1,extended_logistic,0.2,52,0.2913212873315388,2017
100337,2025-11,0,extended_logistic,0.2,53,0.2900758545237178,2017
100627,2025-11,1,extended_logistic,0.2,54,0.289884678456686,2017
101150,2025-11,0,extended_logistic,0.2,55,0.2879176906149448,2017
101173,2025-11,0,extended_logistic,0.2,56,0.2856362720177484,2017
101395,2025-11,1,extended_logistic,0.2,57,0.2817999004308891,2017
101642,2025-11,0,extended_logistic,0.2,58,0.2796673110417624,2017
102089,2025-11,1,extended_logistic,0.2,59,0.2795231155826176,2017
100610,2025-11,0,extended_logistic,0.2,60,0.278984074949084,2017
101285,2025-11,0,extended_logistic,0.2,61,0.2718069673663454,2017
100704,2025-11,0,extended_logistic,0.2,62,0.2718018599272166,2017
101610,2025-11,1,extended_logistic,0.2,63,0.2716291525484928,2017
100215,2025-11,1,extended_logistic,0.2,64,0.2716141497501635,2017
100361,2025-11,0,extended_logistic,0.2,65,0.2714555216561715,2017
101737,2025-11,0,extended_logistic,0.2,66,0.2691922870176513,2017
100912,2025-11,1,extended_logistic,0.2,67,0.2685355737973341,2017
100968,2025-11,0,extended_logistic,0.2,68,0.2682493113788573,2017
101672,2025-11,0,extended_logistic,0.2,69,0.2675880725263993,2017
100066,2025-11,0,extended_logistic,0.2,70,0.2666330292762933,2017
101298,2025-11,0,extended_logistic,0.2,71,0.2666004008206394,2017
101883,2025-11,0,extended_logistic,0.2,72,0.2659142609380015,2017
101084,2025-11,0,extended_logistic,0.2,73,0.2647888816499486,2017
100745,2025-11,0,extended_logistic,0.2,74,0.2640232972616194,2017
101259,2025-11,0,extended_logistic,0.2,75,0.262958082006542,2017
100303,2025-11,0,extended_logistic,0.2,76,0.2628696699990859,2017
100686,2025-11,0,extended_logistic,0.2,77,0.2609390967369132,2017
100829,2025-11,0,extended_logistic,0.2,78,0.2608593903687284,2017
101140,2025-11,0,extended_logistic,0.2,79,0.2607469537138062,2017
100197,2025-11,0,extended_logistic,0.2,80,0.2583852972774114,2017
101578,2025-11,0,extended_logistic,0.2,81,0.2564738425923731,2017
100106,2025-11,1,extended_logistic,0.2,82,0.2562143769878763,2017
100487,2025-11,0,extended_logistic,0.2,83,0.2556948765076453,2017
101724,2025-11,1,extended_logistic,0.2,84,0.2527838095974603,2017
101512,2025-11,0,extended_logistic,0.2,85,0.2525964030664112,2017
100698,2025-11,0,extended_logistic,0.2,86,0.2525059539064458,2017
100484,2025-11,0,extended_logistic,0.2,87,0.2480159680391629,2017
101950,2025-11,1,extended_logistic,0.2,88,0.2476168336426395,2017
100892,2025-11,0,extended_logistic,0.2,89,0.2472701033165135,2017
102046,2025-11,0,extended_logistic,0.2,90,0.2466241918962544,2017
101721,2025-11,0,extended_logistic,0.2,91,0.2459901554130894,2017
101368,2025-11,0,extended_logistic,0.2,92,0.2450635046922018,2017
101951,2025-11,0,extended_logistic,0.2,93,0.2450099728120043,2017
100729,2025-11,0,extended_logistic,0.2,94,0.2444072578254568,2017
101971,2025-11,0,extended_logistic,0.2,95,0.2440451319662387,2017
100543,2025-11,0,extended_logistic,0.2,96,0.2436016330590839,2017
100624,2025-11,1,extended_logistic,0.2,97,0.2433236717546422,2017
100826,2025-11,0,extended_logistic,0.2,98,0.2430875227220642,2017
101202,2025-11,1,extended_logistic,0.2,99,0.2399531851729821,2017
101107,2025-11,1,extended_logistic,0.2,100,0.2398391496849376,2017
100787,2025-11,0,extended_logistic,0.2,101,0.2391658123330226,2017
101626,2025-11,0,extended_logistic,0.2,102,0.2383918539535244,2017
101226,2025-11,0,extended_logistic,0.2,103,0.2378006604703842,2017
100203,2025-11,0,extended_logistic,0.2,104,0.2369233948089649,2017
100143,2025-11,0,extended_logistic,0.2,105,0.2366563353157314,2017
101727,2025-11,1,extended_logistic,0.2,106,0.2349450283631887,2017
101406,2025-11,0,extended_logistic,0.2,107,0.2332191315490485,2017
101594,2025-11,0,extended_logistic,0.2,108,0.2322670459132106,2017
100375,2025-11,0,extended_logistic,0.2,109,0.2316081003750381,2017
101011,2025-11,0,extended_logistic,0.2,110,0.2291705216441089,2017
101336,2025-11,0,extended_logistic,0.2,111,0.2286253242566947,2017
100905,2025-11,0,extended_logistic,0.2,112,0.2280751016396308,2017
101948,2025-11,1,extended_logistic,0.2,113,0.2270519804145351,2017
101179,2025-11,0,extended_logistic,0.2,114,0.2265137415318674,2017
101097,2025-11,0,extended_logistic,0.2,115,0.2263516470345952,2017
101986,2025-11,0,extended_logistic,0.2,116,0.2247407596550895,2017
100275,2025-11,0,extended_logistic,0.2,117,0.224416753179718,2017
100772,2025-11,1,extended_logistic,0.2,118,0.223803997590645,2017
101123,2025-11,0,extended_logistic,0.2,119,0.2223046347657845,2017
101697,2025-11,1,extended_logistic,0.2,120,0.2221860125207903,2017
101837,2025-11,0,extended_logistic,0.2,121,0.2220139289520567,2017
100334,2025-11,0,extended_logistic,0.2,122,0.2217915294938266,2017
100608,2025-11,0,extended_logistic,0.2,123,0.2214894491985209,2017
100161,2025-11,0,extended_logistic,0.2,124,0.2212936486653627,2017
100149,2025-11,1,extended_logistic,0.2,125,0.2205725042737051,2017
100798,2025-11,0,extended_logistic,0.2,126,0.2203811549766273,2017
101124,2025-11,0,extended_logistic,0.2,127,0.2199856976262179,2017
101071,2025-11,0,extended_logistic,0.2,128,0.2197471840604285,2017
101866,2025-11,0,extended_logistic,0.2,129,0.2195364584743934,2017
101500,2025-11,0,extended_logistic,0.2,130,0.2193202395618089,2017
100297,2025-11,0,extended_logistic,0.2,131,0.219188320030652,2017
100773,2025-11,0,extended_logistic,0.2,132,0.2185083594865257,2017
101365,2025-11,0,extended_logistic,0.2,133,0.217370854614202,2017
101264,2025-11,1,extended_logistic,0.2,134,0.2170181909415342,2017
100684,2025-11,0,extended_logistic,0.2,135,0.2169548947074779,2017
100727,2025-11,0,extended_logistic,0.2,136,0.2162125969462867,2017
101466,2025-11,0,extended_logistic,0.2,137,0.2160269452365401,2017
101414,2025-11,1,extended_logistic,0.2,138,0.215877988027494,2017
101928,2025-11,0,extended_logistic,0.2,139,0.2150122796426543,2017
101932,2025-11,0,extended_logistic,0.2,140,0.2137213457952857,2017
101256,2025-11,0,extended_logistic,0.2,141,0.2135802766306681,2017
100732,2025-11,0,extended_logistic,0.2,142,0.2125953001605613,2017
101720,2025-11,0,extended_logistic,0.2,143,0.2125182144870406,2017
100218,2025-11,0,extended_logistic,0.2,144,0.2121295454720545,2017
100661,2025-11,1,extended_logistic,0.2,145,0.2117296788909994,2017
100990,2025-11,0,extended_logistic,0.2,146,0.2104201306104998,2017
101232,2025-11,0,extended_logistic,0.2,147,0.2102084712255261,2017
100510,2025-11,1,extended_logistic,0.2,148,0.210138873136039,2017
101067,2025-11,0,extended_logistic,0.2,149,0.2092161489500608,2017
101885,2025-11,1,extended_logistic,0.2,150,0.2087169907388829,2017
100017,2025-11,0,extended_logistic,0.2,151,0.2084741892773038,2017
101104,2025-11,0,extended_logistic,0.2,152,0.208250267837854,2017
100002,2025-11,1,extended_logistic,0.2,153,0.2072117968569275,2017
100433,2025-11,1,extended_logistic,0.2,154,0.2066302733643608,2017
102037,2025-11,0,extended_logistic,0.2,155,0.2065111744607549,2017
100041,2025-11,0,extended_logistic,0.2,156,0.2063927549388793,2017
101806,2025-11,0,extended_logistic,0.2,157,0.2059010142250669,2017
102025,2025-11,0,extended_logistic,0.2,158,0.2057487381850649,2017
101656,2025-11,1,extended_logistic,0.2,159,0.2057223686321163,2017
101783,2025-11,0,extended_logistic,0.2,160,0.2056976656535177,2017
101070,2025-11,0,extended_logistic,0.2,161,0.2048142898462007,2017
100768,2025-11,0,extended_logistic,0.2,162,0.2042328997937258,2017
100676,2025-11,0,extended_logistic,0.2,163,0.2031438117783792,2017
101857,2025-11,0,extended_logistic,0.2,164,0.2029942000258472,2017
100536,2025-11,0,extended_logistic,0.2,165,0.202492811091495,2017
101752,2025-11,1,extended_logistic,0.2,166,0.2024037392552949,2017
101811,2025-11,0,extended_logistic,0.2,167,0.2020805858712762,2017
100628,2025-11,0,extended_logistic,0.2,168,0.2002849646394235,2017
101240,2025-11,0,extended_logistic,0.2,169,0.2002401095776624,2017
101946,2025-11,1,extended_logistic,0.2,170,0.1999085338889566,2017
101447,2025-11,0,extended_logistic,0.2,171,0.1998883317267522,2017
100224,2025-11,0,extended_logistic,0.2,172,0.1995490809458514,2017
101120,2025-11,0,extended_logistic,0.2,173,0.1989102139963273,2017
100589,2025-11,1,extended_logistic,0.2,174,0.1977498213449233,2017
101384,2025-11,0,extended_logistic,0.2,175,0.1975963054674401,2017
100924,2025-11,0,extended_logistic,0.2,176,0.1975920481436924,2017
100605,2025-11,0,extended_logistic,0.2,177,0.19743275077057,2017
100256,2025-11,0,extended_logistic,0.2,178,0.1966513038885589,2017
100446,2025-11,0,extended_logistic,0.2,179,0.1964912051667913,2017
101805,2025-11,0,extended_logistic,0.2,180,0.1963114479345997,2017
101516,2025-11,1,extended_logistic,0.2,181,0.1958865448793538,2017
100854,2025-11,0,extended_logistic,0.2,182,0.1953237393462733,2017
101910,2025-11,1,extended_logistic,0.2,183,0.1951134008543127,2017
101598,2025-11,0,extended_logistic,0.2,184,0.1947039796963479,2017
100649,2025-11,0,extended_logistic,0.2,185,0.194609267158991,2017
102007,2025-11,0,extended_logistic,0.2,186,0.1945377528299079,2017
100291,2025-11,0,extended_logistic,0.2,187,0.1945207803298736,2017
100880,2025-11,0,extended_logistic,0.2,188,0.1944519723895901,2017
101419,2025-11,1,extended_logistic,0.2,189,0.1940609548186986,2017
101001,2025-11,0,extended_logistic,0.2,190,0.1934402910775641,2017
100496,2025-11,0,extended_logistic,0.2,191,0.1931792029564088,2017
101145,2025-11,0,extended_logistic,0.2,192,0.1931025117921569,2017
101731,2025-11,1,extended_logistic,0.2,193,0.1927389381025757,2017
100788,2025-11,1,extended_logistic,0.2,194,0.1924535682120495,2017
101804,2025-11,0,extended_logistic,0.2,195,0.1913922569179413,2017
102062,2025-11,1,extended_logistic,0.2,196,0.1911796480447212,2017
100387,2025-11,0,extended_logistic,0.2,197,0.1911747341442128,2017
102079,2025-11,0,extended_logistic,0.2,198,0.1900267441970695,2017
100308,2025-11,1,extended_logistic,0.2,199,0.189038478915176,2017
101746,2025-11,1,extended_logistic,0.2,200,0.1887165117349236,2017
100796,2025-11,0,extended_logistic,0.2,201,0.1885677314830244,2017
101572,2025-11,1,extended_logistic,0.2,202,0.1885372751496441,2017
100564,2025-11,0,extended_logistic,0.2,203,0.1884271697054233,2017
101878,2025-11,0,extended_logistic,0.2,204,0.1883514552591073,2017
100519,2025-11,0,extended_logistic,0.2,205,0.1878063365733034,2017
101507,2025-11,1,extended_logistic,0.2,206,0.1875047975873255,2017
101137,2025-11,0,extended_logistic,0.2,207,0.1872371191297363,2017
100883,2025-11,0,extended_logistic,0.2,208,0.1859836050550147,2017
100636,2025-11,0,extended_logistic,0.2,209,0.1858883130668945,2017
100869,2025-11,0,extended_logistic,0.2,210,0.1853312574605792,2017
101583,2025-11,0,extended_logistic,0.2,211,0.1848989121760282,2017
100385,2025-11,0,extended_logistic,0.2,212,0.1844919426485571,2017
100214,2025-11,0,extended_logistic,0.2,213,0.1841021200962587,2017
101411,2025-11,0,extended_logistic,0.2,214,0.1837277221200746,2017
100078,2025-11,1,extended_logistic,0.2,215,0.1835362689837224,2017
101036,2025-11,0,extended_logistic,0.2,216,0.1833901015717471,2017
100958,2025-11,0,extended_logistic,0.2,217,0.1826363248488943,2017
100945,2025-11,1,extended_logistic,0.2,218,0.1825609109439663,2017
100264,2025-11,0,extended_logistic,0.2,219,0.1814344111167857,2017
101373,2025-11,0,extended_logistic,0.2,220,0.1805369671009897,2017
102094,2025-11,0,extended_logistic,0.2,221,0.1805010205230577,2017
100662,2025-11,0,extended_logistic,0.2,222,0.1803529087910647,2017
101660,2025-11,0,extended_logistic,0.2,223,0.180193749969735,2017
100253,2025-11,0,extended_logistic,0.2,224,0.1796593973393316,2017
101719,2025-11,0,extended_logistic,0.2,225,0.1792302702497681,2017
100878,2025-11,0,extended_logistic,0.2,226,0.1791280723575711,2017
100907,2025-11,0,extended_logistic,0.2,227,0.1779934592812457,2017
100380,2025-11,0,extended_logistic,0.2,228,0.1777245482633275,2017
100345,2025-11,0,extended_logistic,0.2,229,0.1768908198440905,2017
100177,2025-11,0,extended_logistic,0.2,230,0.1765083592360642,2017
100452,2025-11,0,extended_logistic,0.2,231,0.1756064212630602,2017
101871,2025-11,1,extended_logistic,0.2,232,0.1754135419171722,2017
100501,2025-11,0,extended_logistic,0.2,233,0.1749875179769477,2017
100073,2025-11,0,extended_logistic,0.2,234,0.174566869193811,2017
100925,2025-11,1,extended_logistic,0.2,235,0.1740396317304839,2017
101692,2025-11,0,extended_logistic,0.2,236,0.1737696353326082,2017
101629,2025-11,0,extended_logistic,0.2,237,0.173683677152195,2017
100441,2025-11,0,extended_logistic,0.2,238,0.1732113993789583,2017
101981,2025-11,0,extended_logistic,0.2,239,0.173193071336787,2017
100015,2025-11,0,extended_logistic,0.2,240,0.1724217893457667,2017
101076,2025-11,1,extended_logistic,0.2,241,0.171633350881936,2017
101888,2025-11,0,extended_logistic,0.2,242,0.1715926331937562,2017
101302,2025-11,0,extended_logistic,0.2,243,0.1712492786836122,2017
100466,2025-11,0,extended_logistic,0.2,244,0.1711041343066408,2017
101487,2025-11,0,extended_logistic,0.2,245,0.1710958634110461,2017
101019,2025-11,0,extended_logistic,0.2,246,0.1706448402427462,2017
101237,2025-11,1,extended_logistic,0.2,247,0.1705745822754884,2017
101122,2025-11,0,extended_logistic,0.2,248,0.1705563706548165,2017
100377,2025-11,0,extended_logistic,0.2,249,0.1705113664216972,2017
101229,2025-11,0,extended_logistic,0.2,250,0.1704610888782659,2017
100422,2025-11,0,extended_logistic,0.2,251,0.1697193681080383,2017
100579,2025-11,1,extended_logistic,0.2,252,0.1696146582843899,2017
100219,2025-11,0,extended_logistic,0.2,253,0.1696138373544085,2017
101391,2025-11,0,extended_logistic,0.2,254,0.1694019930286952,2017
101919,2025-11,1,extended_logistic,0.2,255,0.1686305095176885,2017
101287,2025-11,0,extended_logistic,0.2,256,0.1684861714996657,2017
101320,2025-11,0,extended_logistic,0.2,257,0.1681054818872086,2017
100803,2025-11,1,extended_logistic,0.2,258,0.1677576861960584,2017
100992,2025-11,0,extended_logistic,0.2,259,0.1676676414235057,2017
101952,2025-11,1,extended_logistic,0.2,260,0.1675362163266849,2017
100148,2025-11,0,extended_logistic,0.2,261,0.1668506851061277,2017
101182,2025-11,0,extended_logistic,0.2,262,0.1664305582761199,2017
100206,2025-11,0,extended_logistic,0.2,263,0.1663616068529827,2017
101901,2025-11,0,extended_logistic,0.2,264,0.1658936680599884,2017
101431,2025-11,0,extended_logistic,0.2,265,0.165885776623943,2017
101350,2025-11,0,extended_logistic,0.2,266,0.1652476178632431,2017
101152,2025-11,1,extended_logistic,0.2,267,0.1651647562213506,2017
100067,2025-11,0,extended_logistic,0.2,268,0.1650820463749385,2017
102063,2025-11,0,extended_logistic,0.2,269,0.1649463843101053,2017
101927,2025-11,0,extended_logistic,0.2,270,0.1640536534272459,2017
101936,2025-11,0,extended_logistic,0.2,271,0.1640351965199799,2017
100581,2025-11,0,extended_logistic,0.2,272,0.1640166964421235,2017
101441,2025-11,0,extended_logistic,0.2,273,0.1638796689734606,2017
100818,2025-11,0,extended_logistic,0.2,274,0.1637573383980819,2017
100592,2025-11,0,extended_logistic,0.2,275,0.1636487069453362,2017
100817,2025-11,1,extended_logistic,0.2,276,0.1634552770097077,2017
100973,2025-11,0,extended_logistic,0.2,277,0.1628277091416382,2017
100079,2025-11,0,extended_logistic,0.2,278,0.1626255171213758,2017
101909,2025-11,0,extended_logistic,0.2,279,0.1622174773310394,2017
101619,2025-11,0,extended_logistic,0.2,280,0.1621812822641833,2017
102077,2025-11,1,extended_logistic,0.2,281,0.1619621437268509,2017
100372,2025-11,0,extended_logistic,0.2,282,0.1617978353775147,2017
102081,2025-11,0,extended_logistic,0.2,283,0.1616195928601736,2017
101436,2025-11,0,extended_logistic,0.2,284,0.1615936730243191,2017
100178,2025-11,0,extended_logistic,0.2,285,0.1614378301083231,2017
101499,2025-11,0,extended_logistic,0.2,286,0.1613938521034144,2017
101332,2025-11,0,extended_logistic,0.2,287,0.1612641419003684,2017
100555,2025-11,0,extended_logistic,0.2,288,0.1612119225256187,2017
100626,2025-11,0,extended_logistic,0.2,289,0.1608589401490983,2017
101832,2025-11,0,extended_logistic,0.2,290,0.1604270824610995,2017
101169,2025-11,0,extended_logistic,0.2,291,0.1602200377094647,2017
101301,2025-11,0,extended_logistic,0.2,292,0.1601595062109787,2017
100929,2025-11,0,extended_logistic,0.2,293,0.1601154847179048,2017
101421,2025-11,1,extended_logistic,0.2,294,0.1600146562851415,2017
101144,2025-11,0,extended_logistic,0.2,295,0.1598503665278977,2017
101423,2025-11,1,extended_logistic,0.2,296,0.1597721956304265,2017
102029,2025-11,0,extended_logistic,0.2,297,0.1594908692905323,2017
100815,2025-11,0,extended_logistic,0.2,298,0.1592064246790774,2017
101670,2025-11,0,extended_logistic,0.2,299,0.1590837160920842,2017
101615,2025-11,0,extended_logistic,0.2,300,0.1588088721018873,2017
101435,2025-11,0,extended_logistic,0.2,301,0.1578732087588666,2017
100145,2025-11,0,extended_logistic,0.2,302,0.1576876041476663,2017
100947,2025-11,0,extended_logistic,0.2,303,0.1576796983270717,2017
101266,2025-11,0,extended_logistic,0.2,304,0.1576422433252612,2017
100946,2025-11,0,extended_logistic,0.2,305,0.1574718045596971,2017
100112,2025-11,1,extended_logistic,0.2,306,0.1573579804123357,2017
100572,2025-11,0,extended_logistic,0.2,307,0.1571476389182904,2017
101338,2025-11,1,extended_logistic,0.2,308,0.1569065210920904,2017
100694,2025-11,0,extended_logistic,0.2,309,0.1569036113466528,2017
101623,2025-11,0,extended_logistic,0.2,310,0.156520617444177,2017
101393,2025-11,0,extended_logistic,0.2,311,0.1563115636188771,2017
101791,2025-11,0,extended_logistic,0.2,312,0.155885031772807,2017
100411,2025-11,1,extended_logistic,0.2,313,0.155634611340701,2017
101753,2025-11,0,extended_logistic,0.2,314,0.1552157140687409,2017
100332,2025-11,0,extended_logistic,0.2,315,0.1548703168242702,2017
101349,2025-11,0,extended_logistic,0.2,316,0.1548434200415081,2017
100919,2025-11,0,extended_logistic,0.2,317,0.1537661453293757,2017
100369,2025-11,0,extended_logistic,0.2,318,0.1537256288235919,2017
100629,2025-11,0,extended_logistic,0.2,319,0.1536863298283479,2017
101876,2025-11,0,extended_logistic,0.2,320,0.1536150628175764,2017
100653,2025-11,0,extended_logistic,0.2,321,0.1534623326719163,2017
100514,2025-11,0,extended_logistic,0.2,322,0.1530457645721899,2017
100259,2025-11,0,extended_logistic,0.2,323,0.1528756974324251,2017
101311,2025-11,0,extended_logistic,0.2,324,0.1528173120791615,2017
101547,2025-11,0,extended_logistic,0.2,325,0.1527708204865522,2017
100644,2025-11,0,extended_logistic,0.2,326,0.1517621874599882,2017
100064,2025-11,1,extended_logistic,0.2,327,0.1516905747297888,2017
100731,2025-11,0,extended_logistic,0.2,328,0.1514390751504704,2017
101579,2025-11,0,extended_logistic,0.2,329,0.1513976882889147,2017
100647,2025-11,0,extended_logistic,0.2,330,0.1511667399702855,2017
101541,2025-11,1,extended_logistic,0.2,331,0.1502587335790754,2017
100034,2025-11,0,extended_logistic,0.2,332,0.1494331978067271,2017
100300,2025-11,0,extended_logistic,0.2,333,0.1489776756385638,2017
101858,2025-11,0,extended_logistic,0.2,334,0.1488897400923558,2017
101772,2025-11,0,extended_logistic,0.2,335,0.1485968164684479,2017
100985,2025-11,0,extended_logistic,0.2,336,0.1485077072092432,2017
100792,2025-11,0,extended_logistic,0.2,337,0.1484023694084555,2017
100726,2025-11,0,extended_logistic,0.2,338,0.148094481224474,2017
101906,2025-11,0,extended_logistic,0.2,339,0.1478735137528697,2017
101195,2025-11,0,extended_logistic,0.2,340,0.1474825619126908,2017
101270,2025-11,0,extended_logistic,0.2,341,0.1469914814722579,2017
101502,2025-11,1,extended_logistic,0.2,342,0.1469845986691945,2017
101903,2025-11,0,extended_logistic,0.2,343,0.146441542700633,2017
101638,2025-11,0,extended_logistic,0.2,344,0.1464063305366128,2017
100443,2025-11,0,extended_logistic,0.2,345,0.1461589682326746,2017
102051,2025-11,0,extended_logistic,0.2,346,0.1460567540919664,2017
101465,2025-11,1,extended_logistic,0.2,347,0.1456661550164611,2017
100789,2025-11,1,extended_logistic,0.2,348,0.1455742860700237,2017
101647,2025-11,0,extended_logistic,0.2,349,0.1449866658450354,2017
102067,2025-11,0,extended_logistic,0.2,350,0.1449135573979126,2017
100664,2025-11,0,extended_logistic,0.2,351,0.1447963794676823,2017
100609,2025-11,0,extended_logistic,0.2,352,0.1446758369422494,2017
100877,2025-11,0,extended_logistic,0.2,353,0.1445478561031,2017
100665,2025-11,0,extended_logistic,0.2,354,0.1442800397011711,2017
101831,2025-11,0,extended_logistic,0.2,355,0.1439773907779191,2017
101945,2025-11,0,extended_logistic,0.2,356,0.1432424443778169,2017
100139,2025-11,0,extended_logistic,0.2,357,0.1421367444311203,2017
101219,2025-11,0,extended_logistic,0.2,358,0.1419137330236686,2017
101514,2025-11,0,extended_logistic,0.2,359,0.1416610281613278,2017
101673,2025-11,0,extended_logistic,0.2,360,0.1409039207653903,2017
100052,2025-11,0,extended_logistic,0.2,361,0.1407793962132302,2017
100166,2025-11,0,extended_logistic,0.2,362,0.1403422733737681,2017
102058,2025-11,0,extended_logistic,0.2,363,0.1396938381075984,2017
101645,2025-11,0,extended_logistic,0.2,364,0.1394463725300178,2017
100407,2025-11,0,extended_logistic,0.2,365,0.1389526004347714,2017
100587,2025-11,0,extended_logistic,0.2,366,0.1383226434974731,2017
100832,2025-11,0,extended_logistic,0.2,367,0.137915146295858,2017
102012,2025-11,0,extended_logistic,0.2,368,0.1378947705014724,2017
100390,2025-11,0,extended_logistic,0.2,369,0.1378490100718776,2017
101848,2025-11,0,extended_logistic,0.2,370,0.1375914870301626,2017
101509,2025-11,0,extended_logistic,0.2,371,0.1374975201195049,2017
100006,2025-11,0,extended_logistic,0.2,372,0.137387714144458,2017
101327,2025-11,1,extended_logistic,0.2,373,0.1371699597890988,2017
100122,2025-11,0,extended_logistic,0.2,374,0.1369228857253923,2017
101780,2025-11,0,extended_logistic,0.2,375,0.1365789609500715,2017
100848,2025-11,0,extended_logistic,0.2,376,0.1362660308204532,2017
100952,2025-11,0,extended_logistic,0.2,377,0.1361087671767749,2017
101570,2025-11,0,extended_logistic,0.2,378,0.1360182398487344,2017
100171,2025-11,0,extended_logistic,0.2,379,0.135759267990121,2017
100225,2025-11,0,extended_logistic,0.2,380,0.1354321609750485,2017
101944,2025-11,0,extended_logistic,0.2,381,0.1352083921263185,2017
100891,2025-11,0,extended_logistic,0.2,382,0.134655031868857,2017
100252,2025-11,0,extended_logistic,0.2,383,0.1346357837802679,2017
100761,2025-11,0,extended_logistic,0.2,384,0.1337719820160179,2017
101907,2025-11,1,extended_logistic,0.2,385,0.1336997716594828,2017
100823,2025-11,0,extended_logistic,0.2,386,0.1335465827563783,2017
101164,2025-11,1,extended_logistic,0.2,387,0.1331437939076244,2017
100010,2025-11,0,extended_logistic,0.2,388,0.1328003150842279,2017
100492,2025-11,0,extended_logistic,0.2,389,0.132748619464118,2017
101353,2025-11,0,extended_logistic,0.2,390,0.1325361445886097,2017
101550,2025-11,0,extended_logistic,0.2,391,0.1324831552983709,2017
101083,2025-11,0,extended_logistic,0.2,392,0.1324024925023455,2017
101628,2025-11,0,extended_logistic,0.2,393,0.1322915462511041,2017
101506,2025-11,0,extended_logistic,0.2,394,0.1322911020381534,2017
100693,2025-11,0,extended_logistic,0.2,395,0.1321617855024361,2017
101216,2025-11,0,extended_logistic,0.2,396,0.131820906192621,2017
101022,2025-11,0,extended_logistic,0.2,397,0.1318132594334554,2017
101741,2025-11,0,extended_logistic,0.2,398,0.1317448449595412,2017
100032,2025-11,0,extended_logistic,0.2,399,0.1312834669490732,2017
100593,2025-11,0,extended_logistic,0.2,400,0.1309597678243501,2017
101763,2025-11,0,extended_logistic,0.2,401,0.1307933073308326,2017
100744,2025-11,0,extended_logistic,0.2,402,0.1307091208961734,2017
100245,2025-11,0,extended_logistic,0.2,403,0.1306271628261039,2017
100180,2025-11,0,extended_logistic,0.2,404,0.130272870517437,2017
101569,2025-12,0,decile,0.05,1,1.0,2022
102063,2025-12,0,decile,0.05,2,1.0,2022
101382,2025-12,0,decile,0.05,3,1.0,2022
100610,2025-12,1,decile,0.05,4,1.0,2022
101738,2025-12,1,decile,0.05,5,1.0,2022
100340,2025-12,0,decile,0.05,6,1.0,2022
101222,2025-12,0,decile,0.05,7,1.0,2022
100256,2025-12,1,decile,0.05,8,1.0,2022
101448,2025-12,1,decile,0.05,9,1.0,2022
101746,2025-12,0,decile,0.05,10,1.0,2022
101447,2025-12,0,decile,0.05,11,1.0,2022
101449,2025-12,0,decile,0.05,12,1.0,2022
101309,2025-12,0,decile,0.05,13,1.0,2022
101772,2025-12,0,decile,0.05,14,1.0,2022
100901,2025-12,0,decile,0.05,15,1.0,2022
100041,2025-12,0,decile,0.05,16,1.0,2022
101857,2025-12,1,decile,0.05,17,1.0,2022
102044,2025-12,0,decile,0.05,18,1.0,2022
101726,2025-12,1,decile,0.05,19,1.0,2022
100892,2025-12,0,decile,0.05,20,1.0,2022
101783,2025-12,0,decile,0.05,21,1.0,2022
100508,2025-12,0,decile,0.05,22,1.0,2022
100361,2025-12,0,decile,0.05,23,1.0,2022
101365,2025-12,0,decile,0.05,24,1.0,2022
101916,2025-12,0,decile,0.05,25,1.0,2022
101437,2025-12,0,decile,0.05,26,1.0,2022
100229,2025-12,0,decile,0.05,27,1.0,2022
101761,2025-12,0,decile,0.05,28,1.0,2022
100670,2025-12,1,decile,0.05,29,1.0,2022
101909,2025-12,0,decile,0.05,30,1.0,2022
101798,2025-12,0,decile,0.05,31,1.0,2022
101613,2025-12,1,decile,0.05,32,1.0,2022
101087,2025-12,1,decile,0.05,33,1.0,2022
100115,2025-12,0,decile,0.05,34,1.0,2022
101965,2025-12,0,decile,0.05,35,1.0,2022
101543,2025-12,0,decile,0.05,36,1.0,2022
101684,2025-12,0,decile,0.05,37,1.0,2022
100579,2025-12,0,decile,0.05,38,1.0,2022
100823,2025-12,1,decile,0.05,39,1.0,2022
101578,2025-12,0,decile,0.05,40,1.0,2022
101788,2025-12,0,decile,0.05,41,1.0,2022
101228,2025-12,0,decile,0.05,42,1.0,2022
101071,2025-12,0,decile,0.05,43,1.0,2022
100817,2025-12,0,decile,0.05,44,1.0,2022
100296,2025-12,0,decile,0.05,45,1.0,2022
100585,2025-12,0,decile,0.05,46,1.0,2022
102079,2025-12,0,decile,0.05,47,1.0,2022
101097,2025-12,0,decile,0.05,48,1.0,2022
101246,2025-12,0,decile,0.05,49,1.0,2022
100104,2025-12,0,decile,0.05,50,1.0,2022
100564,2025-12,0,decile,0.05,51,1.0,2022
102025,2025-12,0,decile,0.05,52,1.0,2022
102081,2025-12,0,decile,0.05,53,1.0,2022
101811,2025-12,0,decile,0.05,54,1.0,2022
100608,2025-12,0,decile,0.05,55,1.0,2022
100175,2025-12,0,decile,0.05,56,1.0,2022
100215,2025-12,0,decile,0.05,57,1.0,2022
101871,2025-12,0,decile,0.05,58,1.0,2022
100056,2025-12,0,decile,0.05,59,1.0,2022
101077,2025-12,0,decile,0.05,60,1.0,2022
101160,2025-12,0,decile,0.05,61,1.0,2022
100166,2025-12,0,decile,0.05,62,1.0,2022
101280,2025-12,1,decile,0.05,63,1.0,2022
100694,2025-12,0,decile,0.05,64,1.0,2022
100627,2025-12,0,decile,0.05,65,1.0,2022
101971,2025-12,0,decile,0.05,66,1.0,2022
100485,2025-12,0,decile,0.05,67,1.0,2022
100684,2025-12,0,decile,0.05,68,1.0,2022
101839,2025-12,0,decile,0.05,69,1.0,2022
101704,2025-12,1,decile,0.05,70,1.0,2022
100704,2025-12,0,decile,0.05,71,1.0,2022
101890,2025-12,0,decile,0.05,72,1.0,2022
101888,2025-12,0,decile,0.05,73,1.0,2022
100334,2025-12,1,decile,0.05,74,1.0,2022
100877,2025-12,0,decile,0.05,75,1.0,2022
101607,2025-12,0,decile,0.05,76,1.0,2022
100752,2025-12,0,decile,0.05,77,1.0,2022
100744,2025-12,0,decile,0.05,78,1.0,2022
100745,2025-12,0,decile,0.05,79,1.0,2022
101752,2025-12,0,decile,0.05,80,1.0,2022
101878,2025-12,0,decile,0.05,81,1.0,2022
100990,2025-12,0,decile,0.05,82,1.0,2022
101412,2025-12,0,decile,0.05,83,1.0,2022
100992,2025-12,1,decile,0.05,84,1.0,2022
101173,2025-12,0,decile,0.05,85,1.0,2022
101455,2025-12,0,decile,0.05,86,1.0,2022
100968,2025-12,0,decile,0.05,87,1.0,2022
101990,2025-12,0,decile,0.05,88,1.0,2022
101350,2025-12,0,decile,0.05,89,1.0,2022
100925,2025-12,0,decile,0.05,90,1.0,2022
102037,2025-12,0,decile,0.05,91,1.0,2022
101044,2025-12,1,decile,0.05,92,1.0,2022
100216,2025-12,0,decile,0.05,93,1.0,2022
102053,2025-12,0,decile,0.05,94,1.0,2022
100422,2025-12,1,decile,0.05,95,1.0,2022
101527,2025-12,1,decile,0.05,96,1.0,2022
102078,2025-12,0,decile,0.05,97,1.0,2022
100066,2025-12,0,decile,0.05,98,1.0,2022
101471,2025-12,1,decile,0.05,99,1.0,2022
100876,2025-12,1,decile,0.05,100,1.0,2022
101598,2025-12,0,decile,0.05,101,1.0,2022
101660,2025-12,1,decile,0.05,102,1.0,2022
101569,2025-12,0,decile,0.1,1,1.0,2022
102063,2025-12,0,decile,0.1,2,1.0,2022
101382,2025-12,0,decile,0.1,3,1.0,2022
100610,2025-12,1,decile,0.1,4,1.0,2022
101738,2025-12,1,decile,0.1,5,1.0,2022
100340,2025-12,0,decile,0.1,6,1.0,2022
101222,2025-12,0,decile,0.1,7,1.0,2022
100256,2025-12,1,decile,0.1,8,1.0,2022
101448,2025-12,1,decile,0.1,9,1.0,2022
101746,2025-12,0,decile,0.1,10,1.0,2022
101447,2025-12,0,decile,0.1,11,1.0,2022
101449,2025-12,0,decile,0.1,12,1.0,2022
101309,2025-12,0,decile,0.1,13,1.0,2022
101772,2025-12,0,decile,0.1,14,1.0,2022
100901,2025-12,0,decile,0.1,15,1.0,2022
100041,2025-12,0,decile,0.1,16,1.0,2022
101857,2025-12,1,decile,0.1,17,1.0,2022
102044,2025-12,0,decile,0.1,18,1.0,2022
101726,2025-12,1,decile,0.1,19,1.0,2022
100892,2025-12,0,decile,0.1,20,1.0,2022
101783,2025-12,0,decile,0.1,21,1.0,2022
100508,2025-12,0,decile,0.1,22,1.0,2022
100361,2025-12,0,decile,0.1,23,1.0,2022
101365,2025-12,0,decile,0.1,24,1.0,2022
101916,2025-12,0,decile,0.1,25,1.0,2022
101437,2025-12,0,decile,0.1,26,1.0,2022
100229,2025-12,0,decile,0.1,27,1.0,2022
101761,2025-12,0,decile,0.1,28,1.0,2022
100670,2025-12,1,decile,0.1,29,1.0,2022
101909,2025-12,0,decile,0.1,30,1.0,2022
101798,2025-12,0,decile,0.1,31,1.0,2022
101613,2025-12,1,decile,0.1,32,1.0,2022
101087,2025-12,1,decile,0.1,33,1.0,2022
100115,2025-12,0,decile,0.1,34,1.0,2022
101965,2025-12,0,decile,0.1,35,1.0,2022
101543,2025-12,0,decile,0.1,36,1.0,2022
101684,2025-12,0,decile,0.1,37,1.0,2022
100579,2025-12,0,decile,0.1,38,1.0,2022
100823,2025-12,1,decile,0.1,39,1.0,2022
101578,2025-12,0,decile,0.1,40,1.0,2022
101788,2025-12,0,decile,0.1,41,1.0,2022
101228,2025-12,0,decile,0.1,42,1.0,2022
101071,2025-12,0,decile,0.1,43,1.0,2022
100817,2025-12,0,decile,0.1,44,1.0,2022
100296,2025-12,0,decile,0.1,45,1.0,2022
100585,2025-12,0,decile,0.1,46,1.0,2022
102079,2025-12,0,decile,0.1,47,1.0,2022
101097,2025-12,0,decile,0.1,48,1.0,2022
101246,2025-12,0,decile,0.1,49,1.0,2022
100104,2025-12,0,decile,0.1,50,1.0,2022
100564,2025-12,0,decile,0.1,51,1.0,2022
102025,2025-12,0,decile,0.1,52,1.0,2022
102081,2025-12,0,decile,0.1,53,1.0,2022
101811,2025-12,0,decile,0.1,54,1.0,2022
100608,2025-12,0,decile,0.1,55,1.0,2022
100175,2025-12,0,decile,0.1,56,1.0,2022
100215,2025-12,0,decile,0.1,57,1.0,2022
101871,2025-12,0,decile,0.1,58,1.0,2022
100056,2025-12,0,decile,0.1,59,1.0,2022
101077,2025-12,0,decile,0.1,60,1.0,2022
101160,2025-12,0,decile,0.1,61,1.0,2022
100166,2025-12,0,decile,0.1,62,1.0,2022
101280,2025-12,1,decile,0.1,63,1.0,2022
100694,2025-12,0,decile,0.1,64,1.0,2022
100627,2025-12,0,decile,0.1,65,1.0,2022
101971,2025-12,0,decile,0.1,66,1.0,2022
100485,2025-12,0,decile,0.1,67,1.0,2022
100684,2025-12,0,decile,0.1,68,1.0,2022
101839,2025-12,0,decile,0.1,69,1.0,2022
101704,2025-12,1,decile,0.1,70,1.0,2022
100704,2025-12,0,decile,0.1,71,1.0,2022
101890,2025-12,0,decile,0.1,72,1.0,2022
101888,2025-12,0,decile,0.1,73,1.0,2022
100334,2025-12,1,decile,0.1,74,1.0,2022
100877,2025-12,0,decile,0.1,75,1.0,2022
101607,2025-12,0,decile,0.1,76,1.0,2022
100752,2025-12,0,decile,0.1,77,1.0,2022
100744,2025-12,0,decile,0.1,78,1.0,2022
100745,2025-12,0,decile,0.1,79,1.0,2022
101752,2025-12,0,decile,0.1,80,1.0,2022
101878,2025-12,0,decile,0.1,81,1.0,2022
100990,2025-12,0,decile,0.1,82,1.0,2022
101412,2025-12,0,decile,0.1,83,1.0,2022
100992,2025-12,1,decile,0.1,84,1.0,2022
101173,2025-12,0,decile,0.1,85,1.0,2022
101455,2025-12,0,decile,0.1,86,1.0,2022
100968,2025-12,0,decile,0.1,87,1.0,2022
101990,2025-12,0,decile,0.1,88,1.0,2022
101350,2025-12,0,decile,0.1,89,1.0,2022
100925,2025-12,0,decile,0.1,90,1.0,2022
102037,2025-12,0,decile,0.1,91,1.0,2022
101044,2025-12,1,decile,0.1,92,1.0,2022
100216,2025-12,0,decile,0.1,93,1.0,2022
102053,2025-12,0,decile,0.1,94,1.0,2022
100422,2025-12,1,decile,0.1,95,1.0,2022
101527,2025-12,1,decile,0.1,96,1.0,2022
102078,2025-12,0,decile,0.1,97,1.0,2022
100066,2025-12,0,decile,0.1,98,1.0,2022
101471,2025-12,1,decile,0.1,99,1.0,2022
100876,2025-12,1,decile,0.1,100,1.0,2022
101598,2025-12,0,decile,0.1,101,1.0,2022
101660,2025-12,1,decile,0.1,102,1.0,2022
100829,2025-12,0,decile,0.1,103,1.0,2022
100267,2025-12,0,decile,0.1,104,1.0,2022
101259,2025-12,0,decile,0.1,105,1.0,2022
100777,2025-12,0,decile,0.1,106,1.0,2022
102067,2025-12,0,decile,0.1,107,1.0,2022
100519,2025-12,0,decile,0.1,108,1.0,2022
102029,2025-12,0,decile,0.1,109,1.0,2022
100592,2025-12,0,decile,0.1,110,1.0,2022
100686,2025-12,0,decile,0.1,111,1.0,2022
100678,2025-12,0,decile,0.1,112,1.0,2022
102089,2025-12,0,decile,0.1,113,1.0,2022
101676,2025-12,0,decile,0.1,114,1.0,2022
100073,2025-12,1,decile,0.1,115,1.0,2022
100170,2025-12,0,decile,0.1,116,1.0,2022
101645,2025-12,0,decile,0.1,117,1.0,2022
102051,2025-12,0,decile,0.1,118,1.0,2022
101202,2025-12,1,decile,0.1,119,1.0,2022
102090,2025-12,0,decile,0.1,120,1.0,2022
101928,2025-12,0,decile,0.1,121,1.0,2022
101952,2025-12,0,decile,0.1,122,1.0,2022
101154,2025-12,1,decile,0.1,123,1.0,2022
100275,2025-12,1,decile,0.1,124,1.0,2022
100624,2025-12,0,decile,0.1,125,1.0,2022
100214,2025-12,0,decile,0.1,126,1.0,2022
101379,2025-12,0,decile,0.1,127,1.0,2022
100453,2025-12,1,decile,0.1,128,1.0,2022
101692,2025-12,0,decile,0.1,129,1.0,2022
101084,2025-12,0,decile,0.1,130,1.0,2022
100015,2025-12,0,decile,0.1,131,1.0,2022
101837,2025-12,0,decile,0.1,132,1.0,2022
100123,2025-12,0,decile,0.1,133,1.0,2022
100665,2025-12,0,decile,0.1,134,1.0,2022
101301,2025-12,0,decile,0.1,135,1.0,2022
101319,2025-12,0,decile,0.1,136,1.0,2022
102019,2025-12,0,decile,0.1,137,1.0,2022
100616,2025-12,0,decile,0.1,138,1.0,2022
101642,2025-12,1,decile,0.1,139,1.0,2022
101466,2025-12,0,decile,0.1,140,1.0,2022
100878,2025-12,0,decile,0.1,141,1.0,2022
101945,2025-12,1,decile,0.1,142,1.0,2022
101601,2025-12,0,decile,0.1,143,1.0,2022
102096,2025-12,0,decile,0.1,144,1.0,2022
101656,2025-12,1,decile,0.1,145,1.0,2022
100017,2025-12,1,decile,0.1,146,1.0,2022
100774,2025-12,0,decile,0.1,147,1.0,2022
101690,2025-12,0,decile,0.1,148,1.0,2022
100636,2025-12,0,decile,0.1,149,1.0,2022
101913,2025-12,0,decile,0.1,150,1.0,2022
100587,2025-12,0,decile,0.1,151,1.0,2022
100078,2025-12,0,decile,0.1,152,1.0,2022
100487,2025-12,0,decile,0.1,153,1.0,2022
100702,2025-12,0,decile,0.1,154,1.0,2022
100977,2025-12,0,decile,0.1,155,1.0,2022
100298,2025-12,0,decile,0.1,156,1.0,2022
100672,2025-12,0,decile,0.1,157,1.0,2022
101305,2025-12,0,decile,0.1,158,1.0,2022
101282,2025-12,0,decile,0.1,159,1.0,2022
101489,2025-12,0,decile,0.1,160,1.0,2022
102094,2025-12,0,decile,0.1,161,1.0,2022
101320,2025-12,0,decile,0.1,162,1.0,2022
101639,2025-12,0,decile,0.1,163,1.0,2022
101414,2025-12,0,decile,0.1,164,1.0,2022
101124,2025-12,1,decile,0.1,165,1.0,2022
100644,2025-12,0,decile,0.1,166,1.0,2022
100854,2025-12,0,decile,0.1,167,1.0,2022
101886,2025-12,0,decile,0.1,168,1.0,2022
100161,2025-12,1,decile,0.1,169,1.0,2022
100775,2025-12,1,decile,0.1,170,1.0,2022
101505,2025-12,0,decile,0.1,171,1.0,2022
100708,2025-12,0,decile,0.1,172,1.0,2022
101638,2025-12,0,decile,0.1,173,1.0,2022
100650,2025-12,0,decile,0.1,174,1.0,2022
100477,2025-12,0,decile,0.1,175,1.0,2022
101727,2025-12,0,decile,0.1,176,1.0,2022
100773,2025-12,0,decile,0.1,177,1.0,2022
101776,2025-12,0,decile,0.1,178,1.0,2022
100148,2025-12,1,decile,0.1,179,1.0,2022
100300,2025-12,0,decile,0.1,180,1.0,2022
101709,2025-12,0,decile,0.1,181,1.0,2022
100724,2025-12,1,decile,0.1,182,1.0,2022
101478,2025-12,0,decile,0.1,183,1.0,2022
100197,2025-12,0,decile,0.1,184,1.0,2022
100560,2025-12,1,decile,0.1,185,1.0,2022
101516,2025-12,0,decile,0.1,186,1.0,2022
100795,2025-12,0,decile,0.1,187,1.0,2022
101067,2025-12,0,decile,0.1,188,1.0,2022
101276,2025-12,0,decile,0.1,189,1.0,2022
101005,2025-12,0,decile,0.1,190,1.0,2022
100242,2025-12,0,decile,0.1,191,1.0,2022
100559,2025-12,0,decile,0.1,192,1.0,2022
100322,2025-12,0,decile,0.1,193,1.0,2022
100145,2025-12,0,decile,0.1,194,1.0,2022
100661,2025-12,0,decile,0.1,195,1.0,2022
100919,2025-12,0,decile,0.1,196,1.0,2022
100609,2025-12,0,decile,0.1,197,1.0,2022
100882,2025-12,0,decile,0.1,198,1.0,2022
101883,2025-12,1,decile,0.1,199,1.0,2022
100936,2025-12,0,decile,0.1,200,1.0,2022
100276,2025-12,1,decile,0.1,201,1.0,2022
101406,2025-12,0,decile,0.1,202,1.0,2022
101724,2025-12,0,decile,0.1,203,1.0,2022
101569,2025-12,0,decile,0.2,1,1.0,2022
102063,2025-12,0,decile,0.2,2,1.0,2022
101382,2025-12,0,decile,0.2,3,1.0,2022
100610,2025-12,1,decile,0.2,4,1.0,2022
101738,2025-12,1,decile,0.2,5,1.0,2022
100340,2025-12,0,decile,0.2,6,1.0,2022
101222,2025-12,0,decile,0.2,7,1.0,2022
100256,2025-12,1,decile,0.2,8,1.0,2022
101448,2025-12,1,decile,0.2,9,1.0,2022
101746,2025-12,0,decile,0.2,10,1.0,2022
101447,2025-12,0,decile,0.2,11,1.0,2022
101449,2025-12,0,decile,0.2,12,1.0,2022
101309,2025-12,0,decile,0.2,13,1.0,2022
101772,2025-12,0,decile,0.2,14,1.0,2022
100901,2025-12,0,decile,0.2,15,1.0,2022
100041,2025-12,0,decile,0.2,16,1.0,2022
101857,2025-12,1,decile,0.2,17,1.0,2022
102044,2025-12,0,decile,0.2,18,1.0,2022
101726,2025-12,1,decile,0.2,19,1.0,2022
100892,2025-12,0,decile,0.2,20,1.0,2022
101783,2025-12,0,decile,0.2,21,1.0,2022
100508,2025-12,0,decile,0.2,22,1.0,2022
100361,2025-12,0,decile,0.2,23,1.0,2022
101365,2025-12,0,decile,0.2,24,1.0,2022
101916,2025-12,0,decile,0.2,25,1.0,2022
101437,2025-12,0,decile,0.2,26,1.0,2022
100229,2025-12,0,decile,0.2,27,1.0,2022
101761,2025-12,0,decile,0.2,28,1.0,2022
100670,2025-12,1,decile,0.2,29,1.0,2022
101909,2025-12,0,decile,0.2,30,1.0,2022
101798,2025-12,0,decile,0.2,31,1.0,2022
101613,2025-12,1,decile,0.2,32,1.0,2022
101087,2025-12,1,decile,0.2,33,1.0,2022
100115,2025-12,0,decile,0.2,34,1.0,2022
101965,2025-12,0,decile,0.2,35,1.0,2022
101543,2025-12,0,decile,0.2,36,1.0,2022
101684,2025-12,0,decile,0.2,37,1.0,2022
100579,2025-12,0,decile,0.2,38,1.0,2022
100823,2025-12,1,decile,0.2,39,1.0,2022
101578,2025-12,0,decile,0.2,40,1.0,2022
101788,2025-12,0,decile,0.2,41,1.0,2022
101228,2025-12,0,decile,0.2,42,1.0,2022
101071,2025-12,0,decile,0.2,43,1.0,2022
100817,2025-12,0,decile,0.2,44,1.0,2022
100296,2025-12,0,decile,0.2,45,1.0,2022
100585,2025-12,0,decile,0.2,46,1.0,2022
102079,2025-12,0,decile,0.2,47,1.0,2022
101097,2025-12,0,decile,0.2,48,1.0,2022
101246,2025-12,0,decile,0.2,49,1.0,2022
100104,2025-12,0,decile,0.2,50,1.0,2022
100564,2025-12,0,decile,0.2,51,1.0,2022
102025,2025-12,0,decile,0.2,52,1.0,2022
102081,2025-12,0,decile,0.2,53,1.0,2022
101811,2025-12,0,decile,0.2,54,1.0,2022
100608,2025-12,0,decile,0.2,55,1.0,2022
100175,2025-12,0,decile,0.2,56,1.0,2022
100215,2025-12,0,decile,0.2,57,1.0,2022
101871,2025-12,0,decile,0.2,58,1.0,2022
100056,2025-12,0,decile,0.2,59,1.0,2022
101077,2025-12,0,decile,0.2,60,1.0,2022
101160,2025-12,0,decile,0.2,61,1.0,2022
100166,2025-12,0,decile,0.2,62,1.0,2022
101280,2025-12,1,decile,0.2,63,1.0,2022
100694,2025-12,0,decile,0.2,64,1.0,2022
100627,2025-12,0,decile,0.2,65,1.0,2022
101971,2025-12,0,decile,0.2,66,1.0,2022
100485,2025-12,0,decile,0.2,67,1.0,2022
100684,2025-12,0,decile,0.2,68,1.0,2022
101839,2025-12,0,decile,0.2,69,1.0,2022
101704,2025-12,1,decile,0.2,70,1.0,2022
100704,2025-12,0,decile,0.2,71,1.0,2022
101890,2025-12,0,decile,0.2,72,1.0,2022
101888,2025-12,0,decile,0.2,73,1.0,2022
100334,2025-12,1,decile,0.2,74,1.0,2022
100877,2025-12,0,decile,0.2,75,1.0,2022
101607,2025-12,0,decile,0.2,76,1.0,2022
100752,2025-12,0,decile,0.2,77,1.0,2022
100744,2025-12,0,decile,0.2,78,1.0,2022
100745,2025-12,0,decile,0.2,79,1.0,2022
101752,2025-12,0,decile,0.2,80,1.0,2022
101878,2025-12,0,decile,0.2,81,1.0,2022
100990,2025-12,0,decile,0.2,82,1.0,2022
101412,2025-12,0,decile,0.2,83,1.0,2022
100992,2025-12,1,decile,0.2,84,1.0,2022
101173,2025-12,0,decile,0.2,85,1.0,2022
101455,2025-12,0,decile,0.2,86,1.0,2022
100968,2025-12,0,decile,0.2,87,1.0,2022
101990,2025-12,0,decile,0.2,88,1.0,2022
101350,2025-12,0,decile,0.2,89,1.0,2022
100925,2025-12,0,decile,0.2,90,1.0,2022
102037,2025-12,0,decile,0.2,91,1.0,2022
101044,2025-12,1,decile,0.2,92,1.0,2022
100216,2025-12,0,decile,0.2,93,1.0,2022
102053,2025-12,0,decile,0.2,94,1.0,2022
100422,2025-12,1,decile,0.2,95,1.0,2022
101527,2025-12,1,decile,0.2,96,1.0,2022
102078,2025-12,0,decile,0.2,97,1.0,2022
100066,2025-12,0,decile,0.2,98,1.0,2022
101471,2025-12,1,decile,0.2,99,1.0,2022
100876,2025-12,1,decile,0.2,100,1.0,2022
101598,2025-12,0,decile,0.2,101,1.0,2022
101660,2025-12,1,decile,0.2,102,1.0,2022
100829,2025-12,0,decile,0.2,103,1.0,2022
100267,2025-12,0,decile,0.2,104,1.0,2022
101259,2025-12,0,decile,0.2,105,1.0,2022
100777,2025-12,0,decile,0.2,106,1.0,2022
102067,2025-12,0,decile,0.2,107,1.0,2022
100519,2025-12,0,decile,0.2,108,1.0,2022
102029,2025-12,0,decile,0.2,109,1.0,2022
100592,2025-12,0,decile,0.2,110,1.0,2022
100686,2025-12,0,decile,0.2,111,1.0,2022
100678,2025-12,0,decile,0.2,112,1.0,2022
102089,2025-12,0,decile,0.2,113,1.0,2022
101676,2025-12,0,decile,0.2,114,1.0,2022
100073,2025-12,1,decile,0.2,115,1.0,2022
100170,2025-12,0,decile,0.2,116,1.0,2022
101645,2025-12,0,decile,0.2,117,1.0,2022
102051,2025-12,0,decile,0.2,118,1.0,2022
101202,2025-12,1,decile,0.2,119,1.0,2022
102090,2025-12,0,decile,0.2,120,1.0,2022
101928,2025-12,0,decile,0.2,121,1.0,2022
101952,2025-12,0,decile,0.2,122,1.0,2022
101154,2025-12,1,decile,0.2,123,1.0,2022
100275,2025-12,1,decile,0.2,124,1.0,2022
100624,2025-12,0,decile,0.2,125,1.0,2022
100214,2025-12,0,decile,0.2,126,1.0,2022
101379,2025-12,0,decile,0.2,127,1.0,2022
100453,2025-12,1,decile,0.2,128,1.0,2022
101692,2025-12,0,decile,0.2,129,1.0,2022
101084,2025-12,0,decile,0.2,130,1.0,2022
100015,2025-12,0,decile,0.2,131,1.0,2022
101837,2025-12,0,decile,0.2,132,1.0,2022
100123,2025-12,0,decile,0.2,133,1.0,2022
100665,2025-12,0,decile,0.2,134,1.0,2022
101301,2025-12,0,decile,0.2,135,1.0,2022
101319,2025-12,0,decile,0.2,136,1.0,2022
102019,2025-12,0,decile,0.2,137,1.0,2022
100616,2025-12,0,decile,0.2,138,1.0,2022
101642,2025-12,1,decile,0.2,139,1.0,2022
101466,2025-12,0,decile,0.2,140,1.0,2022
100878,2025-12,0,decile,0.2,141,1.0,2022
101945,2025-12,1,decile,0.2,142,1.0,2022
101601,2025-12,0,decile,0.2,143,1.0,2022
102096,2025-12,0,decile,0.2,144,1.0,2022
101656,2025-12,1,decile,0.2,145,1.0,2022
100017,2025-12,1,decile,0.2,146,1.0,2022
100774,2025-12,0,decile,0.2,147,1.0,2022
101690,2025-12,0,decile,0.2,148,1.0,2022
100636,2025-12,0,decile,0.2,149,1.0,2022
101913,2025-12,0,decile,0.2,150,1.0,2022
100587,2025-12,0,decile,0.2,151,1.0,2022
100078,2025-12,0,decile,0.2,152,1.0,2022
100487,2025-12,0,decile,0.2,153,1.0,2022
100702,2025-12,0,decile,0.2,154,1.0,2022
100977,2025-12,0,decile,0.2,155,1.0,2022
100298,2025-12,0,decile,0.2,156,1.0,2022
100672,2025-12,0,decile,0.2,157,1.0,2022
101305,2025-12,0,decile,0.2,158,1.0,2022
101282,2025-12,0,decile,0.2,159,1.0,2022
101489,2025-12,0,decile,0.2,160,1.0,2022
102094,2025-12,0,decile,0.2,161,1.0,2022
101320,2025-12,0,decile,0.2,162,1.0,2022
101639,2025-12,0,decile,0.2,163,1.0,2022
101414,2025-12,0,decile,0.2,164,1.0,2022
101124,2025-12,1,decile,0.2,165,1.0,2022
100644,2025-12,0,decile,0.2,166,1.0,2022
100854,2025-12,0,decile,0.2,167,1.0,2022
101886,2025-12,0,decile,0.2,168,1.0,2022
100161,2025-12,1,decile,0.2,169,1.0,2022
100775,2025-12,1,decile,0.2,170,1.0,2022
101505,2025-12,0,decile,0.2,171,1.0,2022
100708,2025-12,0,decile,0.2,172,1.0,2022
101638,2025-12,0,decile,0.2,173,1.0,2022
100650,2025-12,0,decile,0.2,174,1.0,2022
100477,2025-12,0,decile,0.2,175,1.0,2022
101727,2025-12,0,decile,0.2,176,1.0,2022
100773,2025-12,0,decile,0.2,177,1.0,2022
101776,2025-12,0,decile,0.2,178,1.0,2022
100148,2025-12,1,decile,0.2,179,1.0,2022
100300,2025-12,0,decile,0.2,180,1.0,2022
101709,2025-12,0,decile,0.2,181,1.0,2022
100724,2025-12,1,decile,0.2,182,1.0,2022
101478,2025-12,0,decile,0.2,183,1.0,2022
100197,2025-12,0,decile,0.2,184,1.0,2022
100560,2025-12,1,decile,0.2,185,1.0,2022
101516,2025-12,0,decile,0.2,186,1.0,2022
100795,2025-12,0,decile,0.2,187,1.0,2022
101067,2025-12,0,decile,0.2,188,1.0,2022
101276,2025-12,0,decile,0.2,189,1.0,2022
101005,2025-12,0,decile,0.2,190,1.0,2022
100242,2025-12,0,decile,0.2,191,1.0,2022
100559,2025-12,0,decile,0.2,192,1.0,2022
100322,2025-12,0,decile,0.2,193,1.0,2022
100145,2025-12,0,decile,0.2,194,1.0,2022
100661,2025-12,0,decile,0.2,195,1.0,2022
100919,2025-12,0,decile,0.2,196,1.0,2022
100609,2025-12,0,decile,0.2,197,1.0,2022
100882,2025-12,0,decile,0.2,198,1.0,2022
101883,2025-12,1,decile,0.2,199,1.0,2022
100936,2025-12,0,decile,0.2,200,1.0,2022
100276,2025-12,1,decile,0.2,201,1.0,2022
101406,2025-12,0,decile,0.2,202,1.0,2022
101724,2025-12,0,decile,0.2,203,1.0,2022
100698,2025-12,0,decile,0.2,204,1.0,2022
100758,2025-12,0,decile,0.2,205,1.0,2022
101672,2025-12,1,decile,0.2,206,1.0,2022
101140,2025-12,1,decile,0.2,207,1.0,2022
101378,2025-12,0,decile,0.2,208,1.0,2022
101922,2025-12,0,decile,0.2,209,1.0,2022
100803,2025-12,0,decile,0.2,210,1.0,2022
101367,2025-12,0,decile,0.2,211,1.0,2022
100496,2025-12,0,decile,0.2,212,1.0,2022
100530,2025-12,0,decile,0.2,213,1.0,2022
100986,2025-12,0,decile,0.2,214,0.9,2022
100269,2025-12,0,decile,0.2,215,0.9,2022
102046,2025-12,0,decile,0.2,216,0.9,2022
100526,2025-12,0,decile,0.2,217,0.9,2022
100446,2025-12,0,decile,0.2,218,0.9,2022
101982,2025-12,0,decile,0.2,219,0.9,2022
101663,2025-12,0,decile,0.2,220,0.9,2022
100870,2025-12,0,decile,0.2,221,0.9,2022
100106,2025-12,0,decile,0.2,222,0.9,2022
101825,2025-12,0,decile,0.2,223,0.9,2022
100375,2025-12,0,decile,0.2,224,0.9,2022
100399,2025-12,0,decile,0.2,225,0.9,2022
101624,2025-12,0,decile,0.2,226,0.9,2022
102027,2025-12,0,decile,0.2,227,0.9,2022
100884,2025-12,0,decile,0.2,228,0.9,2022
100139,2025-12,0,decile,0.2,229,0.9,2022
101670,2025-12,0,decile,0.2,230,0.9,2022
100952,2025-12,0,decile,0.2,231,0.9,2022
100656,2025-12,0,decile,0.2,232,0.9,2022
100959,2025-12,0,decile,0.2,233,0.9,2022
101594,2025-12,0,decile,0.2,234,0.9,2022
101907,2025-12,0,decile,0.2,235,0.9,2022
101499,2025-12,1,decile,0.2,236,0.9,2022
100108,2025-12,0,decile,0.2,237,0.9,2022
100238,2025-12,0,decile,0.2,238,0.9,2022
101919,2025-12,0,decile,0.2,239,0.9,2022
101756,2025-12,0,decile,0.2,240,0.9,2022
101629,2025-12,0,decile,0.2,241,0.9,2022
101981,2025-12,0,decile,0.2,242,0.9,2022
100591,2025-12,0,decile,0.2,243,0.9,2022
100177,2025-12,0,decile,0.2,244,0.9,2022
101215,2025-12,0,decile,0.2,245,0.9,2022
101609,2025-12,0,decile,0.2,246,0.9,2022
101953,2025-12,0,decile,0.2,247,0.9,2022
100128,2025-12,0,decile,0.2,248,0.9,2022
101237,2025-12,0,decile,0.2,249,0.9,2022
101854,2025-12,0,decile,0.2,250,0.9,2022
101474,2025-12,0,decile,0.2,251,0.9,2022
100662,2025-12,0,decile,0.2,252,0.9,2022
101164,2025-12,0,decile,0.2,253,0.9,2022
101787,2025-12,0,decile,0.2,254,0.9,2022
100203,2025-12,1,decile,0.2,255,0.9,2022
100991,2025-12,0,decile,0.2,256,0.9,2022
101823,2025-12,1,decile,0.2,257,0.9,2022
100314,2025-12,1,decile,0.2,258,0.9,2022
101774,2025-12,0,decile,0.2,259,0.9,2022
100757,2025-12,1,decile,0.2,260,0.9,2022
100167,2025-12,0,decile,0.2,261,0.9,2022
101507,2025-12,0,decile,0.2,262,0.9,2022
101482,2025-12,0,decile,0.2,263,0.9,2022
100407,2025-12,0,decile,0.2,264,0.9,2022
101078,2025-12,0,decile,0.2,265,0.9,2022
101415,2025-12,0,decile,0.2,266,0.9,2022
100835,2025-12,0,decile,0.2,267,0.9,2022
100913,2025-12,0,decile,0.2,268,0.9,2022
101421,2025-12,0,decile,0.2,269,0.9,2022
101534,2025-12,0,decile,0.2,270,0.9,2022
100664,2025-12,0,decile,0.2,271,0.9,2022
100147,2025-12,0,decile,0.2,272,0.9,2022
101556,2025-12,0,decile,0.2,273,0.9,2022
100531,2025-12,0,decile,0.2,274,0.9,2022
100985,2025-12,0,decile,0.2,275,0.9,2022
101436,2025-12,1,decile,0.2,276,0.9,2022
101829,2025-12,0,decile,0.2,277,0.9,2022
101626,2025-12,0,decile,0.2,278,0.9,2022
100283,2025-12,0,decile,0.2,279,0.9,2022
101790,2025-12,0,decile,0.2,280,0.9,2022
100975,2025-12,0,decile,0.2,281,0.9,2022
101030,2025-12,0,decile,0.2,282,0.9,2022
102077,2025-12,0,decile,0.2,283,0.9,2022
101680,2025-12,0,decile,0.2,284,0.9,2022
100910,2025-12,0,decile,0.2,285,0.9,2022
100762,2025-12,0,decile,0.2,286,0.9,2022
101636,2025-12,0,decile,0.2,287,0.9,2022
101529,2025-12,1,decile,0.2,288,0.9,2022
101343,2025-12,0,decile,0.2,289,0.9,2022
100923,2025-12,0,decile,0.2,290,0.9,2022
100320,2025-12,0,decile,0.2,291,0.9,2022
100253,2025-12,0,decile,0.2,292,0.9,2022
101302,2025-12,0,decile,0.2,293,0.9,2022
101377,2025-12,0,decile,0.2,294,0.9,2022
101464,2025-12,1,decile,0.2,295,0.9,2022
100376,2025-12,0,decile,0.2,296,0.9,2022
100875,2025-12,1,decile,0.2,297,0.9,2022
100233,2025-12,0,decile,0.2,298,0.9,2022
101623,2025-12,1,decile,0.2,299,0.9,2022
100741,2025-12,0,decile,0.2,300,0.9,2022
101431,2025-12,1,decile,0.2,301,0.9,2022
100488,2025-12,0,decile,0.2,302,0.9,2022
101102,2025-12,0,decile,0.2,303,0.9,2022
101809,2025-12,0,decile,0.2,304,0.9,2022
101368,2025-12,0,decile,0.2,305,0.9,2022
101951,2025-12,0,decile,0.2,306,0.9,2022
100524,2025-12,0,decile,0.2,307,0.9,2022
100448,2025-12,0,decile,0.2,308,0.9,2022
100034,2025-12,0,decile,0.2,309,0.9,2022
101936,2025-12,0,decile,0.2,310,0.9,2022
101016,2025-12,0,decile,0.2,311,0.9,2022
101986,2025-12,0,decile,0.2,312,0.9,2022
100239,2025-12,0,decile,0.2,313,0.9,2022
100224,2025-12,0,decile,0.2,314,0.9,2022
101958,2025-12,0,decile,0.2,315,0.9,2022
100577,2025-12,0,decile,0.2,316,0.9,2022
100510,2025-12,0,decile,0.2,317,0.9,2022
101610,2025-12,0,decile,0.2,318,0.9,2022
101987,2025-12,0,decile,0.2,319,0.9,2022
101591,2025-12,0,decile,0.2,320,0.9,2022
100052,2025-12,0,decile,0.2,321,0.9,2022
101571,2025-12,0,decile,0.2,322,0.9,2022
100971,2025-12,0,decile,0.2,323,0.9,2022
101266,2025-12,0,decile,0.2,324,0.9,2022
101881,2025-12,0,decile,0.2,325,0.9,2022
100337,2025-12,1,decile,0.2,326,0.9,2022
102059,2025-12,0,decile,0.2,327,0.9,2022
100264,2025-12,0,decile,0.2,328,0.9,2022
101145,2025-12,0,decile,0.2,329,0.9,2022
101001,2025-12,0,decile,0.2,330,0.9,2022
100387,2025-12,0,decile,0.2,331,0.9,2022
101956,2025-12,0,decile,0.2,332,0.9,2022
101903,2025-12,0,decile,0.2,333,0.9,2022
100833,2025-12,0,decile,0.2,334,0.9,2022
101353,2025-12,0,decile,0.2,335,0.9,2022
100187,2025-12,0,decile,0.2,336,0.9,2022
101179,2025-12,1,decile,0.2,337,0.9,2022
100345,2025-12,0,decile,0.2,338,0.9,2022
100856,2025-12,0,decile,0.2,339,0.9,2022
100929,2025-12,1,decile,0.2,340,0.9,2022
101357,2025-12,0,decile,0.2,341,0.9,2022
101512,2025-12,1,decile,0.2,342,0.9,2022
100113,2025-12,0,decile,0.2,343,0.9,2022
101391,2025-12,0,decile,0.2,344,0.9,2022
100815,2025-12,0,decile,0.2,345,0.9,2022
100303,2025-12,0,decile,0.2,346,0.9,2022
100605,2025-12,0,decile,0.2,347,0.9,2022
101805,2025-12,1,decile,0.2,348,0.9,2022
100880,2025-12,0,decile,0.2,349,0.9,2022
101895,2025-12,0,decile,0.2,350,0.9,2022
100859,2025-12,0,decile,0.2,351,0.9,2022
101175,2025-12,1,decile,0.2,352,0.9,2022
100898,2025-12,0,decile,0.2,353,0.9,2022
101395,2025-12,0,decile,0.2,354,0.9,2022
101117,2025-12,0,decile,0.2,355,0.9,2022
100849,2025-12,1,decile,0.2,356,0.9,2022
101045,2025-12,0,decile,0.2,357,0.9,2022
100245,2025-12,0,decile,0.2,358,0.9,2022
101120,2025-12,0,decile,0.2,359,0.9,2022
101493,2025-12,0,decile,0.2,360,0.9,2022
100681,2025-12,0,decile,0.2,361,0.9,2022
101137,2025-12,0,decile,0.2,362,0.9,2022
100578,2025-12,0,decile,0.2,363,0.9,2022
100967,2025-12,0,decile,0.2,364,0.9,2022
100729,2025-12,1,decile,0.2,365,0.9,2022
101702,2025-12,0,decile,0.2,366,0.9,2022
101264,2025-12,0,decile,0.2,367,0.9,2022
101869,2025-12,0,decile,0.2,368,0.9,2022
100461,2025-12,0,decile,0.2,369,0.9,2022
102005,2025-12,0,decile,0.2,370,0.9,2022
101647,2025-12,0,decile,0.2,371,0.9,2022
100924,2025-12,1,decile,0.2,372,0.9,2022
100002,2025-12,0,decile,0.2,373,0.9,2022
101094,2025-12,0,decile,0.2,374,0.9,2022
101035,2025-12,0,decile,0.2,375,0.9,2022
101573,2025-12,0,decile,0.2,376,0.9,2022
100130,2025-12,0,decile,0.2,377,0.9,2022
101226,2025-12,1,decile,0.2,378,0.9,2022
101336,2025-12,0,decile,0.2,379,0.9,2022
101882,2025-12,0,decile,0.2,380,0.9,2022
101119,2025-12,0,decile,0.2,381,0.9,2022
101285,2025-12,0,decile,0.2,382,0.9,2022
101181,2025-12,0,decile,0.2,383,0.9,2022
100727,2025-12,1,decile,0.2,384,0.9,2022
101813,2025-12,0,decile,0.2,385,0.9,2022
101312,2025-12,1,decile,0.2,386,0.9,2022
101393,2025-12,1,decile,0.2,387,0.9,2022
100425,2025-12,1,decile,0.2,388,0.9,2022
100653,2025-12,0,decile,0.2,389,0.9,2022
100083,2025-12,0,decile,0.2,390,0.9,2022
101769,2025-12,0,decile,0.2,391,0.9,2022
101322,2025-12,1,decile,0.2,392,0.9,2022
100484,2025-12,0,decile,0.2,393,0.9,2022
101832,2025-12,0,decile,0.2,394,0.9,2022
101298,2025-12,0,decile,0.2,395,0.9,2022
100907,2025-12,0,decile,0.2,396,0.9,2022
100225,2025-12,0,decile,0.2,397,0.9,2022
101763,2025-12,1,decile,0.2,398,0.9,2022
101957,2025-12,0,decile,0.2,399,0.9,2022
100443,2025-12,0,decile,0.2,400,0.9,2022
101628,2025-12,0,decile,0.2,401,0.9,2022
100029,2025-12,0,decile,0.2,402,0.9,2022
102049,2025-12,0,decile,0.2,403,0.9,2022
100826,2025-12,0,decile,0.2,404,0.9,2022
101719,2025-12,0,decile,0.2,405,0.9,2022
100587,2025-12,0,core_logistic,0.05,1,0.411443813250229,2022
100530,2025-12,0,core_logistic,0.05,2,0.4105354558062787,2022
100123,2025-12,0,core_logistic,0.05,3,0.4097412396307549,2022
100823,2025-12,1,core_logistic,0.05,4,0.3939597777152643,2022
101471,2025-12,1,core_logistic,0.05,5,0.3679744063315475,2022
100661,2025-12,0,core_logistic,0.05,6,0.350167213838601,2022
101489,2025-12,0,core_logistic,0.05,7,0.3466534640869344,2022
102037,2025-12,0,core_logistic,0.05,8,0.346175653734412,2022
100496,2025-12,0,core_logistic,0.05,9,0.346175653734412,2022
100592,2025-12,0,core_logistic,0.05,10,0.3432621743328625,2022
101857,2025-12,1,core_logistic,0.05,11,0.3429450003002828,2022
100704,2025-12,0,core_logistic,0.05,12,0.3398341409480681,2022
100485,2025-12,0,core_logistic,0.05,13,0.3384540341091998,2022
100670,2025-12,1,core_logistic,0.05,14,0.3382050488229488,2022
101704,2025-12,1,core_logistic,0.05,15,0.3374706519427528,2022
101883,2025-12,1,core_logistic,0.05,16,0.3374181739022054,2022
101448,2025-12,1,core_logistic,0.05,17,0.3301697321620153,2022
100968,2025-12,0,core_logistic,0.05,18,0.326226811356674,2022
100130,2025-12,0,core_logistic,0.05,19,0.3252693795342117,2022
100610,2025-12,1,core_logistic,0.05,20,0.325209976935094,2022
100875,2025-12,1,core_logistic,0.05,21,0.3227013014228621,2022
102029,2025-12,0,core_logistic,0.05,22,0.3224372224227219,2022
100276,2025-12,1,core_logistic,0.05,23,0.3188613876333809,2022
101499,2025-12,1,core_logistic,0.05,24,0.3173431498186372,2022
100694,2025-12,0,core_logistic,0.05,25,0.3165230334440574,2022
101379,2025-12,0,core_logistic,0.05,26,0.3158259063603643,2022
100161,2025-12,1,core_logistic,0.05,27,0.3155725982983631,2022
100859,2025-12,0,core_logistic,0.05,28,0.3153651938796943,2022
101583,2025-12,0,core_logistic,0.05,29,0.3150614305585754,2022
101726,2025-12,1,core_logistic,0.05,30,0.3122770191894923,2022
101343,2025-12,0,core_logistic,0.05,31,0.307820068838575,2022
100698,2025-12,0,core_logistic,0.05,32,0.3069507268217816,2022
101613,2025-12,1,core_logistic,0.05,33,0.3065147895934733,2022
100225,2025-12,0,core_logistic,0.05,34,0.30483024418075,2022
101011,2025-12,0,core_logistic,0.05,35,0.303539684627323,2022
101638,2025-12,0,core_logistic,0.05,36,0.3009969710652634,2022
101772,2025-12,0,core_logistic,0.05,37,0.3007503283636084,2022
100992,2025-12,1,core_logistic,0.05,38,0.3003316887508246,2022
100870,2025-12,0,core_logistic,0.05,39,0.300129908648855,2022
102079,2025-12,0,core_logistic,0.05,40,0.2997775720403124,2022
100233,2025-12,0,core_logistic,0.05,41,0.2986050587596957,2022
100775,2025-12,1,core_logistic,0.05,42,0.2985483711032963,2022
100453,2025-12,1,core_logistic,0.05,43,0.297626500888293,2022
100672,2025-12,0,core_logistic,0.05,44,0.2958271912894005,2022
100238,2025-12,0,core_logistic,0.05,45,0.2923080531570225,2022
101738,2025-12,1,core_logistic,0.05,46,0.2922641778855403,2022
101164,2025-12,0,core_logistic,0.05,47,0.2920655554165185,2022
101280,2025-12,1,core_logistic,0.05,48,0.2917793433962636,2022
100034,2025-12,0,core_logistic,0.05,49,0.2901418992121624,2022
101936,2025-12,0,core_logistic,0.05,50,0.2898276739508215,2022
101629,2025-12,0,core_logistic,0.05,51,0.2896470931792826,2022
100849,2025-12,1,core_logistic,0.05,52,0.2865328689467521,2022
100484,2025-12,0,core_logistic,0.05,53,0.2783938127852898,2022
100795,2025-12,0,core_logistic,0.05,54,0.2783273235694742,2022
101569,2025-12,0,core_logistic,0.05,55,0.2778424738183412,2022
100322,2025-12,0,core_logistic,0.05,56,0.2766816991709102,2022
101160,2025-12,0,core_logistic,0.05,57,0.276283325141442,2022
100854,2025-12,0,core_logistic,0.05,58,0.2752759558574948,2022
101367,2025-12,0,core_logistic,0.05,59,0.274341258306412,2022
100773,2025-12,0,core_logistic,0.05,60,0.2741666014797785,2022
100560,2025-12,1,core_logistic,0.05,61,0.2729548891478408,2022
101660,2025-12,1,core_logistic,0.05,62,0.2713852756410524,2022
100175,2025-12,0,core_logistic,0.05,63,0.2708537772207304,2022
101672,2025-12,1,core_logistic,0.05,64,0.2690052225579385,2022
101001,2025-12,0,core_logistic,0.05,65,0.2683790605657047,2022
101173,2025-12,0,core_logistic,0.05,66,0.2668190691947339,2022
101223,2025-12,0,core_logistic,0.05,67,0.265449424066235,2022
101639,2025-12,0,core_logistic,0.05,68,0.2644188702324116,2022
100361,2025-12,0,core_logistic,0.05,69,0.2628255313600853,2022
102027,2025-12,0,core_logistic,0.05,70,0.2619701606139614,2022
100752,2025-12,0,core_logistic,0.05,71,0.2615312679944451,2022
100883,2025-12,0,core_logistic,0.05,72,0.2606690881476315,2022
101077,2025-12,0,core_logistic,0.05,73,0.2601201158097853,2022
101928,2025-12,0,core_logistic,0.05,74,0.2599396656869571,2022
101909,2025-12,0,core_logistic,0.05,75,0.2598829124932624,2022
101798,2025-12,0,core_logistic,0.05,76,0.2591934373143332,2022
100882,2025-12,0,core_logistic,0.05,77,0.258518582469094,2022
100919,2025-12,0,core_logistic,0.05,78,0.2576205581520933,2022
102067,2025-12,0,core_logistic,0.05,79,0.2567379428194374,2022
100298,2025-12,0,core_logistic,0.05,80,0.2565705305358723,2022
100148,2025-12,1,core_logistic,0.05,81,0.256346941237411,2022
100017,2025-12,1,core_logistic,0.05,82,0.255900145843086,2022
101285,2025-12,0,core_logistic,0.05,83,0.2556723034918178,2022
101431,2025-12,1,core_logistic,0.05,84,0.2530596125637266,2022
101853,2025-12,0,core_logistic,0.05,85,0.2509115711526741,2022
101527,2025-12,1,core_logistic,0.05,86,0.2508081221595947,2022
100936,2025-12,0,core_logistic,0.05,87,0.2502899318142685,2022
101474,2025-12,0,core_logistic,0.05,88,0.248871770491719,2022
101944,2025-12,0,core_logistic,0.05,89,0.2485975296517221,2022
100032,2025-12,0,core_logistic,0.05,90,0.247391007812696,2022
102049,2025-12,0,core_logistic,0.05,91,0.2453266699558511,2022
102005,2025-12,0,core_logistic,0.05,92,0.2427852159237946,2022
101104,2025-12,1,core_logistic,0.05,93,0.2421887936901743,2022
100170,2025-12,0,core_logistic,0.05,94,0.2401691476876679,2022
102077,2025-12,0,core_logistic,0.05,95,0.2397907975809682,2022
101436,2025-12,1,core_logistic,0.05,96,0.2382977860874424,2022
101724,2025-12,0,core_logistic,0.05,97,0.2378216673124411,2022
101829,2025-12,0,core_logistic,0.05,98,0.2372352672729702,2022
101598,2025-12,0,core_logistic,0.05,99,0.2371846416243576,2022
101811,2025-12,0,core_logistic,0.05,100,0.2358520279302262,2022
100729,2025-12,1,core_logistic,0.05,101,0.2356895273578466,2022
100052,2025-12,0,core_logistic,0.05,102,0.2352673458088584,2022
100587,2025-12,0,core_logistic,0.1,1,0.411443813250229,2022
100530,2025-12,0,core_logistic,0.1,2,0.4105354558062787,2022
100123,2025-12,0,core_logistic,0.1,3,0.4097412396307549,2022
100823,2025-12,1,core_logistic,0.1,4,0.3939597777152643,2022
101471,2025-12,1,core_logistic,0.1,5,0.3679744063315475,2022
100661,2025-12,0,core_logistic,0.1,6,0.350167213838601,2022
101489,2025-12,0,core_logistic,0.1,7,0.3466534640869344,2022
102037,2025-12,0,core_logistic,0.1,8,0.346175653734412,2022
100496,2025-12,0,core_logistic,0.1,9,0.346175653734412,2022
100592,2025-12,0,core_logistic,0.1,10,0.3432621743328625,2022
101857,2025-12,1,core_logistic,0.1,11,0.3429450003002828,2022
100704,2025-12,0,core_logistic,0.1,12,0.3398341409480681,2022
100485,2025-12,0,core_logistic,0.1,13,0.3384540341091998,2022
100670,2025-12,1,core_logistic,0.1,14,0.3382050488229488,2022
101704,2025-12,1,core_logistic,0.1,15,0.3374706519427528,2022
101883,2025-12,1,core_logistic,0.1,16,0.3374181739022054,2022
101448,2025-12,1,core_logistic,0.1,17,0.3301697321620153,2022
100968,2025-12,0,core_logistic,0.1,18,0.326226811356674,2022
100130,2025-12,0,core_logistic,0.1,19,0.3252693795342117,2022
100610,2025-12,1,core_logistic,0.1,20,0.325209976935094,2022
100875,2025-12,1,core_logistic,0.1,21,0.3227013014228621,2022
102029,2025-12,0,core_logistic,0.1,22,0.3224372224227219,2022
100276,2025-12,1,core_logistic,0.1,23,0.3188613876333809,2022
101499,2025-12,1,core_logistic,0.1,24,0.3173431498186372,2022
100694,2025-12,0,core_logistic,0.1,25,0.3165230334440574,2022
101379,2025-12,0,core_logistic,0.1,26,0.3158259063603643,2022
100161,2025-12,1,core_logistic,0.1,27,0.3155725982983631,2022
100859,2025-12,0,core_logistic,0.1,28,0.3153651938796943,2022
101583,2025-12,0,core_logistic,0.1,29,0.3150614305585754,2022
101726,2025-12,1,core_logistic,0.1,30,0.3122770191894923,2022
101343,2025-12,0,core_logistic,0.1,31,0.307820068838575,2022
100698,2025-12,0,core_logistic,0.1,32,0.3069507268217816,2022
101613,2025-12,1,core_logistic,0.1,33,0.3065147895934733,2022
100225,2025-12,0,core_logistic,0.1,34,0.30483024418075,2022
101011,2025-12,0,core_logistic,0.1,35,0.303539684627323,2022
101638,2025-12,0,core_logistic,0.1,36,0.3009969710652634,2022
101772,2025-12,0,core_logistic,0.1,37,0.3007503283636084,2022
100992,2025-12,1,core_logistic,0.1,38,0.3003316887508246,2022
100870,2025-12,0,core_logistic,0.1,39,0.300129908648855,2022
102079,2025-12,0,core_logistic,0.1,40,0.2997775720403124,2022
100233,2025-12,0,core_logistic,0.1,41,0.2986050587596957,2022
100775,2025-12,1,core_logistic,0.1,42,0.2985483711032963,2022
100453,2025-12,1,core_logistic,0.1,43,0.297626500888293,2022
100672,2025-12,0,core_logistic,0.1,44,0.2958271912894005,2022
100238,2025-12,0,core_logistic,0.1,45,0.2923080531570225,2022
101738,2025-12,1,core_logistic,0.1,46,0.2922641778855403,2022
101164,2025-12,0,core_logistic,0.1,47,0.2920655554165185,2022
101280,2025-12,1,core_logistic,0.1,48,0.2917793433962636,2022
100034,2025-12,0,core_logistic,0.1,49,0.2901418992121624,2022
101936,2025-12,0,core_logistic,0.1,50,0.2898276739508215,2022
101629,2025-12,0,core_logistic,0.1,51,0.2896470931792826,2022
100849,2025-12,1,core_logistic,0.1,52,0.2865328689467521,2022
100484,2025-12,0,core_logistic,0.1,53,0.2783938127852898,2022
100795,2025-12,0,core_logistic,0.1,54,0.2783273235694742,2022
101569,2025-12,0,core_logistic,0.1,55,0.2778424738183412,2022
100322,2025-12,0,core_logistic,0.1,56,0.2766816991709102,2022
101160,2025-12,0,core_logistic,0.1,57,0.276283325141442,2022
100854,2025-12,0,core_logistic,0.1,58,0.2752759558574948,2022
101367,2025-12,0,core_logistic,0.1,59,0.274341258306412,2022
100773,2025-12,0,core_logistic,0.1,60,0.2741666014797785,2022
100560,2025-12,1,core_logistic,0.1,61,0.2729548891478408,2022
101660,2025-12,1,core_logistic,0.1,62,0.2713852756410524,2022
100175,2025-12,0,core_logistic,0.1,63,0.2708537772207304,2022
101672,2025-12,1,core_logistic,0.1,64,0.2690052225579385,2022
101001,2025-12,0,core_logistic,0.1,65,0.2683790605657047,2022
101173,2025-12,0,core_logistic,0.1,66,0.2668190691947339,2022
101223,2025-12,0,core_logistic,0.1,67,0.265449424066235,2022
101639,2025-12,0,core_logistic,0.1,68,0.2644188702324116,2022
100361,2025-12,0,core_logistic,0.1,69,0.2628255313600853,2022
102027,2025-12,0,core_logistic,0.1,70,0.2619701606139614,2022
100752,2025-12,0,core_logistic,0.1,71,0.2615312679944451,2022
100883,2025-12,0,core_logistic,0.1,72,0.2606690881476315,2022
101077,2025-12,0,core_logistic,0.1,73,0.2601201158097853,2022
101928,2025-12,0,core_logistic,0.1,74,0.2599396656869571,2022
101909,2025-12,0,core_logistic,0.1,75,0.2598829124932624,2022
101798,2025-12,0,core_logistic,0.1,76,0.2591934373143332,2022
100882,2025-12,0,core_logistic,0.1,77,0.258518582469094,2022
100919,2025-12,0,core_logistic,0.1,78,0.2576205581520933,2022
102067,2025-12,0,core_logistic,0.1,79,0.2567379428194374,2022
100298,2025-12,0,core_logistic,0.1,80,0.2565705305358723,2022
100148,2025-12,1,core_logistic,0.1,81,0.256346941237411,2022
100017,2025-12,1,core_logistic,0.1,82,0.255900145843086,2022
101285,2025-12,0,core_logistic,0.1,83,0.2556723034918178,2022
101431,2025-12,1,core_logistic,0.1,84,0.2530596125637266,2022
101853,2025-12,0,core_logistic,0.1,85,0.2509115711526741,2022
101527,2025-12,1,core_logistic,0.1,86,0.2508081221595947,2022
100936,2025-12,0,core_logistic,0.1,87,0.2502899318142685,2022
101474,2025-12,0,core_logistic,0.1,88,0.248871770491719,2022
101944,2025-12,0,core_logistic,0.1,89,0.2485975296517221,2022
100032,2025-12,0,core_logistic,0.1,90,0.247391007812696,2022
102049,2025-12,0,core_logistic,0.1,91,0.2453266699558511,2022
102005,2025-12,0,core_logistic,0.1,92,0.2427852159237946,2022
101104,2025-12,1,core_logistic,0.1,93,0.2421887936901743,2022
100170,2025-12,0,core_logistic,0.1,94,0.2401691476876679,2022
102077,2025-12,0,core_logistic,0.1,95,0.2397907975809682,2022
101436,2025-12,1,core_logistic,0.1,96,0.2382977860874424,2022
101724,2025-12,0,core_logistic,0.1,97,0.2378216673124411,2022
101829,2025-12,0,core_logistic,0.1,98,0.2372352672729702,2022
101598,2025-12,0,core_logistic,0.1,99,0.2371846416243576,2022
101811,2025-12,0,core_logistic,0.1,100,0.2358520279302262,2022
100729,2025-12,1,core_logistic,0.1,101,0.2356895273578466,2022
100052,2025-12,0,core_logistic,0.1,102,0.2352673458088584,2022
101761,2025-12,0,core_logistic,0.1,103,0.2346904688998119,2022
102045,2025-12,1,core_logistic,0.1,104,0.2345285230080954,2022
100214,2025-12,0,core_logistic,0.1,105,0.2334292204791179,2022
101119,2025-12,0,core_logistic,0.1,106,0.2327327527500988,2022
101466,2025-12,0,core_logistic,0.1,107,0.2326969313774242,2022
100286,2025-12,1,core_logistic,0.1,108,0.2326433369479505,2022
101509,2025-12,0,core_logistic,0.1,109,0.2322185432577088,2022
101935,2025-12,0,core_logistic,0.1,110,0.2317588994787879,2022
101332,2025-12,0,core_logistic,0.1,111,0.2311331887060053,2022
101948,2025-12,1,core_logistic,0.1,112,0.2297256895460686,2022
101266,2025-12,0,core_logistic,0.1,113,0.2296192395601268,2022
101447,2025-12,0,core_logistic,0.1,114,0.2291568536158083,2022
101078,2025-12,0,core_logistic,0.1,115,0.2289975835865999,2022
101971,2025-12,0,core_logistic,0.1,116,0.2272980808554685,2022
100056,2025-12,0,core_logistic,0.1,117,0.2259712787507471,2022
100967,2025-12,0,core_logistic,0.1,118,0.2254972454753707,2022
100010,2025-12,0,core_logistic,0.1,119,0.2251456830588119,2022
101990,2025-12,0,core_logistic,0.1,120,0.2250407353128484,2022
101854,2025-12,0,core_logistic,0.1,121,0.2249349244114217,2022
102075,2025-12,0,core_logistic,0.1,122,0.2249349244114217,2022
101309,2025-12,0,core_logistic,0.1,123,0.2246198195151274,2022
101259,2025-12,0,core_logistic,0.1,124,0.2246198195151274,2022
100745,2025-12,0,core_logistic,0.1,125,0.2240798338891104,2022
101636,2025-12,0,core_logistic,0.1,126,0.2239230674770199,2022
100275,2025-12,1,core_logistic,0.1,127,0.2238776155983555,2022
101692,2025-12,0,core_logistic,0.1,128,0.2235095586655049,2022
100296,2025-12,0,core_logistic,0.1,129,0.2219761508912762,2022
101382,2025-12,0,core_logistic,0.1,130,0.221583497111843,2022
100884,2025-12,0,core_logistic,0.1,131,0.2206084143536812,2022
101423,2025-12,0,core_logistic,0.1,132,0.219871827364656,2022
100662,2025-12,0,core_logistic,0.1,133,0.2194636842073588,2022
101628,2025-12,0,core_logistic,0.1,134,0.2186613184517515,2022
100794,2025-12,0,core_logistic,0.1,135,0.2184671964639029,2022
101137,2025-12,0,core_logistic,0.1,136,0.2184610574160728,2022
101805,2025-12,1,core_logistic,0.1,137,0.2184106876467268,2022
101922,2025-12,0,core_logistic,0.1,138,0.2177646857747855,2022
101709,2025-12,0,core_logistic,0.1,139,0.2177527511518391,2022
100303,2025-12,0,core_logistic,0.1,140,0.21727222784889,2022
101945,2025-12,1,core_logistic,0.1,141,0.2171660768499253,2022
101232,2025-12,0,core_logistic,0.1,142,0.2168136243209666,2022
101393,2025-12,1,core_logistic,0.1,143,0.2166145863560029,2022
101950,2025-12,1,core_logistic,0.1,144,0.216318888514151,2022
101783,2025-12,0,core_logistic,0.1,145,0.2159605654201569,2022
101282,2025-12,0,core_logistic,0.1,146,0.2140910368746245,2022
101415,2025-12,0,core_logistic,0.1,147,0.213830162474188,2022
101610,2025-12,0,core_logistic,0.1,148,0.2134479649618272,2022
101336,2025-12,0,core_logistic,0.1,149,0.2130545181837104,2022
100441,2025-12,0,core_logistic,0.1,150,0.21299816452331,2022
100283,2025-12,0,core_logistic,0.1,151,0.2128579932263489,2022
100867,2025-12,0,core_logistic,0.1,152,0.2127623602549845,2022
100665,2025-12,0,core_logistic,0.1,153,0.2127132665077886,2022
101179,2025-12,1,core_logistic,0.1,154,0.2123185502734956,2022
101322,2025-12,1,core_logistic,0.1,155,0.2120832956331662,2022
100608,2025-12,0,core_logistic,0.1,156,0.2116364564765877,2022
101951,2025-12,0,core_logistic,0.1,157,0.2113006081952788,2022
100224,2025-12,0,core_logistic,0.1,158,0.2109000197570981,2022
101790,2025-12,0,core_logistic,0.1,159,0.210693298105508,2022
101087,2025-12,1,core_logistic,0.1,160,0.2100756138055055,2022
101139,2025-12,0,core_logistic,0.1,161,0.2099708913956963,2022
100334,2025-12,1,core_logistic,0.1,162,0.2095981219299474,2022
100585,2025-12,0,core_logistic,0.1,163,0.209286772724587,2022
100899,2025-12,0,core_logistic,0.1,164,0.2085563492852,2022
101219,2025-12,0,core_logistic,0.1,165,0.2076463564995778,2022
101044,2025-12,1,core_logistic,0.1,166,0.2072284434436163,2022
101414,2025-12,0,core_logistic,0.1,167,0.2058847572565039,2022
101140,2025-12,1,core_logistic,0.1,168,0.2053470459395449,2022
101036,2025-12,0,core_logistic,0.1,169,0.2050124114277683,2022
101987,2025-12,0,core_logistic,0.1,170,0.2037591636373018,2022
100203,2025-12,1,core_logistic,0.1,171,0.2030583582422811,2022
100073,2025-12,1,core_logistic,0.1,172,0.2025764046076612,2022
100746,2025-12,1,core_logistic,0.1,173,0.2021192485892803,2022
100297,2025-12,0,core_logistic,0.1,174,0.2017769557877124,2022
100623,2025-12,0,core_logistic,0.1,175,0.2011732675544388,2022
101888,2025-12,0,core_logistic,0.1,176,0.2010765943685451,2022
101154,2025-12,1,core_logistic,0.1,177,0.2010765943685451,2022
101838,2025-12,0,core_logistic,0.1,178,0.2010660773391396,2022
101573,2025-12,0,core_logistic,0.1,179,0.2009205045376839,2022
101320,2025-12,0,core_logistic,0.1,180,0.2004766175699636,2022
101102,2025-12,0,core_logistic,0.1,181,0.2004603830255936,2022
101642,2025-12,1,core_logistic,0.1,182,0.2001819266717005,2022
100777,2025-12,0,core_logistic,0.1,183,0.1997500893862258,2022
101045,2025-12,0,core_logistic,0.1,184,0.1979911648622421,2022
101576,2025-12,1,core_logistic,0.1,185,0.1972357760223483,2022
101175,2025-12,1,core_logistic,0.1,186,0.1963208051970818,2022
100446,2025-12,0,core_logistic,0.1,187,0.196266456219986,2022
100029,2025-12,0,core_logistic,0.1,188,0.1959510637498377,2022
100903,2025-12,0,core_logistic,0.1,189,0.1954283905556099,2022
101305,2025-12,0,core_logistic,0.1,190,0.1949214598232616,2022
101181,2025-12,0,core_logistic,0.1,191,0.1941102575842233,2022
100066,2025-12,0,core_logistic,0.1,192,0.193554969652957,2022
101298,2025-12,0,core_logistic,0.1,193,0.1931947895237181,2022
100573,2025-12,1,core_logistic,0.1,194,0.1930465495492309,2022
101124,2025-12,1,core_logistic,0.1,195,0.1915496617107936,2022
101395,2025-12,0,core_logistic,0.1,196,0.1914100392769672,2022
100341,2025-12,0,core_logistic,0.1,197,0.1909059196090628,2022
101823,2025-12,1,core_logistic,0.1,198,0.190595810042441,2022
100686,2025-12,0,core_logistic,0.1,199,0.1896406457982116,2022
102078,2025-12,0,core_logistic,0.1,200,0.1895692443684723,2022
100985,2025-12,0,core_logistic,0.1,201,0.1888462655173373,2022
100787,2025-12,0,core_logistic,0.1,202,0.1885287060362906,2022
100727,2025-12,1,core_logistic,0.1,203,0.1884438354422901,2022
100587,2025-12,0,core_logistic,0.2,1,0.411443813250229,2022
100530,2025-12,0,core_logistic,0.2,2,0.4105354558062787,2022
100123,2025-12,0,core_logistic,0.2,3,0.4097412396307549,2022
100823,2025-12,1,core_logistic,0.2,4,0.3939597777152643,2022
101471,2025-12,1,core_logistic,0.2,5,0.3679744063315475,2022
100661,2025-12,0,core_logistic,0.2,6,0.350167213838601,2022
101489,2025-12,0,core_logistic,0.2,7,0.3466534640869344,2022
102037,2025-12,0,core_logistic,0.2,8,0.346175653734412,2022
100496,2025-12,0,core_logistic,0.2,9,0.346175653734412,2022
100592,2025-12,0,core_logistic,0.2,10,0.3432621743328625,2022
101857,2025-12,1,core_logistic,0.2,11,0.3429450003002828,2022
100704,2025-12,0,core_logistic,0.2,12,0.3398341409480681,2022
100485,2025-12,0,core_logistic,0.2,13,0.3384540341091998,2022
100670,2025-12,1,core_logistic,0.2,14,0.3382050488229488,2022
101704,2025-12,1,core_logistic,0.2,15,0.3374706519427528,2022
101883,2025-12,1,core_logistic,0.2,16,0.3374181739022054,2022
101448,2025-12,1,core_logistic,0.2,17,0.3301697321620153,2022
100968,2025-12,0,core_logistic,0.2,18,0.326226811356674,2022
100130,2025-12,0,core_logistic,0.2,19,0.3252693795342117,2022
100610,2025-12,1,core_logistic,0.2,20,0.325209976935094,2022
100875,2025-12,1,core_logistic,0.2,21,0.3227013014228621,2022
102029,2025-12,0,core_logistic,0.2,22,0.3224372224227219,2022
100276,2025-12,1,core_logistic,0.2,23,0.3188613876333809,2022
101499,2025-12,1,core_logistic,0.2,24,0.3173431498186372,2022
100694,2025-12,0,core_logistic,0.2,25,0.3165230334440574,2022
101379,2025-12,0,core_logistic,0.2,26,0.3158259063603643,2022
100161,2025-12,1,core_logistic,0.2,27,0.3155725982983631,2022
100859,2025-12,0,core_logistic,0.2,28,0.3153651938796943,2022
101583,2025-12,0,core_logistic,0.2,29,0.3150614305585754,2022
101726,2025-12,1,core_logistic,0.2,30,0.3122770191894923,2022
101343,2025-12,0,core_logistic,0.2,31,0.307820068838575,2022
100698,2025-12,0,core_logistic,0.2,32,0.3069507268217816,2022
101613,2025-12,1,core_logistic,0.2,33,0.3065147895934733,2022
100225,2025-12,0,core_logistic,0.2,34,0.30483024418075,2022
101011,2025-12,0,core_logistic,0.2,35,0.303539684627323,2022
101638,2025-12,0,core_logistic,0.2,36,0.3009969710652634,2022
101772,2025-12,0,core_logistic,0.2,37,0.3007503283636084,2022
100992,2025-12,1,core_logistic,0.2,38,0.3003316887508246,2022
100870,2025-12,0,core_logistic,0.2,39,0.300129908648855,2022
102079,2025-12,0,core_logistic,0.2,40,0.2997775720403124,2022
100233,2025-12,0,core_logistic,0.2,41,0.2986050587596957,2022
100775,2025-12,1,core_logistic,0.2,42,0.2985483711032963,2022
100453,2025-12,1,core_logistic,0.2,43,0.297626500888293,2022
100672,2025-12,0,core_logistic,0.2,44,0.2958271912894005,2022
100238,2025-12,0,core_logistic,0.2,45,0.2923080531570225,2022
101738,2025-12,1,core_logistic,0.2,46,0.2922641778855403,2022
101164,2025-12,0,core_logistic,0.2,47,0.2920655554165185,2022
101280,2025-12,1,core_logistic,0.2,48,0.2917793433962636,2022
100034,2025-12,0,core_logistic,0.2,49,0.2901418992121624,2022
101936,2025-12,0,core_logistic,0.2,50,0.2898276739508215,2022
101629,2025-12,0,core_logistic,0.2,51,0.2896470931792826,2022
100849,2025-12,1,core_logistic,0.2,52,0.2865328689467521,2022
100484,2025-12,0,core_logistic,0.2,53,0.2783938127852898,2022
100795,2025-12,0,core_logistic,0.2,54,0.2783273235694742,2022
101569,2025-12,0,core_logistic,0.2,55,0.2778424738183412,2022
100322,2025-12,0,core_logistic,0.2,56,0.2766816991709102,2022
101160,2025-12,0,core_logistic,0.2,57,0.276283325141442,2022
100854,2025-12,0,core_logistic,0.2,58,0.2752759558574948,2022
101367,2025-12,0,core_logistic,0.2,59,0.274341258306412,2022
100773,2025-12,0,core_logistic,0.2,60,0.2741666014797785,2022
100560,2025-12,1,core_logistic,0.2,61,0.2729548891478408,2022
101660,2025-12,1,core_logistic,0.2,62,0.2713852756410524,2022
100175,2025-12,0,core_logistic,0.2,63,0.2708537772207304,2022
101672,2025-12,1,core_logistic,0.2,64,0.2690052225579385,2022
101001,2025-12,0,core_logistic,0.2,65,0.2683790605657047,2022
101173,2025-12,0,core_logistic,0.2,66,0.2668190691947339,2022
101223,2025-12,0,core_logistic,0.2,67,0.265449424066235,2022
101639,2025-12,0,core_logistic,0.2,68,0.2644188702324116,2022
100361,2025-12,0,core_logistic,0.2,69,0.2628255313600853,2022
102027,2025-12,0,core_logistic,0.2,70,0.2619701606139614,2022
100752,2025-12,0,core_logistic,0.2,71,0.2615312679944451,2022
100883,2025-12,0,core_logistic,0.2,72,0.2606690881476315,2022
101077,2025-12,0,core_logistic,0.2,73,0.2601201158097853,2022
101928,2025-12,0,core_logistic,0.2,74,0.2599396656869571,2022
101909,2025-12,0,core_logistic,0.2,75,0.2598829124932624,2022
101798,2025-12,0,core_logistic,0.2,76,0.2591934373143332,2022
100882,2025-12,0,core_logistic,0.2,77,0.258518582469094,2022
100919,2025-12,0,core_logistic,0.2,78,0.2576205581520933,2022
102067,2025-12,0,core_logistic,0.2,79,0.2567379428194374,2022
100298,2025-12,0,core_logistic,0.2,80,0.2565705305358723,2022
100148,2025-12,1,core_logistic,0.2,81,0.256346941237411,2022
100017,2025-12,1,core_logistic,0.2,82,0.255900145843086,2022
101285,2025-12,0,core_logistic,0.2,83,0.2556723034918178,2022
101431,2025-12,1,core_logistic,0.2,84,0.2530596125637266,2022
101853,2025-12,0,core_logistic,0.2,85,0.2509115711526741,2022
101527,2025-12,1,core_logistic,0.2,86,0.2508081221595947,2022
100936,2025-12,0,core_logistic,0.2,87,0.2502899318142685,2022
101474,2025-12,0,core_logistic,0.2,88,0.248871770491719,2022
101944,2025-12,0,core_logistic,0.2,89,0.2485975296517221,2022
100032,2025-12,0,core_logistic,0.2,90,0.247391007812696,2022
102049,2025-12,0,core_logistic,0.2,91,0.2453266699558511,2022
102005,2025-12,0,core_logistic,0.2,92,0.2427852159237946,2022
101104,2025-12,1,core_logistic,0.2,93,0.2421887936901743,2022
100170,2025-12,0,core_logistic,0.2,94,0.2401691476876679,2022
102077,2025-12,0,core_logistic,0.2,95,0.2397907975809682,2022
101436,2025-12,1,core_logistic,0.2,96,0.2382977860874424,2022
101724,2025-12,0,core_logistic,0.2,97,0.2378216673124411,2022
101829,2025-12,0,core_logistic,0.2,98,0.2372352672729702,2022
101598,2025-12,0,core_logistic,0.2,99,0.2371846416243576,2022
101811,2025-12,0,core_logistic,0.2,100,0.2358520279302262,2022
100729,2025-12,1,core_logistic,0.2,101,0.2356895273578466,2022
100052,2025-12,0,core_logistic,0.2,102,0.2352673458088584,2022
101761,2025-12,0,core_logistic,0.2,103,0.2346904688998119,2022
102045,2025-12,1,core_logistic,0.2,104,0.2345285230080954,2022
100214,2025-12,0,core_logistic,0.2,105,0.2334292204791179,2022
101119,2025-12,0,core_logistic,0.2,106,0.2327327527500988,2022
101466,2025-12,0,core_logistic,0.2,107,0.2326969313774242,2022
100286,2025-12,1,core_logistic,0.2,108,0.2326433369479505,2022
101509,2025-12,0,core_logistic,0.2,109,0.2322185432577088,2022
101935,2025-12,0,core_logistic,0.2,110,0.2317588994787879,2022
101332,2025-12,0,core_logistic,0.2,111,0.2311331887060053,2022
101948,2025-12,1,core_logistic,0.2,112,0.2297256895460686,2022
101266,2025-12,0,core_logistic,0.2,113,0.2296192395601268,2022
101447,2025-12,0,core_logistic,0.2,114,0.2291568536158083,2022
101078,2025-12,0,core_logistic,0.2,115,0.2289975835865999,2022
101971,2025-12,0,core_logistic,0.2,116,0.2272980808554685,2022
100056,2025-12,0,core_logistic,0.2,117,0.2259712787507471,2022
100967,2025-12,0,core_logistic,0.2,118,0.2254972454753707,2022
100010,2025-12,0,core_logistic,0.2,119,0.2251456830588119,2022
101990,2025-12,0,core_logistic,0.2,120,0.2250407353128484,2022
101854,2025-12,0,core_logistic,0.2,121,0.2249349244114217,2022
102075,2025-12,0,core_logistic,0.2,122,0.2249349244114217,2022
101309,2025-12,0,core_logistic,0.2,123,0.2246198195151274,2022
101259,2025-12,0,core_logistic,0.2,124,0.2246198195151274,2022
100745,2025-12,0,core_logistic,0.2,125,0.2240798338891104,2022
101636,2025-12,0,core_logistic,0.2,126,0.2239230674770199,2022
100275,2025-12,1,core_logistic,0.2,127,0.2238776155983555,2022
101692,2025-12,0,core_logistic,0.2,128,0.2235095586655049,2022
100296,2025-12,0,core_logistic,0.2,129,0.2219761508912762,2022
101382,2025-12,0,core_logistic,0.2,130,0.221583497111843,2022
100884,2025-12,0,core_logistic,0.2,131,0.2206084143536812,2022
101423,2025-12,0,core_logistic,0.2,132,0.219871827364656,2022
100662,2025-12,0,core_logistic,0.2,133,0.2194636842073588,2022
101628,2025-12,0,core_logistic,0.2,134,0.2186613184517515,2022
100794,2025-12,0,core_logistic,0.2,135,0.2184671964639029,2022
101137,2025-12,0,core_logistic,0.2,136,0.2184610574160728,2022
101805,2025-12,1,core_logistic,0.2,137,0.2184106876467268,2022
101922,2025-12,0,core_logistic,0.2,138,0.2177646857747855,2022
101709,2025-12,0,core_logistic,0.2,139,0.2177527511518391,2022
100303,2025-12,0,core_logistic,0.2,140,0.21727222784889,2022
101945,2025-12,1,core_logistic,0.2,141,0.2171660768499253,2022
101232,2025-12,0,core_logistic,0.2,142,0.2168136243209666,2022
101393,2025-12,1,core_logistic,0.2,143,0.2166145863560029,2022
101950,2025-12,1,core_logistic,0.2,144,0.216318888514151,2022
101783,2025-12,0,core_logistic,0.2,145,0.2159605654201569,2022
101282,2025-12,0,core_logistic,0.2,146,0.2140910368746245,2022
101415,2025-12,0,core_logistic,0.2,147,0.213830162474188,2022
101610,2025-12,0,core_logistic,0.2,148,0.2134479649618272,2022
101336,2025-12,0,core_logistic,0.2,149,0.2130545181837104,2022
100441,2025-12,0,core_logistic,0.2,150,0.21299816452331,2022
100283,2025-12,0,core_logistic,0.2,151,0.2128579932263489,2022
100867,2025-12,0,core_logistic,0.2,152,0.2127623602549845,2022
100665,2025-12,0,core_logistic,0.2,153,0.2127132665077886,2022
101179,2025-12,1,core_logistic,0.2,154,0.2123185502734956,2022
101322,2025-12,1,core_logistic,0.2,155,0.2120832956331662,2022
100608,2025-12,0,core_logistic,0.2,156,0.2116364564765877,2022
101951,2025-12,0,core_logistic,0.2,157,0.2113006081952788,2022
100224,2025-12,0,core_logistic,0.2,158,0.2109000197570981,2022
101790,2025-12,0,core_logistic,0.2,159,0.210693298105508,2022
101087,2025-12,1,core_logistic,0.2,160,0.2100756138055055,2022
101139,2025-12,0,core_logistic,0.2,161,0.2099708913956963,2022
100334,2025-12,1,core_logistic,0.2,162,0.2095981219299474,2022
100585,2025-12,0,core_logistic,0.2,163,0.209286772724587,2022
100899,2025-12,0,core_logistic,0.2,164,0.2085563492852,2022
101219,2025-12,0,core_logistic,0.2,165,0.2076463564995778,2022
101044,2025-12,1,core_logistic,0.2,166,0.2072284434436163,2022
101414,2025-12,0,core_logistic,0.2,167,0.2058847572565039,2022
101140,2025-12,1,core_logistic,0.2,168,0.2053470459395449,2022
101036,2025-12,0,core_logistic,0.2,169,0.2050124114277683,2022
101987,2025-12,0,core_logistic,0.2,170,0.2037591636373018,2022
100203,2025-12,1,core_logistic,0.2,171,0.2030583582422811,2022
100073,2025-12,1,core_logistic,0.2,172,0.2025764046076612,2022
100746,2025-12,1,core_logistic,0.2,173,0.2021192485892803,2022
100297,2025-12,0,core_logistic,0.2,174,0.2017769557877124,2022
100623,2025-12,0,core_logistic,0.2,175,0.2011732675544388,2022
101888,2025-12,0,core_logistic,0.2,176,0.2010765943685451,2022
101154,2025-12,1,core_logistic,0.2,177,0.2010765943685451,2022
101838,2025-12,0,core_logistic,0.2,178,0.2010660773391396,2022
101573,2025-12,0,core_logistic,0.2,179,0.2009205045376839,2022
101320,2025-12,0,core_logistic,0.2,180,0.2004766175699636,2022
101102,2025-12,0,core_logistic,0.2,181,0.2004603830255936,2022
101642,2025-12,1,core_logistic,0.2,182,0.2001819266717005,2022
100777,2025-12,0,core_logistic,0.2,183,0.1997500893862258,2022
101045,2025-12,0,core_logistic,0.2,184,0.1979911648622421,2022
101576,2025-12,1,core_logistic,0.2,185,0.1972357760223483,2022
101175,2025-12,1,core_logistic,0.2,186,0.1963208051970818,2022
100446,2025-12,0,core_logistic,0.2,187,0.196266456219986,2022
100029,2025-12,0,core_logistic,0.2,188,0.1959510637498377,2022
100903,2025-12,0,core_logistic,0.2,189,0.1954283905556099,2022
101305,2025-12,0,core_logistic,0.2,190,0.1949214598232616,2022
101181,2025-12,0,core_logistic,0.2,191,0.1941102575842233,2022
100066,2025-12,0,core_logistic,0.2,192,0.193554969652957,2022
101298,2025-12,0,core_logistic,0.2,193,0.1931947895237181,2022
100573,2025-12,1,core_logistic,0.2,194,0.1930465495492309,2022
101124,2025-12,1,core_logistic,0.2,195,0.1915496617107936,2022
101395,2025-12,0,core_logistic,0.2,196,0.1914100392769672,2022
100341,2025-12,0,core_logistic,0.2,197,0.1909059196090628,2022
101823,2025-12,1,core_logistic,0.2,198,0.190595810042441,2022
100686,2025-12,0,core_logistic,0.2,199,0.1896406457982116,2022
102078,2025-12,0,core_logistic,0.2,200,0.1895692443684723,2022
100985,2025-12,0,core_logistic,0.2,201,0.1888462655173373,2022
100787,2025-12,0,core_logistic,0.2,202,0.1885287060362906,2022
100727,2025-12,1,core_logistic,0.2,203,0.1884438354422901,2022
101312,2025-12,1,core_logistic,0.2,204,0.1881302498786925,2022
101826,2025-12,0,core_logistic,0.2,205,0.1879477728699991,2022
100469,2025-12,0,core_logistic,0.2,206,0.1876726365406781,2022
100308,2025-12,0,core_logistic,0.2,207,0.1875901200047309,2022
100210,2025-12,0,core_logistic,0.2,208,0.1874472379628692,2022
100422,2025-12,1,core_logistic,0.2,209,0.1873092135750907,2022
100425,2025-12,1,core_logistic,0.2,210,0.1868154502565532,2022
100427,2025-12,0,core_logistic,0.2,211,0.1863445049870323,2022
101287,2025-12,0,core_logistic,0.2,212,0.1863333124601857,2022
101067,2025-12,0,core_logistic,0.2,213,0.186294324449974,2022
101721,2025-12,0,core_logistic,0.2,214,0.1859780282060664,2022
101837,2025-12,0,core_logistic,0.2,215,0.1857616801803297,2022
100876,2025-12,1,core_logistic,0.2,216,0.1855414455610327,2022
100128,2025-12,0,core_logistic,0.2,217,0.1849264387288088,2022
101338,2025-12,0,core_logistic,0.2,218,0.1842944757503555,2022
102089,2025-12,0,core_logistic,0.2,219,0.1839415104483186,2022
101776,2025-12,0,core_logistic,0.2,220,0.1820750524794804,2022
101712,2025-12,0,core_logistic,0.2,221,0.1814068473666361,2022
100817,2025-12,0,core_logistic,0.2,222,0.1806822615552629,2022
100459,2025-12,0,core_logistic,0.2,223,0.1803541067408428,2022
101215,2025-12,0,core_logistic,0.2,224,0.1800289400358032,2022
101885,2025-12,0,core_logistic,0.2,225,0.1781308365100562,2022
101831,2025-12,0,core_logistic,0.2,226,0.1778616656363515,2022
102058,2025-12,0,core_logistic,0.2,227,0.1768352528813635,2022
102012,2025-12,0,core_logistic,0.2,228,0.1768043798156606,2022
101325,2025-12,1,core_logistic,0.2,229,0.1764941504109828,2022
101886,2025-12,0,core_logistic,0.2,230,0.1762130689456298,2022
101464,2025-12,1,core_logistic,0.2,231,0.1751834756507554,2022
101256,2025-12,0,core_logistic,0.2,232,0.1749317055726145,2022
101952,2025-12,0,core_logistic,0.2,233,0.174889401795512,2022
100243,2025-12,0,core_logistic,0.2,234,0.1742590565769663,2022
101719,2025-12,0,core_logistic,0.2,235,0.1742101227427518,2022
101825,2025-12,0,core_logistic,0.2,236,0.1740839205795984,2022
101392,2025-12,0,core_logistic,0.2,237,0.1736544735696176,2022
101246,2025-12,0,core_logistic,0.2,238,0.1718729791402518,2022
100399,2025-12,0,core_logistic,0.2,239,0.171236540885052,2022
100564,2025-12,0,core_logistic,0.2,240,0.1712064419817873,2022
100907,2025-12,0,core_logistic,0.2,241,0.1712032330369661,2022
100197,2025-12,0,core_logistic,0.2,242,0.1711648292769702,2022
101094,2025-12,0,core_logistic,0.2,243,0.1700417479713789,2022
101647,2025-12,0,core_logistic,0.2,244,0.1698678281049624,2022
101895,2025-12,0,core_logistic,0.2,245,0.1696526403412203,2022
100959,2025-12,0,core_logistic,0.2,246,0.1694875275745947,2022
101601,2025-12,0,core_logistic,0.2,247,0.1689549476589759,2022
100448,2025-12,0,core_logistic,0.2,248,0.1689277087232685,2022
100229,2025-12,0,core_logistic,0.2,249,0.1685196964699418,2022
101551,2025-12,0,core_logistic,0.2,250,0.1684622592682476,2022
100543,2025-12,0,core_logistic,0.2,251,0.1675636656857556,2022
101189,2025-12,0,core_logistic,0.2,252,0.1669481135738855,2022
100206,2025-12,0,core_logistic,0.2,253,0.1667474921688291,2022
101927,2025-12,1,core_logistic,0.2,254,0.1666324732867411,2022
101846,2025-12,0,core_logistic,0.2,255,0.1656883832767901,2022
101144,2025-12,0,core_logistic,0.2,256,0.1651620080192355,2022
101457,2025-12,0,core_logistic,0.2,257,0.1650783539670401,2022
100115,2025-12,0,core_logistic,0.2,258,0.1645953241988136,2022
101723,2025-12,0,core_logistic,0.2,259,0.1643180507197291,2022
101542,2025-12,0,core_logistic,0.2,260,0.1642025242924358,2022
101946,2025-12,0,core_logistic,0.2,261,0.1641653798538692,2022
100390,2025-12,0,core_logistic,0.2,262,0.1641571033799763,2022
100913,2025-12,0,core_logistic,0.2,263,0.1638778615252524,2022
102007,2025-12,0,core_logistic,0.2,264,0.1637895441064048,2022
100873,2025-12,0,core_logistic,0.2,265,0.1637203351095836,2022
101543,2025-12,0,core_logistic,0.2,266,0.1633594416128631,2022
100531,2025-12,0,core_logistic,0.2,267,0.1628759238984382,2022
100627,2025-12,0,core_logistic,0.2,268,0.1627194332546044,2022
101901,2025-12,0,core_logistic,0.2,269,0.1627047293823604,2022
100946,2025-12,0,core_logistic,0.2,270,0.1626316187072206,2022
101125,2025-12,0,core_logistic,0.2,271,0.1625914433545837,2022
100626,2025-12,0,core_logistic,0.2,272,0.1623125116991928,2022
100509,2025-12,0,core_logistic,0.2,273,0.160688036291628,2022
100790,2025-12,0,core_logistic,0.2,274,0.160210911385124,2022
100324,2025-12,1,core_logistic,0.2,275,0.1600074138073746,2022
102016,2025-12,0,core_logistic,0.2,276,0.1597856716657501,2022
101031,2025-12,1,core_logistic,0.2,277,0.159184773525591,2022
101492,2025-12,0,core_logistic,0.2,278,0.1582099564421732,2022
102046,2025-12,0,core_logistic,0.2,279,0.157980389352858,2022
101182,2025-12,0,core_logistic,0.2,280,0.1577138652169032,2022
101736,2025-12,1,core_logistic,0.2,281,0.1575940983341418,2022
101735,2025-12,0,core_logistic,0.2,282,0.1574666345514179,2022
100833,2025-12,0,core_logistic,0.2,283,0.1566897774112582,2022
101449,2025-12,0,core_logistic,0.2,284,0.1565848968474436,2022
100067,2025-12,0,core_logistic,0.2,285,0.1565015565494269,2022
100848,2025-12,0,core_logistic,0.2,286,0.1563061397302372,2022
102080,2025-12,0,core_logistic,0.2,287,0.1559522746157101,2022
100945,2025-12,0,core_logistic,0.2,288,0.1552672554458145,2022
100245,2025-12,0,core_logistic,0.2,289,0.1550394029992868,2022
101957,2025-12,0,core_logistic,0.2,290,0.1548766886986594,2022
100311,2025-12,0,core_logistic,0.2,291,0.1542711656987357,2022
100250,2025-12,0,core_logistic,0.2,292,0.154153534703949,2022
100044,2025-12,0,core_logistic,0.2,293,0.1540738285164289,2022
100508,2025-12,0,core_logistic,0.2,294,0.1528660260611766,2022
101277,2025-12,0,core_logistic,0.2,295,0.1528225008361736,2022
100173,2025-12,0,core_logistic,0.2,296,0.1526754076112514,2022
100213,2025-12,0,core_logistic,0.2,297,0.1526736608655663,2022
100267,2025-12,0,core_logistic,0.2,298,0.152648844842994,2022
101135,2025-12,0,core_logistic,0.2,299,0.1516883326693163,2022
100744,2025-12,0,core_logistic,0.2,300,0.151609672663581,2022
102069,2025-12,0,core_logistic,0.2,301,0.1510154871260027,2022
100747,2025-12,0,core_logistic,0.2,302,0.1509611758531089,2022
100636,2025-12,0,core_logistic,0.2,303,0.1505933151769787,2022
101905,2025-12,0,core_logistic,0.2,304,0.1502653669895333,2022
101377,2025-12,0,core_logistic,0.2,305,0.1498883346133401,2022
101084,2025-12,0,core_logistic,0.2,306,0.1495283417081661,2022
101881,2025-12,0,core_logistic,0.2,307,0.1489491854904262,2022
100923,2025-12,0,core_logistic,0.2,308,0.1481118738890353,2022
100653,2025-12,0,core_logistic,0.2,309,0.1478086295937491,2022
100640,2025-12,0,core_logistic,0.2,310,0.1476933660051346,2022
101505,2025-12,0,core_logistic,0.2,311,0.1475239132811455,2022
100702,2025-12,0,core_logistic,0.2,312,0.1473232849511786,2022
100605,2025-12,0,core_logistic,0.2,313,0.1472188254911405,2022
100591,2025-12,0,core_logistic,0.2,314,0.146880259775452,2022
101296,2025-12,0,core_logistic,0.2,315,0.1466723924745425,2022
100356,2025-12,0,core_logistic,0.2,316,0.1461809247361215,2022
100771,2025-12,0,core_logistic,0.2,317,0.1458890452474161,2022
100058,2025-12,0,core_logistic,0.2,318,0.1455634089148803,2022
101824,2025-12,0,core_logistic,0.2,319,0.1455634089148803,2022
100304,2025-12,0,core_logistic,0.2,320,0.1454843515888272,2022
100757,2025-12,1,core_logistic,0.2,321,0.1452714115999814,2022
102019,2025-12,0,core_logistic,0.2,322,0.1450660557645161,2022
100929,2025-12,1,core_logistic,0.2,323,0.144843859195876,2022
100340,2025-12,0,core_logistic,0.2,324,0.1445466351714795,2022
100189,2025-12,0,core_logistic,0.2,325,0.1442886507025125,2022
100288,2025-12,0,core_logistic,0.2,326,0.1438215409431912,2022
100977,2025-12,0,core_logistic,0.2,327,0.1437621635986585,2022
101953,2025-12,0,core_logistic,0.2,328,0.1436128514466626,2022
101195,2025-12,0,core_logistic,0.2,329,0.1433200256060076,2022
101769,2025-12,0,core_logistic,0.2,330,0.1431445752766318,2022
100650,2025-12,0,core_logistic,0.2,331,0.1431113787318049,2022
101117,2025-12,0,core_logistic,0.2,332,0.1429659950307617,2022
100487,2025-12,0,core_logistic,0.2,333,0.1428673369337506,2022
101421,2025-12,0,core_logistic,0.2,334,0.1428571814641901,2022
101018,2025-12,0,core_logistic,0.2,335,0.142846949189387,2022
101341,2025-12,0,core_logistic,0.2,336,0.1427451323275252,2022
101821,2025-12,0,core_logistic,0.2,337,0.1424498481151718,2022
101319,2025-12,0,core_logistic,0.2,338,0.1423939347014457,2022
101626,2025-12,0,core_logistic,0.2,339,0.1423198466863828,2022
101301,2025-12,0,core_logistic,0.2,340,0.1422939578938624,2022
100375,2025-12,0,core_logistic,0.2,341,0.1419978843401905,2022
101009,2025-12,0,core_logistic,0.2,342,0.1419547307148514,2022
101227,2025-12,0,core_logistic,0.2,343,0.1418937418652523,2022
100947,2025-12,0,core_logistic,0.2,344,0.1414944854101252,2022
100270,2025-12,0,core_logistic,0.2,345,0.1414944854101252,2022
100001,2025-12,1,core_logistic,0.2,346,0.1409991918132973,2022
100990,2025-12,0,core_logistic,0.2,347,0.140251139618084,2022
101046,2025-12,1,core_logistic,0.2,348,0.1397938941062036,2022
101229,2025-12,0,core_logistic,0.2,349,0.1394839566054781,2022
100714,2025-12,0,core_logistic,0.2,350,0.1394442324523813,2022
100278,2025-12,0,core_logistic,0.2,351,0.1390622774894001,2022
101314,2025-12,0,core_logistic,0.2,352,0.1389219555023043,2022
101446,2025-12,0,core_logistic,0.2,353,0.1385033130415766,2022
100818,2025-12,0,core_logistic,0.2,354,0.1383645508429784,2022
101749,2025-12,0,core_logistic,0.2,355,0.1382559801005413,2022
100407,2025-12,0,core_logistic,0.2,356,0.1381843114977993,2022
100572,2025-12,0,core_logistic,0.2,357,0.1381743599669818,2022
100466,2025-12,0,core_logistic,0.2,358,0.138114733864771,2022
101777,2025-12,0,core_logistic,0.2,359,0.1377643284639637,2022
101861,2025-12,0,core_logistic,0.2,360,0.1375921662598208,2022
101911,2025-12,0,core_logistic,0.2,361,0.1375894827582635,2022
100577,2025-12,0,core_logistic,0.2,362,0.13734031687377,2022
101913,2025-12,0,core_logistic,0.2,363,0.1368683851563761,2022
100083,2025-12,0,core_logistic,0.2,364,0.136209108396202,2022
101585,2025-12,0,core_logistic,0.2,365,0.1358495162572787,2022
101302,2025-12,0,core_logistic,0.2,366,0.135827551896115,2022
101623,2025-12,1,core_logistic,0.2,367,0.1355939654342363,2022
101202,2025-12,1,core_logistic,0.2,368,0.1350775882857747,2022
100609,2025-12,0,core_logistic,0.2,369,0.1347694352799975,2022
101663,2025-12,0,core_logistic,0.2,370,0.1345523687063225,2022
101216,2025-12,0,core_logistic,0.2,371,0.1343906851051025,2022
101741,2025-12,0,core_logistic,0.2,372,0.134221315090225,2022
101549,2025-12,0,core_logistic,0.2,373,0.1341747163700965,2022
100523,2025-12,0,core_logistic,0.2,374,0.1341191739343745,2022
100898,2025-12,0,core_logistic,0.2,375,0.1339464312690534,2022
102081,2025-12,0,core_logistic,0.2,376,0.1335436354334995,2022
100826,2025-12,0,core_logistic,0.2,377,0.1331053215109695,2022
101120,2025-12,0,core_logistic,0.2,378,0.1327697917963729,2022
101579,2025-12,0,core_logistic,0.2,379,0.1326216358293964,2022
101035,2025-12,0,core_logistic,0.2,380,0.1325173977017398,2022
100765,2025-12,0,core_logistic,0.2,381,0.1323182284692922,2022
101203,2025-12,0,core_logistic,0.2,382,0.1320871619975031,2022
100774,2025-12,0,core_logistic,0.2,383,0.1320651706239397,2022
100005,2025-12,0,core_logistic,0.2,384,0.1319164376720201,2022
100655,2025-12,0,core_logistic,0.2,385,0.1318185530727919,2022
100807,2025-12,1,core_logistic,0.2,386,0.1316870083475025,2022
100758,2025-12,0,core_logistic,0.2,387,0.1316555920020195,2022
102048,2025-12,0,core_logistic,0.2,388,0.1314736839869345,2022
100724,2025-12,1,core_logistic,0.2,389,0.1313877278478966,2022
101713,2025-12,0,core_logistic,0.2,390,0.1313787311227223,2022
101406,2025-12,0,core_logistic,0.2,391,0.1307844035975574,2022
101870,2025-12,1,core_logistic,0.2,392,0.1307154353751711,2022
100772,2025-12,0,core_logistic,0.2,393,0.1304142019903258,2022
101779,2025-12,0,core_logistic,0.2,394,0.130281285894611,2022
100272,2025-12,0,core_logistic,0.2,395,0.1302472756651822,2022
102090,2025-12,0,core_logistic,0.2,396,0.1302214720800528,2022
100987,2025-12,0,core_logistic,0.2,397,0.1298452441256822,2022
101676,2025-12,0,core_logistic,0.2,398,0.1298235701793814,2022
101839,2025-12,0,core_logistic,0.2,399,0.1295588772885561,2022
101323,2025-12,1,core_logistic,0.2,400,0.1293845825084797,2022
101752,2025-12,0,core_logistic,0.2,401,0.1291931635324862,2022
101112,2025-12,0,core_logistic,0.2,402,0.1291510921984942,2022
101069,2025-12,0,core_logistic,0.2,403,0.128988858557303,2022
100696,2025-12,0,core_logistic,0.2,404,0.1287667951744812,2022
100624,2025-12,0,core_logistic,0.2,405,0.1287412233573192,2022
100587,2025-12,0,extended_logistic,0.05,1,0.4727527086818482,2022
101448,2025-12,1,extended_logistic,0.05,2,0.4173454912843101,2022
100233,2025-12,0,extended_logistic,0.05,3,0.4030440191180576,2022
100670,2025-12,1,extended_logistic,0.05,4,0.3886883344964985,2022
100034,2025-12,0,extended_logistic,0.05,5,0.3868800226156945,2022
100859,2025-12,0,extended_logistic,0.05,6,0.3851537423910039,2022
100485,2025-12,0,extended_logistic,0.05,7,0.3845321000115465,2022
100161,2025-12,1,extended_logistic,0.05,8,0.379513322332724,2022
100823,2025-12,1,extended_logistic,0.05,9,0.3783202358618027,2022
100968,2025-12,0,extended_logistic,0.05,10,0.3781329177203286,2022
100276,2025-12,1,extended_logistic,0.05,11,0.3773036988408279,2022
100123,2025-12,0,extended_logistic,0.05,12,0.3730617202450925,2022
101164,2025-12,0,extended_logistic,0.05,13,0.3699887831164958,2022
100592,2025-12,0,extended_logistic,0.05,14,0.3685094054820678,2022
101367,2025-12,0,extended_logistic,0.05,15,0.3640787835659602,2022
101613,2025-12,1,extended_logistic,0.05,16,0.3627648402705788,2022
100530,2025-12,0,extended_logistic,0.05,17,0.3626562191718744,2022
100875,2025-12,1,extended_logistic,0.05,18,0.3610121378379688,2022
100992,2025-12,1,extended_logistic,0.05,19,0.3608304861685044,2022
101471,2025-12,1,extended_logistic,0.05,20,0.3570618172548255,2022
100225,2025-12,0,extended_logistic,0.05,21,0.3539968490803393,2022
101011,2025-12,0,extended_logistic,0.05,22,0.3494753449914209,2022
102029,2025-12,0,extended_logistic,0.05,23,0.3490485930096868,2022
100361,2025-12,0,extended_logistic,0.05,24,0.3445261969325525,2022
100694,2025-12,0,extended_logistic,0.05,25,0.3423621235901031,2022
102037,2025-12,0,extended_logistic,0.05,26,0.3423223044793329,2022
101853,2025-12,0,extended_logistic,0.05,27,0.3397097431638108,2022
100130,2025-12,0,extended_logistic,0.05,28,0.3395882690824788,2022
101883,2025-12,1,extended_logistic,0.05,29,0.3392563448663913,2022
101393,2025-12,1,extended_logistic,0.05,30,0.3386402260231091,2022
101499,2025-12,1,extended_logistic,0.05,31,0.3372134138634138,2022
100849,2025-12,1,extended_logistic,0.05,32,0.328394904972757,2022
101280,2025-12,1,extended_logistic,0.05,33,0.3275703976193947,2022
101423,2025-12,0,extended_logistic,0.05,34,0.3253211101785164,2022
100610,2025-12,1,extended_logistic,0.05,35,0.3242658416871457,2022
100870,2025-12,0,extended_logistic,0.05,36,0.323991932828518,2022
101857,2025-12,1,extended_logistic,0.05,37,0.3180862138334828,2022
101379,2025-12,0,extended_logistic,0.05,38,0.3169310878826623,2022
101638,2025-12,0,extended_logistic,0.05,39,0.3140875581323439,2022
100298,2025-12,0,extended_logistic,0.05,40,0.3130162988755806,2022
101489,2025-12,0,extended_logistic,0.05,41,0.3097620442788059,2022
101343,2025-12,0,extended_logistic,0.05,42,0.308330536914983,2022
101527,2025-12,1,extended_logistic,0.05,43,0.3081972521217455,2022
101704,2025-12,1,extended_logistic,0.05,44,0.3075398791913293,2022
100698,2025-12,0,extended_logistic,0.05,45,0.3044509334368953,2022
101173,2025-12,0,extended_logistic,0.05,46,0.3040487801230485,2022
100238,2025-12,0,extended_logistic,0.05,47,0.2989803132843136,2022
100775,2025-12,1,extended_logistic,0.05,48,0.2967042410990475,2022
101322,2025-12,1,extended_logistic,0.05,49,0.2937811998947373,2022
100453,2025-12,1,extended_logistic,0.05,50,0.2908835839970128,2022
101950,2025-12,1,extended_logistic,0.05,51,0.2907150076171274,2022
100560,2025-12,1,extended_logistic,0.05,52,0.2895299907559583,2022
100661,2025-12,0,extended_logistic,0.05,53,0.2868020951396323,2022
100322,2025-12,0,extended_logistic,0.05,54,0.285448391631239,2022
101738,2025-12,1,extended_logistic,0.05,55,0.2848609449918557,2022
101928,2025-12,0,extended_logistic,0.05,56,0.2831907347382739,2022
101936,2025-12,0,extended_logistic,0.05,57,0.2828908828777161,2022
101811,2025-12,0,extended_logistic,0.05,58,0.2825250886571828,2022
101583,2025-12,0,extended_logistic,0.05,59,0.2820374092576478,2022
100334,2025-12,1,extended_logistic,0.05,60,0.281205733027758,2022
101285,2025-12,0,extended_logistic,0.05,61,0.2809435825755188,2022
101772,2025-12,0,extended_logistic,0.05,62,0.279200864485391,2022
100496,2025-12,0,extended_logistic,0.05,63,0.2785707193628507,2022
101672,2025-12,1,extended_logistic,0.05,64,0.2783251306900141,2022
100936,2025-12,0,extended_logistic,0.05,65,0.2774759561573255,2022
101569,2025-12,0,extended_logistic,0.05,66,0.2765250257428197,2022
101431,2025-12,1,extended_logistic,0.05,67,0.2755897070474247,2022
101474,2025-12,0,extended_logistic,0.05,68,0.2754654910309282,2022
100882,2025-12,0,extended_logistic,0.05,69,0.2739621169896293,2022
101629,2025-12,0,extended_logistic,0.05,70,0.2726147549229289,2022
101660,2025-12,1,extended_logistic,0.05,71,0.2723140100873035,2022
100017,2025-12,1,extended_logistic,0.05,72,0.2716007486202496,2022
100919,2025-12,0,extended_logistic,0.05,73,0.269829199601765,2022
101990,2025-12,0,extended_logistic,0.05,74,0.2682554639638858,2022
101726,2025-12,1,extended_logistic,0.05,75,0.2681201179699895,2022
100729,2025-12,1,extended_logistic,0.05,76,0.2675023173017115,2022
101798,2025-12,0,extended_logistic,0.05,77,0.2668610030231677,2022
100484,2025-12,0,extended_logistic,0.05,78,0.2651652551847249,2022
100686,2025-12,0,extended_logistic,0.05,79,0.2637883379462093,2022
101436,2025-12,1,extended_logistic,0.05,80,0.2636534658090817,2022
101320,2025-12,0,extended_logistic,0.05,81,0.2628308901139223,2022
100795,2025-12,0,extended_logistic,0.05,82,0.2617915888906397,2022
100427,2025-12,0,extended_logistic,0.05,83,0.2616339508103544,2022
101888,2025-12,0,extended_logistic,0.05,84,0.2598788451198434,2022
100883,2025-12,0,extended_logistic,0.05,85,0.2588073743964436,2022
100967,2025-12,0,extended_logistic,0.05,86,0.2564225166196773,2022
101935,2025-12,0,extended_logistic,0.05,87,0.2541640629861106,2022
100787,2025-12,0,extended_logistic,0.05,88,0.2538289818548715,2022
101266,2025-12,0,extended_logistic,0.05,89,0.2533478964877384,2022
100446,2025-12,0,extended_logistic,0.05,90,0.2528062634623306,2022
100854,2025-12,0,extended_logistic,0.05,91,0.2527997599816862,2022
101776,2025-12,0,extended_logistic,0.05,92,0.2522913234562789,2022
101509,2025-12,0,extended_logistic,0.05,93,0.2501584011927456,2022
101104,2025-12,1,extended_logistic,0.05,94,0.2498181581773209,2022
102005,2025-12,0,extended_logistic,0.05,95,0.2496047357881859,2022
100773,2025-12,0,extended_logistic,0.05,96,0.249104569508973,2022
101721,2025-12,0,extended_logistic,0.05,97,0.2481911430393956,2022
101576,2025-12,1,extended_logistic,0.05,98,0.2478004409095361,2022
100175,2025-12,0,extended_logistic,0.05,99,0.246866942263785,2022
102079,2025-12,0,extended_logistic,0.05,100,0.2468428508391336,2022
102045,2025-12,1,extended_logistic,0.05,101,0.245862816865952,2022
101610,2025-12,0,extended_logistic,0.05,102,0.2450918203628298,2022
100587,2025-12,0,extended_logistic,0.1,1,0.4727527086818482,2022
101448,2025-12,1,extended_logistic,0.1,2,0.4173454912843101,2022
100233,2025-12,0,extended_logistic,0.1,3,0.4030440191180576,2022
100670,2025-12,1,extended_logistic,0.1,4,0.3886883344964985,2022
100034,2025-12,0,extended_logistic,0.1,5,0.3868800226156945,2022
100859,2025-12,0,extended_logistic,0.1,6,0.3851537423910039,2022
100485,2025-12,0,extended_logistic,0.1,7,0.3845321000115465,2022
100161,2025-12,1,extended_logistic,0.1,8,0.379513322332724,2022
100823,2025-12,1,extended_logistic,0.1,9,0.3783202358618027,2022
100968,2025-12,0,extended_logistic,0.1,10,0.3781329177203286,2022
100276,2025-12,1,extended_logistic,0.1,11,0.3773036988408279,2022
100123,2025-12,0,extended_logistic,0.1,12,0.3730617202450925,2022
101164,2025-12,0,extended_logistic,0.1,13,0.3699887831164958,2022
100592,2025-12,0,extended_logistic,0.1,14,0.3685094054820678,2022
101367,2025-12,0,extended_logistic,0.1,15,0.3640787835659602,2022
101613,2025-12,1,extended_logistic,0.1,16,0.3627648402705788,2022
100530,2025-12,0,extended_logistic,0.1,17,0.3626562191718744,2022
100875,2025-12,1,extended_logistic,0.1,18,0.3610121378379688,2022
100992,2025-12,1,extended_logistic,0.1,19,0.3608304861685044,2022
101471,2025-12,1,extended_logistic,0.1,20,0.3570618172548255,2022
100225,2025-12,0,extended_logistic,0.1,21,0.3539968490803393,2022
101011,2025-12,0,extended_logistic,0.1,22,0.3494753449914209,2022
102029,2025-12,0,extended_logistic,0.1,23,0.3490485930096868,2022
100361,2025-12,0,extended_logistic,0.1,24,0.3445261969325525,2022
100694,2025-12,0,extended_logistic,0.1,25,0.3423621235901031,2022
102037,2025-12,0,extended_logistic,0.1,26,0.3423223044793329,2022
101853,2025-12,0,extended_logistic,0.1,27,0.3397097431638108,2022
100130,2025-12,0,extended_logistic,0.1,28,0.3395882690824788,2022
101883,2025-12,1,extended_logistic,0.1,29,0.3392563448663913,2022
101393,2025-12,1,extended_logistic,0.1,30,0.3386402260231091,2022
101499,2025-12,1,extended_logistic,0.1,31,0.3372134138634138,2022
100849,2025-12,1,extended_logistic,0.1,32,0.328394904972757,2022
101280,2025-12,1,extended_logistic,0.1,33,0.3275703976193947,2022
101423,2025-12,0,extended_logistic,0.1,34,0.3253211101785164,2022
100610,2025-12,1,extended_logistic,0.1,35,0.3242658416871457,2022
100870,2025-12,0,extended_logistic,0.1,36,0.323991932828518,2022
101857,2025-12,1,extended_logistic,0.1,37,0.3180862138334828,2022
101379,2025-12,0,extended_logistic,0.1,38,0.3169310878826623,2022
101638,2025-12,0,extended_logistic,0.1,39,0.3140875581323439,2022
100298,2025-12,0,extended_logistic,0.1,40,0.3130162988755806,2022
101489,2025-12,0,extended_logistic,0.1,41,0.3097620442788059,2022
101343,2025-12,0,extended_logistic,0.1,42,0.308330536914983,2022
101527,2025-12,1,extended_logistic,0.1,43,0.3081972521217455,2022
101704,2025-12,1,extended_logistic,0.1,44,0.3075398791913293,2022
100698,2025-12,0,extended_logistic,0.1,45,0.3044509334368953,2022
101173,2025-12,0,extended_logistic,0.1,46,0.3040487801230485,2022
100238,2025-12,0,extended_logistic,0.1,47,0.2989803132843136,2022
100775,2025-12,1,extended_logistic,0.1,48,0.2967042410990475,2022
101322,2025-12,1,extended_logistic,0.1,49,0.2937811998947373,2022
100453,2025-12,1,extended_logistic,0.1,50,0.2908835839970128,2022
101950,2025-12,1,extended_logistic,0.1,51,0.2907150076171274,2022
100560,2025-12,1,extended_logistic,0.1,52,0.2895299907559583,2022
100661,2025-12,0,extended_logistic,0.1,53,0.2868020951396323,2022
100322,2025-12,0,extended_logistic,0.1,54,0.285448391631239,2022
101738,2025-12,1,extended_logistic,0.1,55,0.2848609449918557,2022
101928,2025-12,0,extended_logistic,0.1,56,0.2831907347382739,2022
101936,2025-12,0,extended_logistic,0.1,57,0.2828908828777161,2022
101811,2025-12,0,extended_logistic,0.1,58,0.2825250886571828,2022
101583,2025-12,0,extended_logistic,0.1,59,0.2820374092576478,2022
100334,2025-12,1,extended_logistic,0.1,60,0.281205733027758,2022
101285,2025-12,0,extended_logistic,0.1,61,0.2809435825755188,2022
101772,2025-12,0,extended_logistic,0.1,62,0.279200864485391,2022
100496,2025-12,0,extended_logistic,0.1,63,0.2785707193628507,2022
101672,2025-12,1,extended_logistic,0.1,64,0.2783251306900141,2022
100936,2025-12,0,extended_logistic,0.1,65,0.2774759561573255,2022
101569,2025-12,0,extended_logistic,0.1,66,0.2765250257428197,2022
101431,2025-12,1,extended_logistic,0.1,67,0.2755897070474247,2022
101474,2025-12,0,extended_logistic,0.1,68,0.2754654910309282,2022
100882,2025-12,0,extended_logistic,0.1,69,0.2739621169896293,2022
101629,2025-12,0,extended_logistic,0.1,70,0.2726147549229289,2022
101660,2025-12,1,extended_logistic,0.1,71,0.2723140100873035,2022
100017,2025-12,1,extended_logistic,0.1,72,0.2716007486202496,2022
100919,2025-12,0,extended_logistic,0.1,73,0.269829199601765,2022
101990,2025-12,0,extended_logistic,0.1,74,0.2682554639638858,2022
101726,2025-12,1,extended_logistic,0.1,75,0.2681201179699895,2022
100729,2025-12,1,extended_logistic,0.1,76,0.2675023173017115,2022
101798,2025-12,0,extended_logistic,0.1,77,0.2668610030231677,2022
100484,2025-12,0,extended_logistic,0.1,78,0.2651652551847249,2022
100686,2025-12,0,extended_logistic,0.1,79,0.2637883379462093,2022
101436,2025-12,1,extended_logistic,0.1,80,0.2636534658090817,2022
101320,2025-12,0,extended_logistic,0.1,81,0.2628308901139223,2022
100795,2025-12,0,extended_logistic,0.1,82,0.2617915888906397,2022
100427,2025-12,0,extended_logistic,0.1,83,0.2616339508103544,2022
101888,2025-12,0,extended_logistic,0.1,84,0.2598788451198434,2022
100883,2025-12,0,extended_logistic,0.1,85,0.2588073743964436,2022
100967,2025-12,0,extended_logistic,0.1,86,0.2564225166196773,2022
101935,2025-12,0,extended_logistic,0.1,87,0.2541640629861106,2022
100787,2025-12,0,extended_logistic,0.1,88,0.2538289818548715,2022
101266,2025-12,0,extended_logistic,0.1,89,0.2533478964877384,2022
100446,2025-12,0,extended_logistic,0.1,90,0.2528062634623306,2022
100854,2025-12,0,extended_logistic,0.1,91,0.2527997599816862,2022
101776,2025-12,0,extended_logistic,0.1,92,0.2522913234562789,2022
101509,2025-12,0,extended_logistic,0.1,93,0.2501584011927456,2022
101104,2025-12,1,extended_logistic,0.1,94,0.2498181581773209,2022
102005,2025-12,0,extended_logistic,0.1,95,0.2496047357881859,2022
100773,2025-12,0,extended_logistic,0.1,96,0.249104569508973,2022
101721,2025-12,0,extended_logistic,0.1,97,0.2481911430393956,2022
101576,2025-12,1,extended_logistic,0.1,98,0.2478004409095361,2022
100175,2025-12,0,extended_logistic,0.1,99,0.246866942263785,2022
102079,2025-12,0,extended_logistic,0.1,100,0.2468428508391336,2022
102045,2025-12,1,extended_logistic,0.1,101,0.245862816865952,2022
101610,2025-12,0,extended_logistic,0.1,102,0.2450918203628298,2022
100704,2025-12,0,extended_logistic,0.1,103,0.244272389019962,2022
101692,2025-12,0,extended_logistic,0.1,104,0.2442242467993991,2022
101909,2025-12,0,extended_logistic,0.1,105,0.2441883341278532,2022
101951,2025-12,0,extended_logistic,0.1,106,0.2441464641840867,2022
102075,2025-12,0,extended_logistic,0.1,107,0.2428169654552793,2022
100425,2025-12,1,extended_logistic,0.1,108,0.2427503084741539,2022
101790,2025-12,0,extended_logistic,0.1,109,0.2418103707027283,2022
100665,2025-12,0,extended_logistic,0.1,110,0.2407658000033263,2022
101036,2025-12,0,extended_logistic,0.1,111,0.2394761932314762,2022
102067,2025-12,0,extended_logistic,0.1,112,0.2392446480401823,2022
101312,2025-12,1,extended_logistic,0.1,113,0.2375966506856592,2022
100573,2025-12,1,extended_logistic,0.1,114,0.2369548275527751,2022
100073,2025-12,1,extended_logistic,0.1,115,0.2354835650927309,2022
100296,2025-12,0,extended_logistic,0.1,116,0.2352509006565951,2022
100459,2025-12,0,extended_logistic,0.1,117,0.2349727932330192,2022
100672,2025-12,0,extended_logistic,0.1,118,0.2347319443325966,2022
101414,2025-12,0,extended_logistic,0.1,119,0.2347212032419614,2022
100745,2025-12,0,extended_logistic,0.1,120,0.2342330636920191,2022
100189,2025-12,0,extended_logistic,0.1,121,0.2334691982607103,2022
100662,2025-12,0,extended_logistic,0.1,122,0.2327357699683008,2022
100752,2025-12,0,extended_logistic,0.1,123,0.2310025349137098,2022
101639,2025-12,0,extended_logistic,0.1,124,0.2295395304873856,2022
100297,2025-12,0,extended_logistic,0.1,125,0.2293893294012247,2022
100275,2025-12,1,extended_logistic,0.1,126,0.2293043045100785,2022
100608,2025-12,0,extended_logistic,0.1,127,0.2292695588313157,2022
100543,2025-12,0,extended_logistic,0.1,128,0.2287506111615818,2022
101119,2025-12,0,extended_logistic,0.1,129,0.2283891375031874,2022
101078,2025-12,0,extended_logistic,0.1,130,0.22701200878658,2022
101971,2025-12,0,extended_logistic,0.1,131,0.2263380294631079,2022
101825,2025-12,0,extended_logistic,0.1,132,0.2263249013669128,2022
100422,2025-12,1,extended_logistic,0.1,133,0.2245600049054588,2022
101647,2025-12,0,extended_logistic,0.1,134,0.2242881560658251,2022
100214,2025-12,0,extended_logistic,0.1,135,0.223217610286812,2022
100623,2025-12,0,extended_logistic,0.1,136,0.2215478177026935,2022
101628,2025-12,0,extended_logistic,0.1,137,0.2214699171059559,2022
101223,2025-12,0,extended_logistic,0.1,138,0.22119068068111,2022
101783,2025-12,0,extended_logistic,0.1,139,0.2197260420413212,2022
100390,2025-12,0,extended_logistic,0.1,140,0.2187407809074915,2022
100224,2025-12,0,extended_logistic,0.1,141,0.2177408552613879,2022
100585,2025-12,0,extended_logistic,0.1,142,0.2172355613301303,2022
101232,2025-12,0,extended_logistic,0.1,143,0.2162236372607898,2022
101077,2025-12,0,extended_logistic,0.1,144,0.2152401863612567,2022
101102,2025-12,0,extended_logistic,0.1,145,0.2147458154351284,2022
101154,2025-12,1,extended_logistic,0.1,146,0.2141326528812129,2022
101181,2025-12,0,extended_logistic,0.1,147,0.2136035516506825,2022
101712,2025-12,0,extended_logistic,0.1,148,0.2135870381293496,2022
101215,2025-12,0,extended_logistic,0.1,149,0.2129953135841847,2022
100899,2025-12,0,extended_logistic,0.1,150,0.2127135983591365,2022
101415,2025-12,0,extended_logistic,0.1,151,0.2126413326108525,2022
101922,2025-12,0,extended_logistic,0.1,152,0.211732159942942,2022
101829,2025-12,0,extended_logistic,0.1,153,0.2113507970364607,2022
101175,2025-12,1,extended_logistic,0.1,154,0.210674142565271,2022
101854,2025-12,0,extended_logistic,0.1,155,0.2103117064538306,2022
101045,2025-12,0,extended_logistic,0.1,156,0.20963685995845,2022
101124,2025-12,1,extended_logistic,0.1,157,0.2091822593795417,2022
102027,2025-12,0,extended_logistic,0.1,158,0.2091208384083883,2022
101952,2025-12,0,extended_logistic,0.1,159,0.2090990198261943,2022
101395,2025-12,0,extended_logistic,0.1,160,0.209076518446161,2022
102012,2025-12,0,extended_logistic,0.1,161,0.2090739729091165,2022
100010,2025-12,0,extended_logistic,0.1,162,0.2084789954808522,2022
100884,2025-12,0,extended_logistic,0.1,163,0.2079442266947301,2022
102089,2025-12,0,extended_logistic,0.1,164,0.2059830227969096,2022
102049,2025-12,0,extended_logistic,0.1,165,0.2059348365443781,2022
101137,2025-12,0,extended_logistic,0.1,166,0.2057978419330081,2022
100923,2025-12,0,extended_logistic,0.1,167,0.2054583160234945,2022
101927,2025-12,1,extended_logistic,0.1,168,0.2048403644194297,2022
101087,2025-12,1,extended_logistic,0.1,169,0.2043732593130034,2022
100985,2025-12,0,extended_logistic,0.1,170,0.2043588823730654,2022
101246,2025-12,0,extended_logistic,0.1,171,0.2032274496377359,2022
102069,2025-12,0,extended_logistic,0.1,172,0.202846751323718,2022
101332,2025-12,0,extended_logistic,0.1,173,0.2021045458003498,2022
100636,2025-12,0,extended_logistic,0.1,174,0.2018999309033291,2022
101987,2025-12,0,extended_logistic,0.1,175,0.2017365472298153,2022
101140,2025-12,1,extended_logistic,0.1,176,0.2013571641002094,2022
101543,2025-12,0,extended_logistic,0.1,177,0.2009362037209036,2022
101139,2025-12,0,extended_logistic,0.1,178,0.2005741875035911,2022
100626,2025-12,0,extended_logistic,0.1,179,0.199702784650842,2022
101259,2025-12,0,extended_logistic,0.1,180,0.1996675947655352,2022
102090,2025-12,0,extended_logistic,0.1,181,0.1996278681779836,2022
100206,2025-12,0,extended_logistic,0.1,182,0.1986085699674448,2022
101449,2025-12,0,extended_logistic,0.1,183,0.1982489176357249,2022
100747,2025-12,0,extended_logistic,0.1,184,0.1979157135461718,2022
101724,2025-12,0,extended_logistic,0.1,185,0.1975691412356529,2022
100487,2025-12,0,extended_logistic,0.1,186,0.196796717238642,2022
100564,2025-12,0,extended_logistic,0.1,187,0.1967877512384917,2022
100148,2025-12,1,extended_logistic,0.1,188,0.1945402305797033,2022
101466,2025-12,0,extended_logistic,0.1,189,0.1941505449533517,2022
100817,2025-12,0,extended_logistic,0.1,190,0.1937798226928117,2022
101464,2025-12,1,extended_logistic,0.1,191,0.1935112439505148,2022
100029,2025-12,0,extended_logistic,0.1,192,0.1933774328094245,2022
101837,2025-12,0,extended_logistic,0.1,193,0.1927477615708418,2022
100341,2025-12,0,extended_logistic,0.1,194,0.1919528206555338,2022
100356,2025-12,0,extended_logistic,0.1,195,0.1916236789420261,2022
101838,2025-12,0,extended_logistic,0.1,196,0.1913325123856938,2022
101287,2025-12,0,extended_logistic,0.1,197,0.1907222468324426,2022
100286,2025-12,1,extended_logistic,0.1,198,0.1907133981626367,2022
100466,2025-12,0,extended_logistic,0.1,199,0.1900137710052228,2022
100943,2025-12,0,extended_logistic,0.1,200,0.1893574588462091,2022
101573,2025-12,0,extended_logistic,0.1,201,0.1886812286359466,2022
101325,2025-12,1,extended_logistic,0.1,202,0.1886205486268291,2022
100044,2025-12,0,extended_logistic,0.1,203,0.1875003702545208,2022
100587,2025-12,0,extended_logistic,0.2,1,0.4727527086818482,2022
101448,2025-12,1,extended_logistic,0.2,2,0.4173454912843101,2022
100233,2025-12,0,extended_logistic,0.2,3,0.4030440191180576,2022
100670,2025-12,1,extended_logistic,0.2,4,0.3886883344964985,2022
100034,2025-12,0,extended_logistic,0.2,5,0.3868800226156945,2022
100859,2025-12,0,extended_logistic,0.2,6,0.3851537423910039,2022
100485,2025-12,0,extended_logistic,0.2,7,0.3845321000115465,2022
100161,2025-12,1,extended_logistic,0.2,8,0.379513322332724,2022
100823,2025-12,1,extended_logistic,0.2,9,0.3783202358618027,2022
100968,2025-12,0,extended_logistic,0.2,10,0.3781329177203286,2022
100276,2025-12,1,extended_logistic,0.2,11,0.3773036988408279,2022
100123,2025-12,0,extended_logistic,0.2,12,0.3730617202450925,2022
101164,2025-12,0,extended_logistic,0.2,13,0.3699887831164958,2022
100592,2025-12,0,extended_logistic,0.2,14,0.3685094054820678,2022
101367,2025-12,0,extended_logistic,0.2,15,0.3640787835659602,2022
101613,2025-12,1,extended_logistic,0.2,16,0.3627648402705788,2022
100530,2025-12,0,extended_logistic,0.2,17,0.3626562191718744,2022
100875,2025-12,1,extended_logistic,0.2,18,0.3610121378379688,2022
100992,2025-12,1,extended_logistic,0.2,19,0.3608304861685044,2022
101471,2025-12,1,extended_logistic,0.2,20,0.3570618172548255,2022
100225,2025-12,0,extended_logistic,0.2,21,0.3539968490803393,2022
101011,2025-12,0,extended_logistic,0.2,22,0.3494753449914209,2022
102029,2025-12,0,extended_logistic,0.2,23,0.3490485930096868,2022
100361,2025-12,0,extended_logistic,0.2,24,0.3445261969325525,2022
100694,2025-12,0,extended_logistic,0.2,25,0.3423621235901031,2022
102037,2025-12,0,extended_logistic,0.2,26,0.3423223044793329,2022
101853,2025-12,0,extended_logistic,0.2,27,0.3397097431638108,2022
100130,2025-12,0,extended_logistic,0.2,28,0.3395882690824788,2022
101883,2025-12,1,extended_logistic,0.2,29,0.3392563448663913,2022
101393,2025-12,1,extended_logistic,0.2,30,0.3386402260231091,2022
101499,2025-12,1,extended_logistic,0.2,31,0.3372134138634138,2022
100849,2025-12,1,extended_logistic,0.2,32,0.328394904972757,2022
101280,2025-12,1,extended_logistic,0.2,33,0.3275703976193947,2022
101423,2025-12,0,extended_logistic,0.2,34,0.3253211101785164,2022
100610,2025-12,1,extended_logistic,0.2,35,0.3242658416871457,2022
100870,2025-12,0,extended_logistic,0.2,36,0.323991932828518,2022
101857,2025-12,1,extended_logistic,0.2,37,0.3180862138334828,2022
101379,2025-12,0,extended_logistic,0.2,38,0.3169310878826623,2022
101638,2025-12,0,extended_logistic,0.2,39,0.3140875581323439,2022
100298,2025-12,0,extended_logistic,0.2,40,0.3130162988755806,2022
101489,2025-12,0,extended_logistic,0.2,41,0.3097620442788059,2022
101343,2025-12,0,extended_logistic,0.2,42,0.308330536914983,2022
101527,2025-12,1,extended_logistic,0.2,43,0.3081972521217455,2022
101704,2025-12,1,extended_logistic,0.2,44,0.3075398791913293,2022
100698,2025-12,0,extended_logistic,0.2,45,0.3044509334368953,2022
101173,2025-12,0,extended_logistic,0.2,46,0.3040487801230485,2022
100238,2025-12,0,extended_logistic,0.2,47,0.2989803132843136,2022
100775,2025-12,1,extended_logistic,0.2,48,0.2967042410990475,2022
101322,2025-12,1,extended_logistic,0.2,49,0.2937811998947373,2022
100453,2025-12,1,extended_logistic,0.2,50,0.2908835839970128,2022
101950,2025-12,1,extended_logistic,0.2,51,0.2907150076171274,2022
100560,2025-12,1,extended_logistic,0.2,52,0.2895299907559583,2022
100661,2025-12,0,extended_logistic,0.2,53,0.2868020951396323,2022
100322,2025-12,0,extended_logistic,0.2,54,0.285448391631239,2022
101738,2025-12,1,extended_logistic,0.2,55,0.2848609449918557,2022
101928,2025-12,0,extended_logistic,0.2,56,0.2831907347382739,2022
101936,2025-12,0,extended_logistic,0.2,57,0.2828908828777161,2022
101811,2025-12,0,extended_logistic,0.2,58,0.2825250886571828,2022
101583,2025-12,0,extended_logistic,0.2,59,0.2820374092576478,2022
100334,2025-12,1,extended_logistic,0.2,60,0.281205733027758,2022
101285,2025-12,0,extended_logistic,0.2,61,0.2809435825755188,2022
101772,2025-12,0,extended_logistic,0.2,62,0.279200864485391,2022
100496,2025-12,0,extended_logistic,0.2,63,0.2785707193628507,2022
101672,2025-12,1,extended_logistic,0.2,64,0.2783251306900141,2022
100936,2025-12,0,extended_logistic,0.2,65,0.2774759561573255,2022
101569,2025-12,0,extended_logistic,0.2,66,0.2765250257428197,2022
101431,2025-12,1,extended_logistic,0.2,67,0.2755897070474247,2022
101474,2025-12,0,extended_logistic,0.2,68,0.2754654910309282,2022
100882,2025-12,0,extended_logistic,0.2,69,0.2739621169896293,2022
101629,2025-12,0,extended_logistic,0.2,70,0.2726147549229289,2022
101660,2025-12,1,extended_logistic,0.2,71,0.2723140100873035,2022
100017,2025-12,1,extended_logistic,0.2,72,0.2716007486202496,2022
100919,2025-12,0,extended_logistic,0.2,73,0.269829199601765,2022
101990,2025-12,0,extended_logistic,0.2,74,0.2682554639638858,2022
101726,2025-12,1,extended_logistic,0.2,75,0.2681201179699895,2022
100729,2025-12,1,extended_logistic,0.2,76,0.2675023173017115,2022
101798,2025-12,0,extended_logistic,0.2,77,0.2668610030231677,2022
100484,2025-12,0,extended_logistic,0.2,78,0.2651652551847249,2022
100686,2025-12,0,extended_logistic,0.2,79,0.2637883379462093,2022
101436,2025-12,1,extended_logistic,0.2,80,0.2636534658090817,2022
101320,2025-12,0,extended_logistic,0.2,81,0.2628308901139223,2022
100795,2025-12,0,extended_logistic,0.2,82,0.2617915888906397,2022
100427,2025-12,0,extended_logistic,0.2,83,0.2616339508103544,2022
101888,2025-12,0,extended_logistic,0.2,84,0.2598788451198434,2022
100883,2025-12,0,extended_logistic,0.2,85,0.2588073743964436,2022
100967,2025-12,0,extended_logistic,0.2,86,0.2564225166196773,2022
101935,2025-12,0,extended_logistic,0.2,87,0.2541640629861106,2022
100787,2025-12,0,extended_logistic,0.2,88,0.2538289818548715,2022
101266,2025-12,0,extended_logistic,0.2,89,0.2533478964877384,2022
100446,2025-12,0,extended_logistic,0.2,90,0.2528062634623306,2022
100854,2025-12,0,extended_logistic,0.2,91,0.2527997599816862,2022
101776,2025-12,0,extended_logistic,0.2,92,0.2522913234562789,2022
101509,2025-12,0,extended_logistic,0.2,93,0.2501584011927456,2022
101104,2025-12,1,extended_logistic,0.2,94,0.2498181581773209,2022
102005,2025-12,0,extended_logistic,0.2,95,0.2496047357881859,2022
100773,2025-12,0,extended_logistic,0.2,96,0.249104569508973,2022
101721,2025-12,0,extended_logistic,0.2,97,0.2481911430393956,2022
101576,2025-12,1,extended_logistic,0.2,98,0.2478004409095361,2022
100175,2025-12,0,extended_logistic,0.2,99,0.246866942263785,2022
102079,2025-12,0,extended_logistic,0.2,100,0.2468428508391336,2022
102045,2025-12,1,extended_logistic,0.2,101,0.245862816865952,2022
101610,2025-12,0,extended_logistic,0.2,102,0.2450918203628298,2022
100704,2025-12,0,extended_logistic,0.2,103,0.244272389019962,2022
101692,2025-12,0,extended_logistic,0.2,104,0.2442242467993991,2022
101909,2025-12,0,extended_logistic,0.2,105,0.2441883341278532,2022
101951,2025-12,0,extended_logistic,0.2,106,0.2441464641840867,2022
102075,2025-12,0,extended_logistic,0.2,107,0.2428169654552793,2022
100425,2025-12,1,extended_logistic,0.2,108,0.2427503084741539,2022
101790,2025-12,0,extended_logistic,0.2,109,0.2418103707027283,2022
100665,2025-12,0,extended_logistic,0.2,110,0.2407658000033263,2022
101036,2025-12,0,extended_logistic,0.2,111,0.2394761932314762,2022
102067,2025-12,0,extended_logistic,0.2,112,0.2392446480401823,2022
101312,2025-12,1,extended_logistic,0.2,113,0.2375966506856592,2022
100573,2025-12,1,extended_logistic,0.2,114,0.2369548275527751,2022
100073,2025-12,1,extended_logistic,0.2,115,0.2354835650927309,2022
100296,2025-12,0,extended_logistic,0.2,116,0.2352509006565951,2022
100459,2025-12,0,extended_logistic,0.2,117,0.2349727932330192,2022
100672,2025-12,0,extended_logistic,0.2,118,0.2347319443325966,2022
101414,2025-12,0,extended_logistic,0.2,119,0.2347212032419614,2022
100745,2025-12,0,extended_logistic,0.2,120,0.2342330636920191,2022
100189,2025-12,0,extended_logistic,0.2,121,0.2334691982607103,2022
100662,2025-12,0,extended_logistic,0.2,122,0.2327357699683008,2022
100752,2025-12,0,extended_logistic,0.2,123,0.2310025349137098,2022
101639,2025-12,0,extended_logistic,0.2,124,0.2295395304873856,2022
100297,2025-12,0,extended_logistic,0.2,125,0.2293893294012247,2022
100275,2025-12,1,extended_logistic,0.2,126,0.2293043045100785,2022
100608,2025-12,0,extended_logistic,0.2,127,0.2292695588313157,2022
100543,2025-12,0,extended_logistic,0.2,128,0.2287506111615818,2022
101119,2025-12,0,extended_logistic,0.2,129,0.2283891375031874,2022
101078,2025-12,0,extended_logistic,0.2,130,0.22701200878658,2022
101971,2025-12,0,extended_logistic,0.2,131,0.2263380294631079,2022
101825,2025-12,0,extended_logistic,0.2,132,0.2263249013669128,2022
100422,2025-12,1,extended_logistic,0.2,133,0.2245600049054588,2022
101647,2025-12,0,extended_logistic,0.2,134,0.2242881560658251,2022
100214,2025-12,0,extended_logistic,0.2,135,0.223217610286812,2022
100623,2025-12,0,extended_logistic,0.2,136,0.2215478177026935,2022
101628,2025-12,0,extended_logistic,0.2,137,0.2214699171059559,2022
101223,2025-12,0,extended_logistic,0.2,138,0.22119068068111,2022
101783,2025-12,0,extended_logistic,0.2,139,0.2197260420413212,2022
100390,2025-12,0,extended_logistic,0.2,140,0.2187407809074915,2022
100224,2025-12,0,extended_logistic,0.2,141,0.2177408552613879,2022
100585,2025-12,0,extended_logistic,0.2,142,0.2172355613301303,2022
101232,2025-12,0,extended_logistic,0.2,143,0.2162236372607898,2022
101077,2025-12,0,extended_logistic,0.2,144,0.2152401863612567,2022
101102,2025-12,0,extended_logistic,0.2,145,0.2147458154351284,2022
101154,2025-12,1,extended_logistic,0.2,146,0.2141326528812129,2022
101181,2025-12,0,extended_logistic,0.2,147,0.2136035516506825,2022
101712,2025-12,0,extended_logistic,0.2,148,0.2135870381293496,2022
101215,2025-12,0,extended_logistic,0.2,149,0.2129953135841847,2022
100899,2025-12,0,extended_logistic,0.2,150,0.2127135983591365,2022
101415,2025-12,0,extended_logistic,0.2,151,0.2126413326108525,2022
101922,2025-12,0,extended_logistic,0.2,152,0.211732159942942,2022
101829,2025-12,0,extended_logistic,0.2,153,0.2113507970364607,2022
101175,2025-12,1,extended_logistic,0.2,154,0.210674142565271,2022
101854,2025-12,0,extended_logistic,0.2,155,0.2103117064538306,2022
101045,2025-12,0,extended_logistic,0.2,156,0.20963685995845,2022
101124,2025-12,1,extended_logistic,0.2,157,0.2091822593795417,2022
102027,2025-12,0,extended_logistic,0.2,158,0.2091208384083883,2022
101952,2025-12,0,extended_logistic,0.2,159,0.2090990198261943,2022
101395,2025-12,0,extended_logistic,0.2,160,0.209076518446161,2022
102012,2025-12,0,extended_logistic,0.2,161,0.2090739729091165,2022
100010,2025-12,0,extended_logistic,0.2,162,0.2084789954808522,2022
100884,2025-12,0,extended_logistic,0.2,163,0.2079442266947301,2022
102089,2025-12,0,extended_logistic,0.2,164,0.2059830227969096,2022
102049,2025-12,0,extended_logistic,0.2,165,0.2059348365443781,2022
101137,2025-12,0,extended_logistic,0.2,166,0.2057978419330081,2022
100923,2025-12,0,extended_logistic,0.2,167,0.2054583160234945,2022
101927,2025-12,1,extended_logistic,0.2,168,0.2048403644194297,2022
101087,2025-12,1,extended_logistic,0.2,169,0.2043732593130034,2022
100985,2025-12,0,extended_logistic,0.2,170,0.2043588823730654,2022
101246,2025-12,0,extended_logistic,0.2,171,0.2032274496377359,2022
102069,2025-12,0,extended_logistic,0.2,172,0.202846751323718,2022
101332,2025-12,0,extended_logistic,0.2,173,0.2021045458003498,2022
100636,2025-12,0,extended_logistic,0.2,174,0.2018999309033291,2022
101987,2025-12,0,extended_logistic,0.2,175,0.2017365472298153,2022
101140,2025-12,1,extended_logistic,0.2,176,0.2013571641002094,2022
101543,2025-12,0,extended_logistic,0.2,177,0.2009362037209036,2022
101139,2025-12,0,extended_logistic,0.2,178,0.2005741875035911,2022
100626,2025-12,0,extended_logistic,0.2,179,0.199702784650842,2022
101259,2025-12,0,extended_logistic,0.2,180,0.1996675947655352,2022
102090,2025-12,0,extended_logistic,0.2,181,0.1996278681779836,2022
100206,2025-12,0,extended_logistic,0.2,182,0.1986085699674448,2022
101449,2025-12,0,extended_logistic,0.2,183,0.1982489176357249,2022
100747,2025-12,0,extended_logistic,0.2,184,0.1979157135461718,2022
101724,2025-12,0,extended_logistic,0.2,185,0.1975691412356529,2022
100487,2025-12,0,extended_logistic,0.2,186,0.196796717238642,2022
100564,2025-12,0,extended_logistic,0.2,187,0.1967877512384917,2022
100148,2025-12,1,extended_logistic,0.2,188,0.1945402305797033,2022
101466,2025-12,0,extended_logistic,0.2,189,0.1941505449533517,2022
100817,2025-12,0,extended_logistic,0.2,190,0.1937798226928117,2022
101464,2025-12,1,extended_logistic,0.2,191,0.1935112439505148,2022
100029,2025-12,0,extended_logistic,0.2,192,0.1933774328094245,2022
101837,2025-12,0,extended_logistic,0.2,193,0.1927477615708418,2022
100341,2025-12,0,extended_logistic,0.2,194,0.1919528206555338,2022
100356,2025-12,0,extended_logistic,0.2,195,0.1916236789420261,2022
101838,2025-12,0,extended_logistic,0.2,196,0.1913325123856938,2022
101287,2025-12,0,extended_logistic,0.2,197,0.1907222468324426,2022
100286,2025-12,1,extended_logistic,0.2,198,0.1907133981626367,2022
100466,2025-12,0,extended_logistic,0.2,199,0.1900137710052228,2022
100943,2025-12,0,extended_logistic,0.2,200,0.1893574588462091,2022
101573,2025-12,0,extended_logistic,0.2,201,0.1886812286359466,2022
101325,2025-12,1,extended_logistic,0.2,202,0.1886205486268291,2022
100044,2025-12,0,extended_logistic,0.2,203,0.1875003702545208,2022
101256,2025-12,0,extended_logistic,0.2,204,0.186793074594655,2022
101298,2025-12,0,extended_logistic,0.2,205,0.1863252321277864,2022
102058,2025-12,0,extended_logistic,0.2,206,0.186248339755738,2022
101179,2025-12,1,extended_logistic,0.2,207,0.1860938901981701,2022
101309,2025-12,0,extended_logistic,0.2,208,0.1857626609905742,2022
101044,2025-12,1,extended_logistic,0.2,209,0.1854108534584942,2022
101338,2025-12,0,extended_logistic,0.2,210,0.1848574863956587,2022
100848,2025-12,0,extended_logistic,0.2,211,0.1843237884140516,2022
101709,2025-12,0,extended_logistic,0.2,212,0.1839681568414455,2022
100509,2025-12,0,extended_logistic,0.2,213,0.1838993771869118,2022
101805,2025-12,1,extended_logistic,0.2,214,0.1838860507274143,2022
101160,2025-12,0,extended_logistic,0.2,215,0.1837524185694399,2022
100913,2025-12,0,extended_logistic,0.2,216,0.1827464548973408,2022
101001,2025-12,0,extended_logistic,0.2,217,0.182653380924334,2022
101382,2025-12,0,extended_logistic,0.2,218,0.1824316302653839,2022
100128,2025-12,0,extended_logistic,0.2,219,0.1819720243085847,2022
100441,2025-12,0,extended_logistic,0.2,220,0.1810951472277665,2022
101823,2025-12,1,extended_logistic,0.2,221,0.1809223862612584,2022
100303,2025-12,0,extended_logistic,0.2,222,0.1809001159946353,2022
100448,2025-12,0,extended_logistic,0.2,223,0.1807422479433254,2022
100946,2025-12,0,extended_logistic,0.2,224,0.1805110377281235,2022
100774,2025-12,0,extended_logistic,0.2,225,0.1799759092084925,2022
101009,2025-12,0,extended_logistic,0.2,226,0.1799711146102708,2022
101944,2025-12,0,extended_logistic,0.2,227,0.1798786538563133,2022
100929,2025-12,1,extended_logistic,0.2,228,0.1797247271003049,2022
101831,2025-12,0,extended_logistic,0.2,229,0.1796114542425437,2022
101723,2025-12,0,extended_logistic,0.2,230,0.1792349815798119,2022
101761,2025-12,0,extended_logistic,0.2,231,0.1791545205772114,2022
100794,2025-12,0,extended_logistic,0.2,232,0.1784946434971608,2022
101277,2025-12,0,extended_logistic,0.2,233,0.1784495507450536,2022
101598,2025-12,0,extended_logistic,0.2,234,0.1784389802172475,2022
101953,2025-12,0,extended_logistic,0.2,235,0.1782512578184628,2022
102078,2025-12,0,extended_logistic,0.2,236,0.1782162316319439,2022
101219,2025-12,0,extended_logistic,0.2,237,0.1775056193052077,2022
101821,2025-12,0,extended_logistic,0.2,238,0.1763502259335282,2022
101589,2025-12,0,extended_logistic,0.2,239,0.1754146317193642,2022
101636,2025-12,0,extended_logistic,0.2,240,0.1742321763384247,2022
100052,2025-12,0,extended_logistic,0.2,241,0.1739820165005271,2022
102007,2025-12,0,extended_logistic,0.2,242,0.1734242764800965,2022
100876,2025-12,1,extended_logistic,0.2,243,0.1730128687037979,2022
101505,2025-12,0,extended_logistic,0.2,244,0.1727081683181336,2022
101642,2025-12,1,extended_logistic,0.2,245,0.1724783976156091,2022
102080,2025-12,0,extended_logistic,0.2,246,0.1724273820248006,2022
100869,2025-12,0,extended_logistic,0.2,247,0.1720916626240791,2022
101826,2025-12,0,extended_logistic,0.2,248,0.1720463341523428,2022
101447,2025-12,0,extended_logistic,0.2,249,0.1717194393789504,2022
101031,2025-12,1,extended_logistic,0.2,250,0.1714597434800088,2022
100605,2025-12,0,extended_logistic,0.2,251,0.1713896170579924,2022
100066,2025-12,0,extended_logistic,0.2,252,0.1713144434854474,2022
101905,2025-12,0,extended_logistic,0.2,253,0.1708744674393343,2022
101881,2025-12,0,extended_logistic,0.2,254,0.1707283135815265,2022
101302,2025-12,0,extended_logistic,0.2,255,0.1705509863561422,2022
100056,2025-12,0,extended_logistic,0.2,256,0.1704923895089138,2022
100744,2025-12,0,extended_logistic,0.2,257,0.1689046024265227,2022
100627,2025-12,0,extended_logistic,0.2,258,0.1682743648050305,2022
100032,2025-12,0,extended_logistic,0.2,259,0.1682656802919497,2022
100903,2025-12,0,extended_logistic,0.2,260,0.1681041251398805,2022
102077,2025-12,0,extended_logistic,0.2,261,0.1670959378268577,2022
100469,2025-12,0,extended_logistic,0.2,262,0.1670755165361644,2022
101492,2025-12,0,extended_logistic,0.2,263,0.1670612862547818,2022
101336,2025-12,0,extended_logistic,0.2,264,0.1666257356741248,2022
101392,2025-12,0,extended_logistic,0.2,265,0.1665364529919193,2022
101736,2025-12,1,extended_logistic,0.2,266,0.1660926499646101,2022
101948,2025-12,1,extended_logistic,0.2,267,0.1653492109775808,2022
101579,2025-12,0,extended_logistic,0.2,268,0.1649442672533972,2022
100311,2025-12,0,extended_logistic,0.2,269,0.1642579651216653,2022
100283,2025-12,0,extended_logistic,0.2,270,0.1638067987240873,2022
100210,2025-12,0,extended_logistic,0.2,271,0.1630118459572017,2022
101901,2025-12,0,extended_logistic,0.2,272,0.1627932108537101,2022
101507,2025-12,0,extended_logistic,0.2,273,0.1623615112745149,2022
100723,2025-12,0,extended_logistic,0.2,274,0.1617153326124942,2022
101369,2025-12,0,extended_logistic,0.2,275,0.1613084727684815,2022
101035,2025-12,0,extended_logistic,0.2,276,0.1606781147872509,2022
100170,2025-12,0,extended_logistic,0.2,277,0.1605010754381911,2022
100288,2025-12,0,extended_logistic,0.2,278,0.1602566943904317,2022
100308,2025-12,0,extended_logistic,0.2,279,0.1597759639534648,2022
100270,2025-12,0,extended_logistic,0.2,280,0.1597019617250025,2022
100653,2025-12,0,extended_logistic,0.2,281,0.1593623527157744,2022
100242,2025-12,0,extended_logistic,0.2,282,0.1592621789689707,2022
101824,2025-12,0,extended_logistic,0.2,283,0.1590634841440957,2022
101125,2025-12,0,extended_logistic,0.2,284,0.1586530307126693,2022
101348,2025-12,1,extended_logistic,0.2,285,0.1579186786297389,2022
100272,2025-12,0,extended_logistic,0.2,286,0.1577659202697192,2022
100944,2025-12,0,extended_logistic,0.2,287,0.1575964280762087,2022
101461,2025-12,0,extended_logistic,0.2,288,0.1574847067011001,2022
100229,2025-12,0,extended_logistic,0.2,289,0.1571921717565057,2022
102096,2025-12,0,extended_logistic,0.2,290,0.1569423678067322,2022
100736,2025-12,1,extended_logistic,0.2,291,0.1563416392955585,2022
101446,2025-12,0,extended_logistic,0.2,292,0.1563359632437025,2022
100393,2025-12,0,extended_logistic,0.2,293,0.156108717855682,2022
100777,2025-12,0,extended_logistic,0.2,294,0.1561055720527952,2022
101719,2025-12,0,extended_logistic,0.2,295,0.1557445082470967,2022
102009,2025-12,0,extended_logistic,0.2,296,0.1555135563548622,2022
101749,2025-12,0,extended_logistic,0.2,297,0.1551876030691917,2022
102001,2025-12,0,extended_logistic,0.2,298,0.1549992783504269,2022
101561,2025-12,0,extended_logistic,0.2,299,0.1549357989785862,2022
100324,2025-12,1,extended_logistic,0.2,300,0.1544251156273278,2022
102046,2025-12,0,extended_logistic,0.2,301,0.1543726423287811,2022
101282,2025-12,0,extended_logistic,0.2,302,0.1541804063946294,2022
100243,2025-12,0,extended_logistic,0.2,303,0.1538852917904576,2022
101623,2025-12,1,extended_logistic,0.2,304,0.1535669601767315,2022
100151,2025-12,0,extended_logistic,0.2,305,0.1527361174857235,2022
100508,2025-12,0,extended_logistic,0.2,306,0.1526641010800379,2022
100727,2025-12,1,extended_logistic,0.2,307,0.1520033061505481,2022
101377,2025-12,0,extended_logistic,0.2,308,0.1518180618131427,2022
101272,2025-12,0,extended_logistic,0.2,309,0.1516903888902098,2022
101886,2025-12,0,extended_logistic,0.2,310,0.1512353493038779,2022
101457,2025-12,0,extended_logistic,0.2,311,0.1507613243029425,2022
100239,2025-12,0,extended_logistic,0.2,312,0.1500912206043329,2022
100873,2025-12,0,extended_logistic,0.2,313,0.1500079229887409,2022
100115,2025-12,0,extended_logistic,0.2,314,0.1496831960114172,2022
100696,2025-12,0,extended_logistic,0.2,315,0.1495353906857689,2022
100519,2025-12,0,extended_logistic,0.2,316,0.1494396277115585,2022
101895,2025-12,0,extended_logistic,0.2,317,0.1494236760097909,2022
100714,2025-12,0,extended_logistic,0.2,318,0.1494074698960119,2022
101885,2025-12,0,extended_logistic,0.2,319,0.1488719528181427,2022
101767,2025-12,0,extended_logistic,0.2,320,0.148781278721464,2022
101763,2025-12,1,extended_logistic,0.2,321,0.1487536122084536,2022
101866,2025-12,0,extended_logistic,0.2,322,0.148221462483196,2022
100644,2025-12,0,extended_logistic,0.2,323,0.1480584434962541,2022
100878,2025-12,0,extended_logistic,0.2,324,0.1480082209246713,2022
101162,2025-12,0,extended_logistic,0.2,325,0.147950445634652,2022
100531,2025-12,0,extended_logistic,0.2,326,0.147716784649935,2022
101551,2025-12,0,extended_logistic,0.2,327,0.147604089902956,2022
100846,2025-12,0,extended_logistic,0.2,328,0.1467223238631645,2022
101945,2025-12,1,extended_logistic,0.2,329,0.1465998530396359,2022
100818,2025-12,0,extended_logistic,0.2,330,0.1462447657961605,2022
101112,2025-12,0,extended_logistic,0.2,331,0.1459117755740079,2022
101713,2025-12,0,extended_logistic,0.2,332,0.1452528758845495,2022
101769,2025-12,0,extended_logistic,0.2,333,0.1445976356687017,2022
100245,2025-12,0,extended_logistic,0.2,334,0.1445856214995542,2022
100798,2025-12,1,extended_logistic,0.2,335,0.1443545773454604,2022
100215,2025-12,0,extended_logistic,0.2,336,0.1439551014906762,2022
100203,2025-12,1,extended_logistic,0.2,337,0.1439251060853386,2022
101670,2025-12,0,extended_logistic,0.2,338,0.143500100765146,2022
101735,2025-12,0,extended_logistic,0.2,339,0.1432908161114028,2022
101319,2025-12,0,extended_logistic,0.2,340,0.1431197510815609,2022
100757,2025-12,1,extended_logistic,0.2,341,0.1430107550109966,2022
100380,2025-12,0,extended_logistic,0.2,342,0.1426798972857322,2022
101145,2025-12,0,extended_logistic,0.2,343,0.1424968017678922,2022
100758,2025-12,0,extended_logistic,0.2,344,0.1422898786517933,2022
100907,2025-12,0,extended_logistic,0.2,345,0.1422199436391562,2022
101585,2025-12,0,extended_logistic,0.2,346,0.1418418608807691,2022
100488,2025-12,0,extended_logistic,0.2,347,0.1415308521614403,2022
101120,2025-12,0,extended_logistic,0.2,348,0.1415117273245847,2022
100083,2025-12,0,extended_logistic,0.2,349,0.1412397270568094,2022
101046,2025-12,1,extended_logistic,0.2,350,0.1411669273854513,2022
100067,2025-12,0,extended_logistic,0.2,351,0.1411338514320146,2022
101314,2025-12,0,extended_logistic,0.2,352,0.1409543253671012,2022
101421,2025-12,0,extended_logistic,0.2,353,0.1407800056820123,2022
100624,2025-12,0,extended_logistic,0.2,354,0.1406265803548624,2022
101697,2025-12,0,extended_logistic,0.2,355,0.1402825387574782,2022
101680,2025-12,0,extended_logistic,0.2,356,0.1396023509021239,2022
100898,2025-12,0,extended_logistic,0.2,357,0.1394083279002758,2022
100959,2025-12,0,extended_logistic,0.2,358,0.139253945628364,2022
101182,2025-12,0,extended_logistic,0.2,359,0.1392293639711012,2022
100746,2025-12,1,extended_logistic,0.2,360,0.1389638266009614,2022
100173,2025-12,0,extended_logistic,0.2,361,0.1387059653789566,2022
101084,2025-12,0,extended_logistic,0.2,362,0.1384433202433604,2022
100577,2025-12,0,extended_logistic,0.2,363,0.1380858714524497,2022
101068,2025-12,0,extended_logistic,0.2,364,0.1379594133820992,2022
101144,2025-12,0,extended_logistic,0.2,365,0.137718808866757,2022
100772,2025-12,0,extended_logistic,0.2,366,0.1377078360065031,2022
100025,2025-12,0,extended_logistic,0.2,367,0.1375305254676482,2022
100523,2025-12,0,extended_logistic,0.2,368,0.1374201878102273,2022
101203,2025-12,0,extended_logistic,0.2,369,0.1372949528155325,2022
101478,2025-12,0,extended_logistic,0.2,370,0.1369076183622628,2022
100569,2025-12,0,extended_logistic,0.2,371,0.1368313617177086,2022
100977,2025-12,0,extended_logistic,0.2,372,0.1362526839778957,2022
100172,2025-12,0,extended_logistic,0.2,373,0.136047237479932,2022
101150,2025-12,0,extended_logistic,0.2,374,0.1358202827225487,2022
100267,2025-12,0,extended_logistic,0.2,375,0.1356674244921006,2022
101846,2025-12,0,extended_logistic,0.2,376,0.1355099550210616,2022
101229,2025-12,0,extended_logistic,0.2,377,0.1354521752310497,2022
101626,2025-12,0,extended_logistic,0.2,378,0.1353110157120069,2022
100550,2025-12,0,extended_logistic,0.2,379,0.1347993529015388,2022
101189,2025-12,0,extended_logistic,0.2,380,0.1347540053271326,2022
101746,2025-12,0,extended_logistic,0.2,381,0.1346553624602714,2022
100867,2025-12,0,extended_logistic,0.2,382,0.1343984436625839,2022
102016,2025-12,0,extended_logistic,0.2,383,0.1342991551828233,2022
101665,2025-12,1,extended_logistic,0.2,384,0.1331834595065071,2022
100765,2025-12,0,extended_logistic,0.2,385,0.1327858019138081,2022
101323,2025-12,1,extended_logistic,0.2,386,0.1326865630650298,2022
100807,2025-12,1,extended_logistic,0.2,387,0.1326831832453895,2022
100945,2025-12,0,extended_logistic,0.2,388,0.1326684827716781,2022
101500,2025-12,0,extended_logistic,0.2,389,0.1324269780409443,2022
101792,2025-12,0,extended_logistic,0.2,390,0.1324166463784018,2022
100300,2025-12,0,extended_logistic,0.2,391,0.1323591083136233,2022
100657,2025-12,0,extended_logistic,0.2,392,0.1318177861604939,2022
101341,2025-12,0,extended_logistic,0.2,393,0.1317432886296252,2022
100471,2025-12,0,extended_logistic,0.2,394,0.1315005787225052,2022
101882,2025-12,0,extended_logistic,0.2,395,0.1313921114248506,2022
101676,2025-12,0,extended_logistic,0.2,396,0.1313256213478076,2022
100539,2025-12,0,extended_logistic,0.2,397,0.1311288530091796,2022
100987,2025-12,0,extended_logistic,0.2,398,0.1310158985718524,2022
101178,2025-12,0,extended_logistic,0.2,399,0.1309578480529524,2022
101601,2025-12,0,extended_logistic,0.2,400,0.1305063364066933,2022
100771,2025-12,0,extended_logistic,0.2,401,0.1304686381797508,2022
100826,2025-12,0,extended_logistic,0.2,402,0.1303986969212436,2022
100649,2025-12,0,extended_logistic,0.2,403,0.1303667262375688,2022
101437,2025-12,0,extended_logistic,0.2,404,0.1301150698159617,2022
100901,2025-12,0,extended_logistic,0.2,405,0.1299416157813198,2022
