hcp_id,period,responded_strict,model,capacity,rank,score,eligible_monthly_rows
100148,2025-07,0,decile,0.05,1,1.0,2025
101598,2025-07,1,decile,0.05,2,1.0,2025
100530,2025-07,0,decile,0.05,3,1.0,2025
101883,2025-07,0,decile,0.05,4,1.0,2025
100936,2025-07,0,decile,0.05,5,1.0,2025
100665,2025-07,0,decile,0.05,6,1.0,2025
100017,2025-07,1,decile,0.05,7,1.0,2025
101414,2025-07,0,decile,0.05,8,1.0,2025
100215,2025-07,0,decile,0.05,9,1.0,2025
100485,2025-07,0,decile,0.05,10,1.0,2025
100242,2025-07,0,decile,0.05,11,1.0,2025
100854,2025-07,0,decile,0.05,12,1.0,2025
102090,2025-07,0,decile,0.05,13,1.0,2025
100161,2025-07,0,decile,0.05,14,1.0,2025
100579,2025-07,0,decile,0.05,15,1.0,2025
100678,2025-07,0,decile,0.05,16,1.0,2025
100775,2025-07,0,decile,0.05,17,1.0,2025
100901,2025-07,0,decile,0.05,18,1.0,2025
100041,2025-07,0,decile,0.05,19,1.0,2025
101350,2025-07,0,decile,0.05,20,1.0,2025
100298,2025-07,0,decile,0.05,21,1.0,2025
101097,2025-07,1,decile,0.05,22,1.0,2025
100694,2025-07,0,decile,0.05,23,1.0,2025
101447,2025-07,0,decile,0.05,24,1.0,2025
101478,2025-07,0,decile,0.05,25,1.0,2025
101319,2025-07,0,decile,0.05,26,1.0,2025
100968,2025-07,0,decile,0.05,27,1.0,2025
101305,2025-07,0,decile,0.05,28,1.0,2025
100702,2025-07,1,decile,0.05,29,1.0,2025
100340,2025-07,0,decile,0.05,30,1.0,2025
100559,2025-07,0,decile,0.05,31,1.0,2025
100066,2025-07,0,decile,0.05,32,1.0,2025
101124,2025-07,0,decile,0.05,33,1.0,2025
102025,2025-07,0,decile,0.05,34,1.0,2025
101455,2025-07,1,decile,0.05,35,1.0,2025
100015,2025-07,0,decile,0.05,36,1.0,2025
100745,2025-07,0,decile,0.05,37,1.0,2025
100877,2025-07,0,decile,0.05,38,1.0,2025
101945,2025-07,1,decile,0.05,39,1.0,2025
100803,2025-07,0,decile,0.05,40,1.0,2025
100115,2025-07,0,decile,0.05,41,1.0,2025
100829,2025-07,0,decile,0.05,42,1.0,2025
101738,2025-07,0,decile,0.05,43,1.0,2025
101437,2025-07,0,decile,0.05,44,1.0,2025
101084,2025-07,0,decile,0.05,45,1.0,2025
102053,2025-07,1,decile,0.05,46,1.0,2025
101406,2025-07,0,decile,0.05,47,1.0,2025
101365,2025-07,0,decile,0.05,48,1.0,2025
102051,2025-07,0,decile,0.05,49,1.0,2025
100296,2025-07,0,decile,0.05,50,1.0,2025
101727,2025-07,0,decile,0.05,51,1.0,2025
101690,2025-07,0,decile,0.05,52,1.0,2025
100624,2025-07,0,decile,0.05,53,1.0,2025
101173,2025-07,1,decile,0.05,54,1.0,2025
100496,2025-07,0,decile,0.05,55,1.0,2025
101412,2025-07,0,decile,0.05,56,1.0,2025
100758,2025-07,1,decile,0.05,57,1.0,2025
101660,2025-07,0,decile,0.05,58,1.0,2025
101928,2025-07,1,decile,0.05,59,1.0,2025
101886,2025-07,0,decile,0.05,60,1.0,2025
100990,2025-07,0,decile,0.05,61,1.0,2025
100698,2025-07,0,decile,0.05,62,1.0,2025
101613,2025-07,1,decile,0.05,63,1.0,2025
102081,2025-07,0,decile,0.05,64,1.0,2025
102078,2025-07,1,decile,0.05,65,1.0,2025
100322,2025-07,1,decile,0.05,66,1.0,2025
101569,2025-07,0,decile,0.05,67,1.0,2025
101709,2025-07,0,decile,0.05,68,1.0,2025
101726,2025-07,0,decile,0.05,69,1.0,2025
100592,2025-07,0,decile,0.05,70,1.0,2025
100166,2025-07,1,decile,0.05,71,1.0,2025
100477,2025-07,0,decile,0.05,72,1.0,2025
100774,2025-07,0,decile,0.05,73,1.0,2025
100508,2025-07,0,decile,0.05,74,1.0,2025
100686,2025-07,1,decile,0.05,75,1.0,2025
101724,2025-07,0,decile,0.05,76,1.0,2025
101516,2025-07,0,decile,0.05,77,1.0,2025
101309,2025-07,0,decile,0.05,78,1.0,2025
100170,2025-07,1,decile,0.05,79,1.0,2025
101776,2025-07,0,decile,0.05,80,1.0,2025
100704,2025-07,0,decile,0.05,81,1.0,2025
100823,2025-07,0,decile,0.05,82,1.0,2025
102019,2025-07,0,decile,0.05,83,1.0,2025
101888,2025-07,0,decile,0.05,84,1.0,2025
101952,2025-07,1,decile,0.05,85,1.0,2025
100878,2025-07,0,decile,0.05,86,1.0,2025
101320,2025-07,0,decile,0.05,87,1.0,2025
100078,2025-07,0,decile,0.05,88,1.0,2025
101639,2025-07,0,decile,0.05,89,1.0,2025
100256,2025-07,1,decile,0.05,90,1.0,2025
101672,2025-07,0,decile,0.05,91,1.0,2025
101378,2025-07,0,decile,0.05,92,1.0,2025
101379,2025-07,0,decile,0.05,93,1.0,2025
101578,2025-07,0,decile,0.05,94,1.0,2025
100519,2025-07,0,decile,0.05,95,1.0,2025
100056,2025-07,0,decile,0.05,96,1.0,2025
100616,2025-07,0,decile,0.05,97,1.0,2025
100104,2025-07,0,decile,0.05,98,1.0,2025
101228,2025-07,0,decile,0.05,99,1.0,2025
101761,2025-07,0,decile,0.05,100,1.0,2025
100585,2025-07,0,decile,0.05,101,1.0,2025
101160,2025-07,0,decile,0.05,102,1.0,2025
100148,2025-07,0,decile,0.1,1,1.0,2025
101598,2025-07,1,decile,0.1,2,1.0,2025
100530,2025-07,0,decile,0.1,3,1.0,2025
101883,2025-07,0,decile,0.1,4,1.0,2025
100936,2025-07,0,decile,0.1,5,1.0,2025
100665,2025-07,0,decile,0.1,6,1.0,2025
100017,2025-07,1,decile,0.1,7,1.0,2025
101414,2025-07,0,decile,0.1,8,1.0,2025
100215,2025-07,0,decile,0.1,9,1.0,2025
100485,2025-07,0,decile,0.1,10,1.0,2025
100242,2025-07,0,decile,0.1,11,1.0,2025
100854,2025-07,0,decile,0.1,12,1.0,2025
102090,2025-07,0,decile,0.1,13,1.0,2025
100161,2025-07,0,decile,0.1,14,1.0,2025
100579,2025-07,0,decile,0.1,15,1.0,2025
100678,2025-07,0,decile,0.1,16,1.0,2025
100775,2025-07,0,decile,0.1,17,1.0,2025
100901,2025-07,0,decile,0.1,18,1.0,2025
100041,2025-07,0,decile,0.1,19,1.0,2025
101350,2025-07,0,decile,0.1,20,1.0,2025
100298,2025-07,0,decile,0.1,21,1.0,2025
101097,2025-07,1,decile,0.1,22,1.0,2025
100694,2025-07,0,decile,0.1,23,1.0,2025
101447,2025-07,0,decile,0.1,24,1.0,2025
101478,2025-07,0,decile,0.1,25,1.0,2025
101319,2025-07,0,decile,0.1,26,1.0,2025
100968,2025-07,0,decile,0.1,27,1.0,2025
101305,2025-07,0,decile,0.1,28,1.0,2025
100702,2025-07,1,decile,0.1,29,1.0,2025
100340,2025-07,0,decile,0.1,30,1.0,2025
100559,2025-07,0,decile,0.1,31,1.0,2025
100066,2025-07,0,decile,0.1,32,1.0,2025
101124,2025-07,0,decile,0.1,33,1.0,2025
102025,2025-07,0,decile,0.1,34,1.0,2025
101455,2025-07,1,decile,0.1,35,1.0,2025
100015,2025-07,0,decile,0.1,36,1.0,2025
100745,2025-07,0,decile,0.1,37,1.0,2025
100877,2025-07,0,decile,0.1,38,1.0,2025
101945,2025-07,1,decile,0.1,39,1.0,2025
100803,2025-07,0,decile,0.1,40,1.0,2025
100115,2025-07,0,decile,0.1,41,1.0,2025
100829,2025-07,0,decile,0.1,42,1.0,2025
101738,2025-07,0,decile,0.1,43,1.0,2025
101437,2025-07,0,decile,0.1,44,1.0,2025
101084,2025-07,0,decile,0.1,45,1.0,2025
102053,2025-07,1,decile,0.1,46,1.0,2025
101406,2025-07,0,decile,0.1,47,1.0,2025
101365,2025-07,0,decile,0.1,48,1.0,2025
102051,2025-07,0,decile,0.1,49,1.0,2025
100296,2025-07,0,decile,0.1,50,1.0,2025
101727,2025-07,0,decile,0.1,51,1.0,2025
101690,2025-07,0,decile,0.1,52,1.0,2025
100624,2025-07,0,decile,0.1,53,1.0,2025
101173,2025-07,1,decile,0.1,54,1.0,2025
100496,2025-07,0,decile,0.1,55,1.0,2025
101412,2025-07,0,decile,0.1,56,1.0,2025
100758,2025-07,1,decile,0.1,57,1.0,2025
101660,2025-07,0,decile,0.1,58,1.0,2025
101928,2025-07,1,decile,0.1,59,1.0,2025
101886,2025-07,0,decile,0.1,60,1.0,2025
100990,2025-07,0,decile,0.1,61,1.0,2025
100698,2025-07,0,decile,0.1,62,1.0,2025
101613,2025-07,1,decile,0.1,63,1.0,2025
102081,2025-07,0,decile,0.1,64,1.0,2025
102078,2025-07,1,decile,0.1,65,1.0,2025
100322,2025-07,1,decile,0.1,66,1.0,2025
101569,2025-07,0,decile,0.1,67,1.0,2025
101709,2025-07,0,decile,0.1,68,1.0,2025
101726,2025-07,0,decile,0.1,69,1.0,2025
100592,2025-07,0,decile,0.1,70,1.0,2025
100166,2025-07,1,decile,0.1,71,1.0,2025
100477,2025-07,0,decile,0.1,72,1.0,2025
100774,2025-07,0,decile,0.1,73,1.0,2025
100508,2025-07,0,decile,0.1,74,1.0,2025
100686,2025-07,1,decile,0.1,75,1.0,2025
101724,2025-07,0,decile,0.1,76,1.0,2025
101516,2025-07,0,decile,0.1,77,1.0,2025
101309,2025-07,0,decile,0.1,78,1.0,2025
100170,2025-07,1,decile,0.1,79,1.0,2025
101776,2025-07,0,decile,0.1,80,1.0,2025
100704,2025-07,0,decile,0.1,81,1.0,2025
100823,2025-07,0,decile,0.1,82,1.0,2025
102019,2025-07,0,decile,0.1,83,1.0,2025
101888,2025-07,0,decile,0.1,84,1.0,2025
101952,2025-07,1,decile,0.1,85,1.0,2025
100878,2025-07,0,decile,0.1,86,1.0,2025
101320,2025-07,0,decile,0.1,87,1.0,2025
100078,2025-07,0,decile,0.1,88,1.0,2025
101639,2025-07,0,decile,0.1,89,1.0,2025
100256,2025-07,1,decile,0.1,90,1.0,2025
101672,2025-07,0,decile,0.1,91,1.0,2025
101378,2025-07,0,decile,0.1,92,1.0,2025
101379,2025-07,0,decile,0.1,93,1.0,2025
101578,2025-07,0,decile,0.1,94,1.0,2025
100519,2025-07,0,decile,0.1,95,1.0,2025
100056,2025-07,0,decile,0.1,96,1.0,2025
100616,2025-07,0,decile,0.1,97,1.0,2025
100104,2025-07,0,decile,0.1,98,1.0,2025
101228,2025-07,0,decile,0.1,99,1.0,2025
101761,2025-07,0,decile,0.1,100,1.0,2025
100585,2025-07,0,decile,0.1,101,1.0,2025
101160,2025-07,0,decile,0.1,102,1.0,2025
102094,2025-07,0,decile,0.1,103,1.0,2025
100073,2025-07,0,decile,0.1,104,1.0,2025
101367,2025-07,0,decile,0.1,105,1.0,2025
100610,2025-07,0,decile,0.1,106,1.0,2025
101301,2025-07,0,decile,0.1,107,1.0,2025
101505,2025-07,0,decile,0.1,108,1.0,2025
100587,2025-07,0,decile,0.1,109,1.0,2025
100422,2025-07,0,decile,0.1,110,1.0,2025
101645,2025-07,0,decile,0.1,111,1.0,2025
100214,2025-07,0,decile,0.1,112,1.0,2025
100608,2025-07,0,decile,0.1,113,1.0,2025
100817,2025-07,0,decile,0.1,114,1.0,2025
101684,2025-07,1,decile,0.1,115,1.0,2025
101913,2025-07,0,decile,0.1,116,1.0,2025
100383,2025-07,0,decile,0.1,117,1.0,2025
100708,2025-07,0,decile,0.1,118,1.0,2025
101871,2025-07,1,decile,0.1,119,1.0,2025
100453,2025-07,1,decile,0.1,120,1.0,2025
100661,2025-07,0,decile,0.1,121,1.0,2025
101282,2025-07,0,decile,0.1,122,1.0,2025
101449,2025-07,1,decile,0.1,123,1.0,2025
101754,2025-07,0,decile,0.1,124,1.0,2025
101471,2025-07,1,decile,0.1,125,1.0,2025
101202,2025-07,1,decile,0.1,126,1.0,2025
101752,2025-07,0,decile,0.1,127,1.0,2025
101067,2025-07,0,decile,0.1,128,1.0,2025
102096,2025-07,1,decile,0.1,129,1.0,2025
100197,2025-07,0,decile,0.1,130,1.0,2025
101077,2025-07,1,decile,0.1,131,1.0,2025
100300,2025-07,1,decile,0.1,132,1.0,2025
100487,2025-07,0,decile,0.1,133,1.0,2025
100644,2025-07,0,decile,0.1,134,1.0,2025
100650,2025-07,0,decile,0.1,135,1.0,2025
100752,2025-07,0,decile,0.1,136,1.0,2025
101922,2025-07,0,decile,0.1,137,1.0,2025
101620,2025-07,0,decile,0.1,138,1.0,2025
102063,2025-07,0,decile,0.1,139,1.0,2025
101788,2025-07,0,decile,0.1,140,1.0,2025
100564,2025-07,1,decile,0.1,141,1.0,2025
101280,2025-07,1,decile,0.1,142,1.0,2025
101382,2025-07,0,decile,0.1,143,1.0,2025
100229,2025-07,1,decile,0.1,144,1.0,2025
100560,2025-07,0,decile,0.1,145,1.0,2025
101878,2025-07,0,decile,0.1,146,1.0,2025
100145,2025-07,0,decile,0.1,147,1.0,2025
101246,2025-07,0,decile,0.1,148,1.0,2025
100275,2025-07,0,decile,0.1,149,1.0,2025
101857,2025-07,0,decile,0.1,150,1.0,2025
101005,2025-07,0,decile,0.1,151,1.0,2025
100919,2025-07,0,decile,0.1,152,1.0,2025
101692,2025-07,1,decile,0.1,153,1.0,2025
101909,2025-07,0,decile,0.1,154,1.0,2025
101543,2025-07,0,decile,0.1,155,1.0,2025
100332,2025-07,0,decile,0.1,156,1.0,2025
100992,2025-07,0,decile,0.1,157,1.0,2025
100218,2025-07,1,decile,0.1,158,1.0,2025
101971,2025-07,0,decile,0.1,159,1.0,2025
101676,2025-07,0,decile,0.1,160,1.0,2025
101798,2025-07,0,decile,0.1,161,1.0,2025
101448,2025-07,0,decile,0.1,162,1.0,2025
100925,2025-07,0,decile,0.1,163,1.0,2025
101140,2025-07,0,decile,0.1,164,1.0,2025
102044,2025-07,0,decile,0.1,165,1.0,2025
100876,2025-07,0,decile,0.1,166,1.0,2025
101746,2025-07,0,decile,0.1,167,1.0,2025
101656,2025-07,0,decile,0.1,168,1.0,2025
100636,2025-07,0,decile,0.1,169,1.0,2025
100795,2025-07,0,decile,0.1,170,1.0,2025
102067,2025-07,0,decile,0.1,171,1.0,2025
100276,2025-07,0,decile,0.1,172,1.0,2025
100912,2025-07,0,decile,0.1,173,1.0,2025
100241,2025-07,0,decile,0.1,174,1.0,2025
100175,2025-07,0,decile,0.1,175,1.0,2025
100193,2025-07,0,decile,0.1,176,1.0,2025
101990,2025-07,0,decile,0.1,177,1.0,2025
100684,2025-07,0,decile,0.1,178,1.0,2025
101071,2025-07,0,decile,0.1,179,1.0,2025
100123,2025-07,0,decile,0.1,180,1.0,2025
101044,2025-07,0,decile,0.1,181,1.0,2025
102029,2025-07,0,decile,0.1,182,1.0,2025
100724,2025-07,0,decile,0.1,183,1.0,2025
100672,2025-07,0,decile,0.1,184,1.0,2025
101704,2025-07,0,decile,0.1,185,1.0,2025
100216,2025-07,0,decile,0.1,186,1.0,2025
101811,2025-07,0,decile,0.1,187,1.0,2025
100744,2025-07,0,decile,0.1,188,1.0,2025
100334,2025-07,0,decile,0.1,189,1.0,2025
100977,2025-07,0,decile,0.1,190,1.0,2025
101916,2025-07,0,decile,0.1,191,1.0,2025
100627,2025-07,0,decile,0.1,192,1.0,2025
101965,2025-07,0,decile,0.1,193,1.0,2025
101527,2025-07,1,decile,0.1,194,1.0,2025
101772,2025-07,0,decile,0.1,195,1.0,2025
101489,2025-07,0,decile,0.1,196,1.0,2025
101466,2025-07,1,decile,0.1,197,1.0,2025
101890,2025-07,1,decile,0.1,198,1.0,2025
101601,2025-07,0,decile,0.1,199,1.0,2025
102089,2025-07,0,decile,0.1,200,1.0,2025
100773,2025-07,0,decile,0.1,201,1.0,2025
100609,2025-07,0,decile,0.1,202,1.0,2025
101642,2025-07,0,decile,0.1,203,1.0,2025
100148,2025-07,0,decile,0.2,1,1.0,2025
101598,2025-07,1,decile,0.2,2,1.0,2025
100530,2025-07,0,decile,0.2,3,1.0,2025
101883,2025-07,0,decile,0.2,4,1.0,2025
100936,2025-07,0,decile,0.2,5,1.0,2025
100665,2025-07,0,decile,0.2,6,1.0,2025
100017,2025-07,1,decile,0.2,7,1.0,2025
101414,2025-07,0,decile,0.2,8,1.0,2025
100215,2025-07,0,decile,0.2,9,1.0,2025
100485,2025-07,0,decile,0.2,10,1.0,2025
100242,2025-07,0,decile,0.2,11,1.0,2025
100854,2025-07,0,decile,0.2,12,1.0,2025
102090,2025-07,0,decile,0.2,13,1.0,2025
100161,2025-07,0,decile,0.2,14,1.0,2025
100579,2025-07,0,decile,0.2,15,1.0,2025
100678,2025-07,0,decile,0.2,16,1.0,2025
100775,2025-07,0,decile,0.2,17,1.0,2025
100901,2025-07,0,decile,0.2,18,1.0,2025
100041,2025-07,0,decile,0.2,19,1.0,2025
101350,2025-07,0,decile,0.2,20,1.0,2025
100298,2025-07,0,decile,0.2,21,1.0,2025
101097,2025-07,1,decile,0.2,22,1.0,2025
100694,2025-07,0,decile,0.2,23,1.0,2025
101447,2025-07,0,decile,0.2,24,1.0,2025
101478,2025-07,0,decile,0.2,25,1.0,2025
101319,2025-07,0,decile,0.2,26,1.0,2025
100968,2025-07,0,decile,0.2,27,1.0,2025
101305,2025-07,0,decile,0.2,28,1.0,2025
100702,2025-07,1,decile,0.2,29,1.0,2025
100340,2025-07,0,decile,0.2,30,1.0,2025
100559,2025-07,0,decile,0.2,31,1.0,2025
100066,2025-07,0,decile,0.2,32,1.0,2025
101124,2025-07,0,decile,0.2,33,1.0,2025
102025,2025-07,0,decile,0.2,34,1.0,2025
101455,2025-07,1,decile,0.2,35,1.0,2025
100015,2025-07,0,decile,0.2,36,1.0,2025
100745,2025-07,0,decile,0.2,37,1.0,2025
100877,2025-07,0,decile,0.2,38,1.0,2025
101945,2025-07,1,decile,0.2,39,1.0,2025
100803,2025-07,0,decile,0.2,40,1.0,2025
100115,2025-07,0,decile,0.2,41,1.0,2025
100829,2025-07,0,decile,0.2,42,1.0,2025
101738,2025-07,0,decile,0.2,43,1.0,2025
101437,2025-07,0,decile,0.2,44,1.0,2025
101084,2025-07,0,decile,0.2,45,1.0,2025
102053,2025-07,1,decile,0.2,46,1.0,2025
101406,2025-07,0,decile,0.2,47,1.0,2025
101365,2025-07,0,decile,0.2,48,1.0,2025
102051,2025-07,0,decile,0.2,49,1.0,2025
100296,2025-07,0,decile,0.2,50,1.0,2025
101727,2025-07,0,decile,0.2,51,1.0,2025
101690,2025-07,0,decile,0.2,52,1.0,2025
100624,2025-07,0,decile,0.2,53,1.0,2025
101173,2025-07,1,decile,0.2,54,1.0,2025
100496,2025-07,0,decile,0.2,55,1.0,2025
101412,2025-07,0,decile,0.2,56,1.0,2025
100758,2025-07,1,decile,0.2,57,1.0,2025
101660,2025-07,0,decile,0.2,58,1.0,2025
101928,2025-07,1,decile,0.2,59,1.0,2025
101886,2025-07,0,decile,0.2,60,1.0,2025
100990,2025-07,0,decile,0.2,61,1.0,2025
100698,2025-07,0,decile,0.2,62,1.0,2025
101613,2025-07,1,decile,0.2,63,1.0,2025
102081,2025-07,0,decile,0.2,64,1.0,2025
102078,2025-07,1,decile,0.2,65,1.0,2025
100322,2025-07,1,decile,0.2,66,1.0,2025
101569,2025-07,0,decile,0.2,67,1.0,2025
101709,2025-07,0,decile,0.2,68,1.0,2025
101726,2025-07,0,decile,0.2,69,1.0,2025
100592,2025-07,0,decile,0.2,70,1.0,2025
100166,2025-07,1,decile,0.2,71,1.0,2025
100477,2025-07,0,decile,0.2,72,1.0,2025
100774,2025-07,0,decile,0.2,73,1.0,2025
100508,2025-07,0,decile,0.2,74,1.0,2025
100686,2025-07,1,decile,0.2,75,1.0,2025
101724,2025-07,0,decile,0.2,76,1.0,2025
101516,2025-07,0,decile,0.2,77,1.0,2025
101309,2025-07,0,decile,0.2,78,1.0,2025
100170,2025-07,1,decile,0.2,79,1.0,2025
101776,2025-07,0,decile,0.2,80,1.0,2025
100704,2025-07,0,decile,0.2,81,1.0,2025
100823,2025-07,0,decile,0.2,82,1.0,2025
102019,2025-07,0,decile,0.2,83,1.0,2025
101888,2025-07,0,decile,0.2,84,1.0,2025
101952,2025-07,1,decile,0.2,85,1.0,2025
100878,2025-07,0,decile,0.2,86,1.0,2025
101320,2025-07,0,decile,0.2,87,1.0,2025
100078,2025-07,0,decile,0.2,88,1.0,2025
101639,2025-07,0,decile,0.2,89,1.0,2025
100256,2025-07,1,decile,0.2,90,1.0,2025
101672,2025-07,0,decile,0.2,91,1.0,2025
101378,2025-07,0,decile,0.2,92,1.0,2025
101379,2025-07,0,decile,0.2,93,1.0,2025
101578,2025-07,0,decile,0.2,94,1.0,2025
100519,2025-07,0,decile,0.2,95,1.0,2025
100056,2025-07,0,decile,0.2,96,1.0,2025
100616,2025-07,0,decile,0.2,97,1.0,2025
100104,2025-07,0,decile,0.2,98,1.0,2025
101228,2025-07,0,decile,0.2,99,1.0,2025
101761,2025-07,0,decile,0.2,100,1.0,2025
100585,2025-07,0,decile,0.2,101,1.0,2025
101160,2025-07,0,decile,0.2,102,1.0,2025
102094,2025-07,0,decile,0.2,103,1.0,2025
100073,2025-07,0,decile,0.2,104,1.0,2025
101367,2025-07,0,decile,0.2,105,1.0,2025
100610,2025-07,0,decile,0.2,106,1.0,2025
101301,2025-07,0,decile,0.2,107,1.0,2025
101505,2025-07,0,decile,0.2,108,1.0,2025
100587,2025-07,0,decile,0.2,109,1.0,2025
100422,2025-07,0,decile,0.2,110,1.0,2025
101645,2025-07,0,decile,0.2,111,1.0,2025
100214,2025-07,0,decile,0.2,112,1.0,2025
100608,2025-07,0,decile,0.2,113,1.0,2025
100817,2025-07,0,decile,0.2,114,1.0,2025
101684,2025-07,1,decile,0.2,115,1.0,2025
101913,2025-07,0,decile,0.2,116,1.0,2025
100383,2025-07,0,decile,0.2,117,1.0,2025
100708,2025-07,0,decile,0.2,118,1.0,2025
101871,2025-07,1,decile,0.2,119,1.0,2025
100453,2025-07,1,decile,0.2,120,1.0,2025
100661,2025-07,0,decile,0.2,121,1.0,2025
101282,2025-07,0,decile,0.2,122,1.0,2025
101449,2025-07,1,decile,0.2,123,1.0,2025
101754,2025-07,0,decile,0.2,124,1.0,2025
101471,2025-07,1,decile,0.2,125,1.0,2025
101202,2025-07,1,decile,0.2,126,1.0,2025
101752,2025-07,0,decile,0.2,127,1.0,2025
101067,2025-07,0,decile,0.2,128,1.0,2025
102096,2025-07,1,decile,0.2,129,1.0,2025
100197,2025-07,0,decile,0.2,130,1.0,2025
101077,2025-07,1,decile,0.2,131,1.0,2025
100300,2025-07,1,decile,0.2,132,1.0,2025
100487,2025-07,0,decile,0.2,133,1.0,2025
100644,2025-07,0,decile,0.2,134,1.0,2025
100650,2025-07,0,decile,0.2,135,1.0,2025
100752,2025-07,0,decile,0.2,136,1.0,2025
101922,2025-07,0,decile,0.2,137,1.0,2025
101620,2025-07,0,decile,0.2,138,1.0,2025
102063,2025-07,0,decile,0.2,139,1.0,2025
101788,2025-07,0,decile,0.2,140,1.0,2025
100564,2025-07,1,decile,0.2,141,1.0,2025
101280,2025-07,1,decile,0.2,142,1.0,2025
101382,2025-07,0,decile,0.2,143,1.0,2025
100229,2025-07,1,decile,0.2,144,1.0,2025
100560,2025-07,0,decile,0.2,145,1.0,2025
101878,2025-07,0,decile,0.2,146,1.0,2025
100145,2025-07,0,decile,0.2,147,1.0,2025
101246,2025-07,0,decile,0.2,148,1.0,2025
100275,2025-07,0,decile,0.2,149,1.0,2025
101857,2025-07,0,decile,0.2,150,1.0,2025
101005,2025-07,0,decile,0.2,151,1.0,2025
100919,2025-07,0,decile,0.2,152,1.0,2025
101692,2025-07,1,decile,0.2,153,1.0,2025
101909,2025-07,0,decile,0.2,154,1.0,2025
101543,2025-07,0,decile,0.2,155,1.0,2025
100332,2025-07,0,decile,0.2,156,1.0,2025
100992,2025-07,0,decile,0.2,157,1.0,2025
100218,2025-07,1,decile,0.2,158,1.0,2025
101971,2025-07,0,decile,0.2,159,1.0,2025
101676,2025-07,0,decile,0.2,160,1.0,2025
101798,2025-07,0,decile,0.2,161,1.0,2025
101448,2025-07,0,decile,0.2,162,1.0,2025
100925,2025-07,0,decile,0.2,163,1.0,2025
101140,2025-07,0,decile,0.2,164,1.0,2025
102044,2025-07,0,decile,0.2,165,1.0,2025
100876,2025-07,0,decile,0.2,166,1.0,2025
101746,2025-07,0,decile,0.2,167,1.0,2025
101656,2025-07,0,decile,0.2,168,1.0,2025
100636,2025-07,0,decile,0.2,169,1.0,2025
100795,2025-07,0,decile,0.2,170,1.0,2025
102067,2025-07,0,decile,0.2,171,1.0,2025
100276,2025-07,0,decile,0.2,172,1.0,2025
100912,2025-07,0,decile,0.2,173,1.0,2025
100241,2025-07,0,decile,0.2,174,1.0,2025
100175,2025-07,0,decile,0.2,175,1.0,2025
100193,2025-07,0,decile,0.2,176,1.0,2025
101990,2025-07,0,decile,0.2,177,1.0,2025
100684,2025-07,0,decile,0.2,178,1.0,2025
101071,2025-07,0,decile,0.2,179,1.0,2025
100123,2025-07,0,decile,0.2,180,1.0,2025
101044,2025-07,0,decile,0.2,181,1.0,2025
102029,2025-07,0,decile,0.2,182,1.0,2025
100724,2025-07,0,decile,0.2,183,1.0,2025
100672,2025-07,0,decile,0.2,184,1.0,2025
101704,2025-07,0,decile,0.2,185,1.0,2025
100216,2025-07,0,decile,0.2,186,1.0,2025
101811,2025-07,0,decile,0.2,187,1.0,2025
100744,2025-07,0,decile,0.2,188,1.0,2025
100334,2025-07,0,decile,0.2,189,1.0,2025
100977,2025-07,0,decile,0.2,190,1.0,2025
101916,2025-07,0,decile,0.2,191,1.0,2025
100627,2025-07,0,decile,0.2,192,1.0,2025
101965,2025-07,0,decile,0.2,193,1.0,2025
101527,2025-07,1,decile,0.2,194,1.0,2025
101772,2025-07,0,decile,0.2,195,1.0,2025
101489,2025-07,0,decile,0.2,196,1.0,2025
101466,2025-07,1,decile,0.2,197,1.0,2025
101890,2025-07,1,decile,0.2,198,1.0,2025
101601,2025-07,0,decile,0.2,199,1.0,2025
102089,2025-07,0,decile,0.2,200,1.0,2025
100773,2025-07,0,decile,0.2,201,1.0,2025
100609,2025-07,0,decile,0.2,202,1.0,2025
101642,2025-07,0,decile,0.2,203,1.0,2025
102079,2025-07,1,decile,0.2,204,1.0,2025
101839,2025-07,0,decile,0.2,205,1.0,2025
100892,2025-07,0,decile,0.2,206,1.0,2025
101607,2025-07,1,decile,0.2,207,1.0,2025
100253,2025-07,0,decile,0.2,208,0.9,2025
100796,2025-07,0,decile,0.2,209,0.9,2025
101298,2025-07,0,decile,0.2,210,0.9,2025
100130,2025-07,0,decile,0.2,211,0.9,2025
100147,2025-07,0,decile,0.2,212,0.9,2025
100303,2025-07,0,decile,0.2,213,0.9,2025
100967,2025-07,0,decile,0.2,214,0.9,2025
101823,2025-07,0,decile,0.2,215,0.9,2025
100815,2025-07,1,decile,0.2,216,0.9,2025
100108,2025-07,0,decile,0.2,217,0.9,2025
101825,2025-07,0,decile,0.2,218,0.9,2025
100662,2025-07,0,decile,0.2,219,0.9,2025
101436,2025-07,1,decile,0.2,220,0.9,2025
100488,2025-07,1,decile,0.2,221,0.9,2025
100849,2025-07,0,decile,0.2,222,0.9,2025
100002,2025-07,0,decile,0.2,223,0.9,2025
101629,2025-07,1,decile,0.2,224,0.9,2025
101702,2025-07,0,decile,0.2,225,0.9,2025
101529,2025-07,0,decile,0.2,226,0.9,2025
101987,2025-07,0,decile,0.2,227,0.9,2025
100427,2025-07,1,decile,0.2,228,0.9,2025
100052,2025-07,0,decile,0.2,229,0.9,2025
101499,2025-07,0,decile,0.2,230,0.9,2025
100443,2025-07,0,decile,0.2,231,0.9,2025
101237,2025-07,0,decile,0.2,232,0.9,2025
100971,2025-07,0,decile,0.2,233,0.9,2025
101806,2025-07,1,decile,0.2,234,0.9,2025
101809,2025-07,1,decile,0.2,235,0.9,2025
102049,2025-07,0,decile,0.2,236,0.9,2025
101343,2025-07,0,decile,0.2,237,0.9,2025
101919,2025-07,0,decile,0.2,238,0.9,2025
102077,2025-07,0,decile,0.2,239,0.9,2025
102046,2025-07,0,decile,0.2,240,0.9,2025
100526,2025-07,0,decile,0.2,241,0.9,2025
100187,2025-07,1,decile,0.2,242,0.9,2025
100376,2025-07,0,decile,0.2,243,0.9,2025
100239,2025-07,0,decile,0.2,244,0.9,2025
100653,2025-07,0,decile,0.2,245,0.9,2025
100727,2025-07,0,decile,0.2,246,0.9,2025
101647,2025-07,0,decile,0.2,247,0.9,2025
101956,2025-07,0,decile,0.2,248,0.9,2025
102059,2025-07,0,decile,0.2,249,0.9,2025
101391,2025-07,0,decile,0.2,250,0.9,2025
100732,2025-07,0,decile,0.2,251,0.9,2025
100128,2025-07,0,decile,0.2,252,0.9,2025
101493,2025-07,0,decile,0.2,253,0.9,2025
100833,2025-07,0,decile,0.2,254,0.9,2025
102075,2025-07,1,decile,0.2,255,0.9,2025
100577,2025-07,0,decile,0.2,256,0.9,2025
100044,2025-07,0,decile,0.2,257,0.9,2025
100578,2025-07,0,decile,0.2,258,0.9,2025
100681,2025-07,0,decile,0.2,259,0.9,2025
101167,2025-07,0,decile,0.2,260,0.9,2025
100907,2025-07,0,decile,0.2,261,0.9,2025
100393,2025-07,0,decile,0.2,262,0.9,2025
101626,2025-07,0,decile,0.2,263,0.9,2025
101266,2025-07,0,decile,0.2,264,0.9,2025
101120,2025-07,1,decile,0.2,265,0.9,2025
101011,2025-07,0,decile,0.2,266,0.9,2025
101719,2025-07,0,decile,0.2,267,0.9,2025
101882,2025-07,0,decile,0.2,268,0.9,2025
101869,2025-07,0,decile,0.2,269,0.9,2025
101895,2025-07,0,decile,0.2,270,0.9,2025
101226,2025-07,0,decile,0.2,271,0.9,2025
100139,2025-07,0,decile,0.2,272,0.9,2025
101317,2025-07,0,decile,0.2,273,0.9,2025
100029,2025-07,0,decile,0.2,274,0.9,2025
101583,2025-07,1,decile,0.2,275,0.9,2025
101769,2025-07,0,decile,0.2,276,0.9,2025
101624,2025-07,0,decile,0.2,277,0.9,2025
101009,2025-07,0,decile,0.2,278,0.9,2025
100899,2025-07,0,decile,0.2,279,0.9,2025
100656,2025-07,0,decile,0.2,280,0.9,2025
101410,2025-07,0,decile,0.2,281,0.9,2025
101958,2025-07,0,decile,0.2,282,0.9,2025
100233,2025-07,0,decile,0.2,283,0.9,2025
101986,2025-07,1,decile,0.2,284,0.9,2025
100288,2025-07,0,decile,0.2,285,0.9,2025
101078,2025-07,0,decile,0.2,286,0.9,2025
100399,2025-07,1,decile,0.2,287,0.9,2025
100484,2025-07,0,decile,0.2,288,0.9,2025
100986,2025-07,0,decile,0.2,289,0.9,2025
100034,2025-07,0,decile,0.2,290,0.9,2025
101353,2025-07,0,decile,0.2,291,0.9,2025
101285,2025-07,0,decile,0.2,292,0.9,2025
101982,2025-07,0,decile,0.2,293,0.9,2025
101756,2025-07,0,decile,0.2,294,0.9,2025
100856,2025-07,0,decile,0.2,295,0.9,2025
100106,2025-07,0,decile,0.2,296,0.9,2025
101001,2025-07,0,decile,0.2,297,0.9,2025
101264,2025-07,0,decile,0.2,298,0.9,2025
101030,2025-07,0,decile,0.2,299,0.9,2025
101175,2025-07,1,decile,0.2,300,0.9,2025
100898,2025-07,0,decile,0.2,301,0.9,2025
102062,2025-07,0,decile,0.2,302,0.9,2025
101591,2025-07,0,decile,0.2,303,0.9,2025
100768,2025-07,0,decile,0.2,304,0.9,2025
100524,2025-07,0,decile,0.2,305,0.9,2025
100952,2025-07,1,decile,0.2,306,0.9,2025
100883,2025-07,0,decile,0.2,307,0.9,2025
100746,2025-07,1,decile,0.2,308,0.9,2025
101482,2025-07,0,decile,0.2,309,0.9,2025
101119,2025-07,0,decile,0.2,310,0.9,2025
100264,2025-07,0,decile,0.2,311,0.9,2025
101636,2025-07,0,decile,0.2,312,0.9,2025
101936,2025-07,0,decile,0.2,313,0.9,2025
101094,2025-07,0,decile,0.2,314,0.9,2025
101906,2025-07,0,decile,0.2,315,0.9,2025
100991,2025-07,0,decile,0.2,316,0.9,2025
101829,2025-07,0,decile,0.2,317,0.9,2025
101944,2025-07,0,decile,0.2,318,0.9,2025
101415,2025-07,0,decile,0.2,319,0.9,2025
100880,2025-07,0,decile,0.2,320,0.9,2025
101594,2025-07,0,decile,0.2,321,0.9,2025
100320,2025-07,0,decile,0.2,322,0.9,2025
100985,2025-07,0,decile,0.2,323,0.9,2025
101368,2025-07,0,decile,0.2,324,0.9,2025
101507,2025-07,0,decile,0.2,325,0.9,2025
100924,2025-07,1,decile,0.2,326,0.9,2025
100591,2025-07,1,decile,0.2,327,0.9,2025
101870,2025-07,1,decile,0.2,328,0.9,2025
101854,2025-07,0,decile,0.2,329,0.9,2025
101145,2025-07,0,decile,0.2,330,0.9,2025
101813,2025-07,0,decile,0.2,331,0.9,2025
100835,2025-07,0,decile,0.2,332,0.9,2025
101181,2025-07,0,decile,0.2,333,0.9,2025
101763,2025-07,0,decile,0.2,334,0.9,2025
101573,2025-07,0,decile,0.2,335,0.9,2025
100510,2025-07,0,decile,0.2,336,0.9,2025
102005,2025-07,0,decile,0.2,337,0.9,2025
100826,2025-07,0,decile,0.2,338,0.9,2025
100337,2025-07,0,decile,0.2,339,0.9,2025
100757,2025-07,0,decile,0.2,340,0.9,2025
100935,2025-07,1,decile,0.2,341,0.9,2025
101045,2025-07,0,decile,0.2,342,0.9,2025
101395,2025-07,0,decile,0.2,343,0.9,2025
101881,2025-07,0,decile,0.2,344,0.9,2025
101534,2025-07,0,decile,0.2,345,0.9,2025
100910,2025-07,0,decile,0.2,346,0.9,2025
101393,2025-07,0,decile,0.2,347,0.9,2025
101464,2025-07,0,decile,0.2,348,0.9,2025
101215,2025-07,1,decile,0.2,349,0.9,2025
101907,2025-07,0,decile,0.2,350,0.9,2025
100269,2025-07,0,decile,0.2,351,0.9,2025
101787,2025-07,0,decile,0.2,352,0.9,2025
101670,2025-07,0,decile,0.2,353,0.9,2025
100859,2025-07,0,decile,0.2,354,0.9,2025
101623,2025-07,0,decile,0.2,355,0.9,2025
101431,2025-07,1,decile,0.2,356,0.9,2025
101336,2025-07,0,decile,0.2,357,0.9,2025
101556,2025-07,0,decile,0.2,358,0.9,2025
100283,2025-07,0,decile,0.2,359,0.9,2025
100448,2025-07,0,decile,0.2,360,0.9,2025
100870,2025-07,0,decile,0.2,361,0.9,2025
101774,2025-07,0,decile,0.2,362,0.9,2025
101164,2025-07,1,decile,0.2,363,0.9,2025
100387,2025-07,0,decile,0.2,364,0.9,2025
101541,2025-07,0,decile,0.2,365,0.9,2025
100875,2025-07,0,decile,0.2,366,0.9,2025
101232,2025-07,0,decile,0.2,367,0.9,2025
100292,2025-07,1,decile,0.2,368,0.9,2025
100664,2025-07,0,decile,0.2,369,0.9,2025
102045,2025-07,0,decile,0.2,370,0.9,2025
101680,2025-07,0,decile,0.2,371,0.9,2025
101609,2025-07,0,decile,0.2,372,0.9,2025
101421,2025-07,0,decile,0.2,373,0.9,2025
101031,2025-07,0,decile,0.2,374,0.9,2025
100375,2025-07,0,decile,0.2,375,0.9,2025
100314,2025-07,0,decile,0.2,376,0.9,2025
101610,2025-07,0,decile,0.2,377,0.9,2025
101322,2025-07,1,decile,0.2,378,0.9,2025
101474,2025-07,1,decile,0.2,379,0.9,2025
101035,2025-07,0,decile,0.2,380,0.9,2025
100929,2025-07,0,decile,0.2,381,0.9,2025
100113,2025-07,0,decile,0.2,382,0.9,2025
101628,2025-07,0,decile,0.2,383,0.9,2025
101137,2025-07,1,decile,0.2,384,0.9,2025
101302,2025-07,0,decile,0.2,385,0.9,2025
100225,2025-07,0,decile,0.2,386,0.9,2025
100345,2025-07,0,decile,0.2,387,0.9,2025
101832,2025-07,1,decile,0.2,388,0.9,2025
102027,2025-07,0,decile,0.2,389,0.9,2025
100975,2025-07,0,decile,0.2,390,0.9,2025
101312,2025-07,0,decile,0.2,391,0.9,2025
101903,2025-07,0,decile,0.2,392,0.9,2025
100429,2025-07,0,decile,0.2,393,0.9,2025
101805,2025-07,0,decile,0.2,394,0.9,2025
100083,2025-07,0,decile,0.2,395,0.9,2025
101957,2025-07,0,decile,0.2,396,0.9,2025
100959,2025-07,0,decile,0.2,397,0.9,2025
100245,2025-07,0,decile,0.2,398,0.9,2025
100425,2025-07,1,decile,0.2,399,0.9,2025
101951,2025-07,0,decile,0.2,400,0.9,2025
100224,2025-07,0,decile,0.2,401,0.9,2025
101117,2025-07,0,decile,0.2,402,0.9,2025
101790,2025-07,0,decile,0.2,403,0.9,2025
100741,2025-07,0,decile,0.2,404,0.9,2025
101102,2025-07,0,decile,0.2,405,0.9,2025
101448,2025-07,0,core_logistic,0.05,1,0.4041063487719842,2025
101527,2025-07,1,core_logistic,0.05,2,0.4006974120533996,2025
100197,2025-07,0,core_logistic,0.05,3,0.3979347450503396,2025
100041,2025-07,0,core_logistic,0.05,4,0.386677350894271,2025
101471,2025-07,1,core_logistic,0.05,5,0.3780572016301833,2025
100453,2025-07,1,core_logistic,0.05,6,0.3747298220758399,2025
100587,2025-07,0,core_logistic,0.05,7,0.3705046966791739,2025
100773,2025-07,0,core_logistic,0.05,8,0.3705046966791739,2025
101883,2025-07,0,core_logistic,0.05,9,0.363199347344509,2025
101449,2025-07,1,core_logistic,0.05,10,0.3611527586876474,2025
101761,2025-07,0,core_logistic,0.05,11,0.3608870623627616,2025
100656,2025-07,0,core_logistic,0.05,12,0.3578981935196992,2025
101928,2025-07,1,core_logistic,0.05,13,0.3521676409638934,2025
102079,2025-07,1,core_logistic,0.05,14,0.3484171413966259,2025
100229,2025-07,1,core_logistic,0.05,15,0.3460675464450269,2025
101951,2025-07,0,core_logistic,0.05,16,0.3445147837524339,2025
101676,2025-07,0,core_logistic,0.05,17,0.3443253189666779,2025
100275,2025-07,0,core_logistic,0.05,18,0.3432985953287086,2025
102053,2025-07,1,core_logistic,0.05,19,0.342248068523161,2025
100218,2025-07,1,core_logistic,0.05,20,0.3396599923501692,2025
100496,2025-07,0,core_logistic,0.05,21,0.3314428419121539,2025
101726,2025-07,0,core_logistic,0.05,22,0.3304227568952251,2025
100484,2025-07,0,core_logistic,0.05,23,0.3290808535971106,2025
101466,2025-07,1,core_logistic,0.05,24,0.3289571825213279,2025
100225,2025-07,0,core_logistic,0.05,25,0.3261144745185384,2025
100017,2025-07,1,core_logistic,0.05,26,0.3258521847687946,2025
100758,2025-07,1,core_logistic,0.05,27,0.3218779158779867,2025
101140,2025-07,0,core_logistic,0.05,28,0.3205614548997456,2025
100854,2025-07,0,core_logistic,0.05,29,0.3186184632343028,2025
100276,2025-07,0,core_logistic,0.05,30,0.3165610628316121,2025
100609,2025-07,0,core_logistic,0.05,31,0.3163722487741253,2025
101952,2025-07,1,core_logistic,0.05,32,0.3158139779771556,2025
100610,2025-07,0,core_logistic,0.05,33,0.3147428468542481,2025
100704,2025-07,0,core_logistic,0.05,34,0.3138264048341871,2025
101084,2025-07,0,core_logistic,0.05,35,0.3133426475223139,2025
100530,2025-07,0,core_logistic,0.05,36,0.312016724950038,2025
101431,2025-07,1,core_logistic,0.05,37,0.3111136144818039,2025
101806,2025-07,1,core_logistic,0.05,38,0.3084047796661561,2025
100985,2025-07,0,core_logistic,0.05,39,0.307838097554081,2025
100875,2025-07,0,core_logistic,0.05,40,0.306857316541697,2025
101746,2025-07,0,core_logistic,0.05,41,0.3042843988824149,2025
101684,2025-07,1,core_logistic,0.05,42,0.3037969685395488,2025
101077,2025-07,1,core_logistic,0.05,43,0.301243005085159,2025
102029,2025-07,0,core_logistic,0.05,44,0.3008329305325983,2025
101215,2025-07,1,core_logistic,0.05,45,0.2978684952168118,2025
101990,2025-07,0,core_logistic,0.05,46,0.2948694823484969,2025
101704,2025-07,0,core_logistic,0.05,47,0.2936156556262526,2025
101455,2025-07,1,core_logistic,0.05,48,0.2927187688700077,2025
101395,2025-07,0,core_logistic,0.05,49,0.291954931634754,2025
101922,2025-07,0,core_logistic,0.05,50,0.2905772778368345,2025
100477,2025-07,0,core_logistic,0.05,51,0.2900452128572399,2025
100066,2025-07,0,core_logistic,0.05,52,0.2893342132688999,2025
101854,2025-07,0,core_logistic,0.05,53,0.2886328678137714,2025
102019,2025-07,0,core_logistic,0.05,54,0.2858517029832319,2025
100745,2025-07,0,core_logistic,0.05,55,0.2810444852267099,2025
102025,2025-07,0,core_logistic,0.05,56,0.2788504962618864,2025
100968,2025-07,0,core_logistic,0.05,57,0.2774629415441871,2025
100187,2025-07,1,core_logistic,0.05,58,0.2755014038543906,2025
100300,2025-07,1,core_logistic,0.05,59,0.2748038893455555,2025
102063,2025-07,0,core_logistic,0.05,60,0.2747006289813057,2025
101045,2025-07,0,core_logistic,0.05,61,0.2745827778868306,2025
102049,2025-07,0,core_logistic,0.05,62,0.2742502639564013,2025
101474,2025-07,1,core_logistic,0.05,63,0.2739655970481993,2025
101823,2025-07,0,core_logistic,0.05,64,0.2728769382692513,2025
102096,2025-07,1,core_logistic,0.05,65,0.2724117979108078,2025
101645,2025-07,0,core_logistic,0.05,66,0.271374787509811,2025
100193,2025-07,0,core_logistic,0.05,67,0.2703181339692302,2025
101181,2025-07,0,core_logistic,0.05,68,0.2695645053096684,2025
100298,2025-07,0,core_logistic,0.05,69,0.2662374019369756,2025
100768,2025-07,0,core_logistic,0.05,70,0.2648977309784233,2025
101365,2025-07,0,core_logistic,0.05,71,0.2629208818696593,2025
100407,2025-07,0,core_logistic,0.05,72,0.2627150193306535,2025
100727,2025-07,0,core_logistic,0.05,73,0.2625923192165211,2025
100320,2025-07,0,core_logistic,0.05,74,0.2605900248750801,2025
100746,2025-07,1,core_logistic,0.05,75,0.2601464156853865,2025
102078,2025-07,1,core_logistic,0.05,76,0.2597742054402634,2025
101719,2025-07,0,core_logistic,0.05,77,0.25938235839828,2025
101102,2025-07,0,core_logistic,0.05,78,0.2593287826351207,2025
100128,2025-07,0,core_logistic,0.05,79,0.2590395369455796,2025
101607,2025-07,1,core_logistic,0.05,80,0.2565083598461883,2025
101738,2025-07,0,core_logistic,0.05,81,0.2558075289515836,2025
101878,2025-07,0,core_logistic,0.05,82,0.2549737829812991,2025
101598,2025-07,1,core_logistic,0.05,83,0.2548534486272011,2025
101499,2025-07,0,core_logistic,0.05,84,0.2533333400011218,2025
102067,2025-07,0,core_logistic,0.05,85,0.2495426425765925,2025
101282,2025-07,0,core_logistic,0.05,86,0.2479838192362767,2025
101223,2025-07,0,core_logistic,0.05,87,0.2462192359023058,2025
101228,2025-07,0,core_logistic,0.05,88,0.2449993500653472,2025
100292,2025-07,1,core_logistic,0.05,89,0.2441970203129664,2025
100332,2025-07,0,core_logistic,0.05,90,0.2439767623507461,2025
101182,2025-07,0,core_logistic,0.05,91,0.2428905633773614,2025
101379,2025-07,0,core_logistic,0.05,92,0.2428751232523621,2025
101350,2025-07,0,core_logistic,0.05,93,0.2400578723852252,2025
101826,2025-07,0,core_logistic,0.05,94,0.2394429444299191,2025
100509,2025-07,0,core_logistic,0.05,95,0.2380421042508467,2025
101831,2025-07,1,core_logistic,0.05,96,0.2363824665734596,2025
100829,2025-07,0,core_logistic,0.05,97,0.2360883665835402,2025
100678,2025-07,0,core_logistic,0.05,98,0.2356727475448072,2025
101092,2025-07,0,core_logistic,0.05,99,0.2346520546478082,2025
101005,2025-07,0,core_logistic,0.05,100,0.2343372090399551,2025
100898,2025-07,0,core_logistic,0.05,101,0.2340881356728869,2025
100303,2025-07,0,core_logistic,0.05,102,0.2328614229988209,2025
101448,2025-07,0,core_logistic,0.1,1,0.4041063487719842,2025
101527,2025-07,1,core_logistic,0.1,2,0.4006974120533996,2025
100197,2025-07,0,core_logistic,0.1,3,0.3979347450503396,2025
100041,2025-07,0,core_logistic,0.1,4,0.386677350894271,2025
101471,2025-07,1,core_logistic,0.1,5,0.3780572016301833,2025
100453,2025-07,1,core_logistic,0.1,6,0.3747298220758399,2025
100587,2025-07,0,core_logistic,0.1,7,0.3705046966791739,2025
100773,2025-07,0,core_logistic,0.1,8,0.3705046966791739,2025
101883,2025-07,0,core_logistic,0.1,9,0.363199347344509,2025
101449,2025-07,1,core_logistic,0.1,10,0.3611527586876474,2025
101761,2025-07,0,core_logistic,0.1,11,0.3608870623627616,2025
100656,2025-07,0,core_logistic,0.1,12,0.3578981935196992,2025
101928,2025-07,1,core_logistic,0.1,13,0.3521676409638934,2025
102079,2025-07,1,core_logistic,0.1,14,0.3484171413966259,2025
100229,2025-07,1,core_logistic,0.1,15,0.3460675464450269,2025
101951,2025-07,0,core_logistic,0.1,16,0.3445147837524339,2025
101676,2025-07,0,core_logistic,0.1,17,0.3443253189666779,2025
100275,2025-07,0,core_logistic,0.1,18,0.3432985953287086,2025
102053,2025-07,1,core_logistic,0.1,19,0.342248068523161,2025
100218,2025-07,1,core_logistic,0.1,20,0.3396599923501692,2025
100496,2025-07,0,core_logistic,0.1,21,0.3314428419121539,2025
101726,2025-07,0,core_logistic,0.1,22,0.3304227568952251,2025
100484,2025-07,0,core_logistic,0.1,23,0.3290808535971106,2025
101466,2025-07,1,core_logistic,0.1,24,0.3289571825213279,2025
100225,2025-07,0,core_logistic,0.1,25,0.3261144745185384,2025
100017,2025-07,1,core_logistic,0.1,26,0.3258521847687946,2025
100758,2025-07,1,core_logistic,0.1,27,0.3218779158779867,2025
101140,2025-07,0,core_logistic,0.1,28,0.3205614548997456,2025
100854,2025-07,0,core_logistic,0.1,29,0.3186184632343028,2025
100276,2025-07,0,core_logistic,0.1,30,0.3165610628316121,2025
100609,2025-07,0,core_logistic,0.1,31,0.3163722487741253,2025
101952,2025-07,1,core_logistic,0.1,32,0.3158139779771556,2025
100610,2025-07,0,core_logistic,0.1,33,0.3147428468542481,2025
100704,2025-07,0,core_logistic,0.1,34,0.3138264048341871,2025
101084,2025-07,0,core_logistic,0.1,35,0.3133426475223139,2025
100530,2025-07,0,core_logistic,0.1,36,0.312016724950038,2025
101431,2025-07,1,core_logistic,0.1,37,0.3111136144818039,2025
101806,2025-07,1,core_logistic,0.1,38,0.3084047796661561,2025
100985,2025-07,0,core_logistic,0.1,39,0.307838097554081,2025
100875,2025-07,0,core_logistic,0.1,40,0.306857316541697,2025
101746,2025-07,0,core_logistic,0.1,41,0.3042843988824149,2025
101684,2025-07,1,core_logistic,0.1,42,0.3037969685395488,2025
101077,2025-07,1,core_logistic,0.1,43,0.301243005085159,2025
102029,2025-07,0,core_logistic,0.1,44,0.3008329305325983,2025
101215,2025-07,1,core_logistic,0.1,45,0.2978684952168118,2025
101990,2025-07,0,core_logistic,0.1,46,0.2948694823484969,2025
101704,2025-07,0,core_logistic,0.1,47,0.2936156556262526,2025
101455,2025-07,1,core_logistic,0.1,48,0.2927187688700077,2025
101395,2025-07,0,core_logistic,0.1,49,0.291954931634754,2025
101922,2025-07,0,core_logistic,0.1,50,0.2905772778368345,2025
100477,2025-07,0,core_logistic,0.1,51,0.2900452128572399,2025
100066,2025-07,0,core_logistic,0.1,52,0.2893342132688999,2025
101854,2025-07,0,core_logistic,0.1,53,0.2886328678137714,2025
102019,2025-07,0,core_logistic,0.1,54,0.2858517029832319,2025
100745,2025-07,0,core_logistic,0.1,55,0.2810444852267099,2025
102025,2025-07,0,core_logistic,0.1,56,0.2788504962618864,2025
100968,2025-07,0,core_logistic,0.1,57,0.2774629415441871,2025
100187,2025-07,1,core_logistic,0.1,58,0.2755014038543906,2025
100300,2025-07,1,core_logistic,0.1,59,0.2748038893455555,2025
102063,2025-07,0,core_logistic,0.1,60,0.2747006289813057,2025
101045,2025-07,0,core_logistic,0.1,61,0.2745827778868306,2025
102049,2025-07,0,core_logistic,0.1,62,0.2742502639564013,2025
101474,2025-07,1,core_logistic,0.1,63,0.2739655970481993,2025
101823,2025-07,0,core_logistic,0.1,64,0.2728769382692513,2025
102096,2025-07,1,core_logistic,0.1,65,0.2724117979108078,2025
101645,2025-07,0,core_logistic,0.1,66,0.271374787509811,2025
100193,2025-07,0,core_logistic,0.1,67,0.2703181339692302,2025
101181,2025-07,0,core_logistic,0.1,68,0.2695645053096684,2025
100298,2025-07,0,core_logistic,0.1,69,0.2662374019369756,2025
100768,2025-07,0,core_logistic,0.1,70,0.2648977309784233,2025
101365,2025-07,0,core_logistic,0.1,71,0.2629208818696593,2025
100407,2025-07,0,core_logistic,0.1,72,0.2627150193306535,2025
100727,2025-07,0,core_logistic,0.1,73,0.2625923192165211,2025
100320,2025-07,0,core_logistic,0.1,74,0.2605900248750801,2025
100746,2025-07,1,core_logistic,0.1,75,0.2601464156853865,2025
102078,2025-07,1,core_logistic,0.1,76,0.2597742054402634,2025
101719,2025-07,0,core_logistic,0.1,77,0.25938235839828,2025
101102,2025-07,0,core_logistic,0.1,78,0.2593287826351207,2025
100128,2025-07,0,core_logistic,0.1,79,0.2590395369455796,2025
101607,2025-07,1,core_logistic,0.1,80,0.2565083598461883,2025
101738,2025-07,0,core_logistic,0.1,81,0.2558075289515836,2025
101878,2025-07,0,core_logistic,0.1,82,0.2549737829812991,2025
101598,2025-07,1,core_logistic,0.1,83,0.2548534486272011,2025
101499,2025-07,0,core_logistic,0.1,84,0.2533333400011218,2025
102067,2025-07,0,core_logistic,0.1,85,0.2495426425765925,2025
101282,2025-07,0,core_logistic,0.1,86,0.2479838192362767,2025
101223,2025-07,0,core_logistic,0.1,87,0.2462192359023058,2025
101228,2025-07,0,core_logistic,0.1,88,0.2449993500653472,2025
100292,2025-07,1,core_logistic,0.1,89,0.2441970203129664,2025
100332,2025-07,0,core_logistic,0.1,90,0.2439767623507461,2025
101182,2025-07,0,core_logistic,0.1,91,0.2428905633773614,2025
101379,2025-07,0,core_logistic,0.1,92,0.2428751232523621,2025
101350,2025-07,0,core_logistic,0.1,93,0.2400578723852252,2025
101826,2025-07,0,core_logistic,0.1,94,0.2394429444299191,2025
100509,2025-07,0,core_logistic,0.1,95,0.2380421042508467,2025
101831,2025-07,1,core_logistic,0.1,96,0.2363824665734596,2025
100829,2025-07,0,core_logistic,0.1,97,0.2360883665835402,2025
100678,2025-07,0,core_logistic,0.1,98,0.2356727475448072,2025
101092,2025-07,0,core_logistic,0.1,99,0.2346520546478082,2025
101005,2025-07,0,core_logistic,0.1,100,0.2343372090399551,2025
100898,2025-07,0,core_logistic,0.1,101,0.2340881356728869,2025
100303,2025-07,0,core_logistic,0.1,102,0.2328614229988209,2025
101160,2025-07,0,core_logistic,0.1,103,0.2328539235837799,2025
101913,2025-07,0,core_logistic,0.1,104,0.2326382239038707,2025
100349,2025-07,0,core_logistic,0.1,105,0.2318317418134237,2025
101870,2025-07,1,core_logistic,0.1,106,0.2316192190258069,2025
101173,2025-07,1,core_logistic,0.1,107,0.2316117475381441,2025
101804,2025-07,0,core_logistic,0.1,108,0.2312269441154697,2025
100762,2025-07,0,core_logistic,0.1,109,0.2307377633934836,2025
100714,2025-07,1,core_logistic,0.1,110,0.2290218080155703,2025
100901,2025-07,0,core_logistic,0.1,111,0.2284892276191077,2025
101769,2025-07,0,core_logistic,0.1,112,0.2279991576794493,2025
100161,2025-07,0,core_logistic,0.1,113,0.2273450260952569,2025
101945,2025-07,1,core_logistic,0.1,114,0.2271818830453952,2025
100564,2025-07,1,core_logistic,0.1,115,0.2267386389221792,2025
100867,2025-07,0,core_logistic,0.1,116,0.2264868612015099,2025
100166,2025-07,1,core_logistic,0.1,117,0.2245638031347673,2025
101579,2025-07,0,core_logistic,0.1,118,0.2241363282891745,2025
101583,2025-07,1,core_logistic,0.1,119,0.2238598818559141,2025
101702,2025-07,0,core_logistic,0.1,120,0.2237698574528688,2025
101935,2025-07,0,core_logistic,0.1,121,0.2236671183732723,2025
100835,2025-07,0,core_logistic,0.1,122,0.2234599029199625,2025
101906,2025-07,0,core_logistic,0.1,123,0.2232605139936933,2025
101094,2025-07,0,core_logistic,0.1,124,0.2228608894186182,2025
100399,2025-07,1,core_logistic,0.1,125,0.222523535317581,2025
100752,2025-07,0,core_logistic,0.1,126,0.2222958125192226,2025
100139,2025-07,0,core_logistic,0.1,127,0.2219744789357558,2025
101030,2025-07,0,core_logistic,0.1,128,0.2219744789357558,2025
101981,2025-07,0,core_logistic,0.1,129,0.2201415324790439,2025
100340,2025-07,0,core_logistic,0.1,130,0.2186931311835114,2025
100429,2025-07,0,core_logistic,0.1,131,0.2182181293367008,2025
101384,2025-07,0,core_logistic,0.1,132,0.2169480956109677,2025
101727,2025-07,0,core_logistic,0.1,133,0.2165749571109813,2025
100215,2025-07,0,core_logistic,0.1,134,0.2152101314100055,2025
101301,2025-07,0,core_logistic,0.1,135,0.2150850066150024,2025
101493,2025-07,0,core_logistic,0.1,136,0.2134330951590886,2025
100915,2025-07,1,core_logistic,0.1,137,0.2133059541811364,2025
100873,2025-07,0,core_logistic,0.1,138,0.2132534904586171,2025
100256,2025-07,1,core_logistic,0.1,139,0.2128465585497664,2025
102059,2025-07,0,core_logistic,0.1,140,0.2127663851675514,2025
100015,2025-07,0,core_logistic,0.1,141,0.2126536508990079,2025
101752,2025-07,0,core_logistic,0.1,142,0.212181186503316,2025
101890,2025-07,1,core_logistic,0.1,143,0.2119887194887978,2025
101500,2025-07,0,core_logistic,0.1,144,0.2119561557264932,2025
101167,2025-07,0,core_logistic,0.1,145,0.2111219769919993,2025
101175,2025-07,1,core_logistic,0.1,146,0.2109298204359653,2025
101660,2025-07,0,core_logistic,0.1,147,0.2107697358686429,2025
100859,2025-07,0,core_logistic,0.1,148,0.2100317567451079,2025
100238,2025-07,0,core_logistic,0.1,149,0.2098791342268186,2025
100662,2025-07,0,core_logistic,0.1,150,0.2088874517123003,2025
101423,2025-07,0,core_logistic,0.1,151,0.2082654608031197,2025
100724,2025-07,0,core_logistic,0.1,152,0.2081661852280278,2025
100488,2025-07,1,core_logistic,0.1,153,0.2073780833590045,2025
101832,2025-07,1,core_logistic,0.1,154,0.2073780833590045,2025
101613,2025-07,1,core_logistic,0.1,155,0.2062663277017616,2025
100698,2025-07,0,core_logistic,0.1,156,0.2061234585549869,2025
100803,2025-07,0,core_logistic,0.1,157,0.2060491031612122,2025
100702,2025-07,1,core_logistic,0.1,158,0.2056057999225556,2025
101809,2025-07,1,core_logistic,0.1,159,0.2053396370671021,2025
101853,2025-07,0,core_logistic,0.1,160,0.2049345483205797,2025
100044,2025-07,0,core_logistic,0.1,161,0.2046736206440543,2025
100952,2025-07,1,core_logistic,0.1,162,0.2046736206440543,2025
101592,2025-07,1,core_logistic,0.1,163,0.2039887011362046,2025
100194,2025-07,0,core_logistic,0.1,164,0.2036601429363563,2025
101266,2025-07,0,core_logistic,0.1,165,0.2030935288580669,2025
101414,2025-07,0,core_logistic,0.1,166,0.202120366878079,2025
100672,2025-07,0,core_logistic,0.1,167,0.2018688764929585,2025
101078,2025-07,0,core_logistic,0.1,168,0.2014209963441346,2025
101881,2025-07,0,core_logistic,0.1,169,0.2013194863603142,2025
100167,2025-07,0,core_logistic,0.1,170,0.2011343564633975,2025
101246,2025-07,0,core_logistic,0.1,171,0.1990180575270079,2025
101124,2025-07,0,core_logistic,0.1,172,0.1989441152062025,2025
101902,2025-07,0,core_logistic,0.1,173,0.1986342754172886,2025
101280,2025-07,1,core_logistic,0.1,174,0.1984678181247237,2025
101813,2025-07,0,core_logistic,0.1,175,0.1979253886688696,2025
100892,2025-07,0,core_logistic,0.1,176,0.1977345397963138,2025
100083,2025-07,0,core_logistic,0.1,177,0.1976969573482061,2025
102046,2025-07,0,core_logistic,0.1,178,0.197011349687892,2025
100787,2025-07,1,core_logistic,0.1,179,0.1969177795301148,2025
100149,2025-07,0,core_logistic,0.1,180,0.1966097613404346,2025
101122,2025-07,1,core_logistic,0.1,181,0.1963785485301292,2025
100175,2025-07,0,core_logistic,0.1,182,0.1961318026858833,2025
100519,2025-07,0,core_logistic,0.1,183,0.1959957955644601,2025
100106,2025-07,0,core_logistic,0.1,184,0.1957039372685662,2025
100876,2025-07,0,core_logistic,0.1,185,0.1952254245264733,2025
102058,2025-07,0,core_logistic,0.1,186,0.1944423558945022,2025
101152,2025-07,0,core_logistic,0.1,187,0.1940817948480248,2025
101001,2025-07,0,core_logistic,0.1,188,0.1927555709811648,2025
100694,2025-07,0,core_logistic,0.1,189,0.1920691505203231,2025
100462,2025-07,0,core_logistic,0.1,190,0.1919290884330216,2025
100503,2025-07,0,core_logistic,0.1,191,0.1914304352643134,2025
101767,2025-07,1,core_logistic,0.1,192,0.1911542444574351,2025
100520,2025-07,0,core_logistic,0.1,193,0.1910741345657233,2025
101411,2025-07,0,core_logistic,0.1,194,0.190151288727553,2025
100732,2025-07,0,core_logistic,0.1,195,0.1899945401244155,2025
101226,2025-07,0,core_logistic,0.1,196,0.1892865363940406,2025
101137,2025-07,1,core_logistic,0.1,197,0.1880523996171309,2025
101011,2025-07,0,core_logistic,0.1,198,0.1877871567111291,2025
101478,2025-07,0,core_logistic,0.1,199,0.1876055092241171,2025
101932,2025-07,0,core_logistic,0.1,200,0.1870194455792334,2025
100581,2025-07,0,core_logistic,0.1,201,0.1867956401766135,2025
100548,2025-07,0,core_logistic,0.1,202,0.1867481489818962,2025
101888,2025-07,0,core_logistic,0.1,203,0.1865106951911571,2025
101448,2025-07,0,core_logistic,0.2,1,0.4041063487719842,2025
101527,2025-07,1,core_logistic,0.2,2,0.4006974120533996,2025
100197,2025-07,0,core_logistic,0.2,3,0.3979347450503396,2025
100041,2025-07,0,core_logistic,0.2,4,0.386677350894271,2025
101471,2025-07,1,core_logistic,0.2,5,0.3780572016301833,2025
100453,2025-07,1,core_logistic,0.2,6,0.3747298220758399,2025
100587,2025-07,0,core_logistic,0.2,7,0.3705046966791739,2025
100773,2025-07,0,core_logistic,0.2,8,0.3705046966791739,2025
101883,2025-07,0,core_logistic,0.2,9,0.363199347344509,2025
101449,2025-07,1,core_logistic,0.2,10,0.3611527586876474,2025
101761,2025-07,0,core_logistic,0.2,11,0.3608870623627616,2025
100656,2025-07,0,core_logistic,0.2,12,0.3578981935196992,2025
101928,2025-07,1,core_logistic,0.2,13,0.3521676409638934,2025
102079,2025-07,1,core_logistic,0.2,14,0.3484171413966259,2025
100229,2025-07,1,core_logistic,0.2,15,0.3460675464450269,2025
101951,2025-07,0,core_logistic,0.2,16,0.3445147837524339,2025
101676,2025-07,0,core_logistic,0.2,17,0.3443253189666779,2025
100275,2025-07,0,core_logistic,0.2,18,0.3432985953287086,2025
102053,2025-07,1,core_logistic,0.2,19,0.342248068523161,2025
100218,2025-07,1,core_logistic,0.2,20,0.3396599923501692,2025
100496,2025-07,0,core_logistic,0.2,21,0.3314428419121539,2025
101726,2025-07,0,core_logistic,0.2,22,0.3304227568952251,2025
100484,2025-07,0,core_logistic,0.2,23,0.3290808535971106,2025
101466,2025-07,1,core_logistic,0.2,24,0.3289571825213279,2025
100225,2025-07,0,core_logistic,0.2,25,0.3261144745185384,2025
100017,2025-07,1,core_logistic,0.2,26,0.3258521847687946,2025
100758,2025-07,1,core_logistic,0.2,27,0.3218779158779867,2025
101140,2025-07,0,core_logistic,0.2,28,0.3205614548997456,2025
100854,2025-07,0,core_logistic,0.2,29,0.3186184632343028,2025
100276,2025-07,0,core_logistic,0.2,30,0.3165610628316121,2025
100609,2025-07,0,core_logistic,0.2,31,0.3163722487741253,2025
101952,2025-07,1,core_logistic,0.2,32,0.3158139779771556,2025
100610,2025-07,0,core_logistic,0.2,33,0.3147428468542481,2025
100704,2025-07,0,core_logistic,0.2,34,0.3138264048341871,2025
101084,2025-07,0,core_logistic,0.2,35,0.3133426475223139,2025
100530,2025-07,0,core_logistic,0.2,36,0.312016724950038,2025
101431,2025-07,1,core_logistic,0.2,37,0.3111136144818039,2025
101806,2025-07,1,core_logistic,0.2,38,0.3084047796661561,2025
100985,2025-07,0,core_logistic,0.2,39,0.307838097554081,2025
100875,2025-07,0,core_logistic,0.2,40,0.306857316541697,2025
101746,2025-07,0,core_logistic,0.2,41,0.3042843988824149,2025
101684,2025-07,1,core_logistic,0.2,42,0.3037969685395488,2025
101077,2025-07,1,core_logistic,0.2,43,0.301243005085159,2025
102029,2025-07,0,core_logistic,0.2,44,0.3008329305325983,2025
101215,2025-07,1,core_logistic,0.2,45,0.2978684952168118,2025
101990,2025-07,0,core_logistic,0.2,46,0.2948694823484969,2025
101704,2025-07,0,core_logistic,0.2,47,0.2936156556262526,2025
101455,2025-07,1,core_logistic,0.2,48,0.2927187688700077,2025
101395,2025-07,0,core_logistic,0.2,49,0.291954931634754,2025
101922,2025-07,0,core_logistic,0.2,50,0.2905772778368345,2025
100477,2025-07,0,core_logistic,0.2,51,0.2900452128572399,2025
100066,2025-07,0,core_logistic,0.2,52,0.2893342132688999,2025
101854,2025-07,0,core_logistic,0.2,53,0.2886328678137714,2025
102019,2025-07,0,core_logistic,0.2,54,0.2858517029832319,2025
100745,2025-07,0,core_logistic,0.2,55,0.2810444852267099,2025
102025,2025-07,0,core_logistic,0.2,56,0.2788504962618864,2025
100968,2025-07,0,core_logistic,0.2,57,0.2774629415441871,2025
100187,2025-07,1,core_logistic,0.2,58,0.2755014038543906,2025
100300,2025-07,1,core_logistic,0.2,59,0.2748038893455555,2025
102063,2025-07,0,core_logistic,0.2,60,0.2747006289813057,2025
101045,2025-07,0,core_logistic,0.2,61,0.2745827778868306,2025
102049,2025-07,0,core_logistic,0.2,62,0.2742502639564013,2025
101474,2025-07,1,core_logistic,0.2,63,0.2739655970481993,2025
101823,2025-07,0,core_logistic,0.2,64,0.2728769382692513,2025
102096,2025-07,1,core_logistic,0.2,65,0.2724117979108078,2025
101645,2025-07,0,core_logistic,0.2,66,0.271374787509811,2025
100193,2025-07,0,core_logistic,0.2,67,0.2703181339692302,2025
101181,2025-07,0,core_logistic,0.2,68,0.2695645053096684,2025
100298,2025-07,0,core_logistic,0.2,69,0.2662374019369756,2025
100768,2025-07,0,core_logistic,0.2,70,0.2648977309784233,2025
101365,2025-07,0,core_logistic,0.2,71,0.2629208818696593,2025
100407,2025-07,0,core_logistic,0.2,72,0.2627150193306535,2025
100727,2025-07,0,core_logistic,0.2,73,0.2625923192165211,2025
100320,2025-07,0,core_logistic,0.2,74,0.2605900248750801,2025
100746,2025-07,1,core_logistic,0.2,75,0.2601464156853865,2025
102078,2025-07,1,core_logistic,0.2,76,0.2597742054402634,2025
101719,2025-07,0,core_logistic,0.2,77,0.25938235839828,2025
101102,2025-07,0,core_logistic,0.2,78,0.2593287826351207,2025
100128,2025-07,0,core_logistic,0.2,79,0.2590395369455796,2025
101607,2025-07,1,core_logistic,0.2,80,0.2565083598461883,2025
101738,2025-07,0,core_logistic,0.2,81,0.2558075289515836,2025
101878,2025-07,0,core_logistic,0.2,82,0.2549737829812991,2025
101598,2025-07,1,core_logistic,0.2,83,0.2548534486272011,2025
101499,2025-07,0,core_logistic,0.2,84,0.2533333400011218,2025
102067,2025-07,0,core_logistic,0.2,85,0.2495426425765925,2025
101282,2025-07,0,core_logistic,0.2,86,0.2479838192362767,2025
101223,2025-07,0,core_logistic,0.2,87,0.2462192359023058,2025
101228,2025-07,0,core_logistic,0.2,88,0.2449993500653472,2025
100292,2025-07,1,core_logistic,0.2,89,0.2441970203129664,2025
100332,2025-07,0,core_logistic,0.2,90,0.2439767623507461,2025
101182,2025-07,0,core_logistic,0.2,91,0.2428905633773614,2025
101379,2025-07,0,core_logistic,0.2,92,0.2428751232523621,2025
101350,2025-07,0,core_logistic,0.2,93,0.2400578723852252,2025
101826,2025-07,0,core_logistic,0.2,94,0.2394429444299191,2025
100509,2025-07,0,core_logistic,0.2,95,0.2380421042508467,2025
101831,2025-07,1,core_logistic,0.2,96,0.2363824665734596,2025
100829,2025-07,0,core_logistic,0.2,97,0.2360883665835402,2025
100678,2025-07,0,core_logistic,0.2,98,0.2356727475448072,2025
101092,2025-07,0,core_logistic,0.2,99,0.2346520546478082,2025
101005,2025-07,0,core_logistic,0.2,100,0.2343372090399551,2025
100898,2025-07,0,core_logistic,0.2,101,0.2340881356728869,2025
100303,2025-07,0,core_logistic,0.2,102,0.2328614229988209,2025
101160,2025-07,0,core_logistic,0.2,103,0.2328539235837799,2025
101913,2025-07,0,core_logistic,0.2,104,0.2326382239038707,2025
100349,2025-07,0,core_logistic,0.2,105,0.2318317418134237,2025
101870,2025-07,1,core_logistic,0.2,106,0.2316192190258069,2025
101173,2025-07,1,core_logistic,0.2,107,0.2316117475381441,2025
101804,2025-07,0,core_logistic,0.2,108,0.2312269441154697,2025
100762,2025-07,0,core_logistic,0.2,109,0.2307377633934836,2025
100714,2025-07,1,core_logistic,0.2,110,0.2290218080155703,2025
100901,2025-07,0,core_logistic,0.2,111,0.2284892276191077,2025
101769,2025-07,0,core_logistic,0.2,112,0.2279991576794493,2025
100161,2025-07,0,core_logistic,0.2,113,0.2273450260952569,2025
101945,2025-07,1,core_logistic,0.2,114,0.2271818830453952,2025
100564,2025-07,1,core_logistic,0.2,115,0.2267386389221792,2025
100867,2025-07,0,core_logistic,0.2,116,0.2264868612015099,2025
100166,2025-07,1,core_logistic,0.2,117,0.2245638031347673,2025
101579,2025-07,0,core_logistic,0.2,118,0.2241363282891745,2025
101583,2025-07,1,core_logistic,0.2,119,0.2238598818559141,2025
101702,2025-07,0,core_logistic,0.2,120,0.2237698574528688,2025
101935,2025-07,0,core_logistic,0.2,121,0.2236671183732723,2025
100835,2025-07,0,core_logistic,0.2,122,0.2234599029199625,2025
101906,2025-07,0,core_logistic,0.2,123,0.2232605139936933,2025
101094,2025-07,0,core_logistic,0.2,124,0.2228608894186182,2025
100399,2025-07,1,core_logistic,0.2,125,0.222523535317581,2025
100752,2025-07,0,core_logistic,0.2,126,0.2222958125192226,2025
100139,2025-07,0,core_logistic,0.2,127,0.2219744789357558,2025
101030,2025-07,0,core_logistic,0.2,128,0.2219744789357558,2025
101981,2025-07,0,core_logistic,0.2,129,0.2201415324790439,2025
100340,2025-07,0,core_logistic,0.2,130,0.2186931311835114,2025
100429,2025-07,0,core_logistic,0.2,131,0.2182181293367008,2025
101384,2025-07,0,core_logistic,0.2,132,0.2169480956109677,2025
101727,2025-07,0,core_logistic,0.2,133,0.2165749571109813,2025
100215,2025-07,0,core_logistic,0.2,134,0.2152101314100055,2025
101301,2025-07,0,core_logistic,0.2,135,0.2150850066150024,2025
101493,2025-07,0,core_logistic,0.2,136,0.2134330951590886,2025
100915,2025-07,1,core_logistic,0.2,137,0.2133059541811364,2025
100873,2025-07,0,core_logistic,0.2,138,0.2132534904586171,2025
100256,2025-07,1,core_logistic,0.2,139,0.2128465585497664,2025
102059,2025-07,0,core_logistic,0.2,140,0.2127663851675514,2025
100015,2025-07,0,core_logistic,0.2,141,0.2126536508990079,2025
101752,2025-07,0,core_logistic,0.2,142,0.212181186503316,2025
101890,2025-07,1,core_logistic,0.2,143,0.2119887194887978,2025
101500,2025-07,0,core_logistic,0.2,144,0.2119561557264932,2025
101167,2025-07,0,core_logistic,0.2,145,0.2111219769919993,2025
101175,2025-07,1,core_logistic,0.2,146,0.2109298204359653,2025
101660,2025-07,0,core_logistic,0.2,147,0.2107697358686429,2025
100859,2025-07,0,core_logistic,0.2,148,0.2100317567451079,2025
100238,2025-07,0,core_logistic,0.2,149,0.2098791342268186,2025
100662,2025-07,0,core_logistic,0.2,150,0.2088874517123003,2025
101423,2025-07,0,core_logistic,0.2,151,0.2082654608031197,2025
100724,2025-07,0,core_logistic,0.2,152,0.2081661852280278,2025
100488,2025-07,1,core_logistic,0.2,153,0.2073780833590045,2025
101832,2025-07,1,core_logistic,0.2,154,0.2073780833590045,2025
101613,2025-07,1,core_logistic,0.2,155,0.2062663277017616,2025
100698,2025-07,0,core_logistic,0.2,156,0.2061234585549869,2025
100803,2025-07,0,core_logistic,0.2,157,0.2060491031612122,2025
100702,2025-07,1,core_logistic,0.2,158,0.2056057999225556,2025
101809,2025-07,1,core_logistic,0.2,159,0.2053396370671021,2025
101853,2025-07,0,core_logistic,0.2,160,0.2049345483205797,2025
100044,2025-07,0,core_logistic,0.2,161,0.2046736206440543,2025
100952,2025-07,1,core_logistic,0.2,162,0.2046736206440543,2025
101592,2025-07,1,core_logistic,0.2,163,0.2039887011362046,2025
100194,2025-07,0,core_logistic,0.2,164,0.2036601429363563,2025
101266,2025-07,0,core_logistic,0.2,165,0.2030935288580669,2025
101414,2025-07,0,core_logistic,0.2,166,0.202120366878079,2025
100672,2025-07,0,core_logistic,0.2,167,0.2018688764929585,2025
101078,2025-07,0,core_logistic,0.2,168,0.2014209963441346,2025
101881,2025-07,0,core_logistic,0.2,169,0.2013194863603142,2025
100167,2025-07,0,core_logistic,0.2,170,0.2011343564633975,2025
101246,2025-07,0,core_logistic,0.2,171,0.1990180575270079,2025
101124,2025-07,0,core_logistic,0.2,172,0.1989441152062025,2025
101902,2025-07,0,core_logistic,0.2,173,0.1986342754172886,2025
101280,2025-07,1,core_logistic,0.2,174,0.1984678181247237,2025
101813,2025-07,0,core_logistic,0.2,175,0.1979253886688696,2025
100892,2025-07,0,core_logistic,0.2,176,0.1977345397963138,2025
100083,2025-07,0,core_logistic,0.2,177,0.1976969573482061,2025
102046,2025-07,0,core_logistic,0.2,178,0.197011349687892,2025
100787,2025-07,1,core_logistic,0.2,179,0.1969177795301148,2025
100149,2025-07,0,core_logistic,0.2,180,0.1966097613404346,2025
101122,2025-07,1,core_logistic,0.2,181,0.1963785485301292,2025
100175,2025-07,0,core_logistic,0.2,182,0.1961318026858833,2025
100519,2025-07,0,core_logistic,0.2,183,0.1959957955644601,2025
100106,2025-07,0,core_logistic,0.2,184,0.1957039372685662,2025
100876,2025-07,0,core_logistic,0.2,185,0.1952254245264733,2025
102058,2025-07,0,core_logistic,0.2,186,0.1944423558945022,2025
101152,2025-07,0,core_logistic,0.2,187,0.1940817948480248,2025
101001,2025-07,0,core_logistic,0.2,188,0.1927555709811648,2025
100694,2025-07,0,core_logistic,0.2,189,0.1920691505203231,2025
100462,2025-07,0,core_logistic,0.2,190,0.1919290884330216,2025
100503,2025-07,0,core_logistic,0.2,191,0.1914304352643134,2025
101767,2025-07,1,core_logistic,0.2,192,0.1911542444574351,2025
100520,2025-07,0,core_logistic,0.2,193,0.1910741345657233,2025
101411,2025-07,0,core_logistic,0.2,194,0.190151288727553,2025
100732,2025-07,0,core_logistic,0.2,195,0.1899945401244155,2025
101226,2025-07,0,core_logistic,0.2,196,0.1892865363940406,2025
101137,2025-07,1,core_logistic,0.2,197,0.1880523996171309,2025
101011,2025-07,0,core_logistic,0.2,198,0.1877871567111291,2025
101478,2025-07,0,core_logistic,0.2,199,0.1876055092241171,2025
101932,2025-07,0,core_logistic,0.2,200,0.1870194455792334,2025
100581,2025-07,0,core_logistic,0.2,201,0.1867956401766135,2025
100548,2025-07,0,core_logistic,0.2,202,0.1867481489818962,2025
101888,2025-07,0,core_logistic,0.2,203,0.1865106951911571,2025
100883,2025-07,0,core_logistic,0.2,204,0.1864747501597363,2025
101624,2025-07,0,core_logistic,0.2,205,0.18630724926368,2025
101709,2025-07,0,core_logistic,0.2,206,0.1862052183507387,2025
102005,2025-07,0,core_logistic,0.2,207,0.1859511391781955,2025
100123,2025-07,0,core_logistic,0.2,208,0.185074644615747,2025
100817,2025-07,0,core_logistic,0.2,209,0.1845007059131566,2025
101754,2025-07,0,core_logistic,0.2,210,0.1839469613378358,2025
100067,2025-07,1,core_logistic,0.2,211,0.1834942004422903,2025
100278,2025-07,0,core_logistic,0.2,212,0.1834473592620647,2025
101320,2025-07,0,core_logistic,0.2,213,0.1825412045991803,2025
100449,2025-07,0,core_logistic,0.2,214,0.1820648971998439,2025
101776,2025-07,0,core_logistic,0.2,215,0.1816834374339127,2025
100264,2025-07,0,core_logistic,0.2,216,0.1815450184028023,2025
101779,2025-07,0,core_logistic,0.2,217,0.1814739172238713,2025
100661,2025-07,0,core_logistic,0.2,218,0.1812834193177205,2025
101841,2025-07,1,core_logistic,0.2,219,0.1805849953678142,2025
100818,2025-07,0,core_logistic,0.2,220,0.180416715781481,2025
101916,2025-07,0,core_logistic,0.2,221,0.1796213268295341,2025
101332,2025-07,0,core_logistic,0.2,222,0.1793366557998452,2025
101482,2025-07,0,core_logistic,0.2,223,0.1789155719184845,2025
100259,2025-07,0,core_logistic,0.2,224,0.178758759303879,2025
100653,2025-07,0,core_logistic,0.2,225,0.1784085318258606,2025
101680,2025-07,0,core_logistic,0.2,226,0.1776420011402942,2025
102044,2025-07,0,core_logistic,0.2,227,0.1772996128527476,2025
102075,2025-07,1,core_logistic,0.2,228,0.1772229250232923,2025
100935,2025-07,1,core_logistic,0.2,229,0.1770033721651274,2025
100686,2025-07,1,core_logistic,0.2,230,0.1767961662540802,2025
100283,2025-07,0,core_logistic,0.2,231,0.1765590093021563,2025
101009,2025-07,0,core_logistic,0.2,232,0.1764672602296396,2025
100376,2025-07,0,core_logistic,0.2,233,0.1763916200220303,2025
100977,2025-07,0,core_logistic,0.2,234,0.1755839995486098,2025
101882,2025-07,0,core_logistic,0.2,235,0.1755565440488579,2025
100029,2025-07,0,core_logistic,0.2,236,0.1751653109097394,2025
101044,2025-07,0,core_logistic,0.2,237,0.1751592453625002,2025
101018,2025-07,0,core_logistic,0.2,238,0.1749719196438806,2025
100540,2025-07,0,core_logistic,0.2,239,0.1748625963891757,2025
101720,2025-07,0,core_logistic,0.2,240,0.1746392955947733,2025
102094,2025-07,0,core_logistic,0.2,241,0.1744615877108148,2025
101046,2025-07,0,core_logistic,0.2,242,0.1743646031280253,2025
101763,2025-07,0,core_logistic,0.2,243,0.1738957326128975,2025
101690,2025-07,0,core_logistic,0.2,244,0.1738323147368098,2025
101917,2025-07,0,core_logistic,0.2,245,0.1727147254242703,2025
102013,2025-07,0,core_logistic,0.2,246,0.1722020242222822,2025
101629,2025-07,1,core_logistic,0.2,247,0.1717485338030047,2025
101378,2025-07,0,core_logistic,0.2,248,0.1712911978099267,2025
101512,2025-07,0,core_logistic,0.2,249,0.170774407645024,2025
100626,2025-07,1,core_logistic,0.2,250,0.1707468030496522,2025
101373,2025-07,0,core_logistic,0.2,251,0.170258112618535,2025
101594,2025-07,0,core_logistic,0.2,252,0.1687375113694697,2025
101721,2025-07,0,core_logistic,0.2,253,0.1680253683133529,2025
100411,2025-07,1,core_logistic,0.2,254,0.1679691930549595,2025
100992,2025-07,0,core_logistic,0.2,255,0.1675324202463876,2025
101507,2025-07,0,core_logistic,0.2,256,0.167449023768122,2025
100487,2025-07,0,core_logistic,0.2,257,0.1672114013494083,2025
101953,2025-07,0,core_logistic,0.2,258,0.1672094328205429,2025
101169,2025-07,1,core_logistic,0.2,259,0.1671888665962696,2025
100913,2025-07,0,core_logistic,0.2,260,0.1670491093253689,2025
100975,2025-07,0,core_logistic,0.2,261,0.1668077331445428,2025
100583,2025-07,0,core_logistic,0.2,262,0.1666535480881675,2025
100422,2025-07,0,core_logistic,0.2,263,0.1666418875421941,2025
101869,2025-07,0,core_logistic,0.2,264,0.1663524834700085,2025
101097,2025-07,1,core_logistic,0.2,265,0.1659630772823364,2025
101227,2025-07,0,core_logistic,0.2,266,0.1657335127298078,2025
100143,2025-07,0,core_logistic,0.2,267,0.1655365198359224,2025
101777,2025-07,1,core_logistic,0.2,268,0.1654649496939035,2025
100214,2025-07,0,core_logistic,0.2,269,0.1653905337021177,2025
101418,2025-07,0,core_logistic,0.2,270,0.1652301470652961,2025
101135,2025-07,0,core_logistic,0.2,271,0.1643546413995015,2025
101944,2025-07,0,core_logistic,0.2,272,0.1637488434555934,2025
102090,2025-07,0,core_logistic,0.2,273,0.163649084911425,2025
101886,2025-07,0,core_logistic,0.2,274,0.1628696513823164,2025
100949,2025-07,0,core_logistic,0.2,275,0.1628609615979561,2025
100848,2025-07,0,core_logistic,0.2,276,0.1609097250181253,2025
101543,2025-07,0,core_logistic,0.2,277,0.1608863424592319,2025
100148,2025-07,0,core_logistic,0.2,278,0.1608312967210993,2025
101032,2025-07,1,core_logistic,0.2,279,0.1607486120595421,2025
100387,2025-07,0,core_logistic,0.2,280,0.1605334611085863,2025
101184,2025-07,0,core_logistic,0.2,281,0.1602511201547532,2025
101155,2025-07,0,core_logistic,0.2,282,0.1601037319521284,2025
101237,2025-07,0,core_logistic,0.2,283,0.1599135683268306,2025
100620,2025-07,0,core_logistic,0.2,284,0.1598184921935493,2025
101436,2025-07,1,core_logistic,0.2,285,0.159350633545466,2025
101083,2025-07,1,core_logistic,0.2,286,0.159169125060836,2025
100211,2025-07,0,core_logistic,0.2,287,0.1590225435545025,2025
101712,2025-07,1,core_logistic,0.2,288,0.1588927352395551,2025
101516,2025-07,0,core_logistic,0.2,289,0.1586743093906386,2025
100479,2025-07,0,core_logistic,0.2,290,0.1586598816417499,2025
100104,2025-07,0,core_logistic,0.2,291,0.1586433855495503,2025
100331,2025-07,0,core_logistic,0.2,292,0.1585907195848968,2025
100579,2025-07,0,core_logistic,0.2,293,0.1583670350332217,2025
100560,2025-07,0,core_logistic,0.2,294,0.1580056688234044,2025
101128,2025-07,0,core_logistic,0.2,295,0.1579416999263046,2025
100665,2025-07,0,core_logistic,0.2,296,0.1574948502282715,2025
101256,2025-07,0,core_logistic,0.2,297,0.1574337730296437,2025
101798,2025-07,0,core_logistic,0.2,298,0.1572953782212216,2025
100185,2025-07,0,core_logistic,0.2,299,0.1571340124302562,2025
100945,2025-07,0,core_logistic,0.2,300,0.1565911334369769,2025
100741,2025-07,0,core_logistic,0.2,301,0.1563564938815812,2025
101790,2025-07,0,core_logistic,0.2,302,0.1562046245555192,2025
101788,2025-07,0,core_logistic,0.2,303,0.1559262094873803,2025
101656,2025-07,0,core_logistic,0.2,304,0.1558577075911981,2025
101026,2025-07,0,core_logistic,0.2,305,0.1558382763200603,2025
101104,2025-07,0,core_logistic,0.2,306,0.1555292732584357,2025
101421,2025-07,0,core_logistic,0.2,307,0.15540915532617,2025
101364,2025-07,0,core_logistic,0.2,308,0.1553121441176278,2025
101219,2025-07,0,core_logistic,0.2,309,0.1547805844458532,2025
101120,2025-07,1,core_logistic,0.2,310,0.1547225231414113,2025
100823,2025-07,0,core_logistic,0.2,311,0.1545595196825424,2025
101839,2025-07,0,core_logistic,0.2,312,0.1544090763054378,2025
100365,2025-07,1,core_logistic,0.2,313,0.154246416892279,2025
101322,2025-07,1,core_logistic,0.2,314,0.1542179649130993,2025
100131,2025-07,0,core_logistic,0.2,315,0.1538478196686176,2025
100790,2025-07,0,core_logistic,0.2,316,0.153734225701163,2025
100425,2025-07,1,core_logistic,0.2,317,0.1525957301124398,2025
101298,2025-07,0,core_logistic,0.2,318,0.1524237921619622,2025
101207,2025-07,0,core_logistic,0.2,319,0.1523850267162216,2025
100929,2025-07,0,core_logistic,0.2,320,0.1523796042673209,2025
100936,2025-07,0,core_logistic,0.2,321,0.1522926762258603,2025
101317,2025-07,0,core_logistic,0.2,322,0.1518525383068967,2025
101626,2025-07,0,core_logistic,0.2,323,0.1517794215582716,2025
101550,2025-07,0,core_logistic,0.2,324,0.1517147586565945,2025
101820,2025-07,0,core_logistic,0.2,325,0.1514884913979824,2025
100826,2025-07,0,core_logistic,0.2,326,0.1512895666854802,2025
100986,2025-07,0,core_logistic,0.2,327,0.1512601265059743,2025
100643,2025-07,0,core_logistic,0.2,328,0.1510047904099266,2025
100393,2025-07,0,core_logistic,0.2,329,0.1509276065379671,2025
100744,2025-07,0,core_logistic,0.2,330,0.1508116884818774,2025
101447,2025-07,0,core_logistic,0.2,331,0.1507746923703589,2025
100946,2025-07,0,core_logistic,0.2,332,0.1507254506777896,2025
100518,2025-07,0,core_logistic,0.2,333,0.1500253178994514,2025
100593,2025-07,0,core_logistic,0.2,334,0.1489147766286213,2025
100629,2025-07,0,core_logistic,0.2,335,0.1487738782493485,2025
101492,2025-07,0,core_logistic,0.2,336,0.1486729591180042,2025
100696,2025-07,1,core_logistic,0.2,337,0.1483834230247632,2025
101919,2025-07,0,core_logistic,0.2,338,0.1479993223927079,2025
100669,2025-07,0,core_logistic,0.2,339,0.1476160462098243,2025
100314,2025-07,0,core_logistic,0.2,340,0.1476004969187742,2025
100574,2025-07,0,core_logistic,0.2,341,0.1470870486380643,2025
101314,2025-07,0,core_logistic,0.2,342,0.1470320315161449,2025
101050,2025-07,0,core_logistic,0.2,343,0.1463625729045675,2025
101824,2025-07,0,core_logistic,0.2,344,0.1457861367868061,2025
102089,2025-07,0,core_logistic,0.2,345,0.1457502058372209,2025
100383,2025-07,0,core_logistic,0.2,346,0.1456068603811072,2025
100063,2025-07,0,core_logistic,0.2,347,0.1453857988696862,2025
100631,2025-07,0,core_logistic,0.2,348,0.1442388521263652,2025
101991,2025-07,0,core_logistic,0.2,349,0.1440347967281176,2025
100943,2025-07,0,core_logistic,0.2,350,0.1436274841437157,2025
100723,2025-07,0,core_logistic,0.2,351,0.1431797360157926,2025
101549,2025-07,1,core_logistic,0.2,352,0.1431697254596378,2025
101327,2025-07,0,core_logistic,0.2,353,0.1431342880387825,2025
100990,2025-07,0,core_logistic,0.2,354,0.1428770938352201,2025
101509,2025-07,0,core_logistic,0.2,355,0.1428178496731019,2025
100627,2025-07,0,core_logistic,0.2,356,0.1426167648517445,2025
101971,2025-07,0,core_logistic,0.2,357,0.1422785612243803,2025
100203,2025-07,0,core_logistic,0.2,358,0.1422496501348604,2025
100608,2025-07,0,core_logistic,0.2,359,0.1421380620197689,2025
100170,2025-07,1,core_logistic,0.2,360,0.1419208686869008,2025
100414,2025-07,0,core_logistic,0.2,361,0.1413427438743679,2025
101127,2025-07,0,core_logistic,0.2,362,0.1410105116970277,2025
100628,2025-07,1,core_logistic,0.2,363,0.140928705101984,2025
102027,2025-07,0,core_logistic,0.2,364,0.1408838541591316,2025
101229,2025-07,0,core_logistic,0.2,365,0.1407893200729983,2025
100253,2025-07,0,core_logistic,0.2,366,0.1405783546664549,2025
100173,2025-07,0,core_logistic,0.2,367,0.1405108958272397,2025
100585,2025-07,0,core_logistic,0.2,368,0.1403848987246662,2025
100905,2025-07,0,core_logistic,0.2,369,0.1401220334982499,2025
100947,2025-07,0,core_logistic,0.2,370,0.1399981235646148,2025
101343,2025-07,0,core_logistic,0.2,371,0.1394131464739225,2025
101615,2025-07,1,core_logistic,0.2,372,0.1393346101434236,2025
100024,2025-07,0,core_logistic,0.2,373,0.1392589333954826,2025
101589,2025-07,0,core_logistic,0.2,374,0.1389257846290365,2025
100363,2025-07,0,core_logistic,0.2,375,0.1385700746386936,2025
101076,2025-07,1,core_logistic,0.2,376,0.1383755753637384,2025
100230,2025-07,0,core_logistic,0.2,377,0.1380357518812024,2025
100815,2025-07,1,core_logistic,0.2,378,0.1379816865786287,2025
101691,2025-07,0,core_logistic,0.2,379,0.1374121350966919,2025
100388,2025-07,0,core_logistic,0.2,380,0.1373956807046153,2025
101808,2025-07,0,core_logistic,0.2,381,0.1373907051787558,2025
101071,2025-07,0,core_logistic,0.2,382,0.1373548356505649,2025
100700,2025-07,0,core_logistic,0.2,383,0.1371112898318292,2025
101410,2025-07,0,core_logistic,0.2,384,0.1370596838127516,2025
101605,2025-07,0,core_logistic,0.2,385,0.1370030887026128,2025
100705,2025-07,0,core_logistic,0.2,386,0.1368070116302098,2025
101312,2025-07,0,core_logistic,0.2,387,0.136727052475567,2025
102050,2025-07,0,core_logistic,0.2,388,0.1366049698331886,2025
101893,2025-07,0,core_logistic,0.2,389,0.1365770280454817,2025
100385,2025-07,0,core_logistic,0.2,390,0.1357765487573706,2025
101800,2025-07,0,core_logistic,0.2,391,0.135765802851107,2025
100796,2025-07,0,core_logistic,0.2,392,0.1356431122876074,2025
101634,2025-07,0,core_logistic,0.2,393,0.1355730048520752,2025
101156,2025-07,1,core_logistic,0.2,394,0.1353494071227329,2025
102045,2025-07,0,core_logistic,0.2,395,0.1353189708519696,2025
101484,2025-07,1,core_logistic,0.2,396,0.1350435231293926,2025
101697,2025-07,0,core_logistic,0.2,397,0.1350339917743762,2025
100650,2025-07,0,core_logistic,0.2,398,0.1347216917260925,2025
100932,2025-07,0,core_logistic,0.2,399,0.1347142620768503,2025
100757,2025-07,0,core_logistic,0.2,400,0.1346260286606919,2025
100177,2025-07,0,core_logistic,0.2,401,0.1345923737918608,2025
100846,2025-07,0,core_logistic,0.2,402,0.1343022338442209,2025
100345,2025-07,0,core_logistic,0.2,403,0.1342509087393731,2025
101623,2025-07,0,core_logistic,0.2,404,0.1338498835652448,2025
101673,2025-07,0,core_logistic,0.2,405,0.133495330502666,2025
101527,2025-07,1,extended_logistic,0.05,1,0.4412139552863297,2025
101448,2025-07,0,extended_logistic,0.05,2,0.4289948755880207,2025
100041,2025-07,0,extended_logistic,0.05,3,0.4236622316257549,2025
100453,2025-07,1,extended_logistic,0.05,4,0.4214862503937308,2025
100587,2025-07,0,extended_logistic,0.05,5,0.4178285737276508,2025
101928,2025-07,1,extended_logistic,0.05,6,0.3982249147859144,2025
101449,2025-07,1,extended_logistic,0.05,7,0.3923030439632887,2025
100276,2025-07,0,extended_logistic,0.05,8,0.3869327722513822,2025
101466,2025-07,1,extended_logistic,0.05,9,0.3744752342466313,2025
100300,2025-07,1,extended_logistic,0.05,10,0.3700010258703893,2025
100229,2025-07,1,extended_logistic,0.05,11,0.3699235474356513,2025
100197,2025-07,0,extended_logistic,0.05,12,0.3643277075034121,2025
100758,2025-07,1,extended_logistic,0.05,13,0.3626641689569884,2025
101471,2025-07,1,extended_logistic,0.05,14,0.3611733183866648,2025
102029,2025-07,0,extended_logistic,0.05,15,0.3580389532758338,2025
100773,2025-07,0,extended_logistic,0.05,16,0.3553160428308118,2025
101140,2025-07,0,extended_logistic,0.05,17,0.3509976850548483,2025
101746,2025-07,0,extended_logistic,0.05,18,0.3497862176168565,2025
100225,2025-07,0,extended_logistic,0.05,19,0.3464027350591537,2025
102079,2025-07,1,extended_logistic,0.05,20,0.346372131811018,2025
101952,2025-07,1,extended_logistic,0.05,21,0.344299653112695,2025
100187,2025-07,1,extended_logistic,0.05,22,0.3435330788144078,2025
101431,2025-07,1,extended_logistic,0.05,23,0.3403278925155544,2025
101215,2025-07,1,extended_logistic,0.05,24,0.33957239558488,2025
101951,2025-07,0,extended_logistic,0.05,25,0.3358600691684552,2025
100835,2025-07,0,extended_logistic,0.05,26,0.3334026077368581,2025
101806,2025-07,1,extended_logistic,0.05,27,0.3320632448632656,2025
100017,2025-07,1,extended_logistic,0.05,28,0.3287805086753825,2025
101365,2025-07,0,extended_logistic,0.05,29,0.3277396880324489,2025
101395,2025-07,0,extended_logistic,0.05,30,0.3239936242121417,2025
102053,2025-07,1,extended_logistic,0.05,31,0.3234667628642936,2025
101607,2025-07,1,extended_logistic,0.05,32,0.32322537118129,2025
101883,2025-07,0,extended_logistic,0.05,33,0.3210266475129905,2025
100066,2025-07,0,extended_logistic,0.05,34,0.3206768821008341,2025
100875,2025-07,0,extended_logistic,0.05,35,0.3196726975270114,2025
101726,2025-07,0,extended_logistic,0.05,36,0.3171549041586506,2025
100610,2025-07,0,extended_logistic,0.05,37,0.3147794051557114,2025
100745,2025-07,0,extended_logistic,0.05,38,0.3125680274108578,2025
101882,2025-07,0,extended_logistic,0.05,39,0.3120445428988023,2025
100477,2025-07,0,extended_logistic,0.05,40,0.3110037844046303,2025
100332,2025-07,0,extended_logistic,0.05,41,0.307607964329098,2025
101878,2025-07,0,extended_logistic,0.05,42,0.3044137428503439,2025
101823,2025-07,0,extended_logistic,0.05,43,0.3030435855131188,2025
100484,2025-07,0,extended_logistic,0.05,44,0.3027352455341697,2025
101922,2025-07,0,extended_logistic,0.05,45,0.3022573464852813,2025
100161,2025-07,0,extended_logistic,0.05,46,0.3013570992233028,2025
102096,2025-07,1,extended_logistic,0.05,47,0.2991657754689723,2025
101084,2025-07,0,extended_logistic,0.05,48,0.2969480353059383,2025
100968,2025-07,0,extended_logistic,0.05,49,0.2963364250919524,2025
100704,2025-07,0,extended_logistic,0.05,50,0.2952947229375485,2025
100298,2025-07,0,extended_logistic,0.05,51,0.2951185470250862,2025
101684,2025-07,1,extended_logistic,0.05,52,0.2941477255654525,2025
100193,2025-07,0,extended_logistic,0.05,53,0.2940926540377412,2025
101181,2025-07,0,extended_logistic,0.05,54,0.2915084475651577,2025
101990,2025-07,0,extended_logistic,0.05,55,0.2903448406797045,2025
100215,2025-07,0,extended_logistic,0.05,56,0.2899202997605516,2025
101676,2025-07,0,extended_logistic,0.05,57,0.2896545492230713,2025
100218,2025-07,1,extended_logistic,0.05,58,0.2875840213040544,2025
100985,2025-07,0,extended_logistic,0.05,59,0.2853917346482388,2025
101474,2025-07,1,extended_logistic,0.05,60,0.2852361211213854,2025
100656,2025-07,0,extended_logistic,0.05,61,0.2820986600234659,2025
101077,2025-07,1,extended_logistic,0.05,62,0.2814082273567854,2025
100530,2025-07,0,extended_logistic,0.05,63,0.2810902091740925,2025
101045,2025-07,0,extended_logistic,0.05,64,0.2810308563072181,2025
100752,2025-07,0,extended_logistic,0.05,65,0.2799044039533209,2025
102063,2025-07,0,extended_logistic,0.05,66,0.2762519290851594,2025
101500,2025-07,0,extended_logistic,0.05,67,0.2757482015368754,2025
100275,2025-07,0,extended_logistic,0.05,68,0.2753491699309439,2025
101499,2025-07,0,extended_logistic,0.05,69,0.2749644375430551,2025
100768,2025-07,0,extended_logistic,0.05,70,0.274343012623209,2025
100714,2025-07,1,extended_logistic,0.05,71,0.2736822683997248,2025
101423,2025-07,0,extended_logistic,0.05,72,0.2723738337089606,2025
100854,2025-07,0,extended_logistic,0.05,73,0.2672668652487471,2025
101704,2025-07,0,extended_logistic,0.05,74,0.2670884016848124,2025
102078,2025-07,1,extended_logistic,0.05,75,0.2667112277781313,2025
101761,2025-07,0,extended_logistic,0.05,76,0.2643060090469079,2025
100929,2025-07,0,extended_logistic,0.05,77,0.2637086432640568,2025
101854,2025-07,0,extended_logistic,0.05,78,0.2633200860233601,2025
100915,2025-07,1,extended_logistic,0.05,79,0.2632466940558394,2025
100787,2025-07,1,extended_logistic,0.05,80,0.2607530109667765,2025
101175,2025-07,1,extended_logistic,0.05,81,0.2547563487038102,2025
101455,2025-07,1,extended_logistic,0.05,82,0.2514797621925913,2025
100727,2025-07,0,extended_logistic,0.05,83,0.2510808291379628,2025
100518,2025-07,0,extended_logistic,0.05,84,0.2505748045276182,2025
101182,2025-07,0,extended_logistic,0.05,85,0.2505174285255369,2025
101767,2025-07,1,extended_logistic,0.05,86,0.2497291584067055,2025
100892,2025-07,0,extended_logistic,0.05,87,0.2469771837268545,2025
101719,2025-07,0,extended_logistic,0.05,88,0.2464851870805302,2025
101906,2025-07,0,extended_logistic,0.05,89,0.2458441448733234,2025
101411,2025-07,0,extended_logistic,0.05,90,0.2447301150862584,2025
101266,2025-07,0,extended_logistic,0.05,91,0.2441450582168274,2025
101579,2025-07,0,extended_logistic,0.05,92,0.2438707838952357,2025
102019,2025-07,0,extended_logistic,0.05,93,0.240643836740001,2025
100803,2025-07,0,extended_logistic,0.05,94,0.2405678472093604,2025
101721,2025-07,0,extended_logistic,0.05,95,0.2405434849768674,2025
100519,2025-07,0,extended_logistic,0.05,96,0.2402052766145118,2025
102059,2025-07,0,extended_logistic,0.05,97,0.2388831710693244,2025
101738,2025-07,0,extended_logistic,0.05,98,0.2387543104823233,2025
101493,2025-07,0,extended_logistic,0.05,99,0.2385486896329923,2025
100488,2025-07,1,extended_logistic,0.05,100,0.2382891450516279,2025
101645,2025-07,0,extended_logistic,0.05,101,0.2369836718501533,2025
100653,2025-07,0,extended_logistic,0.05,102,0.2352343324322829,2025
101527,2025-07,1,extended_logistic,0.1,1,0.4412139552863297,2025
101448,2025-07,0,extended_logistic,0.1,2,0.4289948755880207,2025
100041,2025-07,0,extended_logistic,0.1,3,0.4236622316257549,2025
100453,2025-07,1,extended_logistic,0.1,4,0.4214862503937308,2025
100587,2025-07,0,extended_logistic,0.1,5,0.4178285737276508,2025
101928,2025-07,1,extended_logistic,0.1,6,0.3982249147859144,2025
101449,2025-07,1,extended_logistic,0.1,7,0.3923030439632887,2025
100276,2025-07,0,extended_logistic,0.1,8,0.3869327722513822,2025
101466,2025-07,1,extended_logistic,0.1,9,0.3744752342466313,2025
100300,2025-07,1,extended_logistic,0.1,10,0.3700010258703893,2025
100229,2025-07,1,extended_logistic,0.1,11,0.3699235474356513,2025
100197,2025-07,0,extended_logistic,0.1,12,0.3643277075034121,2025
100758,2025-07,1,extended_logistic,0.1,13,0.3626641689569884,2025
101471,2025-07,1,extended_logistic,0.1,14,0.3611733183866648,2025
102029,2025-07,0,extended_logistic,0.1,15,0.3580389532758338,2025
100773,2025-07,0,extended_logistic,0.1,16,0.3553160428308118,2025
101140,2025-07,0,extended_logistic,0.1,17,0.3509976850548483,2025
101746,2025-07,0,extended_logistic,0.1,18,0.3497862176168565,2025
100225,2025-07,0,extended_logistic,0.1,19,0.3464027350591537,2025
102079,2025-07,1,extended_logistic,0.1,20,0.346372131811018,2025
101952,2025-07,1,extended_logistic,0.1,21,0.344299653112695,2025
100187,2025-07,1,extended_logistic,0.1,22,0.3435330788144078,2025
101431,2025-07,1,extended_logistic,0.1,23,0.3403278925155544,2025
101215,2025-07,1,extended_logistic,0.1,24,0.33957239558488,2025
101951,2025-07,0,extended_logistic,0.1,25,0.3358600691684552,2025
100835,2025-07,0,extended_logistic,0.1,26,0.3334026077368581,2025
101806,2025-07,1,extended_logistic,0.1,27,0.3320632448632656,2025
100017,2025-07,1,extended_logistic,0.1,28,0.3287805086753825,2025
101365,2025-07,0,extended_logistic,0.1,29,0.3277396880324489,2025
101395,2025-07,0,extended_logistic,0.1,30,0.3239936242121417,2025
102053,2025-07,1,extended_logistic,0.1,31,0.3234667628642936,2025
101607,2025-07,1,extended_logistic,0.1,32,0.32322537118129,2025
101883,2025-07,0,extended_logistic,0.1,33,0.3210266475129905,2025
100066,2025-07,0,extended_logistic,0.1,34,0.3206768821008341,2025
100875,2025-07,0,extended_logistic,0.1,35,0.3196726975270114,2025
101726,2025-07,0,extended_logistic,0.1,36,0.3171549041586506,2025
100610,2025-07,0,extended_logistic,0.1,37,0.3147794051557114,2025
100745,2025-07,0,extended_logistic,0.1,38,0.3125680274108578,2025
101882,2025-07,0,extended_logistic,0.1,39,0.3120445428988023,2025
100477,2025-07,0,extended_logistic,0.1,40,0.3110037844046303,2025
100332,2025-07,0,extended_logistic,0.1,41,0.307607964329098,2025
101878,2025-07,0,extended_logistic,0.1,42,0.3044137428503439,2025
101823,2025-07,0,extended_logistic,0.1,43,0.3030435855131188,2025
100484,2025-07,0,extended_logistic,0.1,44,0.3027352455341697,2025
101922,2025-07,0,extended_logistic,0.1,45,0.3022573464852813,2025
100161,2025-07,0,extended_logistic,0.1,46,0.3013570992233028,2025
102096,2025-07,1,extended_logistic,0.1,47,0.2991657754689723,2025
101084,2025-07,0,extended_logistic,0.1,48,0.2969480353059383,2025
100968,2025-07,0,extended_logistic,0.1,49,0.2963364250919524,2025
100704,2025-07,0,extended_logistic,0.1,50,0.2952947229375485,2025
100298,2025-07,0,extended_logistic,0.1,51,0.2951185470250862,2025
101684,2025-07,1,extended_logistic,0.1,52,0.2941477255654525,2025
100193,2025-07,0,extended_logistic,0.1,53,0.2940926540377412,2025
101181,2025-07,0,extended_logistic,0.1,54,0.2915084475651577,2025
101990,2025-07,0,extended_logistic,0.1,55,0.2903448406797045,2025
100215,2025-07,0,extended_logistic,0.1,56,0.2899202997605516,2025
101676,2025-07,0,extended_logistic,0.1,57,0.2896545492230713,2025
100218,2025-07,1,extended_logistic,0.1,58,0.2875840213040544,2025
100985,2025-07,0,extended_logistic,0.1,59,0.2853917346482388,2025
101474,2025-07,1,extended_logistic,0.1,60,0.2852361211213854,2025
100656,2025-07,0,extended_logistic,0.1,61,0.2820986600234659,2025
101077,2025-07,1,extended_logistic,0.1,62,0.2814082273567854,2025
100530,2025-07,0,extended_logistic,0.1,63,0.2810902091740925,2025
101045,2025-07,0,extended_logistic,0.1,64,0.2810308563072181,2025
100752,2025-07,0,extended_logistic,0.1,65,0.2799044039533209,2025
102063,2025-07,0,extended_logistic,0.1,66,0.2762519290851594,2025
101500,2025-07,0,extended_logistic,0.1,67,0.2757482015368754,2025
100275,2025-07,0,extended_logistic,0.1,68,0.2753491699309439,2025
101499,2025-07,0,extended_logistic,0.1,69,0.2749644375430551,2025
100768,2025-07,0,extended_logistic,0.1,70,0.274343012623209,2025
100714,2025-07,1,extended_logistic,0.1,71,0.2736822683997248,2025
101423,2025-07,0,extended_logistic,0.1,72,0.2723738337089606,2025
100854,2025-07,0,extended_logistic,0.1,73,0.2672668652487471,2025
101704,2025-07,0,extended_logistic,0.1,74,0.2670884016848124,2025
102078,2025-07,1,extended_logistic,0.1,75,0.2667112277781313,2025
101761,2025-07,0,extended_logistic,0.1,76,0.2643060090469079,2025
100929,2025-07,0,extended_logistic,0.1,77,0.2637086432640568,2025
101854,2025-07,0,extended_logistic,0.1,78,0.2633200860233601,2025
100915,2025-07,1,extended_logistic,0.1,79,0.2632466940558394,2025
100787,2025-07,1,extended_logistic,0.1,80,0.2607530109667765,2025
101175,2025-07,1,extended_logistic,0.1,81,0.2547563487038102,2025
101455,2025-07,1,extended_logistic,0.1,82,0.2514797621925913,2025
100727,2025-07,0,extended_logistic,0.1,83,0.2510808291379628,2025
100518,2025-07,0,extended_logistic,0.1,84,0.2505748045276182,2025
101182,2025-07,0,extended_logistic,0.1,85,0.2505174285255369,2025
101767,2025-07,1,extended_logistic,0.1,86,0.2497291584067055,2025
100892,2025-07,0,extended_logistic,0.1,87,0.2469771837268545,2025
101719,2025-07,0,extended_logistic,0.1,88,0.2464851870805302,2025
101906,2025-07,0,extended_logistic,0.1,89,0.2458441448733234,2025
101411,2025-07,0,extended_logistic,0.1,90,0.2447301150862584,2025
101266,2025-07,0,extended_logistic,0.1,91,0.2441450582168274,2025
101579,2025-07,0,extended_logistic,0.1,92,0.2438707838952357,2025
102019,2025-07,0,extended_logistic,0.1,93,0.240643836740001,2025
100803,2025-07,0,extended_logistic,0.1,94,0.2405678472093604,2025
101721,2025-07,0,extended_logistic,0.1,95,0.2405434849768674,2025
100519,2025-07,0,extended_logistic,0.1,96,0.2402052766145118,2025
102059,2025-07,0,extended_logistic,0.1,97,0.2388831710693244,2025
101738,2025-07,0,extended_logistic,0.1,98,0.2387543104823233,2025
101493,2025-07,0,extended_logistic,0.1,99,0.2385486896329923,2025
100488,2025-07,1,extended_logistic,0.1,100,0.2382891450516279,2025
101645,2025-07,0,extended_logistic,0.1,101,0.2369836718501533,2025
100653,2025-07,0,extended_logistic,0.1,102,0.2352343324322829,2025
100901,2025-07,0,extended_logistic,0.1,103,0.2348532283135712,2025
101932,2025-07,0,extended_logistic,0.1,104,0.2344130831513125,2025
100509,2025-07,0,extended_logistic,0.1,105,0.2343507236355172,2025
100320,2025-07,0,extended_logistic,0.1,106,0.2337982856529354,2025
100496,2025-07,0,extended_logistic,0.1,107,0.2334856684533162,2025
100564,2025-07,1,extended_logistic,0.1,108,0.2333456177611832,2025
100425,2025-07,1,extended_logistic,0.1,109,0.2331605776228238,2025
100859,2025-07,0,extended_logistic,0.1,110,0.2320482409839061,2025
101280,2025-07,1,extended_logistic,0.1,111,0.2306561092809138,2025
100898,2025-07,0,extended_logistic,0.1,112,0.2303190513418219,2025
100083,2025-07,0,extended_logistic,0.1,113,0.230302603198215,2025
101613,2025-07,1,extended_logistic,0.1,114,0.230102427648155,2025
100992,2025-07,0,extended_logistic,0.1,115,0.2298846100582645,2025
101853,2025-07,0,extended_logistic,0.1,116,0.2294396317776069,2025
101888,2025-07,0,extended_logistic,0.1,117,0.228248282088471,2025
101763,2025-07,0,extended_logistic,0.1,118,0.2269188993495357,2025
101583,2025-07,1,extended_logistic,0.1,119,0.2264109753434139,2025
102046,2025-07,0,extended_logistic,0.1,120,0.2262496397455674,2025
101754,2025-07,0,extended_logistic,0.1,121,0.2260014394082304,2025
102090,2025-07,0,extended_logistic,0.1,122,0.2258932929314734,2025
100818,2025-07,0,extended_logistic,0.1,123,0.2254500194762811,2025
100732,2025-07,0,extended_logistic,0.1,124,0.2249960263977895,2025
100407,2025-07,0,extended_logistic,0.1,125,0.2247041203569004,2025
101507,2025-07,0,extended_logistic,0.1,126,0.2242019332822598,2025
101414,2025-07,0,extended_logistic,0.1,127,0.2234339714765544,2025
101320,2025-07,0,extended_logistic,0.1,128,0.223359226545437,2025
101137,2025-07,1,extended_logistic,0.1,129,0.222665058909582,2025
101032,2025-07,1,extended_logistic,0.1,130,0.2225906228420174,2025
101841,2025-07,1,extended_logistic,0.1,131,0.2208724384197793,2025
102067,2025-07,0,extended_logistic,0.1,132,0.2204876342531846,2025
101228,2025-07,0,extended_logistic,0.1,133,0.2202438752779925,2025
100292,2025-07,1,extended_logistic,0.1,134,0.2197668689606723,2025
100609,2025-07,0,extended_logistic,0.1,135,0.2195371971574391,2025
101418,2025-07,0,extended_logistic,0.1,136,0.2193785448597872,2025
100686,2025-07,1,extended_logistic,0.1,137,0.2193299402119699,2025
100256,2025-07,1,extended_logistic,0.1,138,0.2186301926954587,2025
102005,2025-07,0,extended_logistic,0.1,139,0.2177935606471557,2025
101384,2025-07,0,extended_logistic,0.1,140,0.2167156574888722,2025
100548,2025-07,0,extended_logistic,0.1,141,0.2164459128603041,2025
101881,2025-07,0,extended_logistic,0.1,142,0.2164298528250478,2025
101350,2025-07,0,extended_logistic,0.1,143,0.214522408793029,2025
101804,2025-07,0,extended_logistic,0.1,144,0.2143553404627447,2025
100303,2025-07,0,extended_logistic,0.1,145,0.2130934840431602,2025
100873,2025-07,0,extended_logistic,0.1,146,0.2117108998276619,2025
100259,2025-07,0,extended_logistic,0.1,147,0.211485544225584,2025
101124,2025-07,0,extended_logistic,0.1,148,0.2110152735219279,2025
101322,2025-07,1,extended_logistic,0.1,149,0.2104124095790333,2025
100149,2025-07,0,extended_logistic,0.1,150,0.2102818099711691,2025
100626,2025-07,1,extended_logistic,0.1,151,0.2102099045931861,2025
101379,2025-07,0,extended_logistic,0.1,152,0.2100335844612899,2025
101030,2025-07,0,extended_logistic,0.1,153,0.2100249854321471,2025
102049,2025-07,0,extended_logistic,0.1,154,0.2086365399718717,2025
100829,2025-07,0,extended_logistic,0.1,155,0.2084276195646617,2025
101697,2025-07,0,extended_logistic,0.1,156,0.2070056383909747,2025
100694,2025-07,0,extended_logistic,0.1,157,0.2068411907441504,2025
101790,2025-07,0,extended_logistic,0.1,158,0.2055431282250735,2025
101173,2025-07,1,extended_logistic,0.1,159,0.2046719428159948,2025
101809,2025-07,1,extended_logistic,0.1,160,0.2044039360128871,2025
100487,2025-07,0,extended_logistic,0.1,161,0.2038309764053008,2025
100952,2025-07,1,extended_logistic,0.1,162,0.203402674116954,2025
102025,2025-07,0,extended_logistic,0.1,163,0.2032094735849324,2025
100242,2025-07,0,extended_logistic,0.1,164,0.2027423466224898,2025
100067,2025-07,1,extended_logistic,0.1,165,0.2019225995157302,2025
101981,2025-07,0,extended_logistic,0.1,166,0.2012313633238098,2025
100166,2025-07,1,extended_logistic,0.1,167,0.2009883166358236,2025
101223,2025-07,0,extended_logistic,0.1,168,0.200716041810589,2025
101826,2025-07,0,extended_logistic,0.1,169,0.199924909608005,2025
100665,2025-07,0,extended_logistic,0.1,170,0.1994355680868677,2025
100883,2025-07,0,extended_logistic,0.1,171,0.1994279071154124,2025
101890,2025-07,1,extended_logistic,0.1,172,0.1992756606077012,2025
101226,2025-07,0,extended_logistic,0.1,173,0.1984414487498284,2025
101102,2025-07,0,extended_logistic,0.1,174,0.1983978244365229,2025
101302,2025-07,0,extended_logistic,0.1,175,0.1979183475865986,2025
102058,2025-07,0,extended_logistic,0.1,176,0.1973517326966016,2025
100846,2025-07,0,extended_logistic,0.1,177,0.1972955586887145,2025
100462,2025-07,0,extended_logistic,0.1,178,0.1971515134978535,2025
100579,2025-07,0,extended_logistic,0.1,179,0.1964419750729776,2025
100746,2025-07,1,extended_logistic,0.1,180,0.1953163444841797,2025
100383,2025-07,0,extended_logistic,0.1,181,0.1953056171934069,2025
101097,2025-07,1,extended_logistic,0.1,182,0.1948625540826081,2025
101484,2025-07,1,extended_logistic,0.1,183,0.1936818239031134,2025
101831,2025-07,1,extended_logistic,0.1,184,0.1931098310745669,2025
100044,2025-07,0,extended_logistic,0.1,185,0.1929445158707282,2025
100698,2025-07,0,extended_logistic,0.1,186,0.1918255581382809,2025
100167,2025-07,0,extended_logistic,0.1,187,0.1913426854750293,2025
101680,2025-07,0,extended_logistic,0.1,188,0.1909524034527289,2025
100139,2025-07,0,extended_logistic,0.1,189,0.1900972474680923,2025
101364,2025-07,0,extended_logistic,0.1,190,0.1900472588052084,2025
101011,2025-07,0,extended_logistic,0.1,191,0.1899456724320014,2025
100422,2025-07,0,extended_logistic,0.1,192,0.1896311933242445,2025
101169,2025-07,1,extended_logistic,0.1,193,0.1894866718127539,2025
100935,2025-07,1,extended_logistic,0.1,194,0.1894202658797948,2025
100185,2025-07,0,extended_logistic,0.1,195,0.188901852226867,2025
101543,2025-07,0,extended_logistic,0.1,196,0.1878835820490495,2025
101935,2025-07,0,extended_logistic,0.1,197,0.1877383499770273,2025
101776,2025-07,0,extended_logistic,0.1,198,0.1869929038826283,2025
100724,2025-07,0,extended_logistic,0.1,199,0.1865017368330501,2025
101798,2025-07,0,extended_logistic,0.1,200,0.1862173198115,2025
102013,2025-07,0,extended_logistic,0.1,201,0.1860765103992909,2025
102089,2025-07,0,extended_logistic,0.1,202,0.1858876140724873,2025
101626,2025-07,0,extended_logistic,0.1,203,0.1857084760142168,2025
101527,2025-07,1,extended_logistic,0.2,1,0.4412139552863297,2025
101448,2025-07,0,extended_logistic,0.2,2,0.4289948755880207,2025
100041,2025-07,0,extended_logistic,0.2,3,0.4236622316257549,2025
100453,2025-07,1,extended_logistic,0.2,4,0.4214862503937308,2025
100587,2025-07,0,extended_logistic,0.2,5,0.4178285737276508,2025
101928,2025-07,1,extended_logistic,0.2,6,0.3982249147859144,2025
101449,2025-07,1,extended_logistic,0.2,7,0.3923030439632887,2025
100276,2025-07,0,extended_logistic,0.2,8,0.3869327722513822,2025
101466,2025-07,1,extended_logistic,0.2,9,0.3744752342466313,2025
100300,2025-07,1,extended_logistic,0.2,10,0.3700010258703893,2025
100229,2025-07,1,extended_logistic,0.2,11,0.3699235474356513,2025
100197,2025-07,0,extended_logistic,0.2,12,0.3643277075034121,2025
100758,2025-07,1,extended_logistic,0.2,13,0.3626641689569884,2025
101471,2025-07,1,extended_logistic,0.2,14,0.3611733183866648,2025
102029,2025-07,0,extended_logistic,0.2,15,0.3580389532758338,2025
100773,2025-07,0,extended_logistic,0.2,16,0.3553160428308118,2025
101140,2025-07,0,extended_logistic,0.2,17,0.3509976850548483,2025
101746,2025-07,0,extended_logistic,0.2,18,0.3497862176168565,2025
100225,2025-07,0,extended_logistic,0.2,19,0.3464027350591537,2025
102079,2025-07,1,extended_logistic,0.2,20,0.346372131811018,2025
101952,2025-07,1,extended_logistic,0.2,21,0.344299653112695,2025
100187,2025-07,1,extended_logistic,0.2,22,0.3435330788144078,2025
101431,2025-07,1,extended_logistic,0.2,23,0.3403278925155544,2025
101215,2025-07,1,extended_logistic,0.2,24,0.33957239558488,2025
101951,2025-07,0,extended_logistic,0.2,25,0.3358600691684552,2025
100835,2025-07,0,extended_logistic,0.2,26,0.3334026077368581,2025
101806,2025-07,1,extended_logistic,0.2,27,0.3320632448632656,2025
100017,2025-07,1,extended_logistic,0.2,28,0.3287805086753825,2025
101365,2025-07,0,extended_logistic,0.2,29,0.3277396880324489,2025
101395,2025-07,0,extended_logistic,0.2,30,0.3239936242121417,2025
102053,2025-07,1,extended_logistic,0.2,31,0.3234667628642936,2025
101607,2025-07,1,extended_logistic,0.2,32,0.32322537118129,2025
101883,2025-07,0,extended_logistic,0.2,33,0.3210266475129905,2025
100066,2025-07,0,extended_logistic,0.2,34,0.3206768821008341,2025
100875,2025-07,0,extended_logistic,0.2,35,0.3196726975270114,2025
101726,2025-07,0,extended_logistic,0.2,36,0.3171549041586506,2025
100610,2025-07,0,extended_logistic,0.2,37,0.3147794051557114,2025
100745,2025-07,0,extended_logistic,0.2,38,0.3125680274108578,2025
101882,2025-07,0,extended_logistic,0.2,39,0.3120445428988023,2025
100477,2025-07,0,extended_logistic,0.2,40,0.3110037844046303,2025
100332,2025-07,0,extended_logistic,0.2,41,0.307607964329098,2025
101878,2025-07,0,extended_logistic,0.2,42,0.3044137428503439,2025
101823,2025-07,0,extended_logistic,0.2,43,0.3030435855131188,2025
100484,2025-07,0,extended_logistic,0.2,44,0.3027352455341697,2025
101922,2025-07,0,extended_logistic,0.2,45,0.3022573464852813,2025
100161,2025-07,0,extended_logistic,0.2,46,0.3013570992233028,2025
102096,2025-07,1,extended_logistic,0.2,47,0.2991657754689723,2025
101084,2025-07,0,extended_logistic,0.2,48,0.2969480353059383,2025
100968,2025-07,0,extended_logistic,0.2,49,0.2963364250919524,2025
100704,2025-07,0,extended_logistic,0.2,50,0.2952947229375485,2025
100298,2025-07,0,extended_logistic,0.2,51,0.2951185470250862,2025
101684,2025-07,1,extended_logistic,0.2,52,0.2941477255654525,2025
100193,2025-07,0,extended_logistic,0.2,53,0.2940926540377412,2025
101181,2025-07,0,extended_logistic,0.2,54,0.2915084475651577,2025
101990,2025-07,0,extended_logistic,0.2,55,0.2903448406797045,2025
100215,2025-07,0,extended_logistic,0.2,56,0.2899202997605516,2025
101676,2025-07,0,extended_logistic,0.2,57,0.2896545492230713,2025
100218,2025-07,1,extended_logistic,0.2,58,0.2875840213040544,2025
100985,2025-07,0,extended_logistic,0.2,59,0.2853917346482388,2025
101474,2025-07,1,extended_logistic,0.2,60,0.2852361211213854,2025
100656,2025-07,0,extended_logistic,0.2,61,0.2820986600234659,2025
101077,2025-07,1,extended_logistic,0.2,62,0.2814082273567854,2025
100530,2025-07,0,extended_logistic,0.2,63,0.2810902091740925,2025
101045,2025-07,0,extended_logistic,0.2,64,0.2810308563072181,2025
100752,2025-07,0,extended_logistic,0.2,65,0.2799044039533209,2025
102063,2025-07,0,extended_logistic,0.2,66,0.2762519290851594,2025
101500,2025-07,0,extended_logistic,0.2,67,0.2757482015368754,2025
100275,2025-07,0,extended_logistic,0.2,68,0.2753491699309439,2025
101499,2025-07,0,extended_logistic,0.2,69,0.2749644375430551,2025
100768,2025-07,0,extended_logistic,0.2,70,0.274343012623209,2025
100714,2025-07,1,extended_logistic,0.2,71,0.2736822683997248,2025
101423,2025-07,0,extended_logistic,0.2,72,0.2723738337089606,2025
100854,2025-07,0,extended_logistic,0.2,73,0.2672668652487471,2025
101704,2025-07,0,extended_logistic,0.2,74,0.2670884016848124,2025
102078,2025-07,1,extended_logistic,0.2,75,0.2667112277781313,2025
101761,2025-07,0,extended_logistic,0.2,76,0.2643060090469079,2025
100929,2025-07,0,extended_logistic,0.2,77,0.2637086432640568,2025
101854,2025-07,0,extended_logistic,0.2,78,0.2633200860233601,2025
100915,2025-07,1,extended_logistic,0.2,79,0.2632466940558394,2025
100787,2025-07,1,extended_logistic,0.2,80,0.2607530109667765,2025
101175,2025-07,1,extended_logistic,0.2,81,0.2547563487038102,2025
101455,2025-07,1,extended_logistic,0.2,82,0.2514797621925913,2025
100727,2025-07,0,extended_logistic,0.2,83,0.2510808291379628,2025
100518,2025-07,0,extended_logistic,0.2,84,0.2505748045276182,2025
101182,2025-07,0,extended_logistic,0.2,85,0.2505174285255369,2025
101767,2025-07,1,extended_logistic,0.2,86,0.2497291584067055,2025
100892,2025-07,0,extended_logistic,0.2,87,0.2469771837268545,2025
101719,2025-07,0,extended_logistic,0.2,88,0.2464851870805302,2025
101906,2025-07,0,extended_logistic,0.2,89,0.2458441448733234,2025
101411,2025-07,0,extended_logistic,0.2,90,0.2447301150862584,2025
101266,2025-07,0,extended_logistic,0.2,91,0.2441450582168274,2025
101579,2025-07,0,extended_logistic,0.2,92,0.2438707838952357,2025
102019,2025-07,0,extended_logistic,0.2,93,0.240643836740001,2025
100803,2025-07,0,extended_logistic,0.2,94,0.2405678472093604,2025
101721,2025-07,0,extended_logistic,0.2,95,0.2405434849768674,2025
100519,2025-07,0,extended_logistic,0.2,96,0.2402052766145118,2025
102059,2025-07,0,extended_logistic,0.2,97,0.2388831710693244,2025
101738,2025-07,0,extended_logistic,0.2,98,0.2387543104823233,2025
101493,2025-07,0,extended_logistic,0.2,99,0.2385486896329923,2025
100488,2025-07,1,extended_logistic,0.2,100,0.2382891450516279,2025
101645,2025-07,0,extended_logistic,0.2,101,0.2369836718501533,2025
100653,2025-07,0,extended_logistic,0.2,102,0.2352343324322829,2025
100901,2025-07,0,extended_logistic,0.2,103,0.2348532283135712,2025
101932,2025-07,0,extended_logistic,0.2,104,0.2344130831513125,2025
100509,2025-07,0,extended_logistic,0.2,105,0.2343507236355172,2025
100320,2025-07,0,extended_logistic,0.2,106,0.2337982856529354,2025
100496,2025-07,0,extended_logistic,0.2,107,0.2334856684533162,2025
100564,2025-07,1,extended_logistic,0.2,108,0.2333456177611832,2025
100425,2025-07,1,extended_logistic,0.2,109,0.2331605776228238,2025
100859,2025-07,0,extended_logistic,0.2,110,0.2320482409839061,2025
101280,2025-07,1,extended_logistic,0.2,111,0.2306561092809138,2025
100898,2025-07,0,extended_logistic,0.2,112,0.2303190513418219,2025
100083,2025-07,0,extended_logistic,0.2,113,0.230302603198215,2025
101613,2025-07,1,extended_logistic,0.2,114,0.230102427648155,2025
100992,2025-07,0,extended_logistic,0.2,115,0.2298846100582645,2025
101853,2025-07,0,extended_logistic,0.2,116,0.2294396317776069,2025
101888,2025-07,0,extended_logistic,0.2,117,0.228248282088471,2025
101763,2025-07,0,extended_logistic,0.2,118,0.2269188993495357,2025
101583,2025-07,1,extended_logistic,0.2,119,0.2264109753434139,2025
102046,2025-07,0,extended_logistic,0.2,120,0.2262496397455674,2025
101754,2025-07,0,extended_logistic,0.2,121,0.2260014394082304,2025
102090,2025-07,0,extended_logistic,0.2,122,0.2258932929314734,2025
100818,2025-07,0,extended_logistic,0.2,123,0.2254500194762811,2025
100732,2025-07,0,extended_logistic,0.2,124,0.2249960263977895,2025
100407,2025-07,0,extended_logistic,0.2,125,0.2247041203569004,2025
101507,2025-07,0,extended_logistic,0.2,126,0.2242019332822598,2025
101414,2025-07,0,extended_logistic,0.2,127,0.2234339714765544,2025
101320,2025-07,0,extended_logistic,0.2,128,0.223359226545437,2025
101137,2025-07,1,extended_logistic,0.2,129,0.222665058909582,2025
101032,2025-07,1,extended_logistic,0.2,130,0.2225906228420174,2025
101841,2025-07,1,extended_logistic,0.2,131,0.2208724384197793,2025
102067,2025-07,0,extended_logistic,0.2,132,0.2204876342531846,2025
101228,2025-07,0,extended_logistic,0.2,133,0.2202438752779925,2025
100292,2025-07,1,extended_logistic,0.2,134,0.2197668689606723,2025
100609,2025-07,0,extended_logistic,0.2,135,0.2195371971574391,2025
101418,2025-07,0,extended_logistic,0.2,136,0.2193785448597872,2025
100686,2025-07,1,extended_logistic,0.2,137,0.2193299402119699,2025
100256,2025-07,1,extended_logistic,0.2,138,0.2186301926954587,2025
102005,2025-07,0,extended_logistic,0.2,139,0.2177935606471557,2025
101384,2025-07,0,extended_logistic,0.2,140,0.2167156574888722,2025
100548,2025-07,0,extended_logistic,0.2,141,0.2164459128603041,2025
101881,2025-07,0,extended_logistic,0.2,142,0.2164298528250478,2025
101350,2025-07,0,extended_logistic,0.2,143,0.214522408793029,2025
101804,2025-07,0,extended_logistic,0.2,144,0.2143553404627447,2025
100303,2025-07,0,extended_logistic,0.2,145,0.2130934840431602,2025
100873,2025-07,0,extended_logistic,0.2,146,0.2117108998276619,2025
100259,2025-07,0,extended_logistic,0.2,147,0.211485544225584,2025
101124,2025-07,0,extended_logistic,0.2,148,0.2110152735219279,2025
101322,2025-07,1,extended_logistic,0.2,149,0.2104124095790333,2025
100149,2025-07,0,extended_logistic,0.2,150,0.2102818099711691,2025
100626,2025-07,1,extended_logistic,0.2,151,0.2102099045931861,2025
101379,2025-07,0,extended_logistic,0.2,152,0.2100335844612899,2025
101030,2025-07,0,extended_logistic,0.2,153,0.2100249854321471,2025
102049,2025-07,0,extended_logistic,0.2,154,0.2086365399718717,2025
100829,2025-07,0,extended_logistic,0.2,155,0.2084276195646617,2025
101697,2025-07,0,extended_logistic,0.2,156,0.2070056383909747,2025
100694,2025-07,0,extended_logistic,0.2,157,0.2068411907441504,2025
101790,2025-07,0,extended_logistic,0.2,158,0.2055431282250735,2025
101173,2025-07,1,extended_logistic,0.2,159,0.2046719428159948,2025
101809,2025-07,1,extended_logistic,0.2,160,0.2044039360128871,2025
100487,2025-07,0,extended_logistic,0.2,161,0.2038309764053008,2025
100952,2025-07,1,extended_logistic,0.2,162,0.203402674116954,2025
102025,2025-07,0,extended_logistic,0.2,163,0.2032094735849324,2025
100242,2025-07,0,extended_logistic,0.2,164,0.2027423466224898,2025
100067,2025-07,1,extended_logistic,0.2,165,0.2019225995157302,2025
101981,2025-07,0,extended_logistic,0.2,166,0.2012313633238098,2025
100166,2025-07,1,extended_logistic,0.2,167,0.2009883166358236,2025
101223,2025-07,0,extended_logistic,0.2,168,0.200716041810589,2025
101826,2025-07,0,extended_logistic,0.2,169,0.199924909608005,2025
100665,2025-07,0,extended_logistic,0.2,170,0.1994355680868677,2025
100883,2025-07,0,extended_logistic,0.2,171,0.1994279071154124,2025
101890,2025-07,1,extended_logistic,0.2,172,0.1992756606077012,2025
101226,2025-07,0,extended_logistic,0.2,173,0.1984414487498284,2025
101102,2025-07,0,extended_logistic,0.2,174,0.1983978244365229,2025
101302,2025-07,0,extended_logistic,0.2,175,0.1979183475865986,2025
102058,2025-07,0,extended_logistic,0.2,176,0.1973517326966016,2025
100846,2025-07,0,extended_logistic,0.2,177,0.1972955586887145,2025
100462,2025-07,0,extended_logistic,0.2,178,0.1971515134978535,2025
100579,2025-07,0,extended_logistic,0.2,179,0.1964419750729776,2025
100746,2025-07,1,extended_logistic,0.2,180,0.1953163444841797,2025
100383,2025-07,0,extended_logistic,0.2,181,0.1953056171934069,2025
101097,2025-07,1,extended_logistic,0.2,182,0.1948625540826081,2025
101484,2025-07,1,extended_logistic,0.2,183,0.1936818239031134,2025
101831,2025-07,1,extended_logistic,0.2,184,0.1931098310745669,2025
100044,2025-07,0,extended_logistic,0.2,185,0.1929445158707282,2025
100698,2025-07,0,extended_logistic,0.2,186,0.1918255581382809,2025
100167,2025-07,0,extended_logistic,0.2,187,0.1913426854750293,2025
101680,2025-07,0,extended_logistic,0.2,188,0.1909524034527289,2025
100139,2025-07,0,extended_logistic,0.2,189,0.1900972474680923,2025
101364,2025-07,0,extended_logistic,0.2,190,0.1900472588052084,2025
101011,2025-07,0,extended_logistic,0.2,191,0.1899456724320014,2025
100422,2025-07,0,extended_logistic,0.2,192,0.1896311933242445,2025
101169,2025-07,1,extended_logistic,0.2,193,0.1894866718127539,2025
100935,2025-07,1,extended_logistic,0.2,194,0.1894202658797948,2025
100185,2025-07,0,extended_logistic,0.2,195,0.188901852226867,2025
101543,2025-07,0,extended_logistic,0.2,196,0.1878835820490495,2025
101935,2025-07,0,extended_logistic,0.2,197,0.1877383499770273,2025
101776,2025-07,0,extended_logistic,0.2,198,0.1869929038826283,2025
100724,2025-07,0,extended_logistic,0.2,199,0.1865017368330501,2025
101798,2025-07,0,extended_logistic,0.2,200,0.1862173198115,2025
102013,2025-07,0,extended_logistic,0.2,201,0.1860765103992909,2025
102089,2025-07,0,extended_logistic,0.2,202,0.1858876140724873,2025
101626,2025-07,0,extended_logistic,0.2,203,0.1857084760142168,2025
100365,2025-07,1,extended_logistic,0.2,204,0.1849814807074011,2025
100593,2025-07,0,extended_logistic,0.2,205,0.1845496153992371,2025
100757,2025-07,0,extended_logistic,0.2,206,0.1842472444356699,2025
101246,2025-07,0,extended_logistic,0.2,207,0.1838990529372152,2025
100194,2025-07,0,extended_logistic,0.2,208,0.1837984960327199,2025
102044,2025-07,0,extended_logistic,0.2,209,0.1836767704298583,2025
101078,2025-07,0,extended_logistic,0.2,210,0.183603727018163,2025
101044,2025-07,0,extended_logistic,0.2,211,0.1823894901554985,2025
102075,2025-07,1,extended_logistic,0.2,212,0.1816846382830229,2025
101777,2025-07,1,extended_logistic,0.2,213,0.1808723026850303,2025
100015,2025-07,0,extended_logistic,0.2,214,0.1803324384419133,2025
101690,2025-07,0,extended_logistic,0.2,215,0.1797567560293418,2025
101953,2025-07,0,extended_logistic,0.2,216,0.1795046403612518,2025
100702,2025-07,1,extended_logistic,0.2,217,0.1790772037005924,2025
101076,2025-07,1,extended_logistic,0.2,218,0.1790515695842981,2025
101120,2025-07,1,extended_logistic,0.2,219,0.1789969963750905,2025
101282,2025-07,0,extended_logistic,0.2,220,0.1789661585793921,2025
100143,2025-07,0,extended_logistic,0.2,221,0.1783302626044568,2025
101769,2025-07,0,extended_logistic,0.2,222,0.1781958955433483,2025
100073,2025-07,0,extended_logistic,0.2,223,0.1781846422380257,2025
101788,2025-07,0,extended_logistic,0.2,224,0.1780663256697398,2025
101509,2025-07,0,extended_logistic,0.2,225,0.1774180183588975,2025
102094,2025-07,0,extended_logistic,0.2,226,0.1772204438695184,2025
100975,2025-07,0,extended_logistic,0.2,227,0.1771256252032473,2025
100662,2025-07,0,extended_logistic,0.2,228,0.1766125976050608,2025
101598,2025-07,1,extended_logistic,0.2,229,0.1751118698107204,2025
101712,2025-07,1,extended_logistic,0.2,230,0.1750353905762433,2025
101373,2025-07,0,extended_logistic,0.2,231,0.174897337625344,2025
100340,2025-07,0,extended_logistic,0.2,232,0.1744516759248538,2025
100238,2025-07,0,extended_logistic,0.2,233,0.1739562106172472,2025
100629,2025-07,0,extended_logistic,0.2,234,0.1736888695726265,2025
100446,2025-07,0,extended_logistic,0.2,235,0.1736171585238074,2025
101083,2025-07,1,extended_logistic,0.2,236,0.1735036675132304,2025
100278,2025-07,0,extended_logistic,0.2,237,0.1733383769525207,2025
101825,2025-07,0,extended_logistic,0.2,238,0.1733328752659503,2025
101913,2025-07,0,extended_logistic,0.2,239,0.1722583214878792,2025
101779,2025-07,0,extended_logistic,0.2,240,0.1719583745868775,2025
100943,2025-07,0,extended_logistic,0.2,241,0.1718687543107809,2025
100106,2025-07,0,extended_logistic,0.2,242,0.1709948212936521,2025
101550,2025-07,0,extended_logistic,0.2,243,0.1708729785137397,2025
101800,2025-07,0,extended_logistic,0.2,244,0.1705679866785369,2025
100283,2025-07,0,extended_logistic,0.2,245,0.1705341468780283,2025
100804,2025-07,0,extended_logistic,0.2,246,0.1702764339868898,2025
101094,2025-07,0,extended_logistic,0.2,247,0.1701471544565228,2025
100628,2025-07,1,extended_logistic,0.2,248,0.1700133363740303,2025
101005,2025-07,0,extended_logistic,0.2,249,0.1697984645630444,2025
101224,2025-07,0,extended_logistic,0.2,250,0.1694507870489481,2025
100503,2025-07,0,extended_logistic,0.2,251,0.169093012510865,2025
101727,2025-07,0,extended_logistic,0.2,252,0.1687964517643568,2025
101919,2025-07,0,extended_logistic,0.2,253,0.1685358655725346,2025
101971,2025-07,0,extended_logistic,0.2,254,0.1679412875874522,2025
101080,2025-07,0,extended_logistic,0.2,255,0.1677266321763785,2025
101917,2025-07,0,extended_logistic,0.2,256,0.1676304337441627,2025
101167,2025-07,0,extended_logistic,0.2,257,0.1675269088464139,2025
101312,2025-07,0,extended_logistic,0.2,258,0.1671228014978173,2025
101660,2025-07,0,extended_logistic,0.2,259,0.1670341519675143,2025
100264,2025-07,0,extended_logistic,0.2,260,0.1667792241336675,2025
101902,2025-07,0,extended_logistic,0.2,261,0.1662513697523014,2025
100540,2025-07,0,extended_logistic,0.2,262,0.1661736634004896,2025
100645,2025-07,0,extended_logistic,0.2,263,0.1659666580443109,2025
101410,2025-07,0,extended_logistic,0.2,264,0.1655478665728952,2025
101160,2025-07,0,extended_logistic,0.2,265,0.1650685897886738,2025
101629,2025-07,1,extended_logistic,0.2,266,0.165015214427151,2025
101736,2025-07,1,extended_logistic,0.2,267,0.1643587657386209,2025
100932,2025-07,0,extended_logistic,0.2,268,0.1639076008688526,2025
100581,2025-07,0,extended_logistic,0.2,269,0.1634034260885793,2025
101720,2025-07,0,extended_logistic,0.2,270,0.163004698817742,2025
100526,2025-07,0,extended_logistic,0.2,271,0.1629739376895239,2025
100946,2025-07,0,extended_logistic,0.2,272,0.1627683915155041,2025
101237,2025-07,0,extended_logistic,0.2,273,0.1622467113951451,2025
100131,2025-07,0,extended_logistic,0.2,274,0.1619427285811274,2025
100990,2025-07,0,extended_logistic,0.2,275,0.1618597898230084,2025
101594,2025-07,0,extended_logistic,0.2,276,0.1617905392291528,2025
100388,2025-07,0,extended_logistic,0.2,277,0.1617900720096346,2025
101624,2025-07,0,extended_logistic,0.2,278,0.1615920473054093,2025
101592,2025-07,1,extended_logistic,0.2,279,0.1610675158262633,2025
100349,2025-07,0,extended_logistic,0.2,280,0.1607677276882703,2025
100762,2025-07,0,extended_logistic,0.2,281,0.1603918311473938,2025
100128,2025-07,0,extended_logistic,0.2,282,0.1602759060686721,2025
100817,2025-07,0,extended_logistic,0.2,283,0.1599812220416804,2025
100024,2025-07,0,extended_logistic,0.2,284,0.159839921393874,2025
100411,2025-07,1,extended_logistic,0.2,285,0.1588954795769463,2025
100723,2025-07,0,extended_logistic,0.2,286,0.158818626832949,2025
100741,2025-07,0,extended_logistic,0.2,287,0.1583518231374334,2025
101092,2025-07,0,extended_logistic,0.2,288,0.1580007554428133,2025
101670,2025-07,0,extended_logistic,0.2,289,0.1578976422131287,2025
101156,2025-07,1,extended_logistic,0.2,290,0.1575439827535732,2025
100826,2025-07,0,extended_logistic,0.2,291,0.1572829851720301,2025
101286,2025-07,0,extended_logistic,0.2,292,0.1572750616954313,2025
101714,2025-07,1,extended_logistic,0.2,293,0.1570571065326697,2025
100583,2025-07,0,extended_logistic,0.2,294,0.1569425239617684,2025
100387,2025-07,0,extended_logistic,0.2,295,0.1568603190047562,2025
101702,2025-07,0,extended_logistic,0.2,296,0.1564350234916762,2025
100393,2025-07,0,extended_logistic,0.2,297,0.1563525804625222,2025
100345,2025-07,0,extended_logistic,0.2,298,0.1561516505501972,2025
100644,2025-07,0,extended_logistic,0.2,299,0.156049402912153,2025
100214,2025-07,0,extended_logistic,0.2,300,0.1559819111700795,2025
100867,2025-07,0,extended_logistic,0.2,301,0.155974579548289,2025
101122,2025-07,1,extended_logistic,0.2,302,0.1558739216484387,2025
101541,2025-07,0,extended_logistic,0.2,303,0.1557970900754591,2025
101155,2025-07,0,extended_logistic,0.2,304,0.1557450282510802,2025
101009,2025-07,0,extended_logistic,0.2,305,0.1551709017321517,2025
100123,2025-07,0,extended_logistic,0.2,306,0.154817131506872,2025
100560,2025-07,0,extended_logistic,0.2,307,0.1547459395159229,2025
101317,2025-07,0,extended_logistic,0.2,308,0.1546504645155005,2025
101478,2025-07,0,extended_logistic,0.2,309,0.1544325020997774,2025
101591,2025-07,0,extended_logistic,0.2,310,0.1541360300029485,2025
100297,2025-07,0,extended_logistic,0.2,311,0.1538725401748313,2025
101589,2025-07,0,extended_logistic,0.2,312,0.1536606068589205,2025
101050,2025-07,0,extended_logistic,0.2,313,0.1535069003155704,2025
100520,2025-07,0,extended_logistic,0.2,314,0.1526280319776288,2025
101104,2025-07,0,extended_logistic,0.2,315,0.1524601821293277,2025
100945,2025-07,0,extended_logistic,0.2,316,0.1522148584785342,2025
100905,2025-07,0,extended_logistic,0.2,317,0.1521583454722292,2025
100796,2025-07,0,extended_logistic,0.2,318,0.151696773563811,2025
100230,2025-07,0,extended_logistic,0.2,319,0.1515125181625791,2025
100878,2025-07,0,extended_logistic,0.2,320,0.1510841857020723,2025
100029,2025-07,0,extended_logistic,0.2,321,0.1509674768812963,2025
100849,2025-07,0,extended_logistic,0.2,322,0.1507180321203157,2025
101824,2025-07,0,extended_logistic,0.2,323,0.150664855020071,2025
101301,2025-07,0,extended_logistic,0.2,324,0.1502885228175228,2025
100705,2025-07,0,extended_logistic,0.2,325,0.1502827416781308,2025
100211,2025-07,0,extended_logistic,0.2,326,0.1499946029969186,2025
101086,2025-07,0,extended_logistic,0.2,327,0.1499239550342924,2025
101549,2025-07,1,extended_logistic,0.2,328,0.1498887321770792,2025
101128,2025-07,0,extended_logistic,0.2,329,0.1497523334094394,2025
101813,2025-07,0,extended_logistic,0.2,330,0.1496547086443125,2025
101487,2025-07,0,extended_logistic,0.2,331,0.149036782199231,2025
101207,2025-07,0,extended_logistic,0.2,332,0.1487996868460748,2025
101752,2025-07,0,extended_logistic,0.2,333,0.1486049761698431,2025
100913,2025-07,0,extended_logistic,0.2,334,0.1485160632351101,2025
100449,2025-07,0,extended_logistic,0.2,335,0.1481353032988272,2025
101436,2025-07,1,extended_logistic,0.2,336,0.147382798788432,2025
100876,2025-07,0,extended_logistic,0.2,337,0.1473333297216261,2025
101046,2025-07,0,extended_logistic,0.2,338,0.1473102529873661,2025
100672,2025-07,0,extended_logistic,0.2,339,0.1469768259468975,2025
101870,2025-07,1,extended_logistic,0.2,340,0.1467086540337389,2025
100314,2025-07,0,extended_logistic,0.2,341,0.1466790629331756,2025
100792,2025-07,0,extended_logistic,0.2,342,0.1465239027455257,2025
101001,2025-07,0,extended_logistic,0.2,343,0.1463864785326156,2025
101893,2025-07,0,extended_logistic,0.2,344,0.1459437477819707,2025
101832,2025-07,1,extended_logistic,0.2,345,0.1458186298588339,2025
101332,2025-07,0,extended_logistic,0.2,346,0.1458148895083119,2025
101512,2025-07,0,extended_logistic,0.2,347,0.1454554463875517,2025
101256,2025-07,0,extended_logistic,0.2,348,0.1453930772835768,2025
100647,2025-07,0,extended_logistic,0.2,349,0.1453286192238508,2025
100399,2025-07,1,extended_logistic,0.2,350,0.1453067087552293,2025
101838,2025-07,0,extended_logistic,0.2,351,0.1451276757244945,2025
101947,2025-07,1,extended_logistic,0.2,352,0.1447545561382888,2025
101615,2025-07,1,extended_logistic,0.2,353,0.1446968222763768,2025
100175,2025-07,0,extended_logistic,0.2,354,0.1445699710275001,2025
101492,2025-07,0,extended_logistic,0.2,355,0.1442502124317028,2025
101991,2025-07,0,extended_logistic,0.2,356,0.1440781766940144,2025
100669,2025-07,0,extended_logistic,0.2,357,0.1440399892962648,2025
101227,2025-07,0,extended_logistic,0.2,358,0.1439111881695274,2025
102045,2025-07,0,extended_logistic,0.2,359,0.1438586102324339,2025
102069,2025-07,0,extended_logistic,0.2,360,0.143664943666961,2025
100678,2025-07,0,extended_logistic,0.2,361,0.1433211258381966,2025
100633,2025-07,0,extended_logistic,0.2,362,0.1433043556819093,2025
100716,2025-07,0,extended_logistic,0.2,363,0.1430220146937383,2025
101709,2025-07,0,extended_logistic,0.2,364,0.1429577473639817,2025
100414,2025-07,0,extended_logistic,0.2,365,0.1417475476380037,2025
101945,2025-07,1,extended_logistic,0.2,366,0.1416358646687229,2025
100253,2025-07,0,extended_logistic,0.2,367,0.1415764304062294,2025
100206,2025-07,0,extended_logistic,0.2,368,0.1413717198904189,2025
100130,2025-07,0,extended_logistic,0.2,369,0.1403185629109765,2025
101465,2025-07,0,extended_logistic,0.2,370,0.1395713971006688,2025
100245,2025-07,0,extended_logistic,0.2,371,0.1393708121444411,2025
100774,2025-07,0,extended_logistic,0.2,372,0.1390647322725205,2025
101378,2025-07,0,extended_logistic,0.2,373,0.1389138767834761,2025
101916,2025-07,0,extended_logistic,0.2,374,0.1382978026561912,2025
101343,2025-07,0,extended_logistic,0.2,375,0.1382662775766537,2025
101886,2025-07,0,extended_logistic,0.2,376,0.1381639726626626,2025
100585,2025-07,0,extended_logistic,0.2,377,0.1380720392753031,2025
101808,2025-07,0,extended_logistic,0.2,378,0.1372074877935521,2025
100173,2025-07,0,extended_logistic,0.2,379,0.1369322973783325,2025
100322,2025-07,1,extended_logistic,0.2,380,0.1367365608663571,2025
100823,2025-07,0,extended_logistic,0.2,381,0.1364410893350701,2025
100334,2025-07,0,extended_logistic,0.2,382,0.1362170841092743,2025
101327,2025-07,0,extended_logistic,0.2,383,0.1359442724095311,2025
101292,2025-07,0,extended_logistic,0.2,384,0.1359103470085447,2025
100479,2025-07,0,extended_logistic,0.2,385,0.1356010708089133,2025
100429,2025-07,0,extended_logistic,0.2,386,0.1355414499863626,2025
101672,2025-07,0,extended_logistic,0.2,387,0.1352438641161173,2025
101127,2025-07,0,extended_logistic,0.2,388,0.1349153013911503,2025
100744,2025-07,0,extended_logistic,0.2,389,0.1347871053637953,2025
100380,2025-07,0,extended_logistic,0.2,390,0.1347811951841226,2025
100377,2025-07,0,extended_logistic,0.2,391,0.1345033870306387,2025
101039,2025-07,0,extended_logistic,0.2,392,0.1342305176746809,2025
100076,2025-07,0,extended_logistic,0.2,393,0.1342171633869044,2025
101369,2025-07,0,extended_logistic,0.2,394,0.1338449167714011,2025
101164,2025-07,1,extended_logistic,0.2,395,0.1338389574610059,2025
101537,2025-07,0,extended_logistic,0.2,396,0.1334297059843134,2025
101657,2025-07,0,extended_logistic,0.2,397,0.1332381653784643,2025
100369,2025-07,0,extended_logistic,0.2,398,0.1329483560616599,2025
101482,2025-07,0,extended_logistic,0.2,399,0.1329416294923102,2025
100616,2025-07,0,extended_logistic,0.2,400,0.1326873917573723,2025
101869,2025-07,0,extended_logistic,0.2,401,0.132670823813252,2025
100376,2025-07,0,extended_logistic,0.2,402,0.1319073692812322,2025
101871,2025-07,1,extended_logistic,0.2,403,0.1317779190015634,2025
101516,2025-07,0,extended_logistic,0.2,404,0.1317267835693056,2025
101533,2025-07,1,extended_logistic,0.2,405,0.1316557700381473,2025
101692,2025-08,0,decile,0.05,1,1.0,2012
100564,2025-08,0,decile,0.05,2,1.0,2012
102078,2025-08,0,decile,0.05,3,1.0,2012
100968,2025-08,0,decile,0.05,4,1.0,2012
100684,2025-08,0,decile,0.05,5,1.0,2012
101965,2025-08,0,decile,0.05,6,1.0,2012
101909,2025-08,0,decile,0.05,7,1.0,2012
101449,2025-08,1,decile,0.05,8,1.0,2012
100579,2025-08,0,decile,0.05,9,1.0,2012
101913,2025-08,0,decile,0.05,10,1.0,2012
100066,2025-08,0,decile,0.05,11,1.0,2012
101489,2025-08,0,decile,0.05,12,1.0,2012
100519,2025-08,0,decile,0.05,13,1.0,2012
100215,2025-08,1,decile,0.05,14,1.0,2012
100585,2025-08,0,decile,0.05,15,1.0,2012
100496,2025-08,0,decile,0.05,16,1.0,2012
101857,2025-08,0,decile,0.05,17,1.0,2012
100332,2025-08,0,decile,0.05,18,1.0,2012
101379,2025-08,1,decile,0.05,19,1.0,2012
102063,2025-08,0,decile,0.05,20,1.0,2012
101527,2025-08,1,decile,0.05,21,1.0,2012
100487,2025-08,1,decile,0.05,22,1.0,2012
100340,2025-08,0,decile,0.05,23,1.0,2012
101202,2025-08,0,decile,0.05,24,1.0,2012
100758,2025-08,0,decile,0.05,25,1.0,2012
100752,2025-08,0,decile,0.05,26,1.0,2012
101613,2025-08,0,decile,0.05,27,1.0,2012
101276,2025-08,0,decile,0.05,28,1.0,2012
101639,2025-08,0,decile,0.05,29,1.0,2012
100296,2025-08,0,decile,0.05,30,1.0,2012
102019,2025-08,1,decile,0.05,31,1.0,2012
101414,2025-08,0,decile,0.05,32,1.0,2012
101886,2025-08,0,decile,0.05,33,1.0,2012
102094,2025-08,0,decile,0.05,34,1.0,2012
101246,2025-08,0,decile,0.05,35,1.0,2012
100592,2025-08,0,decile,0.05,36,1.0,2012
100145,2025-08,0,decile,0.05,37,1.0,2012
101301,2025-08,0,decile,0.05,38,1.0,2012
102051,2025-08,0,decile,0.05,39,1.0,2012
100175,2025-08,0,decile,0.05,40,1.0,2012
100650,2025-08,0,decile,0.05,41,1.0,2012
100990,2025-08,0,decile,0.05,42,1.0,2012
100724,2025-08,0,decile,0.05,43,1.0,2012
100694,2025-08,0,decile,0.05,44,1.0,2012
100773,2025-08,0,decile,0.05,45,1.0,2012
101365,2025-08,0,decile,0.05,46,1.0,2012
100661,2025-08,1,decile,0.05,47,1.0,2012
100636,2025-08,0,decile,0.05,48,1.0,2012
101320,2025-08,0,decile,0.05,49,1.0,2012
100803,2025-08,0,decile,0.05,50,1.0,2012
100672,2025-08,0,decile,0.05,51,1.0,2012
101447,2025-08,0,decile,0.05,52,1.0,2012
100170,2025-08,1,decile,0.05,53,1.0,2012
100608,2025-08,0,decile,0.05,54,1.0,2012
100275,2025-08,0,decile,0.05,55,1.0,2012
101087,2025-08,0,decile,0.05,56,1.0,2012
100919,2025-08,1,decile,0.05,57,1.0,2012
100878,2025-08,0,decile,0.05,58,1.0,2012
102037,2025-08,0,decile,0.05,59,1.0,2012
100587,2025-08,1,decile,0.05,60,1.0,2012
101871,2025-08,0,decile,0.05,61,1.0,2012
102053,2025-08,0,decile,0.05,62,1.0,2012
100214,2025-08,1,decile,0.05,63,1.0,2012
101952,2025-08,0,decile,0.05,64,1.0,2012
100197,2025-08,0,decile,0.05,65,1.0,2012
102089,2025-08,0,decile,0.05,66,1.0,2012
101754,2025-08,0,decile,0.05,67,1.0,2012
101645,2025-08,0,decile,0.05,68,1.0,2012
100017,2025-08,0,decile,0.05,69,1.0,2012
101676,2025-08,1,decile,0.05,70,1.0,2012
100775,2025-08,0,decile,0.05,71,1.0,2012
100992,2025-08,0,decile,0.05,72,1.0,2012
100829,2025-08,1,decile,0.05,73,1.0,2012
101724,2025-08,0,decile,0.05,74,1.0,2012
100453,2025-08,0,decile,0.05,75,1.0,2012
100148,2025-08,0,decile,0.05,76,1.0,2012
100901,2025-08,0,decile,0.05,77,1.0,2012
101798,2025-08,0,decile,0.05,78,1.0,2012
100241,2025-08,0,decile,0.05,79,1.0,2012
100276,2025-08,0,decile,0.05,80,1.0,2012
101922,2025-08,0,decile,0.05,81,1.0,2012
101466,2025-08,0,decile,0.05,82,1.0,2012
101154,2025-08,1,decile,0.05,83,1.0,2012
100115,2025-08,0,decile,0.05,84,1.0,2012
101282,2025-08,0,decile,0.05,85,1.0,2012
100882,2025-08,0,decile,0.05,86,1.0,2012
100298,2025-08,0,decile,0.05,87,1.0,2012
100977,2025-08,1,decile,0.05,88,1.0,2012
101839,2025-08,0,decile,0.05,89,1.0,2012
100936,2025-08,0,decile,0.05,90,1.0,2012
101084,2025-08,0,decile,0.05,91,1.0,2012
100073,2025-08,0,decile,0.05,92,1.0,2012
100161,2025-08,1,decile,0.05,93,1.0,2012
100795,2025-08,0,decile,0.05,94,1.0,2012
101578,2025-08,0,decile,0.05,95,1.0,2012
100644,2025-08,0,decile,0.05,96,1.0,2012
100698,2025-08,0,decile,0.05,97,1.0,2012
100218,2025-08,0,decile,0.05,98,1.0,2012
101746,2025-08,0,decile,0.05,99,1.0,2012
100744,2025-08,0,decile,0.05,100,1.0,2012
101878,2025-08,0,decile,0.05,101,1.0,2012
101692,2025-08,0,decile,0.1,1,1.0,2012
100564,2025-08,0,decile,0.1,2,1.0,2012
102078,2025-08,0,decile,0.1,3,1.0,2012
100968,2025-08,0,decile,0.1,4,1.0,2012
100684,2025-08,0,decile,0.1,5,1.0,2012
101965,2025-08,0,decile,0.1,6,1.0,2012
101909,2025-08,0,decile,0.1,7,1.0,2012
101449,2025-08,1,decile,0.1,8,1.0,2012
100579,2025-08,0,decile,0.1,9,1.0,2012
101913,2025-08,0,decile,0.1,10,1.0,2012
100066,2025-08,0,decile,0.1,11,1.0,2012
101489,2025-08,0,decile,0.1,12,1.0,2012
100519,2025-08,0,decile,0.1,13,1.0,2012
100215,2025-08,1,decile,0.1,14,1.0,2012
100585,2025-08,0,decile,0.1,15,1.0,2012
100496,2025-08,0,decile,0.1,16,1.0,2012
101857,2025-08,0,decile,0.1,17,1.0,2012
100332,2025-08,0,decile,0.1,18,1.0,2012
101379,2025-08,1,decile,0.1,19,1.0,2012
102063,2025-08,0,decile,0.1,20,1.0,2012
101527,2025-08,1,decile,0.1,21,1.0,2012
100487,2025-08,1,decile,0.1,22,1.0,2012
100340,2025-08,0,decile,0.1,23,1.0,2012
101202,2025-08,0,decile,0.1,24,1.0,2012
100758,2025-08,0,decile,0.1,25,1.0,2012
100752,2025-08,0,decile,0.1,26,1.0,2012
101613,2025-08,0,decile,0.1,27,1.0,2012
101276,2025-08,0,decile,0.1,28,1.0,2012
101639,2025-08,0,decile,0.1,29,1.0,2012
100296,2025-08,0,decile,0.1,30,1.0,2012
102019,2025-08,1,decile,0.1,31,1.0,2012
101414,2025-08,0,decile,0.1,32,1.0,2012
101886,2025-08,0,decile,0.1,33,1.0,2012
102094,2025-08,0,decile,0.1,34,1.0,2012
101246,2025-08,0,decile,0.1,35,1.0,2012
100592,2025-08,0,decile,0.1,36,1.0,2012
100145,2025-08,0,decile,0.1,37,1.0,2012
101301,2025-08,0,decile,0.1,38,1.0,2012
102051,2025-08,0,decile,0.1,39,1.0,2012
100175,2025-08,0,decile,0.1,40,1.0,2012
100650,2025-08,0,decile,0.1,41,1.0,2012
100990,2025-08,0,decile,0.1,42,1.0,2012
100724,2025-08,0,decile,0.1,43,1.0,2012
100694,2025-08,0,decile,0.1,44,1.0,2012
100773,2025-08,0,decile,0.1,45,1.0,2012
101365,2025-08,0,decile,0.1,46,1.0,2012
100661,2025-08,1,decile,0.1,47,1.0,2012
100636,2025-08,0,decile,0.1,48,1.0,2012
101320,2025-08,0,decile,0.1,49,1.0,2012
100803,2025-08,0,decile,0.1,50,1.0,2012
100672,2025-08,0,decile,0.1,51,1.0,2012
101447,2025-08,0,decile,0.1,52,1.0,2012
100170,2025-08,1,decile,0.1,53,1.0,2012
100608,2025-08,0,decile,0.1,54,1.0,2012
100275,2025-08,0,decile,0.1,55,1.0,2012
101087,2025-08,0,decile,0.1,56,1.0,2012
100919,2025-08,1,decile,0.1,57,1.0,2012
100878,2025-08,0,decile,0.1,58,1.0,2012
102037,2025-08,0,decile,0.1,59,1.0,2012
100587,2025-08,1,decile,0.1,60,1.0,2012
101871,2025-08,0,decile,0.1,61,1.0,2012
102053,2025-08,0,decile,0.1,62,1.0,2012
100214,2025-08,1,decile,0.1,63,1.0,2012
101952,2025-08,0,decile,0.1,64,1.0,2012
100197,2025-08,0,decile,0.1,65,1.0,2012
102089,2025-08,0,decile,0.1,66,1.0,2012
101754,2025-08,0,decile,0.1,67,1.0,2012
101645,2025-08,0,decile,0.1,68,1.0,2012
100017,2025-08,0,decile,0.1,69,1.0,2012
101676,2025-08,1,decile,0.1,70,1.0,2012
100775,2025-08,0,decile,0.1,71,1.0,2012
100992,2025-08,0,decile,0.1,72,1.0,2012
100829,2025-08,1,decile,0.1,73,1.0,2012
101724,2025-08,0,decile,0.1,74,1.0,2012
100453,2025-08,0,decile,0.1,75,1.0,2012
100148,2025-08,0,decile,0.1,76,1.0,2012
100901,2025-08,0,decile,0.1,77,1.0,2012
101798,2025-08,0,decile,0.1,78,1.0,2012
100241,2025-08,0,decile,0.1,79,1.0,2012
100276,2025-08,0,decile,0.1,80,1.0,2012
101922,2025-08,0,decile,0.1,81,1.0,2012
101466,2025-08,0,decile,0.1,82,1.0,2012
101154,2025-08,1,decile,0.1,83,1.0,2012
100115,2025-08,0,decile,0.1,84,1.0,2012
101282,2025-08,0,decile,0.1,85,1.0,2012
100882,2025-08,0,decile,0.1,86,1.0,2012
100298,2025-08,0,decile,0.1,87,1.0,2012
100977,2025-08,1,decile,0.1,88,1.0,2012
101839,2025-08,0,decile,0.1,89,1.0,2012
100936,2025-08,0,decile,0.1,90,1.0,2012
101084,2025-08,0,decile,0.1,91,1.0,2012
100073,2025-08,0,decile,0.1,92,1.0,2012
100161,2025-08,1,decile,0.1,93,1.0,2012
100795,2025-08,0,decile,0.1,94,1.0,2012
101578,2025-08,0,decile,0.1,95,1.0,2012
100644,2025-08,0,decile,0.1,96,1.0,2012
100698,2025-08,0,decile,0.1,97,1.0,2012
100218,2025-08,0,decile,0.1,98,1.0,2012
101746,2025-08,0,decile,0.1,99,1.0,2012
100744,2025-08,0,decile,0.1,100,1.0,2012
101878,2025-08,0,decile,0.1,101,1.0,2012
100229,2025-08,0,decile,0.1,102,1.0,2012
102096,2025-08,0,decile,0.1,103,1.0,2012
100078,2025-08,0,decile,0.1,104,1.0,2012
101044,2025-08,0,decile,0.1,105,1.0,2012
101448,2025-08,0,decile,0.1,106,1.0,2012
101005,2025-08,0,decile,0.1,107,1.0,2012
100616,2025-08,0,decile,0.1,108,1.0,2012
100559,2025-08,0,decile,0.1,109,1.0,2012
101656,2025-08,0,decile,0.1,110,1.0,2012
100216,2025-08,0,decile,0.1,111,1.0,2012
102081,2025-08,0,decile,0.1,112,1.0,2012
100056,2025-08,0,decile,0.1,113,1.0,2012
101067,2025-08,0,decile,0.1,114,1.0,2012
100485,2025-08,0,decile,0.1,115,1.0,2012
101478,2025-08,0,decile,0.1,116,1.0,2012
101516,2025-08,0,decile,0.1,117,1.0,2012
101788,2025-08,0,decile,0.1,118,1.0,2012
101607,2025-08,0,decile,0.1,119,1.0,2012
101124,2025-08,0,decile,0.1,120,1.0,2012
100745,2025-08,0,decile,0.1,121,1.0,2012
100627,2025-08,0,decile,0.1,122,1.0,2012
100670,2025-08,0,decile,0.1,123,1.0,2012
101684,2025-08,0,decile,0.1,124,1.0,2012
101350,2025-08,0,decile,0.1,125,1.0,2012
100560,2025-08,0,decile,0.1,126,1.0,2012
102067,2025-08,0,decile,0.1,127,1.0,2012
100777,2025-08,0,decile,0.1,128,1.0,2012
100665,2025-08,1,decile,0.1,129,1.0,2012
100166,2025-08,0,decile,0.1,130,1.0,2012
101097,2025-08,0,decile,0.1,131,1.0,2012
100530,2025-08,0,decile,0.1,132,1.0,2012
100383,2025-08,0,decile,0.1,133,1.0,2012
101990,2025-08,0,decile,0.1,134,1.0,2012
100624,2025-08,0,decile,0.1,135,1.0,2012
101811,2025-08,0,decile,0.1,136,1.0,2012
100508,2025-08,0,decile,0.1,137,1.0,2012
101883,2025-08,0,decile,0.1,138,1.0,2012
100892,2025-08,0,decile,0.1,139,1.0,2012
100817,2025-08,0,decile,0.1,140,1.0,2012
100702,2025-08,1,decile,0.1,141,1.0,2012
100823,2025-08,0,decile,0.1,142,1.0,2012
101406,2025-08,0,decile,0.1,143,1.0,2012
100267,2025-08,0,decile,0.1,144,1.0,2012
101598,2025-08,0,decile,0.1,145,1.0,2012
101638,2025-08,0,decile,0.1,146,1.0,2012
101319,2025-08,0,decile,0.1,147,1.0,2012
100123,2025-08,0,decile,0.1,148,1.0,2012
101173,2025-08,0,decile,0.1,149,1.0,2012
101727,2025-08,0,decile,0.1,150,1.0,2012
101971,2025-08,0,decile,0.1,151,1.0,2012
101916,2025-08,0,decile,0.1,152,1.0,2012
100256,2025-08,0,decile,0.1,153,1.0,2012
101945,2025-08,0,decile,0.1,154,1.0,2012
101837,2025-08,1,decile,0.1,155,1.0,2012
102040,2025-08,0,decile,0.1,156,1.0,2012
100876,2025-08,0,decile,0.1,157,1.0,2012
101888,2025-08,0,decile,0.1,158,1.0,2012
101437,2025-08,0,decile,0.1,159,1.0,2012
101738,2025-08,0,decile,0.1,160,1.0,2012
100925,2025-08,0,decile,0.1,161,1.0,2012
101726,2025-08,1,decile,0.1,162,1.0,2012
100041,2025-08,1,decile,0.1,163,1.0,2012
102025,2025-08,0,decile,0.1,164,1.0,2012
101772,2025-08,0,decile,0.1,165,1.0,2012
101305,2025-08,0,decile,0.1,166,1.0,2012
101783,2025-08,0,decile,0.1,167,1.0,2012
101071,2025-08,0,decile,0.1,168,1.0,2012
100477,2025-08,0,decile,0.1,169,1.0,2012
101505,2025-08,0,decile,0.1,170,1.0,2012
100300,2025-08,0,decile,0.1,171,1.0,2012
100422,2025-08,0,decile,0.1,172,1.0,2012
101259,2025-08,1,decile,0.1,173,1.0,2012
100242,2025-08,0,decile,0.1,174,1.0,2012
101690,2025-08,0,decile,0.1,175,1.0,2012
101309,2025-08,0,decile,0.1,176,1.0,2012
100193,2025-08,0,decile,0.1,177,1.0,2012
101660,2025-08,0,decile,0.1,178,1.0,2012
101761,2025-08,0,decile,0.1,179,1.0,2012
102029,2025-08,0,decile,0.1,180,1.0,2012
100610,2025-08,0,decile,0.1,181,1.0,2012
101455,2025-08,0,decile,0.1,182,1.0,2012
101412,2025-08,1,decile,0.1,183,1.0,2012
102090,2025-08,1,decile,0.1,184,1.0,2012
101222,2025-08,0,decile,0.1,185,1.0,2012
101140,2025-08,0,decile,0.1,186,1.0,2012
101928,2025-08,0,decile,0.1,187,1.0,2012
100877,2025-08,1,decile,0.1,188,1.0,2012
100912,2025-08,0,decile,0.1,189,1.0,2012
100322,2025-08,0,decile,0.1,190,1.0,2012
101543,2025-08,0,decile,0.1,191,1.0,2012
101471,2025-08,0,decile,0.1,192,1.0,2012
101228,2025-08,0,decile,0.1,193,1.0,2012
102044,2025-08,0,decile,0.1,194,1.0,2012
101382,2025-08,0,decile,0.1,195,1.0,2012
101378,2025-08,0,decile,0.1,196,1.0,2012
100104,2025-08,0,decile,0.1,197,1.0,2012
101620,2025-08,0,decile,0.1,198,1.0,2012
101077,2025-08,0,decile,0.1,199,1.0,2012
100774,2025-08,0,decile,0.1,200,1.0,2012
101367,2025-08,0,decile,0.1,201,1.0,2012
100678,2025-08,0,decile,0.1,202,1.0,2012
101692,2025-08,0,decile,0.2,1,1.0,2012
100564,2025-08,0,decile,0.2,2,1.0,2012
102078,2025-08,0,decile,0.2,3,1.0,2012
100968,2025-08,0,decile,0.2,4,1.0,2012
100684,2025-08,0,decile,0.2,5,1.0,2012
101965,2025-08,0,decile,0.2,6,1.0,2012
101909,2025-08,0,decile,0.2,7,1.0,2012
101449,2025-08,1,decile,0.2,8,1.0,2012
100579,2025-08,0,decile,0.2,9,1.0,2012
101913,2025-08,0,decile,0.2,10,1.0,2012
100066,2025-08,0,decile,0.2,11,1.0,2012
101489,2025-08,0,decile,0.2,12,1.0,2012
100519,2025-08,0,decile,0.2,13,1.0,2012
100215,2025-08,1,decile,0.2,14,1.0,2012
100585,2025-08,0,decile,0.2,15,1.0,2012
100496,2025-08,0,decile,0.2,16,1.0,2012
101857,2025-08,0,decile,0.2,17,1.0,2012
100332,2025-08,0,decile,0.2,18,1.0,2012
101379,2025-08,1,decile,0.2,19,1.0,2012
102063,2025-08,0,decile,0.2,20,1.0,2012
101527,2025-08,1,decile,0.2,21,1.0,2012
100487,2025-08,1,decile,0.2,22,1.0,2012
100340,2025-08,0,decile,0.2,23,1.0,2012
101202,2025-08,0,decile,0.2,24,1.0,2012
100758,2025-08,0,decile,0.2,25,1.0,2012
100752,2025-08,0,decile,0.2,26,1.0,2012
101613,2025-08,0,decile,0.2,27,1.0,2012
101276,2025-08,0,decile,0.2,28,1.0,2012
101639,2025-08,0,decile,0.2,29,1.0,2012
100296,2025-08,0,decile,0.2,30,1.0,2012
102019,2025-08,1,decile,0.2,31,1.0,2012
101414,2025-08,0,decile,0.2,32,1.0,2012
101886,2025-08,0,decile,0.2,33,1.0,2012
102094,2025-08,0,decile,0.2,34,1.0,2012
101246,2025-08,0,decile,0.2,35,1.0,2012
100592,2025-08,0,decile,0.2,36,1.0,2012
100145,2025-08,0,decile,0.2,37,1.0,2012
101301,2025-08,0,decile,0.2,38,1.0,2012
102051,2025-08,0,decile,0.2,39,1.0,2012
100175,2025-08,0,decile,0.2,40,1.0,2012
100650,2025-08,0,decile,0.2,41,1.0,2012
100990,2025-08,0,decile,0.2,42,1.0,2012
100724,2025-08,0,decile,0.2,43,1.0,2012
100694,2025-08,0,decile,0.2,44,1.0,2012
100773,2025-08,0,decile,0.2,45,1.0,2012
101365,2025-08,0,decile,0.2,46,1.0,2012
100661,2025-08,1,decile,0.2,47,1.0,2012
100636,2025-08,0,decile,0.2,48,1.0,2012
101320,2025-08,0,decile,0.2,49,1.0,2012
100803,2025-08,0,decile,0.2,50,1.0,2012
100672,2025-08,0,decile,0.2,51,1.0,2012
101447,2025-08,0,decile,0.2,52,1.0,2012
100170,2025-08,1,decile,0.2,53,1.0,2012
100608,2025-08,0,decile,0.2,54,1.0,2012
100275,2025-08,0,decile,0.2,55,1.0,2012
101087,2025-08,0,decile,0.2,56,1.0,2012
100919,2025-08,1,decile,0.2,57,1.0,2012
100878,2025-08,0,decile,0.2,58,1.0,2012
102037,2025-08,0,decile,0.2,59,1.0,2012
100587,2025-08,1,decile,0.2,60,1.0,2012
101871,2025-08,0,decile,0.2,61,1.0,2012
102053,2025-08,0,decile,0.2,62,1.0,2012
100214,2025-08,1,decile,0.2,63,1.0,2012
101952,2025-08,0,decile,0.2,64,1.0,2012
100197,2025-08,0,decile,0.2,65,1.0,2012
102089,2025-08,0,decile,0.2,66,1.0,2012
101754,2025-08,0,decile,0.2,67,1.0,2012
101645,2025-08,0,decile,0.2,68,1.0,2012
100017,2025-08,0,decile,0.2,69,1.0,2012
101676,2025-08,1,decile,0.2,70,1.0,2012
100775,2025-08,0,decile,0.2,71,1.0,2012
100992,2025-08,0,decile,0.2,72,1.0,2012
100829,2025-08,1,decile,0.2,73,1.0,2012
101724,2025-08,0,decile,0.2,74,1.0,2012
100453,2025-08,0,decile,0.2,75,1.0,2012
100148,2025-08,0,decile,0.2,76,1.0,2012
100901,2025-08,0,decile,0.2,77,1.0,2012
101798,2025-08,0,decile,0.2,78,1.0,2012
100241,2025-08,0,decile,0.2,79,1.0,2012
100276,2025-08,0,decile,0.2,80,1.0,2012
101922,2025-08,0,decile,0.2,81,1.0,2012
101466,2025-08,0,decile,0.2,82,1.0,2012
101154,2025-08,1,decile,0.2,83,1.0,2012
100115,2025-08,0,decile,0.2,84,1.0,2012
101282,2025-08,0,decile,0.2,85,1.0,2012
100882,2025-08,0,decile,0.2,86,1.0,2012
100298,2025-08,0,decile,0.2,87,1.0,2012
100977,2025-08,1,decile,0.2,88,1.0,2012
101839,2025-08,0,decile,0.2,89,1.0,2012
100936,2025-08,0,decile,0.2,90,1.0,2012
101084,2025-08,0,decile,0.2,91,1.0,2012
100073,2025-08,0,decile,0.2,92,1.0,2012
100161,2025-08,1,decile,0.2,93,1.0,2012
100795,2025-08,0,decile,0.2,94,1.0,2012
101578,2025-08,0,decile,0.2,95,1.0,2012
100644,2025-08,0,decile,0.2,96,1.0,2012
100698,2025-08,0,decile,0.2,97,1.0,2012
100218,2025-08,0,decile,0.2,98,1.0,2012
101746,2025-08,0,decile,0.2,99,1.0,2012
100744,2025-08,0,decile,0.2,100,1.0,2012
101878,2025-08,0,decile,0.2,101,1.0,2012
100229,2025-08,0,decile,0.2,102,1.0,2012
102096,2025-08,0,decile,0.2,103,1.0,2012
100078,2025-08,0,decile,0.2,104,1.0,2012
101044,2025-08,0,decile,0.2,105,1.0,2012
101448,2025-08,0,decile,0.2,106,1.0,2012
101005,2025-08,0,decile,0.2,107,1.0,2012
100616,2025-08,0,decile,0.2,108,1.0,2012
100559,2025-08,0,decile,0.2,109,1.0,2012
101656,2025-08,0,decile,0.2,110,1.0,2012
100216,2025-08,0,decile,0.2,111,1.0,2012
102081,2025-08,0,decile,0.2,112,1.0,2012
100056,2025-08,0,decile,0.2,113,1.0,2012
101067,2025-08,0,decile,0.2,114,1.0,2012
100485,2025-08,0,decile,0.2,115,1.0,2012
101478,2025-08,0,decile,0.2,116,1.0,2012
101516,2025-08,0,decile,0.2,117,1.0,2012
101788,2025-08,0,decile,0.2,118,1.0,2012
101607,2025-08,0,decile,0.2,119,1.0,2012
101124,2025-08,0,decile,0.2,120,1.0,2012
100745,2025-08,0,decile,0.2,121,1.0,2012
100627,2025-08,0,decile,0.2,122,1.0,2012
100670,2025-08,0,decile,0.2,123,1.0,2012
101684,2025-08,0,decile,0.2,124,1.0,2012
101350,2025-08,0,decile,0.2,125,1.0,2012
100560,2025-08,0,decile,0.2,126,1.0,2012
102067,2025-08,0,decile,0.2,127,1.0,2012
100777,2025-08,0,decile,0.2,128,1.0,2012
100665,2025-08,1,decile,0.2,129,1.0,2012
100166,2025-08,0,decile,0.2,130,1.0,2012
101097,2025-08,0,decile,0.2,131,1.0,2012
100530,2025-08,0,decile,0.2,132,1.0,2012
100383,2025-08,0,decile,0.2,133,1.0,2012
101990,2025-08,0,decile,0.2,134,1.0,2012
100624,2025-08,0,decile,0.2,135,1.0,2012
101811,2025-08,0,decile,0.2,136,1.0,2012
100508,2025-08,0,decile,0.2,137,1.0,2012
101883,2025-08,0,decile,0.2,138,1.0,2012
100892,2025-08,0,decile,0.2,139,1.0,2012
100817,2025-08,0,decile,0.2,140,1.0,2012
100702,2025-08,1,decile,0.2,141,1.0,2012
100823,2025-08,0,decile,0.2,142,1.0,2012
101406,2025-08,0,decile,0.2,143,1.0,2012
100267,2025-08,0,decile,0.2,144,1.0,2012
101598,2025-08,0,decile,0.2,145,1.0,2012
101638,2025-08,0,decile,0.2,146,1.0,2012
101319,2025-08,0,decile,0.2,147,1.0,2012
100123,2025-08,0,decile,0.2,148,1.0,2012
101173,2025-08,0,decile,0.2,149,1.0,2012
101727,2025-08,0,decile,0.2,150,1.0,2012
101971,2025-08,0,decile,0.2,151,1.0,2012
101916,2025-08,0,decile,0.2,152,1.0,2012
100256,2025-08,0,decile,0.2,153,1.0,2012
101945,2025-08,0,decile,0.2,154,1.0,2012
101837,2025-08,1,decile,0.2,155,1.0,2012
102040,2025-08,0,decile,0.2,156,1.0,2012
100876,2025-08,0,decile,0.2,157,1.0,2012
101888,2025-08,0,decile,0.2,158,1.0,2012
101437,2025-08,0,decile,0.2,159,1.0,2012
101738,2025-08,0,decile,0.2,160,1.0,2012
100925,2025-08,0,decile,0.2,161,1.0,2012
101726,2025-08,1,decile,0.2,162,1.0,2012
100041,2025-08,1,decile,0.2,163,1.0,2012
102025,2025-08,0,decile,0.2,164,1.0,2012
101772,2025-08,0,decile,0.2,165,1.0,2012
101305,2025-08,0,decile,0.2,166,1.0,2012
101783,2025-08,0,decile,0.2,167,1.0,2012
101071,2025-08,0,decile,0.2,168,1.0,2012
100477,2025-08,0,decile,0.2,169,1.0,2012
101505,2025-08,0,decile,0.2,170,1.0,2012
100300,2025-08,0,decile,0.2,171,1.0,2012
100422,2025-08,0,decile,0.2,172,1.0,2012
101259,2025-08,1,decile,0.2,173,1.0,2012
100242,2025-08,0,decile,0.2,174,1.0,2012
101690,2025-08,0,decile,0.2,175,1.0,2012
101309,2025-08,0,decile,0.2,176,1.0,2012
100193,2025-08,0,decile,0.2,177,1.0,2012
101660,2025-08,0,decile,0.2,178,1.0,2012
101761,2025-08,0,decile,0.2,179,1.0,2012
102029,2025-08,0,decile,0.2,180,1.0,2012
100610,2025-08,0,decile,0.2,181,1.0,2012
101455,2025-08,0,decile,0.2,182,1.0,2012
101412,2025-08,1,decile,0.2,183,1.0,2012
102090,2025-08,1,decile,0.2,184,1.0,2012
101222,2025-08,0,decile,0.2,185,1.0,2012
101140,2025-08,0,decile,0.2,186,1.0,2012
101928,2025-08,0,decile,0.2,187,1.0,2012
100877,2025-08,1,decile,0.2,188,1.0,2012
100912,2025-08,0,decile,0.2,189,1.0,2012
100322,2025-08,0,decile,0.2,190,1.0,2012
101543,2025-08,0,decile,0.2,191,1.0,2012
101471,2025-08,0,decile,0.2,192,1.0,2012
101228,2025-08,0,decile,0.2,193,1.0,2012
102044,2025-08,0,decile,0.2,194,1.0,2012
101382,2025-08,0,decile,0.2,195,1.0,2012
101378,2025-08,0,decile,0.2,196,1.0,2012
100104,2025-08,0,decile,0.2,197,1.0,2012
101620,2025-08,0,decile,0.2,198,1.0,2012
101077,2025-08,0,decile,0.2,199,1.0,2012
100774,2025-08,0,decile,0.2,200,1.0,2012
101367,2025-08,0,decile,0.2,201,1.0,2012
100678,2025-08,0,decile,0.2,202,1.0,2012
101709,2025-08,0,decile,0.2,203,1.0,2012
101601,2025-08,0,decile,0.2,204,1.0,2012
101890,2025-08,0,decile,0.2,205,1.0,2012
100334,2025-08,0,decile,0.2,206,1.0,2012
100361,2025-08,0,decile,0.2,207,1.0,2012
102079,2025-08,0,decile,0.2,208,1.0,2012
101160,2025-08,0,decile,0.2,209,1.0,2012
100883,2025-08,1,decile,0.2,210,0.9,2012
100768,2025-08,0,decile,0.2,211,0.9,2012
101181,2025-08,0,decile,0.2,212,0.9,2012
101179,2025-08,0,decile,0.2,213,0.9,2012
101823,2025-08,0,decile,0.2,214,0.9,2012
100292,2025-08,0,decile,0.2,215,0.9,2012
100729,2025-08,0,decile,0.2,216,0.9,2012
101629,2025-08,0,decile,0.2,217,0.9,2012
101237,2025-08,0,decile,0.2,218,0.9,2012
101829,2025-08,0,decile,0.2,219,0.9,2012
100387,2025-08,1,decile,0.2,220,0.9,2012
101391,2025-08,0,decile,0.2,221,0.9,2012
101353,2025-08,0,decile,0.2,222,0.9,2012
101805,2025-08,0,decile,0.2,223,0.9,2012
100399,2025-08,0,decile,0.2,224,0.9,2012
100923,2025-08,0,decile,0.2,225,0.9,2012
101421,2025-08,0,decile,0.2,226,0.9,2012
101882,2025-08,0,decile,0.2,227,0.9,2012
102027,2025-08,0,decile,0.2,228,0.9,2012
101953,2025-08,0,decile,0.2,229,0.9,2012
100044,2025-08,0,decile,0.2,230,0.9,2012
100167,2025-08,0,decile,0.2,231,0.9,2012
100732,2025-08,0,decile,0.2,232,0.9,2012
101594,2025-08,0,decile,0.2,233,0.9,2012
101957,2025-08,0,decile,0.2,234,0.9,2012
100859,2025-08,0,decile,0.2,235,0.9,2012
100443,2025-08,0,decile,0.2,236,0.9,2012
101906,2025-08,0,decile,0.2,237,0.9,2012
100106,2025-08,0,decile,0.2,238,0.9,2012
101610,2025-08,0,decile,0.2,239,0.9,2012
100177,2025-08,0,decile,0.2,240,0.9,2012
100461,2025-08,0,decile,0.2,241,0.9,2012
101609,2025-08,1,decile,0.2,242,0.9,2012
101870,2025-08,0,decile,0.2,243,0.9,2012
101493,2025-08,0,decile,0.2,244,0.9,2012
101663,2025-08,0,decile,0.2,245,0.9,2012
100531,2025-08,0,decile,0.2,246,0.9,2012
100591,2025-08,1,decile,0.2,247,0.9,2012
101436,2025-08,0,decile,0.2,248,0.9,2012
100484,2025-08,0,decile,0.2,249,0.9,2012
100653,2025-08,0,decile,0.2,250,0.9,2012
101011,2025-08,0,decile,0.2,251,0.9,2012
100187,2025-08,1,decile,0.2,252,0.9,2012
100425,2025-08,0,decile,0.2,253,0.9,2012
100910,2025-08,0,decile,0.2,254,0.9,2012
100929,2025-08,0,decile,0.2,255,0.9,2012
101869,2025-08,0,decile,0.2,256,0.9,2012
101266,2025-08,0,decile,0.2,257,0.9,2012
101322,2025-08,0,decile,0.2,258,0.9,2012
100833,2025-08,0,decile,0.2,259,0.9,2012
100283,2025-08,0,decile,0.2,260,0.9,2012
101377,2025-08,0,decile,0.2,261,0.9,2012
101907,2025-08,0,decile,0.2,262,0.9,2012
101670,2025-08,0,decile,0.2,263,0.9,2012
101628,2025-08,1,decile,0.2,264,0.9,2012
100108,2025-08,0,decile,0.2,265,0.9,2012
101534,2025-08,0,decile,0.2,266,0.9,2012
100233,2025-08,0,decile,0.2,267,0.9,2012
100147,2025-08,0,decile,0.2,268,0.9,2012
101001,2025-08,0,decile,0.2,269,0.9,2012
100762,2025-08,0,decile,0.2,270,0.9,2012
100741,2025-08,0,decile,0.2,271,0.9,2012
101120,2025-08,0,decile,0.2,272,0.9,2012
101636,2025-08,0,decile,0.2,273,0.9,2012
101573,2025-08,0,decile,0.2,274,0.9,2012
101982,2025-08,0,decile,0.2,275,0.9,2012
100605,2025-08,0,decile,0.2,276,0.9,2012
101078,2025-08,0,decile,0.2,277,0.9,2012
101145,2025-08,0,decile,0.2,278,0.9,2012
101499,2025-08,0,decile,0.2,279,0.9,2012
100029,2025-08,0,decile,0.2,280,0.9,2012
101809,2025-08,0,decile,0.2,281,0.9,2012
101226,2025-08,0,decile,0.2,282,0.9,2012
100314,2025-08,0,decile,0.2,283,0.9,2012
100128,2025-08,0,decile,0.2,284,0.9,2012
100746,2025-08,1,decile,0.2,285,0.9,2012
100320,2025-08,1,decile,0.2,286,0.9,2012
100757,2025-08,0,decile,0.2,287,0.9,2012
101415,2025-08,0,decile,0.2,288,0.9,2012
102005,2025-08,1,decile,0.2,289,0.9,2012
101541,2025-08,0,decile,0.2,290,0.9,2012
101936,2025-08,0,decile,0.2,291,0.9,2012
101774,2025-08,0,decile,0.2,292,0.9,2012
100664,2025-08,0,decile,0.2,293,0.9,2012
101167,2025-08,1,decile,0.2,294,0.9,2012
101986,2025-08,0,decile,0.2,295,0.9,2012
101357,2025-08,0,decile,0.2,296,0.9,2012
101009,2025-08,0,decile,0.2,297,0.9,2012
101903,2025-08,0,decile,0.2,298,0.9,2012
100429,2025-08,0,decile,0.2,299,0.9,2012
101944,2025-08,0,decile,0.2,300,0.9,2012
101464,2025-08,0,decile,0.2,301,0.9,2012
100662,2025-08,0,decile,0.2,302,0.9,2012
100577,2025-08,0,decile,0.2,303,0.9,2012
101298,2025-08,1,decile,0.2,304,0.9,2012
101958,2025-08,0,decile,0.2,305,0.9,2012
100393,2025-08,0,decile,0.2,306,0.9,2012
100337,2025-08,1,decile,0.2,307,0.9,2012
102046,2025-08,0,decile,0.2,308,0.9,2012
100952,2025-08,1,decile,0.2,309,0.9,2012
101832,2025-08,0,decile,0.2,310,0.9,2012
101571,2025-08,1,decile,0.2,311,0.9,2012
101102,2025-08,0,decile,0.2,312,0.9,2012
100524,2025-08,0,decile,0.2,313,0.9,2012
101507,2025-08,0,decile,0.2,314,0.9,2012
100924,2025-08,0,decile,0.2,315,0.9,2012
101881,2025-08,0,decile,0.2,316,0.9,2012
101117,2025-08,0,decile,0.2,317,0.9,2012
101854,2025-08,0,decile,0.2,318,0.9,2012
100727,2025-08,0,decile,0.2,319,0.9,2012
100913,2025-08,0,decile,0.2,320,0.9,2012
101317,2025-08,0,decile,0.2,321,0.9,2012
101285,2025-08,0,decile,0.2,322,0.9,2012
100907,2025-08,0,decile,0.2,323,0.9,2012
101806,2025-08,0,decile,0.2,324,0.9,2012
101031,2025-08,0,decile,0.2,325,0.9,2012
101987,2025-08,1,decile,0.2,326,0.9,2012
101264,2025-08,1,decile,0.2,327,0.9,2012
101769,2025-08,0,decile,0.2,328,0.9,2012
100959,2025-08,0,decile,0.2,329,0.9,2012
100376,2025-08,0,decile,0.2,330,0.9,2012
100526,2025-08,1,decile,0.2,331,0.9,2012
101719,2025-08,0,decile,0.2,332,0.9,2012
101529,2025-08,0,decile,0.2,333,0.9,2012
101393,2025-08,1,decile,0.2,334,0.9,2012
100264,2025-08,0,decile,0.2,335,0.9,2012
101016,2025-08,0,decile,0.2,336,0.9,2012
100935,2025-08,0,decile,0.2,337,0.9,2012
100991,2025-08,0,decile,0.2,338,0.9,2012
102075,2025-08,0,decile,0.2,339,0.9,2012
100288,2025-08,0,decile,0.2,340,0.9,2012
101981,2025-08,0,decile,0.2,341,0.9,2012
101512,2025-08,0,decile,0.2,342,0.9,2012
100052,2025-08,0,decile,0.2,343,0.9,2012
100253,2025-08,0,decile,0.2,344,0.9,2012
101030,2025-08,0,decile,0.2,345,0.9,2012
100971,2025-08,0,decile,0.2,346,0.9,2012
100375,2025-08,0,decile,0.2,347,0.9,2012
101232,2025-08,0,decile,0.2,348,0.9,2012
100239,2025-08,0,decile,0.2,349,0.9,2012
100345,2025-08,0,decile,0.2,350,0.9,2012
101591,2025-08,1,decile,0.2,351,0.9,2012
102049,2025-08,0,decile,0.2,352,0.9,2012
100870,2025-08,0,decile,0.2,353,0.9,2012
101164,2025-08,0,decile,0.2,354,0.9,2012
100898,2025-08,0,decile,0.2,355,0.9,2012
101302,2025-08,0,decile,0.2,356,0.9,2012
101919,2025-08,0,decile,0.2,357,0.9,2012
101626,2025-08,0,decile,0.2,358,0.9,2012
100510,2025-08,0,decile,0.2,359,0.9,2012
100815,2025-08,0,decile,0.2,360,0.9,2012
100002,2025-08,0,decile,0.2,361,0.9,2012
101045,2025-08,1,decile,0.2,362,0.9,2012
101035,2025-08,0,decile,0.2,363,0.9,2012
100488,2025-08,1,decile,0.2,364,0.9,2012
100849,2025-08,1,decile,0.2,365,0.9,2012
100203,2025-08,1,decile,0.2,366,0.9,2012
100975,2025-08,0,decile,0.2,367,0.9,2012
100269,2025-08,0,decile,0.2,368,0.9,2012
101787,2025-08,0,decile,0.2,369,0.9,2012
101343,2025-08,0,decile,0.2,370,0.9,2012
101175,2025-08,1,decile,0.2,371,0.9,2012
100985,2025-08,1,decile,0.2,372,0.9,2012
101119,2025-08,1,decile,0.2,373,0.9,2012
100856,2025-08,0,decile,0.2,374,0.9,2012
102059,2025-08,1,decile,0.2,375,0.9,2012
100967,2025-08,0,decile,0.2,376,0.9,2012
100826,2025-08,0,decile,0.2,377,0.9,2012
101556,2025-08,1,decile,0.2,378,0.9,2012
100796,2025-08,0,decile,0.2,379,0.9,2012
101215,2025-08,0,decile,0.2,380,0.9,2012
102077,2025-08,0,decile,0.2,381,0.9,2012
100238,2025-08,0,decile,0.2,382,0.9,2012
100899,2025-08,0,decile,0.2,383,0.9,2012
100303,2025-08,0,decile,0.2,384,0.9,2012
100880,2025-08,0,decile,0.2,385,0.9,2012
100875,2025-08,0,decile,0.2,386,0.9,2012
101790,2025-08,0,decile,0.2,387,0.9,2012
101763,2025-08,0,decile,0.2,388,0.9,2012
101825,2025-08,1,decile,0.2,389,0.9,2012
101956,2025-08,0,decile,0.2,390,0.9,2012
101482,2025-08,0,decile,0.2,391,0.9,2012
100245,2025-08,0,decile,0.2,392,0.9,2012
101368,2025-08,0,decile,0.2,393,0.9,2012
100225,2025-08,0,decile,0.2,394,0.9,2012
102062,2025-08,0,decile,0.2,395,0.9,2012
101336,2025-08,0,decile,0.2,396,0.9,2012
101431,2025-08,0,decile,0.2,397,0.9,2012
100448,2025-08,0,decile,0.2,398,0.9,2012
100224,2025-08,0,decile,0.2,399,0.9,2012
101895,2025-08,0,decile,0.2,400,0.9,2012
100407,2025-08,0,decile,0.2,401,0.9,2012
101756,2025-08,0,decile,0.2,402,0.9,2012
100083,2025-08,0,decile,0.2,403,0.9,2012
101727,2025-08,0,core_logistic,0.05,1,0.4342953605460269,2012
101489,2025-08,0,core_logistic,0.05,2,0.3984867645650136,2012
102029,2025-08,0,core_logistic,0.05,3,0.3870346731078923,2012
101084,2025-08,0,core_logistic,0.05,4,0.3740167344617221,2012
100624,2025-08,0,core_logistic,0.05,5,0.3672045428573806,2012
102090,2025-08,1,core_logistic,0.05,6,0.3584996424504119,2012
100056,2025-08,0,core_logistic,0.05,7,0.3571891986060342,2012
100694,2025-08,0,core_logistic,0.05,8,0.3568305102845426,2012
101886,2025-08,0,core_logistic,0.05,9,0.3520867324755068,2012
100496,2025-08,0,core_logistic,0.05,10,0.3508549019440822,2012
101825,2025-08,1,core_logistic,0.05,11,0.3435551152190633,2012
101005,2025-08,0,core_logistic,0.05,12,0.3381741394769574,2012
100587,2025-08,1,core_logistic,0.05,13,0.3342562295579286,2012
100775,2025-08,0,core_logistic,0.05,14,0.3331530062712056,2012
101202,2025-08,0,core_logistic,0.05,15,0.3283873718759541,2012
101692,2025-08,0,core_logistic,0.05,16,0.3281333994883684,2012
101746,2025-08,0,core_logistic,0.05,17,0.3238313377122387,2012
101379,2025-08,1,core_logistic,0.05,18,0.3220807207775183,2012
100215,2025-08,1,core_logistic,0.05,19,0.3212371610938734,2012
100123,2025-08,0,core_logistic,0.05,20,0.3195588521099066,2012
101928,2025-08,0,core_logistic,0.05,21,0.3163119291193969,2012
100745,2025-08,0,core_logistic,0.05,22,0.3152398872724698,2012
100678,2025-08,0,core_logistic,0.05,23,0.3130065497839557,2012
101471,2025-08,0,core_logistic,0.05,24,0.3128351679675409,2012
100298,2025-08,0,core_logistic,0.05,25,0.3113515170337665,2012
101761,2025-08,0,core_logistic,0.05,26,0.3113515170337665,2012
100803,2025-08,0,core_logistic,0.05,27,0.3108698463376198,2012
101264,2025-08,1,core_logistic,0.05,28,0.310297641599952,2012
100484,2025-08,0,core_logistic,0.05,29,0.3100512009534806,2012
100387,2025-08,1,core_logistic,0.05,30,0.3066123935479574,2012
101160,2025-08,0,core_logistic,0.05,31,0.3037598413152405,2012
101628,2025-08,1,core_logistic,0.05,32,0.3037568515891936,2012
102045,2025-08,0,core_logistic,0.05,33,0.2991486725141307,2012
100166,2025-08,0,core_logistic,0.05,34,0.2987155676011664,2012
101474,2025-08,0,core_logistic,0.05,35,0.2984247374925194,2012
101883,2025-08,0,core_logistic,0.05,36,0.297426584312801,2012
101120,2025-08,0,core_logistic,0.05,37,0.2957050807835739,2012
101448,2025-08,0,core_logistic,0.05,38,0.2943809377915033,2012
102053,2025-08,0,core_logistic,0.05,39,0.2914703070830601,2012
101946,2025-08,0,core_logistic,0.05,40,0.289515415140853,2012
101913,2025-08,0,core_logistic,0.05,41,0.2893342132688999,2012
101527,2025-08,1,core_logistic,0.05,42,0.2878901041822266,2012
100564,2025-08,0,core_logistic,0.05,43,0.2876907399873636,2012
101826,2025-08,1,core_logistic,0.05,44,0.2871520160923248,2012
100214,2025-08,1,core_logistic,0.05,45,0.2857947696942425,2012
100187,2025-08,1,core_logistic,0.05,46,0.285730952544094,2012
100193,2025-08,0,core_logistic,0.05,47,0.2848667484771257,2012
100267,2025-08,0,core_logistic,0.05,48,0.2810912971108678,2012
101154,2025-08,1,core_logistic,0.05,49,0.2783875053877164,2012
100041,2025-08,1,core_logistic,0.05,50,0.2704643185520938,2012
100422,2025-08,0,core_logistic,0.05,51,0.2688769077984887,2012
101045,2025-08,1,core_logistic,0.05,52,0.2684320931719451,2012
100303,2025-08,0,core_logistic,0.05,53,0.2673831555456034,2012
102005,2025-08,1,core_logistic,0.05,54,0.2671466088289176,2012
100488,2025-08,1,core_logistic,0.05,55,0.2662565667280527,2012
101922,2025-08,0,core_logistic,0.05,56,0.2649438697182204,2012
102062,2025-08,0,core_logistic,0.05,57,0.2647277957059103,2012
101837,2025-08,1,core_logistic,0.05,58,0.2642714976001554,2012
100608,2025-08,0,core_logistic,0.05,59,0.2640476167004915,2012
102067,2025-08,0,core_logistic,0.05,60,0.2633767041119391,2012
100876,2025-08,0,core_logistic,0.05,61,0.2631533101157467,2012
100627,2025-08,0,core_logistic,0.05,62,0.2629208818696593,2012
101726,2025-08,1,core_logistic,0.05,63,0.2615838405079794,2012
100052,2025-08,0,core_logistic,0.05,64,0.2602683762967437,2012
100130,2025-08,1,core_logistic,0.05,65,0.2601464156853865,2012
100526,2025-08,1,core_logistic,0.05,66,0.2596036790279985,2012
100787,2025-08,1,core_logistic,0.05,67,0.2572829361694991,2012
100548,2025-08,0,core_logistic,0.05,68,0.2555341392337333,2012
100826,2025-08,0,core_logistic,0.05,69,0.2555181666310664,2012
100229,2025-08,0,core_logistic,0.05,70,0.2540234320690169,2012
101670,2025-08,0,core_logistic,0.05,71,0.2536711950674415,2012
101117,2025-08,0,core_logistic,0.05,72,0.253235330181793,2012
100875,2025-08,0,core_logistic,0.05,73,0.25289785891757,2012
101529,2025-08,0,core_logistic,0.05,74,0.2525824615235469,2012
101629,2025-08,0,core_logistic,0.05,75,0.2523124663125011,2012
100815,2025-08,0,core_logistic,0.05,76,0.2514968261094389,2012
100508,2025-08,0,core_logistic,0.05,77,0.2499742792227431,2012
102037,2025-08,0,core_logistic,0.05,78,0.2497061405551361,2012
101309,2025-08,0,core_logistic,0.05,79,0.2489934530355999,2012
100128,2025-08,0,core_logistic,0.05,80,0.2487855431564856,2012
101512,2025-08,0,core_logistic,0.05,81,0.247828902216941,2012
100197,2025-08,0,core_logistic,0.05,82,0.2472739877381945,2012
101382,2025-08,0,core_logistic,0.05,83,0.2463212532595735,2012
101571,2025-08,1,core_logistic,0.05,84,0.2439330632198028,2012
101464,2025-08,0,core_logistic,0.05,85,0.2435598534668571,2012
100702,2025-08,1,core_logistic,0.05,86,0.2428000298485783,2012
101871,2025-08,0,core_logistic,0.05,87,0.2417428413754848,2012
101971,2025-08,0,core_logistic,0.05,88,0.240846523305308,2012
100073,2025-08,0,core_logistic,0.05,89,0.2402680534326058,2012
100696,2025-08,1,core_logistic,0.05,90,0.2393080267329244,2012
100210,2025-08,0,core_logistic,0.05,91,0.2384601692278018,2012
102079,2025-08,0,core_logistic,0.05,92,0.2384225889954064,2012
101811,2025-08,0,core_logistic,0.05,93,0.2378686001910471,2012
100147,2025-08,0,core_logistic,0.05,94,0.2375526968183676,2012
100919,2025-08,1,core_logistic,0.05,95,0.2373369774234129,2012
100477,2025-08,0,core_logistic,0.05,96,0.2368176290102603,2012
101607,2025-08,0,core_logistic,0.05,97,0.2341306172955398,2012
101660,2025-08,0,core_logistic,0.05,98,0.2340585588990502,2012
100448,2025-08,0,core_logistic,0.05,99,0.2334792406816975,2012
101181,2025-08,0,core_logistic,0.05,100,0.2331997135142624,2012
101965,2025-08,0,core_logistic,0.05,101,0.2330277186677664,2012
101727,2025-08,0,core_logistic,0.1,1,0.4342953605460269,2012
101489,2025-08,0,core_logistic,0.1,2,0.3984867645650136,2012
102029,2025-08,0,core_logistic,0.1,3,0.3870346731078923,2012
101084,2025-08,0,core_logistic,0.1,4,0.3740167344617221,2012
100624,2025-08,0,core_logistic,0.1,5,0.3672045428573806,2012
102090,2025-08,1,core_logistic,0.1,6,0.3584996424504119,2012
100056,2025-08,0,core_logistic,0.1,7,0.3571891986060342,2012
100694,2025-08,0,core_logistic,0.1,8,0.3568305102845426,2012
101886,2025-08,0,core_logistic,0.1,9,0.3520867324755068,2012
100496,2025-08,0,core_logistic,0.1,10,0.3508549019440822,2012
101825,2025-08,1,core_logistic,0.1,11,0.3435551152190633,2012
101005,2025-08,0,core_logistic,0.1,12,0.3381741394769574,2012
100587,2025-08,1,core_logistic,0.1,13,0.3342562295579286,2012
100775,2025-08,0,core_logistic,0.1,14,0.3331530062712056,2012
101202,2025-08,0,core_logistic,0.1,15,0.3283873718759541,2012
101692,2025-08,0,core_logistic,0.1,16,0.3281333994883684,2012
101746,2025-08,0,core_logistic,0.1,17,0.3238313377122387,2012
101379,2025-08,1,core_logistic,0.1,18,0.3220807207775183,2012
100215,2025-08,1,core_logistic,0.1,19,0.3212371610938734,2012
100123,2025-08,0,core_logistic,0.1,20,0.3195588521099066,2012
101928,2025-08,0,core_logistic,0.1,21,0.3163119291193969,2012
100745,2025-08,0,core_logistic,0.1,22,0.3152398872724698,2012
100678,2025-08,0,core_logistic,0.1,23,0.3130065497839557,2012
101471,2025-08,0,core_logistic,0.1,24,0.3128351679675409,2012
100298,2025-08,0,core_logistic,0.1,25,0.3113515170337665,2012
101761,2025-08,0,core_logistic,0.1,26,0.3113515170337665,2012
100803,2025-08,0,core_logistic,0.1,27,0.3108698463376198,2012
101264,2025-08,1,core_logistic,0.1,28,0.310297641599952,2012
100484,2025-08,0,core_logistic,0.1,29,0.3100512009534806,2012
100387,2025-08,1,core_logistic,0.1,30,0.3066123935479574,2012
101160,2025-08,0,core_logistic,0.1,31,0.3037598413152405,2012
101628,2025-08,1,core_logistic,0.1,32,0.3037568515891936,2012
102045,2025-08,0,core_logistic,0.1,33,0.2991486725141307,2012
100166,2025-08,0,core_logistic,0.1,34,0.2987155676011664,2012
101474,2025-08,0,core_logistic,0.1,35,0.2984247374925194,2012
101883,2025-08,0,core_logistic,0.1,36,0.297426584312801,2012
101120,2025-08,0,core_logistic,0.1,37,0.2957050807835739,2012
101448,2025-08,0,core_logistic,0.1,38,0.2943809377915033,2012
102053,2025-08,0,core_logistic,0.1,39,0.2914703070830601,2012
101946,2025-08,0,core_logistic,0.1,40,0.289515415140853,2012
101913,2025-08,0,core_logistic,0.1,41,0.2893342132688999,2012
101527,2025-08,1,core_logistic,0.1,42,0.2878901041822266,2012
100564,2025-08,0,core_logistic,0.1,43,0.2876907399873636,2012
101826,2025-08,1,core_logistic,0.1,44,0.2871520160923248,2012
100214,2025-08,1,core_logistic,0.1,45,0.2857947696942425,2012
100187,2025-08,1,core_logistic,0.1,46,0.285730952544094,2012
100193,2025-08,0,core_logistic,0.1,47,0.2848667484771257,2012
100267,2025-08,0,core_logistic,0.1,48,0.2810912971108678,2012
101154,2025-08,1,core_logistic,0.1,49,0.2783875053877164,2012
100041,2025-08,1,core_logistic,0.1,50,0.2704643185520938,2012
100422,2025-08,0,core_logistic,0.1,51,0.2688769077984887,2012
101045,2025-08,1,core_logistic,0.1,52,0.2684320931719451,2012
100303,2025-08,0,core_logistic,0.1,53,0.2673831555456034,2012
102005,2025-08,1,core_logistic,0.1,54,0.2671466088289176,2012
100488,2025-08,1,core_logistic,0.1,55,0.2662565667280527,2012
101922,2025-08,0,core_logistic,0.1,56,0.2649438697182204,2012
102062,2025-08,0,core_logistic,0.1,57,0.2647277957059103,2012
101837,2025-08,1,core_logistic,0.1,58,0.2642714976001554,2012
100608,2025-08,0,core_logistic,0.1,59,0.2640476167004915,2012
102067,2025-08,0,core_logistic,0.1,60,0.2633767041119391,2012
100876,2025-08,0,core_logistic,0.1,61,0.2631533101157467,2012
100627,2025-08,0,core_logistic,0.1,62,0.2629208818696593,2012
101726,2025-08,1,core_logistic,0.1,63,0.2615838405079794,2012
100052,2025-08,0,core_logistic,0.1,64,0.2602683762967437,2012
100130,2025-08,1,core_logistic,0.1,65,0.2601464156853865,2012
100526,2025-08,1,core_logistic,0.1,66,0.2596036790279985,2012
100787,2025-08,1,core_logistic,0.1,67,0.2572829361694991,2012
100548,2025-08,0,core_logistic,0.1,68,0.2555341392337333,2012
100826,2025-08,0,core_logistic,0.1,69,0.2555181666310664,2012
100229,2025-08,0,core_logistic,0.1,70,0.2540234320690169,2012
101670,2025-08,0,core_logistic,0.1,71,0.2536711950674415,2012
101117,2025-08,0,core_logistic,0.1,72,0.253235330181793,2012
100875,2025-08,0,core_logistic,0.1,73,0.25289785891757,2012
101529,2025-08,0,core_logistic,0.1,74,0.2525824615235469,2012
101629,2025-08,0,core_logistic,0.1,75,0.2523124663125011,2012
100815,2025-08,0,core_logistic,0.1,76,0.2514968261094389,2012
100508,2025-08,0,core_logistic,0.1,77,0.2499742792227431,2012
102037,2025-08,0,core_logistic,0.1,78,0.2497061405551361,2012
101309,2025-08,0,core_logistic,0.1,79,0.2489934530355999,2012
100128,2025-08,0,core_logistic,0.1,80,0.2487855431564856,2012
101512,2025-08,0,core_logistic,0.1,81,0.247828902216941,2012
100197,2025-08,0,core_logistic,0.1,82,0.2472739877381945,2012
101382,2025-08,0,core_logistic,0.1,83,0.2463212532595735,2012
101571,2025-08,1,core_logistic,0.1,84,0.2439330632198028,2012
101464,2025-08,0,core_logistic,0.1,85,0.2435598534668571,2012
100702,2025-08,1,core_logistic,0.1,86,0.2428000298485783,2012
101871,2025-08,0,core_logistic,0.1,87,0.2417428413754848,2012
101971,2025-08,0,core_logistic,0.1,88,0.240846523305308,2012
100073,2025-08,0,core_logistic,0.1,89,0.2402680534326058,2012
100696,2025-08,1,core_logistic,0.1,90,0.2393080267329244,2012
100210,2025-08,0,core_logistic,0.1,91,0.2384601692278018,2012
102079,2025-08,0,core_logistic,0.1,92,0.2384225889954064,2012
101811,2025-08,0,core_logistic,0.1,93,0.2378686001910471,2012
100147,2025-08,0,core_logistic,0.1,94,0.2375526968183676,2012
100919,2025-08,1,core_logistic,0.1,95,0.2373369774234129,2012
100477,2025-08,0,core_logistic,0.1,96,0.2368176290102603,2012
101607,2025-08,0,core_logistic,0.1,97,0.2341306172955398,2012
101660,2025-08,0,core_logistic,0.1,98,0.2340585588990502,2012
100448,2025-08,0,core_logistic,0.1,99,0.2334792406816975,2012
101181,2025-08,0,core_logistic,0.1,100,0.2331997135142624,2012
101965,2025-08,0,core_logistic,0.1,101,0.2330277186677664,2012
101854,2025-08,0,core_logistic,0.1,102,0.2297795052540243,2012
101164,2025-08,0,core_logistic,0.1,103,0.2287618821927046,2012
101702,2025-08,0,core_logistic,0.1,104,0.2286079193282093,2012
101543,2025-08,0,core_logistic,0.1,105,0.2283483241166837,2012
101446,2025-08,0,core_logistic,0.1,106,0.2270854041468367,2012
101343,2025-08,0,core_logistic,0.1,107,0.2263325409497473,2012
100912,2025-08,0,core_logistic,0.1,108,0.2262129338282086,2012
100536,2025-08,1,core_logistic,0.1,109,0.2260762103278964,2012
101437,2025-08,0,core_logistic,0.1,110,0.2253670768961888,2012
100216,2025-08,0,core_logistic,0.1,111,0.2243633027987817,2012
101869,2025-08,0,core_logistic,0.1,112,0.2241620141845324,2012
101393,2025-08,1,core_logistic,0.1,113,0.2229706379835977,2012
100275,2025-08,0,core_logistic,0.1,114,0.2229649016410369,2012
100592,2025-08,0,core_logistic,0.1,115,0.2229551792050613,2012
102044,2025-08,0,core_logistic,0.1,116,0.2222561733336011,2012
100777,2025-08,0,core_logistic,0.1,117,0.2214608177268056,2012
101226,2025-08,0,core_logistic,0.1,118,0.2197860392969874,2012
100170,2025-08,1,core_logistic,0.1,119,0.219748740073691,2012
101684,2025-08,0,core_logistic,0.1,120,0.219581402455014,2012
100289,2025-08,0,core_logistic,0.1,121,0.2193587988601363,2012
101509,2025-08,0,core_logistic,0.1,122,0.2191616323243882,2012
100155,2025-08,1,core_logistic,0.1,123,0.2189717730708621,2012
101011,2025-08,0,core_logistic,0.1,124,0.2175608067071925,2012
101167,2025-08,1,core_logistic,0.1,125,0.2171299531878146,2012
100219,2025-08,0,core_logistic,0.1,126,0.2169480956109677,2012
101119,2025-08,1,core_logistic,0.1,127,0.2163478390905985,2012
100078,2025-08,0,core_logistic,0.1,128,0.2163407215227465,2012
100670,2025-08,0,core_logistic,0.1,129,0.2159202187455912,2012
100173,2025-08,0,core_logistic,0.1,130,0.214803498477723,2012
101613,2025-08,0,core_logistic,0.1,131,0.2144927865121741,2012
100407,2025-08,0,core_logistic,0.1,132,0.2139261933367477,2012
100698,2025-08,0,core_logistic,0.1,133,0.2133386691784009,2012
100990,2025-08,0,core_logistic,0.1,134,0.2130395938456308,2012
100977,2025-08,1,core_logistic,0.1,135,0.2127593534357364,2012
101505,2025-08,0,core_logistic,0.1,136,0.2123752652305857,2012
100531,2025-08,0,core_logistic,0.1,137,0.2108435832548799,2012
100581,2025-08,0,core_logistic,0.1,138,0.2106126120641141,2012
101809,2025-08,0,core_logistic,0.1,139,0.2102692318516826,2012
101443,2025-08,0,core_logistic,0.1,140,0.2092822703772359,2012
100773,2025-08,0,core_logistic,0.1,141,0.208728507168365,2012
100849,2025-08,1,core_logistic,0.1,142,0.2085545349135822,2012
100540,2025-08,0,core_logistic,0.1,143,0.2077615613709361,2012
100992,2025-08,0,core_logistic,0.1,144,0.20759866809283,2012
100487,2025-08,1,core_logistic,0.1,145,0.2073711827965918,2012
101544,2025-08,0,core_logistic,0.1,146,0.2071934013170815,2012
101482,2025-08,0,core_logistic,0.1,147,0.2060924214711523,2012
101895,2025-08,0,core_logistic,0.1,148,0.2054245945823604,2012
100241,2025-08,0,core_logistic,0.1,149,0.2052298120001885,2012
100523,2025-08,0,core_logistic,0.1,150,0.2051291229973118,2012
100610,2025-08,0,core_logistic,0.1,151,0.2044503330052562,2012
100732,2025-08,0,core_logistic,0.1,152,0.2036081049031502,2012
101952,2025-08,0,core_logistic,0.1,153,0.2032655524436906,2012
100335,2025-08,0,core_logistic,0.1,154,0.2031842090848197,2012
100591,2025-08,1,core_logistic,0.1,155,0.2028051132755798,2012
101749,2025-08,0,core_logistic,0.1,156,0.202446117048428,2012
100620,2025-08,0,core_logistic,0.1,157,0.2023556825741773,2012
100661,2025-08,1,core_logistic,0.1,158,0.2019629784864031,2012
102019,2025-08,1,core_logistic,0.1,159,0.2017850160688727,2012
101152,2025-08,1,core_logistic,0.1,160,0.2015749466111709,2012
101609,2025-08,1,core_logistic,0.1,161,0.2015047436749736,2012
100283,2025-08,0,core_logistic,0.1,162,0.2008657794046414,2012
101156,2025-08,0,core_logistic,0.1,163,0.2008344887873387,2012
101332,2025-08,0,core_logistic,0.1,164,0.2008080120024772,2012
100898,2025-08,0,core_logistic,0.1,165,0.2003041409210997,2012
100672,2025-08,0,core_logistic,0.1,166,0.2002038956292801,2012
100361,2025-08,0,core_logistic,0.1,167,0.1997520740426338,2012
100320,2025-08,1,core_logistic,0.1,168,0.1989592752113575,2012
101124,2025-08,0,core_logistic,0.1,169,0.1984588910655231,2012
101334,2025-08,0,core_logistic,0.1,170,0.1977036162839894,2012
100605,2025-08,0,core_logistic,0.1,171,0.1975585463863119,2012
101173,2025-08,0,core_logistic,0.1,172,0.196750643610002,2012
101140,2025-08,0,core_logistic,0.1,173,0.195724961471447,2012
100139,2025-08,0,core_logistic,0.1,174,0.1955941997720416,2012
101763,2025-08,0,core_logistic,0.1,175,0.1955577531280221,2012
101282,2025-08,0,core_logistic,0.1,176,0.1944589154907087,2012
102069,2025-08,0,core_logistic,0.1,177,0.194270795918486,2012
100650,2025-08,0,core_logistic,0.1,178,0.1939256147365586,2012
100328,2025-08,0,core_logistic,0.1,179,0.1931273422167199,2012
100492,2025-08,1,core_logistic,0.1,180,0.1922315282563033,2012
101123,2025-08,0,core_logistic,0.1,181,0.1899653505167386,2012
101787,2025-08,0,core_logistic,0.1,182,0.1890203200508318,2012
101935,2025-08,0,core_logistic,0.1,183,0.1886735232739794,2012
101246,2025-08,0,core_logistic,0.1,184,0.1880545581167209,2012
101673,2025-08,0,core_logistic,0.1,185,0.1880234391266408,2012
100066,2025-08,0,core_logistic,0.1,186,0.1878701945539542,2012
100083,2025-08,0,core_logistic,0.1,187,0.1871746649016044,2012
100746,2025-08,1,core_logistic,0.1,188,0.1865605461871785,2012
101409,2025-08,0,core_logistic,0.1,189,0.1858687554225434,2012
101400,2025-08,0,core_logistic,0.1,190,0.1855825080754941,2012
100543,2025-08,0,core_logistic,0.1,191,0.1849207705917498,2012
100530,2025-08,0,core_logistic,0.1,192,0.1838085289772703,2012
102051,2025-08,0,core_logistic,0.1,193,0.1835581253623703,2012
100665,2025-08,1,core_logistic,0.1,194,0.18179682197511,2012
102059,2025-08,1,core_logistic,0.1,195,0.1811257699817365,2012
101311,2025-08,1,core_logistic,0.1,196,0.1807554906681245,2012
101036,2025-08,1,core_logistic,0.1,197,0.1807029784165031,2012
101296,2025-08,0,core_logistic,0.1,198,0.1800157069288285,2012
100276,2025-08,0,core_logistic,0.1,199,0.179919865933819,2012
101639,2025-08,0,core_logistic,0.1,200,0.1797569519623553,2012
101307,2025-08,0,core_logistic,0.1,201,0.179337003398175,2012
101256,2025-08,0,core_logistic,0.1,202,0.1790040512416493,2012
101727,2025-08,0,core_logistic,0.2,1,0.4342953605460269,2012
101489,2025-08,0,core_logistic,0.2,2,0.3984867645650136,2012
102029,2025-08,0,core_logistic,0.2,3,0.3870346731078923,2012
101084,2025-08,0,core_logistic,0.2,4,0.3740167344617221,2012
100624,2025-08,0,core_logistic,0.2,5,0.3672045428573806,2012
102090,2025-08,1,core_logistic,0.2,6,0.3584996424504119,2012
100056,2025-08,0,core_logistic,0.2,7,0.3571891986060342,2012
100694,2025-08,0,core_logistic,0.2,8,0.3568305102845426,2012
101886,2025-08,0,core_logistic,0.2,9,0.3520867324755068,2012
100496,2025-08,0,core_logistic,0.2,10,0.3508549019440822,2012
101825,2025-08,1,core_logistic,0.2,11,0.3435551152190633,2012
101005,2025-08,0,core_logistic,0.2,12,0.3381741394769574,2012
100587,2025-08,1,core_logistic,0.2,13,0.3342562295579286,2012
100775,2025-08,0,core_logistic,0.2,14,0.3331530062712056,2012
101202,2025-08,0,core_logistic,0.2,15,0.3283873718759541,2012
101692,2025-08,0,core_logistic,0.2,16,0.3281333994883684,2012
101746,2025-08,0,core_logistic,0.2,17,0.3238313377122387,2012
101379,2025-08,1,core_logistic,0.2,18,0.3220807207775183,2012
100215,2025-08,1,core_logistic,0.2,19,0.3212371610938734,2012
100123,2025-08,0,core_logistic,0.2,20,0.3195588521099066,2012
101928,2025-08,0,core_logistic,0.2,21,0.3163119291193969,2012
100745,2025-08,0,core_logistic,0.2,22,0.3152398872724698,2012
100678,2025-08,0,core_logistic,0.2,23,0.3130065497839557,2012
101471,2025-08,0,core_logistic,0.2,24,0.3128351679675409,2012
100298,2025-08,0,core_logistic,0.2,25,0.3113515170337665,2012
101761,2025-08,0,core_logistic,0.2,26,0.3113515170337665,2012
100803,2025-08,0,core_logistic,0.2,27,0.3108698463376198,2012
101264,2025-08,1,core_logistic,0.2,28,0.310297641599952,2012
100484,2025-08,0,core_logistic,0.2,29,0.3100512009534806,2012
100387,2025-08,1,core_logistic,0.2,30,0.3066123935479574,2012
101160,2025-08,0,core_logistic,0.2,31,0.3037598413152405,2012
101628,2025-08,1,core_logistic,0.2,32,0.3037568515891936,2012
102045,2025-08,0,core_logistic,0.2,33,0.2991486725141307,2012
100166,2025-08,0,core_logistic,0.2,34,0.2987155676011664,2012
101474,2025-08,0,core_logistic,0.2,35,0.2984247374925194,2012
101883,2025-08,0,core_logistic,0.2,36,0.297426584312801,2012
101120,2025-08,0,core_logistic,0.2,37,0.2957050807835739,2012
101448,2025-08,0,core_logistic,0.2,38,0.2943809377915033,2012
102053,2025-08,0,core_logistic,0.2,39,0.2914703070830601,2012
101946,2025-08,0,core_logistic,0.2,40,0.289515415140853,2012
101913,2025-08,0,core_logistic,0.2,41,0.2893342132688999,2012
101527,2025-08,1,core_logistic,0.2,42,0.2878901041822266,2012
100564,2025-08,0,core_logistic,0.2,43,0.2876907399873636,2012
101826,2025-08,1,core_logistic,0.2,44,0.2871520160923248,2012
100214,2025-08,1,core_logistic,0.2,45,0.2857947696942425,2012
100187,2025-08,1,core_logistic,0.2,46,0.285730952544094,2012
100193,2025-08,0,core_logistic,0.2,47,0.2848667484771257,2012
100267,2025-08,0,core_logistic,0.2,48,0.2810912971108678,2012
101154,2025-08,1,core_logistic,0.2,49,0.2783875053877164,2012
100041,2025-08,1,core_logistic,0.2,50,0.2704643185520938,2012
100422,2025-08,0,core_logistic,0.2,51,0.2688769077984887,2012
101045,2025-08,1,core_logistic,0.2,52,0.2684320931719451,2012
100303,2025-08,0,core_logistic,0.2,53,0.2673831555456034,2012
102005,2025-08,1,core_logistic,0.2,54,0.2671466088289176,2012
100488,2025-08,1,core_logistic,0.2,55,0.2662565667280527,2012
101922,2025-08,0,core_logistic,0.2,56,0.2649438697182204,2012
102062,2025-08,0,core_logistic,0.2,57,0.2647277957059103,2012
101837,2025-08,1,core_logistic,0.2,58,0.2642714976001554,2012
100608,2025-08,0,core_logistic,0.2,59,0.2640476167004915,2012
102067,2025-08,0,core_logistic,0.2,60,0.2633767041119391,2012
100876,2025-08,0,core_logistic,0.2,61,0.2631533101157467,2012
100627,2025-08,0,core_logistic,0.2,62,0.2629208818696593,2012
101726,2025-08,1,core_logistic,0.2,63,0.2615838405079794,2012
100052,2025-08,0,core_logistic,0.2,64,0.2602683762967437,2012
100130,2025-08,1,core_logistic,0.2,65,0.2601464156853865,2012
100526,2025-08,1,core_logistic,0.2,66,0.2596036790279985,2012
100787,2025-08,1,core_logistic,0.2,67,0.2572829361694991,2012
100548,2025-08,0,core_logistic,0.2,68,0.2555341392337333,2012
100826,2025-08,0,core_logistic,0.2,69,0.2555181666310664,2012
100229,2025-08,0,core_logistic,0.2,70,0.2540234320690169,2012
101670,2025-08,0,core_logistic,0.2,71,0.2536711950674415,2012
101117,2025-08,0,core_logistic,0.2,72,0.253235330181793,2012
100875,2025-08,0,core_logistic,0.2,73,0.25289785891757,2012
101529,2025-08,0,core_logistic,0.2,74,0.2525824615235469,2012
101629,2025-08,0,core_logistic,0.2,75,0.2523124663125011,2012
100815,2025-08,0,core_logistic,0.2,76,0.2514968261094389,2012
100508,2025-08,0,core_logistic,0.2,77,0.2499742792227431,2012
102037,2025-08,0,core_logistic,0.2,78,0.2497061405551361,2012
101309,2025-08,0,core_logistic,0.2,79,0.2489934530355999,2012
100128,2025-08,0,core_logistic,0.2,80,0.2487855431564856,2012
101512,2025-08,0,core_logistic,0.2,81,0.247828902216941,2012
100197,2025-08,0,core_logistic,0.2,82,0.2472739877381945,2012
101382,2025-08,0,core_logistic,0.2,83,0.2463212532595735,2012
101571,2025-08,1,core_logistic,0.2,84,0.2439330632198028,2012
101464,2025-08,0,core_logistic,0.2,85,0.2435598534668571,2012
100702,2025-08,1,core_logistic,0.2,86,0.2428000298485783,2012
101871,2025-08,0,core_logistic,0.2,87,0.2417428413754848,2012
101971,2025-08,0,core_logistic,0.2,88,0.240846523305308,2012
100073,2025-08,0,core_logistic,0.2,89,0.2402680534326058,2012
100696,2025-08,1,core_logistic,0.2,90,0.2393080267329244,2012
100210,2025-08,0,core_logistic,0.2,91,0.2384601692278018,2012
102079,2025-08,0,core_logistic,0.2,92,0.2384225889954064,2012
101811,2025-08,0,core_logistic,0.2,93,0.2378686001910471,2012
100147,2025-08,0,core_logistic,0.2,94,0.2375526968183676,2012
100919,2025-08,1,core_logistic,0.2,95,0.2373369774234129,2012
100477,2025-08,0,core_logistic,0.2,96,0.2368176290102603,2012
101607,2025-08,0,core_logistic,0.2,97,0.2341306172955398,2012
101660,2025-08,0,core_logistic,0.2,98,0.2340585588990502,2012
100448,2025-08,0,core_logistic,0.2,99,0.2334792406816975,2012
101181,2025-08,0,core_logistic,0.2,100,0.2331997135142624,2012
101965,2025-08,0,core_logistic,0.2,101,0.2330277186677664,2012
101854,2025-08,0,core_logistic,0.2,102,0.2297795052540243,2012
101164,2025-08,0,core_logistic,0.2,103,0.2287618821927046,2012
101702,2025-08,0,core_logistic,0.2,104,0.2286079193282093,2012
101543,2025-08,0,core_logistic,0.2,105,0.2283483241166837,2012
101446,2025-08,0,core_logistic,0.2,106,0.2270854041468367,2012
101343,2025-08,0,core_logistic,0.2,107,0.2263325409497473,2012
100912,2025-08,0,core_logistic,0.2,108,0.2262129338282086,2012
100536,2025-08,1,core_logistic,0.2,109,0.2260762103278964,2012
101437,2025-08,0,core_logistic,0.2,110,0.2253670768961888,2012
100216,2025-08,0,core_logistic,0.2,111,0.2243633027987817,2012
101869,2025-08,0,core_logistic,0.2,112,0.2241620141845324,2012
101393,2025-08,1,core_logistic,0.2,113,0.2229706379835977,2012
100275,2025-08,0,core_logistic,0.2,114,0.2229649016410369,2012
100592,2025-08,0,core_logistic,0.2,115,0.2229551792050613,2012
102044,2025-08,0,core_logistic,0.2,116,0.2222561733336011,2012
100777,2025-08,0,core_logistic,0.2,117,0.2214608177268056,2012
101226,2025-08,0,core_logistic,0.2,118,0.2197860392969874,2012
100170,2025-08,1,core_logistic,0.2,119,0.219748740073691,2012
101684,2025-08,0,core_logistic,0.2,120,0.219581402455014,2012
100289,2025-08,0,core_logistic,0.2,121,0.2193587988601363,2012
101509,2025-08,0,core_logistic,0.2,122,0.2191616323243882,2012
100155,2025-08,1,core_logistic,0.2,123,0.2189717730708621,2012
101011,2025-08,0,core_logistic,0.2,124,0.2175608067071925,2012
101167,2025-08,1,core_logistic,0.2,125,0.2171299531878146,2012
100219,2025-08,0,core_logistic,0.2,126,0.2169480956109677,2012
101119,2025-08,1,core_logistic,0.2,127,0.2163478390905985,2012
100078,2025-08,0,core_logistic,0.2,128,0.2163407215227465,2012
100670,2025-08,0,core_logistic,0.2,129,0.2159202187455912,2012
100173,2025-08,0,core_logistic,0.2,130,0.214803498477723,2012
101613,2025-08,0,core_logistic,0.2,131,0.2144927865121741,2012
100407,2025-08,0,core_logistic,0.2,132,0.2139261933367477,2012
100698,2025-08,0,core_logistic,0.2,133,0.2133386691784009,2012
100990,2025-08,0,core_logistic,0.2,134,0.2130395938456308,2012
100977,2025-08,1,core_logistic,0.2,135,0.2127593534357364,2012
101505,2025-08,0,core_logistic,0.2,136,0.2123752652305857,2012
100531,2025-08,0,core_logistic,0.2,137,0.2108435832548799,2012
100581,2025-08,0,core_logistic,0.2,138,0.2106126120641141,2012
101809,2025-08,0,core_logistic,0.2,139,0.2102692318516826,2012
101443,2025-08,0,core_logistic,0.2,140,0.2092822703772359,2012
100773,2025-08,0,core_logistic,0.2,141,0.208728507168365,2012
100849,2025-08,1,core_logistic,0.2,142,0.2085545349135822,2012
100540,2025-08,0,core_logistic,0.2,143,0.2077615613709361,2012
100992,2025-08,0,core_logistic,0.2,144,0.20759866809283,2012
100487,2025-08,1,core_logistic,0.2,145,0.2073711827965918,2012
101544,2025-08,0,core_logistic,0.2,146,0.2071934013170815,2012
101482,2025-08,0,core_logistic,0.2,147,0.2060924214711523,2012
101895,2025-08,0,core_logistic,0.2,148,0.2054245945823604,2012
100241,2025-08,0,core_logistic,0.2,149,0.2052298120001885,2012
100523,2025-08,0,core_logistic,0.2,150,0.2051291229973118,2012
100610,2025-08,0,core_logistic,0.2,151,0.2044503330052562,2012
100732,2025-08,0,core_logistic,0.2,152,0.2036081049031502,2012
101952,2025-08,0,core_logistic,0.2,153,0.2032655524436906,2012
100335,2025-08,0,core_logistic,0.2,154,0.2031842090848197,2012
100591,2025-08,1,core_logistic,0.2,155,0.2028051132755798,2012
101749,2025-08,0,core_logistic,0.2,156,0.202446117048428,2012
100620,2025-08,0,core_logistic,0.2,157,0.2023556825741773,2012
100661,2025-08,1,core_logistic,0.2,158,0.2019629784864031,2012
102019,2025-08,1,core_logistic,0.2,159,0.2017850160688727,2012
101152,2025-08,1,core_logistic,0.2,160,0.2015749466111709,2012
101609,2025-08,1,core_logistic,0.2,161,0.2015047436749736,2012
100283,2025-08,0,core_logistic,0.2,162,0.2008657794046414,2012
101156,2025-08,0,core_logistic,0.2,163,0.2008344887873387,2012
101332,2025-08,0,core_logistic,0.2,164,0.2008080120024772,2012
100898,2025-08,0,core_logistic,0.2,165,0.2003041409210997,2012
100672,2025-08,0,core_logistic,0.2,166,0.2002038956292801,2012
100361,2025-08,0,core_logistic,0.2,167,0.1997520740426338,2012
100320,2025-08,1,core_logistic,0.2,168,0.1989592752113575,2012
101124,2025-08,0,core_logistic,0.2,169,0.1984588910655231,2012
101334,2025-08,0,core_logistic,0.2,170,0.1977036162839894,2012
100605,2025-08,0,core_logistic,0.2,171,0.1975585463863119,2012
101173,2025-08,0,core_logistic,0.2,172,0.196750643610002,2012
101140,2025-08,0,core_logistic,0.2,173,0.195724961471447,2012
100139,2025-08,0,core_logistic,0.2,174,0.1955941997720416,2012
101763,2025-08,0,core_logistic,0.2,175,0.1955577531280221,2012
101282,2025-08,0,core_logistic,0.2,176,0.1944589154907087,2012
102069,2025-08,0,core_logistic,0.2,177,0.194270795918486,2012
100650,2025-08,0,core_logistic,0.2,178,0.1939256147365586,2012
100328,2025-08,0,core_logistic,0.2,179,0.1931273422167199,2012
100492,2025-08,1,core_logistic,0.2,180,0.1922315282563033,2012
101123,2025-08,0,core_logistic,0.2,181,0.1899653505167386,2012
101787,2025-08,0,core_logistic,0.2,182,0.1890203200508318,2012
101935,2025-08,0,core_logistic,0.2,183,0.1886735232739794,2012
101246,2025-08,0,core_logistic,0.2,184,0.1880545581167209,2012
101673,2025-08,0,core_logistic,0.2,185,0.1880234391266408,2012
100066,2025-08,0,core_logistic,0.2,186,0.1878701945539542,2012
100083,2025-08,0,core_logistic,0.2,187,0.1871746649016044,2012
100746,2025-08,1,core_logistic,0.2,188,0.1865605461871785,2012
101409,2025-08,0,core_logistic,0.2,189,0.1858687554225434,2012
101400,2025-08,0,core_logistic,0.2,190,0.1855825080754941,2012
100543,2025-08,0,core_logistic,0.2,191,0.1849207705917498,2012
100530,2025-08,0,core_logistic,0.2,192,0.1838085289772703,2012
102051,2025-08,0,core_logistic,0.2,193,0.1835581253623703,2012
100665,2025-08,1,core_logistic,0.2,194,0.18179682197511,2012
102059,2025-08,1,core_logistic,0.2,195,0.1811257699817365,2012
101311,2025-08,1,core_logistic,0.2,196,0.1807554906681245,2012
101036,2025-08,1,core_logistic,0.2,197,0.1807029784165031,2012
101296,2025-08,0,core_logistic,0.2,198,0.1800157069288285,2012
100276,2025-08,0,core_logistic,0.2,199,0.179919865933819,2012
101639,2025-08,0,core_logistic,0.2,200,0.1797569519623553,2012
101307,2025-08,0,core_logistic,0.2,201,0.179337003398175,2012
101256,2025-08,0,core_logistic,0.2,202,0.1790040512416493,2012
102089,2025-08,0,core_logistic,0.2,203,0.1779726235137317,2012
101578,2025-08,0,core_logistic,0.2,204,0.1774676781200455,2012
101620,2025-08,0,core_logistic,0.2,205,0.1769638569477061,2012
100883,2025-08,1,core_logistic,0.2,206,0.1767196494064451,2012
100300,2025-08,0,core_logistic,0.2,207,0.1764352213225218,2012
100292,2025-08,0,core_logistic,0.2,208,0.1760572156332824,2012
100788,2025-08,1,core_logistic,0.2,209,0.1760309887916089,2012
101723,2025-08,0,core_logistic,0.2,210,0.1757293908676283,2012
101319,2025-08,0,core_logistic,0.2,211,0.1757172291958139,2012
101690,2025-08,0,core_logistic,0.2,212,0.1754926491599582,2012
101857,2025-08,0,core_logistic,0.2,213,0.1754333091716856,2012
101083,2025-08,0,core_logistic,0.2,214,0.175361709852686,2012
100399,2025-08,0,core_logistic,0.2,215,0.175216558072721,2012
102049,2025-08,0,core_logistic,0.2,216,0.1742602319351608,2012
102077,2025-08,0,core_logistic,0.2,217,0.173698356671744,2012
101057,2025-08,0,core_logistic,0.2,218,0.1734805612441555,2012
100115,2025-08,0,core_logistic,0.2,219,0.1734685224532887,2012
101534,2025-08,0,core_logistic,0.2,220,0.1733094612881788,2012
100143,2025-08,0,core_logistic,0.2,221,0.1731833468233516,2012
100032,2025-08,1,core_logistic,0.2,222,0.172904460838221,2012
100203,2025-08,1,core_logistic,0.2,223,0.1722406141476395,2012
100366,2025-08,0,core_logistic,0.2,224,0.1720891757576997,2012
100297,2025-08,0,core_logistic,0.2,225,0.1720824444917709,2012
101737,2025-08,0,core_logistic,0.2,226,0.1720574360430527,2012
101367,2025-08,0,core_logistic,0.2,227,0.1716184351502902,2012
101841,2025-08,1,core_logistic,0.2,228,0.1715637613278946,2012
101447,2025-08,0,core_logistic,0.2,229,0.1709644556601128,2012
100941,2025-08,0,core_logistic,0.2,230,0.1705976627312023,2012
101285,2025-08,0,core_logistic,0.2,231,0.1704484485282778,2012
101270,2025-08,0,core_logistic,0.2,232,0.1700954630351717,2012
101917,2025-08,1,core_logistic,0.2,233,0.1694480894604176,2012
100877,2025-08,1,core_logistic,0.2,234,0.1692493956654383,2012
101610,2025-08,0,core_logistic,0.2,235,0.1689877483741521,2012
101624,2025-08,0,core_logistic,0.2,236,0.168826065456994,2012
101031,2025-08,0,core_logistic,0.2,237,0.1680922824379806,2012
100106,2025-08,0,core_logistic,0.2,238,0.1679883582270442,2012
100194,2025-08,1,core_logistic,0.2,239,0.1677035951355669,2012
100779,2025-08,0,core_logistic,0.2,240,0.1674662532403443,2012
101500,2025-08,0,core_logistic,0.2,241,0.167375729812308,2012
100278,2025-08,0,core_logistic,0.2,242,0.1671394915643634,2012
101320,2025-08,0,core_logistic,0.2,243,0.1669939272510062,2012
101951,2025-08,0,core_logistic,0.2,244,0.1668396045526418,2012
100497,2025-08,0,core_logistic,0.2,245,0.1664148678227568,2012
101829,2025-08,0,core_logistic,0.2,246,0.1660654361235451,2012
101277,2025-08,0,core_logistic,0.2,247,0.1659360947783676,2012
102010,2025-08,0,core_logistic,0.2,248,0.165915653968115,2012
101472,2025-08,0,core_logistic,0.2,249,0.1651471064875587,2012
100923,2025-08,0,core_logistic,0.2,250,0.1647686571516468,2012
100376,2025-08,0,core_logistic,0.2,251,0.1639066228319326,2012
101169,2025-08,0,core_logistic,0.2,252,0.1638481681968285,2012
100441,2025-08,0,core_logistic,0.2,253,0.1632179644541758,2012
101605,2025-08,0,core_logistic,0.2,254,0.1627788795305879,2012
101981,2025-08,0,core_logistic,0.2,255,0.1624530506441129,2012
101135,2025-08,0,core_logistic,0.2,256,0.162151990982332,2012
100161,2025-08,1,core_logistic,0.2,257,0.1621417894213913,2012
100985,2025-08,1,core_logistic,0.2,258,0.1618799887330441,2012
101932,2025-08,1,core_logistic,0.2,259,0.1615327368271431,2012
100462,2025-08,0,core_logistic,0.2,260,0.1602511201547532,2012
100029,2025-08,0,core_logistic,0.2,261,0.1600683595978274,2012
100835,2025-08,0,core_logistic,0.2,262,0.1600135403563228,2012
101216,2025-08,0,core_logistic,0.2,263,0.1597390726654118,2012
101086,2025-08,1,core_logistic,0.2,264,0.1597337548438357,2012
101724,2025-08,0,core_logistic,0.2,265,0.1596985310398665,2012
101657,2025-08,0,core_logistic,0.2,266,0.159669529453176,2012
100090,2025-08,1,core_logistic,0.2,267,0.1595901698891256,2012
100768,2025-08,0,core_logistic,0.2,268,0.1593431161900039,2012
101551,2025-08,1,core_logistic,0.2,269,0.159169125060836,2012
100693,2025-08,1,core_logistic,0.2,270,0.1582779834978671,2012
100167,2025-08,0,core_logistic,0.2,271,0.15757578162389,2012
101506,2025-08,0,core_logistic,0.2,272,0.1574285175743621,2012
100616,2025-08,0,core_logistic,0.2,273,0.1572646728844877,2012
100752,2025-08,0,core_logistic,0.2,274,0.1572410178903976,2012
100653,2025-08,0,core_logistic,0.2,275,0.1572319497903935,2012
100377,2025-08,1,core_logistic,0.2,276,0.1566769216881291,2012
101128,2025-08,0,core_logistic,0.2,277,0.1565679505646335,2012
100206,2025-08,0,core_logistic,0.2,278,0.156293373832821,2012
101679,2025-08,0,core_logistic,0.2,279,0.1559641910559677,2012
100651,2025-08,0,core_logistic,0.2,280,0.1557854125899622,2012
100878,2025-08,0,core_logistic,0.2,281,0.1557746809274285,2012
101878,2025-08,0,core_logistic,0.2,282,0.1557062333210094,2012
100131,2025-08,0,core_logistic,0.2,283,0.1556556762391366,2012
101936,2025-08,0,core_logistic,0.2,284,0.1546244774870484,2012
100453,2025-08,0,core_logistic,0.2,285,0.1543627759118544,2012
100014,2025-08,0,core_logistic,0.2,286,0.1541788261658746,2012
101301,2025-08,0,core_logistic,0.2,287,0.1541690339240869,2012
100461,2025-08,0,core_logistic,0.2,288,0.1540910583140679,2012
101107,2025-08,0,core_logistic,0.2,289,0.1535020969298745,2012
101157,2025-08,0,core_logistic,0.2,290,0.1534040005995283,2012
101050,2025-08,0,core_logistic,0.2,291,0.1532563125569526,2012
101184,2025-08,0,core_logistic,0.2,292,0.153249030290035,2012
100924,2025-08,0,core_logistic,0.2,293,0.1531924286714787,2012
101626,2025-08,0,core_logistic,0.2,294,0.1526712568523451,2012
100644,2025-08,0,core_logistic,0.2,295,0.1521739283347907,2012
101026,2025-08,0,core_logistic,0.2,296,0.1512284286121365,2012
101378,2025-08,0,core_logistic,0.2,297,0.1512176514992353,2012
100555,2025-08,0,core_logistic,0.2,298,0.1510259414935167,2012
101573,2025-08,0,core_logistic,0.2,299,0.1509943291700243,2012
100443,2025-08,0,core_logistic,0.2,300,0.1508170650637946,2012
101001,2025-08,0,core_logistic,0.2,301,0.1504043699188614,2012
102001,2025-08,0,core_logistic,0.2,302,0.1497927521760783,2012
100649,2025-08,0,core_logistic,0.2,303,0.1496565116531729,2012
100565,2025-08,0,core_logistic,0.2,304,0.1491232748199082,2012
101101,2025-08,0,core_logistic,0.2,305,0.1489147766286213,2012
100936,2025-08,0,core_logistic,0.2,306,0.1487875659954763,2012
101203,2025-08,0,core_logistic,0.2,307,0.1487791949097506,2012
100695,2025-08,0,core_logistic,0.2,308,0.1487688608361029,2012
101838,2025-08,0,core_logistic,0.2,309,0.1486729591180042,2012
100796,2025-08,0,core_logistic,0.2,310,0.1485530169905748,2012
100589,2025-08,0,core_logistic,0.2,311,0.1474897527567665,2012
101691,2025-08,0,core_logistic,0.2,312,0.1473954911986977,2012
101350,2025-08,0,core_logistic,0.2,313,0.1473347398516745,2012
101549,2025-08,0,core_logistic,0.2,314,0.1473161857278269,2012
101885,2025-08,0,core_logistic,0.2,315,0.1469114130385391,2012
100134,2025-08,0,core_logistic,0.2,316,0.1467384094566603,2012
101890,2025-08,0,core_logistic,0.2,317,0.1464036217520119,2012
102075,2025-08,0,core_logistic,0.2,318,0.146374015492821,2012
101853,2025-08,0,core_logistic,0.2,319,0.146357327754403,2012
100755,2025-08,0,core_logistic,0.2,320,0.1460732374759969,2012
101987,2025-08,1,core_logistic,0.2,321,0.1460135942153044,2012
100380,2025-08,0,core_logistic,0.2,322,0.1458104155526522,2012
100314,2025-08,0,core_logistic,0.2,323,0.145583264558386,2012
101876,2025-08,0,core_logistic,0.2,324,0.1453070971009509,2012
100995,2025-08,0,core_logistic,0.2,325,0.1453021766477005,2012
101276,2025-08,0,core_logistic,0.2,326,0.145177525663244,2012
101299,2025-08,0,core_logistic,0.2,327,0.1451591969530174,2012
100880,2025-08,0,core_logistic,0.2,328,0.1450894047036679,2012
101294,2025-08,0,core_logistic,0.2,329,0.144593346289471,2012
101720,2025-08,0,core_logistic,0.2,330,0.144474389543273,2012
100178,2025-08,1,core_logistic,0.2,331,0.1438776308926491,2012
101076,2025-08,1,core_logistic,0.2,332,0.1432523261361137,2012
100823,2025-08,0,core_logistic,0.2,333,0.1431810355858388,2012
100324,2025-08,0,core_logistic,0.2,334,0.1428873765932908,2012
100427,2025-08,0,core_logistic,0.2,335,0.1427193986072772,2012
101371,2025-08,0,core_logistic,0.2,336,0.1423340321711303,2012
101305,2025-08,0,core_logistic,0.2,337,0.1418925845188827,2012
101850,2025-08,0,core_logistic,0.2,338,0.1417725471242623,2012
100509,2025-08,0,core_logistic,0.2,339,0.1416935485704343,2012
101125,2025-08,0,core_logistic,0.2,340,0.1415643747015878,2012
100711,2025-08,0,core_logistic,0.2,341,0.1414924986563108,2012
101742,2025-08,0,core_logistic,0.2,342,0.1414244644666084,2012
101910,2025-08,0,core_logistic,0.2,343,0.1413956983197924,2012
101806,2025-08,0,core_logistic,0.2,344,0.1412192883396752,2012
101368,2025-08,0,core_logistic,0.2,345,0.141129085602103,2012
101298,2025-08,1,core_logistic,0.2,346,0.1410366929659468,2012
100550,2025-08,0,core_logistic,0.2,347,0.1408659781975378,2012
102012,2025-08,1,core_logistic,0.2,348,0.1407226413921143,2012
101257,2025-08,1,core_logistic,0.2,349,0.1401469708364705,2012
101092,2025-08,0,core_logistic,0.2,350,0.1401169752798039,2012
101888,2025-08,0,core_logistic,0.2,351,0.1394905166253559,2012
101903,2025-08,0,core_logistic,0.2,352,0.1393920128236449,2012
100828,2025-08,0,core_logistic,0.2,353,0.1393289444599653,2012
100593,2025-08,0,core_logistic,0.2,354,0.1391209324016251,2012
101823,2025-08,0,core_logistic,0.2,355,0.1390813075841287,2012
101892,2025-08,0,core_logistic,0.2,356,0.139058597125775,2012
100393,2025-08,0,core_logistic,0.2,357,0.138943454197675,2012
100074,2025-08,0,core_logistic,0.2,358,0.1388452743808151,2012
101338,2025-08,1,core_logistic,0.2,359,0.138782413499017,2012
102081,2025-08,0,core_logistic,0.2,360,0.138663076995747,2012
101174,2025-08,0,core_logistic,0.2,361,0.138645437341715,2012
100239,2025-08,0,core_logistic,0.2,362,0.1385650634159597,2012
100414,2025-08,0,core_logistic,0.2,363,0.1380210483352811,2012
101341,2025-08,0,core_logistic,0.2,364,0.1376903872326044,2012
100253,2025-08,0,core_logistic,0.2,365,0.1376814717439463,2012
101916,2025-08,0,core_logistic,0.2,366,0.137429642874783,2012
100679,2025-08,0,core_logistic,0.2,367,0.1374121350966919,2012
100053,2025-08,0,core_logistic,0.2,368,0.1372806443649487,2012
101466,2025-08,0,core_logistic,0.2,369,0.1371085486139607,2012
101758,2025-08,0,core_logistic,0.2,370,0.1368488984102076,2012
100025,2025-08,1,core_logistic,0.2,371,0.136600018407004,2012
100002,2025-08,0,core_logistic,0.2,372,0.1359395831471984,2012
100595,2025-08,0,core_logistic,0.2,373,0.1356241390794311,2012
100520,2025-08,0,core_logistic,0.2,374,0.1355120090426424,2012
100010,2025-08,1,core_logistic,0.2,375,0.1353301015572107,2012
100175,2025-08,0,core_logistic,0.2,376,0.1352596531389979,2012
101576,2025-08,0,core_logistic,0.2,377,0.1352423784618657,2012
101756,2025-08,0,core_logistic,0.2,378,0.1347602688941718,2012
100512,2025-08,0,core_logistic,0.2,379,0.1345751710736669,2012
101828,2025-08,0,core_logistic,0.2,380,0.1340346371632871,2012
100655,2025-08,0,core_logistic,0.2,381,0.1339708583135621,2012
100798,2025-08,0,core_logistic,0.2,382,0.133832416149891,2012
100375,2025-08,0,core_logistic,0.2,383,0.1334959394550379,2012
101137,2025-08,0,core_logistic,0.2,384,0.1333101807633029,2012
100156,2025-08,0,core_logistic,0.2,385,0.1330381928985328,2012
102048,2025-08,1,core_logistic,0.2,386,0.1330287813114931,2012
101611,2025-08,0,core_logistic,0.2,387,0.1329102427171606,2012
101392,2025-08,1,core_logistic,0.2,388,0.1326809717591223,2012
102058,2025-08,0,core_logistic,0.2,389,0.1325702964645963,2012
100148,2025-08,0,core_logistic,0.2,390,0.1323399057667686,2012
101406,2025-08,0,core_logistic,0.2,391,0.1323231846407452,2012
101414,2025-08,0,core_logistic,0.2,392,0.1321654454691085,2012
101772,2025-08,0,core_logistic,0.2,393,0.1320121952835806,2012
101940,2025-08,0,core_logistic,0.2,394,0.1319744873580246,2012
100574,2025-08,0,core_logistic,0.2,395,0.1318925412084394,2012
101909,2025-08,0,core_logistic,0.2,396,0.1316633862948573,2012
100003,2025-08,1,core_logistic,0.2,397,0.1316465009921565,2012
100727,2025-08,0,core_logistic,0.2,398,0.1315491712929737,2012
101843,2025-08,0,core_logistic,0.2,399,0.1314942406284717,2012
100973,2025-08,0,core_logistic,0.2,400,0.1313881838845315,2012
100560,2025-08,0,core_logistic,0.2,401,0.1312450136699035,2012
100892,2025-08,0,core_logistic,0.2,402,0.1310911014703318,2012
100471,2025-08,0,core_logistic,0.2,403,0.1298188457988655,2012
102029,2025-08,0,extended_logistic,0.05,1,0.4795298081144076,2012
100215,2025-08,1,extended_logistic,0.05,2,0.4465788844964676,2012
102090,2025-08,1,extended_logistic,0.05,3,0.435660324025994,2012
101489,2025-08,0,extended_logistic,0.05,4,0.427941940287322,2012
100624,2025-08,0,extended_logistic,0.05,5,0.3973733000373177,2012
101746,2025-08,0,extended_logistic,0.05,6,0.3923385637519194,2012
100298,2025-08,0,extended_logistic,0.05,7,0.387593732159727,2012
101928,2025-08,0,extended_logistic,0.05,8,0.3865129442858452,2012
100787,2025-08,1,extended_logistic,0.05,9,0.3715932337212898,2012
100775,2025-08,0,extended_logistic,0.05,10,0.3692867547041006,2012
101727,2025-08,0,extended_logistic,0.05,11,0.3681670417095106,2012
100387,2025-08,1,extended_logistic,0.05,12,0.3660013216294239,2012
102005,2025-08,1,extended_logistic,0.05,13,0.3626623491403991,2012
101825,2025-08,1,extended_logistic,0.05,14,0.3559621457421319,2012
100193,2025-08,0,extended_logistic,0.05,15,0.3495615499952677,2012
101393,2025-08,1,extended_logistic,0.05,16,0.3470675130983609,2012
101084,2025-08,0,extended_logistic,0.05,17,0.3470140979678392,2012
101202,2025-08,0,extended_logistic,0.05,18,0.3467001049986966,2012
100056,2025-08,0,extended_logistic,0.05,19,0.3441262940519748,2012
100803,2025-08,0,extended_logistic,0.05,20,0.343783217540394,2012
100694,2025-08,0,extended_logistic,0.05,21,0.3426039946935129,2012
101883,2025-08,0,extended_logistic,0.05,22,0.3422637432318524,2012
101971,2025-08,0,extended_logistic,0.05,23,0.3363690531857984,2012
100745,2025-08,0,extended_logistic,0.05,24,0.3353596340214091,2012
101448,2025-08,0,extended_logistic,0.05,25,0.3318960185843939,2012
101670,2025-08,0,extended_logistic,0.05,26,0.3314055087574621,2012
101120,2025-08,0,extended_logistic,0.05,27,0.3310016140511164,2012
101471,2025-08,0,extended_logistic,0.05,28,0.3303360730924565,2012
102037,2025-08,0,extended_logistic,0.05,29,0.3289703249513203,2012
101837,2025-08,1,extended_logistic,0.05,30,0.3266905548382596,2012
101965,2025-08,0,extended_logistic,0.05,31,0.3264050137726458,2012
100875,2025-08,0,extended_logistic,0.05,32,0.3226811057692677,2012
100587,2025-08,1,extended_logistic,0.05,33,0.3192417278858864,2012
100073,2025-08,0,extended_logistic,0.05,34,0.3176527083347209,2012
100187,2025-08,1,extended_logistic,0.05,35,0.3138060373238842,2012
101527,2025-08,1,extended_logistic,0.05,36,0.3131169261348578,2012
101474,2025-08,0,extended_logistic,0.05,37,0.3130954219220743,2012
101264,2025-08,1,extended_logistic,0.05,38,0.3060948569202477,2012
100526,2025-08,1,extended_logistic,0.05,39,0.3044197579735282,2012
102067,2025-08,0,extended_logistic,0.05,40,0.3037123320345757,2012
100484,2025-08,0,extended_logistic,0.05,41,0.3036335240511077,2012
101886,2025-08,0,extended_logistic,0.05,42,0.3027225289053245,2012
100477,2025-08,0,extended_logistic,0.05,43,0.3021535091058775,2012
101154,2025-08,1,extended_logistic,0.05,44,0.3016944499344717,2012
101379,2025-08,1,extended_logistic,0.05,45,0.3005368755911939,2012
100123,2025-08,0,extended_logistic,0.05,46,0.3001453720299243,2012
102045,2025-08,0,extended_logistic,0.05,47,0.2986203992054563,2012
100564,2025-08,0,extended_logistic,0.05,48,0.2981972414921225,2012
101005,2025-08,0,extended_logistic,0.05,49,0.2936643964596881,2012
101181,2025-08,0,extended_logistic,0.05,50,0.2921671996388923,2012
100548,2025-08,0,extended_logistic,0.05,51,0.2900978645212066,2012
101529,2025-08,0,extended_logistic,0.05,52,0.2840378429592902,2012
101629,2025-08,0,extended_logistic,0.05,53,0.2836702854148904,2012
102062,2025-08,0,extended_logistic,0.05,54,0.2826037800418488,2012
101871,2025-08,0,extended_logistic,0.05,55,0.2809764943468833,2012
101011,2025-08,0,extended_logistic,0.05,56,0.2803846273638852,2012
101628,2025-08,1,extended_logistic,0.05,57,0.280037308701368,2012
100665,2025-08,1,extended_logistic,0.05,58,0.2797205276059887,2012
100496,2025-08,0,extended_logistic,0.05,59,0.2793809353591533,2012
101913,2025-08,0,extended_logistic,0.05,60,0.2784236864687005,2012
101692,2025-08,0,extended_logistic,0.05,61,0.2783289645654407,2012
101446,2025-08,0,extended_logistic,0.05,62,0.2777340505628794,2012
100229,2025-08,0,extended_logistic,0.05,63,0.2771330047023022,2012
100166,2025-08,0,extended_logistic,0.05,64,0.2767706681782843,2012
101811,2025-08,0,extended_logistic,0.05,65,0.2744641410941225,2012
100608,2025-08,0,extended_logistic,0.05,66,0.2742765397684049,2012
100155,2025-08,1,extended_logistic,0.05,67,0.272649336848719,2012
100448,2025-08,0,extended_logistic,0.05,68,0.2725179006357579,2012
101922,2025-08,0,extended_logistic,0.05,69,0.2694979204055181,2012
100422,2025-08,0,extended_logistic,0.05,70,0.269339777093919,2012
101164,2025-08,0,extended_logistic,0.05,71,0.2660503764999569,2012
100698,2025-08,0,extended_logistic,0.05,72,0.2659087947909424,2012
100361,2025-08,0,extended_logistic,0.05,73,0.265051945561452,2012
100488,2025-08,1,extended_logistic,0.05,74,0.2630087662829605,2012
101543,2025-08,0,extended_logistic,0.05,75,0.2608522733428675,2012
100147,2025-08,0,extended_logistic,0.05,76,0.2603576149820333,2012
101613,2025-08,0,extended_logistic,0.05,77,0.2599804095888283,2012
100041,2025-08,1,extended_logistic,0.05,78,0.2579530704980159,2012
100732,2025-08,0,extended_logistic,0.05,79,0.2532200326668029,2012
100078,2025-08,0,extended_logistic,0.05,80,0.2527460629457874,2012
101045,2025-08,1,extended_logistic,0.05,81,0.2512185837504342,2012
100849,2025-08,1,extended_logistic,0.05,82,0.2511816030378764,2012
100487,2025-08,1,extended_logistic,0.05,83,0.2508978264759362,2012
101571,2025-08,1,extended_logistic,0.05,84,0.2507633470543004,2012
100826,2025-08,0,extended_logistic,0.05,85,0.2486992041029078,2012
101607,2025-08,0,extended_logistic,0.05,86,0.2483209400399833,2012
102079,2025-08,0,extended_logistic,0.05,87,0.2473771580170964,2012
100066,2025-08,0,extended_logistic,0.05,88,0.2471247797943782,2012
101464,2025-08,0,extended_logistic,0.05,89,0.2469678431672453,2012
101505,2025-08,0,extended_logistic,0.05,90,0.2469635850087757,2012
102069,2025-08,0,extended_logistic,0.05,91,0.2460070320550733,2012
100531,2025-08,0,extended_logistic,0.05,92,0.2443292247152839,2012
100216,2025-08,0,extended_logistic,0.05,93,0.2439240666449036,2012
101763,2025-08,0,extended_logistic,0.05,94,0.242183720750322,2012
100267,2025-08,0,extended_logistic,0.05,95,0.2421700910778996,2012
101726,2025-08,1,extended_logistic,0.05,96,0.2420124438956717,2012
100276,2025-08,0,extended_logistic,0.05,97,0.2404669818432877,2012
100161,2025-08,1,extended_logistic,0.05,98,0.2386398358165741,2012
100300,2025-08,0,extended_logistic,0.05,99,0.2381984948055863,2012
100197,2025-08,0,extended_logistic,0.05,100,0.2375827387205948,2012
101311,2025-08,1,extended_logistic,0.05,101,0.2360683430292279,2012
102029,2025-08,0,extended_logistic,0.1,1,0.4795298081144076,2012
100215,2025-08,1,extended_logistic,0.1,2,0.4465788844964676,2012
102090,2025-08,1,extended_logistic,0.1,3,0.435660324025994,2012
101489,2025-08,0,extended_logistic,0.1,4,0.427941940287322,2012
100624,2025-08,0,extended_logistic,0.1,5,0.3973733000373177,2012
101746,2025-08,0,extended_logistic,0.1,6,0.3923385637519194,2012
100298,2025-08,0,extended_logistic,0.1,7,0.387593732159727,2012
101928,2025-08,0,extended_logistic,0.1,8,0.3865129442858452,2012
100787,2025-08,1,extended_logistic,0.1,9,0.3715932337212898,2012
100775,2025-08,0,extended_logistic,0.1,10,0.3692867547041006,2012
101727,2025-08,0,extended_logistic,0.1,11,0.3681670417095106,2012
100387,2025-08,1,extended_logistic,0.1,12,0.3660013216294239,2012
102005,2025-08,1,extended_logistic,0.1,13,0.3626623491403991,2012
101825,2025-08,1,extended_logistic,0.1,14,0.3559621457421319,2012
100193,2025-08,0,extended_logistic,0.1,15,0.3495615499952677,2012
101393,2025-08,1,extended_logistic,0.1,16,0.3470675130983609,2012
101084,2025-08,0,extended_logistic,0.1,17,0.3470140979678392,2012
101202,2025-08,0,extended_logistic,0.1,18,0.3467001049986966,2012
100056,2025-08,0,extended_logistic,0.1,19,0.3441262940519748,2012
100803,2025-08,0,extended_logistic,0.1,20,0.343783217540394,2012
100694,2025-08,0,extended_logistic,0.1,21,0.3426039946935129,2012
101883,2025-08,0,extended_logistic,0.1,22,0.3422637432318524,2012
101971,2025-08,0,extended_logistic,0.1,23,0.3363690531857984,2012
100745,2025-08,0,extended_logistic,0.1,24,0.3353596340214091,2012
101448,2025-08,0,extended_logistic,0.1,25,0.3318960185843939,2012
101670,2025-08,0,extended_logistic,0.1,26,0.3314055087574621,2012
101120,2025-08,0,extended_logistic,0.1,27,0.3310016140511164,2012
101471,2025-08,0,extended_logistic,0.1,28,0.3303360730924565,2012
102037,2025-08,0,extended_logistic,0.1,29,0.3289703249513203,2012
101837,2025-08,1,extended_logistic,0.1,30,0.3266905548382596,2012
101965,2025-08,0,extended_logistic,0.1,31,0.3264050137726458,2012
100875,2025-08,0,extended_logistic,0.1,32,0.3226811057692677,2012
100587,2025-08,1,extended_logistic,0.1,33,0.3192417278858864,2012
100073,2025-08,0,extended_logistic,0.1,34,0.3176527083347209,2012
100187,2025-08,1,extended_logistic,0.1,35,0.3138060373238842,2012
101527,2025-08,1,extended_logistic,0.1,36,0.3131169261348578,2012
101474,2025-08,0,extended_logistic,0.1,37,0.3130954219220743,2012
101264,2025-08,1,extended_logistic,0.1,38,0.3060948569202477,2012
100526,2025-08,1,extended_logistic,0.1,39,0.3044197579735282,2012
102067,2025-08,0,extended_logistic,0.1,40,0.3037123320345757,2012
100484,2025-08,0,extended_logistic,0.1,41,0.3036335240511077,2012
101886,2025-08,0,extended_logistic,0.1,42,0.3027225289053245,2012
100477,2025-08,0,extended_logistic,0.1,43,0.3021535091058775,2012
101154,2025-08,1,extended_logistic,0.1,44,0.3016944499344717,2012
101379,2025-08,1,extended_logistic,0.1,45,0.3005368755911939,2012
100123,2025-08,0,extended_logistic,0.1,46,0.3001453720299243,2012
102045,2025-08,0,extended_logistic,0.1,47,0.2986203992054563,2012
100564,2025-08,0,extended_logistic,0.1,48,0.2981972414921225,2012
101005,2025-08,0,extended_logistic,0.1,49,0.2936643964596881,2012
101181,2025-08,0,extended_logistic,0.1,50,0.2921671996388923,2012
100548,2025-08,0,extended_logistic,0.1,51,0.2900978645212066,2012
101529,2025-08,0,extended_logistic,0.1,52,0.2840378429592902,2012
101629,2025-08,0,extended_logistic,0.1,53,0.2836702854148904,2012
102062,2025-08,0,extended_logistic,0.1,54,0.2826037800418488,2012
101871,2025-08,0,extended_logistic,0.1,55,0.2809764943468833,2012
101011,2025-08,0,extended_logistic,0.1,56,0.2803846273638852,2012
101628,2025-08,1,extended_logistic,0.1,57,0.280037308701368,2012
100665,2025-08,1,extended_logistic,0.1,58,0.2797205276059887,2012
100496,2025-08,0,extended_logistic,0.1,59,0.2793809353591533,2012
101913,2025-08,0,extended_logistic,0.1,60,0.2784236864687005,2012
101692,2025-08,0,extended_logistic,0.1,61,0.2783289645654407,2012
101446,2025-08,0,extended_logistic,0.1,62,0.2777340505628794,2012
100229,2025-08,0,extended_logistic,0.1,63,0.2771330047023022,2012
100166,2025-08,0,extended_logistic,0.1,64,0.2767706681782843,2012
101811,2025-08,0,extended_logistic,0.1,65,0.2744641410941225,2012
100608,2025-08,0,extended_logistic,0.1,66,0.2742765397684049,2012
100155,2025-08,1,extended_logistic,0.1,67,0.272649336848719,2012
100448,2025-08,0,extended_logistic,0.1,68,0.2725179006357579,2012
101922,2025-08,0,extended_logistic,0.1,69,0.2694979204055181,2012
100422,2025-08,0,extended_logistic,0.1,70,0.269339777093919,2012
101164,2025-08,0,extended_logistic,0.1,71,0.2660503764999569,2012
100698,2025-08,0,extended_logistic,0.1,72,0.2659087947909424,2012
100361,2025-08,0,extended_logistic,0.1,73,0.265051945561452,2012
100488,2025-08,1,extended_logistic,0.1,74,0.2630087662829605,2012
101543,2025-08,0,extended_logistic,0.1,75,0.2608522733428675,2012
100147,2025-08,0,extended_logistic,0.1,76,0.2603576149820333,2012
101613,2025-08,0,extended_logistic,0.1,77,0.2599804095888283,2012
100041,2025-08,1,extended_logistic,0.1,78,0.2579530704980159,2012
100732,2025-08,0,extended_logistic,0.1,79,0.2532200326668029,2012
100078,2025-08,0,extended_logistic,0.1,80,0.2527460629457874,2012
101045,2025-08,1,extended_logistic,0.1,81,0.2512185837504342,2012
100849,2025-08,1,extended_logistic,0.1,82,0.2511816030378764,2012
100487,2025-08,1,extended_logistic,0.1,83,0.2508978264759362,2012
101571,2025-08,1,extended_logistic,0.1,84,0.2507633470543004,2012
100826,2025-08,0,extended_logistic,0.1,85,0.2486992041029078,2012
101607,2025-08,0,extended_logistic,0.1,86,0.2483209400399833,2012
102079,2025-08,0,extended_logistic,0.1,87,0.2473771580170964,2012
100066,2025-08,0,extended_logistic,0.1,88,0.2471247797943782,2012
101464,2025-08,0,extended_logistic,0.1,89,0.2469678431672453,2012
101505,2025-08,0,extended_logistic,0.1,90,0.2469635850087757,2012
102069,2025-08,0,extended_logistic,0.1,91,0.2460070320550733,2012
100531,2025-08,0,extended_logistic,0.1,92,0.2443292247152839,2012
100216,2025-08,0,extended_logistic,0.1,93,0.2439240666449036,2012
101763,2025-08,0,extended_logistic,0.1,94,0.242183720750322,2012
100267,2025-08,0,extended_logistic,0.1,95,0.2421700910778996,2012
101726,2025-08,1,extended_logistic,0.1,96,0.2420124438956717,2012
100276,2025-08,0,extended_logistic,0.1,97,0.2404669818432877,2012
100161,2025-08,1,extended_logistic,0.1,98,0.2386398358165741,2012
100300,2025-08,0,extended_logistic,0.1,99,0.2381984948055863,2012
100197,2025-08,0,extended_logistic,0.1,100,0.2375827387205948,2012
101311,2025-08,1,extended_logistic,0.1,101,0.2360683430292279,2012
100214,2025-08,1,extended_logistic,0.1,102,0.234157133274279,2012
101660,2025-08,0,extended_logistic,0.1,103,0.2332866533888895,2012
100536,2025-08,1,extended_logistic,0.1,104,0.2332586191072027,2012
102053,2025-08,0,extended_logistic,0.1,105,0.2330045309774452,2012
101160,2025-08,0,extended_logistic,0.1,106,0.232570663693097,2012
101826,2025-08,1,extended_logistic,0.1,107,0.2319293018437806,2012
100303,2025-08,0,extended_logistic,0.1,108,0.2303669160884535,2012
101609,2025-08,1,extended_logistic,0.1,109,0.2290579100095812,2012
100128,2025-08,0,extended_logistic,0.1,110,0.2288605715343804,2012
101123,2025-08,0,extended_logistic,0.1,111,0.2287561170885256,2012
100670,2025-08,0,extended_logistic,0.1,112,0.2286431871418238,2012
101761,2025-08,0,extended_logistic,0.1,113,0.228130504386714,2012
100835,2025-08,0,extended_logistic,0.1,114,0.2280680867604748,2012
100083,2025-08,0,extended_logistic,0.1,115,0.2278366896620278,2012
100777,2025-08,0,extended_logistic,0.1,116,0.2272335793786997,2012
101296,2025-08,0,extended_logistic,0.1,117,0.2258437458512893,2012
100130,2025-08,1,extended_logistic,0.1,118,0.2256199490212441,2012
100492,2025-08,1,extended_logistic,0.1,119,0.2249481462663548,2012
101952,2025-08,0,extended_logistic,0.1,120,0.2248961854000322,2012
101932,2025-08,1,extended_logistic,0.1,121,0.2245795823114723,2012
101895,2025-08,0,extended_logistic,0.1,122,0.2243207679377356,2012
100773,2025-08,0,extended_logistic,0.1,123,0.2242983216571221,2012
100678,2025-08,0,extended_logistic,0.1,124,0.2237702978401621,2012
101500,2025-08,0,extended_logistic,0.1,125,0.2224616062460522,2012
100592,2025-08,0,extended_logistic,0.1,126,0.221922188245681,2012
101277,2025-08,0,extended_logistic,0.1,127,0.2216751044997541,2012
100241,2025-08,0,extended_logistic,0.1,128,0.221656871135486,2012
101946,2025-08,0,extended_logistic,0.1,129,0.2205795407164901,2012
102051,2025-08,0,extended_logistic,0.1,130,0.219764148068218,2012
100644,2025-08,0,extended_logistic,0.1,131,0.2189783731828775,2012
101472,2025-08,0,extended_logistic,0.1,132,0.2173290816259376,2012
101690,2025-08,0,extended_logistic,0.1,133,0.2169591925305224,2012
100912,2025-08,0,extended_logistic,0.1,134,0.2168940682780142,2012
100755,2025-08,0,extended_logistic,0.1,135,0.2159789207069805,2012
100696,2025-08,1,extended_logistic,0.1,136,0.2157706339402464,2012
101509,2025-08,0,extended_logistic,0.1,137,0.2138977855144931,2012
102044,2025-08,0,extended_logistic,0.1,138,0.2131840461446481,2012
101256,2025-08,0,extended_logistic,0.1,139,0.2126154742066648,2012
100919,2025-08,1,extended_logistic,0.1,140,0.2114731566176257,2012
100977,2025-08,1,extended_logistic,0.1,141,0.2107734899592418,2012
100052,2025-08,0,extended_logistic,0.1,142,0.210197420016188,2012
100878,2025-08,0,extended_logistic,0.1,143,0.210007923626437,2012
101167,2025-08,1,extended_logistic,0.1,144,0.2096267562816452,2012
100292,2025-08,0,extended_logistic,0.1,145,0.2091890317588444,2012
100992,2025-08,0,extended_logistic,0.1,146,0.2087789513389081,2012
101626,2025-08,0,extended_logistic,0.1,147,0.2087380381103268,2012
101382,2025-08,0,extended_logistic,0.1,148,0.2081848917128135,2012
100335,2025-08,0,extended_logistic,0.1,149,0.2080624475934303,2012
101610,2025-08,0,extended_logistic,0.1,150,0.2079977240119122,2012
100990,2025-08,0,extended_logistic,0.1,151,0.2075362509792329,2012
101156,2025-08,0,extended_logistic,0.1,152,0.2069976015905511,2012
101309,2025-08,0,extended_logistic,0.1,153,0.206736010701623,2012
100540,2025-08,0,extended_logistic,0.1,154,0.2066849944245295,2012
101869,2025-08,0,extended_logistic,0.1,155,0.2064250558565635,2012
100605,2025-08,0,extended_logistic,0.1,156,0.204767092456399,2012
101576,2025-08,0,extended_logistic,0.1,157,0.2047669677874005,2012
100627,2025-08,0,extended_logistic,0.1,158,0.204604558817956,2012
101036,2025-08,1,extended_logistic,0.1,159,0.2034356036437595,2012
100923,2025-08,0,extended_logistic,0.1,160,0.2024005237707172,2012
101083,2025-08,0,extended_logistic,0.1,161,0.2021093307079384,2012
101591,2025-08,1,extended_logistic,0.1,162,0.2018980341406286,2012
101443,2025-08,0,extended_logistic,0.1,163,0.201418863479672,2012
101882,2025-08,0,extended_logistic,0.1,164,0.201329176673254,2012
100702,2025-08,1,extended_logistic,0.1,165,0.1992900807987953,2012
100203,2025-08,1,extended_logistic,0.1,166,0.1967369160109339,2012
101119,2025-08,1,extended_logistic,0.1,167,0.1963401132732064,2012
100210,2025-08,0,extended_logistic,0.1,168,0.1963188204148581,2012
100219,2025-08,0,extended_logistic,0.1,169,0.1956098410656786,2012
101437,2025-08,0,extended_logistic,0.1,170,0.1948403215809926,2012
100508,2025-08,0,extended_logistic,0.1,171,0.1945394993353824,2012
100242,2025-08,0,extended_logistic,0.1,172,0.1933520133680966,2012
101809,2025-08,0,extended_logistic,0.1,173,0.1927774527645837,2012
100173,2025-08,0,extended_logistic,0.1,174,0.1922895994023787,2012
101857,2025-08,0,extended_logistic,0.1,175,0.1916804199030168,2012
100610,2025-08,0,extended_logistic,0.1,176,0.1914888095048651,2012
101854,2025-08,0,extended_logistic,0.1,177,0.1914768699629981,2012
101620,2025-08,0,extended_logistic,0.1,178,0.1914519624526281,2012
101600,2025-08,0,extended_logistic,0.1,179,0.1912300185044627,2012
101334,2025-08,0,extended_logistic,0.1,180,0.1890634103995912,2012
101117,2025-08,0,extended_logistic,0.1,181,0.1888078955668905,2012
101981,2025-08,0,extended_logistic,0.1,182,0.1884803691346021,2012
100543,2025-08,0,extended_logistic,0.1,183,0.1884106068114934,2012
101203,2025-08,0,extended_logistic,0.1,184,0.1883995323318432,2012
100876,2025-08,0,extended_logistic,0.1,185,0.1882287480096176,2012
102049,2025-08,0,extended_logistic,0.1,186,0.1880144948792068,2012
101749,2025-08,0,extended_logistic,0.1,187,0.1878968620045842,2012
101823,2025-08,0,extended_logistic,0.1,188,0.1874650747430834,2012
100695,2025-08,0,extended_logistic,0.1,189,0.1873471294228675,2012
101257,2025-08,1,extended_logistic,0.1,190,0.1860493187665368,2012
100589,2025-08,0,extended_logistic,0.1,191,0.1854680370933078,2012
100649,2025-08,0,extended_logistic,0.1,192,0.1853730471096225,2012
100170,2025-08,1,extended_logistic,0.1,193,0.1848146825342661,2012
101307,2025-08,0,extended_logistic,0.1,194,0.1846444003631103,2012
100530,2025-08,0,extended_logistic,0.1,195,0.1836406758626379,2012
100752,2025-08,0,extended_logistic,0.1,196,0.183196032845625,2012
101673,2025-08,0,extended_logistic,0.1,197,0.183086102972931,2012
101409,2025-08,0,extended_logistic,0.1,198,0.1827311157438591,2012
102059,2025-08,1,extended_logistic,0.1,199,0.1826189621632792,2012
100815,2025-08,0,extended_logistic,0.1,200,0.1821946130150022,2012
100289,2025-08,0,extended_logistic,0.1,201,0.1816518175208523,2012
101057,2025-08,0,extended_logistic,0.1,202,0.180502090189109,2012
102029,2025-08,0,extended_logistic,0.2,1,0.4795298081144076,2012
100215,2025-08,1,extended_logistic,0.2,2,0.4465788844964676,2012
102090,2025-08,1,extended_logistic,0.2,3,0.435660324025994,2012
101489,2025-08,0,extended_logistic,0.2,4,0.427941940287322,2012
100624,2025-08,0,extended_logistic,0.2,5,0.3973733000373177,2012
101746,2025-08,0,extended_logistic,0.2,6,0.3923385637519194,2012
100298,2025-08,0,extended_logistic,0.2,7,0.387593732159727,2012
101928,2025-08,0,extended_logistic,0.2,8,0.3865129442858452,2012
100787,2025-08,1,extended_logistic,0.2,9,0.3715932337212898,2012
100775,2025-08,0,extended_logistic,0.2,10,0.3692867547041006,2012
101727,2025-08,0,extended_logistic,0.2,11,0.3681670417095106,2012
100387,2025-08,1,extended_logistic,0.2,12,0.3660013216294239,2012
102005,2025-08,1,extended_logistic,0.2,13,0.3626623491403991,2012
101825,2025-08,1,extended_logistic,0.2,14,0.3559621457421319,2012
100193,2025-08,0,extended_logistic,0.2,15,0.3495615499952677,2012
101393,2025-08,1,extended_logistic,0.2,16,0.3470675130983609,2012
101084,2025-08,0,extended_logistic,0.2,17,0.3470140979678392,2012
101202,2025-08,0,extended_logistic,0.2,18,0.3467001049986966,2012
100056,2025-08,0,extended_logistic,0.2,19,0.3441262940519748,2012
100803,2025-08,0,extended_logistic,0.2,20,0.343783217540394,2012
100694,2025-08,0,extended_logistic,0.2,21,0.3426039946935129,2012
101883,2025-08,0,extended_logistic,0.2,22,0.3422637432318524,2012
101971,2025-08,0,extended_logistic,0.2,23,0.3363690531857984,2012
100745,2025-08,0,extended_logistic,0.2,24,0.3353596340214091,2012
101448,2025-08,0,extended_logistic,0.2,25,0.3318960185843939,2012
101670,2025-08,0,extended_logistic,0.2,26,0.3314055087574621,2012
101120,2025-08,0,extended_logistic,0.2,27,0.3310016140511164,2012
101471,2025-08,0,extended_logistic,0.2,28,0.3303360730924565,2012
102037,2025-08,0,extended_logistic,0.2,29,0.3289703249513203,2012
101837,2025-08,1,extended_logistic,0.2,30,0.3266905548382596,2012
101965,2025-08,0,extended_logistic,0.2,31,0.3264050137726458,2012
100875,2025-08,0,extended_logistic,0.2,32,0.3226811057692677,2012
100587,2025-08,1,extended_logistic,0.2,33,0.3192417278858864,2012
100073,2025-08,0,extended_logistic,0.2,34,0.3176527083347209,2012
100187,2025-08,1,extended_logistic,0.2,35,0.3138060373238842,2012
101527,2025-08,1,extended_logistic,0.2,36,0.3131169261348578,2012
101474,2025-08,0,extended_logistic,0.2,37,0.3130954219220743,2012
101264,2025-08,1,extended_logistic,0.2,38,0.3060948569202477,2012
100526,2025-08,1,extended_logistic,0.2,39,0.3044197579735282,2012
102067,2025-08,0,extended_logistic,0.2,40,0.3037123320345757,2012
100484,2025-08,0,extended_logistic,0.2,41,0.3036335240511077,2012
101886,2025-08,0,extended_logistic,0.2,42,0.3027225289053245,2012
100477,2025-08,0,extended_logistic,0.2,43,0.3021535091058775,2012
101154,2025-08,1,extended_logistic,0.2,44,0.3016944499344717,2012
101379,2025-08,1,extended_logistic,0.2,45,0.3005368755911939,2012
100123,2025-08,0,extended_logistic,0.2,46,0.3001453720299243,2012
102045,2025-08,0,extended_logistic,0.2,47,0.2986203992054563,2012
100564,2025-08,0,extended_logistic,0.2,48,0.2981972414921225,2012
101005,2025-08,0,extended_logistic,0.2,49,0.2936643964596881,2012
101181,2025-08,0,extended_logistic,0.2,50,0.2921671996388923,2012
100548,2025-08,0,extended_logistic,0.2,51,0.2900978645212066,2012
101529,2025-08,0,extended_logistic,0.2,52,0.2840378429592902,2012
101629,2025-08,0,extended_logistic,0.2,53,0.2836702854148904,2012
102062,2025-08,0,extended_logistic,0.2,54,0.2826037800418488,2012
101871,2025-08,0,extended_logistic,0.2,55,0.2809764943468833,2012
101011,2025-08,0,extended_logistic,0.2,56,0.2803846273638852,2012
101628,2025-08,1,extended_logistic,0.2,57,0.280037308701368,2012
100665,2025-08,1,extended_logistic,0.2,58,0.2797205276059887,2012
100496,2025-08,0,extended_logistic,0.2,59,0.2793809353591533,2012
101913,2025-08,0,extended_logistic,0.2,60,0.2784236864687005,2012
101692,2025-08,0,extended_logistic,0.2,61,0.2783289645654407,2012
101446,2025-08,0,extended_logistic,0.2,62,0.2777340505628794,2012
100229,2025-08,0,extended_logistic,0.2,63,0.2771330047023022,2012
100166,2025-08,0,extended_logistic,0.2,64,0.2767706681782843,2012
101811,2025-08,0,extended_logistic,0.2,65,0.2744641410941225,2012
100608,2025-08,0,extended_logistic,0.2,66,0.2742765397684049,2012
100155,2025-08,1,extended_logistic,0.2,67,0.272649336848719,2012
100448,2025-08,0,extended_logistic,0.2,68,0.2725179006357579,2012
101922,2025-08,0,extended_logistic,0.2,69,0.2694979204055181,2012
100422,2025-08,0,extended_logistic,0.2,70,0.269339777093919,2012
101164,2025-08,0,extended_logistic,0.2,71,0.2660503764999569,2012
100698,2025-08,0,extended_logistic,0.2,72,0.2659087947909424,2012
100361,2025-08,0,extended_logistic,0.2,73,0.265051945561452,2012
100488,2025-08,1,extended_logistic,0.2,74,0.2630087662829605,2012
101543,2025-08,0,extended_logistic,0.2,75,0.2608522733428675,2012
100147,2025-08,0,extended_logistic,0.2,76,0.2603576149820333,2012
101613,2025-08,0,extended_logistic,0.2,77,0.2599804095888283,2012
100041,2025-08,1,extended_logistic,0.2,78,0.2579530704980159,2012
100732,2025-08,0,extended_logistic,0.2,79,0.2532200326668029,2012
100078,2025-08,0,extended_logistic,0.2,80,0.2527460629457874,2012
101045,2025-08,1,extended_logistic,0.2,81,0.2512185837504342,2012
100849,2025-08,1,extended_logistic,0.2,82,0.2511816030378764,2012
100487,2025-08,1,extended_logistic,0.2,83,0.2508978264759362,2012
101571,2025-08,1,extended_logistic,0.2,84,0.2507633470543004,2012
100826,2025-08,0,extended_logistic,0.2,85,0.2486992041029078,2012
101607,2025-08,0,extended_logistic,0.2,86,0.2483209400399833,2012
102079,2025-08,0,extended_logistic,0.2,87,0.2473771580170964,2012
100066,2025-08,0,extended_logistic,0.2,88,0.2471247797943782,2012
101464,2025-08,0,extended_logistic,0.2,89,0.2469678431672453,2012
101505,2025-08,0,extended_logistic,0.2,90,0.2469635850087757,2012
102069,2025-08,0,extended_logistic,0.2,91,0.2460070320550733,2012
100531,2025-08,0,extended_logistic,0.2,92,0.2443292247152839,2012
100216,2025-08,0,extended_logistic,0.2,93,0.2439240666449036,2012
101763,2025-08,0,extended_logistic,0.2,94,0.242183720750322,2012
100267,2025-08,0,extended_logistic,0.2,95,0.2421700910778996,2012
101726,2025-08,1,extended_logistic,0.2,96,0.2420124438956717,2012
100276,2025-08,0,extended_logistic,0.2,97,0.2404669818432877,2012
100161,2025-08,1,extended_logistic,0.2,98,0.2386398358165741,2012
100300,2025-08,0,extended_logistic,0.2,99,0.2381984948055863,2012
100197,2025-08,0,extended_logistic,0.2,100,0.2375827387205948,2012
101311,2025-08,1,extended_logistic,0.2,101,0.2360683430292279,2012
100214,2025-08,1,extended_logistic,0.2,102,0.234157133274279,2012
101660,2025-08,0,extended_logistic,0.2,103,0.2332866533888895,2012
100536,2025-08,1,extended_logistic,0.2,104,0.2332586191072027,2012
102053,2025-08,0,extended_logistic,0.2,105,0.2330045309774452,2012
101160,2025-08,0,extended_logistic,0.2,106,0.232570663693097,2012
101826,2025-08,1,extended_logistic,0.2,107,0.2319293018437806,2012
100303,2025-08,0,extended_logistic,0.2,108,0.2303669160884535,2012
101609,2025-08,1,extended_logistic,0.2,109,0.2290579100095812,2012
100128,2025-08,0,extended_logistic,0.2,110,0.2288605715343804,2012
101123,2025-08,0,extended_logistic,0.2,111,0.2287561170885256,2012
100670,2025-08,0,extended_logistic,0.2,112,0.2286431871418238,2012
101761,2025-08,0,extended_logistic,0.2,113,0.228130504386714,2012
100835,2025-08,0,extended_logistic,0.2,114,0.2280680867604748,2012
100083,2025-08,0,extended_logistic,0.2,115,0.2278366896620278,2012
100777,2025-08,0,extended_logistic,0.2,116,0.2272335793786997,2012
101296,2025-08,0,extended_logistic,0.2,117,0.2258437458512893,2012
100130,2025-08,1,extended_logistic,0.2,118,0.2256199490212441,2012
100492,2025-08,1,extended_logistic,0.2,119,0.2249481462663548,2012
101952,2025-08,0,extended_logistic,0.2,120,0.2248961854000322,2012
101932,2025-08,1,extended_logistic,0.2,121,0.2245795823114723,2012
101895,2025-08,0,extended_logistic,0.2,122,0.2243207679377356,2012
100773,2025-08,0,extended_logistic,0.2,123,0.2242983216571221,2012
100678,2025-08,0,extended_logistic,0.2,124,0.2237702978401621,2012
101500,2025-08,0,extended_logistic,0.2,125,0.2224616062460522,2012
100592,2025-08,0,extended_logistic,0.2,126,0.221922188245681,2012
101277,2025-08,0,extended_logistic,0.2,127,0.2216751044997541,2012
100241,2025-08,0,extended_logistic,0.2,128,0.221656871135486,2012
101946,2025-08,0,extended_logistic,0.2,129,0.2205795407164901,2012
102051,2025-08,0,extended_logistic,0.2,130,0.219764148068218,2012
100644,2025-08,0,extended_logistic,0.2,131,0.2189783731828775,2012
101472,2025-08,0,extended_logistic,0.2,132,0.2173290816259376,2012
101690,2025-08,0,extended_logistic,0.2,133,0.2169591925305224,2012
100912,2025-08,0,extended_logistic,0.2,134,0.2168940682780142,2012
100755,2025-08,0,extended_logistic,0.2,135,0.2159789207069805,2012
100696,2025-08,1,extended_logistic,0.2,136,0.2157706339402464,2012
101509,2025-08,0,extended_logistic,0.2,137,0.2138977855144931,2012
102044,2025-08,0,extended_logistic,0.2,138,0.2131840461446481,2012
101256,2025-08,0,extended_logistic,0.2,139,0.2126154742066648,2012
100919,2025-08,1,extended_logistic,0.2,140,0.2114731566176257,2012
100977,2025-08,1,extended_logistic,0.2,141,0.2107734899592418,2012
100052,2025-08,0,extended_logistic,0.2,142,0.210197420016188,2012
100878,2025-08,0,extended_logistic,0.2,143,0.210007923626437,2012
101167,2025-08,1,extended_logistic,0.2,144,0.2096267562816452,2012
100292,2025-08,0,extended_logistic,0.2,145,0.2091890317588444,2012
100992,2025-08,0,extended_logistic,0.2,146,0.2087789513389081,2012
101626,2025-08,0,extended_logistic,0.2,147,0.2087380381103268,2012
101382,2025-08,0,extended_logistic,0.2,148,0.2081848917128135,2012
100335,2025-08,0,extended_logistic,0.2,149,0.2080624475934303,2012
101610,2025-08,0,extended_logistic,0.2,150,0.2079977240119122,2012
100990,2025-08,0,extended_logistic,0.2,151,0.2075362509792329,2012
101156,2025-08,0,extended_logistic,0.2,152,0.2069976015905511,2012
101309,2025-08,0,extended_logistic,0.2,153,0.206736010701623,2012
100540,2025-08,0,extended_logistic,0.2,154,0.2066849944245295,2012
101869,2025-08,0,extended_logistic,0.2,155,0.2064250558565635,2012
100605,2025-08,0,extended_logistic,0.2,156,0.204767092456399,2012
101576,2025-08,0,extended_logistic,0.2,157,0.2047669677874005,2012
100627,2025-08,0,extended_logistic,0.2,158,0.204604558817956,2012
101036,2025-08,1,extended_logistic,0.2,159,0.2034356036437595,2012
100923,2025-08,0,extended_logistic,0.2,160,0.2024005237707172,2012
101083,2025-08,0,extended_logistic,0.2,161,0.2021093307079384,2012
101591,2025-08,1,extended_logistic,0.2,162,0.2018980341406286,2012
101443,2025-08,0,extended_logistic,0.2,163,0.201418863479672,2012
101882,2025-08,0,extended_logistic,0.2,164,0.201329176673254,2012
100702,2025-08,1,extended_logistic,0.2,165,0.1992900807987953,2012
100203,2025-08,1,extended_logistic,0.2,166,0.1967369160109339,2012
101119,2025-08,1,extended_logistic,0.2,167,0.1963401132732064,2012
100210,2025-08,0,extended_logistic,0.2,168,0.1963188204148581,2012
100219,2025-08,0,extended_logistic,0.2,169,0.1956098410656786,2012
101437,2025-08,0,extended_logistic,0.2,170,0.1948403215809926,2012
100508,2025-08,0,extended_logistic,0.2,171,0.1945394993353824,2012
100242,2025-08,0,extended_logistic,0.2,172,0.1933520133680966,2012
101809,2025-08,0,extended_logistic,0.2,173,0.1927774527645837,2012
100173,2025-08,0,extended_logistic,0.2,174,0.1922895994023787,2012
101857,2025-08,0,extended_logistic,0.2,175,0.1916804199030168,2012
100610,2025-08,0,extended_logistic,0.2,176,0.1914888095048651,2012
101854,2025-08,0,extended_logistic,0.2,177,0.1914768699629981,2012
101620,2025-08,0,extended_logistic,0.2,178,0.1914519624526281,2012
101600,2025-08,0,extended_logistic,0.2,179,0.1912300185044627,2012
101334,2025-08,0,extended_logistic,0.2,180,0.1890634103995912,2012
101117,2025-08,0,extended_logistic,0.2,181,0.1888078955668905,2012
101981,2025-08,0,extended_logistic,0.2,182,0.1884803691346021,2012
100543,2025-08,0,extended_logistic,0.2,183,0.1884106068114934,2012
101203,2025-08,0,extended_logistic,0.2,184,0.1883995323318432,2012
100876,2025-08,0,extended_logistic,0.2,185,0.1882287480096176,2012
102049,2025-08,0,extended_logistic,0.2,186,0.1880144948792068,2012
101749,2025-08,0,extended_logistic,0.2,187,0.1878968620045842,2012
101823,2025-08,0,extended_logistic,0.2,188,0.1874650747430834,2012
100695,2025-08,0,extended_logistic,0.2,189,0.1873471294228675,2012
101257,2025-08,1,extended_logistic,0.2,190,0.1860493187665368,2012
100589,2025-08,0,extended_logistic,0.2,191,0.1854680370933078,2012
100649,2025-08,0,extended_logistic,0.2,192,0.1853730471096225,2012
100170,2025-08,1,extended_logistic,0.2,193,0.1848146825342661,2012
101307,2025-08,0,extended_logistic,0.2,194,0.1846444003631103,2012
100530,2025-08,0,extended_logistic,0.2,195,0.1836406758626379,2012
100752,2025-08,0,extended_logistic,0.2,196,0.183196032845625,2012
101673,2025-08,0,extended_logistic,0.2,197,0.183086102972931,2012
101409,2025-08,0,extended_logistic,0.2,198,0.1827311157438591,2012
102059,2025-08,1,extended_logistic,0.2,199,0.1826189621632792,2012
100815,2025-08,0,extended_logistic,0.2,200,0.1821946130150022,2012
100289,2025-08,0,extended_logistic,0.2,201,0.1816518175208523,2012
101057,2025-08,0,extended_logistic,0.2,202,0.180502090189109,2012
101076,2025-08,1,extended_logistic,0.2,203,0.1796219751366502,2012
100779,2025-08,0,extended_logistic,0.2,204,0.1791308857927286,2012
100377,2025-08,1,extended_logistic,0.2,205,0.178871348544282,2012
101270,2025-08,0,extended_logistic,0.2,206,0.1787882108195499,2012
101512,2025-08,0,extended_logistic,0.2,207,0.1784418600202812,2012
100090,2025-08,1,extended_logistic,0.2,208,0.177974990301843,2012
100523,2025-08,0,extended_logistic,0.2,209,0.1772572092442632,2012
101906,2025-08,0,extended_logistic,0.2,210,0.176930954695857,2012
100581,2025-08,0,extended_logistic,0.2,211,0.1768429294091861,2012
100591,2025-08,1,extended_logistic,0.2,212,0.1766830710802901,2012
101639,2025-08,0,extended_logistic,0.2,213,0.1763765952739735,2012
101367,2025-08,0,extended_logistic,0.2,214,0.1760515370880349,2012
101482,2025-08,0,extended_logistic,0.2,215,0.1758220778448829,2012
101285,2025-08,0,extended_logistic,0.2,216,0.1756998704879357,2012
100593,2025-08,0,extended_logistic,0.2,217,0.1756753718347835,2012
101320,2025-08,0,extended_logistic,0.2,218,0.1756688790421425,2012
100898,2025-08,0,extended_logistic,0.2,219,0.1745514409914809,2012
100143,2025-08,0,extended_logistic,0.2,220,0.1744907468215026,2012
102019,2025-08,1,extended_logistic,0.2,221,0.1743310589770813,2012
101737,2025-08,0,extended_logistic,0.2,222,0.1743165709074986,2012
101226,2025-08,0,extended_logistic,0.2,223,0.1739633138038436,2012
102089,2025-08,0,extended_logistic,0.2,224,0.1736306936831679,2012
101917,2025-08,1,extended_logistic,0.2,225,0.1734116467282254,2012
101086,2025-08,1,extended_logistic,0.2,226,0.1731489560259455,2012
101684,2025-08,0,extended_logistic,0.2,227,0.173042293137653,2012
100555,2025-08,0,extended_logistic,0.2,228,0.1730262729284886,2012
101702,2025-08,0,extended_logistic,0.2,229,0.1726828236388006,2012
101140,2025-08,0,extended_logistic,0.2,230,0.1722625084111656,2012
101838,2025-08,0,extended_logistic,0.2,231,0.1711416522574955,2012
100314,2025-08,0,extended_logistic,0.2,232,0.1709704389462879,2012
100497,2025-08,0,extended_logistic,0.2,233,0.1705166427040567,2012
100746,2025-08,1,extended_logistic,0.2,234,0.1703866194036035,2012
101787,2025-08,0,extended_logistic,0.2,235,0.1703414055228384,2012
101173,2025-08,0,extended_logistic,0.2,236,0.170295750222704,2012
101124,2025-08,0,extended_logistic,0.2,237,0.1696563879226857,2012
101841,2025-08,1,extended_logistic,0.2,238,0.169644367264074,2012
100985,2025-08,1,extended_logistic,0.2,239,0.1690116191897663,2012
101935,2025-08,0,extended_logistic,0.2,240,0.1689281822086442,2012
101951,2025-08,0,extended_logistic,0.2,241,0.1677765969217287,2012
101338,2025-08,1,extended_logistic,0.2,242,0.167702630868944,2012
101343,2025-08,0,extended_logistic,0.2,243,0.1676226068200954,2012
100297,2025-08,0,extended_logistic,0.2,244,0.1676216311137446,2012
100194,2025-08,1,extended_logistic,0.2,245,0.16752989456014,2012
101791,2025-08,0,extended_logistic,0.2,246,0.1675129399816036,2012
101319,2025-08,0,extended_logistic,0.2,247,0.1670774011247622,2012
101461,2025-08,0,extended_logistic,0.2,248,0.1670109802564965,2012
101348,2025-08,0,extended_logistic,0.2,249,0.166372615999903,2012
101821,2025-08,0,extended_logistic,0.2,250,0.1660680712502173,2012
101169,2025-08,0,extended_logistic,0.2,251,0.1660637563433582,2012
101414,2025-08,0,extended_logistic,0.2,252,0.1659322029353604,2012
101423,2025-08,0,extended_logistic,0.2,253,0.1653840224381059,2012
101888,2025-08,0,extended_logistic,0.2,254,0.1651384495284632,2012
100275,2025-08,0,extended_logistic,0.2,255,0.1650709695600807,2012
100239,2025-08,0,extended_logistic,0.2,256,0.1650071990050813,2012
101534,2025-08,0,extended_logistic,0.2,257,0.1649265752778437,2012
100427,2025-08,0,extended_logistic,0.2,258,0.1645260748997645,2012
101866,2025-08,0,extended_logistic,0.2,259,0.1642088784324399,2012
101031,2025-08,0,extended_logistic,0.2,260,0.1641250309097767,2012
100620,2025-08,0,extended_logistic,0.2,261,0.1639398778732451,2012
100025,2025-08,1,extended_logistic,0.2,262,0.1635227961867597,2012
101731,2025-08,1,extended_logistic,0.2,263,0.1634937996108365,2012
100079,2025-08,0,extended_logistic,0.2,264,0.1630322762781922,2012
100509,2025-08,0,extended_logistic,0.2,265,0.1629352239352129,2012
101720,2025-08,0,extended_logistic,0.2,266,0.1627420705931958,2012
100661,2025-08,1,extended_logistic,0.2,267,0.1627401014430125,2012
100278,2025-08,0,extended_logistic,0.2,268,0.1627179978972016,2012
100423,2025-08,1,extended_logistic,0.2,269,0.1621491212137588,2012
102058,2025-08,0,extended_logistic,0.2,270,0.161955012567525,2012
101246,2025-08,0,extended_logistic,0.2,271,0.1617441488894949,2012
100828,2025-08,0,extended_logistic,0.2,272,0.1613800528280577,2012
101332,2025-08,0,extended_logistic,0.2,273,0.1612014465270818,2012
100494,2025-08,0,extended_logistic,0.2,274,0.1611291168486097,2012
100653,2025-08,0,extended_logistic,0.2,275,0.1610715163833578,2012
100131,2025-08,0,extended_logistic,0.2,276,0.1605129626667143,2012
100233,2025-08,0,extended_logistic,0.2,277,0.1605096637888115,2012
100393,2025-08,0,extended_logistic,0.2,278,0.1605007380921093,2012
100003,2025-08,1,extended_logistic,0.2,279,0.1593891802563907,2012
101657,2025-08,0,extended_logistic,0.2,280,0.1589174100378878,2012
100489,2025-08,0,extended_logistic,0.2,281,0.1588139302385258,2012
100283,2025-08,0,extended_logistic,0.2,282,0.1587375413568167,2012
101829,2025-08,0,extended_logistic,0.2,283,0.1585659611956226,2012
101876,2025-08,0,extended_logistic,0.2,284,0.1580133345579741,2012
100462,2025-08,0,extended_logistic,0.2,285,0.157987533095909,2012
100376,2025-08,0,extended_logistic,0.2,286,0.157935036587664,2012
101853,2025-08,0,extended_logistic,0.2,287,0.1575914947169632,2012
101378,2025-08,0,extended_logistic,0.2,288,0.1574859291917871,2012
101240,2025-08,0,extended_logistic,0.2,289,0.1567161588002284,2012
101878,2025-08,0,extended_logistic,0.2,290,0.1559929242775299,2012
101369,2025-08,0,extended_logistic,0.2,291,0.155986871449701,2012
100650,2025-08,0,extended_logistic,0.2,292,0.1558486732300039,2012
101691,2025-08,0,extended_logistic,0.2,293,0.1554872111975392,2012
100328,2025-08,0,extended_logistic,0.2,294,0.1553038839598553,2012
100441,2025-08,0,extended_logistic,0.2,295,0.155299280136989,2012
100029,2025-08,0,extended_logistic,0.2,296,0.1544150270834519,2012
100852,2025-08,0,extended_logistic,0.2,297,0.1540207570757372,2012
100383,2025-08,0,extended_logistic,0.2,298,0.153599474539604,2012
100380,2025-08,0,extended_logistic,0.2,299,0.1535245576813883,2012
100788,2025-08,1,extended_logistic,0.2,300,0.1533311976089962,2012
100407,2025-08,0,extended_logistic,0.2,301,0.1533002588156007,2012
101828,2025-08,0,extended_logistic,0.2,302,0.1532801728412253,2012
100035,2025-08,0,extended_logistic,0.2,303,0.1531535746189727,2012
100651,2025-08,0,extended_logistic,0.2,304,0.1530967359558335,2012
100883,2025-08,1,extended_logistic,0.2,305,0.1525771063131253,2012
101624,2025-08,0,extended_logistic,0.2,306,0.1525120344631474,2012
101128,2025-08,0,extended_logistic,0.2,307,0.1520645916298898,2012
100053,2025-08,0,extended_logistic,0.2,308,0.1519522178939486,2012
100676,2025-08,0,extended_logistic,0.2,309,0.1509475792222176,2012
100115,2025-08,0,extended_logistic,0.2,310,0.150835914944531,2012
100973,2025-08,0,extended_logistic,0.2,311,0.1507480769893719,2012
101910,2025-08,0,extended_logistic,0.2,312,0.1507014431248124,2012
100877,2025-08,1,extended_logistic,0.2,313,0.1495615663154287,2012
101506,2025-08,0,extended_logistic,0.2,314,0.1493149649666597,2012
100206,2025-08,0,extended_logistic,0.2,315,0.1493053490449148,2012
101885,2025-08,0,extended_logistic,0.2,316,0.1488347854821828,2012
101987,2025-08,1,extended_logistic,0.2,317,0.1485954577716866,2012
101266,2025-08,0,extended_logistic,0.2,318,0.1485340226848868,2012
101940,2025-08,0,extended_logistic,0.2,319,0.1481309689499934,2012
101294,2025-08,0,extended_logistic,0.2,320,0.1479770783062065,2012
101112,2025-08,1,extended_logistic,0.2,321,0.1478381196667341,2012
100288,2025-08,0,extended_logistic,0.2,322,0.147659398663564,2012
100167,2025-08,0,extended_logistic,0.2,323,0.1476150711537141,2012
100178,2025-08,1,extended_logistic,0.2,324,0.1472857699910595,2012
100727,2025-08,0,extended_logistic,0.2,325,0.1472811372608643,2012
100443,2025-08,0,extended_logistic,0.2,326,0.1470582914712238,2012
100320,2025-08,1,extended_logistic,0.2,327,0.1468051863518471,2012
100792,2025-08,0,extended_logistic,0.2,328,0.146779888979769,2012
101679,2025-08,0,extended_logistic,0.2,329,0.1467082360712031,2012
100798,2025-08,0,extended_logistic,0.2,330,0.1465474424826679,2012
100768,2025-08,0,extended_logistic,0.2,331,0.1465147141909162,2012
100519,2025-08,0,extended_logistic,0.2,332,0.146445151570818,2012
100578,2025-08,0,extended_logistic,0.2,333,0.1464058070767442,2012
100136,2025-08,0,extended_logistic,0.2,334,0.1461537095390283,2012
100014,2025-08,0,extended_logistic,0.2,335,0.1459296499484643,2012
100774,2025-08,0,extended_logistic,0.2,336,0.1457658077846222,2012
101793,2025-08,0,extended_logistic,0.2,337,0.1455464140059826,2012
100324,2025-08,0,extended_logistic,0.2,338,0.1455463688255401,2012
100268,2025-08,0,extended_logistic,0.2,339,0.1453795775129212,2012
100074,2025-08,0,extended_logistic,0.2,340,0.1443783733292296,2012
100139,2025-08,0,extended_logistic,0.2,341,0.1443450515379979,2012
102012,2025-08,1,extended_logistic,0.2,342,0.1433364803102102,2012
100550,2025-08,0,extended_logistic,0.2,343,0.142919542262864,2012
100372,2025-08,0,extended_logistic,0.2,344,0.1419286203394975,2012
100148,2025-08,0,extended_logistic,0.2,345,0.1414678767014296,2012
100560,2025-08,0,extended_logistic,0.2,346,0.1414174684266048,2012
101905,2025-08,0,extended_logistic,0.2,347,0.1413309328073782,2012
101724,2025-08,0,extended_logistic,0.2,348,0.1411276331758901,2012
101605,2025-08,0,extended_logistic,0.2,349,0.1408165525411985,2012
100892,2025-08,0,extended_logistic,0.2,350,0.1405219028054283,2012
101578,2025-08,0,extended_logistic,0.2,351,0.1402764755757287,2012
100672,2025-08,0,extended_logistic,0.2,352,0.1394870137359113,2012
101322,2025-08,0,extended_logistic,0.2,353,0.1392119404354626,2012
101665,2025-08,0,extended_logistic,0.2,354,0.1389580498486878,2012
101152,2025-08,1,extended_logistic,0.2,355,0.138077115618744,2012
100829,2025-08,1,extended_logistic,0.2,356,0.1380328653264363,2012
100693,2025-08,1,extended_logistic,0.2,357,0.1379516200635355,2012
101537,2025-08,0,extended_logistic,0.2,358,0.1377289198380248,2012
101207,2025-08,0,extended_logistic,0.2,359,0.1377086286005399,2012
100238,2025-08,0,extended_logistic,0.2,360,0.137539014319629,2012
101549,2025-08,0,extended_logistic,0.2,361,0.1373190814624479,2012
100655,2025-08,0,extended_logistic,0.2,362,0.1372882778667498,2012
101447,2025-08,0,extended_logistic,0.2,363,0.1371276631501652,2012
101282,2025-08,0,extended_logistic,0.2,364,0.1370868625005521,2012
101368,2025-08,0,extended_logistic,0.2,365,0.137033580345413,2012
100924,2025-08,0,extended_logistic,0.2,366,0.136884866870813,2012
100941,2025-08,0,extended_logistic,0.2,367,0.1367717321123306,2012
100453,2025-08,0,extended_logistic,0.2,368,0.1366870420288025,2012
102075,2025-08,0,extended_logistic,0.2,369,0.1365127355819744,2012
100936,2025-08,0,extended_logistic,0.2,370,0.1363278706242151,2012
100471,2025-08,0,extended_logistic,0.2,371,0.1360327284524634,2012
101697,2025-08,1,extended_logistic,0.2,372,0.13569717038991,2012
101305,2025-08,0,extended_logistic,0.2,373,0.1355193907388539,2012
101544,2025-08,0,extended_logistic,0.2,374,0.1353297180076697,2012
101806,2025-08,0,extended_logistic,0.2,375,0.1353080411257214,2012
101227,2025-08,0,extended_logistic,0.2,376,0.1351068137763,2012
101273,2025-08,1,extended_logistic,0.2,377,0.1349640499774899,2012
101790,2025-08,0,extended_logistic,0.2,378,0.13492955934213,2012
101301,2025-08,0,extended_logistic,0.2,379,0.1347602359584691,2012
100616,2025-08,0,extended_logistic,0.2,380,0.1346289345084421,2012
100873,2025-08,1,extended_logistic,0.2,381,0.134609072042073,2012
100002,2025-08,0,extended_logistic,0.2,382,0.134447620868883,2012
101133,2025-08,1,extended_logistic,0.2,383,0.1343888664315913,2012
101184,2025-08,0,extended_logistic,0.2,384,0.1342217875477125,2012
101371,2025-08,0,extended_logistic,0.2,385,0.133801585420671,2012
100920,2025-08,0,extended_logistic,0.2,386,0.1335444384377638,2012
100189,2025-08,0,extended_logistic,0.2,387,0.1334923604383108,2012
101097,2025-08,0,extended_logistic,0.2,388,0.1334832897106693,2012
101107,2025-08,0,extended_logistic,0.2,389,0.1331167575952568,2012
101431,2025-08,0,extended_logistic,0.2,390,0.1328870872795162,2012
100804,2025-08,0,extended_logistic,0.2,391,0.1328246184105774,2012
101050,2025-08,0,extended_logistic,0.2,392,0.1324786621249481,2012
101843,2025-08,0,extended_logistic,0.2,393,0.1322911761383025,2012
100728,2025-08,0,extended_logistic,0.2,394,0.1321031075582111,2012
101892,2025-08,0,extended_logistic,0.2,395,0.1320448824942731,2012
101551,2025-08,1,extended_logistic,0.2,396,0.1318558144578892,2012
100466,2025-08,0,extended_logistic,0.2,397,0.1313840037155766,2012
101783,2025-08,0,extended_logistic,0.2,398,0.1313132611442672,2012
101723,2025-08,0,extended_logistic,0.2,399,0.131192114061746,2012
100134,2025-08,0,extended_logistic,0.2,400,0.1309898402182336,2012
102010,2025-08,0,extended_logistic,0.2,401,0.130670964456534,2012
101314,2025-08,0,extended_logistic,0.2,402,0.1306653713113522,2012
100995,2025-08,0,extended_logistic,0.2,403,0.1305657599035072,2012
101798,2025-09,0,decile,0.05,1,1.0,2038
101259,2025-09,0,decile,0.05,2,1.0,2038
101676,2025-09,0,decile,0.05,3,1.0,2038
100170,2025-09,0,decile,0.05,4,1.0,2038
100017,2025-09,0,decile,0.05,5,1.0,2038
100334,2025-09,0,decile,0.05,6,1.0,2038
101365,2025-09,0,decile,0.05,7,1.0,2038
101613,2025-09,0,decile,0.05,8,1.0,2038
101727,2025-09,0,decile,0.05,9,1.0,2038
100882,2025-09,0,decile,0.05,10,1.0,2038
101945,2025-09,0,decile,0.05,11,1.0,2038
100215,2025-09,0,decile,0.05,12,1.0,2038
100636,2025-09,1,decile,0.05,13,1.0,2038
100066,2025-09,1,decile,0.05,14,1.0,2038
100161,2025-09,1,decile,0.05,15,1.0,2038
100773,2025-09,0,decile,0.05,16,1.0,2038
101890,2025-09,1,decile,0.05,17,1.0,2038
100823,2025-09,1,decile,0.05,18,1.0,2038
100684,2025-09,0,decile,0.05,19,1.0,2038
101928,2025-09,0,decile,0.05,20,1.0,2038
100745,2025-09,0,decile,0.05,21,1.0,2038
101319,2025-09,0,decile,0.05,22,1.0,2038
101140,2025-09,0,decile,0.05,23,1.0,2038
100892,2025-09,0,decile,0.05,24,1.0,2038
100616,2025-09,1,decile,0.05,25,1.0,2038
101437,2025-09,0,decile,0.05,26,1.0,2038
100422,2025-09,0,decile,0.05,27,1.0,2038
100477,2025-09,0,decile,0.05,28,1.0,2038
101692,2025-09,1,decile,0.05,29,1.0,2038
101754,2025-09,0,decile,0.05,30,1.0,2038
100665,2025-09,0,decile,0.05,31,1.0,2038
101448,2025-09,0,decile,0.05,32,1.0,2038
100175,2025-09,0,decile,0.05,33,1.0,2038
101305,2025-09,0,decile,0.05,34,1.0,2038
100803,2025-09,1,decile,0.05,35,1.0,2038
100296,2025-09,0,decile,0.05,36,1.0,2038
100644,2025-09,0,decile,0.05,37,1.0,2038
101639,2025-09,0,decile,0.05,38,1.0,2038
101726,2025-09,0,decile,0.05,39,1.0,2038
101455,2025-09,0,decile,0.05,40,1.0,2038
101638,2025-09,0,decile,0.05,41,1.0,2038
101124,2025-09,0,decile,0.05,42,1.0,2038
101044,2025-09,0,decile,0.05,43,1.0,2038
100694,2025-09,0,decile,0.05,44,1.0,2038
100579,2025-09,0,decile,0.05,45,1.0,2038
101478,2025-09,0,decile,0.05,46,1.0,2038
101811,2025-09,0,decile,0.05,47,1.0,2038
101660,2025-09,0,decile,0.05,48,1.0,2038
100453,2025-09,0,decile,0.05,49,1.0,2038
100686,2025-09,0,decile,0.05,50,1.0,2038
100166,2025-09,0,decile,0.05,51,1.0,2038
100148,2025-09,0,decile,0.05,52,1.0,2038
102089,2025-09,0,decile,0.05,53,1.0,2038
101724,2025-09,1,decile,0.05,54,1.0,2038
100670,2025-09,0,decile,0.05,55,1.0,2038
101447,2025-09,1,decile,0.05,56,1.0,2038
101320,2025-09,0,decile,0.05,57,1.0,2038
100672,2025-09,0,decile,0.05,58,1.0,2038
100702,2025-09,0,decile,0.05,59,1.0,2038
101449,2025-09,0,decile,0.05,60,1.0,2038
101746,2025-09,0,decile,0.05,61,1.0,2038
100193,2025-09,1,decile,0.05,62,1.0,2038
100300,2025-09,0,decile,0.05,63,1.0,2038
101971,2025-09,0,decile,0.05,64,1.0,2038
100608,2025-09,0,decile,0.05,65,1.0,2038
101246,2025-09,0,decile,0.05,66,1.0,2038
100560,2025-09,0,decile,0.05,67,1.0,2038
101837,2025-09,0,decile,0.05,68,1.0,2038
101412,2025-09,0,decile,0.05,69,1.0,2038
100817,2025-09,0,decile,0.05,70,1.0,2038
100229,2025-09,0,decile,0.05,71,1.0,2038
101857,2025-09,1,decile,0.05,72,1.0,2038
101684,2025-09,0,decile,0.05,73,1.0,2038
101379,2025-09,0,decile,0.05,74,1.0,2038
101077,2025-09,0,decile,0.05,75,1.0,2038
101543,2025-09,0,decile,0.05,76,1.0,2038
101173,2025-09,0,decile,0.05,77,1.0,2038
101738,2025-09,0,decile,0.05,78,1.0,2038
101084,2025-09,0,decile,0.05,79,1.0,2038
101922,2025-09,0,decile,0.05,80,1.0,2038
101672,2025-09,0,decile,0.05,81,1.0,2038
101704,2025-09,0,decile,0.05,82,1.0,2038
102096,2025-09,1,decile,0.05,83,1.0,2038
100610,2025-09,0,decile,0.05,84,1.0,2038
101367,2025-09,0,decile,0.05,85,1.0,2038
100361,2025-09,0,decile,0.05,86,1.0,2038
102078,2025-09,0,decile,0.05,87,1.0,2038
100724,2025-09,0,decile,0.05,88,1.0,2038
101990,2025-09,0,decile,0.05,89,1.0,2038
100487,2025-09,0,decile,0.05,90,1.0,2038
101301,2025-09,0,decile,0.05,91,1.0,2038
101909,2025-09,1,decile,0.05,92,1.0,2038
101097,2025-09,0,decile,0.05,93,1.0,2038
102040,2025-09,0,decile,0.05,94,1.0,2038
101776,2025-09,0,decile,0.05,95,1.0,2038
101489,2025-09,0,decile,0.05,96,1.0,2038
102094,2025-09,1,decile,0.05,97,1.0,2038
100276,2025-09,0,decile,0.05,98,1.0,2038
100242,2025-09,0,decile,0.05,99,1.0,2038
100912,2025-09,1,decile,0.05,100,1.0,2038
101578,2025-09,1,decile,0.05,101,1.0,2038
100056,2025-09,0,decile,0.05,102,1.0,2038
101798,2025-09,0,decile,0.1,1,1.0,2038
101259,2025-09,0,decile,0.1,2,1.0,2038
101676,2025-09,0,decile,0.1,3,1.0,2038
100170,2025-09,0,decile,0.1,4,1.0,2038
100017,2025-09,0,decile,0.1,5,1.0,2038
100334,2025-09,0,decile,0.1,6,1.0,2038
101365,2025-09,0,decile,0.1,7,1.0,2038
101613,2025-09,0,decile,0.1,8,1.0,2038
101727,2025-09,0,decile,0.1,9,1.0,2038
100882,2025-09,0,decile,0.1,10,1.0,2038
101945,2025-09,0,decile,0.1,11,1.0,2038
100215,2025-09,0,decile,0.1,12,1.0,2038
100636,2025-09,1,decile,0.1,13,1.0,2038
100066,2025-09,1,decile,0.1,14,1.0,2038
100161,2025-09,1,decile,0.1,15,1.0,2038
100773,2025-09,0,decile,0.1,16,1.0,2038
101890,2025-09,1,decile,0.1,17,1.0,2038
100823,2025-09,1,decile,0.1,18,1.0,2038
100684,2025-09,0,decile,0.1,19,1.0,2038
101928,2025-09,0,decile,0.1,20,1.0,2038
100745,2025-09,0,decile,0.1,21,1.0,2038
101319,2025-09,0,decile,0.1,22,1.0,2038
101140,2025-09,0,decile,0.1,23,1.0,2038
100892,2025-09,0,decile,0.1,24,1.0,2038
100616,2025-09,1,decile,0.1,25,1.0,2038
101437,2025-09,0,decile,0.1,26,1.0,2038
100422,2025-09,0,decile,0.1,27,1.0,2038
100477,2025-09,0,decile,0.1,28,1.0,2038
101692,2025-09,1,decile,0.1,29,1.0,2038
101754,2025-09,0,decile,0.1,30,1.0,2038
100665,2025-09,0,decile,0.1,31,1.0,2038
101448,2025-09,0,decile,0.1,32,1.0,2038
100175,2025-09,0,decile,0.1,33,1.0,2038
101305,2025-09,0,decile,0.1,34,1.0,2038
100803,2025-09,1,decile,0.1,35,1.0,2038
100296,2025-09,0,decile,0.1,36,1.0,2038
100644,2025-09,0,decile,0.1,37,1.0,2038
101639,2025-09,0,decile,0.1,38,1.0,2038
101726,2025-09,0,decile,0.1,39,1.0,2038
101455,2025-09,0,decile,0.1,40,1.0,2038
101638,2025-09,0,decile,0.1,41,1.0,2038
101124,2025-09,0,decile,0.1,42,1.0,2038
101044,2025-09,0,decile,0.1,43,1.0,2038
100694,2025-09,0,decile,0.1,44,1.0,2038
100579,2025-09,0,decile,0.1,45,1.0,2038
101478,2025-09,0,decile,0.1,46,1.0,2038
101811,2025-09,0,decile,0.1,47,1.0,2038
101660,2025-09,0,decile,0.1,48,1.0,2038
100453,2025-09,0,decile,0.1,49,1.0,2038
100686,2025-09,0,decile,0.1,50,1.0,2038
100166,2025-09,0,decile,0.1,51,1.0,2038
100148,2025-09,0,decile,0.1,52,1.0,2038
102089,2025-09,0,decile,0.1,53,1.0,2038
101724,2025-09,1,decile,0.1,54,1.0,2038
100670,2025-09,0,decile,0.1,55,1.0,2038
101447,2025-09,1,decile,0.1,56,1.0,2038
101320,2025-09,0,decile,0.1,57,1.0,2038
100672,2025-09,0,decile,0.1,58,1.0,2038
100702,2025-09,0,decile,0.1,59,1.0,2038
101449,2025-09,0,decile,0.1,60,1.0,2038
101746,2025-09,0,decile,0.1,61,1.0,2038
100193,2025-09,1,decile,0.1,62,1.0,2038
100300,2025-09,0,decile,0.1,63,1.0,2038
101971,2025-09,0,decile,0.1,64,1.0,2038
100608,2025-09,0,decile,0.1,65,1.0,2038
101246,2025-09,0,decile,0.1,66,1.0,2038
100560,2025-09,0,decile,0.1,67,1.0,2038
101837,2025-09,0,decile,0.1,68,1.0,2038
101412,2025-09,0,decile,0.1,69,1.0,2038
100817,2025-09,0,decile,0.1,70,1.0,2038
100229,2025-09,0,decile,0.1,71,1.0,2038
101857,2025-09,1,decile,0.1,72,1.0,2038
101684,2025-09,0,decile,0.1,73,1.0,2038
101379,2025-09,0,decile,0.1,74,1.0,2038
101077,2025-09,0,decile,0.1,75,1.0,2038
101543,2025-09,0,decile,0.1,76,1.0,2038
101173,2025-09,0,decile,0.1,77,1.0,2038
101738,2025-09,0,decile,0.1,78,1.0,2038
101084,2025-09,0,decile,0.1,79,1.0,2038
101922,2025-09,0,decile,0.1,80,1.0,2038
101672,2025-09,0,decile,0.1,81,1.0,2038
101704,2025-09,0,decile,0.1,82,1.0,2038
102096,2025-09,1,decile,0.1,83,1.0,2038
100610,2025-09,0,decile,0.1,84,1.0,2038
101367,2025-09,0,decile,0.1,85,1.0,2038
100361,2025-09,0,decile,0.1,86,1.0,2038
102078,2025-09,0,decile,0.1,87,1.0,2038
100724,2025-09,0,decile,0.1,88,1.0,2038
101990,2025-09,0,decile,0.1,89,1.0,2038
100487,2025-09,0,decile,0.1,90,1.0,2038
101301,2025-09,0,decile,0.1,91,1.0,2038
101909,2025-09,1,decile,0.1,92,1.0,2038
101097,2025-09,0,decile,0.1,93,1.0,2038
102040,2025-09,0,decile,0.1,94,1.0,2038
101776,2025-09,0,decile,0.1,95,1.0,2038
101489,2025-09,0,decile,0.1,96,1.0,2038
102094,2025-09,1,decile,0.1,97,1.0,2038
100276,2025-09,0,decile,0.1,98,1.0,2038
100242,2025-09,0,decile,0.1,99,1.0,2038
100912,2025-09,1,decile,0.1,100,1.0,2038
101578,2025-09,1,decile,0.1,101,1.0,2038
100056,2025-09,0,decile,0.1,102,1.0,2038
101871,2025-09,0,decile,0.1,103,1.0,2038
101839,2025-09,0,decile,0.1,104,1.0,2038
102053,2025-09,0,decile,0.1,105,1.0,2038
100214,2025-09,0,decile,0.1,106,1.0,2038
101965,2025-09,0,decile,0.1,107,1.0,2038
100650,2025-09,0,decile,0.1,108,1.0,2038
101883,2025-09,0,decile,0.1,109,1.0,2038
100587,2025-09,0,decile,0.1,110,1.0,2038
100624,2025-09,1,decile,0.1,111,1.0,2038
100627,2025-09,0,decile,0.1,112,1.0,2038
102079,2025-09,0,decile,0.1,113,1.0,2038
101276,2025-09,1,decile,0.1,114,1.0,2038
100115,2025-09,0,decile,0.1,115,1.0,2038
101202,2025-09,0,decile,0.1,116,1.0,2038
100519,2025-09,0,decile,0.1,117,1.0,2038
100901,2025-09,0,decile,0.1,118,1.0,2038
101505,2025-09,0,decile,0.1,119,1.0,2038
101067,2025-09,0,decile,0.1,120,1.0,2038
101527,2025-09,0,decile,0.1,121,1.0,2038
100829,2025-09,0,decile,0.1,122,1.0,2038
101071,2025-09,0,decile,0.1,123,1.0,2038
101228,2025-09,0,decile,0.1,124,1.0,2038
100990,2025-09,0,decile,0.1,125,1.0,2038
100340,2025-09,1,decile,0.1,126,1.0,2038
100661,2025-09,0,decile,0.1,127,1.0,2038
100854,2025-09,1,decile,0.1,128,1.0,2038
101222,2025-09,0,decile,0.1,129,1.0,2038
100795,2025-09,1,decile,0.1,130,1.0,2038
101280,2025-09,1,decile,0.1,131,1.0,2038
101888,2025-09,0,decile,0.1,132,1.0,2038
100564,2025-09,1,decile,0.1,133,1.0,2038
100216,2025-09,0,decile,0.1,134,1.0,2038
100322,2025-09,0,decile,0.1,135,1.0,2038
100992,2025-09,1,decile,0.1,136,1.0,2038
100977,2025-09,0,decile,0.1,137,1.0,2038
100968,2025-09,0,decile,0.1,138,1.0,2038
101309,2025-09,1,decile,0.1,139,1.0,2038
100877,2025-09,0,decile,0.1,140,1.0,2038
102037,2025-09,0,decile,0.1,141,1.0,2038
100123,2025-09,0,decile,0.1,142,1.0,2038
101642,2025-09,0,decile,0.1,143,1.0,2038
101783,2025-09,1,decile,0.1,144,1.0,2038
101886,2025-09,0,decile,0.1,145,1.0,2038
100704,2025-09,0,decile,0.1,146,1.0,2038
100218,2025-09,0,decile,0.1,147,1.0,2038
101414,2025-09,0,decile,0.1,148,1.0,2038
100530,2025-09,1,decile,0.1,149,1.0,2038
100775,2025-09,1,decile,0.1,150,1.0,2038
101516,2025-09,0,decile,0.1,151,1.0,2038
100925,2025-09,0,decile,0.1,152,1.0,2038
101952,2025-09,1,decile,0.1,153,1.0,2038
100752,2025-09,0,decile,0.1,154,1.0,2038
100197,2025-09,0,decile,0.1,155,1.0,2038
101752,2025-09,0,decile,0.1,156,1.0,2038
101709,2025-09,0,decile,0.1,157,1.0,2038
102063,2025-09,0,decile,0.1,158,1.0,2038
101569,2025-09,0,decile,0.1,159,1.0,2038
100678,2025-09,1,decile,0.1,160,1.0,2038
101598,2025-09,0,decile,0.1,161,1.0,2038
100241,2025-09,0,decile,0.1,162,1.0,2038
101916,2025-09,0,decile,0.1,163,1.0,2038
102029,2025-09,0,decile,0.1,164,1.0,2038
101087,2025-09,0,decile,0.1,165,1.0,2038
101005,2025-09,0,decile,0.1,166,1.0,2038
101772,2025-09,0,decile,0.1,167,1.0,2038
100104,2025-09,0,decile,0.1,168,1.0,2038
100878,2025-09,0,decile,0.1,169,1.0,2038
101761,2025-09,0,decile,0.1,170,1.0,2038
100758,2025-09,0,decile,0.1,171,1.0,2038
100383,2025-09,1,decile,0.1,172,1.0,2038
102081,2025-09,0,decile,0.1,173,1.0,2038
100041,2025-09,0,decile,0.1,174,1.0,2038
100698,2025-09,0,decile,0.1,175,1.0,2038
101406,2025-09,0,decile,0.1,176,1.0,2038
100592,2025-09,1,decile,0.1,177,1.0,2038
100585,2025-09,0,decile,0.1,178,1.0,2038
101378,2025-09,0,decile,0.1,179,1.0,2038
101350,2025-09,0,decile,0.1,180,1.0,2038
100256,2025-09,0,decile,0.1,181,1.0,2038
100744,2025-09,1,decile,0.1,182,1.0,2038
101656,2025-09,0,decile,0.1,183,1.0,2038
102025,2025-09,0,decile,0.1,184,1.0,2038
101282,2025-09,0,decile,0.1,185,1.0,2038
101154,2025-09,0,decile,0.1,186,1.0,2038
100508,2025-09,0,decile,0.1,187,1.0,2038
100073,2025-09,0,decile,0.1,188,1.0,2038
101382,2025-09,0,decile,0.1,189,1.0,2038
101466,2025-09,0,decile,0.1,190,1.0,2038
102067,2025-09,0,decile,0.1,191,1.0,2038
100708,2025-09,0,decile,0.1,192,1.0,2038
102019,2025-09,0,decile,0.1,193,1.0,2038
100936,2025-09,0,decile,0.1,194,1.0,2038
101607,2025-09,1,decile,0.1,195,1.0,2038
101878,2025-09,1,decile,0.1,196,1.0,2038
100275,2025-09,0,decile,0.1,197,1.0,2038
100876,2025-09,1,decile,0.1,198,1.0,2038
102044,2025-09,0,decile,0.1,199,1.0,2038
100145,2025-09,0,decile,0.1,200,1.0,2038
100267,2025-09,0,decile,0.1,201,1.0,2038
101601,2025-09,0,decile,0.1,202,1.0,2038
100298,2025-09,0,decile,0.1,203,1.0,2038
101690,2025-09,0,decile,0.1,204,1.0,2038
101798,2025-09,0,decile,0.2,1,1.0,2038
101259,2025-09,0,decile,0.2,2,1.0,2038
101676,2025-09,0,decile,0.2,3,1.0,2038
100170,2025-09,0,decile,0.2,4,1.0,2038
100017,2025-09,0,decile,0.2,5,1.0,2038
100334,2025-09,0,decile,0.2,6,1.0,2038
101365,2025-09,0,decile,0.2,7,1.0,2038
101613,2025-09,0,decile,0.2,8,1.0,2038
101727,2025-09,0,decile,0.2,9,1.0,2038
100882,2025-09,0,decile,0.2,10,1.0,2038
101945,2025-09,0,decile,0.2,11,1.0,2038
100215,2025-09,0,decile,0.2,12,1.0,2038
100636,2025-09,1,decile,0.2,13,1.0,2038
100066,2025-09,1,decile,0.2,14,1.0,2038
100161,2025-09,1,decile,0.2,15,1.0,2038
100773,2025-09,0,decile,0.2,16,1.0,2038
101890,2025-09,1,decile,0.2,17,1.0,2038
100823,2025-09,1,decile,0.2,18,1.0,2038
100684,2025-09,0,decile,0.2,19,1.0,2038
101928,2025-09,0,decile,0.2,20,1.0,2038
100745,2025-09,0,decile,0.2,21,1.0,2038
101319,2025-09,0,decile,0.2,22,1.0,2038
101140,2025-09,0,decile,0.2,23,1.0,2038
100892,2025-09,0,decile,0.2,24,1.0,2038
100616,2025-09,1,decile,0.2,25,1.0,2038
101437,2025-09,0,decile,0.2,26,1.0,2038
100422,2025-09,0,decile,0.2,27,1.0,2038
100477,2025-09,0,decile,0.2,28,1.0,2038
101692,2025-09,1,decile,0.2,29,1.0,2038
101754,2025-09,0,decile,0.2,30,1.0,2038
100665,2025-09,0,decile,0.2,31,1.0,2038
101448,2025-09,0,decile,0.2,32,1.0,2038
100175,2025-09,0,decile,0.2,33,1.0,2038
101305,2025-09,0,decile,0.2,34,1.0,2038
100803,2025-09,1,decile,0.2,35,1.0,2038
100296,2025-09,0,decile,0.2,36,1.0,2038
100644,2025-09,0,decile,0.2,37,1.0,2038
101639,2025-09,0,decile,0.2,38,1.0,2038
101726,2025-09,0,decile,0.2,39,1.0,2038
101455,2025-09,0,decile,0.2,40,1.0,2038
101638,2025-09,0,decile,0.2,41,1.0,2038
101124,2025-09,0,decile,0.2,42,1.0,2038
101044,2025-09,0,decile,0.2,43,1.0,2038
100694,2025-09,0,decile,0.2,44,1.0,2038
100579,2025-09,0,decile,0.2,45,1.0,2038
101478,2025-09,0,decile,0.2,46,1.0,2038
101811,2025-09,0,decile,0.2,47,1.0,2038
101660,2025-09,0,decile,0.2,48,1.0,2038
100453,2025-09,0,decile,0.2,49,1.0,2038
100686,2025-09,0,decile,0.2,50,1.0,2038
100166,2025-09,0,decile,0.2,51,1.0,2038
100148,2025-09,0,decile,0.2,52,1.0,2038
102089,2025-09,0,decile,0.2,53,1.0,2038
101724,2025-09,1,decile,0.2,54,1.0,2038
100670,2025-09,0,decile,0.2,55,1.0,2038
101447,2025-09,1,decile,0.2,56,1.0,2038
101320,2025-09,0,decile,0.2,57,1.0,2038
100672,2025-09,0,decile,0.2,58,1.0,2038
100702,2025-09,0,decile,0.2,59,1.0,2038
101449,2025-09,0,decile,0.2,60,1.0,2038
101746,2025-09,0,decile,0.2,61,1.0,2038
100193,2025-09,1,decile,0.2,62,1.0,2038
100300,2025-09,0,decile,0.2,63,1.0,2038
101971,2025-09,0,decile,0.2,64,1.0,2038
100608,2025-09,0,decile,0.2,65,1.0,2038
101246,2025-09,0,decile,0.2,66,1.0,2038
100560,2025-09,0,decile,0.2,67,1.0,2038
101837,2025-09,0,decile,0.2,68,1.0,2038
101412,2025-09,0,decile,0.2,69,1.0,2038
100817,2025-09,0,decile,0.2,70,1.0,2038
100229,2025-09,0,decile,0.2,71,1.0,2038
101857,2025-09,1,decile,0.2,72,1.0,2038
101684,2025-09,0,decile,0.2,73,1.0,2038
101379,2025-09,0,decile,0.2,74,1.0,2038
101077,2025-09,0,decile,0.2,75,1.0,2038
101543,2025-09,0,decile,0.2,76,1.0,2038
101173,2025-09,0,decile,0.2,77,1.0,2038
101738,2025-09,0,decile,0.2,78,1.0,2038
101084,2025-09,0,decile,0.2,79,1.0,2038
101922,2025-09,0,decile,0.2,80,1.0,2038
101672,2025-09,0,decile,0.2,81,1.0,2038
101704,2025-09,0,decile,0.2,82,1.0,2038
102096,2025-09,1,decile,0.2,83,1.0,2038
100610,2025-09,0,decile,0.2,84,1.0,2038
101367,2025-09,0,decile,0.2,85,1.0,2038
100361,2025-09,0,decile,0.2,86,1.0,2038
102078,2025-09,0,decile,0.2,87,1.0,2038
100724,2025-09,0,decile,0.2,88,1.0,2038
101990,2025-09,0,decile,0.2,89,1.0,2038
100487,2025-09,0,decile,0.2,90,1.0,2038
101301,2025-09,0,decile,0.2,91,1.0,2038
101909,2025-09,1,decile,0.2,92,1.0,2038
101097,2025-09,0,decile,0.2,93,1.0,2038
102040,2025-09,0,decile,0.2,94,1.0,2038
101776,2025-09,0,decile,0.2,95,1.0,2038
101489,2025-09,0,decile,0.2,96,1.0,2038
102094,2025-09,1,decile,0.2,97,1.0,2038
100276,2025-09,0,decile,0.2,98,1.0,2038
100242,2025-09,0,decile,0.2,99,1.0,2038
100912,2025-09,1,decile,0.2,100,1.0,2038
101578,2025-09,1,decile,0.2,101,1.0,2038
100056,2025-09,0,decile,0.2,102,1.0,2038
101871,2025-09,0,decile,0.2,103,1.0,2038
101839,2025-09,0,decile,0.2,104,1.0,2038
102053,2025-09,0,decile,0.2,105,1.0,2038
100214,2025-09,0,decile,0.2,106,1.0,2038
101965,2025-09,0,decile,0.2,107,1.0,2038
100650,2025-09,0,decile,0.2,108,1.0,2038
101883,2025-09,0,decile,0.2,109,1.0,2038
100587,2025-09,0,decile,0.2,110,1.0,2038
100624,2025-09,1,decile,0.2,111,1.0,2038
100627,2025-09,0,decile,0.2,112,1.0,2038
102079,2025-09,0,decile,0.2,113,1.0,2038
101276,2025-09,1,decile,0.2,114,1.0,2038
100115,2025-09,0,decile,0.2,115,1.0,2038
101202,2025-09,0,decile,0.2,116,1.0,2038
100519,2025-09,0,decile,0.2,117,1.0,2038
100901,2025-09,0,decile,0.2,118,1.0,2038
101505,2025-09,0,decile,0.2,119,1.0,2038
101067,2025-09,0,decile,0.2,120,1.0,2038
101527,2025-09,0,decile,0.2,121,1.0,2038
100829,2025-09,0,decile,0.2,122,1.0,2038
101071,2025-09,0,decile,0.2,123,1.0,2038
101228,2025-09,0,decile,0.2,124,1.0,2038
100990,2025-09,0,decile,0.2,125,1.0,2038
100340,2025-09,1,decile,0.2,126,1.0,2038
100661,2025-09,0,decile,0.2,127,1.0,2038
100854,2025-09,1,decile,0.2,128,1.0,2038
101222,2025-09,0,decile,0.2,129,1.0,2038
100795,2025-09,1,decile,0.2,130,1.0,2038
101280,2025-09,1,decile,0.2,131,1.0,2038
101888,2025-09,0,decile,0.2,132,1.0,2038
100564,2025-09,1,decile,0.2,133,1.0,2038
100216,2025-09,0,decile,0.2,134,1.0,2038
100322,2025-09,0,decile,0.2,135,1.0,2038
100992,2025-09,1,decile,0.2,136,1.0,2038
100977,2025-09,0,decile,0.2,137,1.0,2038
100968,2025-09,0,decile,0.2,138,1.0,2038
101309,2025-09,1,decile,0.2,139,1.0,2038
100877,2025-09,0,decile,0.2,140,1.0,2038
102037,2025-09,0,decile,0.2,141,1.0,2038
100123,2025-09,0,decile,0.2,142,1.0,2038
101642,2025-09,0,decile,0.2,143,1.0,2038
101783,2025-09,1,decile,0.2,144,1.0,2038
101886,2025-09,0,decile,0.2,145,1.0,2038
100704,2025-09,0,decile,0.2,146,1.0,2038
100218,2025-09,0,decile,0.2,147,1.0,2038
101414,2025-09,0,decile,0.2,148,1.0,2038
100530,2025-09,1,decile,0.2,149,1.0,2038
100775,2025-09,1,decile,0.2,150,1.0,2038
101516,2025-09,0,decile,0.2,151,1.0,2038
100925,2025-09,0,decile,0.2,152,1.0,2038
101952,2025-09,1,decile,0.2,153,1.0,2038
100752,2025-09,0,decile,0.2,154,1.0,2038
100197,2025-09,0,decile,0.2,155,1.0,2038
101752,2025-09,0,decile,0.2,156,1.0,2038
101709,2025-09,0,decile,0.2,157,1.0,2038
102063,2025-09,0,decile,0.2,158,1.0,2038
101569,2025-09,0,decile,0.2,159,1.0,2038
100678,2025-09,1,decile,0.2,160,1.0,2038
101598,2025-09,0,decile,0.2,161,1.0,2038
100241,2025-09,0,decile,0.2,162,1.0,2038
101916,2025-09,0,decile,0.2,163,1.0,2038
102029,2025-09,0,decile,0.2,164,1.0,2038
101087,2025-09,0,decile,0.2,165,1.0,2038
101005,2025-09,0,decile,0.2,166,1.0,2038
101772,2025-09,0,decile,0.2,167,1.0,2038
100104,2025-09,0,decile,0.2,168,1.0,2038
100878,2025-09,0,decile,0.2,169,1.0,2038
101761,2025-09,0,decile,0.2,170,1.0,2038
100758,2025-09,0,decile,0.2,171,1.0,2038
100383,2025-09,1,decile,0.2,172,1.0,2038
102081,2025-09,0,decile,0.2,173,1.0,2038
100041,2025-09,0,decile,0.2,174,1.0,2038
100698,2025-09,0,decile,0.2,175,1.0,2038
101406,2025-09,0,decile,0.2,176,1.0,2038
100592,2025-09,1,decile,0.2,177,1.0,2038
100585,2025-09,0,decile,0.2,178,1.0,2038
101378,2025-09,0,decile,0.2,179,1.0,2038
101350,2025-09,0,decile,0.2,180,1.0,2038
100256,2025-09,0,decile,0.2,181,1.0,2038
100744,2025-09,1,decile,0.2,182,1.0,2038
101656,2025-09,0,decile,0.2,183,1.0,2038
102025,2025-09,0,decile,0.2,184,1.0,2038
101282,2025-09,0,decile,0.2,185,1.0,2038
101154,2025-09,0,decile,0.2,186,1.0,2038
100508,2025-09,0,decile,0.2,187,1.0,2038
100073,2025-09,0,decile,0.2,188,1.0,2038
101382,2025-09,0,decile,0.2,189,1.0,2038
101466,2025-09,0,decile,0.2,190,1.0,2038
102067,2025-09,0,decile,0.2,191,1.0,2038
100708,2025-09,0,decile,0.2,192,1.0,2038
102019,2025-09,0,decile,0.2,193,1.0,2038
100936,2025-09,0,decile,0.2,194,1.0,2038
101607,2025-09,1,decile,0.2,195,1.0,2038
101878,2025-09,1,decile,0.2,196,1.0,2038
100275,2025-09,0,decile,0.2,197,1.0,2038
100876,2025-09,1,decile,0.2,198,1.0,2038
102044,2025-09,0,decile,0.2,199,1.0,2038
100145,2025-09,0,decile,0.2,200,1.0,2038
100267,2025-09,0,decile,0.2,201,1.0,2038
101601,2025-09,0,decile,0.2,202,1.0,2038
100298,2025-09,0,decile,0.2,203,1.0,2038
101690,2025-09,0,decile,0.2,204,1.0,2038
100496,2025-09,0,decile,0.2,205,1.0,2038
100485,2025-09,0,decile,0.2,206,1.0,2038
101160,2025-09,0,decile,0.2,207,1.0,2038
102090,2025-09,1,decile,0.2,208,1.0,2038
101913,2025-09,1,decile,0.2,209,1.0,2038
100078,2025-09,0,decile,0.2,210,1.0,2038
101620,2025-09,0,decile,0.2,211,1.0,2038
100777,2025-09,1,decile,0.2,212,1.0,2038
101471,2025-09,1,decile,0.2,213,1.0,2038
100609,2025-09,0,decile,0.2,214,1.0,2038
101906,2025-09,0,decile,0.2,215,0.9,2038
100653,2025-09,0,decile,0.2,216,0.9,2038
101035,2025-09,0,decile,0.2,217,0.9,2038
101175,2025-09,1,decile,0.2,218,0.9,2038
100177,2025-09,0,decile,0.2,219,0.9,2038
101011,2025-09,0,decile,0.2,220,0.9,2038
101629,2025-09,0,decile,0.2,221,0.9,2038
100762,2025-09,0,decile,0.2,222,0.9,2038
101137,2025-09,0,decile,0.2,223,0.9,2038
102049,2025-09,0,decile,0.2,224,0.9,2038
100443,2025-09,0,decile,0.2,225,0.9,2038
100531,2025-09,0,decile,0.2,226,0.9,2038
100768,2025-09,0,decile,0.2,227,0.9,2038
101769,2025-09,0,decile,0.2,228,0.9,2038
100314,2025-09,0,decile,0.2,229,0.9,2038
101594,2025-09,0,decile,0.2,230,0.9,2038
101790,2025-09,0,decile,0.2,231,0.9,2038
100034,2025-09,0,decile,0.2,232,0.9,2038
101436,2025-09,0,decile,0.2,233,0.9,2038
101421,2025-09,0,decile,0.2,234,0.9,2038
101001,2025-09,0,decile,0.2,235,0.9,2038
100835,2025-09,0,decile,0.2,236,0.9,2038
101302,2025-09,0,decile,0.2,237,0.9,2038
100130,2025-09,0,decile,0.2,238,0.9,2038
100264,2025-09,0,decile,0.2,239,0.9,2038
100757,2025-09,0,decile,0.2,240,0.9,2038
101474,2025-09,0,decile,0.2,241,0.9,2038
101009,2025-09,0,decile,0.2,242,0.9,2038
100225,2025-09,1,decile,0.2,243,0.9,2038
101264,2025-09,1,decile,0.2,244,0.9,2038
101556,2025-09,0,decile,0.2,245,0.9,2038
102046,2025-09,0,decile,0.2,246,0.9,2038
101609,2025-09,0,decile,0.2,247,0.9,2038
101094,2025-09,0,decile,0.2,248,0.9,2038
100923,2025-09,0,decile,0.2,249,0.9,2038
101237,2025-09,0,decile,0.2,250,0.9,2038
100815,2025-09,0,decile,0.2,251,0.9,2038
101881,2025-09,0,decile,0.2,252,0.9,2038
101179,2025-09,0,decile,0.2,253,0.9,2038
100167,2025-09,0,decile,0.2,254,0.9,2038
101298,2025-09,1,decile,0.2,255,0.9,2038
101825,2025-09,0,decile,0.2,256,0.9,2038
100303,2025-09,0,decile,0.2,257,0.9,2038
100393,2025-09,0,decile,0.2,258,0.9,2038
100856,2025-09,0,decile,0.2,259,0.9,2038
100605,2025-09,0,decile,0.2,260,0.9,2038
101951,2025-09,0,decile,0.2,261,0.9,2038
100283,2025-09,0,decile,0.2,262,0.9,2038
100029,2025-09,1,decile,0.2,263,0.9,2038
100884,2025-09,0,decile,0.2,264,0.9,2038
101322,2025-09,0,decile,0.2,265,0.9,2038
100461,2025-09,0,decile,0.2,266,0.9,2038
101431,2025-09,0,decile,0.2,267,0.9,2038
100971,2025-09,0,decile,0.2,268,0.9,2038
101626,2025-09,0,decile,0.2,269,0.9,2038
100399,2025-09,0,decile,0.2,270,0.9,2038
100002,2025-09,0,decile,0.2,271,0.9,2038
101763,2025-09,0,decile,0.2,272,0.9,2038
101663,2025-09,0,decile,0.2,273,0.9,2038
101415,2025-09,0,decile,0.2,274,0.9,2038
101541,2025-09,0,decile,0.2,275,0.9,2038
100128,2025-09,1,decile,0.2,276,0.9,2038
101391,2025-09,1,decile,0.2,277,0.9,2038
100662,2025-09,0,decile,0.2,278,0.9,2038
102077,2025-09,0,decile,0.2,279,0.9,2038
101756,2025-09,0,decile,0.2,280,0.9,2038
101410,2025-09,0,decile,0.2,281,0.9,2038
100510,2025-09,1,decile,0.2,282,0.9,2038
101958,2025-09,1,decile,0.2,283,0.9,2038
101167,2025-09,1,decile,0.2,284,0.9,2038
100975,2025-09,0,decile,0.2,285,0.9,2038
100526,2025-09,0,decile,0.2,286,0.9,2038
101636,2025-09,0,decile,0.2,287,0.9,2038
100488,2025-09,0,decile,0.2,288,0.9,2038
101368,2025-09,0,decile,0.2,289,0.9,2038
100427,2025-09,0,decile,0.2,290,0.9,2038
101395,2025-09,0,decile,0.2,291,0.9,2038
100849,2025-09,0,decile,0.2,292,0.9,2038
100796,2025-09,1,decile,0.2,293,0.9,2038
100883,2025-09,0,decile,0.2,294,0.9,2038
100238,2025-09,0,decile,0.2,295,0.9,2038
100880,2025-09,0,decile,0.2,296,0.9,2038
101343,2025-09,0,decile,0.2,297,0.9,2038
101336,2025-09,0,decile,0.2,298,0.9,2038
100224,2025-09,1,decile,0.2,299,0.9,2038
100052,2025-09,0,decile,0.2,300,0.9,2038
101944,2025-09,0,decile,0.2,301,0.9,2038
100239,2025-09,0,decile,0.2,302,0.9,2038
101512,2025-09,0,decile,0.2,303,0.9,2038
100106,2025-09,0,decile,0.2,304,0.9,2038
101869,2025-09,0,decile,0.2,305,0.9,2038
100233,2025-09,0,decile,0.2,306,0.9,2038
100910,2025-09,0,decile,0.2,307,0.9,2038
101670,2025-09,0,decile,0.2,308,0.9,2038
100425,2025-09,0,decile,0.2,309,0.9,2038
101829,2025-09,0,decile,0.2,310,0.9,2038
101464,2025-09,0,decile,0.2,311,0.9,2038
101823,2025-09,1,decile,0.2,312,0.9,2038
100203,2025-09,0,decile,0.2,313,0.9,2038
101719,2025-09,0,decile,0.2,314,0.9,2038
100245,2025-09,0,decile,0.2,315,0.9,2038
102075,2025-09,0,decile,0.2,316,0.9,2038
100681,2025-09,0,decile,0.2,317,0.9,2038
102045,2025-09,0,decile,0.2,318,0.9,2038
100292,2025-09,0,decile,0.2,319,0.9,2038
101031,2025-09,0,decile,0.2,320,0.9,2038
101045,2025-09,1,decile,0.2,321,0.9,2038
101534,2025-09,0,decile,0.2,322,0.9,2038
100113,2025-09,0,decile,0.2,323,0.9,2038
100875,2025-09,0,decile,0.2,324,0.9,2038
101215,2025-09,0,decile,0.2,325,0.9,2038
100446,2025-09,0,decile,0.2,326,0.9,2038
101181,2025-09,0,decile,0.2,327,0.9,2038
100448,2025-09,0,decile,0.2,328,0.9,2038
101571,2025-09,0,decile,0.2,329,0.9,2038
101120,2025-09,1,decile,0.2,330,0.9,2038
101285,2025-09,0,decile,0.2,331,0.9,2038
100935,2025-09,1,decile,0.2,332,0.9,2038
102062,2025-09,1,decile,0.2,333,0.9,2038
100664,2025-09,0,decile,0.2,334,0.9,2038
101573,2025-09,1,decile,0.2,335,0.9,2038
101119,2025-09,0,decile,0.2,336,0.9,2038
100253,2025-09,0,decile,0.2,337,0.9,2038
101226,2025-09,0,decile,0.2,338,0.9,2038
101981,2025-09,0,decile,0.2,339,0.9,2038
100407,2025-09,0,decile,0.2,340,0.9,2038
100337,2025-09,0,decile,0.2,341,0.9,2038
100741,2025-09,1,decile,0.2,342,0.9,2038
101936,2025-09,0,decile,0.2,343,0.9,2038
101986,2025-09,0,decile,0.2,344,0.9,2038
100833,2025-09,0,decile,0.2,345,0.9,2038
101953,2025-09,1,decile,0.2,346,0.9,2038
100898,2025-09,0,decile,0.2,347,0.9,2038
101895,2025-09,0,decile,0.2,348,0.9,2038
101680,2025-09,0,decile,0.2,349,0.9,2038
100288,2025-09,0,decile,0.2,350,0.9,2038
100044,2025-09,0,decile,0.2,351,0.9,2038
100959,2025-09,0,decile,0.2,352,0.9,2038
100727,2025-09,0,decile,0.2,353,0.9,2038
100746,2025-09,0,decile,0.2,354,0.9,2038
102027,2025-09,0,decile,0.2,355,0.9,2038
100870,2025-09,0,decile,0.2,356,0.9,2038
101813,2025-09,0,decile,0.2,357,0.9,2038
101623,2025-09,0,decile,0.2,358,0.9,2038
100952,2025-09,1,decile,0.2,359,0.9,2038
100484,2025-09,0,decile,0.2,360,0.9,2038
100907,2025-09,0,decile,0.2,361,0.9,2038
101806,2025-09,0,decile,0.2,362,0.9,2038
101016,2025-09,0,decile,0.2,363,0.9,2038
101499,2025-09,0,decile,0.2,364,0.9,2038
101493,2025-09,0,decile,0.2,365,0.9,2038
101145,2025-09,0,decile,0.2,366,0.9,2038
101809,2025-09,0,decile,0.2,367,0.9,2038
100139,2025-09,0,decile,0.2,368,0.9,2038
101647,2025-09,0,decile,0.2,369,0.9,2038
101957,2025-09,0,decile,0.2,370,0.9,2038
101377,2025-09,0,decile,0.2,371,0.9,2038
100929,2025-09,0,decile,0.2,372,0.9,2038
101956,2025-09,0,decile,0.2,373,0.9,2038
101882,2025-09,0,decile,0.2,374,0.9,2038
100147,2025-09,0,decile,0.2,375,0.9,2038
100375,2025-09,0,decile,0.2,376,0.9,2038
100345,2025-09,1,decile,0.2,377,0.9,2038
101787,2025-09,0,decile,0.2,378,0.9,2038
100083,2025-09,0,decile,0.2,379,0.9,2038
101628,2025-09,0,decile,0.2,380,0.9,2038
101774,2025-09,0,decile,0.2,381,0.9,2038
100859,2025-09,0,decile,0.2,382,0.9,2038
101030,2025-09,0,decile,0.2,383,0.9,2038
100656,2025-09,0,decile,0.2,384,0.9,2038
100387,2025-09,0,decile,0.2,385,0.9,2038
101702,2025-09,0,decile,0.2,386,0.9,2038
100108,2025-09,0,decile,0.2,387,0.9,2038
101987,2025-09,0,decile,0.2,388,0.9,2038
101507,2025-09,0,decile,0.2,389,0.9,2038
102059,2025-09,1,decile,0.2,390,0.9,2038
100376,2025-09,0,decile,0.2,391,0.9,2038
101624,2025-09,0,decile,0.2,392,0.9,2038
101102,2025-09,0,decile,0.2,393,0.9,2038
101482,2025-09,1,decile,0.2,394,0.9,2038
100732,2025-09,1,decile,0.2,395,0.9,2038
101832,2025-09,0,decile,0.2,396,0.9,2038
101854,2025-09,0,decile,0.2,397,0.9,2038
101312,2025-09,1,decile,0.2,398,0.9,2038
101353,2025-09,1,decile,0.2,399,0.9,2038
102005,2025-09,0,decile,0.2,400,0.9,2038
100320,2025-09,0,decile,0.2,401,0.9,2038
100826,2025-09,0,decile,0.2,402,0.9,2038
101266,2025-09,0,decile,0.2,403,0.9,2038
101393,2025-09,0,decile,0.2,404,0.9,2038
100729,2025-09,0,decile,0.2,405,0.9,2038
100986,2025-09,0,decile,0.2,406,0.9,2038
101610,2025-09,0,decile,0.2,407,0.9,2038
100429,2025-09,0,decile,0.2,408,0.9,2038
100752,2025-09,0,core_logistic,0.05,1,0.4388282576947915,2038
100267,2025-09,0,core_logistic,0.05,2,0.4202040214888445,2038
101839,2025-09,0,core_logistic,0.05,3,0.4049386801374507,2038
100665,2025-09,0,core_logistic,0.05,4,0.398571776420644,2038
101913,2025-09,1,core_logistic,0.05,5,0.3758931169155913,2038
100214,2025-09,0,core_logistic,0.05,6,0.3750828556980754,2038
100592,2025-09,1,core_logistic,0.05,7,0.3627487167627244,2038
100530,2025-09,1,core_logistic,0.05,8,0.359743438882645,2038
101724,2025-09,1,core_logistic,0.05,9,0.3594781959618411,2038
100128,2025-09,1,core_logistic,0.05,10,0.3581629225192939,2038
100066,2025-09,1,core_logistic,0.05,11,0.3513797280736305,2038
100678,2025-09,1,core_logistic,0.05,12,0.3471108920056722,2038
102053,2025-09,0,core_logistic,0.05,13,0.3391435182897427,2038
100123,2025-09,0,core_logistic,0.05,14,0.3345125814750868,2038
100745,2025-09,0,core_logistic,0.05,15,0.3326414423174365,2038
101598,2025-09,0,core_logistic,0.05,16,0.3321302726460252,2038
100564,2025-09,1,core_logistic,0.05,17,0.3317105513039093,2038
100627,2025-09,0,core_logistic,0.05,18,0.3299133111891694,2038
101738,2025-09,0,core_logistic,0.05,19,0.3268773951610604,2038
100320,2025-09,0,core_logistic,0.05,20,0.3245198470767614,2038
100823,2025-09,1,core_logistic,0.05,21,0.3210633788481956,2038
101857,2025-09,1,core_logistic,0.05,22,0.3207350938109189,2038
101746,2025-09,0,core_logistic,0.05,23,0.3170596460460789,2038
101952,2025-09,1,core_logistic,0.05,24,0.3160629008018421,2038
100876,2025-09,1,core_logistic,0.05,25,0.3146310901089511,2038
101001,2025-09,0,core_logistic,0.05,26,0.307102348529156,2038
101264,2025-09,1,core_logistic,0.05,27,0.303925459678817,2038
101120,2025-09,1,core_logistic,0.05,28,0.303925459678817,2038
101471,2025-09,1,core_logistic,0.05,29,0.3032610273800192,2038
100775,2025-09,1,core_logistic,0.05,30,0.3005648743012826,2038
101971,2025-09,0,core_logistic,0.05,31,0.2987155676011664,2038
100203,2025-09,0,core_logistic,0.05,32,0.2981836496536476,2038
101578,2025-09,1,core_logistic,0.05,33,0.295936754477166,2038
100453,2025-09,0,core_logistic,0.05,34,0.2947377680684234,2038
101727,2025-09,0,core_logistic,0.05,35,0.2935901473148908,2038
101607,2025-09,1,core_logistic,0.05,36,0.2931959101665217,2038
100298,2025-09,0,core_logistic,0.05,37,0.2931381145453302,2038
101298,2025-09,1,core_logistic,0.05,38,0.2921197373220647,2038
100727,2025-09,0,core_logistic,0.05,39,0.2916436247239485,2038
101466,2025-09,0,core_logistic,0.05,40,0.2908147641290524,2038
102025,2025-09,0,core_logistic,0.05,41,0.2889180850482562,2038
101045,2025-09,1,core_logistic,0.05,42,0.2883236607184612,2038
100702,2025-09,0,core_logistic,0.05,43,0.2868996157270424,2038
100698,2025-09,0,core_logistic,0.05,44,0.2851468543597169,2038
100017,2025-09,0,core_logistic,0.05,45,0.28438628704739,2038
101140,2025-09,0,core_logistic,0.05,46,0.28438628704739,2038
102027,2025-09,0,core_logistic,0.05,47,0.2842172238643868,2038
101449,2025-09,0,core_logistic,0.05,48,0.2827483554119998,2038
100029,2025-09,1,core_logistic,0.05,49,0.2801229882684127,2038
102079,2025-09,0,core_logistic,0.05,50,0.279464931849218,2038
100193,2025-09,1,core_logistic,0.05,51,0.2788056967829458,2038
100276,2025-09,0,core_logistic,0.05,52,0.2769455154317203,2038
101660,2025-09,0,core_logistic,0.05,53,0.2766439596993001,2038
100488,2025-09,0,core_logistic,0.05,54,0.2762737468180388,2038
101798,2025-09,0,core_logistic,0.05,55,0.2734293050320359,2038
101282,2025-09,0,core_logistic,0.05,56,0.2732705042631011,2038
100233,2025-09,0,core_logistic,0.05,57,0.2727512478351536,2038
101301,2025-09,0,core_logistic,0.05,58,0.27236764217055,2038
101245,2025-09,0,core_logistic,0.05,59,0.2718466612887378,2038
101761,2025-09,0,core_logistic,0.05,60,0.271216734546338,2038
101150,2025-09,1,core_logistic,0.05,61,0.2711632336856863,2038
101406,2025-09,0,core_logistic,0.05,62,0.2705893472305732,2038
101624,2025-09,0,core_logistic,0.05,63,0.2703703625801602,2038
100361,2025-09,0,core_logistic,0.05,64,0.2701349347649974,2038
100508,2025-09,0,core_logistic,0.05,65,0.268096037013627,2038
101704,2025-09,0,core_logistic,0.05,66,0.2669582933134557,2038
101123,2025-09,1,core_logistic,0.05,67,0.2662538049657758,2038
100161,2025-09,1,core_logistic,0.05,68,0.2653492922134006,2038
100883,2025-09,0,core_logistic,0.05,69,0.2651220730117207,2038
102005,2025-09,0,core_logistic,0.05,70,0.2640015779821533,2038
101223,2025-09,0,core_logistic,0.05,71,0.2634935481482253,2038
100484,2025-09,0,core_logistic,0.05,72,0.2632619478047064,2038
101447,2025-09,1,core_logistic,0.05,73,0.2624838594064849,2038
101276,2025-09,1,core_logistic,0.05,74,0.261916129093973,2038
101512,2025-09,0,core_logistic,0.05,75,0.2618236204467007,2038
100945,2025-09,1,core_logistic,0.05,76,0.2606664570370893,2038
100985,2025-09,0,core_logistic,0.05,77,0.2603681590618161,2038
101870,2025-09,0,core_logistic,0.05,78,0.2602146818250214,2038
101505,2025-09,0,core_logistic,0.05,79,0.259375997990165,2038
100187,2025-09,0,core_logistic,0.05,80,0.2579357258817354,2038
101854,2025-09,0,core_logistic,0.05,81,0.2577831827421462,2038
100253,2025-09,0,core_logistic,0.05,82,0.2575736055671086,2038
100732,2025-09,1,core_logistic,0.05,83,0.2566828706475413,2038
101883,2025-09,0,core_logistic,0.05,84,0.2562121680405881,2038
100115,2025-09,0,core_logistic,0.05,85,0.255729787592579,2038
101783,2025-09,1,core_logistic,0.05,86,0.2518038601756019,2038
102081,2025-09,0,core_logistic,0.05,87,0.2514889232817206,2038
101343,2025-09,0,core_logistic,0.05,88,0.2507945241683037,2038
100041,2025-09,0,core_logistic,0.05,89,0.2498989356999642,2038
101175,2025-09,1,core_logistic,0.05,90,0.2498633817126185,2038
101719,2025-09,0,core_logistic,0.05,91,0.2493348684210542,2038
100875,2025-09,0,core_logistic,0.05,92,0.2490008618763286,2038
100448,2025-09,0,core_logistic,0.05,93,0.2477873741395305,2038
100275,2025-09,0,core_logistic,0.05,94,0.2456819896817147,2038
100229,2025-09,0,core_logistic,0.05,95,0.24496622093613,2038
100278,2025-09,1,core_logistic,0.05,96,0.244733712739761,2038
101684,2025-09,0,core_logistic,0.05,97,0.2446059372039875,2038
101935,2025-09,0,core_logistic,0.05,98,0.2445131273046925,2038
101613,2025-09,0,core_logistic,0.05,99,0.2437556685546844,2038
101820,2025-09,0,core_logistic,0.05,100,0.2405580507477181,2038
100573,2025-09,0,core_logistic,0.05,101,0.2399273646868894,2038
101809,2025-09,0,core_logistic,0.05,102,0.2395506939482043,2038
100752,2025-09,0,core_logistic,0.1,1,0.4388282576947915,2038
100267,2025-09,0,core_logistic,0.1,2,0.4202040214888445,2038
101839,2025-09,0,core_logistic,0.1,3,0.4049386801374507,2038
100665,2025-09,0,core_logistic,0.1,4,0.398571776420644,2038
101913,2025-09,1,core_logistic,0.1,5,0.3758931169155913,2038
100214,2025-09,0,core_logistic,0.1,6,0.3750828556980754,2038
100592,2025-09,1,core_logistic,0.1,7,0.3627487167627244,2038
100530,2025-09,1,core_logistic,0.1,8,0.359743438882645,2038
101724,2025-09,1,core_logistic,0.1,9,0.3594781959618411,2038
100128,2025-09,1,core_logistic,0.1,10,0.3581629225192939,2038
100066,2025-09,1,core_logistic,0.1,11,0.3513797280736305,2038
100678,2025-09,1,core_logistic,0.1,12,0.3471108920056722,2038
102053,2025-09,0,core_logistic,0.1,13,0.3391435182897427,2038
100123,2025-09,0,core_logistic,0.1,14,0.3345125814750868,2038
100745,2025-09,0,core_logistic,0.1,15,0.3326414423174365,2038
101598,2025-09,0,core_logistic,0.1,16,0.3321302726460252,2038
100564,2025-09,1,core_logistic,0.1,17,0.3317105513039093,2038
100627,2025-09,0,core_logistic,0.1,18,0.3299133111891694,2038
101738,2025-09,0,core_logistic,0.1,19,0.3268773951610604,2038
100320,2025-09,0,core_logistic,0.1,20,0.3245198470767614,2038
100823,2025-09,1,core_logistic,0.1,21,0.3210633788481956,2038
101857,2025-09,1,core_logistic,0.1,22,0.3207350938109189,2038
101746,2025-09,0,core_logistic,0.1,23,0.3170596460460789,2038
101952,2025-09,1,core_logistic,0.1,24,0.3160629008018421,2038
100876,2025-09,1,core_logistic,0.1,25,0.3146310901089511,2038
101001,2025-09,0,core_logistic,0.1,26,0.307102348529156,2038
101264,2025-09,1,core_logistic,0.1,27,0.303925459678817,2038
101120,2025-09,1,core_logistic,0.1,28,0.303925459678817,2038
101471,2025-09,1,core_logistic,0.1,29,0.3032610273800192,2038
100775,2025-09,1,core_logistic,0.1,30,0.3005648743012826,2038
101971,2025-09,0,core_logistic,0.1,31,0.2987155676011664,2038
100203,2025-09,0,core_logistic,0.1,32,0.2981836496536476,2038
101578,2025-09,1,core_logistic,0.1,33,0.295936754477166,2038
100453,2025-09,0,core_logistic,0.1,34,0.2947377680684234,2038
101727,2025-09,0,core_logistic,0.1,35,0.2935901473148908,2038
101607,2025-09,1,core_logistic,0.1,36,0.2931959101665217,2038
100298,2025-09,0,core_logistic,0.1,37,0.2931381145453302,2038
101298,2025-09,1,core_logistic,0.1,38,0.2921197373220647,2038
100727,2025-09,0,core_logistic,0.1,39,0.2916436247239485,2038
101466,2025-09,0,core_logistic,0.1,40,0.2908147641290524,2038
102025,2025-09,0,core_logistic,0.1,41,0.2889180850482562,2038
101045,2025-09,1,core_logistic,0.1,42,0.2883236607184612,2038
100702,2025-09,0,core_logistic,0.1,43,0.2868996157270424,2038
100698,2025-09,0,core_logistic,0.1,44,0.2851468543597169,2038
100017,2025-09,0,core_logistic,0.1,45,0.28438628704739,2038
101140,2025-09,0,core_logistic,0.1,46,0.28438628704739,2038
102027,2025-09,0,core_logistic,0.1,47,0.2842172238643868,2038
101449,2025-09,0,core_logistic,0.1,48,0.2827483554119998,2038
100029,2025-09,1,core_logistic,0.1,49,0.2801229882684127,2038
102079,2025-09,0,core_logistic,0.1,50,0.279464931849218,2038
100193,2025-09,1,core_logistic,0.1,51,0.2788056967829458,2038
100276,2025-09,0,core_logistic,0.1,52,0.2769455154317203,2038
101660,2025-09,0,core_logistic,0.1,53,0.2766439596993001,2038
100488,2025-09,0,core_logistic,0.1,54,0.2762737468180388,2038
101798,2025-09,0,core_logistic,0.1,55,0.2734293050320359,2038
101282,2025-09,0,core_logistic,0.1,56,0.2732705042631011,2038
100233,2025-09,0,core_logistic,0.1,57,0.2727512478351536,2038
101301,2025-09,0,core_logistic,0.1,58,0.27236764217055,2038
101245,2025-09,0,core_logistic,0.1,59,0.2718466612887378,2038
101761,2025-09,0,core_logistic,0.1,60,0.271216734546338,2038
101150,2025-09,1,core_logistic,0.1,61,0.2711632336856863,2038
101406,2025-09,0,core_logistic,0.1,62,0.2705893472305732,2038
101624,2025-09,0,core_logistic,0.1,63,0.2703703625801602,2038
100361,2025-09,0,core_logistic,0.1,64,0.2701349347649974,2038
100508,2025-09,0,core_logistic,0.1,65,0.268096037013627,2038
101704,2025-09,0,core_logistic,0.1,66,0.2669582933134557,2038
101123,2025-09,1,core_logistic,0.1,67,0.2662538049657758,2038
100161,2025-09,1,core_logistic,0.1,68,0.2653492922134006,2038
100883,2025-09,0,core_logistic,0.1,69,0.2651220730117207,2038
102005,2025-09,0,core_logistic,0.1,70,0.2640015779821533,2038
101223,2025-09,0,core_logistic,0.1,71,0.2634935481482253,2038
100484,2025-09,0,core_logistic,0.1,72,0.2632619478047064,2038
101447,2025-09,1,core_logistic,0.1,73,0.2624838594064849,2038
101276,2025-09,1,core_logistic,0.1,74,0.261916129093973,2038
101512,2025-09,0,core_logistic,0.1,75,0.2618236204467007,2038
100945,2025-09,1,core_logistic,0.1,76,0.2606664570370893,2038
100985,2025-09,0,core_logistic,0.1,77,0.2603681590618161,2038
101870,2025-09,0,core_logistic,0.1,78,0.2602146818250214,2038
101505,2025-09,0,core_logistic,0.1,79,0.259375997990165,2038
100187,2025-09,0,core_logistic,0.1,80,0.2579357258817354,2038
101854,2025-09,0,core_logistic,0.1,81,0.2577831827421462,2038
100253,2025-09,0,core_logistic,0.1,82,0.2575736055671086,2038
100732,2025-09,1,core_logistic,0.1,83,0.2566828706475413,2038
101883,2025-09,0,core_logistic,0.1,84,0.2562121680405881,2038
100115,2025-09,0,core_logistic,0.1,85,0.255729787592579,2038
101783,2025-09,1,core_logistic,0.1,86,0.2518038601756019,2038
102081,2025-09,0,core_logistic,0.1,87,0.2514889232817206,2038
101343,2025-09,0,core_logistic,0.1,88,0.2507945241683037,2038
100041,2025-09,0,core_logistic,0.1,89,0.2498989356999642,2038
101175,2025-09,1,core_logistic,0.1,90,0.2498633817126185,2038
101719,2025-09,0,core_logistic,0.1,91,0.2493348684210542,2038
100875,2025-09,0,core_logistic,0.1,92,0.2490008618763286,2038
100448,2025-09,0,core_logistic,0.1,93,0.2477873741395305,2038
100275,2025-09,0,core_logistic,0.1,94,0.2456819896817147,2038
100229,2025-09,0,core_logistic,0.1,95,0.24496622093613,2038
100278,2025-09,1,core_logistic,0.1,96,0.244733712739761,2038
101684,2025-09,0,core_logistic,0.1,97,0.2446059372039875,2038
101935,2025-09,0,core_logistic,0.1,98,0.2445131273046925,2038
101613,2025-09,0,core_logistic,0.1,99,0.2437556685546844,2038
101820,2025-09,0,core_logistic,0.1,100,0.2405580507477181,2038
100573,2025-09,0,core_logistic,0.1,101,0.2399273646868894,2038
101809,2025-09,0,core_logistic,0.1,102,0.2395506939482043,2038
101322,2025-09,0,core_logistic,0.1,103,0.2390160612171863,2038
101726,2025-09,0,core_logistic,0.1,104,0.2380688947558892,2038
100477,2025-09,0,core_logistic,0.1,105,0.2378600351794635,2038
101437,2025-09,0,core_logistic,0.1,106,0.2374512489629854,2038
101287,2025-09,0,core_logistic,0.1,107,0.2368413440215183,2038
100489,2025-09,0,core_logistic,0.1,108,0.2364252360379699,2038
100083,2025-09,0,core_logistic,0.1,109,0.2359517783530745,2038
100536,2025-09,1,core_logistic,0.1,110,0.235895414930148,2038
102094,2025-09,1,core_logistic,0.1,111,0.235673172978842,2038
100349,2025-09,1,core_logistic,0.1,112,0.2353369813492154,2038
100913,2025-09,0,core_logistic,0.1,113,0.2345429821250785,2038
101104,2025-09,1,core_logistic,0.1,114,0.2338892188612042,2038
101670,2025-09,0,core_logistic,0.1,115,0.2326955135540558,2038
100656,2025-09,0,core_logistic,0.1,116,0.232418222976711,2038
100340,2025-09,1,core_logistic,0.1,117,0.2317540599643245,2038
102045,2025-09,0,core_logistic,0.1,118,0.231455505814331,2038
100526,2025-09,0,core_logistic,0.1,119,0.230032806647509,2038
100795,2025-09,1,core_logistic,0.1,120,0.2292104066439536,2038
100898,2025-09,0,core_logistic,0.1,121,0.2285587384139281,2038
100704,2025-09,0,core_logistic,0.1,122,0.2275782662367828,2038
101890,2025-09,1,core_logistic,0.1,123,0.2271818830453952,2038
100130,2025-09,0,core_logistic,0.1,124,0.2270780356882986,2038
101639,2025-09,0,core_logistic,0.1,125,0.226979729399227,2038
100915,2025-09,0,core_logistic,0.1,126,0.2267435210163741,2038
100383,2025-09,1,core_logistic,0.1,127,0.226667041032266,2038
101623,2025-09,0,core_logistic,0.1,128,0.2253355133779976,2038
101117,2025-09,0,core_logistic,0.1,129,0.2249725054104838,2038
101312,2025-09,1,core_logistic,0.1,130,0.2249336619803695,2038
100039,2025-09,0,core_logistic,0.1,131,0.2239772774273634,2038
100835,2025-09,0,core_logistic,0.1,132,0.2232601044216835,2038
101182,2025-09,0,core_logistic,0.1,133,0.223138907390831,2038
101005,2025-09,0,core_logistic,0.1,134,0.2225645280898111,2038
101202,2025-09,0,core_logistic,0.1,135,0.2219590694935376,2038
100308,2025-09,0,core_logistic,0.1,136,0.2214748874907155,2038
100375,2025-09,0,core_logistic,0.1,137,0.2205852070194069,2038
100328,2025-09,0,core_logistic,0.1,138,0.2202928334588524,2038
100787,2025-09,1,core_logistic,0.1,139,0.2194953285619977,2038
101591,2025-09,1,core_logistic,0.1,140,0.2185733123059209,2038
100608,2025-09,0,core_logistic,0.1,141,0.218014544411826,2038
102046,2025-09,0,core_logistic,0.1,142,0.2170414770193005,2038
100624,2025-09,1,core_logistic,0.1,143,0.2167704425959166,2038
100694,2025-09,0,core_logistic,0.1,144,0.2165749571109813,2038
101436,2025-09,0,core_logistic,0.1,145,0.2160267076130614,2038
101990,2025-09,0,core_logistic,0.1,146,0.2150835087863733,2038
101179,2025-09,0,core_logistic,0.1,147,0.2148491574386476,2038
101353,2025-09,1,core_logistic,0.1,148,0.2125735305568598,2038
101296,2025-09,0,core_logistic,0.1,149,0.211512494411359,2038
101337,2025-09,0,core_logistic,0.1,150,0.211234117117932,2038
101813,2025-09,0,core_logistic,0.1,151,0.2102322384401781,2038
101793,2025-09,0,core_logistic,0.1,152,0.2098546422675666,2038
100925,2025-09,0,core_logistic,0.1,153,0.2093937510988383,2038
100322,2025-09,0,core_logistic,0.1,154,0.2089266075135431,2038
100968,2025-09,0,core_logistic,0.1,155,0.2089266075135431,2038
102037,2025-09,0,core_logistic,0.1,156,0.2072107675185786,2038
100341,2025-09,0,core_logistic,0.1,157,0.2068152660085178,2038
100219,2025-09,0,core_logistic,0.1,158,0.2067570936655528,2038
100977,2025-09,0,core_logistic,0.1,159,0.2063119946242817,2038
101777,2025-09,0,core_logistic,0.1,160,0.2062878102531228,2038
101953,2025-09,1,core_logistic,0.1,161,0.2062352746939603,2038
101246,2025-09,0,core_logistic,0.1,162,0.2055222355214529,2038
100399,2025-09,0,core_logistic,0.1,163,0.2052941297036858,2038
100664,2025-09,0,core_logistic,0.1,164,0.2052366597562396,2038
100818,2025-09,0,core_logistic,0.1,165,0.2051222779032125,2038
100443,2025-09,0,core_logistic,0.1,166,0.2042988989851318,2038
100365,2025-09,1,core_logistic,0.1,167,0.2041181658097511,2038
101982,2025-09,0,core_logistic,0.1,168,0.2040271754904568,2038
100746,2025-09,0,core_logistic,0.1,169,0.2037749747909208,2038
101676,2025-09,0,core_logistic,0.1,170,0.2031995182901496,2038
101334,2025-09,0,core_logistic,0.1,171,0.2030551856519098,2038
100560,2025-09,0,core_logistic,0.1,172,0.2028353998938686,2038
100907,2025-09,0,core_logistic,0.1,173,0.202656013297976,2038
100854,2025-09,1,core_logistic,0.1,174,0.2025280902700078,2038
100726,2025-09,0,core_logistic,0.1,175,0.2023174433044443,2038
102058,2025-09,0,core_logistic,0.1,176,0.2023174433044443,2038
101455,2025-09,0,core_logistic,0.1,177,0.20159956613637,2038
100661,2025-09,0,core_logistic,0.1,178,0.2014066443627859,2038
101464,2025-09,0,core_logistic,0.1,179,0.2010507243098691,2038
101228,2025-09,0,core_logistic,0.1,180,0.1999376692836095,2038
100744,2025-09,1,core_logistic,0.1,181,0.1998353011074986,2038
101767,2025-09,0,core_logistic,0.1,182,0.1995172428278421,2038
101951,2025-09,0,core_logistic,0.1,183,0.1993266564235037,2038
101446,2025-09,1,core_logistic,0.1,184,0.1992963858456654,2038
100952,2025-09,1,core_logistic,0.1,185,0.1985559115900698,2038
101319,2025-09,0,core_logistic,0.1,186,0.1983200785219012,2038
100910,2025-09,0,core_logistic,0.1,187,0.1967294392036873,2038
100681,2025-09,0,core_logistic,0.1,188,0.1961018984600485,2038
100901,2025-09,0,core_logistic,0.1,189,0.1959957955644601,2038
100729,2025-09,0,core_logistic,0.1,190,0.1959203895916481,2038
100149,2025-09,0,core_logistic,0.1,191,0.1958830677614507,2038
100296,2025-09,0,core_logistic,0.1,192,0.1958143609818375,2038
102059,2025-09,1,core_logistic,0.1,193,0.1957390078187266,2038
101829,2025-09,0,core_logistic,0.1,194,0.1953416041140499,2038
100245,2025-09,0,core_logistic,0.1,195,0.1951956249394651,2038
101945,2025-09,0,core_logistic,0.1,196,0.1951890299251742,2038
101987,2025-09,0,core_logistic,0.1,197,0.1943740322988957,2038
102049,2025-09,0,core_logistic,0.1,198,0.194112288921371,2038
101542,2025-09,1,core_logistic,0.1,199,0.1940263280084454,2038
100002,2025-09,0,core_logistic,0.1,200,0.1923168837432639,2038
100411,2025-09,0,core_logistic,0.1,201,0.190798336516984,2038
100650,2025-09,0,core_logistic,0.1,202,0.1907411383274677,2038
101146,2025-09,0,core_logistic,0.1,203,0.1907183406114448,2038
101792,2025-09,0,core_logistic,0.1,204,0.190363053263146,2038
100752,2025-09,0,core_logistic,0.2,1,0.4388282576947915,2038
100267,2025-09,0,core_logistic,0.2,2,0.4202040214888445,2038
101839,2025-09,0,core_logistic,0.2,3,0.4049386801374507,2038
100665,2025-09,0,core_logistic,0.2,4,0.398571776420644,2038
101913,2025-09,1,core_logistic,0.2,5,0.3758931169155913,2038
100214,2025-09,0,core_logistic,0.2,6,0.3750828556980754,2038
100592,2025-09,1,core_logistic,0.2,7,0.3627487167627244,2038
100530,2025-09,1,core_logistic,0.2,8,0.359743438882645,2038
101724,2025-09,1,core_logistic,0.2,9,0.3594781959618411,2038
100128,2025-09,1,core_logistic,0.2,10,0.3581629225192939,2038
100066,2025-09,1,core_logistic,0.2,11,0.3513797280736305,2038
100678,2025-09,1,core_logistic,0.2,12,0.3471108920056722,2038
102053,2025-09,0,core_logistic,0.2,13,0.3391435182897427,2038
100123,2025-09,0,core_logistic,0.2,14,0.3345125814750868,2038
100745,2025-09,0,core_logistic,0.2,15,0.3326414423174365,2038
101598,2025-09,0,core_logistic,0.2,16,0.3321302726460252,2038
100564,2025-09,1,core_logistic,0.2,17,0.3317105513039093,2038
100627,2025-09,0,core_logistic,0.2,18,0.3299133111891694,2038
101738,2025-09,0,core_logistic,0.2,19,0.3268773951610604,2038
100320,2025-09,0,core_logistic,0.2,20,0.3245198470767614,2038
100823,2025-09,1,core_logistic,0.2,21,0.3210633788481956,2038
101857,2025-09,1,core_logistic,0.2,22,0.3207350938109189,2038
101746,2025-09,0,core_logistic,0.2,23,0.3170596460460789,2038
101952,2025-09,1,core_logistic,0.2,24,0.3160629008018421,2038
100876,2025-09,1,core_logistic,0.2,25,0.3146310901089511,2038
101001,2025-09,0,core_logistic,0.2,26,0.307102348529156,2038
101264,2025-09,1,core_logistic,0.2,27,0.303925459678817,2038
101120,2025-09,1,core_logistic,0.2,28,0.303925459678817,2038
101471,2025-09,1,core_logistic,0.2,29,0.3032610273800192,2038
100775,2025-09,1,core_logistic,0.2,30,0.3005648743012826,2038
101971,2025-09,0,core_logistic,0.2,31,0.2987155676011664,2038
100203,2025-09,0,core_logistic,0.2,32,0.2981836496536476,2038
101578,2025-09,1,core_logistic,0.2,33,0.295936754477166,2038
100453,2025-09,0,core_logistic,0.2,34,0.2947377680684234,2038
101727,2025-09,0,core_logistic,0.2,35,0.2935901473148908,2038
101607,2025-09,1,core_logistic,0.2,36,0.2931959101665217,2038
100298,2025-09,0,core_logistic,0.2,37,0.2931381145453302,2038
101298,2025-09,1,core_logistic,0.2,38,0.2921197373220647,2038
100727,2025-09,0,core_logistic,0.2,39,0.2916436247239485,2038
101466,2025-09,0,core_logistic,0.2,40,0.2908147641290524,2038
102025,2025-09,0,core_logistic,0.2,41,0.2889180850482562,2038
101045,2025-09,1,core_logistic,0.2,42,0.2883236607184612,2038
100702,2025-09,0,core_logistic,0.2,43,0.2868996157270424,2038
100698,2025-09,0,core_logistic,0.2,44,0.2851468543597169,2038
100017,2025-09,0,core_logistic,0.2,45,0.28438628704739,2038
101140,2025-09,0,core_logistic,0.2,46,0.28438628704739,2038
102027,2025-09,0,core_logistic,0.2,47,0.2842172238643868,2038
101449,2025-09,0,core_logistic,0.2,48,0.2827483554119998,2038
100029,2025-09,1,core_logistic,0.2,49,0.2801229882684127,2038
102079,2025-09,0,core_logistic,0.2,50,0.279464931849218,2038
100193,2025-09,1,core_logistic,0.2,51,0.2788056967829458,2038
100276,2025-09,0,core_logistic,0.2,52,0.2769455154317203,2038
101660,2025-09,0,core_logistic,0.2,53,0.2766439596993001,2038
100488,2025-09,0,core_logistic,0.2,54,0.2762737468180388,2038
101798,2025-09,0,core_logistic,0.2,55,0.2734293050320359,2038
101282,2025-09,0,core_logistic,0.2,56,0.2732705042631011,2038
100233,2025-09,0,core_logistic,0.2,57,0.2727512478351536,2038
101301,2025-09,0,core_logistic,0.2,58,0.27236764217055,2038
101245,2025-09,0,core_logistic,0.2,59,0.2718466612887378,2038
101761,2025-09,0,core_logistic,0.2,60,0.271216734546338,2038
101150,2025-09,1,core_logistic,0.2,61,0.2711632336856863,2038
101406,2025-09,0,core_logistic,0.2,62,0.2705893472305732,2038
101624,2025-09,0,core_logistic,0.2,63,0.2703703625801602,2038
100361,2025-09,0,core_logistic,0.2,64,0.2701349347649974,2038
100508,2025-09,0,core_logistic,0.2,65,0.268096037013627,2038
101704,2025-09,0,core_logistic,0.2,66,0.2669582933134557,2038
101123,2025-09,1,core_logistic,0.2,67,0.2662538049657758,2038
100161,2025-09,1,core_logistic,0.2,68,0.2653492922134006,2038
100883,2025-09,0,core_logistic,0.2,69,0.2651220730117207,2038
102005,2025-09,0,core_logistic,0.2,70,0.2640015779821533,2038
101223,2025-09,0,core_logistic,0.2,71,0.2634935481482253,2038
100484,2025-09,0,core_logistic,0.2,72,0.2632619478047064,2038
101447,2025-09,1,core_logistic,0.2,73,0.2624838594064849,2038
101276,2025-09,1,core_logistic,0.2,74,0.261916129093973,2038
101512,2025-09,0,core_logistic,0.2,75,0.2618236204467007,2038
100945,2025-09,1,core_logistic,0.2,76,0.2606664570370893,2038
100985,2025-09,0,core_logistic,0.2,77,0.2603681590618161,2038
101870,2025-09,0,core_logistic,0.2,78,0.2602146818250214,2038
101505,2025-09,0,core_logistic,0.2,79,0.259375997990165,2038
100187,2025-09,0,core_logistic,0.2,80,0.2579357258817354,2038
101854,2025-09,0,core_logistic,0.2,81,0.2577831827421462,2038
100253,2025-09,0,core_logistic,0.2,82,0.2575736055671086,2038
100732,2025-09,1,core_logistic,0.2,83,0.2566828706475413,2038
101883,2025-09,0,core_logistic,0.2,84,0.2562121680405881,2038
100115,2025-09,0,core_logistic,0.2,85,0.255729787592579,2038
101783,2025-09,1,core_logistic,0.2,86,0.2518038601756019,2038
102081,2025-09,0,core_logistic,0.2,87,0.2514889232817206,2038
101343,2025-09,0,core_logistic,0.2,88,0.2507945241683037,2038
100041,2025-09,0,core_logistic,0.2,89,0.2498989356999642,2038
101175,2025-09,1,core_logistic,0.2,90,0.2498633817126185,2038
101719,2025-09,0,core_logistic,0.2,91,0.2493348684210542,2038
100875,2025-09,0,core_logistic,0.2,92,0.2490008618763286,2038
100448,2025-09,0,core_logistic,0.2,93,0.2477873741395305,2038
100275,2025-09,0,core_logistic,0.2,94,0.2456819896817147,2038
100229,2025-09,0,core_logistic,0.2,95,0.24496622093613,2038
100278,2025-09,1,core_logistic,0.2,96,0.244733712739761,2038
101684,2025-09,0,core_logistic,0.2,97,0.2446059372039875,2038
101935,2025-09,0,core_logistic,0.2,98,0.2445131273046925,2038
101613,2025-09,0,core_logistic,0.2,99,0.2437556685546844,2038
101820,2025-09,0,core_logistic,0.2,100,0.2405580507477181,2038
100573,2025-09,0,core_logistic,0.2,101,0.2399273646868894,2038
101809,2025-09,0,core_logistic,0.2,102,0.2395506939482043,2038
101322,2025-09,0,core_logistic,0.2,103,0.2390160612171863,2038
101726,2025-09,0,core_logistic,0.2,104,0.2380688947558892,2038
100477,2025-09,0,core_logistic,0.2,105,0.2378600351794635,2038
101437,2025-09,0,core_logistic,0.2,106,0.2374512489629854,2038
101287,2025-09,0,core_logistic,0.2,107,0.2368413440215183,2038
100489,2025-09,0,core_logistic,0.2,108,0.2364252360379699,2038
100083,2025-09,0,core_logistic,0.2,109,0.2359517783530745,2038
100536,2025-09,1,core_logistic,0.2,110,0.235895414930148,2038
102094,2025-09,1,core_logistic,0.2,111,0.235673172978842,2038
100349,2025-09,1,core_logistic,0.2,112,0.2353369813492154,2038
100913,2025-09,0,core_logistic,0.2,113,0.2345429821250785,2038
101104,2025-09,1,core_logistic,0.2,114,0.2338892188612042,2038
101670,2025-09,0,core_logistic,0.2,115,0.2326955135540558,2038
100656,2025-09,0,core_logistic,0.2,116,0.232418222976711,2038
100340,2025-09,1,core_logistic,0.2,117,0.2317540599643245,2038
102045,2025-09,0,core_logistic,0.2,118,0.231455505814331,2038
100526,2025-09,0,core_logistic,0.2,119,0.230032806647509,2038
100795,2025-09,1,core_logistic,0.2,120,0.2292104066439536,2038
100898,2025-09,0,core_logistic,0.2,121,0.2285587384139281,2038
100704,2025-09,0,core_logistic,0.2,122,0.2275782662367828,2038
101890,2025-09,1,core_logistic,0.2,123,0.2271818830453952,2038
100130,2025-09,0,core_logistic,0.2,124,0.2270780356882986,2038
101639,2025-09,0,core_logistic,0.2,125,0.226979729399227,2038
100915,2025-09,0,core_logistic,0.2,126,0.2267435210163741,2038
100383,2025-09,1,core_logistic,0.2,127,0.226667041032266,2038
101623,2025-09,0,core_logistic,0.2,128,0.2253355133779976,2038
101117,2025-09,0,core_logistic,0.2,129,0.2249725054104838,2038
101312,2025-09,1,core_logistic,0.2,130,0.2249336619803695,2038
100039,2025-09,0,core_logistic,0.2,131,0.2239772774273634,2038
100835,2025-09,0,core_logistic,0.2,132,0.2232601044216835,2038
101182,2025-09,0,core_logistic,0.2,133,0.223138907390831,2038
101005,2025-09,0,core_logistic,0.2,134,0.2225645280898111,2038
101202,2025-09,0,core_logistic,0.2,135,0.2219590694935376,2038
100308,2025-09,0,core_logistic,0.2,136,0.2214748874907155,2038
100375,2025-09,0,core_logistic,0.2,137,0.2205852070194069,2038
100328,2025-09,0,core_logistic,0.2,138,0.2202928334588524,2038
100787,2025-09,1,core_logistic,0.2,139,0.2194953285619977,2038
101591,2025-09,1,core_logistic,0.2,140,0.2185733123059209,2038
100608,2025-09,0,core_logistic,0.2,141,0.218014544411826,2038
102046,2025-09,0,core_logistic,0.2,142,0.2170414770193005,2038
100624,2025-09,1,core_logistic,0.2,143,0.2167704425959166,2038
100694,2025-09,0,core_logistic,0.2,144,0.2165749571109813,2038
101436,2025-09,0,core_logistic,0.2,145,0.2160267076130614,2038
101990,2025-09,0,core_logistic,0.2,146,0.2150835087863733,2038
101179,2025-09,0,core_logistic,0.2,147,0.2148491574386476,2038
101353,2025-09,1,core_logistic,0.2,148,0.2125735305568598,2038
101296,2025-09,0,core_logistic,0.2,149,0.211512494411359,2038
101337,2025-09,0,core_logistic,0.2,150,0.211234117117932,2038
101813,2025-09,0,core_logistic,0.2,151,0.2102322384401781,2038
101793,2025-09,0,core_logistic,0.2,152,0.2098546422675666,2038
100925,2025-09,0,core_logistic,0.2,153,0.2093937510988383,2038
100322,2025-09,0,core_logistic,0.2,154,0.2089266075135431,2038
100968,2025-09,0,core_logistic,0.2,155,0.2089266075135431,2038
102037,2025-09,0,core_logistic,0.2,156,0.2072107675185786,2038
100341,2025-09,0,core_logistic,0.2,157,0.2068152660085178,2038
100219,2025-09,0,core_logistic,0.2,158,0.2067570936655528,2038
100977,2025-09,0,core_logistic,0.2,159,0.2063119946242817,2038
101777,2025-09,0,core_logistic,0.2,160,0.2062878102531228,2038
101953,2025-09,1,core_logistic,0.2,161,0.2062352746939603,2038
101246,2025-09,0,core_logistic,0.2,162,0.2055222355214529,2038
100399,2025-09,0,core_logistic,0.2,163,0.2052941297036858,2038
100664,2025-09,0,core_logistic,0.2,164,0.2052366597562396,2038
100818,2025-09,0,core_logistic,0.2,165,0.2051222779032125,2038
100443,2025-09,0,core_logistic,0.2,166,0.2042988989851318,2038
100365,2025-09,1,core_logistic,0.2,167,0.2041181658097511,2038
101982,2025-09,0,core_logistic,0.2,168,0.2040271754904568,2038
100746,2025-09,0,core_logistic,0.2,169,0.2037749747909208,2038
101676,2025-09,0,core_logistic,0.2,170,0.2031995182901496,2038
101334,2025-09,0,core_logistic,0.2,171,0.2030551856519098,2038
100560,2025-09,0,core_logistic,0.2,172,0.2028353998938686,2038
100907,2025-09,0,core_logistic,0.2,173,0.202656013297976,2038
100854,2025-09,1,core_logistic,0.2,174,0.2025280902700078,2038
100726,2025-09,0,core_logistic,0.2,175,0.2023174433044443,2038
102058,2025-09,0,core_logistic,0.2,176,0.2023174433044443,2038
101455,2025-09,0,core_logistic,0.2,177,0.20159956613637,2038
100661,2025-09,0,core_logistic,0.2,178,0.2014066443627859,2038
101464,2025-09,0,core_logistic,0.2,179,0.2010507243098691,2038
101228,2025-09,0,core_logistic,0.2,180,0.1999376692836095,2038
100744,2025-09,1,core_logistic,0.2,181,0.1998353011074986,2038
101767,2025-09,0,core_logistic,0.2,182,0.1995172428278421,2038
101951,2025-09,0,core_logistic,0.2,183,0.1993266564235037,2038
101446,2025-09,1,core_logistic,0.2,184,0.1992963858456654,2038
100952,2025-09,1,core_logistic,0.2,185,0.1985559115900698,2038
101319,2025-09,0,core_logistic,0.2,186,0.1983200785219012,2038
100910,2025-09,0,core_logistic,0.2,187,0.1967294392036873,2038
100681,2025-09,0,core_logistic,0.2,188,0.1961018984600485,2038
100901,2025-09,0,core_logistic,0.2,189,0.1959957955644601,2038
100729,2025-09,0,core_logistic,0.2,190,0.1959203895916481,2038
100149,2025-09,0,core_logistic,0.2,191,0.1958830677614507,2038
100296,2025-09,0,core_logistic,0.2,192,0.1958143609818375,2038
102059,2025-09,1,core_logistic,0.2,193,0.1957390078187266,2038
101829,2025-09,0,core_logistic,0.2,194,0.1953416041140499,2038
100245,2025-09,0,core_logistic,0.2,195,0.1951956249394651,2038
101945,2025-09,0,core_logistic,0.2,196,0.1951890299251742,2038
101987,2025-09,0,core_logistic,0.2,197,0.1943740322988957,2038
102049,2025-09,0,core_logistic,0.2,198,0.194112288921371,2038
101542,2025-09,1,core_logistic,0.2,199,0.1940263280084454,2038
100002,2025-09,0,core_logistic,0.2,200,0.1923168837432639,2038
100411,2025-09,0,core_logistic,0.2,201,0.190798336516984,2038
100650,2025-09,0,core_logistic,0.2,202,0.1907411383274677,2038
101146,2025-09,0,core_logistic,0.2,203,0.1907183406114448,2038
101792,2025-09,0,core_logistic,0.2,204,0.190363053263146,2038
100422,2025-09,0,core_logistic,0.2,205,0.190075477759972,2038
101489,2025-09,0,core_logistic,0.2,206,0.1896936691986997,2038
101084,2025-09,0,core_logistic,0.2,207,0.1896424576420932,2038
100104,2025-09,0,core_logistic,0.2,208,0.1895441118212372,2038
101714,2025-09,0,core_logistic,0.2,209,0.1881515787921704,2038
102096,2025-09,1,core_logistic,0.2,210,0.1880885784470141,2038
101044,2025-09,0,core_logistic,0.2,211,0.1871143281085813,2038
101916,2025-09,0,core_logistic,0.2,212,0.1858126956990117,2038
101280,2025-09,1,core_logistic,0.2,213,0.1852568906048943,2038
101152,2025-09,0,core_logistic,0.2,214,0.1850587005707359,2038
102015,2025-09,0,core_logistic,0.2,215,0.1848913891827245,2038
100828,2025-09,0,core_logistic,0.2,216,0.1847052280092042,2038
100636,2025-09,1,core_logistic,0.2,217,0.1844662076792656,2038
101673,2025-09,0,core_logistic,0.2,218,0.1841854608107286,2038
100803,2025-09,1,core_logistic,0.2,219,0.1833522164833922,2038
101094,2025-09,0,core_logistic,0.2,220,0.1832970023925677,2038
101309,2025-09,1,core_logistic,0.2,221,0.1830840679355595,2038
101415,2025-09,0,core_logistic,0.2,222,0.182918141098583,2038
100644,2025-09,0,core_logistic,0.2,223,0.1822243184802137,2038
100177,2025-09,0,core_logistic,0.2,224,0.1819814897884982,2038
100662,2025-09,0,core_logistic,0.2,225,0.1816318023699213,2038
100708,2025-09,0,core_logistic,0.2,226,0.1808552513112671,2038
100239,2025-09,0,core_logistic,0.2,227,0.1803501274322961,2038
100292,2025-09,0,core_logistic,0.2,228,0.1801030468303222,2038
101948,2025-09,0,core_logistic,0.2,229,0.1798519486857066,2038
101692,2025-09,1,core_logistic,0.2,230,0.1797499858889887,2038
101119,2025-09,0,core_logistic,0.2,231,0.1796700912208838,2038
101474,2025-09,0,core_logistic,0.2,232,0.1789086313390336,2038
102089,2025-09,0,core_logistic,0.2,233,0.1786476341095261,2038
100486,2025-09,0,core_logistic,0.2,234,0.1784146855538271,2038
101078,2025-09,0,core_logistic,0.2,235,0.1784085318258606,2038
101628,2025-09,0,core_logistic,0.2,236,0.1782328485759577,2038
101011,2025-09,0,core_logistic,0.2,237,0.1781212029421357,2038
100794,2025-09,0,core_logistic,0.2,238,0.1778499842023437,2038
101379,2025-09,0,core_logistic,0.2,239,0.1770571014446864,2038
101713,2025-09,0,core_logistic,0.2,240,0.176069395809807,2038
100581,2025-09,0,core_logistic,0.2,241,0.1750227812129079,2038
101075,2025-09,0,core_logistic,0.2,242,0.1744793875160297,2038
100948,2025-09,1,core_logistic,0.2,243,0.1743987142239267,2038
100777,2025-09,1,core_logistic,0.2,244,0.1739977884200307,2038
101102,2025-09,0,core_logistic,0.2,245,0.1738889455252064,2038
100372,2025-09,0,core_logistic,0.2,246,0.1735391290094615,2038
101016,2025-09,0,core_logistic,0.2,247,0.1734745417662075,2038
101285,2025-09,0,core_logistic,0.2,248,0.172905213687659,2038
100167,2025-09,0,core_logistic,0.2,249,0.1723215852040453,2038
101907,2025-09,0,core_logistic,0.2,250,0.1719932854899517,2038
102099,2025-09,1,core_logistic,0.2,251,0.1719251393853882,2038
101636,2025-09,0,core_logistic,0.2,252,0.1716980898088073,2038
100610,2025-09,0,core_logistic,0.2,253,0.1713068716288817,2038
100058,2025-09,1,core_logistic,0.2,254,0.169776451862974,2038
100695,2025-09,0,core_logistic,0.2,255,0.1689050198704319,2038
100880,2025-09,0,core_logistic,0.2,256,0.1688585758141106,2038
101516,2025-09,0,core_logistic,0.2,257,0.1684412172527843,2038
101779,2025-09,0,core_logistic,0.2,258,0.1681864395757818,2038
100929,2025-09,0,core_logistic,0.2,259,0.1681805664160354,2038
101259,2025-09,0,core_logistic,0.2,260,0.1677968926065418,2038
102062,2025-09,1,core_logistic,0.2,261,0.1676977354377063,2038
101981,2025-09,0,core_logistic,0.2,262,0.1675304486985304,2038
100487,2025-09,0,core_logistic,0.2,263,0.167051076345382,2038
100112,2025-09,0,core_logistic,0.2,264,0.167028558865377,2038
101431,2025-09,0,core_logistic,0.2,265,0.1667288310473919,2038
100170,2025-09,0,core_logistic,0.2,266,0.1665708386902012,2038
101196,2025-09,0,core_logistic,0.2,267,0.1664272459748712,2038
102029,2025-09,0,core_logistic,0.2,268,0.1655495817693033,2038
101878,2025-09,1,core_logistic,0.2,269,0.1653263474130303,2038
101487,2025-09,0,core_logistic,0.2,270,0.165305966827776,2038
101067,2025-09,0,core_logistic,0.2,271,0.1650087178062581,2038
100882,2025-09,0,core_logistic,0.2,272,0.1647632047240669,2038
101412,2025-09,0,core_logistic,0.2,273,0.1647632047240669,2038
101237,2025-09,0,core_logistic,0.2,274,0.1646102113390214,2038
101869,2025-09,0,core_logistic,0.2,275,0.1645006257887951,2038
100700,2025-09,0,core_logistic,0.2,276,0.1640060245075321,2038
100905,2025-09,1,core_logistic,0.2,277,0.1639574043935872,2038
101393,2025-09,0,core_logistic,0.2,278,0.1639066228319326,2038
102040,2025-09,0,core_logistic,0.2,279,0.1631526583218045,2038
101092,2025-09,0,core_logistic,0.2,280,0.1630065963023487,2038
100936,2025-09,0,core_logistic,0.2,281,0.1625561439512941,2038
100572,2025-09,0,core_logistic,0.2,282,0.1623793221018542,2038
101957,2025-09,0,core_logistic,0.2,283,0.1622170221585548,2038
101992,2025-09,0,core_logistic,0.2,284,0.1620830384899034,2038
101752,2025-09,0,core_logistic,0.2,285,0.1618593135937357,2038
100616,2025-09,1,core_logistic,0.2,286,0.1606521536299009,2038
100286,2025-09,0,core_logistic,0.2,287,0.1605135577426815,2038
100935,2025-09,1,core_logistic,0.2,288,0.1604785130151783,2038
101077,2025-09,0,core_logistic,0.2,289,0.1604728570932277,2038
100892,2025-09,0,core_logistic,0.2,290,0.1604579826022827,2038
100067,2025-09,1,core_logistic,0.2,291,0.1600905408185435,2038
101594,2025-09,0,core_logistic,0.2,292,0.1597281201761898,2038
100975,2025-09,0,core_logistic,0.2,293,0.1597281201761898,2038
101769,2025-09,0,core_logistic,0.2,294,0.1595037939436406,2038
102090,2025-09,1,core_logistic,0.2,295,0.1591287006932121,2038
100651,2025-09,0,core_logistic,0.2,296,0.1589929783353233,2038
100768,2025-09,0,core_logistic,0.2,297,0.1588808106617606,2038
100629,2025-09,0,core_logistic,0.2,298,0.1588136887946716,2038
101226,2025-09,0,core_logistic,0.2,299,0.158726950769191,2038
101157,2025-09,0,core_logistic,0.2,300,0.1587128344913745,2038
100877,2025-09,0,core_logistic,0.2,301,0.1586743093906386,2038
100788,2025-09,0,core_logistic,0.2,302,0.1574826986686725,2038
101887,2025-09,0,core_logistic,0.2,303,0.1568779375868307,2038
101089,2025-09,0,core_logistic,0.2,304,0.1567237875566738,2038
100385,2025-09,0,core_logistic,0.2,305,0.1565605400341048,2038
100386,2025-09,0,core_logistic,0.2,306,0.1562989098723586,2038
100789,2025-09,0,core_logistic,0.2,307,0.155991023400187,2038
101702,2025-09,0,core_logistic,0.2,308,0.1558632310498668,2038
101173,2025-09,0,core_logistic,0.2,309,0.1556159790418965,2038
101629,2025-09,0,core_logistic,0.2,310,0.1550704910327584,2038
101137,2025-09,0,core_logistic,0.2,311,0.154919641429748,2038
101903,2025-09,0,core_logistic,0.2,312,0.1546925366874431,2038
101917,2025-09,0,core_logistic,0.2,313,0.1543302440765671,2038
101601,2025-09,0,core_logistic,0.2,314,0.1542659940880322,2038
101615,2025-09,0,core_logistic,0.2,315,0.1541788261658746,2038
100166,2025-09,0,core_logistic,0.2,316,0.1541449105387365,2038
100106,2025-09,0,core_logistic,0.2,317,0.1540243715742263,2038
101135,2025-09,0,core_logistic,0.2,318,0.1534293201514712,2038
100950,2025-09,0,core_logistic,0.2,319,0.1531978748170733,2038
101853,2025-09,0,core_logistic,0.2,320,0.1529521835523475,2038
100928,2025-09,0,core_logistic,0.2,321,0.1527852710689114,2038
101154,2025-09,0,core_logistic,0.2,322,0.1524041051428684,2038
100855,2025-09,0,core_logistic,0.2,323,0.1523544267685641,2038
100973,2025-09,1,core_logistic,0.2,324,0.1522417370603395,2038
101866,2025-09,0,core_logistic,0.2,325,0.1522075675224876,2038
101215,2025-09,0,core_logistic,0.2,326,0.1519779325276636,2038
100523,2025-09,0,core_logistic,0.2,327,0.1516194183396491,2038
101826,2025-09,0,core_logistic,0.2,328,0.1512949572688643,2038
100509,2025-09,0,core_logistic,0.2,329,0.151162904017669,2038
100585,2025-09,0,core_logistic,0.2,330,0.1508413594111407,2038
100524,2025-09,0,core_logistic,0.2,331,0.1497874056694643,2038
101876,2025-09,1,core_logistic,0.2,332,0.1496511691534146,2038
101776,2025-09,0,core_logistic,0.2,333,0.1484442031208969,2038
100215,2025-09,0,core_logistic,0.2,334,0.1478627699262282,2038
101772,2025-09,0,core_logistic,0.2,335,0.1475588709002521,2038
100735,2025-09,0,core_logistic,0.2,336,0.1474060432177683,2038
100256,2025-09,0,core_logistic,0.2,337,0.147190104520886,2038
100884,2025-09,0,core_logistic,0.2,338,0.1461572715907587,2038
101107,2025-09,0,core_logistic,0.2,339,0.1460237697293726,2038
101895,2025-09,0,core_logistic,0.2,340,0.1450111289801348,2038
101681,2025-09,0,core_logistic,0.2,341,0.1444460498504914,2038
101160,2025-09,0,core_logistic,0.2,342,0.1443724525251754,2038
101257,2025-09,1,core_logistic,0.2,343,0.1442206219300341,2038
101886,2025-09,0,core_logistic,0.2,344,0.1441292284964805,2038
100520,2025-09,0,core_logistic,0.2,345,0.1436717592785416,2038
100388,2025-09,0,core_logistic,0.2,346,0.1435130494171974,2038
100991,2025-09,0,core_logistic,0.2,347,0.1434758473454563,2038
101232,2025-09,0,core_logistic,0.2,348,0.1434118858433239,2038
100259,2025-09,1,core_logistic,0.2,349,0.1433937426528251,2038
100433,2025-09,0,core_logistic,0.2,350,0.1433896757830097,2038
101576,2025-09,1,core_logistic,0.2,351,0.1425418538106709,2038
102080,2025-09,0,core_logistic,0.2,352,0.1420431133199834,2038
100283,2025-09,0,core_logistic,0.2,353,0.1420027934879344,2038
100714,2025-09,0,core_logistic,0.2,354,0.1419796846557149,2038
100441,2025-09,0,core_logistic,0.2,355,0.141979043345045,2038
101453,2025-09,0,core_logistic,0.2,356,0.1419610513833033,2038
100206,2025-09,1,core_logistic,0.2,357,0.141839431783454,2038
101872,2025-09,0,core_logistic,0.2,358,0.1418054860513183,2038
101626,2025-09,0,core_logistic,0.2,359,0.1417789442044063,2038
101996,2025-09,0,core_logistic,0.2,360,0.1416773058768241,2038
101927,2025-09,0,core_logistic,0.2,361,0.1416504222862256,2038
101506,2025-09,1,core_logistic,0.2,362,0.1414825865860889,2038
100819,2025-09,1,core_logistic,0.2,363,0.1413974145464044,2038
101435,2025-09,0,core_logistic,0.2,364,0.1413526477604874,2038
101417,2025-09,0,core_logistic,0.2,365,0.1412081076368888,2038
100005,2025-09,0,core_logistic,0.2,366,0.1411399014142151,2038
101221,2025-09,0,core_logistic,0.2,367,0.1407896057748113,2038
101656,2025-09,0,core_logistic,0.2,368,0.1407394292111575,2038
100631,2025-09,0,core_logistic,0.2,369,0.1406929219690805,2038
101932,2025-09,0,core_logistic,0.2,370,0.1403093369752258,2038
101167,2025-09,1,core_logistic,0.2,371,0.1402510258552715,2038
100470,2025-09,0,core_logistic,0.2,372,0.1401704645777509,2038
101922,2025-09,0,core_logistic,0.2,373,0.1399953339950664,2038
100337,2025-09,0,core_logistic,0.2,374,0.1399456072168149,2038
100555,2025-09,0,core_logistic,0.2,375,0.139864559517566,2038
100056,2025-09,0,core_logistic,0.2,376,0.1394637765213237,2038
101860,2025-09,0,core_logistic,0.2,377,0.139268714951311,2038
100189,2025-09,0,core_logistic,0.2,378,0.1389830460805786,2038
101418,2025-09,0,core_logistic,0.2,379,0.1388550315684417,2038
100620,2025-09,0,core_logistic,0.2,380,0.138645437341715,2038
101805,2025-09,0,core_logistic,0.2,381,0.1385305814705984,2038
100848,2025-09,0,core_logistic,0.2,382,0.1383755753637384,2038
102013,2025-09,0,core_logistic,0.2,383,0.1383000543322418,2038
101697,2025-09,0,core_logistic,0.2,384,0.1382953327617146,2038
101229,2025-09,0,core_logistic,0.2,385,0.1381628510305485,2038
101421,2025-09,0,core_logistic,0.2,386,0.1381187388059941,2038
100518,2025-09,0,core_logistic,0.2,387,0.1376903872326044,2038
101741,2025-09,0,core_logistic,0.2,388,0.1373420299614979,2038
100224,2025-09,1,core_logistic,0.2,389,0.1367533512410889,2038
101266,2025-09,0,core_logistic,0.2,390,0.1366174391007748,2038
101906,2025-09,0,core_logistic,0.2,391,0.1365430039996131,2038
100817,2025-09,0,core_logistic,0.2,392,0.1363540143523589,2038
101523,2025-09,0,core_logistic,0.2,393,0.1360575647969588,2038
100213,2025-09,0,core_logistic,0.2,394,0.1357176127361925,2038
100946,2025-09,1,core_logistic,0.2,395,0.1354842557330265,2038
101756,2025-09,0,core_logistic,0.2,396,0.1354331659822598,2038
100427,2025-09,0,core_logistic,0.2,397,0.1350558721634134,2038
100090,2025-09,0,core_logistic,0.2,398,0.1347746793791484,2038
100447,2025-09,0,core_logistic,0.2,399,0.1346453184972696,2038
101247,2025-09,0,core_logistic,0.2,400,0.1346404270245632,2038
101367,2025-09,0,core_logistic,0.2,401,0.1343194070879746,2038
102078,2025-09,0,core_logistic,0.2,402,0.1342461006959704,2038
101349,2025-09,0,core_logistic,0.2,403,0.1341683791271383,2038
101125,2025-09,0,core_logistic,0.2,404,0.133505652220656,2038
100609,2025-09,0,core_logistic,0.2,405,0.1332516079139519,2038
100623,2025-09,0,core_logistic,0.2,406,0.1331881443534031,2038
100073,2025-09,0,core_logistic,0.2,407,0.13278033949838,2038
101219,2025-09,0,core_logistic,0.2,408,0.1324385087040387,2038
100665,2025-09,0,extended_logistic,0.05,1,0.4786157974838146,2038
100752,2025-09,0,extended_logistic,0.05,2,0.4606074154167558,2038
100066,2025-09,1,extended_logistic,0.05,3,0.4343169767415049,2038
101798,2025-09,0,extended_logistic,0.05,4,0.401175859898455,2038
101724,2025-09,1,extended_logistic,0.05,5,0.3910106626299153,2038
100267,2025-09,0,extended_logistic,0.05,6,0.3842091275033329,2038
100564,2025-09,1,extended_logistic,0.05,7,0.3829227534199837,2038
101746,2025-09,0,extended_logistic,0.05,8,0.3758902169550857,2038
101857,2025-09,1,extended_logistic,0.05,9,0.3718274340651517,2038
100361,2025-09,0,extended_logistic,0.05,10,0.3648842307700006,2038
100488,2025-09,0,extended_logistic,0.05,11,0.3634647422316762,2038
100530,2025-09,1,extended_logistic,0.05,12,0.3568093111145046,2038
100161,2025-09,1,extended_logistic,0.05,13,0.3517977889335567,2038
100823,2025-09,1,extended_logistic,0.05,14,0.3508340732320678,2038
101738,2025-09,0,extended_logistic,0.05,15,0.3457991592644834,2038
100592,2025-09,1,extended_logistic,0.05,16,0.3448049452914072,2038
100732,2025-09,1,extended_logistic,0.05,17,0.3427085161434344,2038
100298,2025-09,0,extended_logistic,0.05,18,0.3421602850551967,2038
100128,2025-09,1,extended_logistic,0.05,19,0.3401254162865247,2038
101952,2025-09,1,extended_logistic,0.05,20,0.3387164107596525,2038
100276,2025-09,0,extended_logistic,0.05,21,0.3361959712156911,2038
100383,2025-09,1,extended_logistic,0.05,22,0.33520258023078,2038
100727,2025-09,0,extended_logistic,0.05,23,0.3348625096171633,2038
101120,2025-09,1,extended_logistic,0.05,24,0.3320277648610914,2038
100876,2025-09,1,extended_logistic,0.05,25,0.3297338722281919,2038
100214,2025-09,0,extended_logistic,0.05,26,0.3295070823588526,2038
102053,2025-09,0,extended_logistic,0.05,27,0.3291996712511542,2038
101607,2025-09,1,extended_logistic,0.05,28,0.3271544780974822,2038
100233,2025-09,0,extended_logistic,0.05,29,0.3254886537739197,2038
100453,2025-09,0,extended_logistic,0.05,30,0.3247219408646823,2038
100835,2025-09,0,extended_logistic,0.05,31,0.323886758287583,2038
101264,2025-09,1,extended_logistic,0.05,32,0.3230019248487885,2038
101971,2025-09,0,extended_logistic,0.05,33,0.3223836077237584,2038
101839,2025-09,0,extended_logistic,0.05,34,0.3209250871613613,2038
100017,2025-09,0,extended_logistic,0.05,35,0.3163071029991468,2038
100698,2025-09,0,extended_logistic,0.05,36,0.3148966661260921,2038
102005,2025-09,0,extended_logistic,0.05,37,0.3143058979936683,2038
101783,2025-09,1,extended_logistic,0.05,38,0.3136352345083273,2038
101670,2025-09,0,extended_logistic,0.05,39,0.3071897448376716,2038
100193,2025-09,1,extended_logistic,0.05,40,0.3062278838949875,2038
100627,2025-09,0,extended_logistic,0.05,41,0.3059075185317451,2038
100083,2025-09,0,extended_logistic,0.05,42,0.3053866039768133,2038
101466,2025-09,0,extended_logistic,0.05,43,0.3021563442132396,2038
101471,2025-09,1,extended_logistic,0.05,44,0.3010723532153478,2038
101449,2025-09,0,extended_logistic,0.05,45,0.3003925247829683,2038
100187,2025-09,0,extended_logistic,0.05,46,0.2964075442673426,2038
101312,2025-09,1,extended_logistic,0.05,47,0.2962219762714859,2038
101045,2025-09,1,extended_logistic,0.05,48,0.2953751581871172,2038
100320,2025-09,0,extended_logistic,0.05,49,0.2926369806888945,2038
101714,2025-09,0,extended_logistic,0.05,50,0.2922009126914188,2038
101322,2025-09,0,extended_logistic,0.05,51,0.2897199207284501,2038
100787,2025-09,1,extended_logistic,0.05,52,0.286983816545622,2038
102025,2025-09,0,extended_logistic,0.05,53,0.2865736393148331,2038
100123,2025-09,0,extended_logistic,0.05,54,0.2850088181524496,2038
101276,2025-09,1,extended_logistic,0.05,55,0.2828797888353492,2038
101591,2025-09,1,extended_logistic,0.05,56,0.281671153394941,2038
101913,2025-09,1,extended_logistic,0.05,57,0.2791776293340596,2038
101613,2025-09,0,extended_logistic,0.05,58,0.2788275615710271,2038
102079,2025-09,0,extended_logistic,0.05,59,0.2773468619785829,2038
101578,2025-09,1,extended_logistic,0.05,60,0.2757902876044495,2038
101512,2025-09,0,extended_logistic,0.05,61,0.2737107345417428,2038
100745,2025-09,0,extended_logistic,0.05,62,0.2732926921359984,2038
101505,2025-09,0,extended_logistic,0.05,63,0.2730618409973548,2038
100029,2025-09,1,extended_logistic,0.05,64,0.2706164276612937,2038
100945,2025-09,1,extended_logistic,0.05,65,0.2692607359128325,2038
101719,2025-09,0,extended_logistic,0.05,66,0.268771246875745,2038
100702,2025-09,0,extended_logistic,0.05,67,0.2686384782933343,2038
101624,2025-09,0,extended_logistic,0.05,68,0.2685445379947753,2038
101287,2025-09,0,extended_logistic,0.05,69,0.2679444035998323,2038
100573,2025-09,0,extended_logistic,0.05,70,0.2676272709087222,2038
101140,2025-09,0,extended_logistic,0.05,71,0.2668442597099306,2038
100678,2025-09,1,extended_logistic,0.05,72,0.2640620989141474,2038
100644,2025-09,0,extended_logistic,0.05,73,0.2629074336802051,2038
100278,2025-09,1,extended_logistic,0.05,74,0.2622295282836272,2038
101298,2025-09,1,extended_logistic,0.05,75,0.2600184854041647,2038
100875,2025-09,0,extended_logistic,0.05,76,0.2581423867536418,2038
102096,2025-09,1,extended_logistic,0.05,77,0.2578122255822881,2038
100775,2025-09,1,extended_logistic,0.05,78,0.257594963742771,2038
101660,2025-09,0,extended_logistic,0.05,79,0.2575284819037441,2038
101598,2025-09,0,extended_logistic,0.05,80,0.2564996030994486,2038
101175,2025-09,1,extended_logistic,0.05,81,0.2562436225776048,2038
102089,2025-09,0,extended_logistic,0.05,82,0.2550367570156256,2038
101673,2025-09,0,extended_logistic,0.05,83,0.2532199761987604,2038
100915,2025-09,0,extended_logistic,0.05,84,0.2522280469934218,2038
101150,2025-09,1,extended_logistic,0.05,85,0.2515774763528516,2038
102037,2025-09,0,extended_logistic,0.05,86,0.2507996848606763,2038
101223,2025-09,0,extended_logistic,0.05,87,0.2501485680787809,2038
100203,2025-09,0,extended_logistic,0.05,88,0.2487590421186093,2038
101727,2025-09,0,extended_logistic,0.05,89,0.2482044016353529,2038
100322,2025-09,0,extended_logistic,0.05,90,0.248039136039838,2038
100489,2025-09,0,extended_logistic,0.05,91,0.2471810925684123,2038
100341,2025-09,0,extended_logistic,0.05,92,0.2471602967489728,2038
100253,2025-09,0,extended_logistic,0.05,93,0.2471159600053812,2038
100130,2025-09,0,extended_logistic,0.05,94,0.2452782114809413,2038
101639,2025-09,0,extended_logistic,0.05,95,0.2444669917118609,2038
101870,2025-09,0,extended_logistic,0.05,96,0.2434899325426862,2038
100913,2025-09,0,extended_logistic,0.05,97,0.243164793055033,2038
100292,2025-09,0,extended_logistic,0.05,98,0.2429936607598226,2038
101123,2025-09,1,extended_logistic,0.05,99,0.2429454856706626,2038
101393,2025-09,0,extended_logistic,0.05,100,0.2428626164167532,2038
101353,2025-09,1,extended_logistic,0.05,101,0.242825497814386,2038
101104,2025-09,1,extended_logistic,0.05,102,0.2424288499034925,2038
100665,2025-09,0,extended_logistic,0.1,1,0.4786157974838146,2038
100752,2025-09,0,extended_logistic,0.1,2,0.4606074154167558,2038
100066,2025-09,1,extended_logistic,0.1,3,0.4343169767415049,2038
101798,2025-09,0,extended_logistic,0.1,4,0.401175859898455,2038
101724,2025-09,1,extended_logistic,0.1,5,0.3910106626299153,2038
100267,2025-09,0,extended_logistic,0.1,6,0.3842091275033329,2038
100564,2025-09,1,extended_logistic,0.1,7,0.3829227534199837,2038
101746,2025-09,0,extended_logistic,0.1,8,0.3758902169550857,2038
101857,2025-09,1,extended_logistic,0.1,9,0.3718274340651517,2038
100361,2025-09,0,extended_logistic,0.1,10,0.3648842307700006,2038
100488,2025-09,0,extended_logistic,0.1,11,0.3634647422316762,2038
100530,2025-09,1,extended_logistic,0.1,12,0.3568093111145046,2038
100161,2025-09,1,extended_logistic,0.1,13,0.3517977889335567,2038
100823,2025-09,1,extended_logistic,0.1,14,0.3508340732320678,2038
101738,2025-09,0,extended_logistic,0.1,15,0.3457991592644834,2038
100592,2025-09,1,extended_logistic,0.1,16,0.3448049452914072,2038
100732,2025-09,1,extended_logistic,0.1,17,0.3427085161434344,2038
100298,2025-09,0,extended_logistic,0.1,18,0.3421602850551967,2038
100128,2025-09,1,extended_logistic,0.1,19,0.3401254162865247,2038
101952,2025-09,1,extended_logistic,0.1,20,0.3387164107596525,2038
100276,2025-09,0,extended_logistic,0.1,21,0.3361959712156911,2038
100383,2025-09,1,extended_logistic,0.1,22,0.33520258023078,2038
100727,2025-09,0,extended_logistic,0.1,23,0.3348625096171633,2038
101120,2025-09,1,extended_logistic,0.1,24,0.3320277648610914,2038
100876,2025-09,1,extended_logistic,0.1,25,0.3297338722281919,2038
100214,2025-09,0,extended_logistic,0.1,26,0.3295070823588526,2038
102053,2025-09,0,extended_logistic,0.1,27,0.3291996712511542,2038
101607,2025-09,1,extended_logistic,0.1,28,0.3271544780974822,2038
100233,2025-09,0,extended_logistic,0.1,29,0.3254886537739197,2038
100453,2025-09,0,extended_logistic,0.1,30,0.3247219408646823,2038
100835,2025-09,0,extended_logistic,0.1,31,0.323886758287583,2038
101264,2025-09,1,extended_logistic,0.1,32,0.3230019248487885,2038
101971,2025-09,0,extended_logistic,0.1,33,0.3223836077237584,2038
101839,2025-09,0,extended_logistic,0.1,34,0.3209250871613613,2038
100017,2025-09,0,extended_logistic,0.1,35,0.3163071029991468,2038
100698,2025-09,0,extended_logistic,0.1,36,0.3148966661260921,2038
102005,2025-09,0,extended_logistic,0.1,37,0.3143058979936683,2038
101783,2025-09,1,extended_logistic,0.1,38,0.3136352345083273,2038
101670,2025-09,0,extended_logistic,0.1,39,0.3071897448376716,2038
100193,2025-09,1,extended_logistic,0.1,40,0.3062278838949875,2038
100627,2025-09,0,extended_logistic,0.1,41,0.3059075185317451,2038
100083,2025-09,0,extended_logistic,0.1,42,0.3053866039768133,2038
101466,2025-09,0,extended_logistic,0.1,43,0.3021563442132396,2038
101471,2025-09,1,extended_logistic,0.1,44,0.3010723532153478,2038
101449,2025-09,0,extended_logistic,0.1,45,0.3003925247829683,2038
100187,2025-09,0,extended_logistic,0.1,46,0.2964075442673426,2038
101312,2025-09,1,extended_logistic,0.1,47,0.2962219762714859,2038
101045,2025-09,1,extended_logistic,0.1,48,0.2953751581871172,2038
100320,2025-09,0,extended_logistic,0.1,49,0.2926369806888945,2038
101714,2025-09,0,extended_logistic,0.1,50,0.2922009126914188,2038
101322,2025-09,0,extended_logistic,0.1,51,0.2897199207284501,2038
100787,2025-09,1,extended_logistic,0.1,52,0.286983816545622,2038
102025,2025-09,0,extended_logistic,0.1,53,0.2865736393148331,2038
100123,2025-09,0,extended_logistic,0.1,54,0.2850088181524496,2038
101276,2025-09,1,extended_logistic,0.1,55,0.2828797888353492,2038
101591,2025-09,1,extended_logistic,0.1,56,0.281671153394941,2038
101913,2025-09,1,extended_logistic,0.1,57,0.2791776293340596,2038
101613,2025-09,0,extended_logistic,0.1,58,0.2788275615710271,2038
102079,2025-09,0,extended_logistic,0.1,59,0.2773468619785829,2038
101578,2025-09,1,extended_logistic,0.1,60,0.2757902876044495,2038
101512,2025-09,0,extended_logistic,0.1,61,0.2737107345417428,2038
100745,2025-09,0,extended_logistic,0.1,62,0.2732926921359984,2038
101505,2025-09,0,extended_logistic,0.1,63,0.2730618409973548,2038
100029,2025-09,1,extended_logistic,0.1,64,0.2706164276612937,2038
100945,2025-09,1,extended_logistic,0.1,65,0.2692607359128325,2038
101719,2025-09,0,extended_logistic,0.1,66,0.268771246875745,2038
100702,2025-09,0,extended_logistic,0.1,67,0.2686384782933343,2038
101624,2025-09,0,extended_logistic,0.1,68,0.2685445379947753,2038
101287,2025-09,0,extended_logistic,0.1,69,0.2679444035998323,2038
100573,2025-09,0,extended_logistic,0.1,70,0.2676272709087222,2038
101140,2025-09,0,extended_logistic,0.1,71,0.2668442597099306,2038
100678,2025-09,1,extended_logistic,0.1,72,0.2640620989141474,2038
100644,2025-09,0,extended_logistic,0.1,73,0.2629074336802051,2038
100278,2025-09,1,extended_logistic,0.1,74,0.2622295282836272,2038
101298,2025-09,1,extended_logistic,0.1,75,0.2600184854041647,2038
100875,2025-09,0,extended_logistic,0.1,76,0.2581423867536418,2038
102096,2025-09,1,extended_logistic,0.1,77,0.2578122255822881,2038
100775,2025-09,1,extended_logistic,0.1,78,0.257594963742771,2038
101660,2025-09,0,extended_logistic,0.1,79,0.2575284819037441,2038
101598,2025-09,0,extended_logistic,0.1,80,0.2564996030994486,2038
101175,2025-09,1,extended_logistic,0.1,81,0.2562436225776048,2038
102089,2025-09,0,extended_logistic,0.1,82,0.2550367570156256,2038
101673,2025-09,0,extended_logistic,0.1,83,0.2532199761987604,2038
100915,2025-09,0,extended_logistic,0.1,84,0.2522280469934218,2038
101150,2025-09,1,extended_logistic,0.1,85,0.2515774763528516,2038
102037,2025-09,0,extended_logistic,0.1,86,0.2507996848606763,2038
101223,2025-09,0,extended_logistic,0.1,87,0.2501485680787809,2038
100203,2025-09,0,extended_logistic,0.1,88,0.2487590421186093,2038
101727,2025-09,0,extended_logistic,0.1,89,0.2482044016353529,2038
100322,2025-09,0,extended_logistic,0.1,90,0.248039136039838,2038
100489,2025-09,0,extended_logistic,0.1,91,0.2471810925684123,2038
100341,2025-09,0,extended_logistic,0.1,92,0.2471602967489728,2038
100253,2025-09,0,extended_logistic,0.1,93,0.2471159600053812,2038
100130,2025-09,0,extended_logistic,0.1,94,0.2452782114809413,2038
101639,2025-09,0,extended_logistic,0.1,95,0.2444669917118609,2038
101870,2025-09,0,extended_logistic,0.1,96,0.2434899325426862,2038
100913,2025-09,0,extended_logistic,0.1,97,0.243164793055033,2038
100292,2025-09,0,extended_logistic,0.1,98,0.2429936607598226,2038
101123,2025-09,1,extended_logistic,0.1,99,0.2429454856706626,2038
101393,2025-09,0,extended_logistic,0.1,100,0.2428626164167532,2038
101353,2025-09,1,extended_logistic,0.1,101,0.242825497814386,2038
101104,2025-09,1,extended_logistic,0.1,102,0.2424288499034925,2038
101767,2025-09,0,extended_logistic,0.1,103,0.2420580899029908,2038
102058,2025-09,0,extended_logistic,0.1,104,0.2403517345707089,2038
101953,2025-09,1,extended_logistic,0.1,105,0.2392568470348271,2038
100929,2025-09,0,extended_logistic,0.1,106,0.2385350275579706,2038
101713,2025-09,0,extended_logistic,0.1,107,0.2377868666439325,2038
101406,2025-09,0,extended_logistic,0.1,108,0.2372728071936298,2038
101182,2025-09,0,extended_logistic,0.1,109,0.2372131232696135,2038
101982,2025-09,0,extended_logistic,0.1,110,0.2361423679283032,2038
101296,2025-09,0,extended_logistic,0.1,111,0.2357197227045846,2038
101285,2025-09,0,extended_logistic,0.1,112,0.2350866033376913,2038
101489,2025-09,0,extended_logistic,0.1,113,0.234521605844914,2038
102090,2025-09,1,extended_logistic,0.1,114,0.2333473517400137,2038
100608,2025-09,0,extended_logistic,0.1,115,0.2304917724930447,2038
101301,2025-09,0,extended_logistic,0.1,116,0.2285518273511373,2038
100115,2025-09,0,extended_logistic,0.1,117,0.2284354243078041,2038
100985,2025-09,0,extended_logistic,0.1,118,0.2281873261683511,2038
101343,2025-09,0,extended_logistic,0.1,119,0.2277056979393759,2038
102046,2025-09,0,extended_logistic,0.1,120,0.2273140024954522,2038
100901,2025-09,0,extended_logistic,0.1,121,0.2270327570592326,2038
101202,2025-09,0,extended_logistic,0.1,122,0.2267229019028402,2038
100484,2025-09,0,extended_logistic,0.1,123,0.2265168061485248,2038
100729,2025-09,0,extended_logistic,0.1,124,0.2260108635248914,2038
100229,2025-09,0,extended_logistic,0.1,125,0.2259774860717971,2038
101981,2025-09,0,extended_logistic,0.1,126,0.2245550451257021,2038
101446,2025-09,1,extended_logistic,0.1,127,0.2242445179285427,2038
100526,2025-09,0,extended_logistic,0.1,128,0.2238872488382175,2038
102094,2025-09,1,extended_logistic,0.1,129,0.2237714778287087,2038
101704,2025-09,0,extended_logistic,0.1,130,0.2227276920176209,2038
101319,2025-09,0,extended_logistic,0.1,131,0.2222649446440917,2038
102062,2025-09,1,extended_logistic,0.1,132,0.2221421850027455,2038
101436,2025-09,0,extended_logistic,0.1,133,0.2207092500839896,2038
100349,2025-09,1,extended_logistic,0.1,134,0.2201275615016041,2038
100448,2025-09,0,extended_logistic,0.1,135,0.2191123776703137,2038
101793,2025-09,0,extended_logistic,0.1,136,0.2184046492728027,2038
100795,2025-09,1,extended_logistic,0.1,137,0.2182010249970952,2038
101935,2025-09,0,extended_logistic,0.1,138,0.2178819969056712,2038
101890,2025-09,1,extended_logistic,0.1,139,0.21766216613341,2038
100905,2025-09,1,extended_logistic,0.1,140,0.2170030167957701,2038
100560,2025-09,0,extended_logistic,0.1,141,0.2139146534627285,2038
101883,2025-09,0,extended_logistic,0.1,142,0.2137080184414144,2038
100898,2025-09,0,extended_logistic,0.1,143,0.2135133270596469,2038
100039,2025-09,0,extended_logistic,0.1,144,0.2134361768391081,2038
100215,2025-09,0,extended_logistic,0.1,145,0.213323606872451,2038
100883,2025-09,0,extended_logistic,0.1,146,0.213123704447004,2038
102045,2025-09,0,extended_logistic,0.1,147,0.2128508395097334,2038
102059,2025-09,1,extended_logistic,0.1,148,0.2124820972747144,2038
101474,2025-09,0,extended_logistic,0.1,149,0.211116454328634,2038
100636,2025-09,1,extended_logistic,0.1,150,0.209890257920841,2038
100977,2025-09,0,extended_logistic,0.1,151,0.2087254746523764,2038
100245,2025-09,0,extended_logistic,0.1,152,0.2062920964640127,2038
100616,2025-09,1,extended_logistic,0.1,153,0.206213285498602,2038
101282,2025-09,0,extended_logistic,0.1,154,0.2058218137822631,2038
101437,2025-09,0,extended_logistic,0.1,155,0.205458538709831,2038
101001,2025-09,0,extended_logistic,0.1,156,0.2051040062481959,2038
101829,2025-09,0,extended_logistic,0.1,157,0.2043195289776546,2038
100818,2025-09,0,extended_logistic,0.1,158,0.2041733958902539,2038
100411,2025-09,0,extended_logistic,0.1,159,0.2039702325179058,2038
100543,2025-09,0,extended_logistic,0.1,160,0.2039218911781304,2038
100803,2025-09,1,extended_logistic,0.1,161,0.2037058839173004,2038
101246,2025-09,0,extended_logistic,0.1,162,0.203519904378239,2038
101866,2025-09,0,extended_logistic,0.1,163,0.2029588127306551,2038
101684,2025-09,0,extended_logistic,0.1,164,0.2028530971471412,2038
101726,2025-09,0,extended_logistic,0.1,165,0.2023871943234096,2038
101455,2025-09,0,extended_logistic,0.1,166,0.2021694363157934,2038
100296,2025-09,0,extended_logistic,0.1,167,0.2011882731447313,2038
101854,2025-09,0,extended_logistic,0.1,168,0.201023440235237,2038
100256,2025-09,0,extended_logistic,0.1,169,0.2006446790224061,2038
101623,2025-09,0,extended_logistic,0.1,170,0.200298919143527,2038
100744,2025-09,1,extended_logistic,0.1,171,0.2000152779841558,2038
100536,2025-09,1,extended_logistic,0.1,172,0.1996633529860801,2038
100681,2025-09,0,extended_logistic,0.1,173,0.1996215725730466,2038
101044,2025-09,0,extended_logistic,0.1,174,0.1993251318816226,2038
102040,2025-09,0,extended_logistic,0.1,175,0.199317621616302,2038
100661,2025-09,0,extended_logistic,0.1,176,0.1982446266816536,2038
101951,2025-09,0,extended_logistic,0.1,177,0.1975676472364003,2038
100477,2025-09,0,extended_logistic,0.1,178,0.1973415249162106,2038
101415,2025-09,0,extended_logistic,0.1,179,0.1967547689418691,2038
100041,2025-09,0,extended_logistic,0.1,180,0.1957341034584004,2038
101878,2025-09,1,extended_logistic,0.1,181,0.1955925510029882,2038
101576,2025-09,1,extended_logistic,0.1,182,0.1953379633090658,2038
101853,2025-09,0,extended_logistic,0.1,183,0.194890817362288,2038
100952,2025-09,1,extended_logistic,0.1,184,0.1947992862775139,2038
101777,2025-09,0,extended_logistic,0.1,185,0.1941238112489368,2038
100629,2025-09,0,extended_logistic,0.1,186,0.1940934573461119,2038
101761,2025-09,0,extended_logistic,0.1,187,0.1937208176677609,2038
100624,2025-09,1,extended_logistic,0.1,188,0.1936011448127306,2038
101542,2025-09,1,extended_logistic,0.1,189,0.1935095853595128,2038
100328,2025-09,0,extended_logistic,0.1,190,0.1933109389469997,2038
100907,2025-09,0,extended_logistic,0.1,191,0.1932440909812712,2038
100508,2025-09,0,extended_logistic,0.1,192,0.1929596523052408,2038
101334,2025-09,0,extended_logistic,0.1,193,0.1922170424839162,2038
101094,2025-09,0,extended_logistic,0.1,194,0.1919875182695941,2038
100694,2025-09,0,extended_logistic,0.1,195,0.1911774001032502,2038
101245,2025-09,0,extended_logistic,0.1,196,0.1907329885433903,2038
101464,2025-09,0,extended_logistic,0.1,197,0.1900365352724337,2038
101487,2025-09,0,extended_logistic,0.1,198,0.1894374446208543,2038
100704,2025-09,0,extended_logistic,0.1,199,0.1894342222524102,2038
100880,2025-09,0,extended_logistic,0.1,200,0.1890141860945343,2038
101776,2025-09,0,extended_logistic,0.1,201,0.1888859088226112,2038
100664,2025-09,0,extended_logistic,0.1,202,0.1886654386030556,2038
101990,2025-09,0,extended_logistic,0.1,203,0.1885233990398669,2038
100935,2025-09,1,extended_logistic,0.1,204,0.1884526903612589,2038
100665,2025-09,0,extended_logistic,0.2,1,0.4786157974838146,2038
100752,2025-09,0,extended_logistic,0.2,2,0.4606074154167558,2038
100066,2025-09,1,extended_logistic,0.2,3,0.4343169767415049,2038
101798,2025-09,0,extended_logistic,0.2,4,0.401175859898455,2038
101724,2025-09,1,extended_logistic,0.2,5,0.3910106626299153,2038
100267,2025-09,0,extended_logistic,0.2,6,0.3842091275033329,2038
100564,2025-09,1,extended_logistic,0.2,7,0.3829227534199837,2038
101746,2025-09,0,extended_logistic,0.2,8,0.3758902169550857,2038
101857,2025-09,1,extended_logistic,0.2,9,0.3718274340651517,2038
100361,2025-09,0,extended_logistic,0.2,10,0.3648842307700006,2038
100488,2025-09,0,extended_logistic,0.2,11,0.3634647422316762,2038
100530,2025-09,1,extended_logistic,0.2,12,0.3568093111145046,2038
100161,2025-09,1,extended_logistic,0.2,13,0.3517977889335567,2038
100823,2025-09,1,extended_logistic,0.2,14,0.3508340732320678,2038
101738,2025-09,0,extended_logistic,0.2,15,0.3457991592644834,2038
100592,2025-09,1,extended_logistic,0.2,16,0.3448049452914072,2038
100732,2025-09,1,extended_logistic,0.2,17,0.3427085161434344,2038
100298,2025-09,0,extended_logistic,0.2,18,0.3421602850551967,2038
100128,2025-09,1,extended_logistic,0.2,19,0.3401254162865247,2038
101952,2025-09,1,extended_logistic,0.2,20,0.3387164107596525,2038
100276,2025-09,0,extended_logistic,0.2,21,0.3361959712156911,2038
100383,2025-09,1,extended_logistic,0.2,22,0.33520258023078,2038
100727,2025-09,0,extended_logistic,0.2,23,0.3348625096171633,2038
101120,2025-09,1,extended_logistic,0.2,24,0.3320277648610914,2038
100876,2025-09,1,extended_logistic,0.2,25,0.3297338722281919,2038
100214,2025-09,0,extended_logistic,0.2,26,0.3295070823588526,2038
102053,2025-09,0,extended_logistic,0.2,27,0.3291996712511542,2038
101607,2025-09,1,extended_logistic,0.2,28,0.3271544780974822,2038
100233,2025-09,0,extended_logistic,0.2,29,0.3254886537739197,2038
100453,2025-09,0,extended_logistic,0.2,30,0.3247219408646823,2038
100835,2025-09,0,extended_logistic,0.2,31,0.323886758287583,2038
101264,2025-09,1,extended_logistic,0.2,32,0.3230019248487885,2038
101971,2025-09,0,extended_logistic,0.2,33,0.3223836077237584,2038
101839,2025-09,0,extended_logistic,0.2,34,0.3209250871613613,2038
100017,2025-09,0,extended_logistic,0.2,35,0.3163071029991468,2038
100698,2025-09,0,extended_logistic,0.2,36,0.3148966661260921,2038
102005,2025-09,0,extended_logistic,0.2,37,0.3143058979936683,2038
101783,2025-09,1,extended_logistic,0.2,38,0.3136352345083273,2038
101670,2025-09,0,extended_logistic,0.2,39,0.3071897448376716,2038
100193,2025-09,1,extended_logistic,0.2,40,0.3062278838949875,2038
100627,2025-09,0,extended_logistic,0.2,41,0.3059075185317451,2038
100083,2025-09,0,extended_logistic,0.2,42,0.3053866039768133,2038
101466,2025-09,0,extended_logistic,0.2,43,0.3021563442132396,2038
101471,2025-09,1,extended_logistic,0.2,44,0.3010723532153478,2038
101449,2025-09,0,extended_logistic,0.2,45,0.3003925247829683,2038
100187,2025-09,0,extended_logistic,0.2,46,0.2964075442673426,2038
101312,2025-09,1,extended_logistic,0.2,47,0.2962219762714859,2038
101045,2025-09,1,extended_logistic,0.2,48,0.2953751581871172,2038
100320,2025-09,0,extended_logistic,0.2,49,0.2926369806888945,2038
101714,2025-09,0,extended_logistic,0.2,50,0.2922009126914188,2038
101322,2025-09,0,extended_logistic,0.2,51,0.2897199207284501,2038
100787,2025-09,1,extended_logistic,0.2,52,0.286983816545622,2038
102025,2025-09,0,extended_logistic,0.2,53,0.2865736393148331,2038
100123,2025-09,0,extended_logistic,0.2,54,0.2850088181524496,2038
101276,2025-09,1,extended_logistic,0.2,55,0.2828797888353492,2038
101591,2025-09,1,extended_logistic,0.2,56,0.281671153394941,2038
101913,2025-09,1,extended_logistic,0.2,57,0.2791776293340596,2038
101613,2025-09,0,extended_logistic,0.2,58,0.2788275615710271,2038
102079,2025-09,0,extended_logistic,0.2,59,0.2773468619785829,2038
101578,2025-09,1,extended_logistic,0.2,60,0.2757902876044495,2038
101512,2025-09,0,extended_logistic,0.2,61,0.2737107345417428,2038
100745,2025-09,0,extended_logistic,0.2,62,0.2732926921359984,2038
101505,2025-09,0,extended_logistic,0.2,63,0.2730618409973548,2038
100029,2025-09,1,extended_logistic,0.2,64,0.2706164276612937,2038
100945,2025-09,1,extended_logistic,0.2,65,0.2692607359128325,2038
101719,2025-09,0,extended_logistic,0.2,66,0.268771246875745,2038
100702,2025-09,0,extended_logistic,0.2,67,0.2686384782933343,2038
101624,2025-09,0,extended_logistic,0.2,68,0.2685445379947753,2038
101287,2025-09,0,extended_logistic,0.2,69,0.2679444035998323,2038
100573,2025-09,0,extended_logistic,0.2,70,0.2676272709087222,2038
101140,2025-09,0,extended_logistic,0.2,71,0.2668442597099306,2038
100678,2025-09,1,extended_logistic,0.2,72,0.2640620989141474,2038
100644,2025-09,0,extended_logistic,0.2,73,0.2629074336802051,2038
100278,2025-09,1,extended_logistic,0.2,74,0.2622295282836272,2038
101298,2025-09,1,extended_logistic,0.2,75,0.2600184854041647,2038
100875,2025-09,0,extended_logistic,0.2,76,0.2581423867536418,2038
102096,2025-09,1,extended_logistic,0.2,77,0.2578122255822881,2038
100775,2025-09,1,extended_logistic,0.2,78,0.257594963742771,2038
101660,2025-09,0,extended_logistic,0.2,79,0.2575284819037441,2038
101598,2025-09,0,extended_logistic,0.2,80,0.2564996030994486,2038
101175,2025-09,1,extended_logistic,0.2,81,0.2562436225776048,2038
102089,2025-09,0,extended_logistic,0.2,82,0.2550367570156256,2038
101673,2025-09,0,extended_logistic,0.2,83,0.2532199761987604,2038
100915,2025-09,0,extended_logistic,0.2,84,0.2522280469934218,2038
101150,2025-09,1,extended_logistic,0.2,85,0.2515774763528516,2038
102037,2025-09,0,extended_logistic,0.2,86,0.2507996848606763,2038
101223,2025-09,0,extended_logistic,0.2,87,0.2501485680787809,2038
100203,2025-09,0,extended_logistic,0.2,88,0.2487590421186093,2038
101727,2025-09,0,extended_logistic,0.2,89,0.2482044016353529,2038
100322,2025-09,0,extended_logistic,0.2,90,0.248039136039838,2038
100489,2025-09,0,extended_logistic,0.2,91,0.2471810925684123,2038
100341,2025-09,0,extended_logistic,0.2,92,0.2471602967489728,2038
100253,2025-09,0,extended_logistic,0.2,93,0.2471159600053812,2038
100130,2025-09,0,extended_logistic,0.2,94,0.2452782114809413,2038
101639,2025-09,0,extended_logistic,0.2,95,0.2444669917118609,2038
101870,2025-09,0,extended_logistic,0.2,96,0.2434899325426862,2038
100913,2025-09,0,extended_logistic,0.2,97,0.243164793055033,2038
100292,2025-09,0,extended_logistic,0.2,98,0.2429936607598226,2038
101123,2025-09,1,extended_logistic,0.2,99,0.2429454856706626,2038
101393,2025-09,0,extended_logistic,0.2,100,0.2428626164167532,2038
101353,2025-09,1,extended_logistic,0.2,101,0.242825497814386,2038
101104,2025-09,1,extended_logistic,0.2,102,0.2424288499034925,2038
101767,2025-09,0,extended_logistic,0.2,103,0.2420580899029908,2038
102058,2025-09,0,extended_logistic,0.2,104,0.2403517345707089,2038
101953,2025-09,1,extended_logistic,0.2,105,0.2392568470348271,2038
100929,2025-09,0,extended_logistic,0.2,106,0.2385350275579706,2038
101713,2025-09,0,extended_logistic,0.2,107,0.2377868666439325,2038
101406,2025-09,0,extended_logistic,0.2,108,0.2372728071936298,2038
101182,2025-09,0,extended_logistic,0.2,109,0.2372131232696135,2038
101982,2025-09,0,extended_logistic,0.2,110,0.2361423679283032,2038
101296,2025-09,0,extended_logistic,0.2,111,0.2357197227045846,2038
101285,2025-09,0,extended_logistic,0.2,112,0.2350866033376913,2038
101489,2025-09,0,extended_logistic,0.2,113,0.234521605844914,2038
102090,2025-09,1,extended_logistic,0.2,114,0.2333473517400137,2038
100608,2025-09,0,extended_logistic,0.2,115,0.2304917724930447,2038
101301,2025-09,0,extended_logistic,0.2,116,0.2285518273511373,2038
100115,2025-09,0,extended_logistic,0.2,117,0.2284354243078041,2038
100985,2025-09,0,extended_logistic,0.2,118,0.2281873261683511,2038
101343,2025-09,0,extended_logistic,0.2,119,0.2277056979393759,2038
102046,2025-09,0,extended_logistic,0.2,120,0.2273140024954522,2038
100901,2025-09,0,extended_logistic,0.2,121,0.2270327570592326,2038
101202,2025-09,0,extended_logistic,0.2,122,0.2267229019028402,2038
100484,2025-09,0,extended_logistic,0.2,123,0.2265168061485248,2038
100729,2025-09,0,extended_logistic,0.2,124,0.2260108635248914,2038
100229,2025-09,0,extended_logistic,0.2,125,0.2259774860717971,2038
101981,2025-09,0,extended_logistic,0.2,126,0.2245550451257021,2038
101446,2025-09,1,extended_logistic,0.2,127,0.2242445179285427,2038
100526,2025-09,0,extended_logistic,0.2,128,0.2238872488382175,2038
102094,2025-09,1,extended_logistic,0.2,129,0.2237714778287087,2038
101704,2025-09,0,extended_logistic,0.2,130,0.2227276920176209,2038
101319,2025-09,0,extended_logistic,0.2,131,0.2222649446440917,2038
102062,2025-09,1,extended_logistic,0.2,132,0.2221421850027455,2038
101436,2025-09,0,extended_logistic,0.2,133,0.2207092500839896,2038
100349,2025-09,1,extended_logistic,0.2,134,0.2201275615016041,2038
100448,2025-09,0,extended_logistic,0.2,135,0.2191123776703137,2038
101793,2025-09,0,extended_logistic,0.2,136,0.2184046492728027,2038
100795,2025-09,1,extended_logistic,0.2,137,0.2182010249970952,2038
101935,2025-09,0,extended_logistic,0.2,138,0.2178819969056712,2038
101890,2025-09,1,extended_logistic,0.2,139,0.21766216613341,2038
100905,2025-09,1,extended_logistic,0.2,140,0.2170030167957701,2038
100560,2025-09,0,extended_logistic,0.2,141,0.2139146534627285,2038
101883,2025-09,0,extended_logistic,0.2,142,0.2137080184414144,2038
100898,2025-09,0,extended_logistic,0.2,143,0.2135133270596469,2038
100039,2025-09,0,extended_logistic,0.2,144,0.2134361768391081,2038
100215,2025-09,0,extended_logistic,0.2,145,0.213323606872451,2038
100883,2025-09,0,extended_logistic,0.2,146,0.213123704447004,2038
102045,2025-09,0,extended_logistic,0.2,147,0.2128508395097334,2038
102059,2025-09,1,extended_logistic,0.2,148,0.2124820972747144,2038
101474,2025-09,0,extended_logistic,0.2,149,0.211116454328634,2038
100636,2025-09,1,extended_logistic,0.2,150,0.209890257920841,2038
100977,2025-09,0,extended_logistic,0.2,151,0.2087254746523764,2038
100245,2025-09,0,extended_logistic,0.2,152,0.2062920964640127,2038
100616,2025-09,1,extended_logistic,0.2,153,0.206213285498602,2038
101282,2025-09,0,extended_logistic,0.2,154,0.2058218137822631,2038
101437,2025-09,0,extended_logistic,0.2,155,0.205458538709831,2038
101001,2025-09,0,extended_logistic,0.2,156,0.2051040062481959,2038
101829,2025-09,0,extended_logistic,0.2,157,0.2043195289776546,2038
100818,2025-09,0,extended_logistic,0.2,158,0.2041733958902539,2038
100411,2025-09,0,extended_logistic,0.2,159,0.2039702325179058,2038
100543,2025-09,0,extended_logistic,0.2,160,0.2039218911781304,2038
100803,2025-09,1,extended_logistic,0.2,161,0.2037058839173004,2038
101246,2025-09,0,extended_logistic,0.2,162,0.203519904378239,2038
101866,2025-09,0,extended_logistic,0.2,163,0.2029588127306551,2038
101684,2025-09,0,extended_logistic,0.2,164,0.2028530971471412,2038
101726,2025-09,0,extended_logistic,0.2,165,0.2023871943234096,2038
101455,2025-09,0,extended_logistic,0.2,166,0.2021694363157934,2038
100296,2025-09,0,extended_logistic,0.2,167,0.2011882731447313,2038
101854,2025-09,0,extended_logistic,0.2,168,0.201023440235237,2038
100256,2025-09,0,extended_logistic,0.2,169,0.2006446790224061,2038
101623,2025-09,0,extended_logistic,0.2,170,0.200298919143527,2038
100744,2025-09,1,extended_logistic,0.2,171,0.2000152779841558,2038
100536,2025-09,1,extended_logistic,0.2,172,0.1996633529860801,2038
100681,2025-09,0,extended_logistic,0.2,173,0.1996215725730466,2038
101044,2025-09,0,extended_logistic,0.2,174,0.1993251318816226,2038
102040,2025-09,0,extended_logistic,0.2,175,0.199317621616302,2038
100661,2025-09,0,extended_logistic,0.2,176,0.1982446266816536,2038
101951,2025-09,0,extended_logistic,0.2,177,0.1975676472364003,2038
100477,2025-09,0,extended_logistic,0.2,178,0.1973415249162106,2038
101415,2025-09,0,extended_logistic,0.2,179,0.1967547689418691,2038
100041,2025-09,0,extended_logistic,0.2,180,0.1957341034584004,2038
101878,2025-09,1,extended_logistic,0.2,181,0.1955925510029882,2038
101576,2025-09,1,extended_logistic,0.2,182,0.1953379633090658,2038
101853,2025-09,0,extended_logistic,0.2,183,0.194890817362288,2038
100952,2025-09,1,extended_logistic,0.2,184,0.1947992862775139,2038
101777,2025-09,0,extended_logistic,0.2,185,0.1941238112489368,2038
100629,2025-09,0,extended_logistic,0.2,186,0.1940934573461119,2038
101761,2025-09,0,extended_logistic,0.2,187,0.1937208176677609,2038
100624,2025-09,1,extended_logistic,0.2,188,0.1936011448127306,2038
101542,2025-09,1,extended_logistic,0.2,189,0.1935095853595128,2038
100328,2025-09,0,extended_logistic,0.2,190,0.1933109389469997,2038
100907,2025-09,0,extended_logistic,0.2,191,0.1932440909812712,2038
100508,2025-09,0,extended_logistic,0.2,192,0.1929596523052408,2038
101334,2025-09,0,extended_logistic,0.2,193,0.1922170424839162,2038
101094,2025-09,0,extended_logistic,0.2,194,0.1919875182695941,2038
100694,2025-09,0,extended_logistic,0.2,195,0.1911774001032502,2038
101245,2025-09,0,extended_logistic,0.2,196,0.1907329885433903,2038
101464,2025-09,0,extended_logistic,0.2,197,0.1900365352724337,2038
101487,2025-09,0,extended_logistic,0.2,198,0.1894374446208543,2038
100704,2025-09,0,extended_logistic,0.2,199,0.1894342222524102,2038
100880,2025-09,0,extended_logistic,0.2,200,0.1890141860945343,2038
101776,2025-09,0,extended_logistic,0.2,201,0.1888859088226112,2038
100664,2025-09,0,extended_logistic,0.2,202,0.1886654386030556,2038
101990,2025-09,0,extended_logistic,0.2,203,0.1885233990398669,2038
100935,2025-09,1,extended_logistic,0.2,204,0.1884526903612589,2038
101615,2025-09,0,extended_logistic,0.2,205,0.1880279884404999,2038
101917,2025-09,0,extended_logistic,0.2,206,0.1877924161773954,2038
100659,2025-09,0,extended_logistic,0.2,207,0.1877634072869868,2038
101809,2025-09,0,extended_logistic,0.2,208,0.1870992508283981,2038
101257,2025-09,1,extended_logistic,0.2,209,0.1845305822559216,2038
100002,2025-09,0,extended_logistic,0.2,210,0.1835103943002663,2038
100925,2025-09,0,extended_logistic,0.2,211,0.1834265641426443,2038
101259,2025-09,0,extended_logistic,0.2,212,0.1831312135922552,2038
102015,2025-09,0,extended_logistic,0.2,213,0.1830635665308862,2038
100386,2025-09,0,extended_logistic,0.2,214,0.18283259355313,2038
102081,2025-09,0,extended_logistic,0.2,215,0.1825554207240444,2038
102027,2025-09,0,extended_logistic,0.2,216,0.1824208000061768,2038
100777,2025-09,1,extended_logistic,0.2,217,0.1809764936947342,2038
101431,2025-09,0,extended_logistic,0.2,218,0.1806551738256003,2038
101697,2025-09,0,extended_logistic,0.2,219,0.180498036549509,2038
100375,2025-09,0,extended_logistic,0.2,220,0.1802313356661467,2038
100433,2025-09,0,extended_logistic,0.2,221,0.1795350437565808,2038
100422,2025-09,0,extended_logistic,0.2,222,0.1794089248288217,2038
100828,2025-09,0,extended_logistic,0.2,223,0.1780866349415035,2038
100656,2025-09,0,extended_logistic,0.2,224,0.1768541071107824,2038
101600,2025-09,0,extended_logistic,0.2,225,0.1767177128525398,2038
101309,2025-09,1,extended_logistic,0.2,226,0.1758897227710103,2038
101811,2025-09,0,extended_logistic,0.2,227,0.1757720888495013,2038
100695,2025-09,0,extended_logistic,0.2,228,0.1754734339724302,2038
100585,2025-09,0,extended_logistic,0.2,229,0.1754714696626301,2038
101907,2025-09,0,extended_logistic,0.2,230,0.1754027731352109,2038
101447,2025-09,1,extended_logistic,0.2,231,0.1751624865377627,2038
101084,2025-09,0,extended_logistic,0.2,232,0.1749690434749324,2038
101987,2025-09,0,extended_logistic,0.2,233,0.1747657510395383,2038
100388,2025-09,0,extended_logistic,0.2,234,0.1743211332589064,2038
100073,2025-09,0,extended_logistic,0.2,235,0.1742169825556805,2038
100443,2025-09,0,extended_logistic,0.2,236,0.1742114916013876,2038
101011,2025-09,0,extended_logistic,0.2,237,0.1737936730655133,2038
100259,2025-09,1,extended_logistic,0.2,238,0.1735691632087581,2038
100219,2025-09,0,extended_logistic,0.2,239,0.1733080567820655,2038
101927,2025-09,0,extended_logistic,0.2,240,0.1730634741338615,2038
101237,2025-09,0,extended_logistic,0.2,241,0.1725180273747579,2038
101078,2025-09,0,extended_logistic,0.2,242,0.1723260656938695,2038
100804,2025-09,0,extended_logistic,0.2,243,0.1721649241908853,2038
101075,2025-09,0,extended_logistic,0.2,244,0.1717705127828766,2038
100308,2025-09,0,extended_logistic,0.2,245,0.171755765585464,2038
100854,2025-09,1,extended_logistic,0.2,246,0.1716945908336742,2038
101472,2025-09,1,extended_logistic,0.2,247,0.1708494638105701,2038
102029,2025-09,0,extended_logistic,0.2,248,0.170769199194263,2038
100650,2025-09,0,extended_logistic,0.2,249,0.1707155736651911,2038
100487,2025-09,0,extended_logistic,0.2,250,0.1704106999470048,2038
100459,2025-09,0,extended_logistic,0.2,251,0.1702572683935855,2038
100746,2025-09,0,extended_logistic,0.2,252,0.1698867606909809,2038
101821,2025-09,0,extended_logistic,0.2,253,0.1698801600540883,2038
100572,2025-09,0,extended_logistic,0.2,254,0.1698326907059964,2038
101791,2025-09,0,extended_logistic,0.2,255,0.1693433305338154,2038
101792,2025-09,0,extended_logistic,0.2,256,0.169210006731822,2038
101146,2025-09,0,extended_logistic,0.2,257,0.1689278664200215,2038
100239,2025-09,0,extended_logistic,0.2,258,0.1688501607117956,2038
101228,2025-09,0,extended_logistic,0.2,259,0.1687504327644473,2038
101837,2025-09,0,extended_logistic,0.2,260,0.1680954541455336,2038
101813,2025-09,0,extended_logistic,0.2,261,0.1680313092626583,2038
101337,2025-09,0,extended_logistic,0.2,262,0.1679570081152344,2038
100177,2025-09,0,extended_logistic,0.2,263,0.1670157412033786,2038
101629,2025-09,0,extended_logistic,0.2,264,0.1669914068617887,2038
100340,2025-09,1,extended_logistic,0.2,265,0.166850867951966,2038
100385,2025-09,0,extended_logistic,0.2,266,0.1668207902747469,2038
100518,2025-09,0,extended_logistic,0.2,267,0.1666935173984614,2038
100275,2025-09,0,extended_logistic,0.2,268,0.1655630760702368,2038
100819,2025-09,1,extended_logistic,0.2,269,0.1654691570473958,2038
101196,2025-09,0,extended_logistic,0.2,270,0.1653453664476954,2038
101903,2025-09,0,extended_logistic,0.2,271,0.1653308980178176,2038
101779,2025-09,0,extended_logistic,0.2,272,0.1653039777355101,2038
100452,2025-09,1,extended_logistic,0.2,273,0.1652166828094979,2038
101910,2025-09,1,extended_logistic,0.2,274,0.1651767906791242,2038
101272,2025-09,0,extended_logistic,0.2,275,0.164781682639652,2038
101029,2025-09,0,extended_logistic,0.2,276,0.1647714787003929,2038
100950,2025-09,0,extended_logistic,0.2,277,0.164659433926365,2038
100255,2025-09,0,extended_logistic,0.2,278,0.1635897053844737,2038
101932,2025-09,0,extended_logistic,0.2,279,0.1633577917997046,2038
101173,2025-09,0,extended_logistic,0.2,280,0.1632746971623296,2038
101117,2025-09,0,extended_logistic,0.2,281,0.1632487020683838,2038
100149,2025-09,0,extended_logistic,0.2,282,0.1631281340312444,2038
101179,2025-09,0,extended_logistic,0.2,283,0.1626433235505054,2038
100372,2025-09,0,extended_logistic,0.2,284,0.1626037301408733,2038
101628,2025-09,0,extended_logistic,0.2,285,0.1625341902057262,2038
101077,2025-09,0,extended_logistic,0.2,286,0.1621270101669442,2038
101367,2025-09,0,extended_logistic,0.2,287,0.162023341995221,2038
101280,2025-09,1,extended_logistic,0.2,288,0.161853128129031,2038
100928,2025-09,0,extended_logistic,0.2,289,0.1617272713240269,2038
100447,2025-09,0,extended_logistic,0.2,290,0.1613265062970509,2038
101036,2025-09,0,extended_logistic,0.2,291,0.1612538752517948,2038
101541,2025-09,0,extended_logistic,0.2,292,0.1610557146881061,2038
100662,2025-09,0,extended_logistic,0.2,293,0.1608813618913369,2038
101226,2025-09,0,extended_logistic,0.2,294,0.160857608938826,2038
101005,2025-09,0,extended_logistic,0.2,295,0.1608262999637169,2038
100486,2025-09,0,extended_logistic,0.2,296,0.1604948272073376,2038
101500,2025-09,0,extended_logistic,0.2,297,0.1602454220602641,2038
101769,2025-09,0,extended_logistic,0.2,298,0.1601700655704272,2038
101493,2025-09,0,extended_logistic,0.2,299,0.1599021519620674,2038
102049,2025-09,0,extended_logistic,0.2,300,0.1597948779146388,2038
101872,2025-09,0,extended_logistic,0.2,301,0.1596131178504623,2038
100365,2025-09,1,extended_logistic,0.2,302,0.1595819989313765,2038
101569,2025-09,0,extended_logistic,0.2,303,0.1589287687459633,2038
100849,2025-09,0,extended_logistic,0.2,304,0.1588587120482848,2038
101860,2025-09,0,extended_logistic,0.2,305,0.1586658569285108,2038
101692,2025-09,1,extended_logistic,0.2,306,0.1581514120717316,2038
100968,2025-09,0,extended_logistic,0.2,307,0.1577304100862988,2038
100167,2025-09,0,extended_logistic,0.2,308,0.1575406042584271,2038
101247,2025-09,0,extended_logistic,0.2,309,0.1567345786326013,2038
100892,2025-09,0,extended_logistic,0.2,310,0.156722405934515,2038
101412,2025-09,0,extended_logistic,0.2,311,0.156540964935264,2038
101869,2025-09,0,extended_logistic,0.2,312,0.1562450659785479,2038
101886,2025-09,0,extended_logistic,0.2,313,0.1558098291047749,2038
100581,2025-09,0,extended_logistic,0.2,314,0.1557782503399284,2038
101107,2025-09,0,extended_logistic,0.2,315,0.1556419301991254,2038
101102,2025-09,0,extended_logistic,0.2,316,0.155260103947198,2038
100034,2025-09,0,extended_logistic,0.2,317,0.1547762088268584,2038
101089,2025-09,0,extended_logistic,0.2,318,0.1545700284113287,2038
100078,2025-09,0,extended_logistic,0.2,319,0.1545149982182795,2038
100337,2025-09,0,extended_logistic,0.2,320,0.1542376481468196,2038
101957,2025-09,0,extended_logistic,0.2,321,0.1540077569715824,2038
100509,2025-09,0,extended_logistic,0.2,322,0.1536015033054222,2038
100912,2025-09,1,extended_logistic,0.2,323,0.1530333389601219,2038
101594,2025-09,0,extended_logistic,0.2,324,0.1525332303890104,2038
101965,2025-09,0,extended_logistic,0.2,325,0.1521684482148524,2038
100948,2025-09,1,extended_logistic,0.2,326,0.152016576924462,2038
101418,2025-09,0,extended_logistic,0.2,327,0.1516830343881525,2038
101906,2025-09,0,extended_logistic,0.2,328,0.1514683764800749,2038
100975,2025-09,0,extended_logistic,0.2,329,0.1511775697408592,2038
100224,2025-09,1,extended_logistic,0.2,330,0.150999242964142,2038
100708,2025-09,0,extended_logistic,0.2,331,0.1503510745670326,2038
101423,2025-09,0,extended_logistic,0.2,332,0.1502843559514969,2038
101820,2025-09,0,extended_logistic,0.2,333,0.1500487488349751,2038
100946,2025-09,1,extended_logistic,0.2,334,0.1498666526414021,2038
101690,2025-09,0,extended_logistic,0.2,335,0.1496071384223317,2038
100878,2025-09,0,extended_logistic,0.2,336,0.1495360424067726,2038
101805,2025-09,0,extended_logistic,0.2,337,0.1494168927256774,2038
101273,2025-09,1,extended_logistic,0.2,338,0.1492573201167884,2038
101232,2025-09,0,extended_logistic,0.2,339,0.1490890901297763,2038
101417,2025-09,0,extended_logistic,0.2,340,0.148384249439016,2038
101215,2025-09,0,extended_logistic,0.2,341,0.1483543110914409,2038
101636,2025-09,0,extended_logistic,0.2,342,0.148312875645204,2038
101523,2025-09,0,extended_logistic,0.2,343,0.1482506187141341,2038
100481,2025-09,0,extended_logistic,0.2,344,0.1480490060269835,2038
101589,2025-09,1,extended_logistic,0.2,345,0.1480424929598908,2038
102080,2025-09,0,extended_logistic,0.2,346,0.1479681074510677,2038
101626,2025-09,0,extended_logistic,0.2,347,0.147858659499056,2038
101846,2025-09,0,extended_logistic,0.2,348,0.147661617354642,2038
100108,2025-09,0,extended_logistic,0.2,349,0.1476282686433609,2038
101119,2025-09,0,extended_logistic,0.2,350,0.1471243760048439,2038
101256,2025-09,0,extended_logistic,0.2,351,0.1468869334456281,2038
100726,2025-09,0,extended_logistic,0.2,352,0.146787792175001,2038
100923,2025-09,0,extended_logistic,0.2,353,0.1461570039611992,2038
100064,2025-09,0,extended_logistic,0.2,354,0.1461221104432434,2038
101377,2025-09,0,extended_logistic,0.2,355,0.1460237700987191,2038
101901,2025-09,0,extended_logistic,0.2,356,0.1460160335413959,2038
101092,2025-09,0,extended_logistic,0.2,357,0.1455244455105263,2038
101219,2025-09,0,extended_logistic,0.2,358,0.1452700575445384,2038
100788,2025-09,0,extended_logistic,0.2,359,0.1449157100234168,2038
101378,2025-09,0,extended_logistic,0.2,360,0.1447337355830456,2038
101409,2025-09,0,extended_logistic,0.2,361,0.1445427352552297,2038
101676,2025-09,0,extended_logistic,0.2,362,0.1443054900502469,2038
101958,2025-09,1,extended_logistic,0.2,363,0.1442523869662305,2038
101506,2025-09,1,extended_logistic,0.2,364,0.1441667249401572,2038
100151,2025-09,0,extended_logistic,0.2,365,0.1438299442283526,2038
101162,2025-09,0,extended_logistic,0.2,366,0.143641743685053,2038
101876,2025-09,1,extended_logistic,0.2,367,0.1433126689368589,2038
101033,2025-09,0,extended_logistic,0.2,368,0.1428058438603624,2038
101478,2025-09,0,extended_logistic,0.2,369,0.1425488433215396,2038
101712,2025-09,1,extended_logistic,0.2,370,0.1422462351226244,2038
100466,2025-09,0,extended_logistic,0.2,371,0.1414538600272986,2038
101019,2025-09,0,extended_logistic,0.2,372,0.1413005261446012,2038
101152,2025-09,0,extended_logistic,0.2,373,0.1411608142639022,2038
100206,2025-09,1,extended_logistic,0.2,374,0.1411164179719912,2038
101435,2025-09,0,extended_logistic,0.2,375,0.1410851957153906,2038
101137,2025-09,0,extended_logistic,0.2,376,0.1405412449437731,2038
101349,2025-09,0,extended_logistic,0.2,377,0.1404261215349454,2038
100987,2025-09,0,extended_logistic,0.2,378,0.1402838586385656,2038
101992,2025-09,0,extended_logistic,0.2,379,0.1395365853552576,2038
100773,2025-09,0,extended_logistic,0.2,380,0.1387420166322512,2038
101948,2025-09,0,extended_logistic,0.2,381,0.1384478457511498,2038
100610,2025-09,0,extended_logistic,0.2,382,0.1384112049449661,2038
100882,2025-09,0,extended_logistic,0.2,383,0.1383607288983651,2038
100792,2025-09,0,extended_logistic,0.2,384,0.1377815778555773,2038
100716,2025-09,0,extended_logistic,0.2,385,0.1374573966870152,2038
100910,2025-09,0,extended_logistic,0.2,386,0.1373227155035479,2038
100076,2025-09,0,extended_logistic,0.2,387,0.1370326642334859,2038
100857,2025-09,0,extended_logistic,0.2,388,0.1366895143908642,2038
100494,2025-09,0,extended_logistic,0.2,389,0.1365938644607685,2038
100700,2025-09,0,extended_logistic,0.2,390,0.1362057457650595,2038
100067,2025-09,1,extended_logistic,0.2,391,0.1361853292797218,2038
102013,2025-09,0,extended_logistic,0.2,392,0.1360301233228615,2038
101379,2025-09,0,extended_logistic,0.2,393,0.1355038738134387,2038
100441,2025-09,0,extended_logistic,0.2,394,0.1354688505540007,2038
101320,2025-09,0,extended_logistic,0.2,395,0.135012738912414,2038
100794,2025-09,0,extended_logistic,0.2,396,0.1346778473312622,2038
101330,2025-09,0,extended_logistic,0.2,397,0.1344786344990977,2038
101945,2025-09,0,extended_logistic,0.2,398,0.1343988187004049,2038
102099,2025-09,1,extended_logistic,0.2,399,0.1341521033896597,2038
100587,2025-09,0,extended_logistic,0.2,400,0.134011692879119,2038
101928,2025-09,0,extended_logistic,0.2,401,0.1336911546621274,2038
101911,2025-09,0,extended_logistic,0.2,402,0.1334032690060349,2038
101753,2025-09,0,extended_logistic,0.2,403,0.1333763770849734,2038
101462,2025-09,0,extended_logistic,0.2,404,0.1333207779899203,2038
101365,2025-09,0,extended_logistic,0.2,405,0.1333030470206111,2038
101224,2025-09,0,extended_logistic,0.2,406,0.1332891652421651,2038
101646,2025-09,0,extended_logistic,0.2,407,0.1331439741357944,2038
100058,2025-09,1,extended_logistic,0.2,408,0.13246335711556,2038
101077,2025-10,0,decile,0.05,1,1.0,2021
100610,2025-10,0,decile,0.05,2,1.0,2021
101620,2025-10,0,decile,0.05,3,1.0,2021
102079,2025-10,1,decile,0.05,4,1.0,2021
101084,2025-10,0,decile,0.05,5,1.0,2021
101684,2025-10,1,decile,0.05,6,1.0,2021
101449,2025-10,1,decile,0.05,7,1.0,2021
101726,2025-10,0,decile,0.05,8,1.0,2021
102078,2025-10,0,decile,0.05,9,1.0,2021
100422,2025-10,0,decile,0.05,10,1.0,2021
101259,2025-10,1,decile,0.05,11,1.0,2021
101527,2025-10,0,decile,0.05,12,1.0,2021
101246,2025-10,0,decile,0.05,13,1.0,2021
100215,2025-10,0,decile,0.05,14,1.0,2021
100665,2025-10,0,decile,0.05,15,1.0,2021
102037,2025-10,1,decile,0.05,16,1.0,2021
102096,2025-10,0,decile,0.05,17,1.0,2021
100508,2025-10,0,decile,0.05,18,1.0,2021
101282,2025-10,0,decile,0.05,19,1.0,2021
101922,2025-10,0,decile,0.05,20,1.0,2021
100300,2025-10,0,decile,0.05,21,1.0,2021
100193,2025-10,1,decile,0.05,22,1.0,2021
101097,2025-10,1,decile,0.05,23,1.0,2021
101772,2025-10,0,decile,0.05,24,1.0,2021
100530,2025-10,0,decile,0.05,25,1.0,2021
101412,2025-10,0,decile,0.05,26,1.0,2021
101909,2025-10,1,decile,0.05,27,1.0,2021
100332,2025-10,0,decile,0.05,28,1.0,2021
101305,2025-10,0,decile,0.05,29,1.0,2021
100704,2025-10,1,decile,0.05,30,1.0,2021
101754,2025-10,0,decile,0.05,31,1.0,2021
100453,2025-10,1,decile,0.05,32,1.0,2021
101798,2025-10,0,decile,0.05,33,1.0,2021
100698,2025-10,0,decile,0.05,34,1.0,2021
100817,2025-10,0,decile,0.05,35,1.0,2021
101613,2025-10,0,decile,0.05,36,1.0,2021
102019,2025-10,0,decile,0.05,37,1.0,2021
101578,2025-10,0,decile,0.05,38,1.0,2021
100878,2025-10,0,decile,0.05,39,1.0,2021
100487,2025-10,0,decile,0.05,40,1.0,2021
101406,2025-10,0,decile,0.05,41,1.0,2021
100672,2025-10,0,decile,0.05,42,1.0,2021
101448,2025-10,0,decile,0.05,43,1.0,2021
101350,2025-10,0,decile,0.05,44,1.0,2021
101378,2025-10,1,decile,0.05,45,1.0,2021
101738,2025-10,0,decile,0.05,46,1.0,2021
101660,2025-10,0,decile,0.05,47,1.0,2021
101690,2025-10,1,decile,0.05,48,1.0,2021
100017,2025-10,0,decile,0.05,49,1.0,2021
101471,2025-10,1,decile,0.05,50,1.0,2021
100115,2025-10,0,decile,0.05,51,1.0,2021
100803,2025-10,1,decile,0.05,52,1.0,2021
101543,2025-10,0,decile,0.05,53,1.0,2021
100892,2025-10,1,decile,0.05,54,1.0,2021
100686,2025-10,0,decile,0.05,55,1.0,2021
100823,2025-10,1,decile,0.05,56,1.0,2021
101124,2025-10,0,decile,0.05,57,1.0,2021
100608,2025-10,0,decile,0.05,58,1.0,2021
100267,2025-10,0,decile,0.05,59,1.0,2021
101916,2025-10,0,decile,0.05,60,1.0,2021
100609,2025-10,0,decile,0.05,61,1.0,2021
100579,2025-10,0,decile,0.05,62,1.0,2021
101883,2025-10,0,decile,0.05,63,1.0,2021
100214,2025-10,0,decile,0.05,64,1.0,2021
101727,2025-10,1,decile,0.05,65,1.0,2021
100276,2025-10,1,decile,0.05,66,1.0,2021
100752,2025-10,0,decile,0.05,67,1.0,2021
100774,2025-10,0,decile,0.05,68,1.0,2021
100145,2025-10,0,decile,0.05,69,1.0,2021
100912,2025-10,0,decile,0.05,70,1.0,2021
101890,2025-10,0,decile,0.05,71,1.0,2021
100383,2025-10,0,decile,0.05,72,1.0,2021
100041,2025-10,0,decile,0.05,73,1.0,2021
100758,2025-10,0,decile,0.05,74,1.0,2021
101569,2025-10,0,decile,0.05,75,1.0,2021
100015,2025-10,0,decile,0.05,76,1.0,2021
101382,2025-10,0,decile,0.05,77,1.0,2021
100702,2025-10,1,decile,0.05,78,1.0,2021
100104,2025-10,0,decile,0.05,79,1.0,2021
100644,2025-10,0,decile,0.05,80,1.0,2021
101811,2025-10,1,decile,0.05,81,1.0,2021
101365,2025-10,1,decile,0.05,82,1.0,2021
101044,2025-10,0,decile,0.05,83,1.0,2021
102025,2025-10,0,decile,0.05,84,1.0,2021
101154,2025-10,0,decile,0.05,85,1.0,2021
100078,2025-10,0,decile,0.05,86,1.0,2021
101173,2025-10,1,decile,0.05,87,1.0,2021
101505,2025-10,0,decile,0.05,88,1.0,2021
100968,2025-10,0,decile,0.05,89,1.0,2021
100496,2025-10,0,decile,0.05,90,1.0,2021
101752,2025-10,0,decile,0.05,91,1.0,2021
100901,2025-10,0,decile,0.05,92,1.0,2021
101367,2025-10,0,decile,0.05,93,1.0,2021
100560,2025-10,0,decile,0.05,94,1.0,2021
101672,2025-10,0,decile,0.05,95,1.0,2021
102067,2025-10,1,decile,0.05,96,1.0,2021
101414,2025-10,0,decile,0.05,97,1.0,2021
100241,2025-10,0,decile,0.05,98,1.0,2021
101276,2025-10,0,decile,0.05,99,1.0,2021
101724,2025-10,1,decile,0.05,100,1.0,2021
101709,2025-10,0,decile,0.05,101,1.0,2021
100275,2025-10,1,decile,0.05,102,1.0,2021
101077,2025-10,0,decile,0.1,1,1.0,2021
100610,2025-10,0,decile,0.1,2,1.0,2021
101620,2025-10,0,decile,0.1,3,1.0,2021
102079,2025-10,1,decile,0.1,4,1.0,2021
101084,2025-10,0,decile,0.1,5,1.0,2021
101684,2025-10,1,decile,0.1,6,1.0,2021
101449,2025-10,1,decile,0.1,7,1.0,2021
101726,2025-10,0,decile,0.1,8,1.0,2021
102078,2025-10,0,decile,0.1,9,1.0,2021
100422,2025-10,0,decile,0.1,10,1.0,2021
101259,2025-10,1,decile,0.1,11,1.0,2021
101527,2025-10,0,decile,0.1,12,1.0,2021
101246,2025-10,0,decile,0.1,13,1.0,2021
100215,2025-10,0,decile,0.1,14,1.0,2021
100665,2025-10,0,decile,0.1,15,1.0,2021
102037,2025-10,1,decile,0.1,16,1.0,2021
102096,2025-10,0,decile,0.1,17,1.0,2021
100508,2025-10,0,decile,0.1,18,1.0,2021
101282,2025-10,0,decile,0.1,19,1.0,2021
101922,2025-10,0,decile,0.1,20,1.0,2021
100300,2025-10,0,decile,0.1,21,1.0,2021
100193,2025-10,1,decile,0.1,22,1.0,2021
101097,2025-10,1,decile,0.1,23,1.0,2021
101772,2025-10,0,decile,0.1,24,1.0,2021
100530,2025-10,0,decile,0.1,25,1.0,2021
101412,2025-10,0,decile,0.1,26,1.0,2021
101909,2025-10,1,decile,0.1,27,1.0,2021
100332,2025-10,0,decile,0.1,28,1.0,2021
101305,2025-10,0,decile,0.1,29,1.0,2021
100704,2025-10,1,decile,0.1,30,1.0,2021
101754,2025-10,0,decile,0.1,31,1.0,2021
100453,2025-10,1,decile,0.1,32,1.0,2021
101798,2025-10,0,decile,0.1,33,1.0,2021
100698,2025-10,0,decile,0.1,34,1.0,2021
100817,2025-10,0,decile,0.1,35,1.0,2021
101613,2025-10,0,decile,0.1,36,1.0,2021
102019,2025-10,0,decile,0.1,37,1.0,2021
101578,2025-10,0,decile,0.1,38,1.0,2021
100878,2025-10,0,decile,0.1,39,1.0,2021
100487,2025-10,0,decile,0.1,40,1.0,2021
101406,2025-10,0,decile,0.1,41,1.0,2021
100672,2025-10,0,decile,0.1,42,1.0,2021
101448,2025-10,0,decile,0.1,43,1.0,2021
101350,2025-10,0,decile,0.1,44,1.0,2021
101378,2025-10,1,decile,0.1,45,1.0,2021
101738,2025-10,0,decile,0.1,46,1.0,2021
101660,2025-10,0,decile,0.1,47,1.0,2021
101690,2025-10,1,decile,0.1,48,1.0,2021
100017,2025-10,0,decile,0.1,49,1.0,2021
101471,2025-10,1,decile,0.1,50,1.0,2021
100115,2025-10,0,decile,0.1,51,1.0,2021
100803,2025-10,1,decile,0.1,52,1.0,2021
101543,2025-10,0,decile,0.1,53,1.0,2021
100892,2025-10,1,decile,0.1,54,1.0,2021
100686,2025-10,0,decile,0.1,55,1.0,2021
100823,2025-10,1,decile,0.1,56,1.0,2021
101124,2025-10,0,decile,0.1,57,1.0,2021
100608,2025-10,0,decile,0.1,58,1.0,2021
100267,2025-10,0,decile,0.1,59,1.0,2021
101916,2025-10,0,decile,0.1,60,1.0,2021
100609,2025-10,0,decile,0.1,61,1.0,2021
100579,2025-10,0,decile,0.1,62,1.0,2021
101883,2025-10,0,decile,0.1,63,1.0,2021
100214,2025-10,0,decile,0.1,64,1.0,2021
101727,2025-10,1,decile,0.1,65,1.0,2021
100276,2025-10,1,decile,0.1,66,1.0,2021
100752,2025-10,0,decile,0.1,67,1.0,2021
100774,2025-10,0,decile,0.1,68,1.0,2021
100145,2025-10,0,decile,0.1,69,1.0,2021
100912,2025-10,0,decile,0.1,70,1.0,2021
101890,2025-10,0,decile,0.1,71,1.0,2021
100383,2025-10,0,decile,0.1,72,1.0,2021
100041,2025-10,0,decile,0.1,73,1.0,2021
100758,2025-10,0,decile,0.1,74,1.0,2021
101569,2025-10,0,decile,0.1,75,1.0,2021
100015,2025-10,0,decile,0.1,76,1.0,2021
101382,2025-10,0,decile,0.1,77,1.0,2021
100702,2025-10,1,decile,0.1,78,1.0,2021
100104,2025-10,0,decile,0.1,79,1.0,2021
100644,2025-10,0,decile,0.1,80,1.0,2021
101811,2025-10,1,decile,0.1,81,1.0,2021
101365,2025-10,1,decile,0.1,82,1.0,2021
101044,2025-10,0,decile,0.1,83,1.0,2021
102025,2025-10,0,decile,0.1,84,1.0,2021
101154,2025-10,0,decile,0.1,85,1.0,2021
100078,2025-10,0,decile,0.1,86,1.0,2021
101173,2025-10,1,decile,0.1,87,1.0,2021
101505,2025-10,0,decile,0.1,88,1.0,2021
100968,2025-10,0,decile,0.1,89,1.0,2021
100496,2025-10,0,decile,0.1,90,1.0,2021
101752,2025-10,0,decile,0.1,91,1.0,2021
100901,2025-10,0,decile,0.1,92,1.0,2021
101367,2025-10,0,decile,0.1,93,1.0,2021
100560,2025-10,0,decile,0.1,94,1.0,2021
101672,2025-10,0,decile,0.1,95,1.0,2021
102067,2025-10,1,decile,0.1,96,1.0,2021
101414,2025-10,0,decile,0.1,97,1.0,2021
100241,2025-10,0,decile,0.1,98,1.0,2021
101276,2025-10,0,decile,0.1,99,1.0,2021
101724,2025-10,1,decile,0.1,100,1.0,2021
101709,2025-10,0,decile,0.1,101,1.0,2021
100275,2025-10,1,decile,0.1,102,1.0,2021
100175,2025-10,1,decile,0.1,103,1.0,2021
100587,2025-10,0,decile,0.1,104,1.0,2021
101160,2025-10,0,decile,0.1,105,1.0,2021
100636,2025-10,0,decile,0.1,106,1.0,2021
100773,2025-10,1,decile,0.1,107,1.0,2021
101776,2025-10,0,decile,0.1,108,1.0,2021
100684,2025-10,0,decile,0.1,109,1.0,2021
101839,2025-10,1,decile,0.1,110,1.0,2021
101788,2025-10,0,decile,0.1,111,1.0,2021
100242,2025-10,0,decile,0.1,112,1.0,2021
101319,2025-10,0,decile,0.1,113,1.0,2021
100485,2025-10,0,decile,0.1,114,1.0,2021
100073,2025-10,0,decile,0.1,115,1.0,2021
100708,2025-10,0,decile,0.1,116,1.0,2021
100519,2025-10,0,decile,0.1,117,1.0,2021
100585,2025-10,0,decile,0.1,118,1.0,2021
101067,2025-10,0,decile,0.1,119,1.0,2021
101692,2025-10,0,decile,0.1,120,1.0,2021
100148,2025-10,0,decile,0.1,121,1.0,2021
101598,2025-10,0,decile,0.1,122,1.0,2021
100216,2025-10,0,decile,0.1,123,1.0,2021
101945,2025-10,0,decile,0.1,124,1.0,2021
101087,2025-10,0,decile,0.1,125,1.0,2021
100616,2025-10,0,decile,0.1,126,1.0,2021
100197,2025-10,0,decile,0.1,127,1.0,2021
100990,2025-10,0,decile,0.1,128,1.0,2021
100123,2025-10,0,decile,0.1,129,1.0,2021
100745,2025-10,0,decile,0.1,130,1.0,2021
100919,2025-10,0,decile,0.1,131,1.0,2021
101928,2025-10,0,decile,0.1,132,1.0,2021
101746,2025-10,0,decile,0.1,133,1.0,2021
100056,2025-10,0,decile,0.1,134,1.0,2021
100166,2025-10,0,decile,0.1,135,1.0,2021
101878,2025-10,0,decile,0.1,136,1.0,2021
100340,2025-10,0,decile,0.1,137,1.0,2021
101913,2025-10,0,decile,0.1,138,1.0,2021
100592,2025-10,0,decile,0.1,139,1.0,2021
102089,2025-10,1,decile,0.1,140,1.0,2021
101990,2025-10,0,decile,0.1,141,1.0,2021
100795,2025-10,0,decile,0.1,142,1.0,2021
101783,2025-10,0,decile,0.1,143,1.0,2021
101301,2025-10,0,decile,0.1,144,1.0,2021
101704,2025-10,0,decile,0.1,145,1.0,2021
100650,2025-10,0,decile,0.1,146,1.0,2021
101857,2025-10,1,decile,0.1,147,1.0,2021
101140,2025-10,0,decile,0.1,148,1.0,2021
100559,2025-10,0,decile,0.1,149,1.0,2021
101320,2025-10,0,decile,0.1,150,1.0,2021
101971,2025-10,0,decile,0.1,151,1.0,2021
101228,2025-10,1,decile,0.1,152,1.0,2021
101071,2025-10,0,decile,0.1,153,1.0,2021
102053,2025-10,1,decile,0.1,154,1.0,2021
100477,2025-10,0,decile,0.1,155,1.0,2021
100854,2025-10,0,decile,0.1,156,1.0,2021
101466,2025-10,0,decile,0.1,157,1.0,2021
101455,2025-10,0,decile,0.1,158,1.0,2021
100992,2025-10,0,decile,0.1,159,1.0,2021
100627,2025-10,0,decile,0.1,160,1.0,2021
102029,2025-10,0,decile,0.1,161,1.0,2021
101601,2025-10,0,decile,0.1,162,1.0,2021
102081,2025-10,0,decile,0.1,163,1.0,2021
101952,2025-10,0,decile,0.1,164,1.0,2021
100624,2025-10,0,decile,0.1,165,1.0,2021
100936,2025-10,0,decile,0.1,166,1.0,2021
100298,2025-10,0,decile,0.1,167,1.0,2021
101516,2025-10,0,decile,0.1,168,1.0,2021
101761,2025-10,0,decile,0.1,169,1.0,2021
100229,2025-10,0,decile,0.1,170,1.0,2021
100296,2025-10,0,decile,0.1,171,1.0,2021
100724,2025-10,0,decile,0.1,172,1.0,2021
101607,2025-10,1,decile,0.1,173,1.0,2021
101965,2025-10,1,decile,0.1,174,1.0,2021
101222,2025-10,1,decile,0.1,175,1.0,2021
100322,2025-10,0,decile,0.1,176,1.0,2021
100977,2025-10,0,decile,0.1,177,1.0,2021
101437,2025-10,0,decile,0.1,178,1.0,2021
101638,2025-10,0,decile,0.1,179,1.0,2021
101379,2025-10,0,decile,0.1,180,1.0,2021
100661,2025-10,1,decile,0.1,181,1.0,2021
100829,2025-10,0,decile,0.1,182,1.0,2021
100744,2025-10,1,decile,0.1,183,1.0,2021
100775,2025-10,0,decile,0.1,184,1.0,2021
100925,2025-10,0,decile,0.1,185,1.0,2021
100678,2025-10,0,decile,0.1,186,1.0,2021
100218,2025-10,1,decile,0.1,187,1.0,2021
100361,2025-10,0,decile,0.1,188,1.0,2021
101202,2025-10,1,decile,0.1,189,1.0,2021
100334,2025-10,0,decile,0.1,190,1.0,2021
101642,2025-10,0,decile,0.1,191,1.0,2021
102051,2025-10,1,decile,0.1,192,1.0,2021
101645,2025-10,0,decile,0.1,193,1.0,2021
101309,2025-10,0,decile,0.1,194,1.0,2021
102040,2025-10,0,decile,0.1,195,1.0,2021
100256,2025-10,0,decile,0.1,196,1.0,2021
101837,2025-10,0,decile,0.1,197,1.0,2021
101888,2025-10,0,decile,0.1,198,1.0,2021
101280,2025-10,1,decile,0.1,199,1.0,2021
101447,2025-10,0,decile,0.1,200,1.0,2021
101489,2025-10,0,decile,0.1,201,1.0,2021
101478,2025-10,1,decile,0.1,202,1.0,2021
101005,2025-10,0,decile,0.1,203,1.0,2021
101077,2025-10,0,decile,0.2,1,1.0,2021
100610,2025-10,0,decile,0.2,2,1.0,2021
101620,2025-10,0,decile,0.2,3,1.0,2021
102079,2025-10,1,decile,0.2,4,1.0,2021
101084,2025-10,0,decile,0.2,5,1.0,2021
101684,2025-10,1,decile,0.2,6,1.0,2021
101449,2025-10,1,decile,0.2,7,1.0,2021
101726,2025-10,0,decile,0.2,8,1.0,2021
102078,2025-10,0,decile,0.2,9,1.0,2021
100422,2025-10,0,decile,0.2,10,1.0,2021
101259,2025-10,1,decile,0.2,11,1.0,2021
101527,2025-10,0,decile,0.2,12,1.0,2021
101246,2025-10,0,decile,0.2,13,1.0,2021
100215,2025-10,0,decile,0.2,14,1.0,2021
100665,2025-10,0,decile,0.2,15,1.0,2021
102037,2025-10,1,decile,0.2,16,1.0,2021
102096,2025-10,0,decile,0.2,17,1.0,2021
100508,2025-10,0,decile,0.2,18,1.0,2021
101282,2025-10,0,decile,0.2,19,1.0,2021
101922,2025-10,0,decile,0.2,20,1.0,2021
100300,2025-10,0,decile,0.2,21,1.0,2021
100193,2025-10,1,decile,0.2,22,1.0,2021
101097,2025-10,1,decile,0.2,23,1.0,2021
101772,2025-10,0,decile,0.2,24,1.0,2021
100530,2025-10,0,decile,0.2,25,1.0,2021
101412,2025-10,0,decile,0.2,26,1.0,2021
101909,2025-10,1,decile,0.2,27,1.0,2021
100332,2025-10,0,decile,0.2,28,1.0,2021
101305,2025-10,0,decile,0.2,29,1.0,2021
100704,2025-10,1,decile,0.2,30,1.0,2021
101754,2025-10,0,decile,0.2,31,1.0,2021
100453,2025-10,1,decile,0.2,32,1.0,2021
101798,2025-10,0,decile,0.2,33,1.0,2021
100698,2025-10,0,decile,0.2,34,1.0,2021
100817,2025-10,0,decile,0.2,35,1.0,2021
101613,2025-10,0,decile,0.2,36,1.0,2021
102019,2025-10,0,decile,0.2,37,1.0,2021
101578,2025-10,0,decile,0.2,38,1.0,2021
100878,2025-10,0,decile,0.2,39,1.0,2021
100487,2025-10,0,decile,0.2,40,1.0,2021
101406,2025-10,0,decile,0.2,41,1.0,2021
100672,2025-10,0,decile,0.2,42,1.0,2021
101448,2025-10,0,decile,0.2,43,1.0,2021
101350,2025-10,0,decile,0.2,44,1.0,2021
101378,2025-10,1,decile,0.2,45,1.0,2021
101738,2025-10,0,decile,0.2,46,1.0,2021
101660,2025-10,0,decile,0.2,47,1.0,2021
101690,2025-10,1,decile,0.2,48,1.0,2021
100017,2025-10,0,decile,0.2,49,1.0,2021
101471,2025-10,1,decile,0.2,50,1.0,2021
100115,2025-10,0,decile,0.2,51,1.0,2021
100803,2025-10,1,decile,0.2,52,1.0,2021
101543,2025-10,0,decile,0.2,53,1.0,2021
100892,2025-10,1,decile,0.2,54,1.0,2021
100686,2025-10,0,decile,0.2,55,1.0,2021
100823,2025-10,1,decile,0.2,56,1.0,2021
101124,2025-10,0,decile,0.2,57,1.0,2021
100608,2025-10,0,decile,0.2,58,1.0,2021
100267,2025-10,0,decile,0.2,59,1.0,2021
101916,2025-10,0,decile,0.2,60,1.0,2021
100609,2025-10,0,decile,0.2,61,1.0,2021
100579,2025-10,0,decile,0.2,62,1.0,2021
101883,2025-10,0,decile,0.2,63,1.0,2021
100214,2025-10,0,decile,0.2,64,1.0,2021
101727,2025-10,1,decile,0.2,65,1.0,2021
100276,2025-10,1,decile,0.2,66,1.0,2021
100752,2025-10,0,decile,0.2,67,1.0,2021
100774,2025-10,0,decile,0.2,68,1.0,2021
100145,2025-10,0,decile,0.2,69,1.0,2021
100912,2025-10,0,decile,0.2,70,1.0,2021
101890,2025-10,0,decile,0.2,71,1.0,2021
100383,2025-10,0,decile,0.2,72,1.0,2021
100041,2025-10,0,decile,0.2,73,1.0,2021
100758,2025-10,0,decile,0.2,74,1.0,2021
101569,2025-10,0,decile,0.2,75,1.0,2021
100015,2025-10,0,decile,0.2,76,1.0,2021
101382,2025-10,0,decile,0.2,77,1.0,2021
100702,2025-10,1,decile,0.2,78,1.0,2021
100104,2025-10,0,decile,0.2,79,1.0,2021
100644,2025-10,0,decile,0.2,80,1.0,2021
101811,2025-10,1,decile,0.2,81,1.0,2021
101365,2025-10,1,decile,0.2,82,1.0,2021
101044,2025-10,0,decile,0.2,83,1.0,2021
102025,2025-10,0,decile,0.2,84,1.0,2021
101154,2025-10,0,decile,0.2,85,1.0,2021
100078,2025-10,0,decile,0.2,86,1.0,2021
101173,2025-10,1,decile,0.2,87,1.0,2021
101505,2025-10,0,decile,0.2,88,1.0,2021
100968,2025-10,0,decile,0.2,89,1.0,2021
100496,2025-10,0,decile,0.2,90,1.0,2021
101752,2025-10,0,decile,0.2,91,1.0,2021
100901,2025-10,0,decile,0.2,92,1.0,2021
101367,2025-10,0,decile,0.2,93,1.0,2021
100560,2025-10,0,decile,0.2,94,1.0,2021
101672,2025-10,0,decile,0.2,95,1.0,2021
102067,2025-10,1,decile,0.2,96,1.0,2021
101414,2025-10,0,decile,0.2,97,1.0,2021
100241,2025-10,0,decile,0.2,98,1.0,2021
101276,2025-10,0,decile,0.2,99,1.0,2021
101724,2025-10,1,decile,0.2,100,1.0,2021
101709,2025-10,0,decile,0.2,101,1.0,2021
100275,2025-10,1,decile,0.2,102,1.0,2021
100175,2025-10,1,decile,0.2,103,1.0,2021
100587,2025-10,0,decile,0.2,104,1.0,2021
101160,2025-10,0,decile,0.2,105,1.0,2021
100636,2025-10,0,decile,0.2,106,1.0,2021
100773,2025-10,1,decile,0.2,107,1.0,2021
101776,2025-10,0,decile,0.2,108,1.0,2021
100684,2025-10,0,decile,0.2,109,1.0,2021
101839,2025-10,1,decile,0.2,110,1.0,2021
101788,2025-10,0,decile,0.2,111,1.0,2021
100242,2025-10,0,decile,0.2,112,1.0,2021
101319,2025-10,0,decile,0.2,113,1.0,2021
100485,2025-10,0,decile,0.2,114,1.0,2021
100073,2025-10,0,decile,0.2,115,1.0,2021
100708,2025-10,0,decile,0.2,116,1.0,2021
100519,2025-10,0,decile,0.2,117,1.0,2021
100585,2025-10,0,decile,0.2,118,1.0,2021
101067,2025-10,0,decile,0.2,119,1.0,2021
101692,2025-10,0,decile,0.2,120,1.0,2021
100148,2025-10,0,decile,0.2,121,1.0,2021
101598,2025-10,0,decile,0.2,122,1.0,2021
100216,2025-10,0,decile,0.2,123,1.0,2021
101945,2025-10,0,decile,0.2,124,1.0,2021
101087,2025-10,0,decile,0.2,125,1.0,2021
100616,2025-10,0,decile,0.2,126,1.0,2021
100197,2025-10,0,decile,0.2,127,1.0,2021
100990,2025-10,0,decile,0.2,128,1.0,2021
100123,2025-10,0,decile,0.2,129,1.0,2021
100745,2025-10,0,decile,0.2,130,1.0,2021
100919,2025-10,0,decile,0.2,131,1.0,2021
101928,2025-10,0,decile,0.2,132,1.0,2021
101746,2025-10,0,decile,0.2,133,1.0,2021
100056,2025-10,0,decile,0.2,134,1.0,2021
100166,2025-10,0,decile,0.2,135,1.0,2021
101878,2025-10,0,decile,0.2,136,1.0,2021
100340,2025-10,0,decile,0.2,137,1.0,2021
101913,2025-10,0,decile,0.2,138,1.0,2021
100592,2025-10,0,decile,0.2,139,1.0,2021
102089,2025-10,1,decile,0.2,140,1.0,2021
101990,2025-10,0,decile,0.2,141,1.0,2021
100795,2025-10,0,decile,0.2,142,1.0,2021
101783,2025-10,0,decile,0.2,143,1.0,2021
101301,2025-10,0,decile,0.2,144,1.0,2021
101704,2025-10,0,decile,0.2,145,1.0,2021
100650,2025-10,0,decile,0.2,146,1.0,2021
101857,2025-10,1,decile,0.2,147,1.0,2021
101140,2025-10,0,decile,0.2,148,1.0,2021
100559,2025-10,0,decile,0.2,149,1.0,2021
101320,2025-10,0,decile,0.2,150,1.0,2021
101971,2025-10,0,decile,0.2,151,1.0,2021
101228,2025-10,1,decile,0.2,152,1.0,2021
101071,2025-10,0,decile,0.2,153,1.0,2021
102053,2025-10,1,decile,0.2,154,1.0,2021
100477,2025-10,0,decile,0.2,155,1.0,2021
100854,2025-10,0,decile,0.2,156,1.0,2021
101466,2025-10,0,decile,0.2,157,1.0,2021
101455,2025-10,0,decile,0.2,158,1.0,2021
100992,2025-10,0,decile,0.2,159,1.0,2021
100627,2025-10,0,decile,0.2,160,1.0,2021
102029,2025-10,0,decile,0.2,161,1.0,2021
101601,2025-10,0,decile,0.2,162,1.0,2021
102081,2025-10,0,decile,0.2,163,1.0,2021
101952,2025-10,0,decile,0.2,164,1.0,2021
100624,2025-10,0,decile,0.2,165,1.0,2021
100936,2025-10,0,decile,0.2,166,1.0,2021
100298,2025-10,0,decile,0.2,167,1.0,2021
101516,2025-10,0,decile,0.2,168,1.0,2021
101761,2025-10,0,decile,0.2,169,1.0,2021
100229,2025-10,0,decile,0.2,170,1.0,2021
100296,2025-10,0,decile,0.2,171,1.0,2021
100724,2025-10,0,decile,0.2,172,1.0,2021
101607,2025-10,1,decile,0.2,173,1.0,2021
101965,2025-10,1,decile,0.2,174,1.0,2021
101222,2025-10,1,decile,0.2,175,1.0,2021
100322,2025-10,0,decile,0.2,176,1.0,2021
100977,2025-10,0,decile,0.2,177,1.0,2021
101437,2025-10,0,decile,0.2,178,1.0,2021
101638,2025-10,0,decile,0.2,179,1.0,2021
101379,2025-10,0,decile,0.2,180,1.0,2021
100661,2025-10,1,decile,0.2,181,1.0,2021
100829,2025-10,0,decile,0.2,182,1.0,2021
100744,2025-10,1,decile,0.2,183,1.0,2021
100775,2025-10,0,decile,0.2,184,1.0,2021
100925,2025-10,0,decile,0.2,185,1.0,2021
100678,2025-10,0,decile,0.2,186,1.0,2021
100218,2025-10,1,decile,0.2,187,1.0,2021
100361,2025-10,0,decile,0.2,188,1.0,2021
101202,2025-10,1,decile,0.2,189,1.0,2021
100334,2025-10,0,decile,0.2,190,1.0,2021
101642,2025-10,0,decile,0.2,191,1.0,2021
102051,2025-10,1,decile,0.2,192,1.0,2021
101645,2025-10,0,decile,0.2,193,1.0,2021
101309,2025-10,0,decile,0.2,194,1.0,2021
102040,2025-10,0,decile,0.2,195,1.0,2021
100256,2025-10,0,decile,0.2,196,1.0,2021
101837,2025-10,0,decile,0.2,197,1.0,2021
101888,2025-10,0,decile,0.2,198,1.0,2021
101280,2025-10,1,decile,0.2,199,1.0,2021
101447,2025-10,0,decile,0.2,200,1.0,2021
101489,2025-10,0,decile,0.2,201,1.0,2021
101478,2025-10,1,decile,0.2,202,1.0,2021
101005,2025-10,0,decile,0.2,203,1.0,2021
101871,2025-10,1,decile,0.2,204,1.0,2021
100882,2025-10,1,decile,0.2,205,1.0,2021
100670,2025-10,0,decile,0.2,206,1.0,2021
100066,2025-10,0,decile,0.2,207,1.0,2021
101639,2025-10,0,decile,0.2,208,1.0,2021
100170,2025-10,0,decile,0.2,209,1.0,2021
100777,2025-10,0,decile,0.2,210,1.0,2021
100877,2025-10,0,decile,0.2,211,1.0,2021
100564,2025-10,0,decile,0.2,212,1.0,2021
100161,2025-10,0,decile,0.2,213,1.0,2021
100320,2025-10,0,decile,0.2,214,0.9,2021
101232,2025-10,1,decile,0.2,215,0.9,2021
100113,2025-10,0,decile,0.2,216,0.9,2021
101474,2025-10,0,decile,0.2,217,0.9,2021
101215,2025-10,0,decile,0.2,218,0.9,2021
100591,2025-10,0,decile,0.2,219,0.9,2021
101832,2025-10,1,decile,0.2,220,0.9,2021
100870,2025-10,0,decile,0.2,221,0.9,2021
101919,2025-10,1,decile,0.2,222,0.9,2021
101953,2025-10,0,decile,0.2,223,0.9,2021
102005,2025-10,0,decile,0.2,224,0.9,2021
100002,2025-10,1,decile,0.2,225,0.9,2021
100883,2025-10,0,decile,0.2,226,0.9,2021
101179,2025-10,1,decile,0.2,227,0.9,2021
100429,2025-10,0,decile,0.2,228,0.9,2021
100907,2025-10,0,decile,0.2,229,0.9,2021
100225,2025-10,0,decile,0.2,230,0.9,2021
101936,2025-10,0,decile,0.2,231,0.9,2021
101895,2025-10,1,decile,0.2,232,0.9,2021
101623,2025-10,1,decile,0.2,233,0.9,2021
101825,2025-10,0,decile,0.2,234,0.9,2021
100233,2025-10,0,decile,0.2,235,0.9,2021
100681,2025-10,0,decile,0.2,236,0.9,2021
102059,2025-10,0,decile,0.2,237,0.9,2021
100345,2025-10,1,decile,0.2,238,0.9,2021
100762,2025-10,0,decile,0.2,239,0.9,2021
101343,2025-10,0,decile,0.2,240,0.9,2021
101903,2025-10,0,decile,0.2,241,0.9,2021
100376,2025-10,0,decile,0.2,242,0.9,2021
100768,2025-10,1,decile,0.2,243,0.9,2021
100139,2025-10,0,decile,0.2,244,0.9,2021
100815,2025-10,0,decile,0.2,245,0.9,2021
101377,2025-10,0,decile,0.2,246,0.9,2021
101986,2025-10,0,decile,0.2,247,0.9,2021
101647,2025-10,0,decile,0.2,248,0.9,2021
102062,2025-10,0,decile,0.2,249,0.9,2021
100986,2025-10,1,decile,0.2,250,0.9,2021
100448,2025-10,0,decile,0.2,251,0.9,2021
100393,2025-10,0,decile,0.2,252,0.9,2021
101507,2025-10,0,decile,0.2,253,0.9,2021
101011,2025-10,0,decile,0.2,254,0.9,2021
101285,2025-10,0,decile,0.2,255,0.9,2021
101629,2025-10,0,decile,0.2,256,0.9,2021
101415,2025-10,0,decile,0.2,257,0.9,2021
101809,2025-10,0,decile,0.2,258,0.9,2021
101882,2025-10,0,decile,0.2,259,0.9,2021
101756,2025-10,1,decile,0.2,260,0.9,2021
101016,2025-10,0,decile,0.2,261,0.9,2021
101670,2025-10,0,decile,0.2,262,0.9,2021
101031,2025-10,0,decile,0.2,263,0.9,2021
102049,2025-10,0,decile,0.2,264,0.9,2021
101298,2025-10,0,decile,0.2,265,0.9,2021
100029,2025-10,0,decile,0.2,266,0.9,2021
100605,2025-10,0,decile,0.2,267,0.9,2021
100269,2025-10,0,decile,0.2,268,0.9,2021
101368,2025-10,0,decile,0.2,269,0.9,2021
101237,2025-10,0,decile,0.2,270,0.9,2021
100052,2025-10,0,decile,0.2,271,0.9,2021
100083,2025-10,0,decile,0.2,272,0.9,2021
102046,2025-10,1,decile,0.2,273,0.9,2021
100239,2025-10,0,decile,0.2,274,0.9,2021
100399,2025-10,1,decile,0.2,275,0.9,2021
101357,2025-10,0,decile,0.2,276,0.9,2021
101594,2025-10,0,decile,0.2,277,0.9,2021
101626,2025-10,0,decile,0.2,278,0.9,2021
100656,2025-10,0,decile,0.2,279,0.9,2021
102077,2025-10,0,decile,0.2,280,0.9,2021
100203,2025-10,0,decile,0.2,281,0.9,2021
101078,2025-10,0,decile,0.2,282,0.9,2021
100732,2025-10,0,decile,0.2,283,0.9,2021
101881,2025-10,0,decile,0.2,284,0.9,2021
101680,2025-10,0,decile,0.2,285,0.9,2021
101541,2025-10,0,decile,0.2,286,0.9,2021
100757,2025-10,0,decile,0.2,287,0.9,2021
101035,2025-10,0,decile,0.2,288,0.9,2021
100375,2025-10,0,decile,0.2,289,0.9,2021
100130,2025-10,0,decile,0.2,290,0.9,2021
101181,2025-10,0,decile,0.2,291,0.9,2021
100985,2025-10,0,decile,0.2,292,0.9,2021
100443,2025-10,0,decile,0.2,293,0.9,2021
100899,2025-10,0,decile,0.2,294,0.9,2021
101266,2025-10,0,decile,0.2,295,0.9,2021
101001,2025-10,0,decile,0.2,296,0.9,2021
100859,2025-10,0,decile,0.2,297,0.9,2021
100407,2025-10,0,decile,0.2,298,0.9,2021
100975,2025-10,0,decile,0.2,299,0.9,2021
100826,2025-10,0,decile,0.2,300,0.9,2021
101829,2025-10,0,decile,0.2,301,0.9,2021
101393,2025-10,0,decile,0.2,302,0.9,2021
100283,2025-10,1,decile,0.2,303,0.9,2021
100924,2025-10,0,decile,0.2,304,0.9,2021
100510,2025-10,0,decile,0.2,305,0.9,2021
101769,2025-10,0,decile,0.2,306,0.9,2021
101512,2025-10,0,decile,0.2,307,0.9,2021
100959,2025-10,0,decile,0.2,308,0.9,2021
101951,2025-10,0,decile,0.2,309,0.9,2021
101436,2025-10,0,decile,0.2,310,0.9,2021
101944,2025-10,0,decile,0.2,311,0.9,2021
100224,2025-10,0,decile,0.2,312,0.9,2021
100264,2025-10,0,decile,0.2,313,0.9,2021
101391,2025-10,0,decile,0.2,314,0.9,2021
101571,2025-10,0,decile,0.2,315,0.9,2021
101573,2025-10,0,decile,0.2,316,0.9,2021
100044,2025-10,0,decile,0.2,317,0.9,2021
100991,2025-10,0,decile,0.2,318,0.9,2021
101823,2025-10,0,decile,0.2,319,0.9,2021
101556,2025-10,0,decile,0.2,320,0.9,2021
101987,2025-10,0,decile,0.2,321,0.9,2021
101045,2025-10,0,decile,0.2,322,0.9,2021
101787,2025-10,0,decile,0.2,323,0.9,2021
101636,2025-10,0,decile,0.2,324,0.9,2021
101813,2025-10,0,decile,0.2,325,0.9,2021
101869,2025-10,0,decile,0.2,326,0.9,2021
101774,2025-10,1,decile,0.2,327,0.9,2021
100741,2025-10,1,decile,0.2,328,0.9,2021
100910,2025-10,0,decile,0.2,329,0.9,2021
100253,2025-10,0,decile,0.2,330,0.9,2021
101094,2025-10,0,decile,0.2,331,0.9,2021
101628,2025-10,0,decile,0.2,332,0.9,2021
100484,2025-10,0,decile,0.2,333,0.9,2021
100653,2025-10,0,decile,0.2,334,0.9,2021
100337,2025-10,0,decile,0.2,335,0.9,2021
100303,2025-10,0,decile,0.2,336,0.9,2021
100187,2025-10,0,decile,0.2,337,0.9,2021
101854,2025-10,0,decile,0.2,338,0.9,2021
101583,2025-10,0,decile,0.2,339,0.9,2021
101164,2025-10,0,decile,0.2,340,0.9,2021
100526,2025-10,1,decile,0.2,341,0.9,2021
100971,2025-10,0,decile,0.2,342,0.9,2021
101790,2025-10,0,decile,0.2,343,0.9,2021
100461,2025-10,0,decile,0.2,344,0.9,2021
100875,2025-10,0,decile,0.2,345,0.9,2021
101336,2025-10,0,decile,0.2,346,0.9,2021
100935,2025-10,0,decile,0.2,347,0.9,2021
100729,2025-10,0,decile,0.2,348,0.9,2021
102075,2025-10,0,decile,0.2,349,0.9,2021
101906,2025-10,0,decile,0.2,350,0.9,2021
101317,2025-10,0,decile,0.2,351,0.9,2021
101421,2025-10,0,decile,0.2,352,0.9,2021
100177,2025-10,0,decile,0.2,353,0.9,2021
101482,2025-10,0,decile,0.2,354,0.9,2021
100128,2025-10,0,decile,0.2,355,0.9,2021
100796,2025-10,0,decile,0.2,356,0.9,2021
101806,2025-10,0,decile,0.2,357,0.9,2021
101431,2025-10,0,decile,0.2,358,0.9,2021
101702,2025-10,0,decile,0.2,359,0.9,2021
101312,2025-10,0,decile,0.2,360,0.9,2021
101167,2025-10,0,decile,0.2,361,0.9,2021
101870,2025-10,0,decile,0.2,362,0.9,2021
100488,2025-10,0,decile,0.2,363,0.9,2021
101030,2025-10,0,decile,0.2,364,0.9,2021
101009,2025-10,0,decile,0.2,365,0.9,2021
101907,2025-10,0,decile,0.2,366,0.9,2021
102027,2025-10,0,decile,0.2,367,0.9,2021
100849,2025-10,0,decile,0.2,368,0.9,2021
101493,2025-10,0,decile,0.2,369,0.9,2021
101499,2025-10,0,decile,0.2,370,0.9,2021
101610,2025-10,1,decile,0.2,371,0.9,2021
100288,2025-10,0,decile,0.2,372,0.9,2021
101175,2025-10,0,decile,0.2,373,0.9,2021
102045,2025-10,0,decile,0.2,374,0.9,2021
101395,2025-10,0,decile,0.2,375,0.9,2021
101957,2025-10,0,decile,0.2,376,0.9,2021
100833,2025-10,0,decile,0.2,377,0.9,2021
100245,2025-10,0,decile,0.2,378,0.9,2021
100577,2025-10,0,decile,0.2,379,0.9,2021
100856,2025-10,0,decile,0.2,380,0.9,2021
100106,2025-10,0,decile,0.2,381,0.9,2021
101956,2025-10,0,decile,0.2,382,0.9,2021
100727,2025-10,1,decile,0.2,383,0.9,2021
100531,2025-10,0,decile,0.2,384,0.9,2021
100967,2025-10,0,decile,0.2,385,0.9,2021
100238,2025-10,0,decile,0.2,386,0.9,2021
100034,2025-10,0,decile,0.2,387,0.9,2021
100662,2025-10,0,decile,0.2,388,0.9,2021
100952,2025-10,0,decile,0.2,389,0.9,2021
100880,2025-10,0,decile,0.2,390,0.9,2021
101534,2025-10,0,decile,0.2,391,0.9,2021
100923,2025-10,0,decile,0.2,392,0.9,2021
100425,2025-10,0,decile,0.2,393,0.9,2021
100167,2025-10,0,decile,0.2,394,0.9,2021
100108,2025-10,0,decile,0.2,395,0.9,2021
100929,2025-10,0,decile,0.2,396,0.9,2021
101264,2025-10,0,decile,0.2,397,0.9,2021
101410,2025-10,0,decile,0.2,398,0.9,2021
101663,2025-10,0,decile,0.2,399,0.9,2021
101322,2025-10,0,decile,0.2,400,0.9,2021
101353,2025-10,0,decile,0.2,401,0.9,2021
101117,2025-10,0,decile,0.2,402,0.9,2021
101102,2025-10,0,decile,0.2,403,0.9,2021
101591,2025-10,0,decile,0.2,404,0.9,2021
101464,2025-10,0,decile,0.2,405,0.9,2021
100587,2025-10,0,core_logistic,0.05,1,0.4273217177108485,2021
101839,2025-10,1,core_logistic,0.05,2,0.4222560599025469,2021
101857,2025-10,1,core_logistic,0.05,3,0.3932531857297685,2021
100214,2025-10,0,core_logistic,0.05,4,0.3881282219150493,2021
101727,2025-10,1,core_logistic,0.05,5,0.3872237978462021,2021
101965,2025-10,1,core_logistic,0.05,6,0.3820441906684531,2021
100661,2025-10,1,core_logistic,0.05,7,0.3775157210721213,2021
100170,2025-10,0,core_logistic,0.05,8,0.3759062822251314,2021
101598,2025-10,0,core_logistic,0.05,9,0.3749997300231089,2021
101913,2025-10,0,core_logistic,0.05,10,0.3734644346698854,2021
102037,2025-10,1,core_logistic,0.05,11,0.3721179093946982,2021
100774,2025-10,0,core_logistic,0.05,12,0.3658674077713532,2021
101448,2025-10,0,core_logistic,0.05,13,0.3638143741803651,2021
101280,2025-10,1,core_logistic,0.05,14,0.359838056724355,2021
100147,2025-10,0,core_logistic,0.05,15,0.3552556906835441,2021
100298,2025-10,0,core_logistic,0.05,16,0.3545361978291332,2021
100453,2025-10,1,core_logistic,0.05,17,0.3494637851043262,2021
101319,2025-10,0,core_logistic,0.05,18,0.3464716876796585,2021
101228,2025-10,1,core_logistic,0.05,19,0.343558303369613,2021
100817,2025-10,0,core_logistic,0.05,20,0.3419090307582798,2021
100193,2025-10,1,core_logistic,0.05,21,0.3383820885194061,2021
102051,2025-10,1,core_logistic,0.05,22,0.3292114800883547,2021
100992,2025-10,0,core_logistic,0.05,23,0.3286538265388977,2021
101571,2025-10,0,core_logistic,0.05,24,0.3286507074530209,2021
101084,2025-10,0,core_logistic,0.05,25,0.3213267340328808,2021
101179,2025-10,1,core_logistic,0.05,26,0.3195679807398348,2021
101951,2025-10,0,core_logistic,0.05,27,0.3182400993238777,2021
101471,2025-10,1,core_logistic,0.05,28,0.3163119291193969,2021
100727,2025-10,1,core_logistic,0.05,29,0.3137590781241317,2021
101301,2025-10,0,core_logistic,0.05,30,0.3130948863429371,2021
100427,2025-10,0,core_logistic,0.05,31,0.3122730366784166,2021
100218,2025-10,1,core_logistic,0.05,32,0.3120928608491463,2021
102081,2025-10,0,core_logistic,0.05,33,0.3109175768153494,2021
100197,2025-10,0,core_logistic,0.05,34,0.310535201460436,2021
101246,2025-10,0,core_logistic,0.05,35,0.3093913195366647,2021
101489,2025-10,0,core_logistic,0.05,36,0.3090575524686112,2021
100758,2025-10,0,core_logistic,0.05,37,0.3077187481573936,2021
100624,2025-10,0,core_logistic,0.05,38,0.3056248839234811,2021
100670,2025-10,0,core_logistic,0.05,39,0.3029428230066298,2021
100559,2025-10,0,core_logistic,0.05,40,0.3028334045172292,2021
101890,2025-10,0,core_logistic,0.05,41,0.3021043962035319,2021
102079,2025-10,1,core_logistic,0.05,42,0.3019708341701696,2021
101097,2025-10,1,core_logistic,0.05,43,0.299681576846894,2021
101726,2025-10,0,core_logistic,0.05,44,0.2996230447131517,2021
100530,2025-10,0,core_logistic,0.05,45,0.2981006522790035,2021
100704,2025-10,1,core_logistic,0.05,46,0.2967307177047996,2021
100149,2025-10,0,core_logistic,0.05,47,0.2948289505621145,2021
101395,2025-10,0,core_logistic,0.05,48,0.2926697191073358,2021
101837,2025-10,0,core_logistic,0.05,49,0.2910523648858859,2021
100123,2025-10,0,core_logistic,0.05,50,0.2865005780057737,2021
102025,2025-10,0,core_logistic,0.05,51,0.2863221821150177,2021
100823,2025-10,1,core_logistic,0.05,52,0.2857947696942425,2021
100300,2025-10,0,core_logistic,0.05,53,0.2857223846102736,2021
100385,2025-10,1,core_logistic,0.05,54,0.2844033748435036,2021
101806,2025-10,0,core_logistic,0.05,55,0.2825233420146887,2021
101607,2025-10,1,core_logistic,0.05,56,0.2811725198123082,2021
100066,2025-10,0,core_logistic,0.05,57,0.280930244112951,2021
101094,2025-10,0,core_logistic,0.05,58,0.2803553069252732,2021
101202,2025-10,1,core_logistic,0.05,59,0.2792578187569007,2021
101752,2025-10,0,core_logistic,0.05,60,0.279082168716297,2021
101226,2025-10,0,core_logistic,0.05,61,0.2783399120112965,2021
100276,2025-10,1,core_logistic,0.05,62,0.2774070300393399,2021
101767,2025-10,0,core_logistic,0.05,63,0.2768913138539748,2021
100773,2025-10,1,core_logistic,0.05,64,0.2767149358560627,2021
100610,2025-10,0,core_logistic,0.05,65,0.2766439596993001,2021
101724,2025-10,1,core_logistic,0.05,66,0.2757229738836483,2021
101638,2025-10,0,core_logistic,0.05,67,0.2753896033743278,2021
101500,2025-10,0,core_logistic,0.05,68,0.2748913086177474,2021
101449,2025-10,1,core_logistic,0.05,69,0.273728213118007,2021
101684,2025-10,1,core_logistic,0.05,70,0.2716722894220147,2021
101869,2025-10,0,core_logistic,0.05,71,0.270315345598616,2021
101738,2025-10,0,core_logistic,0.05,72,0.2696371261332841,2021
100187,2025-10,0,core_logistic,0.05,73,0.2677540932715878,2021
101543,2025-10,0,core_logistic,0.05,74,0.2666876537249903,2021
101173,2025-10,1,core_logistic,0.05,75,0.264934668699431,2021
100238,2025-10,0,core_logistic,0.05,76,0.2637778437656244,2021
102089,2025-10,1,core_logistic,0.05,77,0.2637012832609974,2021
101264,2025-10,0,core_logistic,0.05,78,0.2585976440883951,2021
101343,2025-10,0,core_logistic,0.05,79,0.2582241685806037,2021
101642,2025-10,0,core_logistic,0.05,80,0.2556307186397146,2021
101077,2025-10,0,core_logistic,0.05,81,0.2553351922167483,2021
101505,2025-10,0,core_logistic,0.05,82,0.2547567357920927,2021
100393,2025-10,0,core_logistic,0.05,83,0.2543259202838885,2021
101882,2025-10,0,core_logistic,0.05,84,0.2543259202838885,2021
101436,2025-10,0,core_logistic,0.05,85,0.2516717438786358,2021
100925,2025-10,0,core_logistic,0.05,86,0.25137012314325,2021
101160,2025-10,0,core_logistic,0.05,87,0.2512302605743356,2021
101928,2025-10,0,core_logistic,0.05,88,0.2499654212831746,2021
100399,2025-10,1,core_logistic,0.05,89,0.2497140060502978,2021
100732,2025-10,0,core_logistic,0.05,90,0.2494982755264906,2021
101953,2025-10,0,core_logistic,0.05,91,0.2475623052357044,2021
101312,2025-10,0,core_logistic,0.05,92,0.2467155455361724,2021
101826,2025-10,0,core_logistic,0.05,93,0.2440878517006827,2021
100849,2025-10,0,core_logistic,0.05,94,0.2418254093346797,2021
102040,2025-10,0,core_logistic,0.05,95,0.2415317803654123,2021
100854,2025-10,0,core_logistic,0.05,96,0.2414364274275593,2021
100052,2025-10,0,core_logistic,0.05,97,0.2401807027523273,2021
101222,2025-10,1,core_logistic,0.05,98,0.2396378877659197,2021
101922,2025-10,0,core_logistic,0.05,99,0.2395430463714759,2021
100653,2025-10,0,core_logistic,0.05,100,0.2382940757737564,2021
100531,2025-10,0,core_logistic,0.05,101,0.2382940757737564,2021
100245,2025-10,0,core_logistic,0.05,102,0.2370419947035445,2021
100587,2025-10,0,core_logistic,0.1,1,0.4273217177108485,2021
101839,2025-10,1,core_logistic,0.1,2,0.4222560599025469,2021
101857,2025-10,1,core_logistic,0.1,3,0.3932531857297685,2021
100214,2025-10,0,core_logistic,0.1,4,0.3881282219150493,2021
101727,2025-10,1,core_logistic,0.1,5,0.3872237978462021,2021
101965,2025-10,1,core_logistic,0.1,6,0.3820441906684531,2021
100661,2025-10,1,core_logistic,0.1,7,0.3775157210721213,2021
100170,2025-10,0,core_logistic,0.1,8,0.3759062822251314,2021
101598,2025-10,0,core_logistic,0.1,9,0.3749997300231089,2021
101913,2025-10,0,core_logistic,0.1,10,0.3734644346698854,2021
102037,2025-10,1,core_logistic,0.1,11,0.3721179093946982,2021
100774,2025-10,0,core_logistic,0.1,12,0.3658674077713532,2021
101448,2025-10,0,core_logistic,0.1,13,0.3638143741803651,2021
101280,2025-10,1,core_logistic,0.1,14,0.359838056724355,2021
100147,2025-10,0,core_logistic,0.1,15,0.3552556906835441,2021
100298,2025-10,0,core_logistic,0.1,16,0.3545361978291332,2021
100453,2025-10,1,core_logistic,0.1,17,0.3494637851043262,2021
101319,2025-10,0,core_logistic,0.1,18,0.3464716876796585,2021
101228,2025-10,1,core_logistic,0.1,19,0.343558303369613,2021
100817,2025-10,0,core_logistic,0.1,20,0.3419090307582798,2021
100193,2025-10,1,core_logistic,0.1,21,0.3383820885194061,2021
102051,2025-10,1,core_logistic,0.1,22,0.3292114800883547,2021
100992,2025-10,0,core_logistic,0.1,23,0.3286538265388977,2021
101571,2025-10,0,core_logistic,0.1,24,0.3286507074530209,2021
101084,2025-10,0,core_logistic,0.1,25,0.3213267340328808,2021
101179,2025-10,1,core_logistic,0.1,26,0.3195679807398348,2021
101951,2025-10,0,core_logistic,0.1,27,0.3182400993238777,2021
101471,2025-10,1,core_logistic,0.1,28,0.3163119291193969,2021
100727,2025-10,1,core_logistic,0.1,29,0.3137590781241317,2021
101301,2025-10,0,core_logistic,0.1,30,0.3130948863429371,2021
100427,2025-10,0,core_logistic,0.1,31,0.3122730366784166,2021
100218,2025-10,1,core_logistic,0.1,32,0.3120928608491463,2021
102081,2025-10,0,core_logistic,0.1,33,0.3109175768153494,2021
100197,2025-10,0,core_logistic,0.1,34,0.310535201460436,2021
101246,2025-10,0,core_logistic,0.1,35,0.3093913195366647,2021
101489,2025-10,0,core_logistic,0.1,36,0.3090575524686112,2021
100758,2025-10,0,core_logistic,0.1,37,0.3077187481573936,2021
100624,2025-10,0,core_logistic,0.1,38,0.3056248839234811,2021
100670,2025-10,0,core_logistic,0.1,39,0.3029428230066298,2021
100559,2025-10,0,core_logistic,0.1,40,0.3028334045172292,2021
101890,2025-10,0,core_logistic,0.1,41,0.3021043962035319,2021
102079,2025-10,1,core_logistic,0.1,42,0.3019708341701696,2021
101097,2025-10,1,core_logistic,0.1,43,0.299681576846894,2021
101726,2025-10,0,core_logistic,0.1,44,0.2996230447131517,2021
100530,2025-10,0,core_logistic,0.1,45,0.2981006522790035,2021
100704,2025-10,1,core_logistic,0.1,46,0.2967307177047996,2021
100149,2025-10,0,core_logistic,0.1,47,0.2948289505621145,2021
101395,2025-10,0,core_logistic,0.1,48,0.2926697191073358,2021
101837,2025-10,0,core_logistic,0.1,49,0.2910523648858859,2021
100123,2025-10,0,core_logistic,0.1,50,0.2865005780057737,2021
102025,2025-10,0,core_logistic,0.1,51,0.2863221821150177,2021
100823,2025-10,1,core_logistic,0.1,52,0.2857947696942425,2021
100300,2025-10,0,core_logistic,0.1,53,0.2857223846102736,2021
100385,2025-10,1,core_logistic,0.1,54,0.2844033748435036,2021
101806,2025-10,0,core_logistic,0.1,55,0.2825233420146887,2021
101607,2025-10,1,core_logistic,0.1,56,0.2811725198123082,2021
100066,2025-10,0,core_logistic,0.1,57,0.280930244112951,2021
101094,2025-10,0,core_logistic,0.1,58,0.2803553069252732,2021
101202,2025-10,1,core_logistic,0.1,59,0.2792578187569007,2021
101752,2025-10,0,core_logistic,0.1,60,0.279082168716297,2021
101226,2025-10,0,core_logistic,0.1,61,0.2783399120112965,2021
100276,2025-10,1,core_logistic,0.1,62,0.2774070300393399,2021
101767,2025-10,0,core_logistic,0.1,63,0.2768913138539748,2021
100773,2025-10,1,core_logistic,0.1,64,0.2767149358560627,2021
100610,2025-10,0,core_logistic,0.1,65,0.2766439596993001,2021
101724,2025-10,1,core_logistic,0.1,66,0.2757229738836483,2021
101638,2025-10,0,core_logistic,0.1,67,0.2753896033743278,2021
101500,2025-10,0,core_logistic,0.1,68,0.2748913086177474,2021
101449,2025-10,1,core_logistic,0.1,69,0.273728213118007,2021
101684,2025-10,1,core_logistic,0.1,70,0.2716722894220147,2021
101869,2025-10,0,core_logistic,0.1,71,0.270315345598616,2021
101738,2025-10,0,core_logistic,0.1,72,0.2696371261332841,2021
100187,2025-10,0,core_logistic,0.1,73,0.2677540932715878,2021
101543,2025-10,0,core_logistic,0.1,74,0.2666876537249903,2021
101173,2025-10,1,core_logistic,0.1,75,0.264934668699431,2021
100238,2025-10,0,core_logistic,0.1,76,0.2637778437656244,2021
102089,2025-10,1,core_logistic,0.1,77,0.2637012832609974,2021
101264,2025-10,0,core_logistic,0.1,78,0.2585976440883951,2021
101343,2025-10,0,core_logistic,0.1,79,0.2582241685806037,2021
101642,2025-10,0,core_logistic,0.1,80,0.2556307186397146,2021
101077,2025-10,0,core_logistic,0.1,81,0.2553351922167483,2021
101505,2025-10,0,core_logistic,0.1,82,0.2547567357920927,2021
100393,2025-10,0,core_logistic,0.1,83,0.2543259202838885,2021
101882,2025-10,0,core_logistic,0.1,84,0.2543259202838885,2021
101436,2025-10,0,core_logistic,0.1,85,0.2516717438786358,2021
100925,2025-10,0,core_logistic,0.1,86,0.25137012314325,2021
101160,2025-10,0,core_logistic,0.1,87,0.2512302605743356,2021
101928,2025-10,0,core_logistic,0.1,88,0.2499654212831746,2021
100399,2025-10,1,core_logistic,0.1,89,0.2497140060502978,2021
100732,2025-10,0,core_logistic,0.1,90,0.2494982755264906,2021
101953,2025-10,0,core_logistic,0.1,91,0.2475623052357044,2021
101312,2025-10,0,core_logistic,0.1,92,0.2467155455361724,2021
101826,2025-10,0,core_logistic,0.1,93,0.2440878517006827,2021
100849,2025-10,0,core_logistic,0.1,94,0.2418254093346797,2021
102040,2025-10,0,core_logistic,0.1,95,0.2415317803654123,2021
100854,2025-10,0,core_logistic,0.1,96,0.2414364274275593,2021
100052,2025-10,0,core_logistic,0.1,97,0.2401807027523273,2021
101222,2025-10,1,core_logistic,0.1,98,0.2396378877659197,2021
101922,2025-10,0,core_logistic,0.1,99,0.2395430463714759,2021
100653,2025-10,0,core_logistic,0.1,100,0.2382940757737564,2021
100531,2025-10,0,core_logistic,0.1,101,0.2382940757737564,2021
100245,2025-10,0,core_logistic,0.1,102,0.2370419947035445,2021
101639,2025-10,0,core_logistic,0.1,103,0.2368261681499918,2021
100795,2025-10,0,core_logistic,0.1,104,0.2351648404654082,2021
101282,2025-10,0,core_logistic,0.1,105,0.2351146788885377,2021
102005,2025-10,0,core_logistic,0.1,106,0.2345013935970016,2021
100826,2025-10,0,core_logistic,0.1,107,0.2334471876538856,2021
101690,2025-10,1,core_logistic,0.1,108,0.232575339453869,2021
100763,2025-10,0,core_logistic,0.1,109,0.2318392182565762,2021
101400,2025-10,0,core_logistic,0.1,110,0.231431747953353,2021
101746,2025-10,0,core_logistic,0.1,111,0.2314068323710756,2021
100882,2025-10,1,core_logistic,0.1,112,0.2313441804287207,2021
100148,2025-10,0,core_logistic,0.1,113,0.230629542982257,2021
100626,2025-10,0,core_logistic,0.1,114,0.2297943655377035,2021
100032,2025-10,0,core_logistic,0.1,115,0.2297869353115762,2021
101909,2025-10,1,core_logistic,0.1,116,0.2296176350335717,2021
100775,2025-10,0,core_logistic,0.1,117,0.2293019732487619,2021
100510,2025-10,0,core_logistic,0.1,118,0.2292178237758448,2021
101431,2025-10,0,core_logistic,0.1,119,0.2287618821927046,2021
100768,2025-10,1,core_logistic,0.1,120,0.2285587384139281,2021
100497,2025-10,1,core_logistic,0.1,121,0.2283631192854697,2021
100901,2025-10,0,core_logistic,0.1,122,0.2278806886650433,2021
100449,2025-10,0,core_logistic,0.1,123,0.2268833111468848,2021
101276,2025-10,0,core_logistic,0.1,124,0.2268689979222929,2021
102019,2025-10,0,core_logistic,0.1,125,0.2264146045742187,2021
101919,2025-10,1,core_logistic,0.1,126,0.2263813834067933,2021
100898,2025-10,0,core_logistic,0.1,127,0.2261309219321209,2021
100581,2025-10,0,core_logistic,0.1,128,0.2249311974463717,2021
101804,2025-10,1,core_logistic,0.1,129,0.2247402416111514,2021
100789,2025-10,1,core_logistic,0.1,130,0.2235384771612746,2021
101629,2025-10,0,core_logistic,0.1,131,0.2231219024012332,2021
101277,2025-10,0,core_logistic,0.1,132,0.2223315929179977,2021
101670,2025-10,0,core_logistic,0.1,133,0.2205852070194069,2021
100977,2025-10,0,core_logistic,0.1,134,0.2180540419038023,2021
101542,2025-10,0,core_logistic,0.1,135,0.2179280159669943,2021
100104,2025-10,0,core_logistic,0.1,136,0.2179069536897299,2021
101154,2025-10,0,core_logistic,0.1,137,0.2176615273232092,2021
101367,2025-10,0,core_logistic,0.1,138,0.2176220811425143,2021
100870,2025-10,0,core_logistic,0.1,139,0.2171898433696427,2021
101872,2025-10,0,core_logistic,0.1,140,0.2170012175623256,2021
100762,2025-10,0,core_logistic,0.1,141,0.2169342332907666,2021
101578,2025-10,0,core_logistic,0.1,142,0.2165360540188496,2021
100526,2025-10,1,core_logistic,0.1,143,0.2141199414324231,2021
101888,2025-10,0,core_logistic,0.1,144,0.2139191336901194,2021
101832,2025-10,1,core_logistic,0.1,145,0.2133083263946462,2021
100269,2025-10,0,core_logistic,0.1,146,0.2123435385734693,2021
101749,2025-10,0,core_logistic,0.1,147,0.2120963453251907,2021
101332,2025-10,0,core_logistic,0.1,148,0.2118969236684362,2021
101628,2025-10,0,core_logistic,0.1,149,0.2117955012998936,2021
102078,2025-10,0,core_logistic,0.1,150,0.2107995314647504,2021
100067,2025-10,0,core_logistic,0.1,151,0.2096567674936018,2021
101123,2025-10,1,core_logistic,0.1,152,0.208894389433178,2021
101720,2025-10,0,core_logistic,0.1,153,0.2086455501373438,2021
100672,2025-10,0,core_logistic,0.1,154,0.207682856063501,2021
102012,2025-10,0,core_logistic,0.1,155,0.2075743723407838,2021
100365,2025-10,1,core_logistic,0.1,156,0.2065613760714145,2021
100573,2025-10,0,core_logistic,0.1,157,0.2062421472927452,2021
100332,2025-10,0,core_logistic,0.1,158,0.2060855525662871,2021
101776,2025-10,0,core_logistic,0.1,159,0.2052006990510399,2021
100117,2025-10,0,core_logistic,0.1,160,0.2047832247649844,2021
100907,2025-10,0,core_logistic,0.1,161,0.2047109493838723,2021
100083,2025-10,0,core_logistic,0.1,162,0.2039818843317145,2021
101175,2025-10,0,core_logistic,0.1,163,0.2031774123024593,2021
101227,2025-10,0,core_logistic,0.1,164,0.2030045925621417,2021
101610,2025-10,1,core_logistic,0.1,165,0.2029071820391699,2021
101011,2025-10,0,core_logistic,0.1,166,0.2013191066067615,2021
100139,2025-10,0,core_logistic,0.1,167,0.2010507243098691,2021
100746,2025-10,0,core_logistic,0.1,168,0.200616501618251,2021
101660,2025-10,0,core_logistic,0.1,169,0.2005443805583037,2021
100787,2025-10,1,core_logistic,0.1,170,0.2000325922507532,2021
101570,2025-10,1,core_logistic,0.1,171,0.1993975074431408,2021
100229,2025-10,0,core_logistic,0.1,172,0.1991362067845657,2021
100283,2025-10,1,core_logistic,0.1,173,0.198656374711017,2021
101841,2025-10,0,core_logistic,0.1,174,0.198625342726247,2021
100536,2025-10,1,core_logistic,0.1,175,0.1985622164512259,2021
100803,2025-10,1,core_logistic,0.1,176,0.1964600706850827,2021
101296,2025-10,0,core_logistic,0.1,177,0.1951390900331977,2021
101409,2025-10,0,core_logistic,0.1,178,0.1947412180880919,2021
100892,2025-10,1,core_logistic,0.1,179,0.1928476382978091,2021
100328,2025-10,0,core_logistic,0.1,180,0.192589473345445,2021
101601,2025-10,0,core_logistic,0.1,181,0.1909636196422199,2021
101887,2025-10,0,core_logistic,0.1,182,0.1908682489600666,2021
101527,2025-10,0,core_logistic,0.1,183,0.1902881808137828,2021
101987,2025-10,0,core_logistic,0.1,184,0.1900819408049789,2021
102045,2025-10,0,core_logistic,0.1,185,0.1899945401244155,2021
100376,2025-10,0,core_logistic,0.1,186,0.1894706030757754,2021
100913,2025-10,0,core_logistic,0.1,187,0.1894277742646421,2021
100002,2025-10,1,core_logistic,0.1,188,0.1889405336261823,2021
101119,2025-10,0,core_logistic,0.1,189,0.1886674584871552,2021
100233,2025-10,0,core_logistic,0.1,190,0.1886670969617474,2021
100422,2025-10,0,core_logistic,0.1,191,0.1881327020627276,2021
101001,2025-10,0,core_logistic,0.1,192,0.1876468589082836,2021
100788,2025-10,0,core_logistic,0.1,193,0.1875050310607433,2021
101626,2025-10,0,core_logistic,0.1,194,0.1874900862718568,2021
101005,2025-10,0,core_logistic,0.1,195,0.1873860340964531,2021
101378,2025-10,1,core_logistic,0.1,196,0.1870002972031444,2021
101104,2025-10,0,core_logistic,0.1,197,0.1869706611777631,2021
101078,2025-10,0,core_logistic,0.1,198,0.1866567121208327,2021
100923,2025-10,0,core_logistic,0.1,199,0.1864209544608162,2021
100656,2025-10,0,core_logistic,0.1,200,0.1862463301565063,2021
101026,2025-10,0,core_logistic,0.1,201,0.1859646462836379,2021
101917,2025-10,0,core_logistic,0.1,202,0.1859309221423251,2021
102029,2025-10,0,core_logistic,0.1,203,0.1857705042269768,2021
100587,2025-10,0,core_logistic,0.2,1,0.4273217177108485,2021
101839,2025-10,1,core_logistic,0.2,2,0.4222560599025469,2021
101857,2025-10,1,core_logistic,0.2,3,0.3932531857297685,2021
100214,2025-10,0,core_logistic,0.2,4,0.3881282219150493,2021
101727,2025-10,1,core_logistic,0.2,5,0.3872237978462021,2021
101965,2025-10,1,core_logistic,0.2,6,0.3820441906684531,2021
100661,2025-10,1,core_logistic,0.2,7,0.3775157210721213,2021
100170,2025-10,0,core_logistic,0.2,8,0.3759062822251314,2021
101598,2025-10,0,core_logistic,0.2,9,0.3749997300231089,2021
101913,2025-10,0,core_logistic,0.2,10,0.3734644346698854,2021
102037,2025-10,1,core_logistic,0.2,11,0.3721179093946982,2021
100774,2025-10,0,core_logistic,0.2,12,0.3658674077713532,2021
101448,2025-10,0,core_logistic,0.2,13,0.3638143741803651,2021
101280,2025-10,1,core_logistic,0.2,14,0.359838056724355,2021
100147,2025-10,0,core_logistic,0.2,15,0.3552556906835441,2021
100298,2025-10,0,core_logistic,0.2,16,0.3545361978291332,2021
100453,2025-10,1,core_logistic,0.2,17,0.3494637851043262,2021
101319,2025-10,0,core_logistic,0.2,18,0.3464716876796585,2021
101228,2025-10,1,core_logistic,0.2,19,0.343558303369613,2021
100817,2025-10,0,core_logistic,0.2,20,0.3419090307582798,2021
100193,2025-10,1,core_logistic,0.2,21,0.3383820885194061,2021
102051,2025-10,1,core_logistic,0.2,22,0.3292114800883547,2021
100992,2025-10,0,core_logistic,0.2,23,0.3286538265388977,2021
101571,2025-10,0,core_logistic,0.2,24,0.3286507074530209,2021
101084,2025-10,0,core_logistic,0.2,25,0.3213267340328808,2021
101179,2025-10,1,core_logistic,0.2,26,0.3195679807398348,2021
101951,2025-10,0,core_logistic,0.2,27,0.3182400993238777,2021
101471,2025-10,1,core_logistic,0.2,28,0.3163119291193969,2021
100727,2025-10,1,core_logistic,0.2,29,0.3137590781241317,2021
101301,2025-10,0,core_logistic,0.2,30,0.3130948863429371,2021
100427,2025-10,0,core_logistic,0.2,31,0.3122730366784166,2021
100218,2025-10,1,core_logistic,0.2,32,0.3120928608491463,2021
102081,2025-10,0,core_logistic,0.2,33,0.3109175768153494,2021
100197,2025-10,0,core_logistic,0.2,34,0.310535201460436,2021
101246,2025-10,0,core_logistic,0.2,35,0.3093913195366647,2021
101489,2025-10,0,core_logistic,0.2,36,0.3090575524686112,2021
100758,2025-10,0,core_logistic,0.2,37,0.3077187481573936,2021
100624,2025-10,0,core_logistic,0.2,38,0.3056248839234811,2021
100670,2025-10,0,core_logistic,0.2,39,0.3029428230066298,2021
100559,2025-10,0,core_logistic,0.2,40,0.3028334045172292,2021
101890,2025-10,0,core_logistic,0.2,41,0.3021043962035319,2021
102079,2025-10,1,core_logistic,0.2,42,0.3019708341701696,2021
101097,2025-10,1,core_logistic,0.2,43,0.299681576846894,2021
101726,2025-10,0,core_logistic,0.2,44,0.2996230447131517,2021
100530,2025-10,0,core_logistic,0.2,45,0.2981006522790035,2021
100704,2025-10,1,core_logistic,0.2,46,0.2967307177047996,2021
100149,2025-10,0,core_logistic,0.2,47,0.2948289505621145,2021
101395,2025-10,0,core_logistic,0.2,48,0.2926697191073358,2021
101837,2025-10,0,core_logistic,0.2,49,0.2910523648858859,2021
100123,2025-10,0,core_logistic,0.2,50,0.2865005780057737,2021
102025,2025-10,0,core_logistic,0.2,51,0.2863221821150177,2021
100823,2025-10,1,core_logistic,0.2,52,0.2857947696942425,2021
100300,2025-10,0,core_logistic,0.2,53,0.2857223846102736,2021
100385,2025-10,1,core_logistic,0.2,54,0.2844033748435036,2021
101806,2025-10,0,core_logistic,0.2,55,0.2825233420146887,2021
101607,2025-10,1,core_logistic,0.2,56,0.2811725198123082,2021
100066,2025-10,0,core_logistic,0.2,57,0.280930244112951,2021
101094,2025-10,0,core_logistic,0.2,58,0.2803553069252732,2021
101202,2025-10,1,core_logistic,0.2,59,0.2792578187569007,2021
101752,2025-10,0,core_logistic,0.2,60,0.279082168716297,2021
101226,2025-10,0,core_logistic,0.2,61,0.2783399120112965,2021
100276,2025-10,1,core_logistic,0.2,62,0.2774070300393399,2021
101767,2025-10,0,core_logistic,0.2,63,0.2768913138539748,2021
100773,2025-10,1,core_logistic,0.2,64,0.2767149358560627,2021
100610,2025-10,0,core_logistic,0.2,65,0.2766439596993001,2021
101724,2025-10,1,core_logistic,0.2,66,0.2757229738836483,2021
101638,2025-10,0,core_logistic,0.2,67,0.2753896033743278,2021
101500,2025-10,0,core_logistic,0.2,68,0.2748913086177474,2021
101449,2025-10,1,core_logistic,0.2,69,0.273728213118007,2021
101684,2025-10,1,core_logistic,0.2,70,0.2716722894220147,2021
101869,2025-10,0,core_logistic,0.2,71,0.270315345598616,2021
101738,2025-10,0,core_logistic,0.2,72,0.2696371261332841,2021
100187,2025-10,0,core_logistic,0.2,73,0.2677540932715878,2021
101543,2025-10,0,core_logistic,0.2,74,0.2666876537249903,2021
101173,2025-10,1,core_logistic,0.2,75,0.264934668699431,2021
100238,2025-10,0,core_logistic,0.2,76,0.2637778437656244,2021
102089,2025-10,1,core_logistic,0.2,77,0.2637012832609974,2021
101264,2025-10,0,core_logistic,0.2,78,0.2585976440883951,2021
101343,2025-10,0,core_logistic,0.2,79,0.2582241685806037,2021
101642,2025-10,0,core_logistic,0.2,80,0.2556307186397146,2021
101077,2025-10,0,core_logistic,0.2,81,0.2553351922167483,2021
101505,2025-10,0,core_logistic,0.2,82,0.2547567357920927,2021
100393,2025-10,0,core_logistic,0.2,83,0.2543259202838885,2021
101882,2025-10,0,core_logistic,0.2,84,0.2543259202838885,2021
101436,2025-10,0,core_logistic,0.2,85,0.2516717438786358,2021
100925,2025-10,0,core_logistic,0.2,86,0.25137012314325,2021
101160,2025-10,0,core_logistic,0.2,87,0.2512302605743356,2021
101928,2025-10,0,core_logistic,0.2,88,0.2499654212831746,2021
100399,2025-10,1,core_logistic,0.2,89,0.2497140060502978,2021
100732,2025-10,0,core_logistic,0.2,90,0.2494982755264906,2021
101953,2025-10,0,core_logistic,0.2,91,0.2475623052357044,2021
101312,2025-10,0,core_logistic,0.2,92,0.2467155455361724,2021
101826,2025-10,0,core_logistic,0.2,93,0.2440878517006827,2021
100849,2025-10,0,core_logistic,0.2,94,0.2418254093346797,2021
102040,2025-10,0,core_logistic,0.2,95,0.2415317803654123,2021
100854,2025-10,0,core_logistic,0.2,96,0.2414364274275593,2021
100052,2025-10,0,core_logistic,0.2,97,0.2401807027523273,2021
101222,2025-10,1,core_logistic,0.2,98,0.2396378877659197,2021
101922,2025-10,0,core_logistic,0.2,99,0.2395430463714759,2021
100653,2025-10,0,core_logistic,0.2,100,0.2382940757737564,2021
100531,2025-10,0,core_logistic,0.2,101,0.2382940757737564,2021
100245,2025-10,0,core_logistic,0.2,102,0.2370419947035445,2021
101639,2025-10,0,core_logistic,0.2,103,0.2368261681499918,2021
100795,2025-10,0,core_logistic,0.2,104,0.2351648404654082,2021
101282,2025-10,0,core_logistic,0.2,105,0.2351146788885377,2021
102005,2025-10,0,core_logistic,0.2,106,0.2345013935970016,2021
100826,2025-10,0,core_logistic,0.2,107,0.2334471876538856,2021
101690,2025-10,1,core_logistic,0.2,108,0.232575339453869,2021
100763,2025-10,0,core_logistic,0.2,109,0.2318392182565762,2021
101400,2025-10,0,core_logistic,0.2,110,0.231431747953353,2021
101746,2025-10,0,core_logistic,0.2,111,0.2314068323710756,2021
100882,2025-10,1,core_logistic,0.2,112,0.2313441804287207,2021
100148,2025-10,0,core_logistic,0.2,113,0.230629542982257,2021
100626,2025-10,0,core_logistic,0.2,114,0.2297943655377035,2021
100032,2025-10,0,core_logistic,0.2,115,0.2297869353115762,2021
101909,2025-10,1,core_logistic,0.2,116,0.2296176350335717,2021
100775,2025-10,0,core_logistic,0.2,117,0.2293019732487619,2021
100510,2025-10,0,core_logistic,0.2,118,0.2292178237758448,2021
101431,2025-10,0,core_logistic,0.2,119,0.2287618821927046,2021
100768,2025-10,1,core_logistic,0.2,120,0.2285587384139281,2021
100497,2025-10,1,core_logistic,0.2,121,0.2283631192854697,2021
100901,2025-10,0,core_logistic,0.2,122,0.2278806886650433,2021
100449,2025-10,0,core_logistic,0.2,123,0.2268833111468848,2021
101276,2025-10,0,core_logistic,0.2,124,0.2268689979222929,2021
102019,2025-10,0,core_logistic,0.2,125,0.2264146045742187,2021
101919,2025-10,1,core_logistic,0.2,126,0.2263813834067933,2021
100898,2025-10,0,core_logistic,0.2,127,0.2261309219321209,2021
100581,2025-10,0,core_logistic,0.2,128,0.2249311974463717,2021
101804,2025-10,1,core_logistic,0.2,129,0.2247402416111514,2021
100789,2025-10,1,core_logistic,0.2,130,0.2235384771612746,2021
101629,2025-10,0,core_logistic,0.2,131,0.2231219024012332,2021
101277,2025-10,0,core_logistic,0.2,132,0.2223315929179977,2021
101670,2025-10,0,core_logistic,0.2,133,0.2205852070194069,2021
100977,2025-10,0,core_logistic,0.2,134,0.2180540419038023,2021
101542,2025-10,0,core_logistic,0.2,135,0.2179280159669943,2021
100104,2025-10,0,core_logistic,0.2,136,0.2179069536897299,2021
101154,2025-10,0,core_logistic,0.2,137,0.2176615273232092,2021
101367,2025-10,0,core_logistic,0.2,138,0.2176220811425143,2021
100870,2025-10,0,core_logistic,0.2,139,0.2171898433696427,2021
101872,2025-10,0,core_logistic,0.2,140,0.2170012175623256,2021
100762,2025-10,0,core_logistic,0.2,141,0.2169342332907666,2021
101578,2025-10,0,core_logistic,0.2,142,0.2165360540188496,2021
100526,2025-10,1,core_logistic,0.2,143,0.2141199414324231,2021
101888,2025-10,0,core_logistic,0.2,144,0.2139191336901194,2021
101832,2025-10,1,core_logistic,0.2,145,0.2133083263946462,2021
100269,2025-10,0,core_logistic,0.2,146,0.2123435385734693,2021
101749,2025-10,0,core_logistic,0.2,147,0.2120963453251907,2021
101332,2025-10,0,core_logistic,0.2,148,0.2118969236684362,2021
101628,2025-10,0,core_logistic,0.2,149,0.2117955012998936,2021
102078,2025-10,0,core_logistic,0.2,150,0.2107995314647504,2021
100067,2025-10,0,core_logistic,0.2,151,0.2096567674936018,2021
101123,2025-10,1,core_logistic,0.2,152,0.208894389433178,2021
101720,2025-10,0,core_logistic,0.2,153,0.2086455501373438,2021
100672,2025-10,0,core_logistic,0.2,154,0.207682856063501,2021
102012,2025-10,0,core_logistic,0.2,155,0.2075743723407838,2021
100365,2025-10,1,core_logistic,0.2,156,0.2065613760714145,2021
100573,2025-10,0,core_logistic,0.2,157,0.2062421472927452,2021
100332,2025-10,0,core_logistic,0.2,158,0.2060855525662871,2021
101776,2025-10,0,core_logistic,0.2,159,0.2052006990510399,2021
100117,2025-10,0,core_logistic,0.2,160,0.2047832247649844,2021
100907,2025-10,0,core_logistic,0.2,161,0.2047109493838723,2021
100083,2025-10,0,core_logistic,0.2,162,0.2039818843317145,2021
101175,2025-10,0,core_logistic,0.2,163,0.2031774123024593,2021
101227,2025-10,0,core_logistic,0.2,164,0.2030045925621417,2021
101610,2025-10,1,core_logistic,0.2,165,0.2029071820391699,2021
101011,2025-10,0,core_logistic,0.2,166,0.2013191066067615,2021
100139,2025-10,0,core_logistic,0.2,167,0.2010507243098691,2021
100746,2025-10,0,core_logistic,0.2,168,0.200616501618251,2021
101660,2025-10,0,core_logistic,0.2,169,0.2005443805583037,2021
100787,2025-10,1,core_logistic,0.2,170,0.2000325922507532,2021
101570,2025-10,1,core_logistic,0.2,171,0.1993975074431408,2021
100229,2025-10,0,core_logistic,0.2,172,0.1991362067845657,2021
100283,2025-10,1,core_logistic,0.2,173,0.198656374711017,2021
101841,2025-10,0,core_logistic,0.2,174,0.198625342726247,2021
100536,2025-10,1,core_logistic,0.2,175,0.1985622164512259,2021
100803,2025-10,1,core_logistic,0.2,176,0.1964600706850827,2021
101296,2025-10,0,core_logistic,0.2,177,0.1951390900331977,2021
101409,2025-10,0,core_logistic,0.2,178,0.1947412180880919,2021
100892,2025-10,1,core_logistic,0.2,179,0.1928476382978091,2021
100328,2025-10,0,core_logistic,0.2,180,0.192589473345445,2021
101601,2025-10,0,core_logistic,0.2,181,0.1909636196422199,2021
101887,2025-10,0,core_logistic,0.2,182,0.1908682489600666,2021
101527,2025-10,0,core_logistic,0.2,183,0.1902881808137828,2021
101987,2025-10,0,core_logistic,0.2,184,0.1900819408049789,2021
102045,2025-10,0,core_logistic,0.2,185,0.1899945401244155,2021
100376,2025-10,0,core_logistic,0.2,186,0.1894706030757754,2021
100913,2025-10,0,core_logistic,0.2,187,0.1894277742646421,2021
100002,2025-10,1,core_logistic,0.2,188,0.1889405336261823,2021
101119,2025-10,0,core_logistic,0.2,189,0.1886674584871552,2021
100233,2025-10,0,core_logistic,0.2,190,0.1886670969617474,2021
100422,2025-10,0,core_logistic,0.2,191,0.1881327020627276,2021
101001,2025-10,0,core_logistic,0.2,192,0.1876468589082836,2021
100788,2025-10,0,core_logistic,0.2,193,0.1875050310607433,2021
101626,2025-10,0,core_logistic,0.2,194,0.1874900862718568,2021
101005,2025-10,0,core_logistic,0.2,195,0.1873860340964531,2021
101378,2025-10,1,core_logistic,0.2,196,0.1870002972031444,2021
101104,2025-10,0,core_logistic,0.2,197,0.1869706611777631,2021
101078,2025-10,0,core_logistic,0.2,198,0.1866567121208327,2021
100923,2025-10,0,core_logistic,0.2,199,0.1864209544608162,2021
100656,2025-10,0,core_logistic,0.2,200,0.1862463301565063,2021
101026,2025-10,0,core_logistic,0.2,201,0.1859646462836379,2021
101917,2025-10,0,core_logistic,0.2,202,0.1859309221423251,2021
102029,2025-10,0,core_logistic,0.2,203,0.1857705042269768,2021
101256,2025-10,0,core_logistic,0.2,204,0.1855267749417662,2021
101215,2025-10,0,core_logistic,0.2,205,0.1852012330216007,2021
101534,2025-10,0,core_logistic,0.2,206,0.18481932651651,2021
100579,2025-10,0,core_logistic,0.2,207,0.1848130015766274,2021
101443,2025-10,1,core_logistic,0.2,208,0.1843649035140827,2021
100971,2025-10,0,core_logistic,0.2,209,0.1842993108209939,2021
101327,2025-10,0,core_logistic,0.2,210,0.1838814308738779,2021
101336,2025-10,0,core_logistic,0.2,211,0.1838751307910269,2021
101169,2025-10,1,core_logistic,0.2,212,0.1838458780466214,2021
100156,2025-10,0,core_logistic,0.2,213,0.1831088318970629,2021
100488,2025-10,0,core_logistic,0.2,214,0.1830138253403703,2021
101232,2025-10,1,core_logistic,0.2,215,0.1824964287356291,2021
100564,2025-10,0,core_logistic,0.2,216,0.1818051695420145,2021
100308,2025-10,0,core_logistic,0.2,217,0.1817565611351192,2021
101365,2025-10,1,core_logistic,0.2,218,0.1814544279990443,2021
101958,2025-10,0,core_logistic,0.2,219,0.1813739432636191,2021
100915,2025-10,0,core_logistic,0.2,220,0.1810906317280521,2021
100225,2025-10,0,core_logistic,0.2,221,0.1806068521088512,2021
101624,2025-10,1,core_logistic,0.2,222,0.1797631420241253,2021
100167,2025-10,0,core_logistic,0.2,223,0.1795003953925943,2021
101772,2025-10,0,core_logistic,0.2,224,0.1789434387207092,2021
102027,2025-10,0,core_logistic,0.2,225,0.1786114047163489,2021
101216,2025-10,1,core_logistic,0.2,226,0.1783279863322299,2021
101018,2025-10,0,core_logistic,0.2,227,0.1779849075789217,2021
100796,2025-10,0,core_logistic,0.2,228,0.177735525795808,2021
101229,2025-10,0,core_logistic,0.2,229,0.1776539222742231,2021
100757,2025-10,0,core_logistic,0.2,230,0.1766347058953722,2021
101334,2025-10,0,core_logistic,0.2,231,0.1763572023934334,2021
102022,2025-10,1,core_logistic,0.2,232,0.1759775043079046,2021
101196,2025-10,0,core_logistic,0.2,233,0.1754020465759795,2021
100275,2025-10,1,core_logistic,0.2,234,0.1745537933599947,2021
101846,2025-10,0,core_logistic,0.2,235,0.1738677292650415,2021
101870,2025-10,0,core_logistic,0.2,236,0.1737235535824776,2021
101124,2025-10,0,core_logistic,0.2,237,0.1733871253677569,2021
101871,2025-10,1,core_logistic,0.2,238,0.1733034465022702,2021
101419,2025-10,1,core_logistic,0.2,239,0.1731561878624668,2021
100210,2025-10,1,core_logistic,0.2,240,0.1730360840475758,2021
101813,2025-10,0,core_logistic,0.2,241,0.1727087269668031,2021
102053,2025-10,1,core_logistic,0.2,242,0.1726695478548021,2021
102008,2025-10,0,core_logistic,0.2,243,0.1723898054019217,2021
101820,2025-10,0,core_logistic,0.2,244,0.1720494419284755,2021
100131,2025-10,0,core_logistic,0.2,245,0.1718914113718279,2021
100485,2025-10,0,core_logistic,0.2,246,0.1715855031333127,2021
101259,2025-10,1,core_logistic,0.2,247,0.1714958002842763,2021
101406,2025-10,0,core_logistic,0.2,248,0.1712911978099267,2021
101636,2025-10,0,core_logistic,0.2,249,0.1712072388403443,2021
101045,2025-10,0,core_logistic,0.2,250,0.1708228547490653,2021
101793,2025-10,0,core_logistic,0.2,251,0.1705837825929986,2021
100494,2025-10,0,core_logistic,0.2,252,0.1701348383332699,2021
102082,2025-10,1,core_logistic,0.2,253,0.1695642229040692,2021
101223,2025-10,0,core_logistic,0.2,254,0.1693902870979901,2021
100745,2025-10,0,core_logistic,0.2,255,0.1691917335362409,2021
101186,2025-10,1,core_logistic,0.2,256,0.1689662685958137,2021
101270,2025-10,0,core_logistic,0.2,257,0.1683144651619586,2021
101883,2025-10,0,core_logistic,0.2,258,0.1680614537667211,2021
101986,2025-10,0,core_logistic,0.2,259,0.1680194996421585,2021
100678,2025-10,0,core_logistic,0.2,260,0.1677396254169226,2021
101167,2025-10,0,core_logistic,0.2,261,0.1676096538442285,2021
101790,2025-10,0,core_logistic,0.2,262,0.167449023768122,2021
101591,2025-10,0,core_logistic,0.2,263,0.1670569179829749,2021
101735,2025-10,0,core_logistic,0.2,264,0.1667141441528768,2021
100859,2025-10,0,core_logistic,0.2,265,0.1662493348822765,2021
100489,2025-10,0,core_logistic,0.2,266,0.1661021071405818,2021
101053,2025-10,0,core_logistic,0.2,267,0.1657072879212858,2021
100702,2025-10,1,core_logistic,0.2,268,0.1653662188281945,2021
101352,2025-10,1,core_logistic,0.2,269,0.1652301470652961,2021
101853,2025-10,0,core_logistic,0.2,270,0.1649576776347897,2021
101613,2025-10,0,core_logistic,0.2,271,0.164914124626523,2021
100548,2025-10,1,core_logistic,0.2,272,0.1644315938692931,2021
101811,2025-10,1,core_logistic,0.2,273,0.1641849929468812,2021
102067,2025-10,1,core_logistic,0.2,274,0.163427911358982,2021
101245,2025-10,0,core_logistic,0.2,275,0.1633527844131705,2021
101423,2025-10,0,core_logistic,0.2,276,0.1625357168793955,2021
100379,2025-10,0,core_logistic,0.2,277,0.1619955733888732,2021
100798,2025-10,0,core_logistic,0.2,278,0.1619152804832862,2021
101704,2025-10,0,core_logistic,0.2,279,0.1608312967210993,2021
100829,2025-10,0,core_logistic,0.2,280,0.1603729709086247,2021
100550,2025-10,0,core_logistic,0.2,281,0.1598241294428362,2021
101537,2025-10,0,core_logistic,0.2,282,0.1598184921935493,2021
100968,2025-10,0,core_logistic,0.2,283,0.1596837146706551,2021
100448,2025-10,0,core_logistic,0.2,284,0.1596594543111577,2021
101916,2025-10,0,core_logistic,0.2,285,0.1595292247161391,2021
100124,2025-10,0,core_logistic,0.2,286,0.1594357532655611,2021
100509,2025-10,0,core_logistic,0.2,287,0.1593177094615578,2021
100286,2025-10,0,core_logistic,0.2,288,0.1592758359981913,2021
100846,2025-10,0,core_logistic,0.2,289,0.1588927352395551,2021
101421,2025-10,0,core_logistic,0.2,290,0.1587332597762528,2021
100115,2025-10,0,core_logistic,0.2,291,0.1585206117853728,2021
100650,2025-10,0,core_logistic,0.2,292,0.1578378200993805,2021
100578,2025-10,0,core_logistic,0.2,293,0.1577287348582646,2021
100143,2025-10,0,core_logistic,0.2,294,0.1576117966298843,2021
101379,2025-10,0,core_logistic,0.2,295,0.1571428480999201,2021
101384,2025-10,0,core_logistic,0.2,296,0.1571284523204504,2021
101556,2025-10,0,core_logistic,0.2,297,0.156926947589808,2021
100883,2025-10,0,core_logistic,0.2,298,0.1568900511719134,2021
100865,2025-10,0,core_logistic,0.2,299,0.1564214535056844,2021
100471,2025-10,0,core_logistic,0.2,300,0.1556923359711594,2021
101824,2025-10,1,core_logistic,0.2,301,0.1555098753908984,2021
100744,2025-10,1,core_logistic,0.2,302,0.1554719840810041,2021
100726,2025-10,0,core_logistic,0.2,303,0.1553531680855222,2021
101016,2025-10,0,core_logistic,0.2,304,0.1551449032081908,2021
101715,2025-10,0,core_logistic,0.2,305,0.1550511398792633,2021
100636,2025-10,0,core_logistic,0.2,306,0.1549884961865124,2021
101294,2025-10,1,core_logistic,0.2,307,0.1548538849330484,2021
100503,2025-10,0,core_logistic,0.2,308,0.1547805844458532,2021
100470,2025-10,0,core_logistic,0.2,309,0.1540341563009018,2021
101219,2025-10,0,core_logistic,0.2,310,0.1534293201514712,2021
101936,2025-10,0,core_logistic,0.2,311,0.1525583749763371,2021
100815,2025-10,0,core_logistic,0.2,312,0.1525284269713886,2021
101825,2025-10,0,core_logistic,0.2,313,0.1525223198695417,2021
100039,2025-10,0,core_logistic,0.2,314,0.1523850267162216,2021
101071,2025-10,0,core_logistic,0.2,315,0.1521440422495418,2021
100681,2025-10,0,core_logistic,0.2,316,0.1521121923209281,2021
101551,2025-10,1,core_logistic,0.2,317,0.1517604073299523,2021
101298,2025-10,0,core_logistic,0.2,318,0.1517337681886272,2021
101709,2025-10,0,core_logistic,0.2,319,0.1517286687459041,2021
101266,2025-10,0,core_logistic,0.2,320,0.1516670810566745,2021
101428,2025-10,0,core_logistic,0.2,321,0.1509700145657159,2021
101569,2025-10,0,core_logistic,0.2,322,0.150693890087737,2021
100073,2025-10,0,core_logistic,0.2,323,0.1506642430193556,2021
100585,2025-10,0,core_logistic,0.2,324,0.1505465393767648,2021
100679,2025-10,0,core_logistic,0.2,325,0.1501668909831364,2021
101787,2025-10,0,core_logistic,0.2,326,0.1497874056694643,2021
101761,2025-10,0,core_logistic,0.2,327,0.1495113437404361,2021
101391,2025-10,0,core_logistic,0.2,328,0.1492016331601851,2021
100216,2025-10,0,core_logistic,0.2,329,0.1490135208965219,2021
100833,2025-10,0,core_logistic,0.2,330,0.1489094559707483,2021
101895,2025-10,1,core_logistic,0.2,331,0.1484720754765314,2021
101945,2025-10,0,core_logistic,0.2,332,0.1483787088623333,2021
100015,2025-10,0,core_logistic,0.2,333,0.1480304614998339,2021
100615,2025-10,0,core_logistic,0.2,334,0.1474711824880978,2021
100696,2025-10,0,core_logistic,0.2,335,0.1473674952404327,2021
101881,2025-10,0,core_logistic,0.2,336,0.1470217978384137,2021
100852,2025-10,0,core_logistic,0.2,337,0.1468826773792694,2021
101623,2025-10,1,core_logistic,0.2,338,0.1465250044369099,2021
100166,2025-10,0,core_logistic,0.2,339,0.1464036217520119,2021
101952,2025-10,0,core_logistic,0.2,340,0.1463178252008492,2021
101465,2025-10,1,core_logistic,0.2,341,0.1461726949144782,2021
100967,2025-10,0,core_logistic,0.2,342,0.1459775728046255,2021
101480,2025-10,0,core_logistic,0.2,343,0.1456774703985725,2021
100518,2025-10,0,core_logistic,0.2,344,0.1455289637662328,2021
100092,2025-10,0,core_logistic,0.2,345,0.1454606342030906,2021
100867,2025-10,0,core_logistic,0.2,346,0.1454501976879245,2021
101731,2025-10,0,core_logistic,0.2,347,0.145312311019972,2021
100633,2025-10,0,core_logistic,0.2,348,0.1452133394323288,2021
101902,2025-10,0,core_logistic,0.2,349,0.144929393855155,2021
100003,2025-10,0,core_logistic,0.2,350,0.1443817287402367,2021
101927,2025-10,0,core_logistic,0.2,351,0.1443320868511476,2021
100296,2025-10,0,core_logistic,0.2,352,0.1442934028358941,2021
101382,2025-10,0,core_logistic,0.2,353,0.1441156088680866,2021
101663,2025-10,0,core_logistic,0.2,354,0.1440429460416249,2021
100175,2025-10,1,core_logistic,0.2,355,0.1438317077351227,2021
100700,2025-10,0,core_logistic,0.2,356,0.1437843496416295,2021
100806,2025-10,0,core_logistic,0.2,357,0.1437409842555506,2021
101353,2025-10,0,core_logistic,0.2,358,0.142705889988771,2021
100222,2025-10,0,core_logistic,0.2,359,0.1425429382048399,2021
100605,2025-10,0,core_logistic,0.2,360,0.1424243038142396,2021
100609,2025-10,0,core_logistic,0.2,361,0.1421380620197689,2021
100496,2025-10,0,core_logistic,0.2,362,0.1413539334828499,2021
100662,2025-10,0,core_logistic,0.2,363,0.1412192883396752,2021
100271,2025-10,0,core_logistic,0.2,364,0.1410634048646959,2021
101544,2025-10,0,core_logistic,0.2,365,0.1409716477429186,2021
101455,2025-10,0,core_logistic,0.2,366,0.1408787729455763,2021
100676,2025-10,0,core_logistic,0.2,367,0.1408608975229995,2021
101996,2025-10,0,core_logistic,0.2,368,0.1408390175750762,2021
100443,2025-10,0,core_logistic,0.2,369,0.140640187609973,2021
102043,2025-10,1,core_logistic,0.2,370,0.1403769224265137,2021
101780,2025-10,1,core_logistic,0.2,371,0.140367075728851,2021
100848,2025-10,0,core_logistic,0.2,372,0.1401704645777509,2021
101460,2025-10,0,core_logistic,0.2,373,0.1393162676435297,2021
100651,2025-10,0,core_logistic,0.2,374,0.1388726935895279,2021
100765,2025-10,0,core_logistic,0.2,375,0.1387880605420704,2021
102075,2025-10,0,core_logistic,0.2,376,0.1387236478298539,2021
101322,2025-10,0,core_logistic,0.2,377,0.1376327099492248,2021
100048,2025-10,0,core_logistic,0.2,378,0.1373956807046153,2021
101413,2025-10,0,core_logistic,0.2,379,0.1373907051787558,2021
101137,2025-10,0,core_logistic,0.2,380,0.1373532333544325,2021
100560,2025-10,0,core_logistic,0.2,381,0.1373062438102311,2021
101253,2025-10,0,core_logistic,0.2,382,0.1372592316903783,2021
101325,2025-10,0,core_logistic,0.2,383,0.1372476151736327,2021
100555,2025-10,0,core_logistic,0.2,384,0.1369800412653494,2021
100779,2025-10,0,core_logistic,0.2,385,0.136802054041103,2021
101812,2025-10,1,core_logistic,0.2,386,0.136797375493468,2021
101484,2025-10,0,core_logistic,0.2,387,0.1361234265020734,2021
100529,2025-10,0,core_logistic,0.2,388,0.1358944111638154,2021
100716,2025-10,1,core_logistic,0.2,389,0.1357398635864972,2021
100056,2025-10,0,core_logistic,0.2,390,0.1357254380765597,2021
100877,2025-10,0,core_logistic,0.2,391,0.135455377506528,2021
100843,2025-10,0,core_logistic,0.2,392,0.1354476371587652,2021
101464,2025-10,0,core_logistic,0.2,393,0.1353722232351817,2021
100414,2025-10,0,core_logistic,0.2,394,0.1351685752619862,2021
100001,2025-10,0,core_logistic,0.2,395,0.1345972637903338,2021
101893,2025-10,0,core_logistic,0.2,396,0.134552468393667,2021
100477,2025-10,0,core_logistic,0.2,397,0.133972087368496,2021
101349,2025-10,0,core_logistic,0.2,398,0.1339278765100525,2021
100540,2025-10,0,core_logistic,0.2,399,0.1339003973842661,2021
100243,2025-10,0,core_logistic,0.2,400,0.1338751725941931,2021
101798,2025-10,0,core_logistic,0.2,401,0.1335781192502222,2021
100577,2025-10,0,core_logistic,0.2,402,0.1323877869220364,2021
100686,2025-10,0,core_logistic,0.2,403,0.131854700251703,2021
100583,2025-10,0,core_logistic,0.2,404,0.1318377941388898,2021
101287,2025-10,0,core_logistic,0.2,405,0.1318047301312314,2021
101965,2025-10,1,extended_logistic,0.05,1,0.4968658591575702,2021
100193,2025-10,1,extended_logistic,0.05,2,0.4525004464705129,2021
100774,2025-10,0,extended_logistic,0.05,3,0.420577629006616,2021
101448,2025-10,0,extended_logistic,0.05,4,0.4202972315050007,2021
100298,2025-10,0,extended_logistic,0.05,5,0.4150208279748314,2021
100453,2025-10,1,extended_logistic,0.05,6,0.4059530589066328,2021
101857,2025-10,1,extended_logistic,0.05,7,0.4045657548343818,2021
100587,2025-10,0,extended_logistic,0.05,8,0.404295845148564,2021
102037,2025-10,1,extended_logistic,0.05,9,0.3904719418871152,2021
101882,2025-10,0,extended_logistic,0.05,10,0.3813177804806929,2021
101500,2025-10,0,extended_logistic,0.05,11,0.3803861207999137,2021
100276,2025-10,1,extended_logistic,0.05,12,0.3755895488770317,2021
101097,2025-10,1,extended_logistic,0.05,13,0.3746136361606211,2021
101319,2025-10,0,extended_logistic,0.05,14,0.3727273314659897,2021
101228,2025-10,1,extended_logistic,0.05,15,0.3569378843509988,2021
100147,2025-10,0,extended_logistic,0.05,16,0.355739389951731,2021
101839,2025-10,1,extended_logistic,0.05,17,0.355663187437238,2021
101837,2025-10,0,extended_logistic,0.05,18,0.3517823514995371,2021
101449,2025-10,1,extended_logistic,0.05,19,0.3471712481476454,2021
101690,2025-10,1,extended_logistic,0.05,20,0.3413246399071789,2021
101489,2025-10,0,extended_logistic,0.05,21,0.3412815462681522,2021
101173,2025-10,1,extended_logistic,0.05,22,0.3353616912712847,2021
100661,2025-10,1,extended_logistic,0.05,23,0.3312114697741585,2021
100427,2025-10,0,extended_logistic,0.05,24,0.328774458513876,2021
101471,2025-10,1,extended_logistic,0.05,25,0.3278848684597646,2021
100727,2025-10,1,extended_logistic,0.05,26,0.3256479774759119,2021
101951,2025-10,0,extended_logistic,0.05,27,0.3248684752930325,2021
100214,2025-10,0,extended_logistic,0.05,28,0.3247220271245946,2021
101913,2025-10,0,extended_logistic,0.05,29,0.322582328516045,2021
100787,2025-10,1,extended_logistic,0.05,30,0.3201881281578431,2021
101395,2025-10,0,extended_logistic,0.05,31,0.318979738874778,2021
100187,2025-10,0,extended_logistic,0.05,32,0.3185723928264756,2021
100992,2025-10,0,extended_logistic,0.05,33,0.3182911943403491,2021
101571,2025-10,0,extended_logistic,0.05,34,0.3106941202294658,2021
100624,2025-10,0,extended_logistic,0.05,35,0.3085662039033142,2021
100732,2025-10,0,extended_logistic,0.05,36,0.308526040862754,2021
100066,2025-10,0,extended_logistic,0.05,37,0.304749747828981,2021
101767,2025-10,0,extended_logistic,0.05,38,0.3034508387481324,2021
101179,2025-10,1,extended_logistic,0.05,39,0.3033405560366364,2021
101246,2025-10,0,extended_logistic,0.05,40,0.2999521146967689,2021
102089,2025-10,1,extended_logistic,0.05,41,0.2983911652597897,2021
101638,2025-10,0,extended_logistic,0.05,42,0.2982093688625938,2021
100218,2025-10,1,extended_logistic,0.05,43,0.297426419372627,2021
101804,2025-10,1,extended_logistic,0.05,44,0.2966609258674508,2021
101890,2025-10,0,extended_logistic,0.05,45,0.2958746900042315,2021
101280,2025-10,1,extended_logistic,0.05,46,0.2956426212239664,2021
101726,2025-10,0,extended_logistic,0.05,47,0.2940218862344544,2021
101684,2025-10,1,extended_logistic,0.05,48,0.2929659731724568,2021
101505,2025-10,0,extended_logistic,0.05,49,0.2903512063102987,2021
101202,2025-10,1,extended_logistic,0.05,50,0.2898028779935812,2021
101776,2025-10,0,extended_logistic,0.05,51,0.2896121068108881,2021
100197,2025-10,0,extended_logistic,0.05,52,0.2878513396882857,2021
100123,2025-10,0,extended_logistic,0.05,53,0.285335534420911,2021
101928,2025-10,0,extended_logistic,0.05,54,0.2851907387217975,2021
101953,2025-10,0,extended_logistic,0.05,55,0.2844681831528423,2021
100497,2025-10,1,extended_logistic,0.05,56,0.2795948260510448,2021
100238,2025-10,0,extended_logistic,0.05,57,0.2792965523243494,2021
101277,2025-10,0,extended_logistic,0.05,58,0.2789527797550331,2021
102079,2025-10,1,extended_logistic,0.05,59,0.2789026291983646,2021
100559,2025-10,0,extended_logistic,0.05,60,0.2774763054351383,2021
101301,2025-10,0,extended_logistic,0.05,61,0.2771885749450223,2021
101738,2025-10,0,extended_logistic,0.05,62,0.2746251840466107,2021
100170,2025-10,0,extended_logistic,0.05,63,0.2742323696638438,2021
100300,2025-10,0,extended_logistic,0.05,64,0.2735730512902816,2021
101543,2025-10,0,extended_logistic,0.05,65,0.2726827471896486,2021
101724,2025-10,1,extended_logistic,0.05,66,0.2722669205175361,2021
100849,2025-10,0,extended_logistic,0.05,67,0.2720567905674318,2021
101727,2025-10,1,extended_logistic,0.05,68,0.2718868197316567,2021
102040,2025-10,0,extended_logistic,0.05,69,0.2712834737778045,2021
101527,2025-10,0,extended_logistic,0.05,70,0.2697101482280409,2021
102029,2025-10,0,extended_logistic,0.05,71,0.2696597044959528,2021
101607,2025-10,1,extended_logistic,0.05,72,0.2666220957313936,2021
101639,2025-10,0,extended_logistic,0.05,73,0.266378156897139,2021
102025,2025-10,0,extended_logistic,0.05,74,0.2663427332124238,2021
100773,2025-10,1,extended_logistic,0.05,75,0.265868597124179,2021
101869,2025-10,0,extended_logistic,0.05,76,0.2656079403691429,2021
100892,2025-10,1,extended_logistic,0.05,77,0.2645199733057263,2021
101806,2025-10,0,extended_logistic,0.05,78,0.2629049243160956,2021
101312,2025-10,0,extended_logistic,0.05,79,0.2624901642267503,2021
101226,2025-10,0,extended_logistic,0.05,80,0.2617070952504993,2021
101084,2025-10,0,extended_logistic,0.05,81,0.2603025864549507,2021
101598,2025-10,0,extended_logistic,0.05,82,0.2597699184016453,2021
100829,2025-10,0,extended_logistic,0.05,83,0.2587807267476649,2021
100610,2025-10,0,extended_logistic,0.05,84,0.2587422968347445,2021
101123,2025-10,1,extended_logistic,0.05,85,0.2587020450077633,2021
101670,2025-10,0,extended_logistic,0.05,86,0.258560877371164,2021
100385,2025-10,1,extended_logistic,0.05,87,0.2574860347244009,2021
100823,2025-10,1,extended_logistic,0.05,88,0.2568529010648008,2021
101919,2025-10,1,extended_logistic,0.05,89,0.2547161563616445,2021
100530,2025-10,0,extended_logistic,0.05,90,0.2542200359162149,2021
101175,2025-10,0,extended_logistic,0.05,91,0.2535497230803251,2021
101922,2025-10,0,extended_logistic,0.05,92,0.2504035359183962,2021
101720,2025-10,0,extended_logistic,0.05,93,0.2497214795292321,2021
101746,2025-10,0,extended_logistic,0.05,94,0.2485376803431749,2021
100758,2025-10,0,extended_logistic,0.05,95,0.2472809882053905,2021
101888,2025-10,0,extended_logistic,0.05,96,0.2468816076523179,2021
100670,2025-10,0,extended_logistic,0.05,97,0.2464936615438106,2021
102005,2025-10,0,extended_logistic,0.05,98,0.2460128697099745,2021
101610,2025-10,1,extended_logistic,0.05,99,0.2459184174582641,2021
101825,2025-10,0,extended_logistic,0.05,100,0.2437282475851037,2021
100653,2025-10,0,extended_logistic,0.05,101,0.2430297899874221,2021
100032,2025-10,0,extended_logistic,0.05,102,0.2427900423265162,2021
101965,2025-10,1,extended_logistic,0.1,1,0.4968658591575702,2021
100193,2025-10,1,extended_logistic,0.1,2,0.4525004464705129,2021
100774,2025-10,0,extended_logistic,0.1,3,0.420577629006616,2021
101448,2025-10,0,extended_logistic,0.1,4,0.4202972315050007,2021
100298,2025-10,0,extended_logistic,0.1,5,0.4150208279748314,2021
100453,2025-10,1,extended_logistic,0.1,6,0.4059530589066328,2021
101857,2025-10,1,extended_logistic,0.1,7,0.4045657548343818,2021
100587,2025-10,0,extended_logistic,0.1,8,0.404295845148564,2021
102037,2025-10,1,extended_logistic,0.1,9,0.3904719418871152,2021
101882,2025-10,0,extended_logistic,0.1,10,0.3813177804806929,2021
101500,2025-10,0,extended_logistic,0.1,11,0.3803861207999137,2021
100276,2025-10,1,extended_logistic,0.1,12,0.3755895488770317,2021
101097,2025-10,1,extended_logistic,0.1,13,0.3746136361606211,2021
101319,2025-10,0,extended_logistic,0.1,14,0.3727273314659897,2021
101228,2025-10,1,extended_logistic,0.1,15,0.3569378843509988,2021
100147,2025-10,0,extended_logistic,0.1,16,0.355739389951731,2021
101839,2025-10,1,extended_logistic,0.1,17,0.355663187437238,2021
101837,2025-10,0,extended_logistic,0.1,18,0.3517823514995371,2021
101449,2025-10,1,extended_logistic,0.1,19,0.3471712481476454,2021
101690,2025-10,1,extended_logistic,0.1,20,0.3413246399071789,2021
101489,2025-10,0,extended_logistic,0.1,21,0.3412815462681522,2021
101173,2025-10,1,extended_logistic,0.1,22,0.3353616912712847,2021
100661,2025-10,1,extended_logistic,0.1,23,0.3312114697741585,2021
100427,2025-10,0,extended_logistic,0.1,24,0.328774458513876,2021
101471,2025-10,1,extended_logistic,0.1,25,0.3278848684597646,2021
100727,2025-10,1,extended_logistic,0.1,26,0.3256479774759119,2021
101951,2025-10,0,extended_logistic,0.1,27,0.3248684752930325,2021
100214,2025-10,0,extended_logistic,0.1,28,0.3247220271245946,2021
101913,2025-10,0,extended_logistic,0.1,29,0.322582328516045,2021
100787,2025-10,1,extended_logistic,0.1,30,0.3201881281578431,2021
101395,2025-10,0,extended_logistic,0.1,31,0.318979738874778,2021
100187,2025-10,0,extended_logistic,0.1,32,0.3185723928264756,2021
100992,2025-10,0,extended_logistic,0.1,33,0.3182911943403491,2021
101571,2025-10,0,extended_logistic,0.1,34,0.3106941202294658,2021
100624,2025-10,0,extended_logistic,0.1,35,0.3085662039033142,2021
100732,2025-10,0,extended_logistic,0.1,36,0.308526040862754,2021
100066,2025-10,0,extended_logistic,0.1,37,0.304749747828981,2021
101767,2025-10,0,extended_logistic,0.1,38,0.3034508387481324,2021
101179,2025-10,1,extended_logistic,0.1,39,0.3033405560366364,2021
101246,2025-10,0,extended_logistic,0.1,40,0.2999521146967689,2021
102089,2025-10,1,extended_logistic,0.1,41,0.2983911652597897,2021
101638,2025-10,0,extended_logistic,0.1,42,0.2982093688625938,2021
100218,2025-10,1,extended_logistic,0.1,43,0.297426419372627,2021
101804,2025-10,1,extended_logistic,0.1,44,0.2966609258674508,2021
101890,2025-10,0,extended_logistic,0.1,45,0.2958746900042315,2021
101280,2025-10,1,extended_logistic,0.1,46,0.2956426212239664,2021
101726,2025-10,0,extended_logistic,0.1,47,0.2940218862344544,2021
101684,2025-10,1,extended_logistic,0.1,48,0.2929659731724568,2021
101505,2025-10,0,extended_logistic,0.1,49,0.2903512063102987,2021
101202,2025-10,1,extended_logistic,0.1,50,0.2898028779935812,2021
101776,2025-10,0,extended_logistic,0.1,51,0.2896121068108881,2021
100197,2025-10,0,extended_logistic,0.1,52,0.2878513396882857,2021
100123,2025-10,0,extended_logistic,0.1,53,0.285335534420911,2021
101928,2025-10,0,extended_logistic,0.1,54,0.2851907387217975,2021
101953,2025-10,0,extended_logistic,0.1,55,0.2844681831528423,2021
100497,2025-10,1,extended_logistic,0.1,56,0.2795948260510448,2021
100238,2025-10,0,extended_logistic,0.1,57,0.2792965523243494,2021
101277,2025-10,0,extended_logistic,0.1,58,0.2789527797550331,2021
102079,2025-10,1,extended_logistic,0.1,59,0.2789026291983646,2021
100559,2025-10,0,extended_logistic,0.1,60,0.2774763054351383,2021
101301,2025-10,0,extended_logistic,0.1,61,0.2771885749450223,2021
101738,2025-10,0,extended_logistic,0.1,62,0.2746251840466107,2021
100170,2025-10,0,extended_logistic,0.1,63,0.2742323696638438,2021
100300,2025-10,0,extended_logistic,0.1,64,0.2735730512902816,2021
101543,2025-10,0,extended_logistic,0.1,65,0.2726827471896486,2021
101724,2025-10,1,extended_logistic,0.1,66,0.2722669205175361,2021
100849,2025-10,0,extended_logistic,0.1,67,0.2720567905674318,2021
101727,2025-10,1,extended_logistic,0.1,68,0.2718868197316567,2021
102040,2025-10,0,extended_logistic,0.1,69,0.2712834737778045,2021
101527,2025-10,0,extended_logistic,0.1,70,0.2697101482280409,2021
102029,2025-10,0,extended_logistic,0.1,71,0.2696597044959528,2021
101607,2025-10,1,extended_logistic,0.1,72,0.2666220957313936,2021
101639,2025-10,0,extended_logistic,0.1,73,0.266378156897139,2021
102025,2025-10,0,extended_logistic,0.1,74,0.2663427332124238,2021
100773,2025-10,1,extended_logistic,0.1,75,0.265868597124179,2021
101869,2025-10,0,extended_logistic,0.1,76,0.2656079403691429,2021
100892,2025-10,1,extended_logistic,0.1,77,0.2645199733057263,2021
101806,2025-10,0,extended_logistic,0.1,78,0.2629049243160956,2021
101312,2025-10,0,extended_logistic,0.1,79,0.2624901642267503,2021
101226,2025-10,0,extended_logistic,0.1,80,0.2617070952504993,2021
101084,2025-10,0,extended_logistic,0.1,81,0.2603025864549507,2021
101598,2025-10,0,extended_logistic,0.1,82,0.2597699184016453,2021
100829,2025-10,0,extended_logistic,0.1,83,0.2587807267476649,2021
100610,2025-10,0,extended_logistic,0.1,84,0.2587422968347445,2021
101123,2025-10,1,extended_logistic,0.1,85,0.2587020450077633,2021
101670,2025-10,0,extended_logistic,0.1,86,0.258560877371164,2021
100385,2025-10,1,extended_logistic,0.1,87,0.2574860347244009,2021
100823,2025-10,1,extended_logistic,0.1,88,0.2568529010648008,2021
101919,2025-10,1,extended_logistic,0.1,89,0.2547161563616445,2021
100530,2025-10,0,extended_logistic,0.1,90,0.2542200359162149,2021
101175,2025-10,0,extended_logistic,0.1,91,0.2535497230803251,2021
101922,2025-10,0,extended_logistic,0.1,92,0.2504035359183962,2021
101720,2025-10,0,extended_logistic,0.1,93,0.2497214795292321,2021
101746,2025-10,0,extended_logistic,0.1,94,0.2485376803431749,2021
100758,2025-10,0,extended_logistic,0.1,95,0.2472809882053905,2021
101888,2025-10,0,extended_logistic,0.1,96,0.2468816076523179,2021
100670,2025-10,0,extended_logistic,0.1,97,0.2464936615438106,2021
102005,2025-10,0,extended_logistic,0.1,98,0.2460128697099745,2021
101610,2025-10,1,extended_logistic,0.1,99,0.2459184174582641,2021
101825,2025-10,0,extended_logistic,0.1,100,0.2437282475851037,2021
100653,2025-10,0,extended_logistic,0.1,101,0.2430297899874221,2021
100032,2025-10,0,extended_logistic,0.1,102,0.2427900423265162,2021
102051,2025-10,1,extended_logistic,0.1,103,0.2419839304974251,2021
100393,2025-10,0,extended_logistic,0.1,104,0.2409414153666773,2021
101256,2025-10,0,extended_logistic,0.1,105,0.2403881296049204,2021
100901,2025-10,0,extended_logistic,0.1,106,0.2400245235184874,2021
101154,2025-10,0,extended_logistic,0.1,107,0.2399150737334277,2021
101259,2025-10,1,extended_logistic,0.1,108,0.2391692130190614,2021
100925,2025-10,0,extended_logistic,0.1,109,0.2365028619934051,2021
100531,2025-10,0,extended_logistic,0.1,110,0.2360057366967186,2021
101626,2025-10,0,extended_logistic,0.1,111,0.2359932669476969,2021
100149,2025-10,0,extended_logistic,0.1,112,0.2340353826327192,2021
101222,2025-10,1,extended_logistic,0.1,113,0.2332574615253911,2021
101343,2025-10,0,extended_logistic,0.1,114,0.2332021943857813,2021
102078,2025-10,0,extended_logistic,0.1,115,0.2320727312972016,2021
102012,2025-10,0,extended_logistic,0.1,116,0.2316754798205889,2021
102081,2025-10,0,extended_logistic,0.1,117,0.2315408585564822,2021
101011,2025-10,0,extended_logistic,0.1,118,0.2313630286801567,2021
100763,2025-10,0,extended_logistic,0.1,119,0.2311930527788491,2021
100704,2025-10,1,extended_logistic,0.1,120,0.2310690428991756,2021
101077,2025-10,0,extended_logistic,0.1,121,0.2307597977330144,2021
101423,2025-10,0,extended_logistic,0.1,122,0.2307569135052296,2021
100488,2025-10,0,extended_logistic,0.1,123,0.2304992917104741,2021
101094,2025-10,0,extended_logistic,0.1,124,0.2293452654508747,2021
100332,2025-10,0,extended_logistic,0.1,125,0.2287886183443789,2021
100870,2025-10,0,extended_logistic,0.1,126,0.2265734270825324,2021
101752,2025-10,0,extended_logistic,0.1,127,0.2264704354850324,2021
100882,2025-10,1,extended_logistic,0.1,128,0.2262606885918967,2021
101436,2025-10,0,extended_logistic,0.1,129,0.225030828974864,2021
101276,2025-10,0,extended_logistic,0.1,130,0.2247580338084633,2021
100269,2025-10,0,extended_logistic,0.1,131,0.2238511749655453,2021
100518,2025-10,0,extended_logistic,0.1,132,0.2228959895692352,2021
101613,2025-10,0,extended_logistic,0.1,133,0.2221681375404142,2021
100526,2025-10,1,extended_logistic,0.1,134,0.2207536683901438,2021
100245,2025-10,0,extended_logistic,0.1,135,0.2197513352181496,2021
101431,2025-10,0,extended_logistic,0.1,136,0.2197492493961316,2021
101623,2025-10,1,extended_logistic,0.1,137,0.2196060778046102,2021
100626,2025-10,0,extended_logistic,0.1,138,0.2195215765544128,2021
101232,2025-10,1,extended_logistic,0.1,139,0.2195089688486368,2021
101104,2025-10,0,extended_logistic,0.1,140,0.2187721028643306,2021
100826,2025-10,0,extended_logistic,0.1,141,0.2186682546280666,2021
100817,2025-10,0,extended_logistic,0.1,142,0.2185329017880998,2021
100494,2025-10,0,extended_logistic,0.1,143,0.2181840040594644,2021
100789,2025-10,1,extended_logistic,0.1,144,0.2176509565355292,2021
101826,2025-10,0,extended_logistic,0.1,145,0.217012571326558,2021
101811,2025-10,1,extended_logistic,0.1,146,0.2158348295635806,2021
100139,2025-10,0,extended_logistic,0.1,147,0.2153167097886736,2021
100083,2025-10,0,extended_logistic,0.1,148,0.2106259034101231,2021
100854,2025-10,0,extended_logistic,0.1,149,0.2103013201804654,2021
100757,2025-10,0,extended_logistic,0.1,150,0.2102475907091599,2021
100967,2025-10,0,extended_logistic,0.1,151,0.2086514303543323,2021
101629,2025-10,0,extended_logistic,0.1,152,0.2074696594820192,2021
101909,2025-10,1,extended_logistic,0.1,153,0.2059900001355538,2021
101160,2025-10,0,extended_logistic,0.1,154,0.2059195725599975,2021
101793,2025-10,0,extended_logistic,0.1,155,0.2052507563342773,2021
100579,2025-10,0,extended_logistic,0.1,156,0.2046948960490508,2021
100915,2025-10,0,extended_logistic,0.1,157,0.2043471613831814,2021
101731,2025-10,0,extended_logistic,0.1,158,0.2043210694609101,2021
101119,2025-10,0,extended_logistic,0.1,159,0.2041699191351321,2021
100795,2025-10,0,extended_logistic,0.1,160,0.2039805782444184,2021
100898,2025-10,0,extended_logistic,0.1,161,0.2032953658955694,2021
102045,2025-10,0,extended_logistic,0.1,162,0.203230380164813,2021
101124,2025-10,0,extended_logistic,0.1,163,0.2027534412299562,2021
100215,2025-10,0,extended_logistic,0.1,164,0.2014353385505096,2021
100859,2025-10,0,extended_logistic,0.1,165,0.2002910284716609,2021
101660,2025-10,0,extended_logistic,0.1,166,0.1997518227560299,2021
100923,2025-10,0,extended_logistic,0.1,167,0.1994491004771042,2021
100489,2025-10,0,extended_logistic,0.1,168,0.1993636695954181,2021
101846,2025-10,0,extended_logistic,0.1,169,0.1981018394803858,2021
101628,2025-10,0,extended_logistic,0.1,170,0.1976428608067475,2021
100573,2025-10,0,extended_logistic,0.1,171,0.1965310993812527,2021
100131,2025-10,0,extended_logistic,0.1,172,0.1962762504259793,2021
102022,2025-10,1,extended_logistic,0.1,173,0.1959903518718662,2021
101642,2025-10,0,extended_logistic,0.1,174,0.1959432439231463,2021
101591,2025-10,0,extended_logistic,0.1,175,0.195828512567135,2021
101841,2025-10,0,extended_logistic,0.1,176,0.1947166033426425,2021
100067,2025-10,0,extended_logistic,0.1,177,0.1946002804717387,2021
101987,2025-10,0,extended_logistic,0.1,178,0.1945621315213881,2021
101169,2025-10,1,extended_logistic,0.1,179,0.1937727823308687,2021
100365,2025-10,1,extended_logistic,0.1,180,0.1934650191558702,2021
100762,2025-10,0,extended_logistic,0.1,181,0.1933103244329591,2021
101887,2025-10,0,extended_logistic,0.1,182,0.1920149290247374,2021
101537,2025-10,0,extended_logistic,0.1,183,0.1916401666056819,2021
102067,2025-10,1,extended_logistic,0.1,184,0.1908977727868247,2021
100477,2025-10,0,extended_logistic,0.1,185,0.1904732504621824,2021
101296,2025-10,0,extended_logistic,0.1,186,0.190299657346145,2021
102019,2025-10,0,extended_logistic,0.1,187,0.1902858421665126,2021
100852,2025-10,0,extended_logistic,0.1,188,0.1892862473725821,2021
101871,2025-10,1,extended_logistic,0.1,189,0.1888152561960878,2021
100449,2025-10,0,extended_logistic,0.1,190,0.1881069448403664,2021
101986,2025-10,0,extended_logistic,0.1,191,0.1879743167781928,2021
100422,2025-10,0,extended_logistic,0.1,192,0.1875776906324738,2021
100907,2025-10,0,extended_logistic,0.1,193,0.1871090703310048,2021
101365,2025-10,1,extended_logistic,0.1,194,0.1869312471979492,2021
100768,2025-10,1,extended_logistic,0.1,195,0.1858670058894219,2021
101282,2025-10,0,extended_logistic,0.1,196,0.185629082939107,2021
100509,2025-10,0,extended_logistic,0.1,197,0.1852284361901552,2021
101853,2025-10,0,extended_logistic,0.1,198,0.1851909822234778,2021
101749,2025-10,0,extended_logistic,0.1,199,0.1848681332790369,2021
100448,2025-10,0,extended_logistic,0.1,200,0.1846707920230794,2021
101832,2025-10,1,extended_logistic,0.1,201,0.1836315592007338,2021
101227,2025-10,0,extended_logistic,0.1,202,0.1832861569233595,2021
100633,2025-10,0,extended_logistic,0.1,203,0.1828999153255119,2021
101965,2025-10,1,extended_logistic,0.2,1,0.4968658591575702,2021
100193,2025-10,1,extended_logistic,0.2,2,0.4525004464705129,2021
100774,2025-10,0,extended_logistic,0.2,3,0.420577629006616,2021
101448,2025-10,0,extended_logistic,0.2,4,0.4202972315050007,2021
100298,2025-10,0,extended_logistic,0.2,5,0.4150208279748314,2021
100453,2025-10,1,extended_logistic,0.2,6,0.4059530589066328,2021
101857,2025-10,1,extended_logistic,0.2,7,0.4045657548343818,2021
100587,2025-10,0,extended_logistic,0.2,8,0.404295845148564,2021
102037,2025-10,1,extended_logistic,0.2,9,0.3904719418871152,2021
101882,2025-10,0,extended_logistic,0.2,10,0.3813177804806929,2021
101500,2025-10,0,extended_logistic,0.2,11,0.3803861207999137,2021
100276,2025-10,1,extended_logistic,0.2,12,0.3755895488770317,2021
101097,2025-10,1,extended_logistic,0.2,13,0.3746136361606211,2021
101319,2025-10,0,extended_logistic,0.2,14,0.3727273314659897,2021
101228,2025-10,1,extended_logistic,0.2,15,0.3569378843509988,2021
100147,2025-10,0,extended_logistic,0.2,16,0.355739389951731,2021
101839,2025-10,1,extended_logistic,0.2,17,0.355663187437238,2021
101837,2025-10,0,extended_logistic,0.2,18,0.3517823514995371,2021
101449,2025-10,1,extended_logistic,0.2,19,0.3471712481476454,2021
101690,2025-10,1,extended_logistic,0.2,20,0.3413246399071789,2021
101489,2025-10,0,extended_logistic,0.2,21,0.3412815462681522,2021
101173,2025-10,1,extended_logistic,0.2,22,0.3353616912712847,2021
100661,2025-10,1,extended_logistic,0.2,23,0.3312114697741585,2021
100427,2025-10,0,extended_logistic,0.2,24,0.328774458513876,2021
101471,2025-10,1,extended_logistic,0.2,25,0.3278848684597646,2021
100727,2025-10,1,extended_logistic,0.2,26,0.3256479774759119,2021
101951,2025-10,0,extended_logistic,0.2,27,0.3248684752930325,2021
100214,2025-10,0,extended_logistic,0.2,28,0.3247220271245946,2021
101913,2025-10,0,extended_logistic,0.2,29,0.322582328516045,2021
100787,2025-10,1,extended_logistic,0.2,30,0.3201881281578431,2021
101395,2025-10,0,extended_logistic,0.2,31,0.318979738874778,2021
100187,2025-10,0,extended_logistic,0.2,32,0.3185723928264756,2021
100992,2025-10,0,extended_logistic,0.2,33,0.3182911943403491,2021
101571,2025-10,0,extended_logistic,0.2,34,0.3106941202294658,2021
100624,2025-10,0,extended_logistic,0.2,35,0.3085662039033142,2021
100732,2025-10,0,extended_logistic,0.2,36,0.308526040862754,2021
100066,2025-10,0,extended_logistic,0.2,37,0.304749747828981,2021
101767,2025-10,0,extended_logistic,0.2,38,0.3034508387481324,2021
101179,2025-10,1,extended_logistic,0.2,39,0.3033405560366364,2021
101246,2025-10,0,extended_logistic,0.2,40,0.2999521146967689,2021
102089,2025-10,1,extended_logistic,0.2,41,0.2983911652597897,2021
101638,2025-10,0,extended_logistic,0.2,42,0.2982093688625938,2021
100218,2025-10,1,extended_logistic,0.2,43,0.297426419372627,2021
101804,2025-10,1,extended_logistic,0.2,44,0.2966609258674508,2021
101890,2025-10,0,extended_logistic,0.2,45,0.2958746900042315,2021
101280,2025-10,1,extended_logistic,0.2,46,0.2956426212239664,2021
101726,2025-10,0,extended_logistic,0.2,47,0.2940218862344544,2021
101684,2025-10,1,extended_logistic,0.2,48,0.2929659731724568,2021
101505,2025-10,0,extended_logistic,0.2,49,0.2903512063102987,2021
101202,2025-10,1,extended_logistic,0.2,50,0.2898028779935812,2021
101776,2025-10,0,extended_logistic,0.2,51,0.2896121068108881,2021
100197,2025-10,0,extended_logistic,0.2,52,0.2878513396882857,2021
100123,2025-10,0,extended_logistic,0.2,53,0.285335534420911,2021
101928,2025-10,0,extended_logistic,0.2,54,0.2851907387217975,2021
101953,2025-10,0,extended_logistic,0.2,55,0.2844681831528423,2021
100497,2025-10,1,extended_logistic,0.2,56,0.2795948260510448,2021
100238,2025-10,0,extended_logistic,0.2,57,0.2792965523243494,2021
101277,2025-10,0,extended_logistic,0.2,58,0.2789527797550331,2021
102079,2025-10,1,extended_logistic,0.2,59,0.2789026291983646,2021
100559,2025-10,0,extended_logistic,0.2,60,0.2774763054351383,2021
101301,2025-10,0,extended_logistic,0.2,61,0.2771885749450223,2021
101738,2025-10,0,extended_logistic,0.2,62,0.2746251840466107,2021
100170,2025-10,0,extended_logistic,0.2,63,0.2742323696638438,2021
100300,2025-10,0,extended_logistic,0.2,64,0.2735730512902816,2021
101543,2025-10,0,extended_logistic,0.2,65,0.2726827471896486,2021
101724,2025-10,1,extended_logistic,0.2,66,0.2722669205175361,2021
100849,2025-10,0,extended_logistic,0.2,67,0.2720567905674318,2021
101727,2025-10,1,extended_logistic,0.2,68,0.2718868197316567,2021
102040,2025-10,0,extended_logistic,0.2,69,0.2712834737778045,2021
101527,2025-10,0,extended_logistic,0.2,70,0.2697101482280409,2021
102029,2025-10,0,extended_logistic,0.2,71,0.2696597044959528,2021
101607,2025-10,1,extended_logistic,0.2,72,0.2666220957313936,2021
101639,2025-10,0,extended_logistic,0.2,73,0.266378156897139,2021
102025,2025-10,0,extended_logistic,0.2,74,0.2663427332124238,2021
100773,2025-10,1,extended_logistic,0.2,75,0.265868597124179,2021
101869,2025-10,0,extended_logistic,0.2,76,0.2656079403691429,2021
100892,2025-10,1,extended_logistic,0.2,77,0.2645199733057263,2021
101806,2025-10,0,extended_logistic,0.2,78,0.2629049243160956,2021
101312,2025-10,0,extended_logistic,0.2,79,0.2624901642267503,2021
101226,2025-10,0,extended_logistic,0.2,80,0.2617070952504993,2021
101084,2025-10,0,extended_logistic,0.2,81,0.2603025864549507,2021
101598,2025-10,0,extended_logistic,0.2,82,0.2597699184016453,2021
100829,2025-10,0,extended_logistic,0.2,83,0.2587807267476649,2021
100610,2025-10,0,extended_logistic,0.2,84,0.2587422968347445,2021
101123,2025-10,1,extended_logistic,0.2,85,0.2587020450077633,2021
101670,2025-10,0,extended_logistic,0.2,86,0.258560877371164,2021
100385,2025-10,1,extended_logistic,0.2,87,0.2574860347244009,2021
100823,2025-10,1,extended_logistic,0.2,88,0.2568529010648008,2021
101919,2025-10,1,extended_logistic,0.2,89,0.2547161563616445,2021
100530,2025-10,0,extended_logistic,0.2,90,0.2542200359162149,2021
101175,2025-10,0,extended_logistic,0.2,91,0.2535497230803251,2021
101922,2025-10,0,extended_logistic,0.2,92,0.2504035359183962,2021
101720,2025-10,0,extended_logistic,0.2,93,0.2497214795292321,2021
101746,2025-10,0,extended_logistic,0.2,94,0.2485376803431749,2021
100758,2025-10,0,extended_logistic,0.2,95,0.2472809882053905,2021
101888,2025-10,0,extended_logistic,0.2,96,0.2468816076523179,2021
100670,2025-10,0,extended_logistic,0.2,97,0.2464936615438106,2021
102005,2025-10,0,extended_logistic,0.2,98,0.2460128697099745,2021
101610,2025-10,1,extended_logistic,0.2,99,0.2459184174582641,2021
101825,2025-10,0,extended_logistic,0.2,100,0.2437282475851037,2021
100653,2025-10,0,extended_logistic,0.2,101,0.2430297899874221,2021
100032,2025-10,0,extended_logistic,0.2,102,0.2427900423265162,2021
102051,2025-10,1,extended_logistic,0.2,103,0.2419839304974251,2021
100393,2025-10,0,extended_logistic,0.2,104,0.2409414153666773,2021
101256,2025-10,0,extended_logistic,0.2,105,0.2403881296049204,2021
100901,2025-10,0,extended_logistic,0.2,106,0.2400245235184874,2021
101154,2025-10,0,extended_logistic,0.2,107,0.2399150737334277,2021
101259,2025-10,1,extended_logistic,0.2,108,0.2391692130190614,2021
100925,2025-10,0,extended_logistic,0.2,109,0.2365028619934051,2021
100531,2025-10,0,extended_logistic,0.2,110,0.2360057366967186,2021
101626,2025-10,0,extended_logistic,0.2,111,0.2359932669476969,2021
100149,2025-10,0,extended_logistic,0.2,112,0.2340353826327192,2021
101222,2025-10,1,extended_logistic,0.2,113,0.2332574615253911,2021
101343,2025-10,0,extended_logistic,0.2,114,0.2332021943857813,2021
102078,2025-10,0,extended_logistic,0.2,115,0.2320727312972016,2021
102012,2025-10,0,extended_logistic,0.2,116,0.2316754798205889,2021
102081,2025-10,0,extended_logistic,0.2,117,0.2315408585564822,2021
101011,2025-10,0,extended_logistic,0.2,118,0.2313630286801567,2021
100763,2025-10,0,extended_logistic,0.2,119,0.2311930527788491,2021
100704,2025-10,1,extended_logistic,0.2,120,0.2310690428991756,2021
101077,2025-10,0,extended_logistic,0.2,121,0.2307597977330144,2021
101423,2025-10,0,extended_logistic,0.2,122,0.2307569135052296,2021
100488,2025-10,0,extended_logistic,0.2,123,0.2304992917104741,2021
101094,2025-10,0,extended_logistic,0.2,124,0.2293452654508747,2021
100332,2025-10,0,extended_logistic,0.2,125,0.2287886183443789,2021
100870,2025-10,0,extended_logistic,0.2,126,0.2265734270825324,2021
101752,2025-10,0,extended_logistic,0.2,127,0.2264704354850324,2021
100882,2025-10,1,extended_logistic,0.2,128,0.2262606885918967,2021
101436,2025-10,0,extended_logistic,0.2,129,0.225030828974864,2021
101276,2025-10,0,extended_logistic,0.2,130,0.2247580338084633,2021
100269,2025-10,0,extended_logistic,0.2,131,0.2238511749655453,2021
100518,2025-10,0,extended_logistic,0.2,132,0.2228959895692352,2021
101613,2025-10,0,extended_logistic,0.2,133,0.2221681375404142,2021
100526,2025-10,1,extended_logistic,0.2,134,0.2207536683901438,2021
100245,2025-10,0,extended_logistic,0.2,135,0.2197513352181496,2021
101431,2025-10,0,extended_logistic,0.2,136,0.2197492493961316,2021
101623,2025-10,1,extended_logistic,0.2,137,0.2196060778046102,2021
100626,2025-10,0,extended_logistic,0.2,138,0.2195215765544128,2021
101232,2025-10,1,extended_logistic,0.2,139,0.2195089688486368,2021
101104,2025-10,0,extended_logistic,0.2,140,0.2187721028643306,2021
100826,2025-10,0,extended_logistic,0.2,141,0.2186682546280666,2021
100817,2025-10,0,extended_logistic,0.2,142,0.2185329017880998,2021
100494,2025-10,0,extended_logistic,0.2,143,0.2181840040594644,2021
100789,2025-10,1,extended_logistic,0.2,144,0.2176509565355292,2021
101826,2025-10,0,extended_logistic,0.2,145,0.217012571326558,2021
101811,2025-10,1,extended_logistic,0.2,146,0.2158348295635806,2021
100139,2025-10,0,extended_logistic,0.2,147,0.2153167097886736,2021
100083,2025-10,0,extended_logistic,0.2,148,0.2106259034101231,2021
100854,2025-10,0,extended_logistic,0.2,149,0.2103013201804654,2021
100757,2025-10,0,extended_logistic,0.2,150,0.2102475907091599,2021
100967,2025-10,0,extended_logistic,0.2,151,0.2086514303543323,2021
101629,2025-10,0,extended_logistic,0.2,152,0.2074696594820192,2021
101909,2025-10,1,extended_logistic,0.2,153,0.2059900001355538,2021
101160,2025-10,0,extended_logistic,0.2,154,0.2059195725599975,2021
101793,2025-10,0,extended_logistic,0.2,155,0.2052507563342773,2021
100579,2025-10,0,extended_logistic,0.2,156,0.2046948960490508,2021
100915,2025-10,0,extended_logistic,0.2,157,0.2043471613831814,2021
101731,2025-10,0,extended_logistic,0.2,158,0.2043210694609101,2021
101119,2025-10,0,extended_logistic,0.2,159,0.2041699191351321,2021
100795,2025-10,0,extended_logistic,0.2,160,0.2039805782444184,2021
100898,2025-10,0,extended_logistic,0.2,161,0.2032953658955694,2021
102045,2025-10,0,extended_logistic,0.2,162,0.203230380164813,2021
101124,2025-10,0,extended_logistic,0.2,163,0.2027534412299562,2021
100215,2025-10,0,extended_logistic,0.2,164,0.2014353385505096,2021
100859,2025-10,0,extended_logistic,0.2,165,0.2002910284716609,2021
101660,2025-10,0,extended_logistic,0.2,166,0.1997518227560299,2021
100923,2025-10,0,extended_logistic,0.2,167,0.1994491004771042,2021
100489,2025-10,0,extended_logistic,0.2,168,0.1993636695954181,2021
101846,2025-10,0,extended_logistic,0.2,169,0.1981018394803858,2021
101628,2025-10,0,extended_logistic,0.2,170,0.1976428608067475,2021
100573,2025-10,0,extended_logistic,0.2,171,0.1965310993812527,2021
100131,2025-10,0,extended_logistic,0.2,172,0.1962762504259793,2021
102022,2025-10,1,extended_logistic,0.2,173,0.1959903518718662,2021
101642,2025-10,0,extended_logistic,0.2,174,0.1959432439231463,2021
101591,2025-10,0,extended_logistic,0.2,175,0.195828512567135,2021
101841,2025-10,0,extended_logistic,0.2,176,0.1947166033426425,2021
100067,2025-10,0,extended_logistic,0.2,177,0.1946002804717387,2021
101987,2025-10,0,extended_logistic,0.2,178,0.1945621315213881,2021
101169,2025-10,1,extended_logistic,0.2,179,0.1937727823308687,2021
100365,2025-10,1,extended_logistic,0.2,180,0.1934650191558702,2021
100762,2025-10,0,extended_logistic,0.2,181,0.1933103244329591,2021
101887,2025-10,0,extended_logistic,0.2,182,0.1920149290247374,2021
101537,2025-10,0,extended_logistic,0.2,183,0.1916401666056819,2021
102067,2025-10,1,extended_logistic,0.2,184,0.1908977727868247,2021
100477,2025-10,0,extended_logistic,0.2,185,0.1904732504621824,2021
101296,2025-10,0,extended_logistic,0.2,186,0.190299657346145,2021
102019,2025-10,0,extended_logistic,0.2,187,0.1902858421665126,2021
100852,2025-10,0,extended_logistic,0.2,188,0.1892862473725821,2021
101871,2025-10,1,extended_logistic,0.2,189,0.1888152561960878,2021
100449,2025-10,0,extended_logistic,0.2,190,0.1881069448403664,2021
101986,2025-10,0,extended_logistic,0.2,191,0.1879743167781928,2021
100422,2025-10,0,extended_logistic,0.2,192,0.1875776906324738,2021
100907,2025-10,0,extended_logistic,0.2,193,0.1871090703310048,2021
101365,2025-10,1,extended_logistic,0.2,194,0.1869312471979492,2021
100768,2025-10,1,extended_logistic,0.2,195,0.1858670058894219,2021
101282,2025-10,0,extended_logistic,0.2,196,0.185629082939107,2021
100509,2025-10,0,extended_logistic,0.2,197,0.1852284361901552,2021
101853,2025-10,0,extended_logistic,0.2,198,0.1851909822234778,2021
101749,2025-10,0,extended_logistic,0.2,199,0.1848681332790369,2021
100448,2025-10,0,extended_logistic,0.2,200,0.1846707920230794,2021
101832,2025-10,1,extended_logistic,0.2,201,0.1836315592007338,2021
101227,2025-10,0,extended_logistic,0.2,202,0.1832861569233595,2021
100633,2025-10,0,extended_logistic,0.2,203,0.1828999153255119,2021
101872,2025-10,0,extended_logistic,0.2,204,0.1824208219967735,2021
100529,2025-10,0,extended_logistic,0.2,205,0.1820819770764607,2021
101569,2025-10,0,extended_logistic,0.2,206,0.1817242557598507,2021
100510,2025-10,0,extended_logistic,0.2,207,0.1810859547364817,2021
101409,2025-10,0,extended_logistic,0.2,208,0.181021071870869,2021
101264,2025-10,0,extended_logistic,0.2,209,0.1807488505616191,2021
101893,2025-10,0,extended_logistic,0.2,210,0.1801412802329542,2021
101570,2025-10,1,extended_logistic,0.2,211,0.1798498245752092,2021
101332,2025-10,0,extended_logistic,0.2,212,0.1795923163744146,2021
100775,2025-10,0,extended_logistic,0.2,213,0.1791622668825195,2021
101624,2025-10,1,extended_logistic,0.2,214,0.1787974989844737,2021
100798,2025-10,0,extended_logistic,0.2,215,0.1787602594530274,2021
100702,2025-10,1,extended_logistic,0.2,216,0.1780305185773072,2021
101790,2025-10,0,extended_logistic,0.2,217,0.1774686010746031,2021
101266,2025-10,0,extended_logistic,0.2,218,0.1772598316176556,2021
101443,2025-10,1,extended_logistic,0.2,219,0.1770680649093383,2021
100746,2025-10,0,extended_logistic,0.2,220,0.1768428462403413,2021
101053,2025-10,0,extended_logistic,0.2,221,0.1764257359537819,2021
101270,2025-10,0,extended_logistic,0.2,222,0.176234942313841,2021
101578,2025-10,0,extended_logistic,0.2,223,0.1758627021563326,2021
102082,2025-10,1,extended_logistic,0.2,224,0.1758320093555506,2021
101824,2025-10,1,extended_logistic,0.2,225,0.1754734768586733,2021
101045,2025-10,0,extended_logistic,0.2,226,0.1752258526226413,2021
101927,2025-10,0,extended_logistic,0.2,227,0.1750613705918849,2021
101039,2025-10,0,extended_logistic,0.2,228,0.1750340074229662,2021
101772,2025-10,0,extended_logistic,0.2,229,0.1745658184331392,2021
100229,2025-10,0,extended_logistic,0.2,230,0.1738599131731397,2021
100143,2025-10,0,extended_logistic,0.2,231,0.1737584564286557,2021
100102,2025-10,1,extended_logistic,0.2,232,0.1733457579955011,2021
100002,2025-10,1,extended_logistic,0.2,233,0.1731227403701647,2021
100233,2025-10,0,extended_logistic,0.2,234,0.1728489321360533,2021
101322,2025-10,0,extended_logistic,0.2,235,0.1727878958724838,2021
100275,2025-10,1,extended_logistic,0.2,236,0.1727780246180248,2021
101223,2025-10,0,extended_logistic,0.2,237,0.1725245877136784,2021
100471,2025-10,0,extended_logistic,0.2,238,0.1724738838010427,2021
100636,2025-10,0,extended_logistic,0.2,239,0.1724163953914105,2021
102008,2025-10,0,extended_logistic,0.2,240,0.1722440594395155,2021
101378,2025-10,1,extended_logistic,0.2,241,0.17206301202436,2021
100744,2025-10,1,extended_logistic,0.2,242,0.1720201904637311,2021
100977,2025-10,0,extended_logistic,0.2,243,0.1719568203408733,2021
100788,2025-10,0,extended_logistic,0.2,244,0.1713146846311841,2021
101465,2025-10,1,extended_logistic,0.2,245,0.1710518516576037,2021
100073,2025-10,0,extended_logistic,0.2,246,0.1708597111940188,2021
100912,2025-10,0,extended_logistic,0.2,247,0.1707082699583774,2021
100883,2025-10,0,extended_logistic,0.2,248,0.170452780372087,2021
101480,2025-10,0,extended_logistic,0.2,249,0.1703907421229834,2021
101367,2025-10,0,extended_logistic,0.2,250,0.1699737396490588,2021
100779,2025-10,0,extended_logistic,0.2,251,0.1691921313595618,2021
100581,2025-10,0,extended_logistic,0.2,252,0.1690265111658933,2021
101601,2025-10,0,extended_logistic,0.2,253,0.1688269616821354,2021
100399,2025-10,1,extended_logistic,0.2,254,0.1687432089678857,2021
100148,2025-10,0,extended_logistic,0.2,255,0.1681782835546903,2021
100564,2025-10,0,extended_logistic,0.2,256,0.1680498478378147,2021
100548,2025-10,1,extended_logistic,0.2,257,0.167722331402673,2021
100485,2025-10,0,extended_logistic,0.2,258,0.1675463359531558,2021
100052,2025-10,0,extended_logistic,0.2,259,0.1674824835478851,2021
101287,2025-10,0,extended_logistic,0.2,260,0.1673928843288774,2021
101996,2025-10,0,extended_logistic,0.2,261,0.1668483085710419,2021
100503,2025-10,0,extended_logistic,0.2,262,0.1665722132614145,2021
101294,2025-10,1,extended_logistic,0.2,263,0.1661056643823188,2021
100003,2025-10,0,extended_logistic,0.2,264,0.1659265648137733,2021
100672,2025-10,0,extended_logistic,0.2,265,0.165812417273103,2021
101186,2025-10,1,extended_logistic,0.2,266,0.1657260828738584,2021
100578,2025-10,0,extended_logistic,0.2,267,0.1647692054774484,2021
101327,2025-10,0,extended_logistic,0.2,268,0.1647473223042845,2021
100156,2025-10,0,extended_logistic,0.2,269,0.1642516986124111,2021
101910,2025-10,0,extended_logistic,0.2,270,0.1637936266980777,2021
100328,2025-10,0,extended_logistic,0.2,271,0.1635961683414515,2021
101167,2025-10,0,extended_logistic,0.2,272,0.1634886610042136,2021
101400,2025-10,0,extended_logistic,0.2,273,0.163022419656594,2021
100899,2025-10,0,extended_logistic,0.2,274,0.1629645454643155,2021
100167,2025-10,0,extended_logistic,0.2,275,0.1626408988702874,2021
100605,2025-10,0,extended_logistic,0.2,276,0.1624986121919304,2021
101542,2025-10,0,extended_logistic,0.2,277,0.1623579605056344,2021
100151,2025-10,0,extended_logistic,0.2,278,0.1621799290182533,2021
100550,2025-10,0,extended_logistic,0.2,279,0.1620184624840352,2021
102053,2025-10,1,extended_logistic,0.2,280,0.1616920333105406,2021
100560,2025-10,0,extended_logistic,0.2,281,0.1613248143025699,2021
101866,2025-10,1,extended_logistic,0.2,282,0.1611967354541859,2021
100536,2025-10,1,extended_logistic,0.2,283,0.1610920200103941,2021
101917,2025-10,0,extended_logistic,0.2,284,0.1609227642553505,2021
101534,2025-10,0,extended_logistic,0.2,285,0.1608153400120481,2021
101353,2025-10,0,extended_logistic,0.2,286,0.160230831838976,2021
100913,2025-10,0,extended_logistic,0.2,287,0.160128561018635,2021
100792,2025-10,0,extended_logistic,0.2,288,0.1601026719564783,2021
101798,2025-10,0,extended_logistic,0.2,289,0.1588683561821145,2021
100846,2025-10,0,extended_logistic,0.2,290,0.1584219593745063,2021
100104,2025-10,0,extended_logistic,0.2,291,0.1583592148508634,2021
101736,2025-10,0,extended_logistic,0.2,292,0.1578856951938237,2021
100225,2025-10,0,extended_logistic,0.2,293,0.1575408045144535,2021
101507,2025-10,0,extended_logistic,0.2,294,0.1575353302466924,2021
101958,2025-10,0,extended_logistic,0.2,295,0.1575099202369942,2021
100765,2025-10,0,extended_logistic,0.2,296,0.1555502010933604,2021
100481,2025-10,0,extended_logistic,0.2,297,0.15525667141469,2021
101346,2025-10,0,extended_logistic,0.2,298,0.1551626620076644,2021
100803,2025-10,1,extended_logistic,0.2,299,0.1551613603714436,2021
100971,2025-10,0,extended_logistic,0.2,300,0.1551533226154106,2021
100092,2025-10,0,extended_logistic,0.2,301,0.1540363482870595,2021
101298,2025-10,0,extended_logistic,0.2,302,0.1540047807401987,2021
100210,2025-10,1,extended_logistic,0.2,303,0.1538088335169895,2021
100806,2025-10,0,extended_logistic,0.2,304,0.1532556675725018,2021
100283,2025-10,1,extended_logistic,0.2,305,0.1530896712014481,2021
101619,2025-10,0,extended_logistic,0.2,306,0.1529868369201851,2021
101428,2025-10,0,extended_logistic,0.2,307,0.1524443300156075,2021
101547,2025-10,0,extended_logistic,0.2,308,0.1520431212849494,2021
101600,2025-10,0,extended_logistic,0.2,309,0.1516685441581603,2021
101001,2025-10,0,extended_logistic,0.2,310,0.1510928946847118,2021
100222,2025-10,0,extended_logistic,0.2,311,0.1509274820575364,2021
100264,2025-10,0,extended_logistic,0.2,312,0.1508359967406381,2021
102075,2025-10,0,extended_logistic,0.2,313,0.1507825097386532,2021
101336,2025-10,0,extended_logistic,0.2,314,0.1507252057825313,2021
100877,2025-10,0,extended_logistic,0.2,315,0.1504433215242593,2021
101005,2025-10,0,extended_logistic,0.2,316,0.1495748714558066,2021
101709,2025-10,0,extended_logistic,0.2,317,0.1495728014793028,2021
101078,2025-10,0,extended_logistic,0.2,318,0.1494652171744316,2021
101636,2025-10,0,extended_logistic,0.2,319,0.1489846774704253,2021
101820,2025-10,0,extended_logistic,0.2,320,0.1488017241163467,2021
100686,2025-10,0,extended_logistic,0.2,321,0.1484320149278591,2021
100115,2025-10,0,extended_logistic,0.2,322,0.1481033287594318,2021
101334,2025-10,0,extended_logistic,0.2,323,0.1481000216704031,2021
101349,2025-10,0,extended_logistic,0.2,324,0.147519737726224,2021
101215,2025-10,0,extended_logistic,0.2,325,0.1474547233135187,2021
100968,2025-10,0,extended_logistic,0.2,326,0.1474154142168523,2021
101219,2025-10,0,extended_logistic,0.2,327,0.146650056451526,2021
100296,2025-10,0,extended_logistic,0.2,328,0.1461217172323967,2021
101026,2025-10,0,extended_logistic,0.2,329,0.1459683150734913,2021
101881,2025-10,0,extended_logistic,0.2,330,0.1456639111529163,2021
100869,2025-10,0,extended_logistic,0.2,331,0.1456150796328943,2021
101823,2025-10,0,extended_logistic,0.2,332,0.145284361735175,2021
101368,2025-10,0,extended_logistic,0.2,333,0.1447238571935923,2021
100585,2025-10,0,extended_logistic,0.2,334,0.1440289840017345,2021
101952,2025-10,0,extended_logistic,0.2,335,0.1439888322131747,2021
101216,2025-10,1,extended_logistic,0.2,336,0.1439655236300184,2021
101384,2025-10,0,extended_logistic,0.2,337,0.1434280792196935,2021
100286,2025-10,0,extended_logistic,0.2,338,0.1433230140077689,2021
101068,2025-10,0,extended_logistic,0.2,339,0.1431347493339776,2021
100243,2025-10,0,extended_logistic,0.2,340,0.1429397955565489,2021
101936,2025-10,0,extended_logistic,0.2,341,0.1427513178290628,2021
101455,2025-10,0,extended_logistic,0.2,342,0.1427384852438521,2021
101071,2025-10,0,extended_logistic,0.2,343,0.1423278291972653,2021
100039,2025-10,0,extended_logistic,0.2,344,0.1421155710691981,2021
100681,2025-10,0,extended_logistic,0.2,345,0.1418897000056341,2021
100843,2025-10,0,extended_logistic,0.2,346,0.1417620812868658,2021
100745,2025-10,0,extended_logistic,0.2,347,0.1411590824233943,2021
100929,2025-10,0,extended_logistic,0.2,348,0.1411393966582759,2021
101589,2025-10,0,extended_logistic,0.2,349,0.1411349416448026,2021
100470,2025-10,0,extended_logistic,0.2,350,0.1408181583724651,2021
101076,2025-10,0,extended_logistic,0.2,351,0.1407020065133963,2021
101829,2025-10,0,extended_logistic,0.2,352,0.1405567743332336,2021
100117,2025-10,0,extended_logistic,0.2,353,0.1405012140147469,2021
100615,2025-10,0,extended_logistic,0.2,354,0.1402115224165306,2021
100696,2025-10,0,extended_logistic,0.2,355,0.1401589973068478,2021
101883,2025-10,0,extended_logistic,0.2,356,0.1400709831362054,2021
101247,2025-10,0,extended_logistic,0.2,357,0.1399938332905459,2021
100752,2025-10,0,extended_logistic,0.2,358,0.1397671156339762,2021
100589,2025-10,0,extended_logistic,0.2,359,0.1393545421911262,2021
101133,2025-10,0,extended_logistic,0.2,360,0.1391411901168343,2021
101673,2025-10,0,extended_logistic,0.2,361,0.1391157780639774,2021
102043,2025-10,1,extended_logistic,0.2,362,0.13907889108494,2021
101089,2025-10,0,extended_logistic,0.2,363,0.1385504247444034,2021
101379,2025-10,0,extended_logistic,0.2,364,0.1384145967026872,2021
101196,2025-10,0,extended_logistic,0.2,365,0.1382662878430803,2021
101990,2025-10,0,extended_logistic,0.2,366,0.1380858438030224,2021
101325,2025-10,0,extended_logistic,0.2,367,0.1380652703723021,2021
100555,2025-10,0,extended_logistic,0.2,368,0.1376712278621523,2021
101421,2025-10,0,extended_logistic,0.2,369,0.1374440484419641,2021
101273,2025-10,0,extended_logistic,0.2,370,0.1373479110630621,2021
101787,2025-10,0,extended_logistic,0.2,371,0.13716738196741,2021
101461,2025-10,0,extended_logistic,0.2,372,0.1368638384911533,2021
101437,2025-10,0,extended_logistic,0.2,373,0.1368225830426283,2021
100679,2025-10,0,extended_logistic,0.2,374,0.1365898361748775,2021
101018,2025-10,0,extended_logistic,0.2,375,0.1365076339701099,2021
100676,2025-10,0,extended_logistic,0.2,376,0.1364582709219856,2021
100350,2025-10,0,extended_logistic,0.2,377,0.1361091270931831,2021
101780,2025-10,1,extended_logistic,0.2,378,0.1357692220804873,2021
100295,2025-10,0,extended_logistic,0.2,379,0.1357519931911856,2021
100932,2025-10,0,extended_logistic,0.2,380,0.1353852324773181,2021
100616,2025-10,0,extended_logistic,0.2,381,0.1353179330104824,2021
101253,2025-10,0,extended_logistic,0.2,382,0.1352076175558742,2021
101735,2025-10,0,extended_logistic,0.2,383,0.1350928604599119,2021
101137,2025-10,0,extended_logistic,0.2,384,0.1348487879230548,2021
101181,2025-10,0,extended_logistic,0.2,385,0.1348043066646799,2021
101791,2025-10,0,extended_logistic,0.2,386,0.1342249441823624,2021
101029,2025-10,0,extended_logistic,0.2,387,0.1340038405451071,2021
100175,2025-10,1,extended_logistic,0.2,388,0.1338739662273949,2021
101320,2025-10,0,extended_logistic,0.2,389,0.1338699287990209,2021
100492,2025-10,0,extended_logistic,0.2,390,0.1336886866679178,2021
101419,2025-10,1,extended_logistic,0.2,391,0.1336403082379108,2021
100216,2025-10,0,extended_logistic,0.2,392,0.133418220854182,2021
101406,2025-10,0,extended_logistic,0.2,393,0.133222322650119,2021
101580,2025-10,0,extended_logistic,0.2,394,0.1329258478100868,2021
100376,2025-10,0,extended_logistic,0.2,395,0.1327736619214192,2021
100256,2025-10,0,extended_logistic,0.2,396,0.1325730097937697,2021
100656,2025-10,0,extended_logistic,0.2,397,0.1325613344745305,2021
101260,2025-10,0,extended_logistic,0.2,398,0.1325253858374515,2021
101704,2025-10,0,extended_logistic,0.2,399,0.1323926623713588,2021
101164,2025-10,0,extended_logistic,0.2,400,0.1318909247697307,2021
101714,2025-10,0,extended_logistic,0.2,401,0.1317156356093821,2021
100361,2025-10,0,extended_logistic,0.2,402,0.1314994900185876,2021
101207,2025-10,0,extended_logistic,0.2,403,0.1313162116310992,2021
100025,2025-10,1,extended_logistic,0.2,404,0.1302077007447301,2021
101086,2025-10,0,extended_logistic,0.2,405,0.1301399451631022,2021
100519,2025-11,0,decile,0.05,1,1.0,2017
100340,2025-11,0,decile,0.05,2,1.0,2017
101084,2025-11,0,decile,0.05,3,1.0,2017
100624,2025-11,1,decile,0.05,4,1.0,2017
100015,2025-11,0,decile,0.05,5,1.0,2017
101692,2025-11,0,decile,0.05,6,1.0,2017
101642,2025-11,0,decile,0.05,7,1.0,2017
100073,2025-11,0,decile,0.05,8,1.0,2017
100218,2025-11,0,decile,0.05,9,1.0,2017
101071,2025-11,0,decile,0.05,10,1.0,2017
101909,2025-11,0,decile,0.05,11,1.0,2017
101379,2025-11,0,decile,0.05,12,1.0,2017
101945,2025-11,0,decile,0.05,13,1.0,2017
100882,2025-11,0,decile,0.05,14,1.0,2017
101839,2025-11,0,decile,0.05,15,1.0,2017
100056,2025-11,0,decile,0.05,16,1.0,2017
101598,2025-11,0,decile,0.05,17,1.0,2017
100901,2025-11,0,decile,0.05,18,1.0,2017
101788,2025-11,0,decile,0.05,19,1.0,2017
100968,2025-11,0,decile,0.05,20,1.0,2017
101449,2025-11,0,decile,0.05,21,1.0,2017
101367,2025-11,0,decile,0.05,22,1.0,2017
100453,2025-11,0,decile,0.05,23,1.0,2017
100744,2025-11,0,decile,0.05,24,1.0,2017
100752,2025-11,0,decile,0.05,25,1.0,2017
101761,2025-11,1,decile,0.05,26,1.0,2017
102051,2025-11,0,decile,0.05,27,1.0,2017
101857,2025-11,0,decile,0.05,28,1.0,2017
101505,2025-11,0,decile,0.05,29,1.0,2017
102053,2025-11,1,decile,0.05,30,1.0,2017
102078,2025-11,0,decile,0.05,31,1.0,2017
100197,2025-11,0,decile,0.05,32,1.0,2017
101971,2025-11,0,decile,0.05,33,1.0,2017
101676,2025-11,0,decile,0.05,34,1.0,2017
101601,2025-11,0,decile,0.05,35,1.0,2017
101160,2025-11,0,decile,0.05,36,1.0,2017
101607,2025-11,0,decile,0.05,37,1.0,2017
100216,2025-11,0,decile,0.05,38,1.0,2017
101776,2025-11,0,decile,0.05,39,1.0,2017
101455,2025-11,0,decile,0.05,40,1.0,2017
101140,2025-11,0,decile,0.05,41,1.0,2017
101471,2025-11,0,decile,0.05,42,1.0,2017
101709,2025-11,0,decile,0.05,43,1.0,2017
101077,2025-11,0,decile,0.05,44,1.0,2017
101672,2025-11,0,decile,0.05,45,1.0,2017
100559,2025-11,0,decile,0.05,46,1.0,2017
100332,2025-11,0,decile,0.05,47,1.0,2017
100564,2025-11,0,decile,0.05,48,1.0,2017
102079,2025-11,0,decile,0.05,49,1.0,2017
101660,2025-11,0,decile,0.05,50,1.0,2017
101543,2025-11,0,decile,0.05,51,1.0,2017
100795,2025-11,0,decile,0.05,52,1.0,2017
100161,2025-11,0,decile,0.05,53,1.0,2017
101067,2025-11,0,decile,0.05,54,1.0,2017
101437,2025-11,0,decile,0.05,55,1.0,2017
102044,2025-11,0,decile,0.05,56,1.0,2017
100610,2025-11,0,decile,0.05,57,1.0,2017
100627,2025-11,1,decile,0.05,58,1.0,2017
101527,2025-11,0,decile,0.05,59,1.0,2017
101478,2025-11,0,decile,0.05,60,1.0,2017
100775,2025-11,1,decile,0.05,61,1.0,2017
100698,2025-11,0,decile,0.05,62,1.0,2017
101772,2025-11,0,decile,0.05,63,1.0,2017
100724,2025-11,0,decile,0.05,64,1.0,2017
101173,2025-11,0,decile,0.05,65,1.0,2017
100017,2025-11,0,decile,0.05,66,1.0,2017
101305,2025-11,0,decile,0.05,67,1.0,2017
101890,2025-11,0,decile,0.05,68,1.0,2017
100686,2025-11,0,decile,0.05,69,1.0,2017
100745,2025-11,0,decile,0.05,70,1.0,2017
101414,2025-11,1,decile,0.05,71,1.0,2017
101752,2025-11,1,decile,0.05,72,1.0,2017
100215,2025-11,1,decile,0.05,73,1.0,2017
100560,2025-11,0,decile,0.05,74,1.0,2017
100041,2025-11,0,decile,0.05,75,1.0,2017
101639,2025-11,0,decile,0.05,76,1.0,2017
100661,2025-11,1,decile,0.05,77,1.0,2017
100592,2025-11,0,decile,0.05,78,1.0,2017
101365,2025-11,0,decile,0.05,79,1.0,2017
100530,2025-11,0,decile,0.05,80,1.0,2017
100066,2025-11,0,decile,0.05,81,1.0,2017
101309,2025-11,0,decile,0.05,82,1.0,2017
100275,2025-11,0,decile,0.05,83,1.0,2017
100276,2025-11,0,decile,0.05,84,1.0,2017
101350,2025-11,0,decile,0.05,85,1.0,2017
100694,2025-11,0,decile,0.05,86,1.0,2017
101448,2025-11,1,decile,0.05,87,1.0,2017
100229,2025-11,0,decile,0.05,88,1.0,2017
102063,2025-11,0,decile,0.05,89,1.0,2017
100170,2025-11,0,decile,0.05,90,1.0,2017
102019,2025-11,0,decile,0.05,91,1.0,2017
102037,2025-11,0,decile,0.05,92,1.0,2017
101837,2025-11,0,decile,0.05,93,1.0,2017
101301,2025-11,0,decile,0.05,94,1.0,2017
100665,2025-11,0,decile,0.05,95,1.0,2017
100774,2025-11,0,decile,0.05,96,1.0,2017
101466,2025-11,0,decile,0.05,97,1.0,2017
101246,2025-11,0,decile,0.05,98,1.0,2017
100115,2025-11,0,decile,0.05,99,1.0,2017
100322,2025-11,0,decile,0.05,100,1.0,2017
100361,2025-11,0,decile,0.05,101,1.0,2017
100519,2025-11,0,decile,0.1,1,1.0,2017
100340,2025-11,0,decile,0.1,2,1.0,2017
101084,2025-11,0,decile,0.1,3,1.0,2017
100624,2025-11,1,decile,0.1,4,1.0,2017
100015,2025-11,0,decile,0.1,5,1.0,2017
101692,2025-11,0,decile,0.1,6,1.0,2017
101642,2025-11,0,decile,0.1,7,1.0,2017
100073,2025-11,0,decile,0.1,8,1.0,2017
100218,2025-11,0,decile,0.1,9,1.0,2017
101071,2025-11,0,decile,0.1,10,1.0,2017
101909,2025-11,0,decile,0.1,11,1.0,2017
101379,2025-11,0,decile,0.1,12,1.0,2017
101945,2025-11,0,decile,0.1,13,1.0,2017
100882,2025-11,0,decile,0.1,14,1.0,2017
101839,2025-11,0,decile,0.1,15,1.0,2017
100056,2025-11,0,decile,0.1,16,1.0,2017
101598,2025-11,0,decile,0.1,17,1.0,2017
100901,2025-11,0,decile,0.1,18,1.0,2017
101788,2025-11,0,decile,0.1,19,1.0,2017
100968,2025-11,0,decile,0.1,20,1.0,2017
101449,2025-11,0,decile,0.1,21,1.0,2017
101367,2025-11,0,decile,0.1,22,1.0,2017
100453,2025-11,0,decile,0.1,23,1.0,2017
100744,2025-11,0,decile,0.1,24,1.0,2017
100752,2025-11,0,decile,0.1,25,1.0,2017
101761,2025-11,1,decile,0.1,26,1.0,2017
102051,2025-11,0,decile,0.1,27,1.0,2017
101857,2025-11,0,decile,0.1,28,1.0,2017
101505,2025-11,0,decile,0.1,29,1.0,2017
102053,2025-11,1,decile,0.1,30,1.0,2017
102078,2025-11,0,decile,0.1,31,1.0,2017
100197,2025-11,0,decile,0.1,32,1.0,2017
101971,2025-11,0,decile,0.1,33,1.0,2017
101676,2025-11,0,decile,0.1,34,1.0,2017
101601,2025-11,0,decile,0.1,35,1.0,2017
101160,2025-11,0,decile,0.1,36,1.0,2017
101607,2025-11,0,decile,0.1,37,1.0,2017
100216,2025-11,0,decile,0.1,38,1.0,2017
101776,2025-11,0,decile,0.1,39,1.0,2017
101455,2025-11,0,decile,0.1,40,1.0,2017
101140,2025-11,0,decile,0.1,41,1.0,2017
101471,2025-11,0,decile,0.1,42,1.0,2017
101709,2025-11,0,decile,0.1,43,1.0,2017
101077,2025-11,0,decile,0.1,44,1.0,2017
101672,2025-11,0,decile,0.1,45,1.0,2017
100559,2025-11,0,decile,0.1,46,1.0,2017
100332,2025-11,0,decile,0.1,47,1.0,2017
100564,2025-11,0,decile,0.1,48,1.0,2017
102079,2025-11,0,decile,0.1,49,1.0,2017
101660,2025-11,0,decile,0.1,50,1.0,2017
101543,2025-11,0,decile,0.1,51,1.0,2017
100795,2025-11,0,decile,0.1,52,1.0,2017
100161,2025-11,0,decile,0.1,53,1.0,2017
101067,2025-11,0,decile,0.1,54,1.0,2017
101437,2025-11,0,decile,0.1,55,1.0,2017
102044,2025-11,0,decile,0.1,56,1.0,2017
100610,2025-11,0,decile,0.1,57,1.0,2017
100627,2025-11,1,decile,0.1,58,1.0,2017
101527,2025-11,0,decile,0.1,59,1.0,2017
101478,2025-11,0,decile,0.1,60,1.0,2017
100775,2025-11,1,decile,0.1,61,1.0,2017
100698,2025-11,0,decile,0.1,62,1.0,2017
101772,2025-11,0,decile,0.1,63,1.0,2017
100724,2025-11,0,decile,0.1,64,1.0,2017
101173,2025-11,0,decile,0.1,65,1.0,2017
100017,2025-11,0,decile,0.1,66,1.0,2017
101305,2025-11,0,decile,0.1,67,1.0,2017
101890,2025-11,0,decile,0.1,68,1.0,2017
100686,2025-11,0,decile,0.1,69,1.0,2017
100745,2025-11,0,decile,0.1,70,1.0,2017
101414,2025-11,1,decile,0.1,71,1.0,2017
101752,2025-11,1,decile,0.1,72,1.0,2017
100215,2025-11,1,decile,0.1,73,1.0,2017
100560,2025-11,0,decile,0.1,74,1.0,2017
100041,2025-11,0,decile,0.1,75,1.0,2017
101639,2025-11,0,decile,0.1,76,1.0,2017
100661,2025-11,1,decile,0.1,77,1.0,2017
100592,2025-11,0,decile,0.1,78,1.0,2017
101365,2025-11,0,decile,0.1,79,1.0,2017
100530,2025-11,0,decile,0.1,80,1.0,2017
100066,2025-11,0,decile,0.1,81,1.0,2017
101309,2025-11,0,decile,0.1,82,1.0,2017
100275,2025-11,0,decile,0.1,83,1.0,2017
100276,2025-11,0,decile,0.1,84,1.0,2017
101350,2025-11,0,decile,0.1,85,1.0,2017
100694,2025-11,0,decile,0.1,86,1.0,2017
101448,2025-11,1,decile,0.1,87,1.0,2017
100229,2025-11,0,decile,0.1,88,1.0,2017
102063,2025-11,0,decile,0.1,89,1.0,2017
100170,2025-11,0,decile,0.1,90,1.0,2017
102019,2025-11,0,decile,0.1,91,1.0,2017
102037,2025-11,0,decile,0.1,92,1.0,2017
101837,2025-11,0,decile,0.1,93,1.0,2017
101301,2025-11,0,decile,0.1,94,1.0,2017
100665,2025-11,0,decile,0.1,95,1.0,2017
100774,2025-11,0,decile,0.1,96,1.0,2017
101466,2025-11,0,decile,0.1,97,1.0,2017
101246,2025-11,0,decile,0.1,98,1.0,2017
100115,2025-11,0,decile,0.1,99,1.0,2017
100322,2025-11,0,decile,0.1,100,1.0,2017
100361,2025-11,0,decile,0.1,101,1.0,2017
101489,2025-11,0,decile,0.1,102,1.0,2017
100298,2025-11,0,decile,0.1,103,1.0,2017
100175,2025-11,0,decile,0.1,104,1.0,2017
100636,2025-11,0,decile,0.1,105,1.0,2017
100817,2025-11,1,decile,0.1,106,1.0,2017
102040,2025-11,0,decile,0.1,107,1.0,2017
100166,2025-11,0,decile,0.1,108,1.0,2017
100936,2025-11,0,decile,0.1,109,1.0,2017
101228,2025-11,0,decile,0.1,110,1.0,2017
101922,2025-11,0,decile,0.1,111,1.0,2017
100876,2025-11,0,decile,0.1,112,1.0,2017
101412,2025-11,0,decile,0.1,113,1.0,2017
100644,2025-11,0,decile,0.1,114,1.0,2017
100422,2025-11,0,decile,0.1,115,1.0,2017
100773,2025-11,0,decile,0.1,116,1.0,2017
102096,2025-11,0,decile,0.1,117,1.0,2017
101406,2025-11,0,decile,0.1,118,1.0,2017
101645,2025-11,0,decile,0.1,119,1.0,2017
100267,2025-11,0,decile,0.1,120,1.0,2017
101871,2025-11,1,decile,0.1,121,1.0,2017
100672,2025-11,0,decile,0.1,122,1.0,2017
101319,2025-11,0,decile,0.1,123,1.0,2017
100148,2025-11,0,decile,0.1,124,1.0,2017
101928,2025-11,0,decile,0.1,125,1.0,2017
102029,2025-11,0,decile,0.1,126,1.0,2017
100256,2025-11,0,decile,0.1,127,1.0,2017
100334,2025-11,0,decile,0.1,128,1.0,2017
100803,2025-11,1,decile,0.1,129,1.0,2017
100123,2025-11,0,decile,0.1,130,1.0,2017
101097,2025-11,0,decile,0.1,131,1.0,2017
100585,2025-11,0,decile,0.1,132,1.0,2017
100508,2025-11,0,decile,0.1,133,1.0,2017
100214,2025-11,0,decile,0.1,134,1.0,2017
102090,2025-11,1,decile,0.1,135,1.0,2017
101382,2025-11,0,decile,0.1,136,1.0,2017
101620,2025-11,0,decile,0.1,137,1.0,2017
101087,2025-11,0,decile,0.1,138,1.0,2017
101883,2025-11,0,decile,0.1,139,1.0,2017
101320,2025-11,0,decile,0.1,140,1.0,2017
100496,2025-11,0,decile,0.1,141,1.0,2017
101878,2025-11,0,decile,0.1,142,1.0,2017
101154,2025-11,0,decile,0.1,143,1.0,2017
100990,2025-11,0,decile,0.1,144,1.0,2017
100702,2025-11,0,decile,0.1,145,1.0,2017
101990,2025-11,1,decile,0.1,146,1.0,2017
100579,2025-11,1,decile,0.1,147,1.0,2017
101965,2025-11,1,decile,0.1,148,1.0,2017
101888,2025-11,0,decile,0.1,149,1.0,2017
100854,2025-11,0,decile,0.1,150,1.0,2017
100758,2025-11,0,decile,0.1,151,1.0,2017
101044,2025-11,1,decile,0.1,152,1.0,2017
100104,2025-11,0,decile,0.1,153,1.0,2017
101754,2025-11,0,decile,0.1,154,1.0,2017
100877,2025-11,0,decile,0.1,155,1.0,2017
101916,2025-11,0,decile,0.1,156,1.0,2017
102081,2025-11,0,decile,0.1,157,1.0,2017
101726,2025-11,1,decile,0.1,158,1.0,2017
101690,2025-11,0,decile,0.1,159,1.0,2017
101724,2025-11,1,decile,0.1,160,1.0,2017
100912,2025-11,1,decile,0.1,161,1.0,2017
100878,2025-11,0,decile,0.1,162,1.0,2017
100925,2025-11,1,decile,0.1,163,1.0,2017
101798,2025-11,0,decile,0.1,164,1.0,2017
100777,2025-11,0,decile,0.1,165,1.0,2017
100608,2025-11,0,decile,0.1,166,1.0,2017
101952,2025-11,1,decile,0.1,167,1.0,2017
100992,2025-11,0,decile,0.1,168,1.0,2017
101656,2025-11,1,decile,0.1,169,1.0,2017
100684,2025-11,0,decile,0.1,170,1.0,2017
101378,2025-11,0,decile,0.1,171,1.0,2017
101613,2025-11,0,decile,0.1,172,1.0,2017
100242,2025-11,0,decile,0.1,173,1.0,2017
101727,2025-11,1,decile,0.1,174,1.0,2017
100823,2025-11,0,decile,0.1,175,1.0,2017
100829,2025-11,0,decile,0.1,176,1.0,2017
101280,2025-11,1,decile,0.1,177,1.0,2017
100704,2025-11,0,decile,0.1,178,1.0,2017
101684,2025-11,1,decile,0.1,179,1.0,2017
101124,2025-11,0,decile,0.1,180,1.0,2017
101202,2025-11,1,decile,0.1,181,1.0,2017
101276,2025-11,0,decile,0.1,182,1.0,2017
100892,2025-11,0,decile,0.1,183,1.0,2017
101913,2025-11,0,decile,0.1,184,1.0,2017
100609,2025-11,0,decile,0.1,185,1.0,2017
101638,2025-11,0,decile,0.1,186,1.0,2017
100383,2025-11,0,decile,0.1,187,1.0,2017
101886,2025-11,1,decile,0.1,188,1.0,2017
101005,2025-11,0,decile,0.1,189,1.0,2017
100708,2025-11,0,decile,0.1,190,1.0,2017
101569,2025-11,0,decile,0.1,191,1.0,2017
101282,2025-11,0,decile,0.1,192,1.0,2017
100977,2025-11,1,decile,0.1,193,1.0,2017
100241,2025-11,0,decile,0.1,194,1.0,2017
101447,2025-11,0,decile,0.1,195,1.0,2017
102025,2025-11,0,decile,0.1,196,1.0,2017
101811,2025-11,0,decile,0.1,197,1.0,2017
100300,2025-11,0,decile,0.1,198,1.0,2017
101578,2025-11,0,decile,0.1,199,1.0,2017
100193,2025-11,0,decile,0.1,200,1.0,2017
101259,2025-11,0,decile,0.1,201,1.0,2017
100587,2025-11,0,decile,0.1,202,1.0,2017
100519,2025-11,0,decile,0.2,1,1.0,2017
100340,2025-11,0,decile,0.2,2,1.0,2017
101084,2025-11,0,decile,0.2,3,1.0,2017
100624,2025-11,1,decile,0.2,4,1.0,2017
100015,2025-11,0,decile,0.2,5,1.0,2017
101692,2025-11,0,decile,0.2,6,1.0,2017
101642,2025-11,0,decile,0.2,7,1.0,2017
100073,2025-11,0,decile,0.2,8,1.0,2017
100218,2025-11,0,decile,0.2,9,1.0,2017
101071,2025-11,0,decile,0.2,10,1.0,2017
101909,2025-11,0,decile,0.2,11,1.0,2017
101379,2025-11,0,decile,0.2,12,1.0,2017
101945,2025-11,0,decile,0.2,13,1.0,2017
100882,2025-11,0,decile,0.2,14,1.0,2017
101839,2025-11,0,decile,0.2,15,1.0,2017
100056,2025-11,0,decile,0.2,16,1.0,2017
101598,2025-11,0,decile,0.2,17,1.0,2017
100901,2025-11,0,decile,0.2,18,1.0,2017
101788,2025-11,0,decile,0.2,19,1.0,2017
100968,2025-11,0,decile,0.2,20,1.0,2017
101449,2025-11,0,decile,0.2,21,1.0,2017
101367,2025-11,0,decile,0.2,22,1.0,2017
100453,2025-11,0,decile,0.2,23,1.0,2017
100744,2025-11,0,decile,0.2,24,1.0,2017
100752,2025-11,0,decile,0.2,25,1.0,2017
101761,2025-11,1,decile,0.2,26,1.0,2017
102051,2025-11,0,decile,0.2,27,1.0,2017
101857,2025-11,0,decile,0.2,28,1.0,2017
101505,2025-11,0,decile,0.2,29,1.0,2017
102053,2025-11,1,decile,0.2,30,1.0,2017
102078,2025-11,0,decile,0.2,31,1.0,2017
100197,2025-11,0,decile,0.2,32,1.0,2017
101971,2025-11,0,decile,0.2,33,1.0,2017
101676,2025-11,0,decile,0.2,34,1.0,2017
101601,2025-11,0,decile,0.2,35,1.0,2017
101160,2025-11,0,decile,0.2,36,1.0,2017
101607,2025-11,0,decile,0.2,37,1.0,2017
100216,2025-11,0,decile,0.2,38,1.0,2017
101776,2025-11,0,decile,0.2,39,1.0,2017
101455,2025-11,0,decile,0.2,40,1.0,2017
101140,2025-11,0,decile,0.2,41,1.0,2017
101471,2025-11,0,decile,0.2,42,1.0,2017
101709,2025-11,0,decile,0.2,43,1.0,2017
101077,2025-11,0,decile,0.2,44,1.0,2017
101672,2025-11,0,decile,0.2,45,1.0,2017
100559,2025-11,0,decile,0.2,46,1.0,2017
100332,2025-11,0,decile,0.2,47,1.0,2017
100564,2025-11,0,decile,0.2,48,1.0,2017
102079,2025-11,0,decile,0.2,49,1.0,2017
101660,2025-11,0,decile,0.2,50,1.0,2017
101543,2025-11,0,decile,0.2,51,1.0,2017
100795,2025-11,0,decile,0.2,52,1.0,2017
100161,2025-11,0,decile,0.2,53,1.0,2017
101067,2025-11,0,decile,0.2,54,1.0,2017
101437,2025-11,0,decile,0.2,55,1.0,2017
102044,2025-11,0,decile,0.2,56,1.0,2017
100610,2025-11,0,decile,0.2,57,1.0,2017
100627,2025-11,1,decile,0.2,58,1.0,2017
101527,2025-11,0,decile,0.2,59,1.0,2017
101478,2025-11,0,decile,0.2,60,1.0,2017
100775,2025-11,1,decile,0.2,61,1.0,2017
100698,2025-11,0,decile,0.2,62,1.0,2017
101772,2025-11,0,decile,0.2,63,1.0,2017
100724,2025-11,0,decile,0.2,64,1.0,2017
101173,2025-11,0,decile,0.2,65,1.0,2017
100017,2025-11,0,decile,0.2,66,1.0,2017
101305,2025-11,0,decile,0.2,67,1.0,2017
101890,2025-11,0,decile,0.2,68,1.0,2017
100686,2025-11,0,decile,0.2,69,1.0,2017
100745,2025-11,0,decile,0.2,70,1.0,2017
101414,2025-11,1,decile,0.2,71,1.0,2017
101752,2025-11,1,decile,0.2,72,1.0,2017
100215,2025-11,1,decile,0.2,73,1.0,2017
100560,2025-11,0,decile,0.2,74,1.0,2017
100041,2025-11,0,decile,0.2,75,1.0,2017
101639,2025-11,0,decile,0.2,76,1.0,2017
100661,2025-11,1,decile,0.2,77,1.0,2017
100592,2025-11,0,decile,0.2,78,1.0,2017
101365,2025-11,0,decile,0.2,79,1.0,2017
100530,2025-11,0,decile,0.2,80,1.0,2017
100066,2025-11,0,decile,0.2,81,1.0,2017
101309,2025-11,0,decile,0.2,82,1.0,2017
100275,2025-11,0,decile,0.2,83,1.0,2017
100276,2025-11,0,decile,0.2,84,1.0,2017
101350,2025-11,0,decile,0.2,85,1.0,2017
100694,2025-11,0,decile,0.2,86,1.0,2017
101448,2025-11,1,decile,0.2,87,1.0,2017
100229,2025-11,0,decile,0.2,88,1.0,2017
102063,2025-11,0,decile,0.2,89,1.0,2017
100170,2025-11,0,decile,0.2,90,1.0,2017
102019,2025-11,0,decile,0.2,91,1.0,2017
102037,2025-11,0,decile,0.2,92,1.0,2017
101837,2025-11,0,decile,0.2,93,1.0,2017
101301,2025-11,0,decile,0.2,94,1.0,2017
100665,2025-11,0,decile,0.2,95,1.0,2017
100774,2025-11,0,decile,0.2,96,1.0,2017
101466,2025-11,0,decile,0.2,97,1.0,2017
101246,2025-11,0,decile,0.2,98,1.0,2017
100115,2025-11,0,decile,0.2,99,1.0,2017
100322,2025-11,0,decile,0.2,100,1.0,2017
100361,2025-11,0,decile,0.2,101,1.0,2017
101489,2025-11,0,decile,0.2,102,1.0,2017
100298,2025-11,0,decile,0.2,103,1.0,2017
100175,2025-11,0,decile,0.2,104,1.0,2017
100636,2025-11,0,decile,0.2,105,1.0,2017
100817,2025-11,1,decile,0.2,106,1.0,2017
102040,2025-11,0,decile,0.2,107,1.0,2017
100166,2025-11,0,decile,0.2,108,1.0,2017
100936,2025-11,0,decile,0.2,109,1.0,2017
101228,2025-11,0,decile,0.2,110,1.0,2017
101922,2025-11,0,decile,0.2,111,1.0,2017
100876,2025-11,0,decile,0.2,112,1.0,2017
101412,2025-11,0,decile,0.2,113,1.0,2017
100644,2025-11,0,decile,0.2,114,1.0,2017
100422,2025-11,0,decile,0.2,115,1.0,2017
100773,2025-11,0,decile,0.2,116,1.0,2017
102096,2025-11,0,decile,0.2,117,1.0,2017
101406,2025-11,0,decile,0.2,118,1.0,2017
101645,2025-11,0,decile,0.2,119,1.0,2017
100267,2025-11,0,decile,0.2,120,1.0,2017
101871,2025-11,1,decile,0.2,121,1.0,2017
100672,2025-11,0,decile,0.2,122,1.0,2017
101319,2025-11,0,decile,0.2,123,1.0,2017
100148,2025-11,0,decile,0.2,124,1.0,2017
101928,2025-11,0,decile,0.2,125,1.0,2017
102029,2025-11,0,decile,0.2,126,1.0,2017
100256,2025-11,0,decile,0.2,127,1.0,2017
100334,2025-11,0,decile,0.2,128,1.0,2017
100803,2025-11,1,decile,0.2,129,1.0,2017
100123,2025-11,0,decile,0.2,130,1.0,2017
101097,2025-11,0,decile,0.2,131,1.0,2017
100585,2025-11,0,decile,0.2,132,1.0,2017
100508,2025-11,0,decile,0.2,133,1.0,2017
100214,2025-11,0,decile,0.2,134,1.0,2017
102090,2025-11,1,decile,0.2,135,1.0,2017
101382,2025-11,0,decile,0.2,136,1.0,2017
101620,2025-11,0,decile,0.2,137,1.0,2017
101087,2025-11,0,decile,0.2,138,1.0,2017
101883,2025-11,0,decile,0.2,139,1.0,2017
101320,2025-11,0,decile,0.2,140,1.0,2017
100496,2025-11,0,decile,0.2,141,1.0,2017
101878,2025-11,0,decile,0.2,142,1.0,2017
101154,2025-11,0,decile,0.2,143,1.0,2017
100990,2025-11,0,decile,0.2,144,1.0,2017
100702,2025-11,0,decile,0.2,145,1.0,2017
101990,2025-11,1,decile,0.2,146,1.0,2017
100579,2025-11,1,decile,0.2,147,1.0,2017
101965,2025-11,1,decile,0.2,148,1.0,2017
101888,2025-11,0,decile,0.2,149,1.0,2017
100854,2025-11,0,decile,0.2,150,1.0,2017
100758,2025-11,0,decile,0.2,151,1.0,2017
101044,2025-11,1,decile,0.2,152,1.0,2017
100104,2025-11,0,decile,0.2,153,1.0,2017
101754,2025-11,0,decile,0.2,154,1.0,2017
100877,2025-11,0,decile,0.2,155,1.0,2017
101916,2025-11,0,decile,0.2,156,1.0,2017
102081,2025-11,0,decile,0.2,157,1.0,2017
101726,2025-11,1,decile,0.2,158,1.0,2017
101690,2025-11,0,decile,0.2,159,1.0,2017
101724,2025-11,1,decile,0.2,160,1.0,2017
100912,2025-11,1,decile,0.2,161,1.0,2017
100878,2025-11,0,decile,0.2,162,1.0,2017
100925,2025-11,1,decile,0.2,163,1.0,2017
101798,2025-11,0,decile,0.2,164,1.0,2017
100777,2025-11,0,decile,0.2,165,1.0,2017
100608,2025-11,0,decile,0.2,166,1.0,2017
101952,2025-11,1,decile,0.2,167,1.0,2017
100992,2025-11,0,decile,0.2,168,1.0,2017
101656,2025-11,1,decile,0.2,169,1.0,2017
100684,2025-11,0,decile,0.2,170,1.0,2017
101378,2025-11,0,decile,0.2,171,1.0,2017
101613,2025-11,0,decile,0.2,172,1.0,2017
100242,2025-11,0,decile,0.2,173,1.0,2017
101727,2025-11,1,decile,0.2,174,1.0,2017
100823,2025-11,0,decile,0.2,175,1.0,2017
100829,2025-11,0,decile,0.2,176,1.0,2017
101280,2025-11,1,decile,0.2,177,1.0,2017
100704,2025-11,0,decile,0.2,178,1.0,2017
101684,2025-11,1,decile,0.2,179,1.0,2017
101124,2025-11,0,decile,0.2,180,1.0,2017
101202,2025-11,1,decile,0.2,181,1.0,2017
101276,2025-11,0,decile,0.2,182,1.0,2017
100892,2025-11,0,decile,0.2,183,1.0,2017
101913,2025-11,0,decile,0.2,184,1.0,2017
100609,2025-11,0,decile,0.2,185,1.0,2017
101638,2025-11,0,decile,0.2,186,1.0,2017
100383,2025-11,0,decile,0.2,187,1.0,2017
101886,2025-11,1,decile,0.2,188,1.0,2017
101005,2025-11,0,decile,0.2,189,1.0,2017
100708,2025-11,0,decile,0.2,190,1.0,2017
101569,2025-11,0,decile,0.2,191,1.0,2017
101282,2025-11,0,decile,0.2,192,1.0,2017
100977,2025-11,1,decile,0.2,193,1.0,2017
100241,2025-11,0,decile,0.2,194,1.0,2017
101447,2025-11,0,decile,0.2,195,1.0,2017
102025,2025-11,0,decile,0.2,196,1.0,2017
101811,2025-11,0,decile,0.2,197,1.0,2017
100300,2025-11,0,decile,0.2,198,1.0,2017
101578,2025-11,0,decile,0.2,199,1.0,2017
100193,2025-11,0,decile,0.2,200,1.0,2017
101259,2025-11,0,decile,0.2,201,1.0,2017
100587,2025-11,0,decile,0.2,202,1.0,2017
100919,2025-11,0,decile,0.2,203,1.0,2017
102094,2025-11,0,decile,0.2,204,1.0,2017
101746,2025-11,1,decile,0.2,205,1.0,2017
101704,2025-11,1,decile,0.2,206,1.0,2017
100485,2025-11,0,decile,0.2,207,1.0,2017
100678,2025-11,0,decile,0.2,208,1.0,2017
102067,2025-11,0,decile,0.2,209,1.0,2017
100670,2025-11,0,decile,0.2,210,1.0,2017
102089,2025-11,1,decile,0.2,211,1.0,2017
100487,2025-11,0,decile,0.2,212,1.0,2017
101783,2025-11,0,decile,0.2,213,1.0,2017
100145,2025-11,0,decile,0.2,214,1.0,2017
100078,2025-11,1,decile,0.2,215,1.0,2017
101516,2025-11,1,decile,0.2,216,1.0,2017
101982,2025-11,0,decile,0.2,217,0.9,2017
101813,2025-11,0,decile,0.2,218,0.9,2017
100292,2025-11,0,decile,0.2,219,0.9,2017
102005,2025-11,0,decile,0.2,220,0.9,2017
100443,2025-11,0,decile,0.2,221,0.9,2017
100762,2025-11,0,decile,0.2,222,0.9,2017
100187,2025-11,0,decile,0.2,223,0.9,2017
100425,2025-11,0,decile,0.2,224,0.9,2017
100233,2025-11,0,decile,0.2,225,0.9,2017
101137,2025-11,0,decile,0.2,226,0.9,2017
101232,2025-11,0,decile,0.2,227,0.9,2017
101702,2025-11,0,decile,0.2,228,0.9,2017
101626,2025-11,0,decile,0.2,229,0.9,2017
101907,2025-11,1,decile,0.2,230,0.9,2017
101951,2025-11,0,decile,0.2,231,0.9,2017
101117,2025-11,0,decile,0.2,232,0.9,2017
101680,2025-11,0,decile,0.2,233,0.9,2017
100985,2025-11,0,decile,0.2,234,0.9,2017
101774,2025-11,0,decile,0.2,235,0.9,2017
100337,2025-11,0,decile,0.2,236,0.9,2017
100376,2025-11,0,decile,0.2,237,0.9,2017
100577,2025-11,0,decile,0.2,238,0.9,2017
100971,2025-11,1,decile,0.2,239,0.9,2017
100524,2025-11,1,decile,0.2,240,0.9,2017
101167,2025-11,0,decile,0.2,241,0.9,2017
101663,2025-11,0,decile,0.2,242,0.9,2017
101078,2025-11,0,decile,0.2,243,0.9,2017
101120,2025-11,0,decile,0.2,244,0.9,2017
101507,2025-11,1,decile,0.2,245,0.9,2017
101499,2025-11,0,decile,0.2,246,0.9,2017
100923,2025-11,0,decile,0.2,247,0.9,2017
101829,2025-11,0,decile,0.2,248,0.9,2017
101035,2025-11,0,decile,0.2,249,0.9,2017
100746,2025-11,0,decile,0.2,250,0.9,2017
101869,2025-11,1,decile,0.2,251,0.9,2017
101377,2025-11,0,decile,0.2,252,0.9,2017
100461,2025-11,0,decile,0.2,253,0.9,2017
100815,2025-11,0,decile,0.2,254,0.9,2017
101647,2025-11,0,decile,0.2,255,0.9,2017
100662,2025-11,0,decile,0.2,256,0.9,2017
101636,2025-11,0,decile,0.2,257,0.9,2017
101009,2025-11,0,decile,0.2,258,0.9,2017
101302,2025-11,0,decile,0.2,259,0.9,2017
100345,2025-11,0,decile,0.2,260,0.9,2017
101823,2025-11,0,decile,0.2,261,0.9,2017
100108,2025-11,0,decile,0.2,262,0.9,2017
101629,2025-11,0,decile,0.2,263,0.9,2017
100929,2025-11,0,decile,0.2,264,0.9,2017
101482,2025-11,0,decile,0.2,265,0.9,2017
100283,2025-11,0,decile,0.2,266,0.9,2017
100796,2025-11,0,decile,0.2,267,0.9,2017
100130,2025-11,1,decile,0.2,268,0.9,2017
101031,2025-11,1,decile,0.2,269,0.9,2017
100952,2025-11,0,decile,0.2,270,0.9,2017
101368,2025-11,0,decile,0.2,271,0.9,2017
100393,2025-11,1,decile,0.2,272,0.9,2017
102027,2025-11,0,decile,0.2,273,0.9,2017
101410,2025-11,0,decile,0.2,274,0.9,2017
100387,2025-11,0,decile,0.2,275,0.9,2017
100303,2025-11,0,decile,0.2,276,0.9,2017
100399,2025-11,0,decile,0.2,277,0.9,2017
101317,2025-11,0,decile,0.2,278,0.9,2017
102075,2025-11,0,decile,0.2,279,0.9,2017
100898,2025-11,0,decile,0.2,280,0.9,2017
101832,2025-11,0,decile,0.2,281,0.9,2017
101529,2025-11,0,decile,0.2,282,0.9,2017
101493,2025-11,0,decile,0.2,283,0.9,2017
101164,2025-11,1,decile,0.2,284,0.9,2017
101464,2025-11,0,decile,0.2,285,0.9,2017
101906,2025-11,0,decile,0.2,286,0.9,2017
100732,2025-11,0,decile,0.2,287,0.9,2017
101895,2025-11,1,decile,0.2,288,0.9,2017
101936,2025-11,0,decile,0.2,289,0.9,2017
102077,2025-11,1,decile,0.2,290,0.9,2017
100239,2025-11,1,decile,0.2,291,0.9,2017
101981,2025-11,0,decile,0.2,292,0.9,2017
101264,2025-11,1,decile,0.2,293,0.9,2017
101474,2025-11,0,decile,0.2,294,0.9,2017
101623,2025-11,0,decile,0.2,295,0.9,2017
101881,2025-11,0,decile,0.2,296,0.9,2017
101719,2025-11,0,decile,0.2,297,0.9,2017
101145,2025-11,0,decile,0.2,298,0.9,2017
100225,2025-11,0,decile,0.2,299,0.9,2017
100913,2025-11,0,decile,0.2,300,0.9,2017
100991,2025-11,0,decile,0.2,301,0.9,2017
101534,2025-11,1,decile,0.2,302,0.9,2017
101393,2025-11,0,decile,0.2,303,0.9,2017
101357,2025-11,0,decile,0.2,304,0.9,2017
100375,2025-11,0,decile,0.2,305,0.9,2017
100531,2025-11,0,decile,0.2,306,0.9,2017
101624,2025-11,0,decile,0.2,307,0.9,2017
101179,2025-11,0,decile,0.2,308,0.9,2017
101571,2025-11,0,decile,0.2,309,0.9,2017
100826,2025-11,0,decile,0.2,310,0.9,2017
101102,2025-11,0,decile,0.2,311,0.9,2017
101903,2025-11,0,decile,0.2,312,0.9,2017
100113,2025-11,0,decile,0.2,313,0.9,2017
101958,2025-11,0,decile,0.2,314,0.9,2017
100488,2025-11,0,decile,0.2,315,0.9,2017
101556,2025-11,0,decile,0.2,316,0.9,2017
101175,2025-11,1,decile,0.2,317,0.9,2017
101001,2025-11,0,decile,0.2,318,0.9,2017
101395,2025-11,1,decile,0.2,319,0.9,2017
100002,2025-11,1,decile,0.2,320,0.9,2017
100177,2025-11,0,decile,0.2,321,0.9,2017
101226,2025-11,0,decile,0.2,322,0.9,2017
100967,2025-11,0,decile,0.2,323,0.9,2017
102045,2025-11,0,decile,0.2,324,0.9,2017
101421,2025-11,1,decile,0.2,325,0.9,2017
100044,2025-11,0,decile,0.2,326,0.9,2017
101322,2025-11,0,decile,0.2,327,0.9,2017
100757,2025-11,0,decile,0.2,328,0.9,2017
100253,2025-11,0,decile,0.2,329,0.9,2017
100526,2025-11,0,decile,0.2,330,0.9,2017
100029,2025-11,0,decile,0.2,331,0.9,2017
101790,2025-11,0,decile,0.2,332,0.9,2017
101944,2025-11,0,decile,0.2,333,0.9,2017
101237,2025-11,1,decile,0.2,334,0.9,2017
101953,2025-11,0,decile,0.2,335,0.9,2017
101336,2025-11,0,decile,0.2,336,0.9,2017
100856,2025-11,0,decile,0.2,337,0.9,2017
100034,2025-11,0,decile,0.2,338,0.9,2017
100591,2025-11,0,decile,0.2,339,0.9,2017
100429,2025-11,0,decile,0.2,340,0.9,2017
100833,2025-11,0,decile,0.2,341,0.9,2017
100238,2025-11,0,decile,0.2,342,0.9,2017
101805,2025-11,0,decile,0.2,343,0.9,2017
102059,2025-11,0,decile,0.2,344,0.9,2017
100910,2025-11,0,decile,0.2,345,0.9,2017
100870,2025-11,0,decile,0.2,346,0.9,2017
101806,2025-11,0,decile,0.2,347,0.9,2017
100139,2025-11,0,decile,0.2,348,0.9,2017
101431,2025-11,0,decile,0.2,349,0.9,2017
101756,2025-11,0,decile,0.2,350,0.9,2017
101825,2025-11,0,decile,0.2,351,0.9,2017
100320,2025-11,0,decile,0.2,352,0.9,2017
100314,2025-11,0,decile,0.2,353,0.9,2017
100167,2025-11,0,decile,0.2,354,0.9,2017
101594,2025-11,0,decile,0.2,355,0.9,2017
101854,2025-11,0,decile,0.2,356,0.9,2017
100880,2025-11,0,decile,0.2,357,0.9,2017
101987,2025-11,0,decile,0.2,358,0.9,2017
101011,2025-11,0,decile,0.2,359,0.9,2017
100899,2025-11,0,decile,0.2,360,0.9,2017
101628,2025-11,0,decile,0.2,361,0.9,2017
100264,2025-11,0,decile,0.2,362,0.9,2017
100681,2025-11,0,decile,0.2,363,0.9,2017
100835,2025-11,1,decile,0.2,364,0.9,2017
100245,2025-11,0,decile,0.2,365,0.9,2017
101986,2025-11,0,decile,0.2,366,0.9,2017
101956,2025-11,0,decile,0.2,367,0.9,2017
100975,2025-11,0,decile,0.2,368,0.9,2017
100924,2025-11,0,decile,0.2,369,0.9,2017
100605,2025-11,0,decile,0.2,370,0.9,2017
100288,2025-11,0,decile,0.2,371,0.9,2017
100768,2025-11,0,decile,0.2,372,0.9,2017
101094,2025-11,0,decile,0.2,373,0.9,2017
100883,2025-11,0,decile,0.2,374,0.9,2017
100727,2025-11,0,decile,0.2,375,0.9,2017
101312,2025-11,1,decile,0.2,376,0.9,2017
101610,2025-11,1,decile,0.2,377,0.9,2017
100052,2025-11,0,decile,0.2,378,0.9,2017
100269,2025-11,0,decile,0.2,379,0.9,2017
101436,2025-11,0,decile,0.2,380,0.9,2017
100128,2025-11,0,decile,0.2,381,0.9,2017
100083,2025-11,0,decile,0.2,382,0.9,2017
101181,2025-11,0,decile,0.2,383,0.9,2017
101670,2025-11,0,decile,0.2,384,0.9,2017
101769,2025-11,0,decile,0.2,385,0.9,2017
100986,2025-11,0,decile,0.2,386,0.9,2017
101285,2025-11,0,decile,0.2,387,0.9,2017
101215,2025-11,0,decile,0.2,388,0.9,2017
100875,2025-11,0,decile,0.2,389,0.9,2017
101870,2025-11,0,decile,0.2,390,0.9,2017
101391,2025-11,0,decile,0.2,391,0.9,2017
101298,2025-11,0,decile,0.2,392,0.9,2017
101541,2025-11,1,decile,0.2,393,0.9,2017
100106,2025-11,1,decile,0.2,394,0.9,2017
100729,2025-11,0,decile,0.2,395,0.9,2017
100147,2025-11,0,decile,0.2,396,0.9,2017
100484,2025-11,0,decile,0.2,397,0.9,2017
100935,2025-11,0,decile,0.2,398,0.9,2017
101957,2025-11,0,decile,0.2,399,0.9,2017
100664,2025-11,0,decile,0.2,400,0.9,2017
100224,2025-11,0,decile,0.2,401,0.9,2017
100446,2025-11,0,decile,0.2,402,0.9,2017
100578,2025-11,0,decile,0.2,403,0.9,2017
101512,2025-11,0,decile,0.2,404,0.9,2017
101886,2025-11,1,core_logistic,0.05,1,0.4261079295356728,2017
101726,2025-11,1,core_logistic,0.05,2,0.4149680421227435,2017
101913,2025-11,0,core_logistic,0.05,3,0.4079952076267258,2017
101704,2025-11,1,core_logistic,0.05,4,0.3958140855800041,2017
100775,2025-11,1,core_logistic,0.05,5,0.3858582156345722,2017
100298,2025-11,0,core_logistic,0.05,6,0.3832162755868282,2017
100229,2025-11,0,core_logistic,0.05,7,0.3806855269009231,2017
100670,2025-11,0,core_logistic,0.05,8,0.3763504327885062,2017
101684,2025-11,1,core_logistic,0.05,9,0.3758931169155913,2017
100774,2025-11,0,core_logistic,0.05,10,0.3725733741687727,2017
101474,2025-11,0,core_logistic,0.05,11,0.3635575478733512,2017
101489,2025-11,0,core_logistic,0.05,12,0.3568305102845426,2017
100560,2025-11,0,core_logistic,0.05,13,0.3541915421408662,2017
101449,2025-11,0,core_logistic,0.05,14,0.353745879330119,2017
101761,2025-11,1,core_logistic,0.05,15,0.3529563592094371,2017
101319,2025-11,0,core_logistic,0.05,16,0.3514432974932282,2017
100559,2025-11,0,core_logistic,0.05,17,0.3482995051820801,2017
101990,2025-11,1,core_logistic,0.05,18,0.3482995051820801,2017
100193,2025-11,0,core_logistic,0.05,19,0.3453788738458443,2017
100267,2025-11,0,core_logistic,0.05,20,0.3439852995882245,2017
100704,2025-11,0,core_logistic,0.05,21,0.3406940845042771,2017
101776,2025-11,0,core_logistic,0.05,22,0.3403557895757161,2017
101437,2025-11,0,core_logistic,0.05,23,0.3384319686851414,2017
101642,2025-11,0,core_logistic,0.05,24,0.3366291862937275,2017
101527,2025-11,0,core_logistic,0.05,25,0.3354598990283043,2017
101280,2025-11,1,core_logistic,0.05,26,0.335038080770592,2017
101077,2025-11,0,core_logistic,0.05,27,0.3313642593839158,2017
101883,2025-11,0,core_logistic,0.05,28,0.3308540793438542,2017
101175,2025-11,1,core_logistic,0.05,29,0.3245198470767614,2017
101154,2025-11,0,core_logistic,0.05,30,0.3203713732863608,2017
100275,2025-11,0,core_logistic,0.05,31,0.3200721583971269,2017
102053,2025-11,1,core_logistic,0.05,32,0.3170596460460789,2017
101447,2025-11,0,core_logistic,0.05,33,0.3158742465461009,2017
102090,2025-11,1,core_logistic,0.05,34,0.3155651607433216,2017
100203,2025-11,0,core_logistic,0.05,35,0.3135874723516428,2017
101448,2025-11,1,core_logistic,0.05,36,0.3113515170337665,2017
100849,2025-11,1,core_logistic,0.05,37,0.3108788401576014,2017
100610,2025-11,0,core_logistic,0.05,38,0.3088116557301147,2017
100130,2025-11,1,core_logistic,0.05,39,0.3083291402191273,2017
100627,2025-11,1,core_logistic,0.05,40,0.3066788720509618,2017
101636,2025-11,0,core_logistic,0.05,41,0.2997991589578436,2017
101724,2025-11,1,core_logistic,0.05,42,0.2964164503116903,2017
101296,2025-11,0,core_logistic,0.05,43,0.2961938029807668,2017
100453,2025-11,0,core_logistic,0.05,44,0.2952168267332672,2017
100197,2025-11,0,core_logistic,0.05,45,0.2935421038342811,2017
101471,2025-11,0,core_logistic,0.05,46,0.2917082231264145,2017
101598,2025-11,0,core_logistic,0.05,47,0.2874180862512442,2017
101045,2025-11,1,core_logistic,0.05,48,0.2871434226769387,2017
101578,2025-11,0,core_logistic,0.05,49,0.2866640342776433,2017
101406,2025-11,0,core_logistic,0.05,50,0.2842086832602398,2017
102096,2025-11,0,core_logistic,0.05,51,0.282571370625423,2017
100875,2025-11,0,core_logistic,0.05,52,0.2815186625177052,2017
100303,2025-11,0,core_logistic,0.05,53,0.2792775640769863,2017
101312,2025-11,1,core_logistic,0.05,54,0.2783511844602973,2017
101044,2025-11,1,core_logistic,0.05,55,0.2752631937134445,2017
100835,2025-11,1,core_logistic,0.05,56,0.2736660579562589,2017
101226,2025-11,0,core_logistic,0.05,57,0.2732788416617898,2017
100935,2025-11,0,core_logistic,0.05,58,0.2729797711165972,2017
101298,2025-11,0,core_logistic,0.05,59,0.2725228441493458,2017
100912,2025-11,1,core_logistic,0.05,60,0.2721835720949975,2017
101946,2025-11,1,core_logistic,0.05,61,0.2700265882548503,2017
100624,2025-11,1,core_logistic,0.05,62,0.2688764435109596,2017
101512,2025-11,0,core_logistic,0.05,63,0.2672012170459414,2017
100745,2025-11,0,core_logistic,0.05,64,0.2671143118621624,2017
101001,2025-11,0,core_logistic,0.05,65,0.2664013567723939,2017
101825,2025-11,0,core_logistic,0.05,66,0.2662456033708908,2017
100308,2025-11,1,core_logistic,0.05,67,0.2650611588339763,2017
100752,2025-11,0,core_logistic,0.05,68,0.2599612843045684,2017
102005,2025-11,0,core_logistic,0.05,69,0.2593287826351207,2017
101885,2025-11,1,core_logistic,0.05,70,0.2590475949290806,2017
102046,2025-11,0,core_logistic,0.05,71,0.2587191325173523,2017
101672,2025-11,0,core_logistic,0.05,72,0.258490255850139,2017
100496,2025-11,0,core_logistic,0.05,73,0.2571146073871799,2017
101737,2025-11,0,core_logistic,0.05,74,0.2547286951892124,2017
101140,2025-11,0,core_logistic,0.05,75,0.2547021026778755,2017
100242,2025-11,0,core_logistic,0.05,76,0.2540995978640198,2017
100487,2025-11,0,core_logistic,0.05,77,0.2536210709932676,2017
100148,2025-11,0,core_logistic,0.05,78,0.2536104480857119,2017
101951,2025-11,0,core_logistic,0.05,79,0.253115537543745,2017
101505,2025-11,0,core_logistic,0.05,80,0.2525324797852766,2017
101727,2025-11,1,core_logistic,0.05,81,0.2520641420312353,2017
101084,2025-11,0,core_logistic,0.05,82,0.2518808119637061,2017
100029,2025-11,0,core_logistic,0.05,83,0.2509443300004669,2017
100334,2025-11,0,core_logistic,0.05,84,0.2493286714479481,2017
101173,2025-11,0,core_logistic,0.05,85,0.2484136520925477,2017
101264,2025-11,1,core_logistic,0.05,86,0.2432310764013322,2017
100788,2025-11,1,core_logistic,0.05,87,0.2428905633773614,2017
100149,2025-11,1,core_logistic,0.05,88,0.2422454113776574,2017
101067,2025-11,0,core_logistic,0.05,89,0.2410571758215005,2017
100361,2025-11,0,core_logistic,0.05,90,0.2410571758215005,2017
101097,2025-11,0,core_logistic,0.05,91,0.2410571758215005,2017
101202,2025-11,1,core_logistic,0.05,92,0.2410061534333591,2017
100393,2025-11,1,core_logistic,0.05,93,0.2408118437638507,2017
100729,2025-11,0,core_logistic,0.05,94,0.2406013376701519,2017
101395,2025-11,1,core_logistic,0.05,95,0.2399197088789554,2017
100106,2025-11,1,core_logistic,0.05,96,0.2395101113235842,2017
101806,2025-11,0,core_logistic,0.05,97,0.2391227212195314,2017
102089,2025-11,1,core_logistic,0.05,98,0.2387994291575896,2017
100829,2025-11,0,core_logistic,0.05,99,0.2385901293696013,2017
100892,2025-11,0,core_logistic,0.05,100,0.2380774649388858,2017
100968,2025-11,0,core_logistic,0.05,101,0.2370763008800085,2017
101886,2025-11,1,core_logistic,0.1,1,0.4261079295356728,2017
101726,2025-11,1,core_logistic,0.1,2,0.4149680421227435,2017
101913,2025-11,0,core_logistic,0.1,3,0.4079952076267258,2017
101704,2025-11,1,core_logistic,0.1,4,0.3958140855800041,2017
100775,2025-11,1,core_logistic,0.1,5,0.3858582156345722,2017
100298,2025-11,0,core_logistic,0.1,6,0.3832162755868282,2017
100229,2025-11,0,core_logistic,0.1,7,0.3806855269009231,2017
100670,2025-11,0,core_logistic,0.1,8,0.3763504327885062,2017
101684,2025-11,1,core_logistic,0.1,9,0.3758931169155913,2017
100774,2025-11,0,core_logistic,0.1,10,0.3725733741687727,2017
101474,2025-11,0,core_logistic,0.1,11,0.3635575478733512,2017
101489,2025-11,0,core_logistic,0.1,12,0.3568305102845426,2017
100560,2025-11,0,core_logistic,0.1,13,0.3541915421408662,2017
101449,2025-11,0,core_logistic,0.1,14,0.353745879330119,2017
101761,2025-11,1,core_logistic,0.1,15,0.3529563592094371,2017
101319,2025-11,0,core_logistic,0.1,16,0.3514432974932282,2017
100559,2025-11,0,core_logistic,0.1,17,0.3482995051820801,2017
101990,2025-11,1,core_logistic,0.1,18,0.3482995051820801,2017
100193,2025-11,0,core_logistic,0.1,19,0.3453788738458443,2017
100267,2025-11,0,core_logistic,0.1,20,0.3439852995882245,2017
100704,2025-11,0,core_logistic,0.1,21,0.3406940845042771,2017
101776,2025-11,0,core_logistic,0.1,22,0.3403557895757161,2017
101437,2025-11,0,core_logistic,0.1,23,0.3384319686851414,2017
101642,2025-11,0,core_logistic,0.1,24,0.3366291862937275,2017
101527,2025-11,0,core_logistic,0.1,25,0.3354598990283043,2017
101280,2025-11,1,core_logistic,0.1,26,0.335038080770592,2017
101077,2025-11,0,core_logistic,0.1,27,0.3313642593839158,2017
101883,2025-11,0,core_logistic,0.1,28,0.3308540793438542,2017
101175,2025-11,1,core_logistic,0.1,29,0.3245198470767614,2017
101154,2025-11,0,core_logistic,0.1,30,0.3203713732863608,2017
100275,2025-11,0,core_logistic,0.1,31,0.3200721583971269,2017
102053,2025-11,1,core_logistic,0.1,32,0.3170596460460789,2017
101447,2025-11,0,core_logistic,0.1,33,0.3158742465461009,2017
102090,2025-11,1,core_logistic,0.1,34,0.3155651607433216,2017
100203,2025-11,0,core_logistic,0.1,35,0.3135874723516428,2017
101448,2025-11,1,core_logistic,0.1,36,0.3113515170337665,2017
100849,2025-11,1,core_logistic,0.1,37,0.3108788401576014,2017
100610,2025-11,0,core_logistic,0.1,38,0.3088116557301147,2017
100130,2025-11,1,core_logistic,0.1,39,0.3083291402191273,2017
100627,2025-11,1,core_logistic,0.1,40,0.3066788720509618,2017
101636,2025-11,0,core_logistic,0.1,41,0.2997991589578436,2017
101724,2025-11,1,core_logistic,0.1,42,0.2964164503116903,2017
101296,2025-11,0,core_logistic,0.1,43,0.2961938029807668,2017
100453,2025-11,0,core_logistic,0.1,44,0.2952168267332672,2017
100197,2025-11,0,core_logistic,0.1,45,0.2935421038342811,2017
101471,2025-11,0,core_logistic,0.1,46,0.2917082231264145,2017
101598,2025-11,0,core_logistic,0.1,47,0.2874180862512442,2017
101045,2025-11,1,core_logistic,0.1,48,0.2871434226769387,2017
101578,2025-11,0,core_logistic,0.1,49,0.2866640342776433,2017
101406,2025-11,0,core_logistic,0.1,50,0.2842086832602398,2017
102096,2025-11,0,core_logistic,0.1,51,0.282571370625423,2017
100875,2025-11,0,core_logistic,0.1,52,0.2815186625177052,2017
100303,2025-11,0,core_logistic,0.1,53,0.2792775640769863,2017
101312,2025-11,1,core_logistic,0.1,54,0.2783511844602973,2017
101044,2025-11,1,core_logistic,0.1,55,0.2752631937134445,2017
100835,2025-11,1,core_logistic,0.1,56,0.2736660579562589,2017
101226,2025-11,0,core_logistic,0.1,57,0.2732788416617898,2017
100935,2025-11,0,core_logistic,0.1,58,0.2729797711165972,2017
101298,2025-11,0,core_logistic,0.1,59,0.2725228441493458,2017
100912,2025-11,1,core_logistic,0.1,60,0.2721835720949975,2017
101946,2025-11,1,core_logistic,0.1,61,0.2700265882548503,2017
100624,2025-11,1,core_logistic,0.1,62,0.2688764435109596,2017
101512,2025-11,0,core_logistic,0.1,63,0.2672012170459414,2017
100745,2025-11,0,core_logistic,0.1,64,0.2671143118621624,2017
101001,2025-11,0,core_logistic,0.1,65,0.2664013567723939,2017
101825,2025-11,0,core_logistic,0.1,66,0.2662456033708908,2017
100308,2025-11,1,core_logistic,0.1,67,0.2650611588339763,2017
100752,2025-11,0,core_logistic,0.1,68,0.2599612843045684,2017
102005,2025-11,0,core_logistic,0.1,69,0.2593287826351207,2017
101885,2025-11,1,core_logistic,0.1,70,0.2590475949290806,2017
102046,2025-11,0,core_logistic,0.1,71,0.2587191325173523,2017
101672,2025-11,0,core_logistic,0.1,72,0.258490255850139,2017
100496,2025-11,0,core_logistic,0.1,73,0.2571146073871799,2017
101737,2025-11,0,core_logistic,0.1,74,0.2547286951892124,2017
101140,2025-11,0,core_logistic,0.1,75,0.2547021026778755,2017
100242,2025-11,0,core_logistic,0.1,76,0.2540995978640198,2017
100487,2025-11,0,core_logistic,0.1,77,0.2536210709932676,2017
100148,2025-11,0,core_logistic,0.1,78,0.2536104480857119,2017
101951,2025-11,0,core_logistic,0.1,79,0.253115537543745,2017
101505,2025-11,0,core_logistic,0.1,80,0.2525324797852766,2017
101727,2025-11,1,core_logistic,0.1,81,0.2520641420312353,2017
101084,2025-11,0,core_logistic,0.1,82,0.2518808119637061,2017
100029,2025-11,0,core_logistic,0.1,83,0.2509443300004669,2017
100334,2025-11,0,core_logistic,0.1,84,0.2493286714479481,2017
101173,2025-11,0,core_logistic,0.1,85,0.2484136520925477,2017
101264,2025-11,1,core_logistic,0.1,86,0.2432310764013322,2017
100788,2025-11,1,core_logistic,0.1,87,0.2428905633773614,2017
100149,2025-11,1,core_logistic,0.1,88,0.2422454113776574,2017
101067,2025-11,0,core_logistic,0.1,89,0.2410571758215005,2017
100361,2025-11,0,core_logistic,0.1,90,0.2410571758215005,2017
101097,2025-11,0,core_logistic,0.1,91,0.2410571758215005,2017
101202,2025-11,1,core_logistic,0.1,92,0.2410061534333591,2017
100393,2025-11,1,core_logistic,0.1,93,0.2408118437638507,2017
100729,2025-11,0,core_logistic,0.1,94,0.2406013376701519,2017
101395,2025-11,1,core_logistic,0.1,95,0.2399197088789554,2017
100106,2025-11,1,core_logistic,0.1,96,0.2395101113235842,2017
101806,2025-11,0,core_logistic,0.1,97,0.2391227212195314,2017
102089,2025-11,1,core_logistic,0.1,98,0.2387994291575896,2017
100829,2025-11,0,core_logistic,0.1,99,0.2385901293696013,2017
100892,2025-11,0,core_logistic,0.1,100,0.2380774649388858,2017
100968,2025-11,0,core_logistic,0.1,101,0.2370763008800085,2017
101336,2025-11,0,core_logistic,0.1,102,0.2366256434996273,2017
102025,2025-11,0,core_logistic,0.1,103,0.2366180602480629,2017
100536,2025-11,0,core_logistic,0.1,104,0.2352731661287372,2017
100773,2025-11,0,core_logistic,0.1,105,0.2349492504736031,2017
101124,2025-11,0,core_logistic,0.1,106,0.2347422845802719,2017
101419,2025-11,1,core_logistic,0.1,107,0.234659594260039,2017
100826,2025-11,0,core_logistic,0.1,108,0.2340660852737092,2017
101721,2025-11,0,core_logistic,0.1,109,0.2337328509783594,2017
100796,2025-11,0,core_logistic,0.1,110,0.2332731748758449,2017
101071,2025-11,0,core_logistic,0.1,111,0.232575339453869,2017
100772,2025-11,1,core_logistic,0.1,112,0.2316763334973957,2017
101752,2025-11,1,core_logistic,0.1,113,0.2314564422601434,2017
100215,2025-11,1,core_logistic,0.1,114,0.231384958240017,2017
100817,2025-11,1,core_logistic,0.1,115,0.2305666193581687,2017
101660,2025-11,0,core_logistic,0.1,116,0.2275159289230836,2017
102063,2025-11,0,core_logistic,0.1,117,0.2273841637748106,2017
101948,2025-11,1,core_logistic,0.1,118,0.2270927727742241,2017
101365,2025-11,0,core_logistic,0.1,119,0.2261641170897931,2017
100686,2025-11,0,core_logistic,0.1,120,0.2248551509966715,2017
101414,2025-11,1,core_logistic,0.1,121,0.2231243528179967,2017
101123,2025-11,0,core_logistic,0.1,122,0.222730131521206,2017
100768,2025-11,0,core_logistic,0.1,123,0.222523535317581,2017
100143,2025-11,0,core_logistic,0.1,124,0.2224694455999062,2017
101285,2025-11,0,core_logistic,0.1,125,0.2221734559983964,2017
101714,2025-11,1,core_logistic,0.1,126,0.2208869063542833,2017
101107,2025-11,1,core_logistic,0.1,127,0.220688754601915,2017
101466,2025-11,0,core_logistic,0.1,128,0.2199845126331809,2017
101145,2025-11,0,core_logistic,0.1,129,0.2193993731512817,2017
100684,2025-11,0,core_logistic,0.1,130,0.219086985116133,2017
100375,2025-11,0,core_logistic,0.1,131,0.2184146844879625,2017
101610,2025-11,1,core_logistic,0.1,132,0.2178254016665541,2017
101837,2025-11,0,core_logistic,0.1,133,0.2170737121570123,2017
100854,2025-11,0,core_logistic,0.1,134,0.2170343429516448,2017
101229,2025-11,0,core_logistic,0.1,135,0.216752494253554,2017
102081,2025-11,0,core_logistic,0.1,136,0.2164477529438046,2017
101368,2025-11,0,core_logistic,0.1,137,0.216407573177972,2017
100608,2025-11,0,core_logistic,0.1,138,0.2162524781158834,2017
101150,2025-11,0,core_logistic,0.1,139,0.215574466221887,2017
100214,2025-11,0,core_logistic,0.1,140,0.2150755326773442,2017
100628,2025-11,0,core_logistic,0.1,141,0.2149978238111474,2017
100661,2025-11,1,core_logistic,0.1,142,0.2146869076103747,2017
101104,2025-11,0,core_logistic,0.1,143,0.2142739251958253,2017
100883,2025-11,0,core_logistic,0.1,144,0.2137246332236513,2017
101179,2025-11,0,core_logistic,0.1,145,0.2131057028146395,2017
100166,2025-11,0,core_logistic,0.1,146,0.2119887194887978,2017
101656,2025-11,1,core_logistic,0.1,147,0.2108365980508013,2017
100425,2025-11,0,core_logistic,0.1,148,0.2105470695576651,2017
100924,2025-11,0,core_logistic,0.1,149,0.2099733109635536,2017
101516,2025-11,1,core_logistic,0.1,150,0.2092031411107851,2017
101245,2025-11,1,core_logistic,0.1,151,0.2090261500068885,2017
100066,2025-11,0,core_logistic,0.1,152,0.2085383430174774,2017
100041,2025-11,0,core_logistic,0.1,153,0.2075311035728846,2017
101301,2025-11,0,core_logistic,0.1,154,0.2068418153090405,2017
101160,2025-11,0,core_logistic,0.1,155,0.2064641545559338,2017
100002,2025-11,1,core_logistic,0.1,156,0.2062809365281512,2017
100484,2025-11,0,core_logistic,0.1,157,0.2054242090769265,2017
100224,2025-11,0,core_logistic,0.1,158,0.204214287371783,2017
100990,2025-11,0,core_logistic,0.1,159,0.2041049096011811,2017
101626,2025-11,0,core_logistic,0.1,160,0.2039818843317145,2017
102037,2025-11,0,core_logistic,0.1,161,0.2032655524436906,2017
100139,2025-11,0,core_logistic,0.1,162,0.2029071820391699,2017
101783,2025-11,0,core_logistic,0.1,163,0.2026121811231178,2017
100218,2025-11,0,core_logistic,0.1,164,0.2018972602634956,2017
100543,2025-11,0,core_logistic,0.1,165,0.2017985402366571,2017
101720,2025-11,0,core_logistic,0.1,166,0.2015111186287425,2017
100433,2025-11,1,core_logistic,0.1,167,0.2008367577118049,2017
101805,2025-11,0,core_logistic,0.1,168,0.2006809618954443,2017
100501,2025-11,0,core_logistic,0.1,169,0.2006496928399156,2017
101982,2025-11,0,core_logistic,0.1,170,0.2004962717731526,2017
100609,2025-11,0,core_logistic,0.1,171,0.2001576388836613,2017
100510,2025-11,1,core_logistic,0.1,172,0.2001272736520029,2017
100015,2025-11,0,core_logistic,0.1,173,0.2000195346919326,2017
100945,2025-11,1,core_logistic,0.1,174,0.1999050680313983,2017
100803,2025-11,1,core_logistic,0.1,175,0.1992017252417444,2017
100112,2025-11,1,core_logistic,0.1,176,0.1988087379724779,2017
101137,2025-11,0,core_logistic,0.1,177,0.198795364272515,2017
100345,2025-11,0,core_logistic,0.1,178,0.1983726918229455,2017
101572,2025-11,1,core_logistic,0.1,179,0.1979306449014642,2017
100605,2025-11,0,core_logistic,0.1,180,0.1979239802054405,2017
101384,2025-11,0,core_logistic,0.1,181,0.1974714332889623,2017
100662,2025-11,0,core_logistic,0.1,182,0.1962395384595252,2017
101421,2025-11,1,core_logistic,0.1,183,0.1959203895916481,2017
102079,2025-11,0,core_logistic,0.1,184,0.1958504718395932,2017
101945,2025-11,0,core_logistic,0.1,185,0.1957688701824229,2017
100337,2025-11,0,core_logistic,0.1,186,0.1956396598568993,2017
100387,2025-11,0,core_logistic,0.1,187,0.1951324964659055,2017
101122,2025-11,0,core_logistic,0.1,188,0.1951093004295195,2017
101500,2025-11,0,core_logistic,0.1,189,0.19461624654341,2017
100508,2025-11,0,core_logistic,0.1,190,0.1944663164528993,2017
100698,2025-11,0,core_logistic,0.1,191,0.1943222224546051,2017
101971,2025-11,0,core_logistic,0.1,192,0.1923103627508004,2017
101832,2025-11,0,core_logistic,0.1,193,0.192282279745321,2017
100925,2025-11,1,core_logistic,0.1,194,0.1922123391093145,2017
101259,2025-11,0,core_logistic,0.1,195,0.1922123391093145,2017
100727,2025-11,0,core_logistic,0.1,196,0.1918610714225503,2017
101583,2025-11,0,core_logistic,0.1,197,0.1917184483950123,2017
101719,2025-11,0,core_logistic,0.1,198,0.1914239372054472,2017
102077,2025-11,1,core_logistic,0.1,199,0.1908552821680069,2017
100676,2025-11,0,core_logistic,0.1,200,0.1905406336202832,2017
100664,2025-11,0,core_logistic,0.1,201,0.1904368269006523,2017
101878,2025-11,0,core_logistic,0.1,202,0.1903858185006297,2017
101886,2025-11,1,core_logistic,0.2,1,0.4261079295356728,2017
101726,2025-11,1,core_logistic,0.2,2,0.4149680421227435,2017
101913,2025-11,0,core_logistic,0.2,3,0.4079952076267258,2017
101704,2025-11,1,core_logistic,0.2,4,0.3958140855800041,2017
100775,2025-11,1,core_logistic,0.2,5,0.3858582156345722,2017
100298,2025-11,0,core_logistic,0.2,6,0.3832162755868282,2017
100229,2025-11,0,core_logistic,0.2,7,0.3806855269009231,2017
100670,2025-11,0,core_logistic,0.2,8,0.3763504327885062,2017
101684,2025-11,1,core_logistic,0.2,9,0.3758931169155913,2017
100774,2025-11,0,core_logistic,0.2,10,0.3725733741687727,2017
101474,2025-11,0,core_logistic,0.2,11,0.3635575478733512,2017
101489,2025-11,0,core_logistic,0.2,12,0.3568305102845426,2017
100560,2025-11,0,core_logistic,0.2,13,0.3541915421408662,2017
101449,2025-11,0,core_logistic,0.2,14,0.353745879330119,2017
101761,2025-11,1,core_logistic,0.2,15,0.3529563592094371,2017
101319,2025-11,0,core_logistic,0.2,16,0.3514432974932282,2017
100559,2025-11,0,core_logistic,0.2,17,0.3482995051820801,2017
101990,2025-11,1,core_logistic,0.2,18,0.3482995051820801,2017
100193,2025-11,0,core_logistic,0.2,19,0.3453788738458443,2017
100267,2025-11,0,core_logistic,0.2,20,0.3439852995882245,2017
100704,2025-11,0,core_logistic,0.2,21,0.3406940845042771,2017
101776,2025-11,0,core_logistic,0.2,22,0.3403557895757161,2017
101437,2025-11,0,core_logistic,0.2,23,0.3384319686851414,2017
101642,2025-11,0,core_logistic,0.2,24,0.3366291862937275,2017
101527,2025-11,0,core_logistic,0.2,25,0.3354598990283043,2017
101280,2025-11,1,core_logistic,0.2,26,0.335038080770592,2017
101077,2025-11,0,core_logistic,0.2,27,0.3313642593839158,2017
101883,2025-11,0,core_logistic,0.2,28,0.3308540793438542,2017
101175,2025-11,1,core_logistic,0.2,29,0.3245198470767614,2017
101154,2025-11,0,core_logistic,0.2,30,0.3203713732863608,2017
100275,2025-11,0,core_logistic,0.2,31,0.3200721583971269,2017
102053,2025-11,1,core_logistic,0.2,32,0.3170596460460789,2017
101447,2025-11,0,core_logistic,0.2,33,0.3158742465461009,2017
102090,2025-11,1,core_logistic,0.2,34,0.3155651607433216,2017
100203,2025-11,0,core_logistic,0.2,35,0.3135874723516428,2017
101448,2025-11,1,core_logistic,0.2,36,0.3113515170337665,2017
100849,2025-11,1,core_logistic,0.2,37,0.3108788401576014,2017
100610,2025-11,0,core_logistic,0.2,38,0.3088116557301147,2017
100130,2025-11,1,core_logistic,0.2,39,0.3083291402191273,2017
100627,2025-11,1,core_logistic,0.2,40,0.3066788720509618,2017
101636,2025-11,0,core_logistic,0.2,41,0.2997991589578436,2017
101724,2025-11,1,core_logistic,0.2,42,0.2964164503116903,2017
101296,2025-11,0,core_logistic,0.2,43,0.2961938029807668,2017
100453,2025-11,0,core_logistic,0.2,44,0.2952168267332672,2017
100197,2025-11,0,core_logistic,0.2,45,0.2935421038342811,2017
101471,2025-11,0,core_logistic,0.2,46,0.2917082231264145,2017
101598,2025-11,0,core_logistic,0.2,47,0.2874180862512442,2017
101045,2025-11,1,core_logistic,0.2,48,0.2871434226769387,2017
101578,2025-11,0,core_logistic,0.2,49,0.2866640342776433,2017
101406,2025-11,0,core_logistic,0.2,50,0.2842086832602398,2017
102096,2025-11,0,core_logistic,0.2,51,0.282571370625423,2017
100875,2025-11,0,core_logistic,0.2,52,0.2815186625177052,2017
100303,2025-11,0,core_logistic,0.2,53,0.2792775640769863,2017
101312,2025-11,1,core_logistic,0.2,54,0.2783511844602973,2017
101044,2025-11,1,core_logistic,0.2,55,0.2752631937134445,2017
100835,2025-11,1,core_logistic,0.2,56,0.2736660579562589,2017
101226,2025-11,0,core_logistic,0.2,57,0.2732788416617898,2017
100935,2025-11,0,core_logistic,0.2,58,0.2729797711165972,2017
101298,2025-11,0,core_logistic,0.2,59,0.2725228441493458,2017
100912,2025-11,1,core_logistic,0.2,60,0.2721835720949975,2017
101946,2025-11,1,core_logistic,0.2,61,0.2700265882548503,2017
100624,2025-11,1,core_logistic,0.2,62,0.2688764435109596,2017
101512,2025-11,0,core_logistic,0.2,63,0.2672012170459414,2017
100745,2025-11,0,core_logistic,0.2,64,0.2671143118621624,2017
101001,2025-11,0,core_logistic,0.2,65,0.2664013567723939,2017
101825,2025-11,0,core_logistic,0.2,66,0.2662456033708908,2017
100308,2025-11,1,core_logistic,0.2,67,0.2650611588339763,2017
100752,2025-11,0,core_logistic,0.2,68,0.2599612843045684,2017
102005,2025-11,0,core_logistic,0.2,69,0.2593287826351207,2017
101885,2025-11,1,core_logistic,0.2,70,0.2590475949290806,2017
102046,2025-11,0,core_logistic,0.2,71,0.2587191325173523,2017
101672,2025-11,0,core_logistic,0.2,72,0.258490255850139,2017
100496,2025-11,0,core_logistic,0.2,73,0.2571146073871799,2017
101737,2025-11,0,core_logistic,0.2,74,0.2547286951892124,2017
101140,2025-11,0,core_logistic,0.2,75,0.2547021026778755,2017
100242,2025-11,0,core_logistic,0.2,76,0.2540995978640198,2017
100487,2025-11,0,core_logistic,0.2,77,0.2536210709932676,2017
100148,2025-11,0,core_logistic,0.2,78,0.2536104480857119,2017
101951,2025-11,0,core_logistic,0.2,79,0.253115537543745,2017
101505,2025-11,0,core_logistic,0.2,80,0.2525324797852766,2017
101727,2025-11,1,core_logistic,0.2,81,0.2520641420312353,2017
101084,2025-11,0,core_logistic,0.2,82,0.2518808119637061,2017
100029,2025-11,0,core_logistic,0.2,83,0.2509443300004669,2017
100334,2025-11,0,core_logistic,0.2,84,0.2493286714479481,2017
101173,2025-11,0,core_logistic,0.2,85,0.2484136520925477,2017
101264,2025-11,1,core_logistic,0.2,86,0.2432310764013322,2017
100788,2025-11,1,core_logistic,0.2,87,0.2428905633773614,2017
100149,2025-11,1,core_logistic,0.2,88,0.2422454113776574,2017
101067,2025-11,0,core_logistic,0.2,89,0.2410571758215005,2017
100361,2025-11,0,core_logistic,0.2,90,0.2410571758215005,2017
101097,2025-11,0,core_logistic,0.2,91,0.2410571758215005,2017
101202,2025-11,1,core_logistic,0.2,92,0.2410061534333591,2017
100393,2025-11,1,core_logistic,0.2,93,0.2408118437638507,2017
100729,2025-11,0,core_logistic,0.2,94,0.2406013376701519,2017
101395,2025-11,1,core_logistic,0.2,95,0.2399197088789554,2017
100106,2025-11,1,core_logistic,0.2,96,0.2395101113235842,2017
101806,2025-11,0,core_logistic,0.2,97,0.2391227212195314,2017
102089,2025-11,1,core_logistic,0.2,98,0.2387994291575896,2017
100829,2025-11,0,core_logistic,0.2,99,0.2385901293696013,2017
100892,2025-11,0,core_logistic,0.2,100,0.2380774649388858,2017
100968,2025-11,0,core_logistic,0.2,101,0.2370763008800085,2017
101336,2025-11,0,core_logistic,0.2,102,0.2366256434996273,2017
102025,2025-11,0,core_logistic,0.2,103,0.2366180602480629,2017
100536,2025-11,0,core_logistic,0.2,104,0.2352731661287372,2017
100773,2025-11,0,core_logistic,0.2,105,0.2349492504736031,2017
101124,2025-11,0,core_logistic,0.2,106,0.2347422845802719,2017
101419,2025-11,1,core_logistic,0.2,107,0.234659594260039,2017
100826,2025-11,0,core_logistic,0.2,108,0.2340660852737092,2017
101721,2025-11,0,core_logistic,0.2,109,0.2337328509783594,2017
100796,2025-11,0,core_logistic,0.2,110,0.2332731748758449,2017
101071,2025-11,0,core_logistic,0.2,111,0.232575339453869,2017
100772,2025-11,1,core_logistic,0.2,112,0.2316763334973957,2017
101752,2025-11,1,core_logistic,0.2,113,0.2314564422601434,2017
100215,2025-11,1,core_logistic,0.2,114,0.231384958240017,2017
100817,2025-11,1,core_logistic,0.2,115,0.2305666193581687,2017
101660,2025-11,0,core_logistic,0.2,116,0.2275159289230836,2017
102063,2025-11,0,core_logistic,0.2,117,0.2273841637748106,2017
101948,2025-11,1,core_logistic,0.2,118,0.2270927727742241,2017
101365,2025-11,0,core_logistic,0.2,119,0.2261641170897931,2017
100686,2025-11,0,core_logistic,0.2,120,0.2248551509966715,2017
101414,2025-11,1,core_logistic,0.2,121,0.2231243528179967,2017
101123,2025-11,0,core_logistic,0.2,122,0.222730131521206,2017
100768,2025-11,0,core_logistic,0.2,123,0.222523535317581,2017
100143,2025-11,0,core_logistic,0.2,124,0.2224694455999062,2017
101285,2025-11,0,core_logistic,0.2,125,0.2221734559983964,2017
101714,2025-11,1,core_logistic,0.2,126,0.2208869063542833,2017
101107,2025-11,1,core_logistic,0.2,127,0.220688754601915,2017
101466,2025-11,0,core_logistic,0.2,128,0.2199845126331809,2017
101145,2025-11,0,core_logistic,0.2,129,0.2193993731512817,2017
100684,2025-11,0,core_logistic,0.2,130,0.219086985116133,2017
100375,2025-11,0,core_logistic,0.2,131,0.2184146844879625,2017
101610,2025-11,1,core_logistic,0.2,132,0.2178254016665541,2017
101837,2025-11,0,core_logistic,0.2,133,0.2170737121570123,2017
100854,2025-11,0,core_logistic,0.2,134,0.2170343429516448,2017
101229,2025-11,0,core_logistic,0.2,135,0.216752494253554,2017
102081,2025-11,0,core_logistic,0.2,136,0.2164477529438046,2017
101368,2025-11,0,core_logistic,0.2,137,0.216407573177972,2017
100608,2025-11,0,core_logistic,0.2,138,0.2162524781158834,2017
101150,2025-11,0,core_logistic,0.2,139,0.215574466221887,2017
100214,2025-11,0,core_logistic,0.2,140,0.2150755326773442,2017
100628,2025-11,0,core_logistic,0.2,141,0.2149978238111474,2017
100661,2025-11,1,core_logistic,0.2,142,0.2146869076103747,2017
101104,2025-11,0,core_logistic,0.2,143,0.2142739251958253,2017
100883,2025-11,0,core_logistic,0.2,144,0.2137246332236513,2017
101179,2025-11,0,core_logistic,0.2,145,0.2131057028146395,2017
100166,2025-11,0,core_logistic,0.2,146,0.2119887194887978,2017
101656,2025-11,1,core_logistic,0.2,147,0.2108365980508013,2017
100425,2025-11,0,core_logistic,0.2,148,0.2105470695576651,2017
100924,2025-11,0,core_logistic,0.2,149,0.2099733109635536,2017
101516,2025-11,1,core_logistic,0.2,150,0.2092031411107851,2017
101245,2025-11,1,core_logistic,0.2,151,0.2090261500068885,2017
100066,2025-11,0,core_logistic,0.2,152,0.2085383430174774,2017
100041,2025-11,0,core_logistic,0.2,153,0.2075311035728846,2017
101301,2025-11,0,core_logistic,0.2,154,0.2068418153090405,2017
101160,2025-11,0,core_logistic,0.2,155,0.2064641545559338,2017
100002,2025-11,1,core_logistic,0.2,156,0.2062809365281512,2017
100484,2025-11,0,core_logistic,0.2,157,0.2054242090769265,2017
100224,2025-11,0,core_logistic,0.2,158,0.204214287371783,2017
100990,2025-11,0,core_logistic,0.2,159,0.2041049096011811,2017
101626,2025-11,0,core_logistic,0.2,160,0.2039818843317145,2017
102037,2025-11,0,core_logistic,0.2,161,0.2032655524436906,2017
100139,2025-11,0,core_logistic,0.2,162,0.2029071820391699,2017
101783,2025-11,0,core_logistic,0.2,163,0.2026121811231178,2017
100218,2025-11,0,core_logistic,0.2,164,0.2018972602634956,2017
100543,2025-11,0,core_logistic,0.2,165,0.2017985402366571,2017
101720,2025-11,0,core_logistic,0.2,166,0.2015111186287425,2017
100433,2025-11,1,core_logistic,0.2,167,0.2008367577118049,2017
101805,2025-11,0,core_logistic,0.2,168,0.2006809618954443,2017
100501,2025-11,0,core_logistic,0.2,169,0.2006496928399156,2017
101982,2025-11,0,core_logistic,0.2,170,0.2004962717731526,2017
100609,2025-11,0,core_logistic,0.2,171,0.2001576388836613,2017
100510,2025-11,1,core_logistic,0.2,172,0.2001272736520029,2017
100015,2025-11,0,core_logistic,0.2,173,0.2000195346919326,2017
100945,2025-11,1,core_logistic,0.2,174,0.1999050680313983,2017
100803,2025-11,1,core_logistic,0.2,175,0.1992017252417444,2017
100112,2025-11,1,core_logistic,0.2,176,0.1988087379724779,2017
101137,2025-11,0,core_logistic,0.2,177,0.198795364272515,2017
100345,2025-11,0,core_logistic,0.2,178,0.1983726918229455,2017
101572,2025-11,1,core_logistic,0.2,179,0.1979306449014642,2017
100605,2025-11,0,core_logistic,0.2,180,0.1979239802054405,2017
101384,2025-11,0,core_logistic,0.2,181,0.1974714332889623,2017
100662,2025-11,0,core_logistic,0.2,182,0.1962395384595252,2017
101421,2025-11,1,core_logistic,0.2,183,0.1959203895916481,2017
102079,2025-11,0,core_logistic,0.2,184,0.1958504718395932,2017
101945,2025-11,0,core_logistic,0.2,185,0.1957688701824229,2017
100337,2025-11,0,core_logistic,0.2,186,0.1956396598568993,2017
100387,2025-11,0,core_logistic,0.2,187,0.1951324964659055,2017
101122,2025-11,0,core_logistic,0.2,188,0.1951093004295195,2017
101500,2025-11,0,core_logistic,0.2,189,0.19461624654341,2017
100508,2025-11,0,core_logistic,0.2,190,0.1944663164528993,2017
100698,2025-11,0,core_logistic,0.2,191,0.1943222224546051,2017
101971,2025-11,0,core_logistic,0.2,192,0.1923103627508004,2017
101832,2025-11,0,core_logistic,0.2,193,0.192282279745321,2017
100925,2025-11,1,core_logistic,0.2,194,0.1922123391093145,2017
101259,2025-11,0,core_logistic,0.2,195,0.1922123391093145,2017
100727,2025-11,0,core_logistic,0.2,196,0.1918610714225503,2017
101583,2025-11,0,core_logistic,0.2,197,0.1917184483950123,2017
101719,2025-11,0,core_logistic,0.2,198,0.1914239372054472,2017
102077,2025-11,1,core_logistic,0.2,199,0.1908552821680069,2017
100676,2025-11,0,core_logistic,0.2,200,0.1905406336202832,2017
100664,2025-11,0,core_logistic,0.2,201,0.1904368269006523,2017
101878,2025-11,0,core_logistic,0.2,202,0.1903858185006297,2017
100283,2025-11,0,core_logistic,0.2,203,0.1898602456294739,2017
101594,2025-11,0,core_logistic,0.2,204,0.1895505610269539,2017
100219,2025-11,0,core_logistic,0.2,205,0.1890328292369068,2017
100407,2025-11,0,core_logistic,0.2,206,0.1878838088827302,2017
101702,2025-11,0,core_logistic,0.2,207,0.1871818530506953,2017
101909,2025-11,0,core_logistic,0.2,208,0.187175465824147,2017
100732,2025-11,0,core_logistic,0.2,209,0.1868244550664298,2017
101772,2025-11,0,core_logistic,0.2,210,0.1866503386988196,2017
101144,2025-11,0,core_logistic,0.2,211,0.1856225295991224,2017
101746,2025-11,1,core_logistic,0.2,212,0.1851868789789866,2017
100644,2025-11,0,core_logistic,0.2,213,0.1851602994177298,2017
102094,2025-11,0,core_logistic,0.2,214,0.1846395416460516,2017
100291,2025-11,0,core_logistic,0.2,215,0.1845801388654033,2017
102062,2025-11,1,core_logistic,0.2,216,0.1842210644849203,2017
101499,2025-11,0,core_logistic,0.2,217,0.1841606731347022,2017
101756,2025-11,0,core_logistic,0.2,218,0.1839532633270726,2017
101854,2025-11,0,core_logistic,0.2,219,0.1826612726017094,2017
101857,2025-11,0,core_logistic,0.2,220,0.1820261674420304,2017
101866,2025-11,0,core_logistic,0.2,221,0.1819545753128752,2017
101332,2025-11,0,core_logistic,0.2,222,0.1817221104695809,2017
101502,2025-11,1,core_logistic,0.2,223,0.1816450657366518,2017
101431,2025-11,0,core_logistic,0.2,224,0.1816318023699213,2017
101282,2025-11,0,core_logistic,0.2,225,0.1813938663338935,2017
101011,2025-11,0,core_logistic,0.2,226,0.1803840261539427,2017
101544,2025-11,0,core_logistic,0.2,227,0.1797343993882626,2017
100877,2025-11,0,core_logistic,0.2,228,0.1796639036614392,2017
100256,2025-11,0,core_logistic,0.2,229,0.1793246463723747,2017
100946,2025-11,0,core_logistic,0.2,230,0.1792255452913728,2017
100177,2025-11,0,core_logistic,0.2,231,0.1789155719184845,2017
100377,2025-11,0,core_logistic,0.2,232,0.1778283886866531,2017
100928,2025-11,0,core_logistic,0.2,233,0.1778222508039206,2017
101436,2025-11,0,core_logistic,0.2,234,0.1775672616307919,2017
101950,2025-11,1,core_logistic,0.2,235,0.177317640019672,2017
101986,2025-11,0,core_logistic,0.2,236,0.1772298143228211,2017
100787,2025-11,0,core_logistic,0.2,237,0.1770094878679744,2017
100833,2025-11,0,core_logistic,0.2,238,0.1769699715788325,2017
100789,2025-11,1,core_logistic,0.2,239,0.1767002181796199,2017
100726,2025-11,0,core_logistic,0.2,240,0.1761960571169861,2017
101391,2025-11,0,core_logistic,0.2,241,0.1756319025224841,2017
101078,2025-11,0,core_logistic,0.2,242,0.1753899027381623,2017
101944,2025-11,0,core_logistic,0.2,243,0.1752233859876918,2017
101629,2025-11,0,core_logistic,0.2,244,0.1748839083493514,2017
101327,2025-11,1,core_logistic,0.2,245,0.1745646131491859,2017
101935,2025-11,0,core_logistic,0.2,246,0.1743408546954293,2017
100052,2025-11,0,core_logistic,0.2,247,0.174226899601382,2017
101952,2025-11,1,core_logistic,0.2,248,0.174214062584271,2017
100985,2025-11,0,core_logistic,0.2,249,0.1738380048200287,2017
100947,2025-11,0,core_logistic,0.2,250,0.173702353258797,2017
100441,2025-11,0,core_logistic,0.2,251,0.1735371015093868,2017
100178,2025-11,0,core_logistic,0.2,252,0.1734805612441555,2017
100078,2025-11,1,core_logistic,0.2,253,0.1733366392497319,2017
100992,2025-11,0,core_logistic,0.2,254,0.1730652512364505,2017
101813,2025-11,0,core_logistic,0.2,255,0.1725773008024328,2017
100905,2025-11,0,core_logistic,0.2,256,0.1724975687427902,2017
101120,2025-11,0,core_logistic,0.2,257,0.1715343489846567,2017
101237,2025-11,1,core_logistic,0.2,258,0.1715343489846567,2017
100694,2025-11,0,core_logistic,0.2,259,0.1714704402535896,2017
100907,2025-11,0,core_logistic,0.2,260,0.1708806238204396,2017
100010,2025-11,0,core_logistic,0.2,261,0.1707234454721728,2017
100579,2025-11,1,core_logistic,0.2,262,0.1703860285412032,2017
100297,2025-11,0,core_logistic,0.2,263,0.170122240704471,2017
101670,2025-11,0,core_logistic,0.2,264,0.1699931211194945,2017
100372,2025-11,0,core_logistic,0.2,265,0.1699349310600389,2017
100581,2025-11,0,core_logistic,0.2,266,0.1696023428180137,2017
100017,2025-11,0,core_logistic,0.2,267,0.1695657145596596,2017
100564,2025-11,0,core_logistic,0.2,268,0.1693068275815552,2017
100818,2025-11,0,core_logistic,0.2,269,0.1688006951362763,2017
100815,2025-11,0,core_logistic,0.2,270,0.1678585559942154,2017
101741,2025-11,0,core_logistic,0.2,271,0.1671394915643634,2017
101919,2025-11,1,core_logistic,0.2,272,0.1670879214052409,2017
101026,2025-11,0,core_logistic,0.2,273,0.1667412278812194,2017
101871,2025-11,1,core_logistic,0.2,274,0.1661946915718448,2017
100919,2025-11,0,core_logistic,0.2,275,0.1660351470497885,2017
100678,2025-11,0,core_logistic,0.2,276,0.1659783612052842,2017
100452,2025-11,0,core_logistic,0.2,277,0.165948444408243,2017
102029,2025-11,0,core_logistic,0.2,278,0.165605923689814,2017
101831,2025-11,0,core_logistic,0.2,279,0.1654322358402037,2017
100880,2025-11,0,core_logistic,0.2,280,0.1653001742666276,2017
100034,2025-11,0,core_logistic,0.2,281,0.1652694367426719,2017
100385,2025-11,0,core_logistic,0.2,282,0.1647913619190043,2017
100443,2025-11,0,core_logistic,0.2,283,0.1645786816857444,2017
100958,2025-11,0,core_logistic,0.2,284,0.1642849359221382,2017
101350,2025-11,0,core_logistic,0.2,285,0.1642564426436382,2017
101507,2025-11,1,core_logistic,0.2,286,0.1634731555132422,2017
101928,2025-11,0,core_logistic,0.2,287,0.163334047128658,2017
101152,2025-11,1,core_logistic,0.2,288,0.1630607187062225,2017
101715,2025-11,0,core_logistic,0.2,289,0.1629035949580577,2017
101774,2025-11,0,core_logistic,0.2,290,0.1628441132560877,2017
101232,2025-11,0,core_logistic,0.2,291,0.162804731327669,2017
100161,2025-11,0,core_logistic,0.2,292,0.1626117492003397,2017
101182,2025-11,0,core_logistic,0.2,293,0.1625916380697511,2017
101601,2025-11,0,core_logistic,0.2,294,0.1622113168033416,2017
101373,2025-11,0,core_logistic,0.2,295,0.1614949649394887,2017
100332,2025-11,0,core_logistic,0.2,296,0.1610795811166595,2017
101117,2025-11,0,core_logistic,0.2,297,0.160308537537417,2017
100079,2025-11,0,core_logistic,0.2,298,0.1602830062252795,2017
101487,2025-11,0,core_logistic,0.2,299,0.1602830062252795,2017
100823,2025-11,0,core_logistic,0.2,300,0.1602104733506514,2017
101907,2025-11,1,core_logistic,0.2,301,0.160192421621945,2017
101349,2025-11,0,core_logistic,0.2,302,0.160128046956111,2017
101623,2025-11,0,core_logistic,0.2,303,0.1598140464008179,2017
100941,2025-11,1,core_logistic,0.2,304,0.1597998518072573,2017
100973,2025-11,0,core_logistic,0.2,305,0.159669529453176,2017
101692,2025-11,0,core_logistic,0.2,306,0.1595915906650572,2017
101435,2025-11,0,core_logistic,0.2,307,0.1595901698891256,2017
101302,2025-11,0,core_logistic,0.2,308,0.1593494450491637,2017
100365,2025-11,0,core_logistic,0.2,309,0.1592702144219964,2017
101400,2025-11,0,core_logistic,0.2,310,0.159202024253635,2017
100253,2025-11,0,core_logistic,0.2,311,0.1591964047892932,2017
100524,2025-11,1,core_logistic,0.2,312,0.1584953114766558,2017
101936,2025-11,0,core_logistic,0.2,313,0.1575374340200541,2017
101219,2025-11,0,core_logistic,0.2,314,0.1575122612564656,2017
101256,2025-11,0,core_logistic,0.2,315,0.1574337730296437,2017
101927,2025-11,0,core_logistic,0.2,316,0.1571228923707108,2017
101441,2025-11,0,core_logistic,0.2,317,0.1570542752399047,2017
100798,2025-11,0,core_logistic,0.2,318,0.1569759727052967,2017
100653,2025-11,0,core_logistic,0.2,319,0.1561360229708636,2017
101876,2025-11,0,core_logistic,0.2,320,0.155760468020418,2017
100572,2025-11,0,core_logistic,0.2,321,0.1557552580975558,2017
100225,2025-11,0,core_logistic,0.2,322,0.1556750889408732,2017
101411,2025-11,0,core_logistic,0.2,323,0.1555062186062271,2017
100429,2025-11,0,core_logistic,0.2,324,0.1552580368136236,2017
101247,2025-11,0,core_logistic,0.2,325,0.1551611026079016,2017
102007,2025-11,0,core_logistic,0.2,326,0.1550566400043612,2017
100744,2025-11,0,core_logistic,0.2,327,0.1548680302907476,2017
100300,2025-11,0,core_logistic,0.2,328,0.153965386572069,2017
100145,2025-11,0,core_logistic,0.2,329,0.1529184094813524,2017
100067,2025-11,0,core_logistic,0.2,330,0.1527957573212858,2017
100466,2025-11,0,core_logistic,0.2,331,0.1526117114213627,2017
100128,2025-11,0,core_logistic,0.2,332,0.1521790400575709,2017
101320,2025-11,0,core_logistic,0.2,333,0.1521210184445518,2017
100117,2025-11,0,core_logistic,0.2,334,0.152087729953428,2017
100238,2025-11,0,core_logistic,0.2,335,0.1516311989047574,2017
101233,2025-11,0,core_logistic,0.2,336,0.1511177060253177,2017
101917,2025-11,0,core_logistic,0.2,337,0.1510223712917821,2017
101808,2025-11,0,core_logistic,0.2,338,0.1508801348762783,2017
100977,2025-11,1,core_logistic,0.2,339,0.1507746923703589,2017
100589,2025-11,1,core_logistic,0.2,340,0.1504097345515178,2017
101216,2025-11,0,core_logistic,0.2,341,0.149974075725945,2017
101811,2025-11,0,core_logistic,0.2,342,0.1497452712501785,2017
101624,2025-11,0,core_logistic,0.2,343,0.1497211223115274,2017
100271,2025-11,1,core_logistic,0.2,344,0.1490608104769945,2017
100340,2025-11,0,core_logistic,0.2,345,0.1487875659954763,2017
101638,2025-11,0,core_logistic,0.2,346,0.1487216476890125,2017
100044,2025-11,0,core_logistic,0.2,347,0.1486177509978855,2017
100206,2025-11,0,core_logistic,0.2,348,0.1485572049078692,2017
100446,2025-11,0,core_logistic,0.2,349,0.1482607682470482,2017
100555,2025-11,0,core_logistic,0.2,350,0.1479508291979128,2017
100592,2025-11,0,core_logistic,0.2,351,0.147907461679246,2017
101850,2025-11,0,core_logistic,0.2,352,0.1477610275699468,2017
101910,2025-11,1,core_logistic,0.2,353,0.1470817819984816,2017
101817,2025-11,1,core_logistic,0.2,354,0.1466732425684415,2017
101858,2025-11,0,core_logistic,0.2,355,0.1462413017229073,2017
101804,2025-11,0,core_logistic,0.2,356,0.1456681251078905,2017
100299,2025-11,0,core_logistic,0.2,357,0.1452479628750779,2017
100380,2025-11,0,core_logistic,0.2,358,0.1450946121374918,2017
101769,2025-11,0,core_logistic,0.2,359,0.1445475253034824,2017
101287,2025-11,0,core_logistic,0.2,360,0.1442395019285128,2017
101036,2025-11,0,core_logistic,0.2,361,0.143882511226579,2017
100286,2025-11,0,core_logistic,0.2,362,0.1437406935665118,2017
100665,2025-11,0,core_logistic,0.2,363,0.1433223934987229,2017
100492,2025-11,0,core_logistic,0.2,364,0.143315938407404,2017
101382,2025-11,0,core_logistic,0.2,365,0.1431239904790532,2017
100175,2025-11,0,core_logistic,0.2,366,0.1428417167715003,2017
100929,2025-11,0,core_logistic,0.2,367,0.14239601090539,2017
101087,2025-11,0,core_logistic,0.2,368,0.1423693768655731,2017
101013,2025-11,1,core_logistic,0.2,369,0.1423391571767011,2017
101780,2025-11,0,core_logistic,0.2,370,0.1423240709215855,2017
100848,2025-11,0,core_logistic,0.2,371,0.1419847990145518,2017
100048,2025-11,0,core_logistic,0.2,372,0.1418225344095355,2017
101697,2025-11,1,core_logistic,0.2,373,0.1416225448362478,2017
101169,2025-11,0,core_logistic,0.2,374,0.1412508349321553,2017
101932,2025-11,0,core_logistic,0.2,375,0.1411449904988034,2017
100636,2025-11,0,core_logistic,0.2,376,0.1405239488495621,2017
102012,2025-11,0,core_logistic,0.2,377,0.1402774024287146,2017
101195,2025-11,0,core_logistic,0.2,378,0.1401704645777509,2017
100629,2025-11,0,core_logistic,0.2,379,0.1400941232273988,2017
101981,2025-11,0,core_logistic,0.2,380,0.1399668111487525,2017
101888,2025-11,0,core_logistic,0.2,381,0.1399057856856444,2017
101094,2025-11,0,core_logistic,0.2,382,0.1397855716175465,2017
100411,2025-11,1,core_logistic,0.2,383,0.1397011811825345,2017
101916,2025-11,0,core_logistic,0.2,384,0.1394905166253559,2017
101996,2025-11,0,core_logistic,0.2,385,0.1393129288307378,2017
100073,2025-11,0,core_logistic,0.2,386,0.1385877062471481,2017
101338,2025-11,1,core_logistic,0.2,387,0.1377940566980262,2017
101240,2025-11,0,core_logistic,0.2,388,0.13720093559767,2017
101673,2025-11,0,core_logistic,0.2,389,0.1371337329205169,2017
100792,2025-11,0,core_logistic,0.2,390,0.1368719272816436,2017
101906,2025-11,0,core_logistic,0.2,391,0.1367874610541411,2017
101223,2025-11,0,core_logistic,0.2,392,0.136547675223773,2017
101605,2025-11,0,core_logistic,0.2,393,0.1361880689645662,2017
101506,2025-11,0,core_logistic,0.2,394,0.1357080412686725,2017
100869,2025-11,0,core_logistic,0.2,395,0.1356519165472962,2017
101628,2025-11,0,core_logistic,0.2,396,0.1351842610267717,2017
102051,2025-11,0,core_logistic,0.2,397,0.1347216917260925,2017
100870,2025-11,0,core_logistic,0.2,398,0.1345598905074241,2017
100573,2025-11,0,core_logistic,0.2,399,0.1342967408594992,2017
100032,2025-11,0,core_logistic,0.2,400,0.1338955287862167,2017
100898,2025-11,0,core_logistic,0.2,401,0.1336237571363268,2017
100105,2025-11,0,core_logistic,0.2,402,0.1335753282029229,2017
100948,2025-11,0,core_logistic,0.2,403,0.1329954643695944,2017
100971,2025-11,1,core_logistic,0.2,404,0.1326259474199076,2017
100193,2025-11,0,extended_logistic,0.05,1,0.4501764435511672,2017
100774,2025-11,0,extended_logistic,0.05,2,0.4453829966384232,2017
101449,2025-11,0,extended_logistic,0.05,3,0.4375986718538027,2017
100242,2025-11,0,extended_logistic,0.05,4,0.4350822045175367,2017
102090,2025-11,1,extended_logistic,0.05,5,0.4136261347482518,2017
101474,2025-11,0,extended_logistic,0.05,6,0.3987552442736496,2017
101175,2025-11,1,extended_logistic,0.05,7,0.3942924745489209,2017
100298,2025-11,0,extended_logistic,0.05,8,0.3922498876495458,2017
101913,2025-11,0,extended_logistic,0.05,9,0.3919884124511529,2017
101886,2025-11,1,extended_logistic,0.05,10,0.3896900407252565,2017
100130,2025-11,1,extended_logistic,0.05,11,0.3840416026138016,2017
100229,2025-11,0,extended_logistic,0.05,12,0.3808081958441351,2017
101077,2025-11,0,extended_logistic,0.05,13,0.3807673361711681,2017
100775,2025-11,1,extended_logistic,0.05,14,0.3740491287501492,2017
101990,2025-11,1,extended_logistic,0.05,15,0.3680902077253593,2017
100670,2025-11,0,extended_logistic,0.05,16,0.3612958586436765,2017
101489,2025-11,0,extended_logistic,0.05,17,0.3589448428529186,2017
101704,2025-11,1,extended_logistic,0.05,18,0.3494693053322272,2017
101471,2025-11,0,extended_logistic,0.05,19,0.3486705823284053,2017
101505,2025-11,0,extended_logistic,0.05,20,0.3423596730510796,2017
100835,2025-11,1,extended_logistic,0.05,21,0.3417104665747414,2017
101776,2025-11,0,extended_logistic,0.05,22,0.3362391464336801,2017
101312,2025-11,1,extended_logistic,0.05,23,0.3350549220643343,2017
100849,2025-11,1,extended_logistic,0.05,24,0.3310340866353349,2017
101448,2025-11,1,extended_logistic,0.05,25,0.3289529959085283,2017
101045,2025-11,1,extended_logistic,0.05,26,0.3269428865695426,2017
100935,2025-11,0,extended_logistic,0.05,27,0.3262299932092146,2017
100560,2025-11,0,extended_logistic,0.05,28,0.325141160272386,2017
101684,2025-11,1,extended_logistic,0.05,29,0.3244071022810831,2017
100425,2025-11,0,extended_logistic,0.05,30,0.3224245270229308,2017
100875,2025-11,0,extended_logistic,0.05,31,0.3222972280708912,2017
102005,2025-11,0,extended_logistic,0.05,32,0.3220879524271587,2017
102096,2025-11,0,extended_logistic,0.05,33,0.3181000213963769,2017
101726,2025-11,1,extended_logistic,0.05,34,0.3174252616333319,2017
100752,2025-11,0,extended_logistic,0.05,35,0.3155596332851971,2017
101527,2025-11,0,extended_logistic,0.05,36,0.3141657126427612,2017
100453,2025-11,0,extended_logistic,0.05,37,0.3078087150219871,2017
100267,2025-11,0,extended_logistic,0.05,38,0.3077425428712173,2017
101714,2025-11,1,extended_logistic,0.05,39,0.3048068621819448,2017
100559,2025-11,0,extended_logistic,0.05,40,0.3042754150505664,2017
101319,2025-11,0,extended_logistic,0.05,41,0.30306998692797,2017
102053,2025-11,1,extended_logistic,0.05,42,0.3028008479188917,2017
101296,2025-11,0,extended_logistic,0.05,43,0.3027259829331283,2017
101437,2025-11,0,extended_logistic,0.05,44,0.2977156570535766,2017
101044,2025-11,1,extended_logistic,0.05,45,0.2967979828670052,2017
101280,2025-11,1,extended_logistic,0.05,46,0.2965882022532293,2017
101636,2025-11,0,extended_logistic,0.05,47,0.2953637274115538,2017
100029,2025-11,0,extended_logistic,0.05,48,0.2945991325568223,2017
101173,2025-11,0,extended_logistic,0.05,49,0.2928310592817039,2017
101825,2025-11,0,extended_logistic,0.05,50,0.2909800557782637,2017
100393,2025-11,1,extended_logistic,0.05,51,0.2905402660950819,2017
101761,2025-11,1,extended_logistic,0.05,52,0.286816237658872,2017
101642,2025-11,0,extended_logistic,0.05,53,0.2861322965301794,2017
102089,2025-11,1,extended_logistic,0.05,54,0.2852125312414943,2017
101154,2025-11,0,extended_logistic,0.05,55,0.2848062316028682,2017
100627,2025-11,1,extended_logistic,0.05,56,0.2822991395582192,2017
100215,2025-11,1,extended_logistic,0.05,57,0.280444281797731,2017
100968,2025-11,0,extended_logistic,0.05,58,0.2788989650468912,2017
101150,2025-11,0,extended_logistic,0.05,59,0.2778636107103209,2017
100337,2025-11,0,extended_logistic,0.05,60,0.2762942584793751,2017
100745,2025-11,0,extended_logistic,0.05,61,0.2761692737848866,2017
100704,2025-11,0,extended_logistic,0.05,62,0.2759288989619833,2017
100610,2025-11,0,extended_logistic,0.05,63,0.2753963678727167,2017
101610,2025-11,1,extended_logistic,0.05,64,0.2752415168330026,2017
100066,2025-11,0,extended_logistic,0.05,65,0.2751031589483622,2017
100303,2025-11,0,extended_logistic,0.05,66,0.272299985108866,2017
100487,2025-11,0,extended_logistic,0.05,67,0.2722154845915921,2017
101285,2025-11,0,extended_logistic,0.05,68,0.2713545350911627,2017
100361,2025-11,0,extended_logistic,0.05,69,0.2707444116064084,2017
100912,2025-11,1,extended_logistic,0.05,70,0.2681020348149289,2017
101737,2025-11,0,extended_logistic,0.05,71,0.2680930060132557,2017
101672,2025-11,0,extended_logistic,0.05,72,0.2678488580754944,2017
101084,2025-11,0,extended_logistic,0.05,73,0.2676664485153995,2017
101395,2025-11,1,extended_logistic,0.05,74,0.2667442343961659,2017
101724,2025-11,1,extended_logistic,0.05,75,0.2638620614793974,2017
100197,2025-11,0,extended_logistic,0.05,76,0.261234506030977,2017
100106,2025-11,1,extended_logistic,0.05,77,0.2601868887517482,2017
101971,2025-11,0,extended_logistic,0.05,78,0.258396773168994,2017
100686,2025-11,0,extended_logistic,0.05,79,0.2582030595350664,2017
101512,2025-11,0,extended_logistic,0.05,80,0.2581230924714581,2017
101298,2025-11,0,extended_logistic,0.05,81,0.2580563957388704,2017
101578,2025-11,0,extended_logistic,0.05,82,0.2576310148985626,2017
100484,2025-11,0,extended_logistic,0.05,83,0.2573532604884574,2017
100826,2025-11,0,extended_logistic,0.05,84,0.2570511046076787,2017
101259,2025-11,0,extended_logistic,0.05,85,0.2570021454191429,2017
101883,2025-11,0,extended_logistic,0.05,86,0.2569876867937267,2017
100698,2025-11,0,extended_logistic,0.05,87,0.2560206335797239,2017
100829,2025-11,0,extended_logistic,0.05,88,0.2539715485166006,2017
101202,2025-11,1,extended_logistic,0.05,89,0.2518207554640682,2017
101140,2025-11,0,extended_logistic,0.05,90,0.2509840411005086,2017
100892,2025-11,0,extended_logistic,0.05,91,0.2502320722647891,2017
101951,2025-11,0,extended_logistic,0.05,92,0.2499873097766541,2017
102046,2025-11,0,extended_logistic,0.05,93,0.2498021128094138,2017
100624,2025-11,1,extended_logistic,0.05,94,0.2459487672388161,2017
100787,2025-11,0,extended_logistic,0.05,95,0.2439557513499965,2017
101727,2025-11,1,extended_logistic,0.05,96,0.2431936895360765,2017
101721,2025-11,0,extended_logistic,0.05,97,0.2414522008350226,2017
100543,2025-11,0,extended_logistic,0.05,98,0.2407128984649059,2017
100729,2025-11,0,extended_logistic,0.05,99,0.2400016059355117,2017
100334,2025-11,0,extended_logistic,0.05,100,0.2395839665845352,2017
101097,2025-11,0,extended_logistic,0.05,101,0.2374237780804418,2017
100193,2025-11,0,extended_logistic,0.1,1,0.4501764435511672,2017
100774,2025-11,0,extended_logistic,0.1,2,0.4453829966384232,2017
101449,2025-11,0,extended_logistic,0.1,3,0.4375986718538027,2017
100242,2025-11,0,extended_logistic,0.1,4,0.4350822045175367,2017
102090,2025-11,1,extended_logistic,0.1,5,0.4136261347482518,2017
101474,2025-11,0,extended_logistic,0.1,6,0.3987552442736496,2017
101175,2025-11,1,extended_logistic,0.1,7,0.3942924745489209,2017
100298,2025-11,0,extended_logistic,0.1,8,0.3922498876495458,2017
101913,2025-11,0,extended_logistic,0.1,9,0.3919884124511529,2017
101886,2025-11,1,extended_logistic,0.1,10,0.3896900407252565,2017
100130,2025-11,1,extended_logistic,0.1,11,0.3840416026138016,2017
100229,2025-11,0,extended_logistic,0.1,12,0.3808081958441351,2017
101077,2025-11,0,extended_logistic,0.1,13,0.3807673361711681,2017
100775,2025-11,1,extended_logistic,0.1,14,0.3740491287501492,2017
101990,2025-11,1,extended_logistic,0.1,15,0.3680902077253593,2017
100670,2025-11,0,extended_logistic,0.1,16,0.3612958586436765,2017
101489,2025-11,0,extended_logistic,0.1,17,0.3589448428529186,2017
101704,2025-11,1,extended_logistic,0.1,18,0.3494693053322272,2017
101471,2025-11,0,extended_logistic,0.1,19,0.3486705823284053,2017
101505,2025-11,0,extended_logistic,0.1,20,0.3423596730510796,2017
100835,2025-11,1,extended_logistic,0.1,21,0.3417104665747414,2017
101776,2025-11,0,extended_logistic,0.1,22,0.3362391464336801,2017
101312,2025-11,1,extended_logistic,0.1,23,0.3350549220643343,2017
100849,2025-11,1,extended_logistic,0.1,24,0.3310340866353349,2017
101448,2025-11,1,extended_logistic,0.1,25,0.3289529959085283,2017
101045,2025-11,1,extended_logistic,0.1,26,0.3269428865695426,2017
100935,2025-11,0,extended_logistic,0.1,27,0.3262299932092146,2017
100560,2025-11,0,extended_logistic,0.1,28,0.325141160272386,2017
101684,2025-11,1,extended_logistic,0.1,29,0.3244071022810831,2017
100425,2025-11,0,extended_logistic,0.1,30,0.3224245270229308,2017
100875,2025-11,0,extended_logistic,0.1,31,0.3222972280708912,2017
102005,2025-11,0,extended_logistic,0.1,32,0.3220879524271587,2017
102096,2025-11,0,extended_logistic,0.1,33,0.3181000213963769,2017
101726,2025-11,1,extended_logistic,0.1,34,0.3174252616333319,2017
100752,2025-11,0,extended_logistic,0.1,35,0.3155596332851971,2017
101527,2025-11,0,extended_logistic,0.1,36,0.3141657126427612,2017
100453,2025-11,0,extended_logistic,0.1,37,0.3078087150219871,2017
100267,2025-11,0,extended_logistic,0.1,38,0.3077425428712173,2017
101714,2025-11,1,extended_logistic,0.1,39,0.3048068621819448,2017
100559,2025-11,0,extended_logistic,0.1,40,0.3042754150505664,2017
101319,2025-11,0,extended_logistic,0.1,41,0.30306998692797,2017
102053,2025-11,1,extended_logistic,0.1,42,0.3028008479188917,2017
101296,2025-11,0,extended_logistic,0.1,43,0.3027259829331283,2017
101437,2025-11,0,extended_logistic,0.1,44,0.2977156570535766,2017
101044,2025-11,1,extended_logistic,0.1,45,0.2967979828670052,2017
101280,2025-11,1,extended_logistic,0.1,46,0.2965882022532293,2017
101636,2025-11,0,extended_logistic,0.1,47,0.2953637274115538,2017
100029,2025-11,0,extended_logistic,0.1,48,0.2945991325568223,2017
101173,2025-11,0,extended_logistic,0.1,49,0.2928310592817039,2017
101825,2025-11,0,extended_logistic,0.1,50,0.2909800557782637,2017
100393,2025-11,1,extended_logistic,0.1,51,0.2905402660950819,2017
101761,2025-11,1,extended_logistic,0.1,52,0.286816237658872,2017
101642,2025-11,0,extended_logistic,0.1,53,0.2861322965301794,2017
102089,2025-11,1,extended_logistic,0.1,54,0.2852125312414943,2017
101154,2025-11,0,extended_logistic,0.1,55,0.2848062316028682,2017
100627,2025-11,1,extended_logistic,0.1,56,0.2822991395582192,2017
100215,2025-11,1,extended_logistic,0.1,57,0.280444281797731,2017
100968,2025-11,0,extended_logistic,0.1,58,0.2788989650468912,2017
101150,2025-11,0,extended_logistic,0.1,59,0.2778636107103209,2017
100337,2025-11,0,extended_logistic,0.1,60,0.2762942584793751,2017
100745,2025-11,0,extended_logistic,0.1,61,0.2761692737848866,2017
100704,2025-11,0,extended_logistic,0.1,62,0.2759288989619833,2017
100610,2025-11,0,extended_logistic,0.1,63,0.2753963678727167,2017
101610,2025-11,1,extended_logistic,0.1,64,0.2752415168330026,2017
100066,2025-11,0,extended_logistic,0.1,65,0.2751031589483622,2017
100303,2025-11,0,extended_logistic,0.1,66,0.272299985108866,2017
100487,2025-11,0,extended_logistic,0.1,67,0.2722154845915921,2017
101285,2025-11,0,extended_logistic,0.1,68,0.2713545350911627,2017
100361,2025-11,0,extended_logistic,0.1,69,0.2707444116064084,2017
100912,2025-11,1,extended_logistic,0.1,70,0.2681020348149289,2017
101737,2025-11,0,extended_logistic,0.1,71,0.2680930060132557,2017
101672,2025-11,0,extended_logistic,0.1,72,0.2678488580754944,2017
101084,2025-11,0,extended_logistic,0.1,73,0.2676664485153995,2017
101395,2025-11,1,extended_logistic,0.1,74,0.2667442343961659,2017
101724,2025-11,1,extended_logistic,0.1,75,0.2638620614793974,2017
100197,2025-11,0,extended_logistic,0.1,76,0.261234506030977,2017
100106,2025-11,1,extended_logistic,0.1,77,0.2601868887517482,2017
101971,2025-11,0,extended_logistic,0.1,78,0.258396773168994,2017
100686,2025-11,0,extended_logistic,0.1,79,0.2582030595350664,2017
101512,2025-11,0,extended_logistic,0.1,80,0.2581230924714581,2017
101298,2025-11,0,extended_logistic,0.1,81,0.2580563957388704,2017
101578,2025-11,0,extended_logistic,0.1,82,0.2576310148985626,2017
100484,2025-11,0,extended_logistic,0.1,83,0.2573532604884574,2017
100826,2025-11,0,extended_logistic,0.1,84,0.2570511046076787,2017
101259,2025-11,0,extended_logistic,0.1,85,0.2570021454191429,2017
101883,2025-11,0,extended_logistic,0.1,86,0.2569876867937267,2017
100698,2025-11,0,extended_logistic,0.1,87,0.2560206335797239,2017
100829,2025-11,0,extended_logistic,0.1,88,0.2539715485166006,2017
101202,2025-11,1,extended_logistic,0.1,89,0.2518207554640682,2017
101140,2025-11,0,extended_logistic,0.1,90,0.2509840411005086,2017
100892,2025-11,0,extended_logistic,0.1,91,0.2502320722647891,2017
101951,2025-11,0,extended_logistic,0.1,92,0.2499873097766541,2017
102046,2025-11,0,extended_logistic,0.1,93,0.2498021128094138,2017
100624,2025-11,1,extended_logistic,0.1,94,0.2459487672388161,2017
100787,2025-11,0,extended_logistic,0.1,95,0.2439557513499965,2017
101727,2025-11,1,extended_logistic,0.1,96,0.2431936895360765,2017
101721,2025-11,0,extended_logistic,0.1,97,0.2414522008350226,2017
100543,2025-11,0,extended_logistic,0.1,98,0.2407128984649059,2017
100729,2025-11,0,extended_logistic,0.1,99,0.2400016059355117,2017
100334,2025-11,0,extended_logistic,0.1,100,0.2395839665845352,2017
101097,2025-11,0,extended_logistic,0.1,101,0.2374237780804418,2017
100161,2025-11,0,extended_logistic,0.1,102,0.2369462890300453,2017
101368,2025-11,0,extended_logistic,0.1,103,0.2358302308895598,2017
101107,2025-11,1,extended_logistic,0.1,104,0.2353620162437491,2017
101950,2025-11,1,extended_logistic,0.1,105,0.2352189557867804,2017
101406,2025-11,0,extended_logistic,0.1,106,0.2312439377632458,2017
101011,2025-11,0,extended_logistic,0.1,107,0.2300455348382408,2017
100608,2025-11,0,extended_logistic,0.1,108,0.229551404755034,2017
101626,2025-11,0,extended_logistic,0.1,109,0.2295241998439097,2017
100143,2025-11,0,extended_logistic,0.1,110,0.2285864678795569,2017
100375,2025-11,0,extended_logistic,0.1,111,0.2277152533594468,2017
100905,2025-11,0,extended_logistic,0.1,112,0.2276360020556199,2017
101837,2025-11,0,extended_logistic,0.1,113,0.227541699660792,2017
100203,2025-11,0,extended_logistic,0.1,114,0.2272032711526162,2017
101226,2025-11,0,extended_logistic,0.1,115,0.2270773258933631,2017
101866,2025-11,0,extended_logistic,0.1,116,0.2263929402122016,2017
101336,2025-11,0,extended_logistic,0.1,117,0.2261894566055717,2017
100275,2025-11,0,extended_logistic,0.1,118,0.2251437191769931,2017
101594,2025-11,0,extended_logistic,0.1,119,0.2242471908611713,2017
100661,2025-11,1,extended_logistic,0.1,120,0.2236661171311202,2017
100727,2025-11,0,extended_logistic,0.1,121,0.2235385783819377,2017
101232,2025-11,0,extended_logistic,0.1,122,0.2228759322559087,2017
101928,2025-11,0,extended_logistic,0.1,123,0.2224406636661468,2017
100773,2025-11,0,extended_logistic,0.1,124,0.220835287637867,2017
101948,2025-11,1,extended_logistic,0.1,125,0.2207148746638347,2017
101067,2025-11,0,extended_logistic,0.1,126,0.2206504552886894,2017
101071,2025-11,0,extended_logistic,0.1,127,0.2205817860189015,2017
100772,2025-11,1,extended_logistic,0.1,128,0.2198018673553626,2017
101414,2025-11,1,extended_logistic,0.1,129,0.2194337531508381,2017
101720,2025-11,0,extended_logistic,0.1,130,0.2187200122881823,2017
100684,2025-11,0,extended_logistic,0.1,131,0.2183139705581918,2017
101124,2025-11,0,extended_logistic,0.1,132,0.2182146563943205,2017
101264,2025-11,1,extended_logistic,0.1,133,0.217752192722529,2017
100149,2025-11,1,extended_logistic,0.1,134,0.2166357972326037,2017
101500,2025-11,0,extended_logistic,0.1,135,0.2161116949571354,2017
100732,2025-11,0,extended_logistic,0.1,136,0.2159874057923244,2017
100297,2025-11,0,extended_logistic,0.1,137,0.2158786715734106,2017
101179,2025-11,0,extended_logistic,0.1,138,0.2152334221457247,2017
101932,2025-11,0,extended_logistic,0.1,139,0.2148706423429506,2017
101986,2025-11,0,extended_logistic,0.1,140,0.2143001085173601,2017
100041,2025-11,0,extended_logistic,0.1,141,0.2139660375449707,2017
100990,2025-11,0,extended_logistic,0.1,142,0.213583417163614,2017
100798,2025-11,0,extended_logistic,0.1,143,0.2134671724346269,2017
101123,2025-11,0,extended_logistic,0.1,144,0.2128578989626219,2017
101120,2025-11,0,extended_logistic,0.1,145,0.2123775295146104,2017
101857,2025-11,0,extended_logistic,0.1,146,0.2117248461141334,2017
101365,2025-11,0,extended_logistic,0.1,147,0.2111094343751912,2017
101752,2025-11,1,extended_logistic,0.1,148,0.2109497978831213,2017
100218,2025-11,0,extended_logistic,0.1,149,0.2096108787759205,2017
101466,2025-11,0,extended_logistic,0.1,150,0.2094741873315315,2017
100628,2025-11,0,extended_logistic,0.1,151,0.2094352598650027,2017
101811,2025-11,0,extended_logistic,0.1,152,0.2091442423609805,2017
101697,2025-11,1,extended_logistic,0.1,153,0.2090887492832996,2017
101885,2025-11,1,extended_logistic,0.1,154,0.2087812141452058,2017
101783,2025-11,0,extended_logistic,0.1,155,0.208553156765375,2017
102037,2025-11,0,extended_logistic,0.1,156,0.2084378178306986,2017
100017,2025-11,0,extended_logistic,0.1,157,0.2080233766339029,2017
100676,2025-11,0,extended_logistic,0.1,158,0.2061631255440658,2017
101104,2025-11,0,extended_logistic,0.1,159,0.2058216156131853,2017
100605,2025-11,0,extended_logistic,0.1,160,0.2055848498272136,2017
101145,2025-11,0,extended_logistic,0.1,161,0.2054640691352364,2017
100433,2025-11,1,extended_logistic,0.1,162,0.2052430905942009,2017
101256,2025-11,0,extended_logistic,0.1,163,0.2049170291169598,2017
101656,2025-11,1,extended_logistic,0.1,164,0.204457277881381,2017
101806,2025-11,0,extended_logistic,0.1,165,0.2042426882191116,2017
101910,2025-11,1,extended_logistic,0.1,166,0.2036352167638259,2017
102025,2025-11,0,extended_logistic,0.1,167,0.2036016058528394,2017
100002,2025-11,1,extended_logistic,0.1,168,0.2031719364478617,2017
100446,2025-11,0,extended_logistic,0.1,169,0.202638288413018,2017
101804,2025-11,0,extended_logistic,0.1,170,0.2020048350387011,2017
100768,2025-11,0,extended_logistic,0.1,171,0.2020020529983801,2017
100510,2025-11,1,extended_logistic,0.1,172,0.2012582126573131,2017
100854,2025-11,0,extended_logistic,0.1,173,0.2009974717890066,2017
101572,2025-11,1,extended_logistic,0.1,174,0.2002778229373956,2017
101447,2025-11,0,extended_logistic,0.1,175,0.2001929131458493,2017
100253,2025-11,0,extended_logistic,0.1,176,0.1994309420984312,2017
100564,2025-11,0,extended_logistic,0.1,177,0.1982987738019248,2017
100589,2025-11,1,extended_logistic,0.1,178,0.198276817868362,2017
100788,2025-11,1,extended_logistic,0.1,179,0.1978232208737162,2017
101240,2025-11,0,extended_logistic,0.1,180,0.1976329521139515,2017
101384,2025-11,0,extended_logistic,0.1,181,0.1974116204691495,2017
101598,2025-11,0,extended_logistic,0.1,182,0.197410774093915,2017
100256,2025-11,0,extended_logistic,0.1,183,0.1969161641314373,2017
101805,2025-11,0,extended_logistic,0.1,184,0.1966767753435568,2017
101946,2025-11,1,extended_logistic,0.1,185,0.1963311802972443,2017
100536,2025-11,0,extended_logistic,0.1,186,0.1953752593165513,2017
100924,2025-11,0,extended_logistic,0.1,187,0.1952883971615329,2017
102062,2025-11,1,extended_logistic,0.1,188,0.1952673537749126,2017
101411,2025-11,0,extended_logistic,0.1,189,0.1949980970155179,2017
100796,2025-11,0,extended_logistic,0.1,190,0.1949574226764951,2017
100224,2025-11,0,extended_logistic,0.1,191,0.1947886786207491,2017
100649,2025-11,0,extended_logistic,0.1,192,0.1941236306214327,2017
100880,2025-11,0,extended_logistic,0.1,193,0.1940229730746933,2017
100496,2025-11,0,extended_logistic,0.1,194,0.1939057606225476,2017
101878,2025-11,0,extended_logistic,0.1,195,0.1938779893225942,2017
101583,2025-11,0,extended_logistic,0.1,196,0.193686754985809,2017
100636,2025-11,0,extended_logistic,0.1,197,0.1920779870845579,2017
100387,2025-11,0,extended_logistic,0.1,198,0.1910049537317501,2017
101660,2025-11,0,extended_logistic,0.1,199,0.1905688516685084,2017
101419,2025-11,1,extended_logistic,0.1,200,0.1904509272879745,2017
100945,2025-11,1,extended_logistic,0.1,201,0.1904269716383232,2017
101516,2025-11,1,extended_logistic,0.1,202,0.1901064061115289,2017
100193,2025-11,0,extended_logistic,0.2,1,0.4501764435511672,2017
100774,2025-11,0,extended_logistic,0.2,2,0.4453829966384232,2017
101449,2025-11,0,extended_logistic,0.2,3,0.4375986718538027,2017
100242,2025-11,0,extended_logistic,0.2,4,0.4350822045175367,2017
102090,2025-11,1,extended_logistic,0.2,5,0.4136261347482518,2017
101474,2025-11,0,extended_logistic,0.2,6,0.3987552442736496,2017
101175,2025-11,1,extended_logistic,0.2,7,0.3942924745489209,2017
100298,2025-11,0,extended_logistic,0.2,8,0.3922498876495458,2017
101913,2025-11,0,extended_logistic,0.2,9,0.3919884124511529,2017
101886,2025-11,1,extended_logistic,0.2,10,0.3896900407252565,2017
100130,2025-11,1,extended_logistic,0.2,11,0.3840416026138016,2017
100229,2025-11,0,extended_logistic,0.2,12,0.3808081958441351,2017
101077,2025-11,0,extended_logistic,0.2,13,0.3807673361711681,2017
100775,2025-11,1,extended_logistic,0.2,14,0.3740491287501492,2017
101990,2025-11,1,extended_logistic,0.2,15,0.3680902077253593,2017
100670,2025-11,0,extended_logistic,0.2,16,0.3612958586436765,2017
101489,2025-11,0,extended_logistic,0.2,17,0.3589448428529186,2017
101704,2025-11,1,extended_logistic,0.2,18,0.3494693053322272,2017
101471,2025-11,0,extended_logistic,0.2,19,0.3486705823284053,2017
101505,2025-11,0,extended_logistic,0.2,20,0.3423596730510796,2017
100835,2025-11,1,extended_logistic,0.2,21,0.3417104665747414,2017
101776,2025-11,0,extended_logistic,0.2,22,0.3362391464336801,2017
101312,2025-11,1,extended_logistic,0.2,23,0.3350549220643343,2017
100849,2025-11,1,extended_logistic,0.2,24,0.3310340866353349,2017
101448,2025-11,1,extended_logistic,0.2,25,0.3289529959085283,2017
101045,2025-11,1,extended_logistic,0.2,26,0.3269428865695426,2017
100935,2025-11,0,extended_logistic,0.2,27,0.3262299932092146,2017
100560,2025-11,0,extended_logistic,0.2,28,0.325141160272386,2017
101684,2025-11,1,extended_logistic,0.2,29,0.3244071022810831,2017
100425,2025-11,0,extended_logistic,0.2,30,0.3224245270229308,2017
100875,2025-11,0,extended_logistic,0.2,31,0.3222972280708912,2017
102005,2025-11,0,extended_logistic,0.2,32,0.3220879524271587,2017
102096,2025-11,0,extended_logistic,0.2,33,0.3181000213963769,2017
101726,2025-11,1,extended_logistic,0.2,34,0.3174252616333319,2017
100752,2025-11,0,extended_logistic,0.2,35,0.3155596332851971,2017
101527,2025-11,0,extended_logistic,0.2,36,0.3141657126427612,2017
100453,2025-11,0,extended_logistic,0.2,37,0.3078087150219871,2017
100267,2025-11,0,extended_logistic,0.2,38,0.3077425428712173,2017
101714,2025-11,1,extended_logistic,0.2,39,0.3048068621819448,2017
100559,2025-11,0,extended_logistic,0.2,40,0.3042754150505664,2017
101319,2025-11,0,extended_logistic,0.2,41,0.30306998692797,2017
102053,2025-11,1,extended_logistic,0.2,42,0.3028008479188917,2017
101296,2025-11,0,extended_logistic,0.2,43,0.3027259829331283,2017
101437,2025-11,0,extended_logistic,0.2,44,0.2977156570535766,2017
101044,2025-11,1,extended_logistic,0.2,45,0.2967979828670052,2017
101280,2025-11,1,extended_logistic,0.2,46,0.2965882022532293,2017
101636,2025-11,0,extended_logistic,0.2,47,0.2953637274115538,2017
100029,2025-11,0,extended_logistic,0.2,48,0.2945991325568223,2017
101173,2025-11,0,extended_logistic,0.2,49,0.2928310592817039,2017
101825,2025-11,0,extended_logistic,0.2,50,0.2909800557782637,2017
100393,2025-11,1,extended_logistic,0.2,51,0.2905402660950819,2017
101761,2025-11,1,extended_logistic,0.2,52,0.286816237658872,2017
101642,2025-11,0,extended_logistic,0.2,53,0.2861322965301794,2017
102089,2025-11,1,extended_logistic,0.2,54,0.2852125312414943,2017
101154,2025-11,0,extended_logistic,0.2,55,0.2848062316028682,2017
100627,2025-11,1,extended_logistic,0.2,56,0.2822991395582192,2017
100215,2025-11,1,extended_logistic,0.2,57,0.280444281797731,2017
100968,2025-11,0,extended_logistic,0.2,58,0.2788989650468912,2017
101150,2025-11,0,extended_logistic,0.2,59,0.2778636107103209,2017
100337,2025-11,0,extended_logistic,0.2,60,0.2762942584793751,2017
100745,2025-11,0,extended_logistic,0.2,61,0.2761692737848866,2017
100704,2025-11,0,extended_logistic,0.2,62,0.2759288989619833,2017
100610,2025-11,0,extended_logistic,0.2,63,0.2753963678727167,2017
101610,2025-11,1,extended_logistic,0.2,64,0.2752415168330026,2017
100066,2025-11,0,extended_logistic,0.2,65,0.2751031589483622,2017
100303,2025-11,0,extended_logistic,0.2,66,0.272299985108866,2017
100487,2025-11,0,extended_logistic,0.2,67,0.2722154845915921,2017
101285,2025-11,0,extended_logistic,0.2,68,0.2713545350911627,2017
100361,2025-11,0,extended_logistic,0.2,69,0.2707444116064084,2017
100912,2025-11,1,extended_logistic,0.2,70,0.2681020348149289,2017
101737,2025-11,0,extended_logistic,0.2,71,0.2680930060132557,2017
101672,2025-11,0,extended_logistic,0.2,72,0.2678488580754944,2017
101084,2025-11,0,extended_logistic,0.2,73,0.2676664485153995,2017
101395,2025-11,1,extended_logistic,0.2,74,0.2667442343961659,2017
101724,2025-11,1,extended_logistic,0.2,75,0.2638620614793974,2017
100197,2025-11,0,extended_logistic,0.2,76,0.261234506030977,2017
100106,2025-11,1,extended_logistic,0.2,77,0.2601868887517482,2017
101971,2025-11,0,extended_logistic,0.2,78,0.258396773168994,2017
100686,2025-11,0,extended_logistic,0.2,79,0.2582030595350664,2017
101512,2025-11,0,extended_logistic,0.2,80,0.2581230924714581,2017
101298,2025-11,0,extended_logistic,0.2,81,0.2580563957388704,2017
101578,2025-11,0,extended_logistic,0.2,82,0.2576310148985626,2017
100484,2025-11,0,extended_logistic,0.2,83,0.2573532604884574,2017
100826,2025-11,0,extended_logistic,0.2,84,0.2570511046076787,2017
101259,2025-11,0,extended_logistic,0.2,85,0.2570021454191429,2017
101883,2025-11,0,extended_logistic,0.2,86,0.2569876867937267,2017
100698,2025-11,0,extended_logistic,0.2,87,0.2560206335797239,2017
100829,2025-11,0,extended_logistic,0.2,88,0.2539715485166006,2017
101202,2025-11,1,extended_logistic,0.2,89,0.2518207554640682,2017
101140,2025-11,0,extended_logistic,0.2,90,0.2509840411005086,2017
100892,2025-11,0,extended_logistic,0.2,91,0.2502320722647891,2017
101951,2025-11,0,extended_logistic,0.2,92,0.2499873097766541,2017
102046,2025-11,0,extended_logistic,0.2,93,0.2498021128094138,2017
100624,2025-11,1,extended_logistic,0.2,94,0.2459487672388161,2017
100787,2025-11,0,extended_logistic,0.2,95,0.2439557513499965,2017
101727,2025-11,1,extended_logistic,0.2,96,0.2431936895360765,2017
101721,2025-11,0,extended_logistic,0.2,97,0.2414522008350226,2017
100543,2025-11,0,extended_logistic,0.2,98,0.2407128984649059,2017
100729,2025-11,0,extended_logistic,0.2,99,0.2400016059355117,2017
100334,2025-11,0,extended_logistic,0.2,100,0.2395839665845352,2017
101097,2025-11,0,extended_logistic,0.2,101,0.2374237780804418,2017
100161,2025-11,0,extended_logistic,0.2,102,0.2369462890300453,2017
101368,2025-11,0,extended_logistic,0.2,103,0.2358302308895598,2017
101107,2025-11,1,extended_logistic,0.2,104,0.2353620162437491,2017
101950,2025-11,1,extended_logistic,0.2,105,0.2352189557867804,2017
101406,2025-11,0,extended_logistic,0.2,106,0.2312439377632458,2017
101011,2025-11,0,extended_logistic,0.2,107,0.2300455348382408,2017
100608,2025-11,0,extended_logistic,0.2,108,0.229551404755034,2017
101626,2025-11,0,extended_logistic,0.2,109,0.2295241998439097,2017
100143,2025-11,0,extended_logistic,0.2,110,0.2285864678795569,2017
100375,2025-11,0,extended_logistic,0.2,111,0.2277152533594468,2017
100905,2025-11,0,extended_logistic,0.2,112,0.2276360020556199,2017
101837,2025-11,0,extended_logistic,0.2,113,0.227541699660792,2017
100203,2025-11,0,extended_logistic,0.2,114,0.2272032711526162,2017
101226,2025-11,0,extended_logistic,0.2,115,0.2270773258933631,2017
101866,2025-11,0,extended_logistic,0.2,116,0.2263929402122016,2017
101336,2025-11,0,extended_logistic,0.2,117,0.2261894566055717,2017
100275,2025-11,0,extended_logistic,0.2,118,0.2251437191769931,2017
101594,2025-11,0,extended_logistic,0.2,119,0.2242471908611713,2017
100661,2025-11,1,extended_logistic,0.2,120,0.2236661171311202,2017
100727,2025-11,0,extended_logistic,0.2,121,0.2235385783819377,2017
101232,2025-11,0,extended_logistic,0.2,122,0.2228759322559087,2017
101928,2025-11,0,extended_logistic,0.2,123,0.2224406636661468,2017
100773,2025-11,0,extended_logistic,0.2,124,0.220835287637867,2017
101948,2025-11,1,extended_logistic,0.2,125,0.2207148746638347,2017
101067,2025-11,0,extended_logistic,0.2,126,0.2206504552886894,2017
101071,2025-11,0,extended_logistic,0.2,127,0.2205817860189015,2017
100772,2025-11,1,extended_logistic,0.2,128,0.2198018673553626,2017
101414,2025-11,1,extended_logistic,0.2,129,0.2194337531508381,2017
101720,2025-11,0,extended_logistic,0.2,130,0.2187200122881823,2017
100684,2025-11,0,extended_logistic,0.2,131,0.2183139705581918,2017
101124,2025-11,0,extended_logistic,0.2,132,0.2182146563943205,2017
101264,2025-11,1,extended_logistic,0.2,133,0.217752192722529,2017
100149,2025-11,1,extended_logistic,0.2,134,0.2166357972326037,2017
101500,2025-11,0,extended_logistic,0.2,135,0.2161116949571354,2017
100732,2025-11,0,extended_logistic,0.2,136,0.2159874057923244,2017
100297,2025-11,0,extended_logistic,0.2,137,0.2158786715734106,2017
101179,2025-11,0,extended_logistic,0.2,138,0.2152334221457247,2017
101932,2025-11,0,extended_logistic,0.2,139,0.2148706423429506,2017
101986,2025-11,0,extended_logistic,0.2,140,0.2143001085173601,2017
100041,2025-11,0,extended_logistic,0.2,141,0.2139660375449707,2017
100990,2025-11,0,extended_logistic,0.2,142,0.213583417163614,2017
100798,2025-11,0,extended_logistic,0.2,143,0.2134671724346269,2017
101123,2025-11,0,extended_logistic,0.2,144,0.2128578989626219,2017
101120,2025-11,0,extended_logistic,0.2,145,0.2123775295146104,2017
101857,2025-11,0,extended_logistic,0.2,146,0.2117248461141334,2017
101365,2025-11,0,extended_logistic,0.2,147,0.2111094343751912,2017
101752,2025-11,1,extended_logistic,0.2,148,0.2109497978831213,2017
100218,2025-11,0,extended_logistic,0.2,149,0.2096108787759205,2017
101466,2025-11,0,extended_logistic,0.2,150,0.2094741873315315,2017
100628,2025-11,0,extended_logistic,0.2,151,0.2094352598650027,2017
101811,2025-11,0,extended_logistic,0.2,152,0.2091442423609805,2017
101697,2025-11,1,extended_logistic,0.2,153,0.2090887492832996,2017
101885,2025-11,1,extended_logistic,0.2,154,0.2087812141452058,2017
101783,2025-11,0,extended_logistic,0.2,155,0.208553156765375,2017
102037,2025-11,0,extended_logistic,0.2,156,0.2084378178306986,2017
100017,2025-11,0,extended_logistic,0.2,157,0.2080233766339029,2017
100676,2025-11,0,extended_logistic,0.2,158,0.2061631255440658,2017
101104,2025-11,0,extended_logistic,0.2,159,0.2058216156131853,2017
100605,2025-11,0,extended_logistic,0.2,160,0.2055848498272136,2017
101145,2025-11,0,extended_logistic,0.2,161,0.2054640691352364,2017
100433,2025-11,1,extended_logistic,0.2,162,0.2052430905942009,2017
101256,2025-11,0,extended_logistic,0.2,163,0.2049170291169598,2017
101656,2025-11,1,extended_logistic,0.2,164,0.204457277881381,2017
101806,2025-11,0,extended_logistic,0.2,165,0.2042426882191116,2017
101910,2025-11,1,extended_logistic,0.2,166,0.2036352167638259,2017
102025,2025-11,0,extended_logistic,0.2,167,0.2036016058528394,2017
100002,2025-11,1,extended_logistic,0.2,168,0.2031719364478617,2017
100446,2025-11,0,extended_logistic,0.2,169,0.202638288413018,2017
101804,2025-11,0,extended_logistic,0.2,170,0.2020048350387011,2017
100768,2025-11,0,extended_logistic,0.2,171,0.2020020529983801,2017
100510,2025-11,1,extended_logistic,0.2,172,0.2012582126573131,2017
100854,2025-11,0,extended_logistic,0.2,173,0.2009974717890066,2017
101572,2025-11,1,extended_logistic,0.2,174,0.2002778229373956,2017
101447,2025-11,0,extended_logistic,0.2,175,0.2001929131458493,2017
100253,2025-11,0,extended_logistic,0.2,176,0.1994309420984312,2017
100564,2025-11,0,extended_logistic,0.2,177,0.1982987738019248,2017
100589,2025-11,1,extended_logistic,0.2,178,0.198276817868362,2017
100788,2025-11,1,extended_logistic,0.2,179,0.1978232208737162,2017
101240,2025-11,0,extended_logistic,0.2,180,0.1976329521139515,2017
101384,2025-11,0,extended_logistic,0.2,181,0.1974116204691495,2017
101598,2025-11,0,extended_logistic,0.2,182,0.197410774093915,2017
100256,2025-11,0,extended_logistic,0.2,183,0.1969161641314373,2017
101805,2025-11,0,extended_logistic,0.2,184,0.1966767753435568,2017
101946,2025-11,1,extended_logistic,0.2,185,0.1963311802972443,2017
100536,2025-11,0,extended_logistic,0.2,186,0.1953752593165513,2017
100924,2025-11,0,extended_logistic,0.2,187,0.1952883971615329,2017
102062,2025-11,1,extended_logistic,0.2,188,0.1952673537749126,2017
101411,2025-11,0,extended_logistic,0.2,189,0.1949980970155179,2017
100796,2025-11,0,extended_logistic,0.2,190,0.1949574226764951,2017
100224,2025-11,0,extended_logistic,0.2,191,0.1947886786207491,2017
100649,2025-11,0,extended_logistic,0.2,192,0.1941236306214327,2017
100880,2025-11,0,extended_logistic,0.2,193,0.1940229730746933,2017
100496,2025-11,0,extended_logistic,0.2,194,0.1939057606225476,2017
101878,2025-11,0,extended_logistic,0.2,195,0.1938779893225942,2017
101583,2025-11,0,extended_logistic,0.2,196,0.193686754985809,2017
100636,2025-11,0,extended_logistic,0.2,197,0.1920779870845579,2017
100387,2025-11,0,extended_logistic,0.2,198,0.1910049537317501,2017
101660,2025-11,0,extended_logistic,0.2,199,0.1905688516685084,2017
101419,2025-11,1,extended_logistic,0.2,200,0.1904509272879745,2017
100945,2025-11,1,extended_logistic,0.2,201,0.1904269716383232,2017
101516,2025-11,1,extended_logistic,0.2,202,0.1901064061115289,2017
101070,2025-11,0,extended_logistic,0.2,203,0.1896539408902937,2017
100308,2025-11,1,extended_logistic,0.2,204,0.1894114027763716,2017
101731,2025-11,1,extended_logistic,0.2,205,0.189104283400761,2017
101746,2025-11,1,extended_logistic,0.2,206,0.1888657527082671,2017
101001,2025-11,0,extended_logistic,0.2,207,0.1883764728788532,2017
102079,2025-11,0,extended_logistic,0.2,208,0.1882333845473042,2017
100264,2025-11,0,extended_logistic,0.2,209,0.1882170049545643,2017
101507,2025-11,1,extended_logistic,0.2,210,0.1880208254592663,2017
100078,2025-11,1,extended_logistic,0.2,211,0.1878095362124527,2017
100883,2025-11,0,extended_logistic,0.2,212,0.1870477508000452,2017
102007,2025-11,0,extended_logistic,0.2,213,0.1869839481355599,2017
100519,2025-11,0,extended_logistic,0.2,214,0.1862939674942424,2017
100579,2025-11,1,extended_logistic,0.2,215,0.1848850603553863,2017
102094,2025-11,0,extended_logistic,0.2,216,0.1843715103055434,2017
100907,2025-11,0,extended_logistic,0.2,217,0.1841864170611074,2017
101719,2025-11,0,extended_logistic,0.2,218,0.1836087492141625,2017
101137,2025-11,0,extended_logistic,0.2,219,0.1834195053351386,2017
100291,2025-11,0,extended_logistic,0.2,220,0.1833823289916016,2017
100878,2025-11,0,extended_logistic,0.2,221,0.1824289790554109,2017
100214,2025-11,0,extended_logistic,0.2,222,0.1822343515560116,2017
101036,2025-11,0,extended_logistic,0.2,223,0.182175594105412,2017
101981,2025-11,0,extended_logistic,0.2,224,0.181559789129422,2017
101888,2025-11,0,extended_logistic,0.2,225,0.1797134405664531,2017
100869,2025-11,0,extended_logistic,0.2,226,0.1787236308757497,2017
100073,2025-11,0,extended_logistic,0.2,227,0.1782290700055773,2017
101373,2025-11,0,extended_logistic,0.2,228,0.177780725953103,2017
100385,2025-11,0,extended_logistic,0.2,229,0.1777155041170799,2017
100345,2025-11,0,extended_logistic,0.2,230,0.1777032795535301,2017
101919,2025-11,1,extended_logistic,0.2,231,0.1772322891543573,2017
101692,2025-11,0,extended_logistic,0.2,232,0.1771478890047284,2017
100803,2025-11,1,extended_logistic,0.2,233,0.1769324711945694,2017
101871,2025-11,1,extended_logistic,0.2,234,0.1763999781063937,2017
100925,2025-11,1,extended_logistic,0.2,235,0.1761986245741075,2017
100015,2025-11,0,extended_logistic,0.2,236,0.1760199079834414,2017
100422,2025-11,0,extended_logistic,0.2,237,0.1759783753804571,2017
100441,2025-11,0,extended_logistic,0.2,238,0.1759423223618776,2017
100177,2025-11,0,extended_logistic,0.2,239,0.1759195244463383,2017
100958,2025-11,0,extended_logistic,0.2,240,0.1754076451052414,2017
101832,2025-11,0,extended_logistic,0.2,241,0.1744380964705864,2017
101320,2025-11,0,extended_logistic,0.2,242,0.1736679517444227,2017
102029,2025-11,0,extended_logistic,0.2,243,0.1735665426483479,2017
101302,2025-11,0,extended_logistic,0.2,244,0.1731795507778315,2017
101237,2025-11,1,extended_logistic,0.2,245,0.173017541924749,2017
100992,2025-11,0,extended_logistic,0.2,246,0.1724667485598565,2017
100817,2025-11,1,extended_logistic,0.2,247,0.1724191703517493,2017
100662,2025-11,0,extended_logistic,0.2,248,0.1722645703121995,2017
101936,2025-11,0,extended_logistic,0.2,249,0.171827161080985,2017
101350,2025-11,0,extended_logistic,0.2,250,0.1717909043296628,2017
100501,2025-11,0,extended_logistic,0.2,251,0.1717168028791987,2017
101629,2025-11,0,extended_logistic,0.2,252,0.1716329083569917,2017
100377,2025-11,0,extended_logistic,0.2,253,0.1714555364794415,2017
101076,2025-11,1,extended_logistic,0.2,254,0.170953128300519,2017
100929,2025-11,0,extended_logistic,0.2,255,0.1708797970021413,2017
100380,2025-11,0,extended_logistic,0.2,256,0.1706328329150113,2017
101287,2025-11,0,extended_logistic,0.2,257,0.170119499940504,2017
102077,2025-11,1,extended_logistic,0.2,258,0.1700916335134647,2017
101487,2025-11,0,extended_logistic,0.2,259,0.1700567998439279,2017
101301,2025-11,0,extended_logistic,0.2,260,0.1697735123161066,2017
101623,2025-11,0,extended_logistic,0.2,261,0.1696911407899619,2017
101927,2025-11,0,extended_logistic,0.2,262,0.169403890438806,2017
100452,2025-11,0,extended_logistic,0.2,263,0.1692404435014341,2017
100219,2025-11,0,extended_logistic,0.2,264,0.1689352527475811,2017
101436,2025-11,0,extended_logistic,0.2,265,0.1686933441405046,2017
100466,2025-11,0,extended_logistic,0.2,266,0.1684815314971763,2017
101391,2025-11,0,extended_logistic,0.2,267,0.1684363779850703,2017
101431,2025-11,0,extended_logistic,0.2,268,0.1684112027152891,2017
100148,2025-11,0,extended_logistic,0.2,269,0.1681186515055969,2017
100372,2025-11,0,extended_logistic,0.2,270,0.1676799514689484,2017
100145,2025-11,0,extended_logistic,0.2,271,0.1675989533292972,2017
101423,2025-11,1,extended_logistic,0.2,272,0.1675095205126876,2017
100694,2025-11,0,extended_logistic,0.2,273,0.1672388702504234,2017
101421,2025-11,1,extended_logistic,0.2,274,0.1671789181605525,2017
101952,2025-11,1,extended_logistic,0.2,275,0.1669425399731041,2017
100332,2025-11,0,extended_logistic,0.2,276,0.1666983042075869,2017
100626,2025-11,0,extended_logistic,0.2,277,0.166471500557248,2017
100067,2025-11,0,extended_logistic,0.2,278,0.1663381075447636,2017
101753,2025-11,0,extended_logistic,0.2,279,0.1658392251725951,2017
100973,2025-11,0,extended_logistic,0.2,280,0.1656281227774333,2017
101182,2025-11,0,extended_logistic,0.2,281,0.1651070117997476,2017
101670,2025-11,0,extended_logistic,0.2,282,0.1650360242496577,2017
101619,2025-11,0,extended_logistic,0.2,283,0.1647832903036096,2017
101909,2025-11,0,extended_logistic,0.2,284,0.1641514777095163,2017
100206,2025-11,0,extended_logistic,0.2,285,0.1639529390145369,2017
101152,2025-11,1,extended_logistic,0.2,286,0.1638999837110183,2017
101229,2025-11,0,extended_logistic,0.2,287,0.1636833246345431,2017
101441,2025-11,0,extended_logistic,0.2,288,0.1636381506154114,2017
100079,2025-11,0,extended_logistic,0.2,289,0.1633316017572635,2017
100818,2025-11,0,extended_logistic,0.2,290,0.1632388162886272,2017
101122,2025-11,0,extended_logistic,0.2,291,0.1629579667078769,2017
100815,2025-11,0,extended_logistic,0.2,292,0.1622580517166912,2017
101019,2025-11,0,extended_logistic,0.2,293,0.1620270359443449,2017
101393,2025-11,0,extended_logistic,0.2,294,0.1618543201368653,2017
101499,2025-11,0,extended_logistic,0.2,295,0.1617602154421373,2017
101901,2025-11,0,extended_logistic,0.2,296,0.1615012944049294,2017
100592,2025-11,0,extended_logistic,0.2,297,0.1610218096370791,2017
100178,2025-11,0,extended_logistic,0.2,298,0.1603360271159272,2017
100581,2025-11,0,extended_logistic,0.2,299,0.1600429776799342,2017
100411,2025-11,1,extended_logistic,0.2,300,0.1596844172888337,2017
102081,2025-11,0,extended_logistic,0.2,301,0.159469718648094,2017
101266,2025-11,0,extended_logistic,0.2,302,0.1592519723324599,2017
102063,2025-11,0,extended_logistic,0.2,303,0.1590263136919417,2017
100555,2025-11,0,extended_logistic,0.2,304,0.1586855325940284,2017
100514,2025-11,0,extended_logistic,0.2,305,0.1578976392164369,2017
100644,2025-11,0,extended_logistic,0.2,306,0.1577485125532745,2017
101332,2025-11,0,extended_logistic,0.2,307,0.1577238958544936,2017
101945,2025-11,0,extended_logistic,0.2,308,0.1574943945476417,2017
100629,2025-11,0,extended_logistic,0.2,309,0.1572617047765714,2017
101638,2025-11,0,extended_logistic,0.2,310,0.1572141549376416,2017
100112,2025-11,1,extended_logistic,0.2,311,0.1570238735939705,2017
101435,2025-11,0,extended_logistic,0.2,312,0.1563229993969646,2017
101169,2025-11,0,extended_logistic,0.2,313,0.1558760131453186,2017
100947,2025-11,0,extended_logistic,0.2,314,0.1554994408993881,2017
101541,2025-11,1,extended_logistic,0.2,315,0.1554066467544568,2017
101547,2025-11,0,extended_logistic,0.2,316,0.154678999022846,2017
100946,2025-11,0,extended_logistic,0.2,317,0.1544635595792158,2017
101615,2025-11,0,extended_logistic,0.2,318,0.1542632446046641,2017
101338,2025-11,1,extended_logistic,0.2,319,0.1539372102282206,2017
100647,2025-11,0,extended_logistic,0.2,320,0.1538363924788342,2017
100653,2025-11,0,extended_logistic,0.2,321,0.152886761544101,2017
100877,2025-11,0,extended_logistic,0.2,322,0.1520571048567438,2017
100919,2025-11,0,extended_logistic,0.2,323,0.1518281639249223,2017
101349,2025-11,0,extended_logistic,0.2,324,0.1517859941532182,2017
100789,2025-11,1,extended_logistic,0.2,325,0.1514379124727778,2017
100572,2025-11,0,extended_logistic,0.2,326,0.1508804309781863,2017
101144,2025-11,0,extended_logistic,0.2,327,0.1507697011754111,2017
100985,2025-11,0,extended_logistic,0.2,328,0.1506905465681493,2017
100064,2025-11,1,extended_logistic,0.2,329,0.1506735053850741,2017
100300,2025-11,0,extended_logistic,0.2,330,0.1499944159904142,2017
102051,2025-11,0,extended_logistic,0.2,331,0.1499301393828032,2017
101772,2025-11,0,extended_logistic,0.2,332,0.149663256196012,2017
101579,2025-11,0,extended_logistic,0.2,333,0.1495633835348954,2017
100369,2025-11,0,extended_logistic,0.2,334,0.1493327851601134,2017
102067,2025-11,0,extended_logistic,0.2,335,0.1492932748858645,2017
101311,2025-11,0,extended_logistic,0.2,336,0.1491733462584978,2017
100034,2025-11,0,extended_logistic,0.2,337,0.1491334641743856,2017
100792,2025-11,0,extended_logistic,0.2,338,0.1491178412034804,2017
100665,2025-11,0,extended_logistic,0.2,339,0.1488989500100598,2017
100609,2025-11,0,extended_logistic,0.2,340,0.1485395736890664,2017
101903,2025-11,0,extended_logistic,0.2,341,0.1481189281506141,2017
101876,2025-11,0,extended_logistic,0.2,342,0.1479800327129354,2017
101858,2025-11,0,extended_logistic,0.2,343,0.1478788112442423,2017
100166,2025-11,0,extended_logistic,0.2,344,0.1476662902581333,2017
101791,2025-11,0,extended_logistic,0.2,345,0.1471584870999998,2017
101195,2025-11,0,extended_logistic,0.2,346,0.1462986579894696,2017
101502,2025-11,1,extended_logistic,0.2,347,0.1452460400733734,2017
100259,2025-11,0,extended_logistic,0.2,348,0.1444941577291193,2017
101327,2025-11,1,extended_logistic,0.2,349,0.1442031409535986,2017
102012,2025-11,0,extended_logistic,0.2,350,0.1437849795089966,2017
101906,2025-11,0,extended_logistic,0.2,351,0.1435229949923214,2017
101798,2025-11,0,extended_logistic,0.2,352,0.1433657099332793,2017
101647,2025-11,0,extended_logistic,0.2,353,0.1429047628062258,2017
101465,2025-11,1,extended_logistic,0.2,354,0.1426562022839899,2017
100139,2025-11,0,extended_logistic,0.2,355,0.1425565693962151,2017
101270,2025-11,0,extended_logistic,0.2,356,0.1422109744263957,2017
100731,2025-11,0,extended_logistic,0.2,357,0.1422035114108047,2017
101673,2025-11,0,extended_logistic,0.2,358,0.1406721360299214,2017
100225,2025-11,0,extended_logistic,0.2,359,0.1406609799207846,2017
100823,2025-11,0,extended_logistic,0.2,360,0.1405603031419929,2017
100443,2025-11,0,extended_logistic,0.2,361,0.1400700746991589,2017
100664,2025-11,0,extended_logistic,0.2,362,0.1396877588184533,2017
101780,2025-11,0,extended_logistic,0.2,363,0.1395452203664012,2017
101848,2025-11,0,extended_logistic,0.2,364,0.1391184075570729,2017
101645,2025-11,0,extended_logistic,0.2,365,0.1389539344856448,2017
102078,2025-11,0,extended_logistic,0.2,366,0.1383691095850241,2017
101831,2025-11,0,extended_logistic,0.2,367,0.1382583803825768,2017
101216,2025-11,0,extended_logistic,0.2,368,0.1382365195282863,2017
100006,2025-11,0,extended_logistic,0.2,369,0.138213744438067,2017
101219,2025-11,0,extended_logistic,0.2,370,0.1382099375554965,2017
101944,2025-11,0,extended_logistic,0.2,371,0.1377553020533467,2017
100407,2025-11,0,extended_logistic,0.2,372,0.1376252757397113,2017
100726,2025-11,0,extended_logistic,0.2,373,0.1375727734862551,2017
100122,2025-11,0,extended_logistic,0.2,374,0.1375225712452062,2017
100744,2025-11,0,extended_logistic,0.2,375,0.1374780138926638,2017
101514,2025-11,0,extended_logistic,0.2,376,0.1368627255571513,2017
100832,2025-11,0,extended_logistic,0.2,377,0.1367199158456892,2017
101628,2025-11,0,extended_logistic,0.2,378,0.1366464395216707,2017
100587,2025-11,0,extended_logistic,0.2,379,0.1365622367343588,2017
100492,2025-11,0,extended_logistic,0.2,380,0.1361444389911276,2017
101509,2025-11,0,extended_logistic,0.2,381,0.1359164003790992,2017
101763,2025-11,0,extended_logistic,0.2,382,0.135892300000493,2017
100891,2025-11,0,extended_logistic,0.2,383,0.1355316231229138,2017
100052,2025-11,0,extended_logistic,0.2,384,0.1352058358869347,2017
100171,2025-11,0,extended_logistic,0.2,385,0.1351980971285448,2017
100846,2025-11,0,extended_logistic,0.2,386,0.1348277608660905,2017
101164,2025-11,1,extended_logistic,0.2,387,0.1347182817948713,2017
100283,2025-11,0,extended_logistic,0.2,388,0.1346292134911788,2017
101083,2025-11,0,extended_logistic,0.2,389,0.1345638807063941,2017
100848,2025-11,0,extended_logistic,0.2,390,0.1341665059949096,2017
101322,2025-11,0,extended_logistic,0.2,391,0.133920252539775,2017
100032,2025-11,0,extended_logistic,0.2,392,0.1338919735964349,2017
100977,2025-11,1,extended_logistic,0.2,393,0.133582798691853,2017
101233,2025-11,0,extended_logistic,0.2,394,0.133416250240558,2017
101854,2025-11,0,extended_logistic,0.2,395,0.1332659999530616,2017
102058,2025-11,0,extended_logistic,0.2,396,0.1332329563540723,2017
100593,2025-11,0,extended_logistic,0.2,397,0.1331214691918415,2017
100952,2025-11,0,extended_logistic,0.2,398,0.1330388733289927,2017
100245,2025-11,0,extended_logistic,0.2,399,0.1329311035149358,2017
101702,2025-11,0,extended_logistic,0.2,400,0.1327996287756282,2017
100276,2025-11,0,extended_logistic,0.2,401,0.1327460105859032,2017
101529,2025-11,0,extended_logistic,0.2,402,0.1324853138080894,2017
101353,2025-11,0,extended_logistic,0.2,403,0.1324551903679666,2017
101117,2025-11,0,extended_logistic,0.2,404,0.1322933924630285,2017
101569,2025-12,0,decile,0.05,1,1.0,2022
102063,2025-12,0,decile,0.05,2,1.0,2022
101382,2025-12,0,decile,0.05,3,1.0,2022
100610,2025-12,1,decile,0.05,4,1.0,2022
101738,2025-12,1,decile,0.05,5,1.0,2022
100340,2025-12,0,decile,0.05,6,1.0,2022
101222,2025-12,0,decile,0.05,7,1.0,2022
100256,2025-12,1,decile,0.05,8,1.0,2022
101448,2025-12,1,decile,0.05,9,1.0,2022
101746,2025-12,0,decile,0.05,10,1.0,2022
101447,2025-12,0,decile,0.05,11,1.0,2022
101449,2025-12,0,decile,0.05,12,1.0,2022
101309,2025-12,0,decile,0.05,13,1.0,2022
101772,2025-12,0,decile,0.05,14,1.0,2022
100901,2025-12,0,decile,0.05,15,1.0,2022
100041,2025-12,0,decile,0.05,16,1.0,2022
101857,2025-12,1,decile,0.05,17,1.0,2022
102044,2025-12,0,decile,0.05,18,1.0,2022
101726,2025-12,1,decile,0.05,19,1.0,2022
100892,2025-12,0,decile,0.05,20,1.0,2022
101783,2025-12,0,decile,0.05,21,1.0,2022
100508,2025-12,0,decile,0.05,22,1.0,2022
100361,2025-12,0,decile,0.05,23,1.0,2022
101365,2025-12,0,decile,0.05,24,1.0,2022
101916,2025-12,0,decile,0.05,25,1.0,2022
101437,2025-12,0,decile,0.05,26,1.0,2022
100229,2025-12,0,decile,0.05,27,1.0,2022
101761,2025-12,0,decile,0.05,28,1.0,2022
100670,2025-12,1,decile,0.05,29,1.0,2022
101909,2025-12,0,decile,0.05,30,1.0,2022
101798,2025-12,0,decile,0.05,31,1.0,2022
101613,2025-12,1,decile,0.05,32,1.0,2022
101087,2025-12,1,decile,0.05,33,1.0,2022
100115,2025-12,0,decile,0.05,34,1.0,2022
101965,2025-12,0,decile,0.05,35,1.0,2022
101543,2025-12,0,decile,0.05,36,1.0,2022
101684,2025-12,0,decile,0.05,37,1.0,2022
100579,2025-12,0,decile,0.05,38,1.0,2022
100823,2025-12,1,decile,0.05,39,1.0,2022
101578,2025-12,0,decile,0.05,40,1.0,2022
101788,2025-12,0,decile,0.05,41,1.0,2022
101228,2025-12,0,decile,0.05,42,1.0,2022
101071,2025-12,0,decile,0.05,43,1.0,2022
100817,2025-12,0,decile,0.05,44,1.0,2022
100296,2025-12,0,decile,0.05,45,1.0,2022
100585,2025-12,0,decile,0.05,46,1.0,2022
102079,2025-12,0,decile,0.05,47,1.0,2022
101097,2025-12,0,decile,0.05,48,1.0,2022
101246,2025-12,0,decile,0.05,49,1.0,2022
100104,2025-12,0,decile,0.05,50,1.0,2022
100564,2025-12,0,decile,0.05,51,1.0,2022
102025,2025-12,0,decile,0.05,52,1.0,2022
102081,2025-12,0,decile,0.05,53,1.0,2022
101811,2025-12,0,decile,0.05,54,1.0,2022
100608,2025-12,0,decile,0.05,55,1.0,2022
100175,2025-12,0,decile,0.05,56,1.0,2022
100215,2025-12,0,decile,0.05,57,1.0,2022
101871,2025-12,0,decile,0.05,58,1.0,2022
100056,2025-12,0,decile,0.05,59,1.0,2022
101077,2025-12,0,decile,0.05,60,1.0,2022
101160,2025-12,0,decile,0.05,61,1.0,2022
100166,2025-12,0,decile,0.05,62,1.0,2022
101280,2025-12,1,decile,0.05,63,1.0,2022
100694,2025-12,0,decile,0.05,64,1.0,2022
100627,2025-12,0,decile,0.05,65,1.0,2022
101971,2025-12,0,decile,0.05,66,1.0,2022
100485,2025-12,0,decile,0.05,67,1.0,2022
100684,2025-12,0,decile,0.05,68,1.0,2022
101839,2025-12,0,decile,0.05,69,1.0,2022
101704,2025-12,1,decile,0.05,70,1.0,2022
100704,2025-12,0,decile,0.05,71,1.0,2022
101890,2025-12,0,decile,0.05,72,1.0,2022
101888,2025-12,0,decile,0.05,73,1.0,2022
100334,2025-12,1,decile,0.05,74,1.0,2022
100877,2025-12,0,decile,0.05,75,1.0,2022
101607,2025-12,0,decile,0.05,76,1.0,2022
100752,2025-12,0,decile,0.05,77,1.0,2022
100744,2025-12,0,decile,0.05,78,1.0,2022
100745,2025-12,0,decile,0.05,79,1.0,2022
101752,2025-12,0,decile,0.05,80,1.0,2022
101878,2025-12,0,decile,0.05,81,1.0,2022
100990,2025-12,0,decile,0.05,82,1.0,2022
101412,2025-12,0,decile,0.05,83,1.0,2022
100992,2025-12,1,decile,0.05,84,1.0,2022
101173,2025-12,0,decile,0.05,85,1.0,2022
101455,2025-12,0,decile,0.05,86,1.0,2022
100968,2025-12,0,decile,0.05,87,1.0,2022
101990,2025-12,0,decile,0.05,88,1.0,2022
101350,2025-12,0,decile,0.05,89,1.0,2022
100925,2025-12,0,decile,0.05,90,1.0,2022
102037,2025-12,0,decile,0.05,91,1.0,2022
101044,2025-12,1,decile,0.05,92,1.0,2022
100216,2025-12,0,decile,0.05,93,1.0,2022
102053,2025-12,0,decile,0.05,94,1.0,2022
100422,2025-12,1,decile,0.05,95,1.0,2022
101527,2025-12,1,decile,0.05,96,1.0,2022
102078,2025-12,0,decile,0.05,97,1.0,2022
100066,2025-12,0,decile,0.05,98,1.0,2022
101471,2025-12,1,decile,0.05,99,1.0,2022
100876,2025-12,1,decile,0.05,100,1.0,2022
101598,2025-12,0,decile,0.05,101,1.0,2022
101660,2025-12,1,decile,0.05,102,1.0,2022
101569,2025-12,0,decile,0.1,1,1.0,2022
102063,2025-12,0,decile,0.1,2,1.0,2022
101382,2025-12,0,decile,0.1,3,1.0,2022
100610,2025-12,1,decile,0.1,4,1.0,2022
101738,2025-12,1,decile,0.1,5,1.0,2022
100340,2025-12,0,decile,0.1,6,1.0,2022
101222,2025-12,0,decile,0.1,7,1.0,2022
100256,2025-12,1,decile,0.1,8,1.0,2022
101448,2025-12,1,decile,0.1,9,1.0,2022
101746,2025-12,0,decile,0.1,10,1.0,2022
101447,2025-12,0,decile,0.1,11,1.0,2022
101449,2025-12,0,decile,0.1,12,1.0,2022
101309,2025-12,0,decile,0.1,13,1.0,2022
101772,2025-12,0,decile,0.1,14,1.0,2022
100901,2025-12,0,decile,0.1,15,1.0,2022
100041,2025-12,0,decile,0.1,16,1.0,2022
101857,2025-12,1,decile,0.1,17,1.0,2022
102044,2025-12,0,decile,0.1,18,1.0,2022
101726,2025-12,1,decile,0.1,19,1.0,2022
100892,2025-12,0,decile,0.1,20,1.0,2022
101783,2025-12,0,decile,0.1,21,1.0,2022
100508,2025-12,0,decile,0.1,22,1.0,2022
100361,2025-12,0,decile,0.1,23,1.0,2022
101365,2025-12,0,decile,0.1,24,1.0,2022
101916,2025-12,0,decile,0.1,25,1.0,2022
101437,2025-12,0,decile,0.1,26,1.0,2022
100229,2025-12,0,decile,0.1,27,1.0,2022
101761,2025-12,0,decile,0.1,28,1.0,2022
100670,2025-12,1,decile,0.1,29,1.0,2022
101909,2025-12,0,decile,0.1,30,1.0,2022
101798,2025-12,0,decile,0.1,31,1.0,2022
101613,2025-12,1,decile,0.1,32,1.0,2022
101087,2025-12,1,decile,0.1,33,1.0,2022
100115,2025-12,0,decile,0.1,34,1.0,2022
101965,2025-12,0,decile,0.1,35,1.0,2022
101543,2025-12,0,decile,0.1,36,1.0,2022
101684,2025-12,0,decile,0.1,37,1.0,2022
100579,2025-12,0,decile,0.1,38,1.0,2022
100823,2025-12,1,decile,0.1,39,1.0,2022
101578,2025-12,0,decile,0.1,40,1.0,2022
101788,2025-12,0,decile,0.1,41,1.0,2022
101228,2025-12,0,decile,0.1,42,1.0,2022
101071,2025-12,0,decile,0.1,43,1.0,2022
100817,2025-12,0,decile,0.1,44,1.0,2022
100296,2025-12,0,decile,0.1,45,1.0,2022
100585,2025-12,0,decile,0.1,46,1.0,2022
102079,2025-12,0,decile,0.1,47,1.0,2022
101097,2025-12,0,decile,0.1,48,1.0,2022
101246,2025-12,0,decile,0.1,49,1.0,2022
100104,2025-12,0,decile,0.1,50,1.0,2022
100564,2025-12,0,decile,0.1,51,1.0,2022
102025,2025-12,0,decile,0.1,52,1.0,2022
102081,2025-12,0,decile,0.1,53,1.0,2022
101811,2025-12,0,decile,0.1,54,1.0,2022
100608,2025-12,0,decile,0.1,55,1.0,2022
100175,2025-12,0,decile,0.1,56,1.0,2022
100215,2025-12,0,decile,0.1,57,1.0,2022
101871,2025-12,0,decile,0.1,58,1.0,2022
100056,2025-12,0,decile,0.1,59,1.0,2022
101077,2025-12,0,decile,0.1,60,1.0,2022
101160,2025-12,0,decile,0.1,61,1.0,2022
100166,2025-12,0,decile,0.1,62,1.0,2022
101280,2025-12,1,decile,0.1,63,1.0,2022
100694,2025-12,0,decile,0.1,64,1.0,2022
100627,2025-12,0,decile,0.1,65,1.0,2022
101971,2025-12,0,decile,0.1,66,1.0,2022
100485,2025-12,0,decile,0.1,67,1.0,2022
100684,2025-12,0,decile,0.1,68,1.0,2022
101839,2025-12,0,decile,0.1,69,1.0,2022
101704,2025-12,1,decile,0.1,70,1.0,2022
100704,2025-12,0,decile,0.1,71,1.0,2022
101890,2025-12,0,decile,0.1,72,1.0,2022
101888,2025-12,0,decile,0.1,73,1.0,2022
100334,2025-12,1,decile,0.1,74,1.0,2022
100877,2025-12,0,decile,0.1,75,1.0,2022
101607,2025-12,0,decile,0.1,76,1.0,2022
100752,2025-12,0,decile,0.1,77,1.0,2022
100744,2025-12,0,decile,0.1,78,1.0,2022
100745,2025-12,0,decile,0.1,79,1.0,2022
101752,2025-12,0,decile,0.1,80,1.0,2022
101878,2025-12,0,decile,0.1,81,1.0,2022
100990,2025-12,0,decile,0.1,82,1.0,2022
101412,2025-12,0,decile,0.1,83,1.0,2022
100992,2025-12,1,decile,0.1,84,1.0,2022
101173,2025-12,0,decile,0.1,85,1.0,2022
101455,2025-12,0,decile,0.1,86,1.0,2022
100968,2025-12,0,decile,0.1,87,1.0,2022
101990,2025-12,0,decile,0.1,88,1.0,2022
101350,2025-12,0,decile,0.1,89,1.0,2022
100925,2025-12,0,decile,0.1,90,1.0,2022
102037,2025-12,0,decile,0.1,91,1.0,2022
101044,2025-12,1,decile,0.1,92,1.0,2022
100216,2025-12,0,decile,0.1,93,1.0,2022
102053,2025-12,0,decile,0.1,94,1.0,2022
100422,2025-12,1,decile,0.1,95,1.0,2022
101527,2025-12,1,decile,0.1,96,1.0,2022
102078,2025-12,0,decile,0.1,97,1.0,2022
100066,2025-12,0,decile,0.1,98,1.0,2022
101471,2025-12,1,decile,0.1,99,1.0,2022
100876,2025-12,1,decile,0.1,100,1.0,2022
101598,2025-12,0,decile,0.1,101,1.0,2022
101660,2025-12,1,decile,0.1,102,1.0,2022
100829,2025-12,0,decile,0.1,103,1.0,2022
100267,2025-12,0,decile,0.1,104,1.0,2022
101259,2025-12,0,decile,0.1,105,1.0,2022
100777,2025-12,0,decile,0.1,106,1.0,2022
102067,2025-12,0,decile,0.1,107,1.0,2022
100519,2025-12,0,decile,0.1,108,1.0,2022
102029,2025-12,0,decile,0.1,109,1.0,2022
100592,2025-12,0,decile,0.1,110,1.0,2022
100686,2025-12,0,decile,0.1,111,1.0,2022
100678,2025-12,0,decile,0.1,112,1.0,2022
102089,2025-12,0,decile,0.1,113,1.0,2022
101676,2025-12,0,decile,0.1,114,1.0,2022
100073,2025-12,1,decile,0.1,115,1.0,2022
100170,2025-12,0,decile,0.1,116,1.0,2022
101645,2025-12,0,decile,0.1,117,1.0,2022
102051,2025-12,0,decile,0.1,118,1.0,2022
101202,2025-12,1,decile,0.1,119,1.0,2022
102090,2025-12,0,decile,0.1,120,1.0,2022
101928,2025-12,0,decile,0.1,121,1.0,2022
101952,2025-12,0,decile,0.1,122,1.0,2022
101154,2025-12,1,decile,0.1,123,1.0,2022
100275,2025-12,1,decile,0.1,124,1.0,2022
100624,2025-12,0,decile,0.1,125,1.0,2022
100214,2025-12,0,decile,0.1,126,1.0,2022
101379,2025-12,0,decile,0.1,127,1.0,2022
100453,2025-12,1,decile,0.1,128,1.0,2022
101692,2025-12,0,decile,0.1,129,1.0,2022
101084,2025-12,0,decile,0.1,130,1.0,2022
100015,2025-12,0,decile,0.1,131,1.0,2022
101837,2025-12,0,decile,0.1,132,1.0,2022
100123,2025-12,0,decile,0.1,133,1.0,2022
100665,2025-12,0,decile,0.1,134,1.0,2022
101301,2025-12,0,decile,0.1,135,1.0,2022
101319,2025-12,0,decile,0.1,136,1.0,2022
102019,2025-12,0,decile,0.1,137,1.0,2022
100616,2025-12,0,decile,0.1,138,1.0,2022
101642,2025-12,1,decile,0.1,139,1.0,2022
101466,2025-12,0,decile,0.1,140,1.0,2022
100878,2025-12,0,decile,0.1,141,1.0,2022
101945,2025-12,1,decile,0.1,142,1.0,2022
101601,2025-12,0,decile,0.1,143,1.0,2022
102096,2025-12,0,decile,0.1,144,1.0,2022
101656,2025-12,1,decile,0.1,145,1.0,2022
100017,2025-12,1,decile,0.1,146,1.0,2022
100774,2025-12,0,decile,0.1,147,1.0,2022
101690,2025-12,0,decile,0.1,148,1.0,2022
100636,2025-12,0,decile,0.1,149,1.0,2022
101913,2025-12,0,decile,0.1,150,1.0,2022
100587,2025-12,0,decile,0.1,151,1.0,2022
100078,2025-12,0,decile,0.1,152,1.0,2022
100487,2025-12,0,decile,0.1,153,1.0,2022
100702,2025-12,0,decile,0.1,154,1.0,2022
100977,2025-12,0,decile,0.1,155,1.0,2022
100298,2025-12,0,decile,0.1,156,1.0,2022
100672,2025-12,0,decile,0.1,157,1.0,2022
101305,2025-12,0,decile,0.1,158,1.0,2022
101282,2025-12,0,decile,0.1,159,1.0,2022
101489,2025-12,0,decile,0.1,160,1.0,2022
102094,2025-12,0,decile,0.1,161,1.0,2022
101320,2025-12,0,decile,0.1,162,1.0,2022
101639,2025-12,0,decile,0.1,163,1.0,2022
101414,2025-12,0,decile,0.1,164,1.0,2022
101124,2025-12,1,decile,0.1,165,1.0,2022
100644,2025-12,0,decile,0.1,166,1.0,2022
100854,2025-12,0,decile,0.1,167,1.0,2022
101886,2025-12,0,decile,0.1,168,1.0,2022
100161,2025-12,1,decile,0.1,169,1.0,2022
100775,2025-12,1,decile,0.1,170,1.0,2022
101505,2025-12,0,decile,0.1,171,1.0,2022
100708,2025-12,0,decile,0.1,172,1.0,2022
101638,2025-12,0,decile,0.1,173,1.0,2022
100650,2025-12,0,decile,0.1,174,1.0,2022
100477,2025-12,0,decile,0.1,175,1.0,2022
101727,2025-12,0,decile,0.1,176,1.0,2022
100773,2025-12,0,decile,0.1,177,1.0,2022
101776,2025-12,0,decile,0.1,178,1.0,2022
100148,2025-12,1,decile,0.1,179,1.0,2022
100300,2025-12,0,decile,0.1,180,1.0,2022
101709,2025-12,0,decile,0.1,181,1.0,2022
100724,2025-12,1,decile,0.1,182,1.0,2022
101478,2025-12,0,decile,0.1,183,1.0,2022
100197,2025-12,0,decile,0.1,184,1.0,2022
100560,2025-12,1,decile,0.1,185,1.0,2022
101516,2025-12,0,decile,0.1,186,1.0,2022
100795,2025-12,0,decile,0.1,187,1.0,2022
101067,2025-12,0,decile,0.1,188,1.0,2022
101276,2025-12,0,decile,0.1,189,1.0,2022
101005,2025-12,0,decile,0.1,190,1.0,2022
100242,2025-12,0,decile,0.1,191,1.0,2022
100559,2025-12,0,decile,0.1,192,1.0,2022
100322,2025-12,0,decile,0.1,193,1.0,2022
100145,2025-12,0,decile,0.1,194,1.0,2022
100661,2025-12,0,decile,0.1,195,1.0,2022
100919,2025-12,0,decile,0.1,196,1.0,2022
100609,2025-12,0,decile,0.1,197,1.0,2022
100882,2025-12,0,decile,0.1,198,1.0,2022
101883,2025-12,1,decile,0.1,199,1.0,2022
100936,2025-12,0,decile,0.1,200,1.0,2022
100276,2025-12,1,decile,0.1,201,1.0,2022
101406,2025-12,0,decile,0.1,202,1.0,2022
101724,2025-12,0,decile,0.1,203,1.0,2022
101569,2025-12,0,decile,0.2,1,1.0,2022
102063,2025-12,0,decile,0.2,2,1.0,2022
101382,2025-12,0,decile,0.2,3,1.0,2022
100610,2025-12,1,decile,0.2,4,1.0,2022
101738,2025-12,1,decile,0.2,5,1.0,2022
100340,2025-12,0,decile,0.2,6,1.0,2022
101222,2025-12,0,decile,0.2,7,1.0,2022
100256,2025-12,1,decile,0.2,8,1.0,2022
101448,2025-12,1,decile,0.2,9,1.0,2022
101746,2025-12,0,decile,0.2,10,1.0,2022
101447,2025-12,0,decile,0.2,11,1.0,2022
101449,2025-12,0,decile,0.2,12,1.0,2022
101309,2025-12,0,decile,0.2,13,1.0,2022
101772,2025-12,0,decile,0.2,14,1.0,2022
100901,2025-12,0,decile,0.2,15,1.0,2022
100041,2025-12,0,decile,0.2,16,1.0,2022
101857,2025-12,1,decile,0.2,17,1.0,2022
102044,2025-12,0,decile,0.2,18,1.0,2022
101726,2025-12,1,decile,0.2,19,1.0,2022
100892,2025-12,0,decile,0.2,20,1.0,2022
101783,2025-12,0,decile,0.2,21,1.0,2022
100508,2025-12,0,decile,0.2,22,1.0,2022
100361,2025-12,0,decile,0.2,23,1.0,2022
101365,2025-12,0,decile,0.2,24,1.0,2022
101916,2025-12,0,decile,0.2,25,1.0,2022
101437,2025-12,0,decile,0.2,26,1.0,2022
100229,2025-12,0,decile,0.2,27,1.0,2022
101761,2025-12,0,decile,0.2,28,1.0,2022
100670,2025-12,1,decile,0.2,29,1.0,2022
101909,2025-12,0,decile,0.2,30,1.0,2022
101798,2025-12,0,decile,0.2,31,1.0,2022
101613,2025-12,1,decile,0.2,32,1.0,2022
101087,2025-12,1,decile,0.2,33,1.0,2022
100115,2025-12,0,decile,0.2,34,1.0,2022
101965,2025-12,0,decile,0.2,35,1.0,2022
101543,2025-12,0,decile,0.2,36,1.0,2022
101684,2025-12,0,decile,0.2,37,1.0,2022
100579,2025-12,0,decile,0.2,38,1.0,2022
100823,2025-12,1,decile,0.2,39,1.0,2022
101578,2025-12,0,decile,0.2,40,1.0,2022
101788,2025-12,0,decile,0.2,41,1.0,2022
101228,2025-12,0,decile,0.2,42,1.0,2022
101071,2025-12,0,decile,0.2,43,1.0,2022
100817,2025-12,0,decile,0.2,44,1.0,2022
100296,2025-12,0,decile,0.2,45,1.0,2022
100585,2025-12,0,decile,0.2,46,1.0,2022
102079,2025-12,0,decile,0.2,47,1.0,2022
101097,2025-12,0,decile,0.2,48,1.0,2022
101246,2025-12,0,decile,0.2,49,1.0,2022
100104,2025-12,0,decile,0.2,50,1.0,2022
100564,2025-12,0,decile,0.2,51,1.0,2022
102025,2025-12,0,decile,0.2,52,1.0,2022
102081,2025-12,0,decile,0.2,53,1.0,2022
101811,2025-12,0,decile,0.2,54,1.0,2022
100608,2025-12,0,decile,0.2,55,1.0,2022
100175,2025-12,0,decile,0.2,56,1.0,2022
100215,2025-12,0,decile,0.2,57,1.0,2022
101871,2025-12,0,decile,0.2,58,1.0,2022
100056,2025-12,0,decile,0.2,59,1.0,2022
101077,2025-12,0,decile,0.2,60,1.0,2022
101160,2025-12,0,decile,0.2,61,1.0,2022
100166,2025-12,0,decile,0.2,62,1.0,2022
101280,2025-12,1,decile,0.2,63,1.0,2022
100694,2025-12,0,decile,0.2,64,1.0,2022
100627,2025-12,0,decile,0.2,65,1.0,2022
101971,2025-12,0,decile,0.2,66,1.0,2022
100485,2025-12,0,decile,0.2,67,1.0,2022
100684,2025-12,0,decile,0.2,68,1.0,2022
101839,2025-12,0,decile,0.2,69,1.0,2022
101704,2025-12,1,decile,0.2,70,1.0,2022
100704,2025-12,0,decile,0.2,71,1.0,2022
101890,2025-12,0,decile,0.2,72,1.0,2022
101888,2025-12,0,decile,0.2,73,1.0,2022
100334,2025-12,1,decile,0.2,74,1.0,2022
100877,2025-12,0,decile,0.2,75,1.0,2022
101607,2025-12,0,decile,0.2,76,1.0,2022
100752,2025-12,0,decile,0.2,77,1.0,2022
100744,2025-12,0,decile,0.2,78,1.0,2022
100745,2025-12,0,decile,0.2,79,1.0,2022
101752,2025-12,0,decile,0.2,80,1.0,2022
101878,2025-12,0,decile,0.2,81,1.0,2022
100990,2025-12,0,decile,0.2,82,1.0,2022
101412,2025-12,0,decile,0.2,83,1.0,2022
100992,2025-12,1,decile,0.2,84,1.0,2022
101173,2025-12,0,decile,0.2,85,1.0,2022
101455,2025-12,0,decile,0.2,86,1.0,2022
100968,2025-12,0,decile,0.2,87,1.0,2022
101990,2025-12,0,decile,0.2,88,1.0,2022
101350,2025-12,0,decile,0.2,89,1.0,2022
100925,2025-12,0,decile,0.2,90,1.0,2022
102037,2025-12,0,decile,0.2,91,1.0,2022
101044,2025-12,1,decile,0.2,92,1.0,2022
100216,2025-12,0,decile,0.2,93,1.0,2022
102053,2025-12,0,decile,0.2,94,1.0,2022
100422,2025-12,1,decile,0.2,95,1.0,2022
101527,2025-12,1,decile,0.2,96,1.0,2022
102078,2025-12,0,decile,0.2,97,1.0,2022
100066,2025-12,0,decile,0.2,98,1.0,2022
101471,2025-12,1,decile,0.2,99,1.0,2022
100876,2025-12,1,decile,0.2,100,1.0,2022
101598,2025-12,0,decile,0.2,101,1.0,2022
101660,2025-12,1,decile,0.2,102,1.0,2022
100829,2025-12,0,decile,0.2,103,1.0,2022
100267,2025-12,0,decile,0.2,104,1.0,2022
101259,2025-12,0,decile,0.2,105,1.0,2022
100777,2025-12,0,decile,0.2,106,1.0,2022
102067,2025-12,0,decile,0.2,107,1.0,2022
100519,2025-12,0,decile,0.2,108,1.0,2022
102029,2025-12,0,decile,0.2,109,1.0,2022
100592,2025-12,0,decile,0.2,110,1.0,2022
100686,2025-12,0,decile,0.2,111,1.0,2022
100678,2025-12,0,decile,0.2,112,1.0,2022
102089,2025-12,0,decile,0.2,113,1.0,2022
101676,2025-12,0,decile,0.2,114,1.0,2022
100073,2025-12,1,decile,0.2,115,1.0,2022
100170,2025-12,0,decile,0.2,116,1.0,2022
101645,2025-12,0,decile,0.2,117,1.0,2022
102051,2025-12,0,decile,0.2,118,1.0,2022
101202,2025-12,1,decile,0.2,119,1.0,2022
102090,2025-12,0,decile,0.2,120,1.0,2022
101928,2025-12,0,decile,0.2,121,1.0,2022
101952,2025-12,0,decile,0.2,122,1.0,2022
101154,2025-12,1,decile,0.2,123,1.0,2022
100275,2025-12,1,decile,0.2,124,1.0,2022
100624,2025-12,0,decile,0.2,125,1.0,2022
100214,2025-12,0,decile,0.2,126,1.0,2022
101379,2025-12,0,decile,0.2,127,1.0,2022
100453,2025-12,1,decile,0.2,128,1.0,2022
101692,2025-12,0,decile,0.2,129,1.0,2022
101084,2025-12,0,decile,0.2,130,1.0,2022
100015,2025-12,0,decile,0.2,131,1.0,2022
101837,2025-12,0,decile,0.2,132,1.0,2022
100123,2025-12,0,decile,0.2,133,1.0,2022
100665,2025-12,0,decile,0.2,134,1.0,2022
101301,2025-12,0,decile,0.2,135,1.0,2022
101319,2025-12,0,decile,0.2,136,1.0,2022
102019,2025-12,0,decile,0.2,137,1.0,2022
100616,2025-12,0,decile,0.2,138,1.0,2022
101642,2025-12,1,decile,0.2,139,1.0,2022
101466,2025-12,0,decile,0.2,140,1.0,2022
100878,2025-12,0,decile,0.2,141,1.0,2022
101945,2025-12,1,decile,0.2,142,1.0,2022
101601,2025-12,0,decile,0.2,143,1.0,2022
102096,2025-12,0,decile,0.2,144,1.0,2022
101656,2025-12,1,decile,0.2,145,1.0,2022
100017,2025-12,1,decile,0.2,146,1.0,2022
100774,2025-12,0,decile,0.2,147,1.0,2022
101690,2025-12,0,decile,0.2,148,1.0,2022
100636,2025-12,0,decile,0.2,149,1.0,2022
101913,2025-12,0,decile,0.2,150,1.0,2022
100587,2025-12,0,decile,0.2,151,1.0,2022
100078,2025-12,0,decile,0.2,152,1.0,2022
100487,2025-12,0,decile,0.2,153,1.0,2022
100702,2025-12,0,decile,0.2,154,1.0,2022
100977,2025-12,0,decile,0.2,155,1.0,2022
100298,2025-12,0,decile,0.2,156,1.0,2022
100672,2025-12,0,decile,0.2,157,1.0,2022
101305,2025-12,0,decile,0.2,158,1.0,2022
101282,2025-12,0,decile,0.2,159,1.0,2022
101489,2025-12,0,decile,0.2,160,1.0,2022
102094,2025-12,0,decile,0.2,161,1.0,2022
101320,2025-12,0,decile,0.2,162,1.0,2022
101639,2025-12,0,decile,0.2,163,1.0,2022
101414,2025-12,0,decile,0.2,164,1.0,2022
101124,2025-12,1,decile,0.2,165,1.0,2022
100644,2025-12,0,decile,0.2,166,1.0,2022
100854,2025-12,0,decile,0.2,167,1.0,2022
101886,2025-12,0,decile,0.2,168,1.0,2022
100161,2025-12,1,decile,0.2,169,1.0,2022
100775,2025-12,1,decile,0.2,170,1.0,2022
101505,2025-12,0,decile,0.2,171,1.0,2022
100708,2025-12,0,decile,0.2,172,1.0,2022
101638,2025-12,0,decile,0.2,173,1.0,2022
100650,2025-12,0,decile,0.2,174,1.0,2022
100477,2025-12,0,decile,0.2,175,1.0,2022
101727,2025-12,0,decile,0.2,176,1.0,2022
100773,2025-12,0,decile,0.2,177,1.0,2022
101776,2025-12,0,decile,0.2,178,1.0,2022
100148,2025-12,1,decile,0.2,179,1.0,2022
100300,2025-12,0,decile,0.2,180,1.0,2022
101709,2025-12,0,decile,0.2,181,1.0,2022
100724,2025-12,1,decile,0.2,182,1.0,2022
101478,2025-12,0,decile,0.2,183,1.0,2022
100197,2025-12,0,decile,0.2,184,1.0,2022
100560,2025-12,1,decile,0.2,185,1.0,2022
101516,2025-12,0,decile,0.2,186,1.0,2022
100795,2025-12,0,decile,0.2,187,1.0,2022
101067,2025-12,0,decile,0.2,188,1.0,2022
101276,2025-12,0,decile,0.2,189,1.0,2022
101005,2025-12,0,decile,0.2,190,1.0,2022
100242,2025-12,0,decile,0.2,191,1.0,2022
100559,2025-12,0,decile,0.2,192,1.0,2022
100322,2025-12,0,decile,0.2,193,1.0,2022
100145,2025-12,0,decile,0.2,194,1.0,2022
100661,2025-12,0,decile,0.2,195,1.0,2022
100919,2025-12,0,decile,0.2,196,1.0,2022
100609,2025-12,0,decile,0.2,197,1.0,2022
100882,2025-12,0,decile,0.2,198,1.0,2022
101883,2025-12,1,decile,0.2,199,1.0,2022
100936,2025-12,0,decile,0.2,200,1.0,2022
100276,2025-12,1,decile,0.2,201,1.0,2022
101406,2025-12,0,decile,0.2,202,1.0,2022
101724,2025-12,0,decile,0.2,203,1.0,2022
100698,2025-12,0,decile,0.2,204,1.0,2022
100758,2025-12,0,decile,0.2,205,1.0,2022
101672,2025-12,1,decile,0.2,206,1.0,2022
101140,2025-12,1,decile,0.2,207,1.0,2022
101378,2025-12,0,decile,0.2,208,1.0,2022
101922,2025-12,0,decile,0.2,209,1.0,2022
100803,2025-12,0,decile,0.2,210,1.0,2022
101367,2025-12,0,decile,0.2,211,1.0,2022
100496,2025-12,0,decile,0.2,212,1.0,2022
100530,2025-12,0,decile,0.2,213,1.0,2022
100986,2025-12,0,decile,0.2,214,0.9,2022
100269,2025-12,0,decile,0.2,215,0.9,2022
102046,2025-12,0,decile,0.2,216,0.9,2022
100526,2025-12,0,decile,0.2,217,0.9,2022
100446,2025-12,0,decile,0.2,218,0.9,2022
101982,2025-12,0,decile,0.2,219,0.9,2022
101663,2025-12,0,decile,0.2,220,0.9,2022
100870,2025-12,0,decile,0.2,221,0.9,2022
100106,2025-12,0,decile,0.2,222,0.9,2022
101825,2025-12,0,decile,0.2,223,0.9,2022
100375,2025-12,0,decile,0.2,224,0.9,2022
100399,2025-12,0,decile,0.2,225,0.9,2022
101624,2025-12,0,decile,0.2,226,0.9,2022
102027,2025-12,0,decile,0.2,227,0.9,2022
100884,2025-12,0,decile,0.2,228,0.9,2022
100139,2025-12,0,decile,0.2,229,0.9,2022
101670,2025-12,0,decile,0.2,230,0.9,2022
100952,2025-12,0,decile,0.2,231,0.9,2022
100656,2025-12,0,decile,0.2,232,0.9,2022
100959,2025-12,0,decile,0.2,233,0.9,2022
101594,2025-12,0,decile,0.2,234,0.9,2022
101907,2025-12,0,decile,0.2,235,0.9,2022
101499,2025-12,1,decile,0.2,236,0.9,2022
100108,2025-12,0,decile,0.2,237,0.9,2022
100238,2025-12,0,decile,0.2,238,0.9,2022
101919,2025-12,0,decile,0.2,239,0.9,2022
101756,2025-12,0,decile,0.2,240,0.9,2022
101629,2025-12,0,decile,0.2,241,0.9,2022
101981,2025-12,0,decile,0.2,242,0.9,2022
100591,2025-12,0,decile,0.2,243,0.9,2022
100177,2025-12,0,decile,0.2,244,0.9,2022
101215,2025-12,0,decile,0.2,245,0.9,2022
101609,2025-12,0,decile,0.2,246,0.9,2022
101953,2025-12,0,decile,0.2,247,0.9,2022
100128,2025-12,0,decile,0.2,248,0.9,2022
101237,2025-12,0,decile,0.2,249,0.9,2022
101854,2025-12,0,decile,0.2,250,0.9,2022
101474,2025-12,0,decile,0.2,251,0.9,2022
100662,2025-12,0,decile,0.2,252,0.9,2022
101164,2025-12,0,decile,0.2,253,0.9,2022
101787,2025-12,0,decile,0.2,254,0.9,2022
100203,2025-12,1,decile,0.2,255,0.9,2022
100991,2025-12,0,decile,0.2,256,0.9,2022
101823,2025-12,1,decile,0.2,257,0.9,2022
100314,2025-12,1,decile,0.2,258,0.9,2022
101774,2025-12,0,decile,0.2,259,0.9,2022
100757,2025-12,1,decile,0.2,260,0.9,2022
100167,2025-12,0,decile,0.2,261,0.9,2022
101507,2025-12,0,decile,0.2,262,0.9,2022
101482,2025-12,0,decile,0.2,263,0.9,2022
100407,2025-12,0,decile,0.2,264,0.9,2022
101078,2025-12,0,decile,0.2,265,0.9,2022
101415,2025-12,0,decile,0.2,266,0.9,2022
100835,2025-12,0,decile,0.2,267,0.9,2022
100913,2025-12,0,decile,0.2,268,0.9,2022
101421,2025-12,0,decile,0.2,269,0.9,2022
101534,2025-12,0,decile,0.2,270,0.9,2022
100664,2025-12,0,decile,0.2,271,0.9,2022
100147,2025-12,0,decile,0.2,272,0.9,2022
101556,2025-12,0,decile,0.2,273,0.9,2022
100531,2025-12,0,decile,0.2,274,0.9,2022
100985,2025-12,0,decile,0.2,275,0.9,2022
101436,2025-12,1,decile,0.2,276,0.9,2022
101829,2025-12,0,decile,0.2,277,0.9,2022
101626,2025-12,0,decile,0.2,278,0.9,2022
100283,2025-12,0,decile,0.2,279,0.9,2022
101790,2025-12,0,decile,0.2,280,0.9,2022
100975,2025-12,0,decile,0.2,281,0.9,2022
101030,2025-12,0,decile,0.2,282,0.9,2022
102077,2025-12,0,decile,0.2,283,0.9,2022
101680,2025-12,0,decile,0.2,284,0.9,2022
100910,2025-12,0,decile,0.2,285,0.9,2022
100762,2025-12,0,decile,0.2,286,0.9,2022
101636,2025-12,0,decile,0.2,287,0.9,2022
101529,2025-12,1,decile,0.2,288,0.9,2022
101343,2025-12,0,decile,0.2,289,0.9,2022
100923,2025-12,0,decile,0.2,290,0.9,2022
100320,2025-12,0,decile,0.2,291,0.9,2022
100253,2025-12,0,decile,0.2,292,0.9,2022
101302,2025-12,0,decile,0.2,293,0.9,2022
101377,2025-12,0,decile,0.2,294,0.9,2022
101464,2025-12,1,decile,0.2,295,0.9,2022
100376,2025-12,0,decile,0.2,296,0.9,2022
100875,2025-12,1,decile,0.2,297,0.9,2022
100233,2025-12,0,decile,0.2,298,0.9,2022
101623,2025-12,1,decile,0.2,299,0.9,2022
100741,2025-12,0,decile,0.2,300,0.9,2022
101431,2025-12,1,decile,0.2,301,0.9,2022
100488,2025-12,0,decile,0.2,302,0.9,2022
101102,2025-12,0,decile,0.2,303,0.9,2022
101809,2025-12,0,decile,0.2,304,0.9,2022
101368,2025-12,0,decile,0.2,305,0.9,2022
101951,2025-12,0,decile,0.2,306,0.9,2022
100524,2025-12,0,decile,0.2,307,0.9,2022
100448,2025-12,0,decile,0.2,308,0.9,2022
100034,2025-12,0,decile,0.2,309,0.9,2022
101936,2025-12,0,decile,0.2,310,0.9,2022
101016,2025-12,0,decile,0.2,311,0.9,2022
101986,2025-12,0,decile,0.2,312,0.9,2022
100239,2025-12,0,decile,0.2,313,0.9,2022
100224,2025-12,0,decile,0.2,314,0.9,2022
101958,2025-12,0,decile,0.2,315,0.9,2022
100577,2025-12,0,decile,0.2,316,0.9,2022
100510,2025-12,0,decile,0.2,317,0.9,2022
101610,2025-12,0,decile,0.2,318,0.9,2022
101987,2025-12,0,decile,0.2,319,0.9,2022
101591,2025-12,0,decile,0.2,320,0.9,2022
100052,2025-12,0,decile,0.2,321,0.9,2022
101571,2025-12,0,decile,0.2,322,0.9,2022
100971,2025-12,0,decile,0.2,323,0.9,2022
101266,2025-12,0,decile,0.2,324,0.9,2022
101881,2025-12,0,decile,0.2,325,0.9,2022
100337,2025-12,1,decile,0.2,326,0.9,2022
102059,2025-12,0,decile,0.2,327,0.9,2022
100264,2025-12,0,decile,0.2,328,0.9,2022
101145,2025-12,0,decile,0.2,329,0.9,2022
101001,2025-12,0,decile,0.2,330,0.9,2022
100387,2025-12,0,decile,0.2,331,0.9,2022
101956,2025-12,0,decile,0.2,332,0.9,2022
101903,2025-12,0,decile,0.2,333,0.9,2022
100833,2025-12,0,decile,0.2,334,0.9,2022
101353,2025-12,0,decile,0.2,335,0.9,2022
100187,2025-12,0,decile,0.2,336,0.9,2022
101179,2025-12,1,decile,0.2,337,0.9,2022
100345,2025-12,0,decile,0.2,338,0.9,2022
100856,2025-12,0,decile,0.2,339,0.9,2022
100929,2025-12,1,decile,0.2,340,0.9,2022
101357,2025-12,0,decile,0.2,341,0.9,2022
101512,2025-12,1,decile,0.2,342,0.9,2022
100113,2025-12,0,decile,0.2,343,0.9,2022
101391,2025-12,0,decile,0.2,344,0.9,2022
100815,2025-12,0,decile,0.2,345,0.9,2022
100303,2025-12,0,decile,0.2,346,0.9,2022
100605,2025-12,0,decile,0.2,347,0.9,2022
101805,2025-12,1,decile,0.2,348,0.9,2022
100880,2025-12,0,decile,0.2,349,0.9,2022
101895,2025-12,0,decile,0.2,350,0.9,2022
100859,2025-12,0,decile,0.2,351,0.9,2022
101175,2025-12,1,decile,0.2,352,0.9,2022
100898,2025-12,0,decile,0.2,353,0.9,2022
101395,2025-12,0,decile,0.2,354,0.9,2022
101117,2025-12,0,decile,0.2,355,0.9,2022
100849,2025-12,1,decile,0.2,356,0.9,2022
101045,2025-12,0,decile,0.2,357,0.9,2022
100245,2025-12,0,decile,0.2,358,0.9,2022
101120,2025-12,0,decile,0.2,359,0.9,2022
101493,2025-12,0,decile,0.2,360,0.9,2022
100681,2025-12,0,decile,0.2,361,0.9,2022
101137,2025-12,0,decile,0.2,362,0.9,2022
100578,2025-12,0,decile,0.2,363,0.9,2022
100967,2025-12,0,decile,0.2,364,0.9,2022
100729,2025-12,1,decile,0.2,365,0.9,2022
101702,2025-12,0,decile,0.2,366,0.9,2022
101264,2025-12,0,decile,0.2,367,0.9,2022
101869,2025-12,0,decile,0.2,368,0.9,2022
100461,2025-12,0,decile,0.2,369,0.9,2022
102005,2025-12,0,decile,0.2,370,0.9,2022
101647,2025-12,0,decile,0.2,371,0.9,2022
100924,2025-12,1,decile,0.2,372,0.9,2022
100002,2025-12,0,decile,0.2,373,0.9,2022
101094,2025-12,0,decile,0.2,374,0.9,2022
101035,2025-12,0,decile,0.2,375,0.9,2022
101573,2025-12,0,decile,0.2,376,0.9,2022
100130,2025-12,0,decile,0.2,377,0.9,2022
101226,2025-12,1,decile,0.2,378,0.9,2022
101336,2025-12,0,decile,0.2,379,0.9,2022
101882,2025-12,0,decile,0.2,380,0.9,2022
101119,2025-12,0,decile,0.2,381,0.9,2022
101285,2025-12,0,decile,0.2,382,0.9,2022
101181,2025-12,0,decile,0.2,383,0.9,2022
100727,2025-12,1,decile,0.2,384,0.9,2022
101813,2025-12,0,decile,0.2,385,0.9,2022
101312,2025-12,1,decile,0.2,386,0.9,2022
101393,2025-12,1,decile,0.2,387,0.9,2022
100425,2025-12,1,decile,0.2,388,0.9,2022
100653,2025-12,0,decile,0.2,389,0.9,2022
100083,2025-12,0,decile,0.2,390,0.9,2022
101769,2025-12,0,decile,0.2,391,0.9,2022
101322,2025-12,1,decile,0.2,392,0.9,2022
100484,2025-12,0,decile,0.2,393,0.9,2022
101832,2025-12,0,decile,0.2,394,0.9,2022
101298,2025-12,0,decile,0.2,395,0.9,2022
100907,2025-12,0,decile,0.2,396,0.9,2022
100225,2025-12,0,decile,0.2,397,0.9,2022
101763,2025-12,1,decile,0.2,398,0.9,2022
101957,2025-12,0,decile,0.2,399,0.9,2022
100443,2025-12,0,decile,0.2,400,0.9,2022
101628,2025-12,0,decile,0.2,401,0.9,2022
100029,2025-12,0,decile,0.2,402,0.9,2022
102049,2025-12,0,decile,0.2,403,0.9,2022
100826,2025-12,0,decile,0.2,404,0.9,2022
101719,2025-12,0,decile,0.2,405,0.9,2022
100530,2025-12,0,core_logistic,0.05,1,0.4098582144164737,2022
100587,2025-12,0,core_logistic,0.05,2,0.4049386801374507,2022
100123,2025-12,0,core_logistic,0.05,3,0.4032745687981101,2022
100823,2025-12,1,core_logistic,0.05,4,0.3878547285950057,2022
101471,2025-12,1,core_logistic,0.05,5,0.3624825125103926,2022
101489,2025-12,0,core_logistic,0.05,6,0.3471108920056722,2022
100661,2025-12,0,core_logistic,0.05,7,0.3451058298244296,2022
101857,2025-12,1,core_logistic,0.05,8,0.343465669502034,2022
102037,2025-12,0,core_logistic,0.05,9,0.3412117006953206,2022
100496,2025-12,0,core_logistic,0.05,10,0.3412117006953206,2022
100670,2025-12,1,core_logistic,0.05,11,0.3388059718101539,2022
100592,2025-12,0,core_logistic,0.05,12,0.3383695248822297,2022
101883,2025-12,1,core_logistic,0.05,13,0.3380323547129834,2022
100485,2025-12,0,core_logistic,0.05,14,0.337143784754279,2022
100704,2025-12,0,core_logistic,0.05,15,0.3350255784212148,2022
101704,2025-12,1,core_logistic,0.05,16,0.3327201770103973,2022
100610,2025-12,1,core_logistic,0.05,17,0.3260273143499527,2022
101448,2025-12,1,core_logistic,0.05,18,0.3255992225271961,2022
100968,2025-12,0,core_logistic,0.05,19,0.3251548008165101,2022
100130,2025-12,0,core_logistic,0.05,20,0.3245198470767614,2022
101379,2025-12,0,core_logistic,0.05,21,0.3228356351455525,2022
100161,2025-12,1,core_logistic,0.05,22,0.3225838941261977,2022
100875,2025-12,1,core_logistic,0.05,23,0.3220002026058347,2022
102029,2025-12,0,core_logistic,0.05,24,0.3180580728650572,2022
100694,2025-12,0,core_logistic,0.05,25,0.3174817957478723,2022
101499,2025-12,1,core_logistic,0.05,26,0.3167426304778199,2022
100276,2025-12,1,core_logistic,0.05,27,0.3145709496683919,2022
101583,2025-12,0,core_logistic,0.05,28,0.3145035364391672,2022
100859,2025-12,0,core_logistic,0.05,29,0.3096344492216261,2022
101726,2025-12,1,core_logistic,0.05,30,0.308150220336215,2022
100992,2025-12,1,core_logistic,0.05,31,0.3074260049610978,2022
100698,2025-12,0,core_logistic,0.05,32,0.3062485481114427,2022
100453,2025-12,1,core_logistic,0.05,33,0.3049411937920947,2022
101011,2025-12,0,core_logistic,0.05,34,0.303194965765919,2022
101613,2025-12,1,core_logistic,0.05,35,0.3025314363612155,2022
101343,2025-12,0,core_logistic,0.05,36,0.3022973147973189,2022
102079,2025-12,0,core_logistic,0.05,37,0.3010006172805694,2022
101638,2025-12,0,core_logistic,0.05,38,0.300407255266576,2022
101772,2025-12,0,core_logistic,0.05,39,0.3001652510563482,2022
100775,2025-12,1,core_logistic,0.05,40,0.2997903462316211,2022
101738,2025-12,1,core_logistic,0.05,41,0.2993931729774104,2022
100225,2025-12,0,core_logistic,0.05,42,0.2993902077486796,2022
101280,2025-12,1,core_logistic,0.05,43,0.2989102114911176,2022
100233,2025-12,0,core_logistic,0.05,44,0.2983504898253587,2022
100034,2025-12,0,core_logistic,0.05,45,0.2957906368649319,2022
100870,2025-12,0,core_logistic,0.05,46,0.2948202224211776,2022
100672,2025-12,0,core_logistic,0.05,47,0.2930651220616196,2022
100849,2025-12,1,core_logistic,0.05,48,0.2922046864426419,2022
101936,2025-12,0,core_logistic,0.05,49,0.2879811126988925,2022
100238,2025-12,0,core_logistic,0.05,50,0.2872160230063694,2022
101164,2025-12,0,core_logistic,0.05,51,0.2869802863043507,2022
101629,2025-12,0,core_logistic,0.05,52,0.2846292915709063,2022
101160,2025-12,0,core_logistic,0.05,53,0.2834610241940933,2022
101660,2025-12,1,core_logistic,0.05,54,0.2787696841956933,2022
100484,2025-12,0,core_logistic,0.05,55,0.2785000551601171,2022
100795,2025-12,0,core_logistic,0.05,56,0.2781561870944462,2022
100322,2025-12,0,core_logistic,0.05,57,0.276540271572201,2022
101569,2025-12,0,core_logistic,0.05,58,0.275493495760987,2022
100854,2025-12,0,core_logistic,0.05,59,0.2751598262457554,2022
100560,2025-12,1,core_logistic,0.05,60,0.2745744157371554,2022
101367,2025-12,0,core_logistic,0.05,61,0.274241908104861,2022
100773,2025-12,0,core_logistic,0.05,62,0.270989137048031,2022
100175,2025-12,0,core_logistic,0.05,63,0.2708167336898165,2022
101173,2025-12,0,core_logistic,0.05,64,0.2694449177895111,2022
101672,2025-12,1,core_logistic,0.05,65,0.2690010088153131,2022
100752,2025-12,0,core_logistic,0.05,66,0.2689219867370225,2022
101001,2025-12,0,core_logistic,0.05,67,0.2686583345121738,2022
101639,2025-12,0,core_logistic,0.05,68,0.2644955001027664,2022
101223,2025-12,0,core_logistic,0.05,69,0.2643885961227686,2022
100361,2025-12,0,core_logistic,0.05,70,0.2629300379672695,2022
101077,2025-12,0,core_logistic,0.05,71,0.2619156725201966,2022
102027,2025-12,0,core_logistic,0.05,72,0.2607121201717547,2022
101909,2025-12,0,core_logistic,0.05,73,0.260038609867846,2022
101527,2025-12,1,core_logistic,0.05,74,0.2581925702676126,2022
101798,2025-12,0,core_logistic,0.05,75,0.2572673433249743,2022
101928,2025-12,0,core_logistic,0.05,76,0.2571146073871799,2022
102067,2025-12,0,core_logistic,0.05,77,0.2569479198420565,2022
100882,2025-12,0,core_logistic,0.05,78,0.2566076516737304,2022
100883,2025-12,0,core_logistic,0.05,79,0.2564631775711798,2022
100919,2025-12,0,core_logistic,0.05,80,0.255729787592579,2022
101853,2025-12,0,core_logistic,0.05,81,0.2553852158408311,2022
101285,2025-12,0,core_logistic,0.05,82,0.254544409301168,2022
100298,2025-12,0,core_logistic,0.05,83,0.2538285316771309,2022
100148,2025-12,1,core_logistic,0.05,84,0.2536104480857119,2022
100017,2025-12,1,core_logistic,0.05,85,0.2531746521696976,2022
101431,2025-12,1,core_logistic,0.05,86,0.2490671878633841,2022
100936,2025-12,0,core_logistic,0.05,87,0.2485629487313478,2022
101944,2025-12,0,core_logistic,0.05,88,0.2476142627856973,2022
100170,2025-12,0,core_logistic,0.05,89,0.247350452535313,2022
102077,2025-12,0,core_logistic,0.05,90,0.2456468391761516,2022
101724,2025-12,0,core_logistic,0.05,91,0.2451793129663208,2022
101474,2025-12,0,core_logistic,0.05,92,0.2449967351726911,2022
101598,2025-12,0,core_logistic,0.05,93,0.2445404123597196,2022
102049,2025-12,0,core_logistic,0.05,94,0.2444096598254532,2022
101436,2025-12,1,core_logistic,0.05,95,0.2441559032732504,2022
101829,2025-12,0,core_logistic,0.05,96,0.2430947064625417,2022
100032,2025-12,0,core_logistic,0.05,97,0.2422454113776574,2022
102005,2025-12,0,core_logistic,0.05,98,0.2390805742630756,2022
100056,2025-12,0,core_logistic,0.05,99,0.2382880661017325,2022
101761,2025-12,0,core_logistic,0.05,100,0.2376513016851728,2022
101104,2025-12,1,core_logistic,0.05,101,0.2372074872210864,2022
101811,2025-12,0,core_logistic,0.05,102,0.2364100785695317,2022
100530,2025-12,0,core_logistic,0.1,1,0.4098582144164737,2022
100587,2025-12,0,core_logistic,0.1,2,0.4049386801374507,2022
100123,2025-12,0,core_logistic,0.1,3,0.4032745687981101,2022
100823,2025-12,1,core_logistic,0.1,4,0.3878547285950057,2022
101471,2025-12,1,core_logistic,0.1,5,0.3624825125103926,2022
101489,2025-12,0,core_logistic,0.1,6,0.3471108920056722,2022
100661,2025-12,0,core_logistic,0.1,7,0.3451058298244296,2022
101857,2025-12,1,core_logistic,0.1,8,0.343465669502034,2022
102037,2025-12,0,core_logistic,0.1,9,0.3412117006953206,2022
100496,2025-12,0,core_logistic,0.1,10,0.3412117006953206,2022
100670,2025-12,1,core_logistic,0.1,11,0.3388059718101539,2022
100592,2025-12,0,core_logistic,0.1,12,0.3383695248822297,2022
101883,2025-12,1,core_logistic,0.1,13,0.3380323547129834,2022
100485,2025-12,0,core_logistic,0.1,14,0.337143784754279,2022
100704,2025-12,0,core_logistic,0.1,15,0.3350255784212148,2022
101704,2025-12,1,core_logistic,0.1,16,0.3327201770103973,2022
100610,2025-12,1,core_logistic,0.1,17,0.3260273143499527,2022
101448,2025-12,1,core_logistic,0.1,18,0.3255992225271961,2022
100968,2025-12,0,core_logistic,0.1,19,0.3251548008165101,2022
100130,2025-12,0,core_logistic,0.1,20,0.3245198470767614,2022
101379,2025-12,0,core_logistic,0.1,21,0.3228356351455525,2022
100161,2025-12,1,core_logistic,0.1,22,0.3225838941261977,2022
100875,2025-12,1,core_logistic,0.1,23,0.3220002026058347,2022
102029,2025-12,0,core_logistic,0.1,24,0.3180580728650572,2022
100694,2025-12,0,core_logistic,0.1,25,0.3174817957478723,2022
101499,2025-12,1,core_logistic,0.1,26,0.3167426304778199,2022
100276,2025-12,1,core_logistic,0.1,27,0.3145709496683919,2022
101583,2025-12,0,core_logistic,0.1,28,0.3145035364391672,2022
100859,2025-12,0,core_logistic,0.1,29,0.3096344492216261,2022
101726,2025-12,1,core_logistic,0.1,30,0.308150220336215,2022
100992,2025-12,1,core_logistic,0.1,31,0.3074260049610978,2022
100698,2025-12,0,core_logistic,0.1,32,0.3062485481114427,2022
100453,2025-12,1,core_logistic,0.1,33,0.3049411937920947,2022
101011,2025-12,0,core_logistic,0.1,34,0.303194965765919,2022
101613,2025-12,1,core_logistic,0.1,35,0.3025314363612155,2022
101343,2025-12,0,core_logistic,0.1,36,0.3022973147973189,2022
102079,2025-12,0,core_logistic,0.1,37,0.3010006172805694,2022
101638,2025-12,0,core_logistic,0.1,38,0.300407255266576,2022
101772,2025-12,0,core_logistic,0.1,39,0.3001652510563482,2022
100775,2025-12,1,core_logistic,0.1,40,0.2997903462316211,2022
101738,2025-12,1,core_logistic,0.1,41,0.2993931729774104,2022
100225,2025-12,0,core_logistic,0.1,42,0.2993902077486796,2022
101280,2025-12,1,core_logistic,0.1,43,0.2989102114911176,2022
100233,2025-12,0,core_logistic,0.1,44,0.2983504898253587,2022
100034,2025-12,0,core_logistic,0.1,45,0.2957906368649319,2022
100870,2025-12,0,core_logistic,0.1,46,0.2948202224211776,2022
100672,2025-12,0,core_logistic,0.1,47,0.2930651220616196,2022
100849,2025-12,1,core_logistic,0.1,48,0.2922046864426419,2022
101936,2025-12,0,core_logistic,0.1,49,0.2879811126988925,2022
100238,2025-12,0,core_logistic,0.1,50,0.2872160230063694,2022
101164,2025-12,0,core_logistic,0.1,51,0.2869802863043507,2022
101629,2025-12,0,core_logistic,0.1,52,0.2846292915709063,2022
101160,2025-12,0,core_logistic,0.1,53,0.2834610241940933,2022
101660,2025-12,1,core_logistic,0.1,54,0.2787696841956933,2022
100484,2025-12,0,core_logistic,0.1,55,0.2785000551601171,2022
100795,2025-12,0,core_logistic,0.1,56,0.2781561870944462,2022
100322,2025-12,0,core_logistic,0.1,57,0.276540271572201,2022
101569,2025-12,0,core_logistic,0.1,58,0.275493495760987,2022
100854,2025-12,0,core_logistic,0.1,59,0.2751598262457554,2022
100560,2025-12,1,core_logistic,0.1,60,0.2745744157371554,2022
101367,2025-12,0,core_logistic,0.1,61,0.274241908104861,2022
100773,2025-12,0,core_logistic,0.1,62,0.270989137048031,2022
100175,2025-12,0,core_logistic,0.1,63,0.2708167336898165,2022
101173,2025-12,0,core_logistic,0.1,64,0.2694449177895111,2022
101672,2025-12,1,core_logistic,0.1,65,0.2690010088153131,2022
100752,2025-12,0,core_logistic,0.1,66,0.2689219867370225,2022
101001,2025-12,0,core_logistic,0.1,67,0.2686583345121738,2022
101639,2025-12,0,core_logistic,0.1,68,0.2644955001027664,2022
101223,2025-12,0,core_logistic,0.1,69,0.2643885961227686,2022
100361,2025-12,0,core_logistic,0.1,70,0.2629300379672695,2022
101077,2025-12,0,core_logistic,0.1,71,0.2619156725201966,2022
102027,2025-12,0,core_logistic,0.1,72,0.2607121201717547,2022
101909,2025-12,0,core_logistic,0.1,73,0.260038609867846,2022
101527,2025-12,1,core_logistic,0.1,74,0.2581925702676126,2022
101798,2025-12,0,core_logistic,0.1,75,0.2572673433249743,2022
101928,2025-12,0,core_logistic,0.1,76,0.2571146073871799,2022
102067,2025-12,0,core_logistic,0.1,77,0.2569479198420565,2022
100882,2025-12,0,core_logistic,0.1,78,0.2566076516737304,2022
100883,2025-12,0,core_logistic,0.1,79,0.2564631775711798,2022
100919,2025-12,0,core_logistic,0.1,80,0.255729787592579,2022
101853,2025-12,0,core_logistic,0.1,81,0.2553852158408311,2022
101285,2025-12,0,core_logistic,0.1,82,0.254544409301168,2022
100298,2025-12,0,core_logistic,0.1,83,0.2538285316771309,2022
100148,2025-12,1,core_logistic,0.1,84,0.2536104480857119,2022
100017,2025-12,1,core_logistic,0.1,85,0.2531746521696976,2022
101431,2025-12,1,core_logistic,0.1,86,0.2490671878633841,2022
100936,2025-12,0,core_logistic,0.1,87,0.2485629487313478,2022
101944,2025-12,0,core_logistic,0.1,88,0.2476142627856973,2022
100170,2025-12,0,core_logistic,0.1,89,0.247350452535313,2022
102077,2025-12,0,core_logistic,0.1,90,0.2456468391761516,2022
101724,2025-12,0,core_logistic,0.1,91,0.2451793129663208,2022
101474,2025-12,0,core_logistic,0.1,92,0.2449967351726911,2022
101598,2025-12,0,core_logistic,0.1,93,0.2445404123597196,2022
102049,2025-12,0,core_logistic,0.1,94,0.2444096598254532,2022
101436,2025-12,1,core_logistic,0.1,95,0.2441559032732504,2022
101829,2025-12,0,core_logistic,0.1,96,0.2430947064625417,2022
100032,2025-12,0,core_logistic,0.1,97,0.2422454113776574,2022
102005,2025-12,0,core_logistic,0.1,98,0.2390805742630756,2022
100056,2025-12,0,core_logistic,0.1,99,0.2382880661017325,2022
101761,2025-12,0,core_logistic,0.1,100,0.2376513016851728,2022
101104,2025-12,1,core_logistic,0.1,101,0.2372074872210864,2022
101811,2025-12,0,core_logistic,0.1,102,0.2364100785695317,2022
100214,2025-12,0,core_logistic,0.1,103,0.2364015497852918,2022
102045,2025-12,1,core_logistic,0.1,104,0.2362012733918586,2022
100729,2025-12,1,core_logistic,0.1,105,0.2349652894033116,2022
100052,2025-12,0,core_logistic,0.1,106,0.2345514644530427,2022
101466,2025-12,0,core_logistic,0.1,107,0.2333055153922639,2022
100745,2025-12,0,core_logistic,0.1,108,0.231384958240017,2022
101935,2025-12,0,core_logistic,0.1,109,0.2313586915036526,2022
100275,2025-12,1,core_logistic,0.1,110,0.2310073511655944,2022
100286,2025-12,1,core_logistic,0.1,111,0.2309567575496247,2022
101332,2025-12,0,core_logistic,0.1,112,0.230744795930286,2022
101119,2025-12,0,core_logistic,0.1,113,0.2301250221372064,2022
101636,2025-12,0,core_logistic,0.1,114,0.229961630748758,2022
101447,2025-12,0,core_logistic,0.1,115,0.2298214395833029,2022
101266,2025-12,0,core_logistic,0.1,116,0.229014395341885,2022
101078,2025-12,0,core_logistic,0.1,117,0.2284048717801675,2022
101948,2025-12,1,core_logistic,0.1,118,0.228105166990734,2022
101971,2025-12,0,core_logistic,0.1,119,0.2279917683173642,2022
101509,2025-12,0,core_logistic,0.1,120,0.2275523036992057,2022
101692,2025-12,0,core_logistic,0.1,121,0.2265675241436089,2022
101990,2025-12,0,core_logistic,0.1,122,0.2257694770546724,2022
100967,2025-12,0,core_logistic,0.1,123,0.2249725054104838,2022
100010,2025-12,0,core_logistic,0.1,124,0.2248693741215204,2022
101309,2025-12,0,core_logistic,0.1,125,0.2234530279149098,2022
101259,2025-12,0,core_logistic,0.1,126,0.2234530279149098,2022
100303,2025-12,0,core_logistic,0.1,127,0.2231316300198268,2022
101382,2025-12,0,core_logistic,0.1,128,0.2223653009127854,2022
101854,2025-12,0,core_logistic,0.1,129,0.2217274957075681,2022
102075,2025-12,0,core_logistic,0.1,130,0.2217274957075681,2022
100334,2025-12,1,core_logistic,0.1,131,0.2215711962883314,2022
100296,2025-12,0,core_logistic,0.1,132,0.220865638867746,2022
101423,2025-12,0,core_logistic,0.1,133,0.2196927108396216,2022
101922,2025-12,0,core_logistic,0.1,134,0.2186041959130951,2022
100794,2025-12,0,core_logistic,0.1,135,0.2183137126105346,2022
100884,2025-12,0,core_logistic,0.1,136,0.2183069514234931,2022
101805,2025-12,1,core_logistic,0.1,137,0.2180217017275441,2022
101945,2025-12,1,core_logistic,0.1,138,0.218014544411826,2022
101282,2025-12,0,core_logistic,0.1,139,0.2172220944293536,2022
101709,2025-12,0,core_logistic,0.1,140,0.2167315141033471,2022
101232,2025-12,0,core_logistic,0.1,141,0.2164548730603461,2022
100662,2025-12,0,core_logistic,0.1,142,0.216407573177972,2022
101393,2025-12,1,core_logistic,0.1,143,0.2162595935817126,2022
100665,2025-12,0,core_logistic,0.1,144,0.2158543142015394,2022
101628,2025-12,0,core_logistic,0.1,145,0.2156273444452975,2022
101137,2025-12,0,core_logistic,0.1,146,0.2154326062723715,2022
101950,2025-12,1,core_logistic,0.1,147,0.2149978238111474,2022
101783,2025-12,0,core_logistic,0.1,148,0.2149769668851867,2022
101044,2025-12,1,core_logistic,0.1,149,0.2144330384715954,2022
101322,2025-12,1,core_logistic,0.1,150,0.2132394036892952,2022
101610,2025-12,0,core_logistic,0.1,151,0.2131524773245252,2022
101414,2025-12,0,core_logistic,0.1,152,0.2129149928468502,2022
101336,2025-12,0,core_logistic,0.1,153,0.2127663851675514,2022
100283,2025-12,0,core_logistic,0.1,154,0.2125735305568598,2022
100608,2025-12,0,core_logistic,0.1,155,0.2125665034777124,2022
101951,2025-12,0,core_logistic,0.1,156,0.2124675002352459,2022
101415,2025-12,0,core_logistic,0.1,157,0.2116980332782216,2022
100867,2025-12,0,core_logistic,0.1,158,0.211519496006476,2022
101087,2025-12,1,core_logistic,0.1,159,0.2110282991647634,2022
100224,2025-12,0,core_logistic,0.1,160,0.2106520051379971,2022
101179,2025-12,1,core_logistic,0.1,161,0.2094590298384012,2022
101790,2025-12,0,core_logistic,0.1,162,0.2086390084550086,2022
101139,2025-12,0,core_logistic,0.1,163,0.2085600000219625,2022
101140,2025-12,1,core_logistic,0.1,164,0.2085383430174774,2022
100585,2025-12,0,core_logistic,0.1,165,0.2084419775387423,2022
100746,2025-12,1,core_logistic,0.1,166,0.2081068650393867,2022
100441,2025-12,0,core_logistic,0.1,167,0.2077615613709361,2022
101320,2025-12,0,core_logistic,0.1,168,0.2072747306022853,2022
100899,2025-12,0,core_logistic,0.1,169,0.2065548826783121,2022
101219,2025-12,0,core_logistic,0.1,170,0.2062878102531228,2022
101642,2025-12,1,core_logistic,0.1,171,0.2059350500735729,2022
101045,2025-12,0,core_logistic,0.1,172,0.20396191464743,2022
101036,2025-12,0,core_logistic,0.1,173,0.2039379349731157,2022
101102,2025-12,0,core_logistic,0.1,174,0.2025272400222644,2022
101175,2025-12,1,core_logistic,0.1,175,0.2022840460192221,2022
101888,2025-12,0,core_logistic,0.1,176,0.2021562982590757,2022
101154,2025-12,1,core_logistic,0.1,177,0.2021562982590757,2022
100029,2025-12,0,core_logistic,0.1,178,0.201912588582914,2022
101987,2025-12,0,core_logistic,0.1,179,0.2018756405916987,2022
100073,2025-12,1,core_logistic,0.1,180,0.2018688764929585,2022
100623,2025-12,0,core_logistic,0.1,181,0.2013258569308725,2022
102078,2025-12,0,core_logistic,0.1,182,0.2010454059893651,2022
100203,2025-12,1,core_logistic,0.1,183,0.2004515670364952,2022
101181,2025-12,0,core_logistic,0.1,184,0.2000629467096351,2022
101298,2025-12,0,core_logistic,0.1,185,0.1991429021651098,2022
101573,2025-12,0,core_logistic,0.1,186,0.1991063345565256,2022
100777,2025-12,0,core_logistic,0.1,187,0.1990996400997719,2022
100297,2025-12,0,core_logistic,0.1,188,0.1980692522101125,2022
100066,2025-12,0,core_logistic,0.1,189,0.1968150997128146,2022
100446,2025-12,0,core_logistic,0.1,190,0.1962835344370402,2022
101838,2025-12,0,core_logistic,0.1,191,0.1962527823358029,2022
101576,2025-12,1,core_logistic,0.1,192,0.1961085168024594,2022
101124,2025-12,1,core_logistic,0.1,193,0.1948200077815643,2022
100985,2025-12,0,core_logistic,0.1,194,0.1947709650917407,2022
101305,2025-12,0,core_logistic,0.1,195,0.1943674583394795,2022
101312,2025-12,1,core_logistic,0.1,196,0.1938973524815204,2022
101395,2025-12,0,core_logistic,0.1,197,0.193564959899292,2022
100787,2025-12,0,core_logistic,0.1,198,0.1933364660774157,2022
100903,2025-12,0,core_logistic,0.1,199,0.1932260890485006,2022
100427,2025-12,0,core_logistic,0.1,200,0.1922544638824903,2022
101067,2025-12,0,core_logistic,0.1,201,0.1919887482150593,2022
101837,2025-12,0,core_logistic,0.1,202,0.1914532979640831,2022
100128,2025-12,0,core_logistic,0.1,203,0.1908276239663283,2022
100530,2025-12,0,core_logistic,0.2,1,0.4098582144164737,2022
100587,2025-12,0,core_logistic,0.2,2,0.4049386801374507,2022
100123,2025-12,0,core_logistic,0.2,3,0.4032745687981101,2022
100823,2025-12,1,core_logistic,0.2,4,0.3878547285950057,2022
101471,2025-12,1,core_logistic,0.2,5,0.3624825125103926,2022
101489,2025-12,0,core_logistic,0.2,6,0.3471108920056722,2022
100661,2025-12,0,core_logistic,0.2,7,0.3451058298244296,2022
101857,2025-12,1,core_logistic,0.2,8,0.343465669502034,2022
102037,2025-12,0,core_logistic,0.2,9,0.3412117006953206,2022
100496,2025-12,0,core_logistic,0.2,10,0.3412117006953206,2022
100670,2025-12,1,core_logistic,0.2,11,0.3388059718101539,2022
100592,2025-12,0,core_logistic,0.2,12,0.3383695248822297,2022
101883,2025-12,1,core_logistic,0.2,13,0.3380323547129834,2022
100485,2025-12,0,core_logistic,0.2,14,0.337143784754279,2022
100704,2025-12,0,core_logistic,0.2,15,0.3350255784212148,2022
101704,2025-12,1,core_logistic,0.2,16,0.3327201770103973,2022
100610,2025-12,1,core_logistic,0.2,17,0.3260273143499527,2022
101448,2025-12,1,core_logistic,0.2,18,0.3255992225271961,2022
100968,2025-12,0,core_logistic,0.2,19,0.3251548008165101,2022
100130,2025-12,0,core_logistic,0.2,20,0.3245198470767614,2022
101379,2025-12,0,core_logistic,0.2,21,0.3228356351455525,2022
100161,2025-12,1,core_logistic,0.2,22,0.3225838941261977,2022
100875,2025-12,1,core_logistic,0.2,23,0.3220002026058347,2022
102029,2025-12,0,core_logistic,0.2,24,0.3180580728650572,2022
100694,2025-12,0,core_logistic,0.2,25,0.3174817957478723,2022
101499,2025-12,1,core_logistic,0.2,26,0.3167426304778199,2022
100276,2025-12,1,core_logistic,0.2,27,0.3145709496683919,2022
101583,2025-12,0,core_logistic,0.2,28,0.3145035364391672,2022
100859,2025-12,0,core_logistic,0.2,29,0.3096344492216261,2022
101726,2025-12,1,core_logistic,0.2,30,0.308150220336215,2022
100992,2025-12,1,core_logistic,0.2,31,0.3074260049610978,2022
100698,2025-12,0,core_logistic,0.2,32,0.3062485481114427,2022
100453,2025-12,1,core_logistic,0.2,33,0.3049411937920947,2022
101011,2025-12,0,core_logistic,0.2,34,0.303194965765919,2022
101613,2025-12,1,core_logistic,0.2,35,0.3025314363612155,2022
101343,2025-12,0,core_logistic,0.2,36,0.3022973147973189,2022
102079,2025-12,0,core_logistic,0.2,37,0.3010006172805694,2022
101638,2025-12,0,core_logistic,0.2,38,0.300407255266576,2022
101772,2025-12,0,core_logistic,0.2,39,0.3001652510563482,2022
100775,2025-12,1,core_logistic,0.2,40,0.2997903462316211,2022
101738,2025-12,1,core_logistic,0.2,41,0.2993931729774104,2022
100225,2025-12,0,core_logistic,0.2,42,0.2993902077486796,2022
101280,2025-12,1,core_logistic,0.2,43,0.2989102114911176,2022
100233,2025-12,0,core_logistic,0.2,44,0.2983504898253587,2022
100034,2025-12,0,core_logistic,0.2,45,0.2957906368649319,2022
100870,2025-12,0,core_logistic,0.2,46,0.2948202224211776,2022
100672,2025-12,0,core_logistic,0.2,47,0.2930651220616196,2022
100849,2025-12,1,core_logistic,0.2,48,0.2922046864426419,2022
101936,2025-12,0,core_logistic,0.2,49,0.2879811126988925,2022
100238,2025-12,0,core_logistic,0.2,50,0.2872160230063694,2022
101164,2025-12,0,core_logistic,0.2,51,0.2869802863043507,2022
101629,2025-12,0,core_logistic,0.2,52,0.2846292915709063,2022
101160,2025-12,0,core_logistic,0.2,53,0.2834610241940933,2022
101660,2025-12,1,core_logistic,0.2,54,0.2787696841956933,2022
100484,2025-12,0,core_logistic,0.2,55,0.2785000551601171,2022
100795,2025-12,0,core_logistic,0.2,56,0.2781561870944462,2022
100322,2025-12,0,core_logistic,0.2,57,0.276540271572201,2022
101569,2025-12,0,core_logistic,0.2,58,0.275493495760987,2022
100854,2025-12,0,core_logistic,0.2,59,0.2751598262457554,2022
100560,2025-12,1,core_logistic,0.2,60,0.2745744157371554,2022
101367,2025-12,0,core_logistic,0.2,61,0.274241908104861,2022
100773,2025-12,0,core_logistic,0.2,62,0.270989137048031,2022
100175,2025-12,0,core_logistic,0.2,63,0.2708167336898165,2022
101173,2025-12,0,core_logistic,0.2,64,0.2694449177895111,2022
101672,2025-12,1,core_logistic,0.2,65,0.2690010088153131,2022
100752,2025-12,0,core_logistic,0.2,66,0.2689219867370225,2022
101001,2025-12,0,core_logistic,0.2,67,0.2686583345121738,2022
101639,2025-12,0,core_logistic,0.2,68,0.2644955001027664,2022
101223,2025-12,0,core_logistic,0.2,69,0.2643885961227686,2022
100361,2025-12,0,core_logistic,0.2,70,0.2629300379672695,2022
101077,2025-12,0,core_logistic,0.2,71,0.2619156725201966,2022
102027,2025-12,0,core_logistic,0.2,72,0.2607121201717547,2022
101909,2025-12,0,core_logistic,0.2,73,0.260038609867846,2022
101527,2025-12,1,core_logistic,0.2,74,0.2581925702676126,2022
101798,2025-12,0,core_logistic,0.2,75,0.2572673433249743,2022
101928,2025-12,0,core_logistic,0.2,76,0.2571146073871799,2022
102067,2025-12,0,core_logistic,0.2,77,0.2569479198420565,2022
100882,2025-12,0,core_logistic,0.2,78,0.2566076516737304,2022
100883,2025-12,0,core_logistic,0.2,79,0.2564631775711798,2022
100919,2025-12,0,core_logistic,0.2,80,0.255729787592579,2022
101853,2025-12,0,core_logistic,0.2,81,0.2553852158408311,2022
101285,2025-12,0,core_logistic,0.2,82,0.254544409301168,2022
100298,2025-12,0,core_logistic,0.2,83,0.2538285316771309,2022
100148,2025-12,1,core_logistic,0.2,84,0.2536104480857119,2022
100017,2025-12,1,core_logistic,0.2,85,0.2531746521696976,2022
101431,2025-12,1,core_logistic,0.2,86,0.2490671878633841,2022
100936,2025-12,0,core_logistic,0.2,87,0.2485629487313478,2022
101944,2025-12,0,core_logistic,0.2,88,0.2476142627856973,2022
100170,2025-12,0,core_logistic,0.2,89,0.247350452535313,2022
102077,2025-12,0,core_logistic,0.2,90,0.2456468391761516,2022
101724,2025-12,0,core_logistic,0.2,91,0.2451793129663208,2022
101474,2025-12,0,core_logistic,0.2,92,0.2449967351726911,2022
101598,2025-12,0,core_logistic,0.2,93,0.2445404123597196,2022
102049,2025-12,0,core_logistic,0.2,94,0.2444096598254532,2022
101436,2025-12,1,core_logistic,0.2,95,0.2441559032732504,2022
101829,2025-12,0,core_logistic,0.2,96,0.2430947064625417,2022
100032,2025-12,0,core_logistic,0.2,97,0.2422454113776574,2022
102005,2025-12,0,core_logistic,0.2,98,0.2390805742630756,2022
100056,2025-12,0,core_logistic,0.2,99,0.2382880661017325,2022
101761,2025-12,0,core_logistic,0.2,100,0.2376513016851728,2022
101104,2025-12,1,core_logistic,0.2,101,0.2372074872210864,2022
101811,2025-12,0,core_logistic,0.2,102,0.2364100785695317,2022
100214,2025-12,0,core_logistic,0.2,103,0.2364015497852918,2022
102045,2025-12,1,core_logistic,0.2,104,0.2362012733918586,2022
100729,2025-12,1,core_logistic,0.2,105,0.2349652894033116,2022
100052,2025-12,0,core_logistic,0.2,106,0.2345514644530427,2022
101466,2025-12,0,core_logistic,0.2,107,0.2333055153922639,2022
100745,2025-12,0,core_logistic,0.2,108,0.231384958240017,2022
101935,2025-12,0,core_logistic,0.2,109,0.2313586915036526,2022
100275,2025-12,1,core_logistic,0.2,110,0.2310073511655944,2022
100286,2025-12,1,core_logistic,0.2,111,0.2309567575496247,2022
101332,2025-12,0,core_logistic,0.2,112,0.230744795930286,2022
101119,2025-12,0,core_logistic,0.2,113,0.2301250221372064,2022
101636,2025-12,0,core_logistic,0.2,114,0.229961630748758,2022
101447,2025-12,0,core_logistic,0.2,115,0.2298214395833029,2022
101266,2025-12,0,core_logistic,0.2,116,0.229014395341885,2022
101078,2025-12,0,core_logistic,0.2,117,0.2284048717801675,2022
101948,2025-12,1,core_logistic,0.2,118,0.228105166990734,2022
101971,2025-12,0,core_logistic,0.2,119,0.2279917683173642,2022
101509,2025-12,0,core_logistic,0.2,120,0.2275523036992057,2022
101692,2025-12,0,core_logistic,0.2,121,0.2265675241436089,2022
101990,2025-12,0,core_logistic,0.2,122,0.2257694770546724,2022
100967,2025-12,0,core_logistic,0.2,123,0.2249725054104838,2022
100010,2025-12,0,core_logistic,0.2,124,0.2248693741215204,2022
101309,2025-12,0,core_logistic,0.2,125,0.2234530279149098,2022
101259,2025-12,0,core_logistic,0.2,126,0.2234530279149098,2022
100303,2025-12,0,core_logistic,0.2,127,0.2231316300198268,2022
101382,2025-12,0,core_logistic,0.2,128,0.2223653009127854,2022
101854,2025-12,0,core_logistic,0.2,129,0.2217274957075681,2022
102075,2025-12,0,core_logistic,0.2,130,0.2217274957075681,2022
100334,2025-12,1,core_logistic,0.2,131,0.2215711962883314,2022
100296,2025-12,0,core_logistic,0.2,132,0.220865638867746,2022
101423,2025-12,0,core_logistic,0.2,133,0.2196927108396216,2022
101922,2025-12,0,core_logistic,0.2,134,0.2186041959130951,2022
100794,2025-12,0,core_logistic,0.2,135,0.2183137126105346,2022
100884,2025-12,0,core_logistic,0.2,136,0.2183069514234931,2022
101805,2025-12,1,core_logistic,0.2,137,0.2180217017275441,2022
101945,2025-12,1,core_logistic,0.2,138,0.218014544411826,2022
101282,2025-12,0,core_logistic,0.2,139,0.2172220944293536,2022
101709,2025-12,0,core_logistic,0.2,140,0.2167315141033471,2022
101232,2025-12,0,core_logistic,0.2,141,0.2164548730603461,2022
100662,2025-12,0,core_logistic,0.2,142,0.216407573177972,2022
101393,2025-12,1,core_logistic,0.2,143,0.2162595935817126,2022
100665,2025-12,0,core_logistic,0.2,144,0.2158543142015394,2022
101628,2025-12,0,core_logistic,0.2,145,0.2156273444452975,2022
101137,2025-12,0,core_logistic,0.2,146,0.2154326062723715,2022
101950,2025-12,1,core_logistic,0.2,147,0.2149978238111474,2022
101783,2025-12,0,core_logistic,0.2,148,0.2149769668851867,2022
101044,2025-12,1,core_logistic,0.2,149,0.2144330384715954,2022
101322,2025-12,1,core_logistic,0.2,150,0.2132394036892952,2022
101610,2025-12,0,core_logistic,0.2,151,0.2131524773245252,2022
101414,2025-12,0,core_logistic,0.2,152,0.2129149928468502,2022
101336,2025-12,0,core_logistic,0.2,153,0.2127663851675514,2022
100283,2025-12,0,core_logistic,0.2,154,0.2125735305568598,2022
100608,2025-12,0,core_logistic,0.2,155,0.2125665034777124,2022
101951,2025-12,0,core_logistic,0.2,156,0.2124675002352459,2022
101415,2025-12,0,core_logistic,0.2,157,0.2116980332782216,2022
100867,2025-12,0,core_logistic,0.2,158,0.211519496006476,2022
101087,2025-12,1,core_logistic,0.2,159,0.2110282991647634,2022
100224,2025-12,0,core_logistic,0.2,160,0.2106520051379971,2022
101179,2025-12,1,core_logistic,0.2,161,0.2094590298384012,2022
101790,2025-12,0,core_logistic,0.2,162,0.2086390084550086,2022
101139,2025-12,0,core_logistic,0.2,163,0.2085600000219625,2022
101140,2025-12,1,core_logistic,0.2,164,0.2085383430174774,2022
100585,2025-12,0,core_logistic,0.2,165,0.2084419775387423,2022
100746,2025-12,1,core_logistic,0.2,166,0.2081068650393867,2022
100441,2025-12,0,core_logistic,0.2,167,0.2077615613709361,2022
101320,2025-12,0,core_logistic,0.2,168,0.2072747306022853,2022
100899,2025-12,0,core_logistic,0.2,169,0.2065548826783121,2022
101219,2025-12,0,core_logistic,0.2,170,0.2062878102531228,2022
101642,2025-12,1,core_logistic,0.2,171,0.2059350500735729,2022
101045,2025-12,0,core_logistic,0.2,172,0.20396191464743,2022
101036,2025-12,0,core_logistic,0.2,173,0.2039379349731157,2022
101102,2025-12,0,core_logistic,0.2,174,0.2025272400222644,2022
101175,2025-12,1,core_logistic,0.2,175,0.2022840460192221,2022
101888,2025-12,0,core_logistic,0.2,176,0.2021562982590757,2022
101154,2025-12,1,core_logistic,0.2,177,0.2021562982590757,2022
100029,2025-12,0,core_logistic,0.2,178,0.201912588582914,2022
101987,2025-12,0,core_logistic,0.2,179,0.2018756405916987,2022
100073,2025-12,1,core_logistic,0.2,180,0.2018688764929585,2022
100623,2025-12,0,core_logistic,0.2,181,0.2013258569308725,2022
102078,2025-12,0,core_logistic,0.2,182,0.2010454059893651,2022
100203,2025-12,1,core_logistic,0.2,183,0.2004515670364952,2022
101181,2025-12,0,core_logistic,0.2,184,0.2000629467096351,2022
101298,2025-12,0,core_logistic,0.2,185,0.1991429021651098,2022
101573,2025-12,0,core_logistic,0.2,186,0.1991063345565256,2022
100777,2025-12,0,core_logistic,0.2,187,0.1990996400997719,2022
100297,2025-12,0,core_logistic,0.2,188,0.1980692522101125,2022
100066,2025-12,0,core_logistic,0.2,189,0.1968150997128146,2022
100446,2025-12,0,core_logistic,0.2,190,0.1962835344370402,2022
101838,2025-12,0,core_logistic,0.2,191,0.1962527823358029,2022
101576,2025-12,1,core_logistic,0.2,192,0.1961085168024594,2022
101124,2025-12,1,core_logistic,0.2,193,0.1948200077815643,2022
100985,2025-12,0,core_logistic,0.2,194,0.1947709650917407,2022
101305,2025-12,0,core_logistic,0.2,195,0.1943674583394795,2022
101312,2025-12,1,core_logistic,0.2,196,0.1938973524815204,2022
101395,2025-12,0,core_logistic,0.2,197,0.193564959899292,2022
100787,2025-12,0,core_logistic,0.2,198,0.1933364660774157,2022
100903,2025-12,0,core_logistic,0.2,199,0.1932260890485006,2022
100427,2025-12,0,core_logistic,0.2,200,0.1922544638824903,2022
101067,2025-12,0,core_logistic,0.2,201,0.1919887482150593,2022
101837,2025-12,0,core_logistic,0.2,202,0.1914532979640831,2022
100128,2025-12,0,core_logistic,0.2,203,0.1908276239663283,2022
101823,2025-12,1,core_logistic,0.2,204,0.1907118610231978,2022
100727,2025-12,1,core_logistic,0.2,205,0.1899043243069818,2022
100573,2025-12,1,core_logistic,0.2,206,0.1896111372510507,2022
100686,2025-12,0,core_logistic,0.2,207,0.1891905005572026,2022
101776,2025-12,0,core_logistic,0.2,208,0.1890490362506927,2022
101826,2025-12,0,core_logistic,0.2,209,0.1883211587726611,2022
100308,2025-12,0,core_logistic,0.2,210,0.1879692998801777,2022
100817,2025-12,0,core_logistic,0.2,211,0.1876404594773171,2022
100422,2025-12,1,core_logistic,0.2,212,0.1869043538566767,2022
100876,2025-12,1,core_logistic,0.2,213,0.1868252548348578,2022
100341,2025-12,0,core_logistic,0.2,214,0.1864523448834902,2022
101215,2025-12,0,core_logistic,0.2,215,0.1858974600172309,2022
100469,2025-12,0,core_logistic,0.2,216,0.1858814612558695,2022
101287,2025-12,0,core_logistic,0.2,217,0.1854421411449436,2022
100425,2025-12,1,core_logistic,0.2,218,0.1853404760921888,2022
101721,2025-12,0,core_logistic,0.2,219,0.1850944347472403,2022
100210,2025-12,0,core_logistic,0.2,220,0.1841854608107286,2022
102089,2025-12,0,core_logistic,0.2,221,0.183601426516495,2022
101886,2025-12,0,core_logistic,0.2,222,0.1831183657257128,2022
101246,2025-12,0,core_logistic,0.2,223,0.1828354028677125,2022
100564,2025-12,0,core_logistic,0.2,224,0.1821480780725439,2022
102012,2025-12,0,core_logistic,0.2,225,0.1814408259453018,2022
101712,2025-12,0,core_logistic,0.2,226,0.1806200571491868,2022
101338,2025-12,0,core_logistic,0.2,227,0.1800742617780149,2022
100243,2025-12,0,core_logistic,0.2,228,0.1788890117214903,2022
101719,2025-12,0,core_logistic,0.2,229,0.1787804432356158,2022
100448,2025-12,0,core_logistic,0.2,230,0.17874773584911,2022
101885,2025-12,0,core_logistic,0.2,231,0.1786596080676535,2022
101952,2025-12,0,core_logistic,0.2,232,0.1782266997592221,2022
100197,2025-12,0,core_logistic,0.2,233,0.1780061724081029,2022
100459,2025-12,0,core_logistic,0.2,234,0.1779849075789217,2022
100907,2025-12,0,core_logistic,0.2,235,0.1770033721651274,2022
101825,2025-12,0,core_logistic,0.2,236,0.1763847563199101,2022
101094,2025-12,0,core_logistic,0.2,237,0.1758319514996995,2022
101464,2025-12,1,core_logistic,0.2,238,0.1755565440488579,2022
100229,2025-12,0,core_logistic,0.2,239,0.17532571411653,2022
101256,2025-12,0,core_logistic,0.2,240,0.1744793875160297,2022
101647,2025-12,0,core_logistic,0.2,241,0.1744260269588627,2022
101831,2025-12,0,core_logistic,0.2,242,0.1738677292650415,2022
100399,2025-12,0,core_logistic,0.2,243,0.1735582859004862,2022
102058,2025-12,0,core_logistic,0.2,244,0.1728773364682429,2022
101325,2025-12,1,core_logistic,0.2,245,0.1725481986899592,2022
101927,2025-12,1,core_logistic,0.2,246,0.171376693619163,2022
101601,2025-12,0,core_logistic,0.2,247,0.1688932337186717,2022
101392,2025-12,0,core_logistic,0.2,248,0.1688046020553211,2022
100115,2025-12,0,core_logistic,0.2,249,0.1686026063678905,2022
101895,2025-12,0,core_logistic,0.2,250,0.1685760193044814,2022
100959,2025-12,0,core_logistic,0.2,251,0.1684146504836667,2022
100531,2025-12,0,core_logistic,0.2,252,0.1674087508952275,2022
100543,2025-12,0,core_logistic,0.2,253,0.1670615251985465,2022
101543,2025-12,0,core_logistic,0.2,254,0.1667229985859695,2022
100206,2025-12,0,core_logistic,0.2,255,0.166261703177623,2022
100913,2025-12,0,core_logistic,0.2,256,0.1662493348822765,2022
100627,2025-12,0,core_logistic,0.2,257,0.1660839337913987,2022
101189,2025-12,0,core_logistic,0.2,258,0.1654707468845536,2022
101946,2025-12,0,core_logistic,0.2,259,0.1649011029229239,2022
101551,2025-12,0,core_logistic,0.2,260,0.1647971401702608,2022
101542,2025-12,0,core_logistic,0.2,261,0.1639574043935872,2022
101723,2025-12,0,core_logistic,0.2,262,0.1638806303154945,2022
101144,2025-12,0,core_logistic,0.2,263,0.1637286191906015,2022
100390,2025-12,0,core_logistic,0.2,264,0.1637228710604505,2022
100873,2025-12,0,core_logistic,0.2,265,0.163484314835504,2022
102016,2025-12,0,core_logistic,0.2,266,0.1633830028523903,2022
102046,2025-12,0,core_logistic,0.2,267,0.1624910031926379,2022
101182,2025-12,0,core_logistic,0.2,268,0.1622782409741878,2022
101846,2025-12,0,core_logistic,0.2,269,0.1621198048864663,2022
101125,2025-12,0,core_logistic,0.2,270,0.1612209878255969,2022
101736,2025-12,1,core_logistic,0.2,271,0.1611908623449879,2022
101901,2025-12,0,core_logistic,0.2,272,0.1608188540554845,2022
101457,2025-12,0,core_logistic,0.2,273,0.1605670111877056,2022
101449,2025-12,0,core_logistic,0.2,274,0.1599555775506882,2022
100245,2025-12,0,core_logistic,0.2,275,0.159534853699559,2022
101084,2025-12,0,core_logistic,0.2,276,0.1594446938787553,2022
102007,2025-12,0,core_logistic,0.2,277,0.1593289554921784,2022
100946,2025-12,0,core_logistic,0.2,278,0.159169125060836,2022
100267,2025-12,0,core_logistic,0.2,279,0.1589272340146153,2022
100790,2025-12,0,core_logistic,0.2,280,0.1588983460104425,2022
100626,2025-12,0,core_logistic,0.2,281,0.1588610734204779,2022
101031,2025-12,1,core_logistic,0.2,282,0.1583417546234606,2022
100508,2025-12,0,core_logistic,0.2,283,0.1582976619284267,2022
100509,2025-12,0,core_logistic,0.2,284,0.1582408290485788,2022
100324,2025-12,1,core_logistic,0.2,285,0.1581939091509506,2022
100067,2025-12,0,core_logistic,0.2,286,0.1579650481121529,2022
101957,2025-12,0,core_logistic,0.2,287,0.1579126119863221,2022
101505,2025-12,0,core_logistic,0.2,288,0.1576551919785589,2022
100945,2025-12,0,core_logistic,0.2,289,0.1567433087396045,2022
100173,2025-12,0,core_logistic,0.2,290,0.156397820839699,2022
100833,2025-12,0,core_logistic,0.2,291,0.1559012465365606,2022
100848,2025-12,0,core_logistic,0.2,292,0.1550876833839937,2022
101492,2025-12,0,core_logistic,0.2,293,0.1549003056496152,2022
102069,2025-12,0,core_logistic,0.2,294,0.1546063314262624,2022
100636,2025-12,0,core_logistic,0.2,295,0.1545667726628682,2022
101377,2025-12,0,core_logistic,0.2,296,0.1543538433989813,2022
101277,2025-12,0,core_logistic,0.2,297,0.1543229200801738,2022
102080,2025-12,0,core_logistic,0.2,298,0.1542467249999668,2022
100311,2025-12,0,core_logistic,0.2,299,0.1540286858333636,2022
101905,2025-12,0,core_logistic,0.2,300,0.1538551252194071,2022
100923,2025-12,0,core_logistic,0.2,301,0.1536710254688723,2022
100044,2025-12,0,core_logistic,0.2,302,0.153341901612128,2022
101735,2025-12,0,core_logistic,0.2,303,0.1532544780837001,2022
100250,2025-12,0,core_logistic,0.2,304,0.1529864900866229,2022
100487,2025-12,0,core_logistic,0.2,305,0.152822143259743,2022
100653,2025-12,0,core_logistic,0.2,306,0.152260800769876,2022
101301,2025-12,0,core_logistic,0.2,307,0.1522266277216157,2022
100744,2025-12,0,core_logistic,0.2,308,0.1518471314115294,2022
100213,2025-12,0,core_logistic,0.2,309,0.1517201616816585,2022
100605,2025-12,0,core_logistic,0.2,310,0.1516670810566745,2022
101135,2025-12,0,core_logistic,0.2,311,0.151494564504388,2022
101296,2025-12,0,core_logistic,0.2,312,0.1512949572688643,2022
100702,2025-12,0,core_logistic,0.2,313,0.1512844795089482,2022
102019,2025-12,0,core_logistic,0.2,314,0.1501337012357052,2022
100977,2025-12,0,core_logistic,0.2,315,0.1488158623780326,2022
100340,2025-12,0,core_logistic,0.2,316,0.148496058137088,2022
100747,2025-12,0,core_logistic,0.2,317,0.1484826911457736,2022
100650,2025-12,0,core_logistic,0.2,318,0.1484302464589169,2022
101881,2025-12,0,core_logistic,0.2,319,0.1483265178697927,2022
101319,2025-12,0,core_logistic,0.2,320,0.1477038058362313,2022
101769,2025-12,0,core_logistic,0.2,321,0.1475641516676112,2022
101421,2025-12,0,core_logistic,0.2,322,0.1472746260368397,2022
100640,2025-12,0,core_logistic,0.2,323,0.1466784970949761,2022
100375,2025-12,0,core_logistic,0.2,324,0.146408868276709,2022
100591,2025-12,0,core_logistic,0.2,325,0.1463010661244214,2022
101953,2025-12,0,core_logistic,0.2,326,0.1460864247717273,2022
100929,2025-12,1,core_logistic,0.2,327,0.1456617965005977,2022
101626,2025-12,0,core_logistic,0.2,328,0.1447980591304881,2022
100356,2025-12,0,core_logistic,0.2,329,0.1447309586115993,2022
100757,2025-12,1,core_logistic,0.2,330,0.144725762019801,2022
101623,2025-12,1,core_logistic,0.2,331,0.1443776385723979,2022
100990,2025-12,0,core_logistic,0.2,332,0.1441798314012776,2022
101117,2025-12,0,core_logistic,0.2,333,0.1438083511597563,2022
100288,2025-12,0,core_logistic,0.2,334,0.1433059199212277,2022
100304,2025-12,0,core_logistic,0.2,335,0.1431748755327155,2022
101446,2025-12,0,core_logistic,0.2,336,0.1430566010608034,2022
100189,2025-12,0,core_logistic,0.2,337,0.1428873765932908,2022
100818,2025-12,0,core_logistic,0.2,338,0.142796360659907,2022
100407,2025-12,0,core_logistic,0.2,339,0.142565038939234,2022
101195,2025-12,0,core_logistic,0.2,340,0.1424062647927317,2022
101227,2025-12,0,core_logistic,0.2,341,0.1420479417517125,2022
101749,2025-12,0,core_logistic,0.2,342,0.1419358445362084,2022
101341,2025-12,0,core_logistic,0.2,343,0.1418445419253375,2022
100058,2025-12,0,core_logistic,0.2,344,0.1418157044469689,2022
101824,2025-12,0,core_logistic,0.2,345,0.1418157044469689,2022
101018,2025-12,0,core_logistic,0.2,346,0.1414825865860889,2022
101009,2025-12,0,core_logistic,0.2,347,0.1414774873343439,2022
100771,2025-12,0,core_logistic,0.2,348,0.1412610199388597,2022
100001,2025-12,1,core_logistic,0.2,349,0.1410003417864714,2022
100577,2025-12,0,core_logistic,0.2,350,0.1403899650360235,2022
101861,2025-12,0,core_logistic,0.2,351,0.1402875287117214,2022
101821,2025-12,0,core_logistic,0.2,352,0.1402332170830174,2022
101302,2025-12,0,core_logistic,0.2,353,0.1401882666802225,2022
101913,2025-12,0,core_logistic,0.2,354,0.1399617576215776,2022
100609,2025-12,0,core_logistic,0.2,355,0.1397182246011079,2022
101229,2025-12,0,core_logistic,0.2,356,0.1396783859276421,2022
100714,2025-12,0,core_logistic,0.2,357,0.139472788755205,2022
100278,2025-12,0,core_logistic,0.2,358,0.1392636825476421,2022
101314,2025-12,0,core_logistic,0.2,359,0.1391256776082262,2022
100947,2025-12,0,core_logistic,0.2,360,0.1387547270033449,2022
100270,2025-12,0,core_logistic,0.2,361,0.1387547270033449,2022
102081,2025-12,0,core_logistic,0.2,362,0.1384769136863319,2022
100826,2025-12,0,core_logistic,0.2,363,0.1384549894356695,2022
100083,2025-12,0,core_logistic,0.2,364,0.1384486504016814,2022
101202,2025-12,1,core_logistic,0.2,365,0.1381691114556781,2022
101216,2025-12,0,core_logistic,0.2,366,0.138053326398262,2022
100774,2025-12,0,core_logistic,0.2,367,0.1379898262327665,2022
101120,2025-12,0,core_logistic,0.2,368,0.1378578710513626,2022
101777,2025-12,0,core_logistic,0.2,369,0.1378222077289875,2022
100523,2025-12,0,core_logistic,0.2,370,0.1376639370043865,2022
100466,2025-12,0,core_logistic,0.2,371,0.137483526369185,2022
101046,2025-12,1,core_logistic,0.2,372,0.1371112898318292,2022
100572,2025-12,0,core_logistic,0.2,373,0.1369284768066754,2022
100758,2025-12,0,core_logistic,0.2,374,0.1365643949889332,2022
100696,2025-12,0,core_logistic,0.2,375,0.1364603329198398,2022
100898,2025-12,0,core_logistic,0.2,376,0.1364487733220663,2022
100724,2025-12,1,core_logistic,0.2,377,0.1362930005846538,2022
101911,2025-12,0,core_logistic,0.2,378,0.1361283633766558,2022
101406,2025-12,0,core_logistic,0.2,379,0.1359346520416694,2022
100005,2025-12,0,core_logistic,0.2,380,0.1354042556390908,2022
100807,2025-12,1,core_logistic,0.2,381,0.1352212338798677,2022
100624,2025-12,0,core_logistic,0.2,382,0.1346003447271181,2022
101741,2025-12,0,core_logistic,0.2,383,0.1345014004053471,2022
101752,2025-12,0,core_logistic,0.2,384,0.1343194070879746,2022
101663,2025-12,0,core_logistic,0.2,385,0.1342239853652074,2022
101585,2025-12,0,core_logistic,0.2,386,0.1338326899331381,2022
102090,2025-12,0,core_logistic,0.2,387,0.1333053303224049,2022
101870,2025-12,1,core_logistic,0.2,388,0.1332242461997432,2022
101549,2025-12,0,core_logistic,0.2,389,0.1330287813114931,2022
101676,2025-12,0,core_logistic,0.2,390,0.1329066253768712,2022
101839,2025-12,0,core_logistic,0.2,391,0.1326413833773984,2022
101035,2025-12,0,core_logistic,0.2,392,0.1322289644385682,2022
100219,2025-12,0,core_logistic,0.2,393,0.1318688473856152,2022
100143,2025-12,0,core_logistic,0.2,394,0.1318640414081545,2022
100765,2025-12,0,core_logistic,0.2,395,0.1316513002433944,2022
101203,2025-12,0,core_logistic,0.2,396,0.1315836858383888,2022
100655,2025-12,0,core_logistic,0.2,397,0.1313206841764488,2022
100519,2025-12,0,core_logistic,0.2,398,0.1311968846803167,2022
101713,2025-12,0,core_logistic,0.2,399,0.1307323452543957,2022
100772,2025-12,0,core_logistic,0.2,400,0.1305967450244246,2022
101779,2025-12,0,core_logistic,0.2,401,0.1304660268695211,2022
102048,2025-12,0,core_logistic,0.2,402,0.13039443714748,2022
101579,2025-12,0,core_logistic,0.2,403,0.1301780941073104,2022
100943,2025-12,0,core_logistic,0.2,404,0.1296434345665776,2022
101592,2025-12,0,core_logistic,0.2,405,0.1290301461286029,2022
100587,2025-12,0,extended_logistic,0.05,1,0.4591707228032284,2022
101448,2025-12,1,extended_logistic,0.05,2,0.4091559097594004,2022
100233,2025-12,0,extended_logistic,0.05,3,0.3943363678673968,2022
100859,2025-12,0,extended_logistic,0.05,4,0.3905553267162276,2022
100485,2025-12,0,extended_logistic,0.05,5,0.3895942894933898,2022
100670,2025-12,1,extended_logistic,0.05,6,0.3866850273673697,2022
100968,2025-12,0,extended_logistic,0.05,7,0.3826239255194851,2022
100161,2025-12,1,extended_logistic,0.05,8,0.3821486089377641,2022
100823,2025-12,1,extended_logistic,0.05,9,0.3795751748752972,2022
100034,2025-12,0,extended_logistic,0.05,10,0.3794816324846119,2022
100530,2025-12,0,extended_logistic,0.05,11,0.3745868887059804,2022
100123,2025-12,0,extended_logistic,0.05,12,0.3743591171194715,2022
100276,2025-12,1,extended_logistic,0.05,13,0.3675197960570126,2022
101471,2025-12,1,extended_logistic,0.05,14,0.3645328510944007,2022
100875,2025-12,1,extended_logistic,0.05,15,0.3612672241418566,2022
100592,2025-12,0,extended_logistic,0.05,16,0.3606369019001466,2022
102029,2025-12,0,extended_logistic,0.05,17,0.3592307687402419,2022
101367,2025-12,0,extended_logistic,0.05,18,0.3587188111925051,2022
100225,2025-12,0,extended_logistic,0.05,19,0.3543190063473097,2022
101164,2025-12,0,extended_logistic,0.05,20,0.3542278011735347,2022
100992,2025-12,1,extended_logistic,0.05,21,0.3532196751078175,2022
101613,2025-12,1,extended_logistic,0.05,22,0.3500720062021504,2022
101011,2025-12,0,extended_logistic,0.05,23,0.3439343462609792,2022
100694,2025-12,0,extended_logistic,0.05,24,0.3438653603207446,2022
100130,2025-12,0,extended_logistic,0.05,25,0.3415651491356809,2022
101853,2025-12,0,extended_logistic,0.05,26,0.3403246959613607,2022
101393,2025-12,1,extended_logistic,0.05,27,0.336709336166244,2022
102037,2025-12,0,extended_logistic,0.05,28,0.3342964716424523,2022
101499,2025-12,1,extended_logistic,0.05,29,0.3340666459121909,2022
100849,2025-12,1,extended_logistic,0.05,30,0.331957590130659,2022
100361,2025-12,0,extended_logistic,0.05,31,0.3318202610034669,2022
101280,2025-12,1,extended_logistic,0.05,32,0.3315592726040927,2022
101883,2025-12,1,extended_logistic,0.05,33,0.3292866338807305,2022
101423,2025-12,0,extended_logistic,0.05,34,0.3290850913874156,2022
100870,2025-12,0,extended_logistic,0.05,35,0.3228102500430856,2022
100298,2025-12,0,extended_logistic,0.05,36,0.3220613657957861,2022
100610,2025-12,1,extended_logistic,0.05,37,0.3200496046451473,2022
101638,2025-12,0,extended_logistic,0.05,38,0.3173194142146254,2022
101489,2025-12,0,extended_logistic,0.05,39,0.3159725841735479,2022
101379,2025-12,0,extended_logistic,0.05,40,0.3157754397959381,2022
101857,2025-12,1,extended_logistic,0.05,41,0.3150306617222081,2022
101173,2025-12,0,extended_logistic,0.05,42,0.3144845793551092,2022
101527,2025-12,1,extended_logistic,0.05,43,0.3060188251681497,2022
100698,2025-12,0,extended_logistic,0.05,44,0.3058343185331705,2022
101704,2025-12,1,extended_logistic,0.05,45,0.3040158892747562,2022
101343,2025-12,0,extended_logistic,0.05,46,0.3014019916363552,2022
100453,2025-12,1,extended_logistic,0.05,47,0.2985387552271518,2022
100334,2025-12,1,extended_logistic,0.05,48,0.296903693492779,2022
100775,2025-12,1,extended_logistic,0.05,49,0.2956065461714813,2022
100661,2025-12,0,extended_logistic,0.05,50,0.2945913821675117,2022
100238,2025-12,0,extended_logistic,0.05,51,0.2929226689825444,2022
101738,2025-12,1,extended_logistic,0.05,52,0.2909536918171054,2022
101322,2025-12,1,extended_logistic,0.05,53,0.2909198059703736,2022
100322,2025-12,0,extended_logistic,0.05,54,0.2880165218039088,2022
100560,2025-12,1,extended_logistic,0.05,55,0.2865828041730263,2022
101798,2025-12,0,extended_logistic,0.05,56,0.2852250567115479,2022
101583,2025-12,0,extended_logistic,0.05,57,0.2851127793262136,2022
101928,2025-12,0,extended_logistic,0.05,58,0.284135973601747,2022
101936,2025-12,0,extended_logistic,0.05,59,0.2830337358776869,2022
101285,2025-12,0,extended_logistic,0.05,60,0.2830000913249883,2022
101811,2025-12,0,extended_logistic,0.05,61,0.2811878535570664,2022
100882,2025-12,0,extended_logistic,0.05,62,0.2808476841464741,2022
101950,2025-12,1,extended_logistic,0.05,63,0.2800611525664574,2022
101660,2025-12,1,extended_logistic,0.05,64,0.2792533479786976,2022
101772,2025-12,0,extended_logistic,0.05,65,0.2777029127695392,2022
101726,2025-12,1,extended_logistic,0.05,66,0.2769321167172507,2022
101569,2025-12,0,extended_logistic,0.05,67,0.2758276896492345,2022
101672,2025-12,1,extended_logistic,0.05,68,0.2753451436918835,2022
101320,2025-12,0,extended_logistic,0.05,69,0.2741631245930271,2022
100496,2025-12,0,extended_logistic,0.05,70,0.2734780039302231,2022
101431,2025-12,1,extended_logistic,0.05,71,0.2731257796955061,2022
101474,2025-12,0,extended_logistic,0.05,72,0.2717967479074654,2022
100484,2025-12,0,extended_logistic,0.05,73,0.2702084634857096,2022
100427,2025-12,0,extended_logistic,0.05,74,0.2686737159060752,2022
100919,2025-12,0,extended_logistic,0.05,75,0.2667356765119619,2022
101888,2025-12,0,extended_logistic,0.05,76,0.2655955515380703,2022
101629,2025-12,0,extended_logistic,0.05,77,0.2653166588430612,2022
100936,2025-12,0,extended_logistic,0.05,78,0.2639876898159176,2022
100729,2025-12,1,extended_logistic,0.05,79,0.2616330151359445,2022
100446,2025-12,0,extended_logistic,0.05,80,0.2611047163130566,2022
100967,2025-12,0,extended_logistic,0.05,81,0.2609735612581569,2022
100686,2025-12,0,extended_logistic,0.05,82,0.2605054205081197,2022
101436,2025-12,1,extended_logistic,0.05,83,0.259649713445725,2022
100795,2025-12,0,extended_logistic,0.05,84,0.2595342094394998,2022
101776,2025-12,0,extended_logistic,0.05,85,0.2581532332969898,2022
101990,2025-12,0,extended_logistic,0.05,86,0.2579593894333138,2022
100017,2025-12,1,extended_logistic,0.05,87,0.2576169403433723,2022
100787,2025-12,0,extended_logistic,0.05,88,0.2567757554312702,2022
100854,2025-12,0,extended_logistic,0.05,89,0.256539640511267,2022
101909,2025-12,0,extended_logistic,0.05,90,0.253565509753913,2022
101692,2025-12,0,extended_logistic,0.05,91,0.2534516007566014,2022
100665,2025-12,0,extended_logistic,0.05,92,0.2524563991217052,2022
101576,2025-12,1,extended_logistic,0.05,93,0.2522238837592381,2022
101951,2025-12,0,extended_logistic,0.05,94,0.2521543437338317,2022
100883,2025-12,0,extended_logistic,0.05,95,0.2519885474184133,2022
100175,2025-12,0,extended_logistic,0.05,96,0.2511283896897868,2022
101935,2025-12,0,extended_logistic,0.05,97,0.2487465580618075,2022
100704,2025-12,0,extended_logistic,0.05,98,0.2480026452638307,2022
102045,2025-12,1,extended_logistic,0.05,99,0.2474998727719284,2022
101509,2025-12,0,extended_logistic,0.05,100,0.2472763771213852,2022
101104,2025-12,1,extended_logistic,0.05,101,0.2465045177131386,2022
101610,2025-12,0,extended_logistic,0.05,102,0.2460858822068759,2022
100587,2025-12,0,extended_logistic,0.1,1,0.4591707228032284,2022
101448,2025-12,1,extended_logistic,0.1,2,0.4091559097594004,2022
100233,2025-12,0,extended_logistic,0.1,3,0.3943363678673968,2022
100859,2025-12,0,extended_logistic,0.1,4,0.3905553267162276,2022
100485,2025-12,0,extended_logistic,0.1,5,0.3895942894933898,2022
100670,2025-12,1,extended_logistic,0.1,6,0.3866850273673697,2022
100968,2025-12,0,extended_logistic,0.1,7,0.3826239255194851,2022
100161,2025-12,1,extended_logistic,0.1,8,0.3821486089377641,2022
100823,2025-12,1,extended_logistic,0.1,9,0.3795751748752972,2022
100034,2025-12,0,extended_logistic,0.1,10,0.3794816324846119,2022
100530,2025-12,0,extended_logistic,0.1,11,0.3745868887059804,2022
100123,2025-12,0,extended_logistic,0.1,12,0.3743591171194715,2022
100276,2025-12,1,extended_logistic,0.1,13,0.3675197960570126,2022
101471,2025-12,1,extended_logistic,0.1,14,0.3645328510944007,2022
100875,2025-12,1,extended_logistic,0.1,15,0.3612672241418566,2022
100592,2025-12,0,extended_logistic,0.1,16,0.3606369019001466,2022
102029,2025-12,0,extended_logistic,0.1,17,0.3592307687402419,2022
101367,2025-12,0,extended_logistic,0.1,18,0.3587188111925051,2022
100225,2025-12,0,extended_logistic,0.1,19,0.3543190063473097,2022
101164,2025-12,0,extended_logistic,0.1,20,0.3542278011735347,2022
100992,2025-12,1,extended_logistic,0.1,21,0.3532196751078175,2022
101613,2025-12,1,extended_logistic,0.1,22,0.3500720062021504,2022
101011,2025-12,0,extended_logistic,0.1,23,0.3439343462609792,2022
100694,2025-12,0,extended_logistic,0.1,24,0.3438653603207446,2022
100130,2025-12,0,extended_logistic,0.1,25,0.3415651491356809,2022
101853,2025-12,0,extended_logistic,0.1,26,0.3403246959613607,2022
101393,2025-12,1,extended_logistic,0.1,27,0.336709336166244,2022
102037,2025-12,0,extended_logistic,0.1,28,0.3342964716424523,2022
101499,2025-12,1,extended_logistic,0.1,29,0.3340666459121909,2022
100849,2025-12,1,extended_logistic,0.1,30,0.331957590130659,2022
100361,2025-12,0,extended_logistic,0.1,31,0.3318202610034669,2022
101280,2025-12,1,extended_logistic,0.1,32,0.3315592726040927,2022
101883,2025-12,1,extended_logistic,0.1,33,0.3292866338807305,2022
101423,2025-12,0,extended_logistic,0.1,34,0.3290850913874156,2022
100870,2025-12,0,extended_logistic,0.1,35,0.3228102500430856,2022
100298,2025-12,0,extended_logistic,0.1,36,0.3220613657957861,2022
100610,2025-12,1,extended_logistic,0.1,37,0.3200496046451473,2022
101638,2025-12,0,extended_logistic,0.1,38,0.3173194142146254,2022
101489,2025-12,0,extended_logistic,0.1,39,0.3159725841735479,2022
101379,2025-12,0,extended_logistic,0.1,40,0.3157754397959381,2022
101857,2025-12,1,extended_logistic,0.1,41,0.3150306617222081,2022
101173,2025-12,0,extended_logistic,0.1,42,0.3144845793551092,2022
101527,2025-12,1,extended_logistic,0.1,43,0.3060188251681497,2022
100698,2025-12,0,extended_logistic,0.1,44,0.3058343185331705,2022
101704,2025-12,1,extended_logistic,0.1,45,0.3040158892747562,2022
101343,2025-12,0,extended_logistic,0.1,46,0.3014019916363552,2022
100453,2025-12,1,extended_logistic,0.1,47,0.2985387552271518,2022
100334,2025-12,1,extended_logistic,0.1,48,0.296903693492779,2022
100775,2025-12,1,extended_logistic,0.1,49,0.2956065461714813,2022
100661,2025-12,0,extended_logistic,0.1,50,0.2945913821675117,2022
100238,2025-12,0,extended_logistic,0.1,51,0.2929226689825444,2022
101738,2025-12,1,extended_logistic,0.1,52,0.2909536918171054,2022
101322,2025-12,1,extended_logistic,0.1,53,0.2909198059703736,2022
100322,2025-12,0,extended_logistic,0.1,54,0.2880165218039088,2022
100560,2025-12,1,extended_logistic,0.1,55,0.2865828041730263,2022
101798,2025-12,0,extended_logistic,0.1,56,0.2852250567115479,2022
101583,2025-12,0,extended_logistic,0.1,57,0.2851127793262136,2022
101928,2025-12,0,extended_logistic,0.1,58,0.284135973601747,2022
101936,2025-12,0,extended_logistic,0.1,59,0.2830337358776869,2022
101285,2025-12,0,extended_logistic,0.1,60,0.2830000913249883,2022
101811,2025-12,0,extended_logistic,0.1,61,0.2811878535570664,2022
100882,2025-12,0,extended_logistic,0.1,62,0.2808476841464741,2022
101950,2025-12,1,extended_logistic,0.1,63,0.2800611525664574,2022
101660,2025-12,1,extended_logistic,0.1,64,0.2792533479786976,2022
101772,2025-12,0,extended_logistic,0.1,65,0.2777029127695392,2022
101726,2025-12,1,extended_logistic,0.1,66,0.2769321167172507,2022
101569,2025-12,0,extended_logistic,0.1,67,0.2758276896492345,2022
101672,2025-12,1,extended_logistic,0.1,68,0.2753451436918835,2022
101320,2025-12,0,extended_logistic,0.1,69,0.2741631245930271,2022
100496,2025-12,0,extended_logistic,0.1,70,0.2734780039302231,2022
101431,2025-12,1,extended_logistic,0.1,71,0.2731257796955061,2022
101474,2025-12,0,extended_logistic,0.1,72,0.2717967479074654,2022
100484,2025-12,0,extended_logistic,0.1,73,0.2702084634857096,2022
100427,2025-12,0,extended_logistic,0.1,74,0.2686737159060752,2022
100919,2025-12,0,extended_logistic,0.1,75,0.2667356765119619,2022
101888,2025-12,0,extended_logistic,0.1,76,0.2655955515380703,2022
101629,2025-12,0,extended_logistic,0.1,77,0.2653166588430612,2022
100936,2025-12,0,extended_logistic,0.1,78,0.2639876898159176,2022
100729,2025-12,1,extended_logistic,0.1,79,0.2616330151359445,2022
100446,2025-12,0,extended_logistic,0.1,80,0.2611047163130566,2022
100967,2025-12,0,extended_logistic,0.1,81,0.2609735612581569,2022
100686,2025-12,0,extended_logistic,0.1,82,0.2605054205081197,2022
101436,2025-12,1,extended_logistic,0.1,83,0.259649713445725,2022
100795,2025-12,0,extended_logistic,0.1,84,0.2595342094394998,2022
101776,2025-12,0,extended_logistic,0.1,85,0.2581532332969898,2022
101990,2025-12,0,extended_logistic,0.1,86,0.2579593894333138,2022
100017,2025-12,1,extended_logistic,0.1,87,0.2576169403433723,2022
100787,2025-12,0,extended_logistic,0.1,88,0.2567757554312702,2022
100854,2025-12,0,extended_logistic,0.1,89,0.256539640511267,2022
101909,2025-12,0,extended_logistic,0.1,90,0.253565509753913,2022
101692,2025-12,0,extended_logistic,0.1,91,0.2534516007566014,2022
100665,2025-12,0,extended_logistic,0.1,92,0.2524563991217052,2022
101576,2025-12,1,extended_logistic,0.1,93,0.2522238837592381,2022
101951,2025-12,0,extended_logistic,0.1,94,0.2521543437338317,2022
100883,2025-12,0,extended_logistic,0.1,95,0.2519885474184133,2022
100175,2025-12,0,extended_logistic,0.1,96,0.2511283896897868,2022
101935,2025-12,0,extended_logistic,0.1,97,0.2487465580618075,2022
100704,2025-12,0,extended_logistic,0.1,98,0.2480026452638307,2022
102045,2025-12,1,extended_logistic,0.1,99,0.2474998727719284,2022
101509,2025-12,0,extended_logistic,0.1,100,0.2472763771213852,2022
101104,2025-12,1,extended_logistic,0.1,101,0.2465045177131386,2022
101610,2025-12,0,extended_logistic,0.1,102,0.2460858822068759,2022
100745,2025-12,0,extended_logistic,0.1,103,0.2457967658885756,2022
100773,2025-12,0,extended_logistic,0.1,104,0.2455155597396586,2022
101266,2025-12,0,extended_logistic,0.1,105,0.2453039125248649,2022
101721,2025-12,0,extended_logistic,0.1,106,0.2443346237801117,2022
101312,2025-12,1,extended_logistic,0.1,107,0.2441461671955828,2022
102005,2025-12,0,extended_logistic,0.1,108,0.2439609196848469,2022
101971,2025-12,0,extended_logistic,0.1,109,0.239515584111795,2022
102079,2025-12,0,extended_logistic,0.1,110,0.2393859392396873,2022
100608,2025-12,0,extended_logistic,0.1,111,0.2392516468990434,2022
101790,2025-12,0,extended_logistic,0.1,112,0.2377790694995611,2022
100459,2025-12,0,extended_logistic,0.1,113,0.237092826290361,2022
101639,2025-12,0,extended_logistic,0.1,114,0.2367812057371805,2022
102067,2025-12,0,extended_logistic,0.1,115,0.236443475595774,2022
101414,2025-12,0,extended_logistic,0.1,116,0.2361609573900208,2022
100073,2025-12,1,extended_logistic,0.1,117,0.235362370107526,2022
100752,2025-12,0,extended_logistic,0.1,118,0.2331536786878662,2022
100189,2025-12,0,extended_logistic,0.1,119,0.23196134218456,2022
100275,2025-12,1,extended_logistic,0.1,120,0.2318764914984453,2022
101825,2025-12,0,extended_logistic,0.1,121,0.2316450105760503,2022
101036,2025-12,0,extended_logistic,0.1,122,0.2310212933666706,2022
100425,2025-12,1,extended_logistic,0.1,123,0.2308601733701264,2022
100672,2025-12,0,extended_logistic,0.1,124,0.2296402969799973,2022
102075,2025-12,0,extended_logistic,0.1,125,0.2294657937817985,2022
100296,2025-12,0,extended_logistic,0.1,126,0.2292732324944626,2022
100543,2025-12,0,extended_logistic,0.1,127,0.2276609946089763,2022
100662,2025-12,0,extended_logistic,0.1,128,0.2264392805699975,2022
101783,2025-12,0,extended_logistic,0.1,129,0.22559761658569,2022
100422,2025-12,1,extended_logistic,0.1,130,0.2251530439229342,2022
101223,2025-12,0,extended_logistic,0.1,131,0.2249249788131941,2022
101077,2025-12,0,extended_logistic,0.1,132,0.2247389289388636,2022
100573,2025-12,1,extended_logistic,0.1,133,0.2244526669499806,2022
101232,2025-12,0,extended_logistic,0.1,134,0.2241876686023357,2022
100214,2025-12,0,extended_logistic,0.1,135,0.2231961084052208,2022
100297,2025-12,0,extended_logistic,0.1,136,0.222650404763564,2022
101922,2025-12,0,extended_logistic,0.1,137,0.2222601991225403,2022
101119,2025-12,0,extended_logistic,0.1,138,0.2221766659478489,2022
101175,2025-12,1,extended_logistic,0.1,139,0.221521664813685,2022
101647,2025-12,0,extended_logistic,0.1,140,0.2213841428904922,2022
101628,2025-12,0,extended_logistic,0.1,141,0.2194440444949054,2022
101078,2025-12,0,extended_logistic,0.1,142,0.218867068482286,2022
101927,2025-12,1,extended_logistic,0.1,143,0.2178221858853451,2022
101102,2025-12,0,extended_logistic,0.1,144,0.2163693764653521,2022
102012,2025-12,0,extended_logistic,0.1,145,0.2163583674445551,2022
101829,2025-12,0,extended_logistic,0.1,146,0.2161754940608992,2022
100923,2025-12,0,extended_logistic,0.1,147,0.2158205383939011,2022
100585,2025-12,0,extended_logistic,0.1,148,0.215774620100618,2022
100487,2025-12,0,extended_logistic,0.1,149,0.214185981963368,2022
102089,2025-12,0,extended_logistic,0.1,150,0.2137746563551772,2022
101215,2025-12,0,extended_logistic,0.1,151,0.2137109650312738,2022
100224,2025-12,0,extended_logistic,0.1,152,0.2134624291543785,2022
101712,2025-12,0,extended_logistic,0.1,153,0.2116753052707781,2022
101181,2025-12,0,extended_logistic,0.1,154,0.2116658338443851,2022
101045,2025-12,0,extended_logistic,0.1,155,0.2116619961199624,2022
101854,2025-12,0,extended_logistic,0.1,156,0.2115847983014859,2022
100636,2025-12,0,extended_logistic,0.1,157,0.2112880453449876,2022
101154,2025-12,1,extended_logistic,0.1,158,0.2111830005112089,2022
100623,2025-12,0,extended_logistic,0.1,159,0.2111279101742088,2022
100899,2025-12,0,extended_logistic,0.1,160,0.2109534597425086,2022
100564,2025-12,0,extended_logistic,0.1,161,0.2097256969268591,2022
101724,2025-12,0,extended_logistic,0.1,162,0.2090801593778483,2022
100884,2025-12,0,extended_logistic,0.1,163,0.2090476219189322,2022
102069,2025-12,0,extended_logistic,0.1,164,0.2076282947447924,2022
101124,2025-12,1,extended_logistic,0.1,165,0.2075282406021228,2022
101415,2025-12,0,extended_logistic,0.1,166,0.2067859667425524,2022
101395,2025-12,0,extended_logistic,0.1,167,0.2065163228403428,2022
101246,2025-12,0,extended_logistic,0.1,168,0.2063450494837328,2022
102027,2025-12,0,extended_logistic,0.1,169,0.2063178315677484,2022
100985,2025-12,0,extended_logistic,0.1,170,0.2062773294178254,2022
101543,2025-12,0,extended_logistic,0.1,171,0.206272754346504,2022
101087,2025-12,1,extended_logistic,0.1,172,0.205767144350458,2022
101952,2025-12,0,extended_logistic,0.1,173,0.2056989429791138,2022
100390,2025-12,0,extended_logistic,0.1,174,0.2053113040073187,2022
100817,2025-12,0,extended_logistic,0.1,175,0.2051833577646921,2022
102090,2025-12,0,extended_logistic,0.1,176,0.2047744179951333,2022
100943,2025-12,0,extended_logistic,0.1,177,0.2046409234673089,2022
101464,2025-12,1,extended_logistic,0.1,178,0.2036538152472582,2022
102049,2025-12,0,extended_logistic,0.1,179,0.2031952976398974,2022
100010,2025-12,0,extended_logistic,0.1,180,0.2009452285438108,2022
101139,2025-12,0,extended_logistic,0.1,181,0.2007854682572087,2022
100029,2025-12,0,extended_logistic,0.1,182,0.199871374526842,2022
101140,2025-12,1,extended_logistic,0.1,183,0.1997376189193644,2022
101137,2025-12,0,extended_logistic,0.1,184,0.1996063537140386,2022
101987,2025-12,0,extended_logistic,0.1,185,0.1995625057690394,2022
101259,2025-12,0,extended_logistic,0.1,186,0.1992894078974056,2022
101837,2025-12,0,extended_logistic,0.1,187,0.1991382136631823,2022
101332,2025-12,0,extended_logistic,0.1,188,0.1984160479557853,2022
100626,2025-12,0,extended_logistic,0.1,189,0.1981647726441066,2022
100206,2025-12,0,extended_logistic,0.1,190,0.1967868199891305,2022
100747,2025-12,0,extended_logistic,0.1,191,0.1963318473713075,2022
100448,2025-12,0,extended_logistic,0.1,192,0.1954526656765347,2022
101449,2025-12,0,extended_logistic,0.1,193,0.1953980464122925,2022
101287,2025-12,0,extended_logistic,0.1,194,0.1948701552744697,2022
100148,2025-12,1,extended_logistic,0.1,195,0.1928793288755347,2022
101573,2025-12,0,extended_logistic,0.1,196,0.1919964201050282,2022
100286,2025-12,1,extended_logistic,0.1,197,0.1902669540733983,2022
101838,2025-12,0,extended_logistic,0.1,198,0.1895689555417621,2022
100341,2025-12,0,extended_logistic,0.1,199,0.1893998450281321,2022
100929,2025-12,1,extended_logistic,0.1,200,0.1893470241706762,2022
102078,2025-12,0,extended_logistic,0.1,201,0.1889442326701253,2022
101466,2025-12,0,extended_logistic,0.1,202,0.1883038715589916,2022
101044,2025-12,1,extended_logistic,0.1,203,0.1877055091760823,2022
100587,2025-12,0,extended_logistic,0.2,1,0.4591707228032284,2022
101448,2025-12,1,extended_logistic,0.2,2,0.4091559097594004,2022
100233,2025-12,0,extended_logistic,0.2,3,0.3943363678673968,2022
100859,2025-12,0,extended_logistic,0.2,4,0.3905553267162276,2022
100485,2025-12,0,extended_logistic,0.2,5,0.3895942894933898,2022
100670,2025-12,1,extended_logistic,0.2,6,0.3866850273673697,2022
100968,2025-12,0,extended_logistic,0.2,7,0.3826239255194851,2022
100161,2025-12,1,extended_logistic,0.2,8,0.3821486089377641,2022
100823,2025-12,1,extended_logistic,0.2,9,0.3795751748752972,2022
100034,2025-12,0,extended_logistic,0.2,10,0.3794816324846119,2022
100530,2025-12,0,extended_logistic,0.2,11,0.3745868887059804,2022
100123,2025-12,0,extended_logistic,0.2,12,0.3743591171194715,2022
100276,2025-12,1,extended_logistic,0.2,13,0.3675197960570126,2022
101471,2025-12,1,extended_logistic,0.2,14,0.3645328510944007,2022
100875,2025-12,1,extended_logistic,0.2,15,0.3612672241418566,2022
100592,2025-12,0,extended_logistic,0.2,16,0.3606369019001466,2022
102029,2025-12,0,extended_logistic,0.2,17,0.3592307687402419,2022
101367,2025-12,0,extended_logistic,0.2,18,0.3587188111925051,2022
100225,2025-12,0,extended_logistic,0.2,19,0.3543190063473097,2022
101164,2025-12,0,extended_logistic,0.2,20,0.3542278011735347,2022
100992,2025-12,1,extended_logistic,0.2,21,0.3532196751078175,2022
101613,2025-12,1,extended_logistic,0.2,22,0.3500720062021504,2022
101011,2025-12,0,extended_logistic,0.2,23,0.3439343462609792,2022
100694,2025-12,0,extended_logistic,0.2,24,0.3438653603207446,2022
100130,2025-12,0,extended_logistic,0.2,25,0.3415651491356809,2022
101853,2025-12,0,extended_logistic,0.2,26,0.3403246959613607,2022
101393,2025-12,1,extended_logistic,0.2,27,0.336709336166244,2022
102037,2025-12,0,extended_logistic,0.2,28,0.3342964716424523,2022
101499,2025-12,1,extended_logistic,0.2,29,0.3340666459121909,2022
100849,2025-12,1,extended_logistic,0.2,30,0.331957590130659,2022
100361,2025-12,0,extended_logistic,0.2,31,0.3318202610034669,2022
101280,2025-12,1,extended_logistic,0.2,32,0.3315592726040927,2022
101883,2025-12,1,extended_logistic,0.2,33,0.3292866338807305,2022
101423,2025-12,0,extended_logistic,0.2,34,0.3290850913874156,2022
100870,2025-12,0,extended_logistic,0.2,35,0.3228102500430856,2022
100298,2025-12,0,extended_logistic,0.2,36,0.3220613657957861,2022
100610,2025-12,1,extended_logistic,0.2,37,0.3200496046451473,2022
101638,2025-12,0,extended_logistic,0.2,38,0.3173194142146254,2022
101489,2025-12,0,extended_logistic,0.2,39,0.3159725841735479,2022
101379,2025-12,0,extended_logistic,0.2,40,0.3157754397959381,2022
101857,2025-12,1,extended_logistic,0.2,41,0.3150306617222081,2022
101173,2025-12,0,extended_logistic,0.2,42,0.3144845793551092,2022
101527,2025-12,1,extended_logistic,0.2,43,0.3060188251681497,2022
100698,2025-12,0,extended_logistic,0.2,44,0.3058343185331705,2022
101704,2025-12,1,extended_logistic,0.2,45,0.3040158892747562,2022
101343,2025-12,0,extended_logistic,0.2,46,0.3014019916363552,2022
100453,2025-12,1,extended_logistic,0.2,47,0.2985387552271518,2022
100334,2025-12,1,extended_logistic,0.2,48,0.296903693492779,2022
100775,2025-12,1,extended_logistic,0.2,49,0.2956065461714813,2022
100661,2025-12,0,extended_logistic,0.2,50,0.2945913821675117,2022
100238,2025-12,0,extended_logistic,0.2,51,0.2929226689825444,2022
101738,2025-12,1,extended_logistic,0.2,52,0.2909536918171054,2022
101322,2025-12,1,extended_logistic,0.2,53,0.2909198059703736,2022
100322,2025-12,0,extended_logistic,0.2,54,0.2880165218039088,2022
100560,2025-12,1,extended_logistic,0.2,55,0.2865828041730263,2022
101798,2025-12,0,extended_logistic,0.2,56,0.2852250567115479,2022
101583,2025-12,0,extended_logistic,0.2,57,0.2851127793262136,2022
101928,2025-12,0,extended_logistic,0.2,58,0.284135973601747,2022
101936,2025-12,0,extended_logistic,0.2,59,0.2830337358776869,2022
101285,2025-12,0,extended_logistic,0.2,60,0.2830000913249883,2022
101811,2025-12,0,extended_logistic,0.2,61,0.2811878535570664,2022
100882,2025-12,0,extended_logistic,0.2,62,0.2808476841464741,2022
101950,2025-12,1,extended_logistic,0.2,63,0.2800611525664574,2022
101660,2025-12,1,extended_logistic,0.2,64,0.2792533479786976,2022
101772,2025-12,0,extended_logistic,0.2,65,0.2777029127695392,2022
101726,2025-12,1,extended_logistic,0.2,66,0.2769321167172507,2022
101569,2025-12,0,extended_logistic,0.2,67,0.2758276896492345,2022
101672,2025-12,1,extended_logistic,0.2,68,0.2753451436918835,2022
101320,2025-12,0,extended_logistic,0.2,69,0.2741631245930271,2022
100496,2025-12,0,extended_logistic,0.2,70,0.2734780039302231,2022
101431,2025-12,1,extended_logistic,0.2,71,0.2731257796955061,2022
101474,2025-12,0,extended_logistic,0.2,72,0.2717967479074654,2022
100484,2025-12,0,extended_logistic,0.2,73,0.2702084634857096,2022
100427,2025-12,0,extended_logistic,0.2,74,0.2686737159060752,2022
100919,2025-12,0,extended_logistic,0.2,75,0.2667356765119619,2022
101888,2025-12,0,extended_logistic,0.2,76,0.2655955515380703,2022
101629,2025-12,0,extended_logistic,0.2,77,0.2653166588430612,2022
100936,2025-12,0,extended_logistic,0.2,78,0.2639876898159176,2022
100729,2025-12,1,extended_logistic,0.2,79,0.2616330151359445,2022
100446,2025-12,0,extended_logistic,0.2,80,0.2611047163130566,2022
100967,2025-12,0,extended_logistic,0.2,81,0.2609735612581569,2022
100686,2025-12,0,extended_logistic,0.2,82,0.2605054205081197,2022
101436,2025-12,1,extended_logistic,0.2,83,0.259649713445725,2022
100795,2025-12,0,extended_logistic,0.2,84,0.2595342094394998,2022
101776,2025-12,0,extended_logistic,0.2,85,0.2581532332969898,2022
101990,2025-12,0,extended_logistic,0.2,86,0.2579593894333138,2022
100017,2025-12,1,extended_logistic,0.2,87,0.2576169403433723,2022
100787,2025-12,0,extended_logistic,0.2,88,0.2567757554312702,2022
100854,2025-12,0,extended_logistic,0.2,89,0.256539640511267,2022
101909,2025-12,0,extended_logistic,0.2,90,0.253565509753913,2022
101692,2025-12,0,extended_logistic,0.2,91,0.2534516007566014,2022
100665,2025-12,0,extended_logistic,0.2,92,0.2524563991217052,2022
101576,2025-12,1,extended_logistic,0.2,93,0.2522238837592381,2022
101951,2025-12,0,extended_logistic,0.2,94,0.2521543437338317,2022
100883,2025-12,0,extended_logistic,0.2,95,0.2519885474184133,2022
100175,2025-12,0,extended_logistic,0.2,96,0.2511283896897868,2022
101935,2025-12,0,extended_logistic,0.2,97,0.2487465580618075,2022
100704,2025-12,0,extended_logistic,0.2,98,0.2480026452638307,2022
102045,2025-12,1,extended_logistic,0.2,99,0.2474998727719284,2022
101509,2025-12,0,extended_logistic,0.2,100,0.2472763771213852,2022
101104,2025-12,1,extended_logistic,0.2,101,0.2465045177131386,2022
101610,2025-12,0,extended_logistic,0.2,102,0.2460858822068759,2022
100745,2025-12,0,extended_logistic,0.2,103,0.2457967658885756,2022
100773,2025-12,0,extended_logistic,0.2,104,0.2455155597396586,2022
101266,2025-12,0,extended_logistic,0.2,105,0.2453039125248649,2022
101721,2025-12,0,extended_logistic,0.2,106,0.2443346237801117,2022
101312,2025-12,1,extended_logistic,0.2,107,0.2441461671955828,2022
102005,2025-12,0,extended_logistic,0.2,108,0.2439609196848469,2022
101971,2025-12,0,extended_logistic,0.2,109,0.239515584111795,2022
102079,2025-12,0,extended_logistic,0.2,110,0.2393859392396873,2022
100608,2025-12,0,extended_logistic,0.2,111,0.2392516468990434,2022
101790,2025-12,0,extended_logistic,0.2,112,0.2377790694995611,2022
100459,2025-12,0,extended_logistic,0.2,113,0.237092826290361,2022
101639,2025-12,0,extended_logistic,0.2,114,0.2367812057371805,2022
102067,2025-12,0,extended_logistic,0.2,115,0.236443475595774,2022
101414,2025-12,0,extended_logistic,0.2,116,0.2361609573900208,2022
100073,2025-12,1,extended_logistic,0.2,117,0.235362370107526,2022
100752,2025-12,0,extended_logistic,0.2,118,0.2331536786878662,2022
100189,2025-12,0,extended_logistic,0.2,119,0.23196134218456,2022
100275,2025-12,1,extended_logistic,0.2,120,0.2318764914984453,2022
101825,2025-12,0,extended_logistic,0.2,121,0.2316450105760503,2022
101036,2025-12,0,extended_logistic,0.2,122,0.2310212933666706,2022
100425,2025-12,1,extended_logistic,0.2,123,0.2308601733701264,2022
100672,2025-12,0,extended_logistic,0.2,124,0.2296402969799973,2022
102075,2025-12,0,extended_logistic,0.2,125,0.2294657937817985,2022
100296,2025-12,0,extended_logistic,0.2,126,0.2292732324944626,2022
100543,2025-12,0,extended_logistic,0.2,127,0.2276609946089763,2022
100662,2025-12,0,extended_logistic,0.2,128,0.2264392805699975,2022
101783,2025-12,0,extended_logistic,0.2,129,0.22559761658569,2022
100422,2025-12,1,extended_logistic,0.2,130,0.2251530439229342,2022
101223,2025-12,0,extended_logistic,0.2,131,0.2249249788131941,2022
101077,2025-12,0,extended_logistic,0.2,132,0.2247389289388636,2022
100573,2025-12,1,extended_logistic,0.2,133,0.2244526669499806,2022
101232,2025-12,0,extended_logistic,0.2,134,0.2241876686023357,2022
100214,2025-12,0,extended_logistic,0.2,135,0.2231961084052208,2022
100297,2025-12,0,extended_logistic,0.2,136,0.222650404763564,2022
101922,2025-12,0,extended_logistic,0.2,137,0.2222601991225403,2022
101119,2025-12,0,extended_logistic,0.2,138,0.2221766659478489,2022
101175,2025-12,1,extended_logistic,0.2,139,0.221521664813685,2022
101647,2025-12,0,extended_logistic,0.2,140,0.2213841428904922,2022
101628,2025-12,0,extended_logistic,0.2,141,0.2194440444949054,2022
101078,2025-12,0,extended_logistic,0.2,142,0.218867068482286,2022
101927,2025-12,1,extended_logistic,0.2,143,0.2178221858853451,2022
101102,2025-12,0,extended_logistic,0.2,144,0.2163693764653521,2022
102012,2025-12,0,extended_logistic,0.2,145,0.2163583674445551,2022
101829,2025-12,0,extended_logistic,0.2,146,0.2161754940608992,2022
100923,2025-12,0,extended_logistic,0.2,147,0.2158205383939011,2022
100585,2025-12,0,extended_logistic,0.2,148,0.215774620100618,2022
100487,2025-12,0,extended_logistic,0.2,149,0.214185981963368,2022
102089,2025-12,0,extended_logistic,0.2,150,0.2137746563551772,2022
101215,2025-12,0,extended_logistic,0.2,151,0.2137109650312738,2022
100224,2025-12,0,extended_logistic,0.2,152,0.2134624291543785,2022
101712,2025-12,0,extended_logistic,0.2,153,0.2116753052707781,2022
101181,2025-12,0,extended_logistic,0.2,154,0.2116658338443851,2022
101045,2025-12,0,extended_logistic,0.2,155,0.2116619961199624,2022
101854,2025-12,0,extended_logistic,0.2,156,0.2115847983014859,2022
100636,2025-12,0,extended_logistic,0.2,157,0.2112880453449876,2022
101154,2025-12,1,extended_logistic,0.2,158,0.2111830005112089,2022
100623,2025-12,0,extended_logistic,0.2,159,0.2111279101742088,2022
100899,2025-12,0,extended_logistic,0.2,160,0.2109534597425086,2022
100564,2025-12,0,extended_logistic,0.2,161,0.2097256969268591,2022
101724,2025-12,0,extended_logistic,0.2,162,0.2090801593778483,2022
100884,2025-12,0,extended_logistic,0.2,163,0.2090476219189322,2022
102069,2025-12,0,extended_logistic,0.2,164,0.2076282947447924,2022
101124,2025-12,1,extended_logistic,0.2,165,0.2075282406021228,2022
101415,2025-12,0,extended_logistic,0.2,166,0.2067859667425524,2022
101395,2025-12,0,extended_logistic,0.2,167,0.2065163228403428,2022
101246,2025-12,0,extended_logistic,0.2,168,0.2063450494837328,2022
102027,2025-12,0,extended_logistic,0.2,169,0.2063178315677484,2022
100985,2025-12,0,extended_logistic,0.2,170,0.2062773294178254,2022
101543,2025-12,0,extended_logistic,0.2,171,0.206272754346504,2022
101087,2025-12,1,extended_logistic,0.2,172,0.205767144350458,2022
101952,2025-12,0,extended_logistic,0.2,173,0.2056989429791138,2022
100390,2025-12,0,extended_logistic,0.2,174,0.2053113040073187,2022
100817,2025-12,0,extended_logistic,0.2,175,0.2051833577646921,2022
102090,2025-12,0,extended_logistic,0.2,176,0.2047744179951333,2022
100943,2025-12,0,extended_logistic,0.2,177,0.2046409234673089,2022
101464,2025-12,1,extended_logistic,0.2,178,0.2036538152472582,2022
102049,2025-12,0,extended_logistic,0.2,179,0.2031952976398974,2022
100010,2025-12,0,extended_logistic,0.2,180,0.2009452285438108,2022
101139,2025-12,0,extended_logistic,0.2,181,0.2007854682572087,2022
100029,2025-12,0,extended_logistic,0.2,182,0.199871374526842,2022
101140,2025-12,1,extended_logistic,0.2,183,0.1997376189193644,2022
101137,2025-12,0,extended_logistic,0.2,184,0.1996063537140386,2022
101987,2025-12,0,extended_logistic,0.2,185,0.1995625057690394,2022
101259,2025-12,0,extended_logistic,0.2,186,0.1992894078974056,2022
101837,2025-12,0,extended_logistic,0.2,187,0.1991382136631823,2022
101332,2025-12,0,extended_logistic,0.2,188,0.1984160479557853,2022
100626,2025-12,0,extended_logistic,0.2,189,0.1981647726441066,2022
100206,2025-12,0,extended_logistic,0.2,190,0.1967868199891305,2022
100747,2025-12,0,extended_logistic,0.2,191,0.1963318473713075,2022
100448,2025-12,0,extended_logistic,0.2,192,0.1954526656765347,2022
101449,2025-12,0,extended_logistic,0.2,193,0.1953980464122925,2022
101287,2025-12,0,extended_logistic,0.2,194,0.1948701552744697,2022
100148,2025-12,1,extended_logistic,0.2,195,0.1928793288755347,2022
101573,2025-12,0,extended_logistic,0.2,196,0.1919964201050282,2022
100286,2025-12,1,extended_logistic,0.2,197,0.1902669540733983,2022
101838,2025-12,0,extended_logistic,0.2,198,0.1895689555417621,2022
100341,2025-12,0,extended_logistic,0.2,199,0.1893998450281321,2022
100929,2025-12,1,extended_logistic,0.2,200,0.1893470241706762,2022
102078,2025-12,0,extended_logistic,0.2,201,0.1889442326701253,2022
101466,2025-12,0,extended_logistic,0.2,202,0.1883038715589916,2022
101044,2025-12,1,extended_logistic,0.2,203,0.1877055091760823,2022
100303,2025-12,0,extended_logistic,0.2,204,0.1873827563137537,2022
101256,2025-12,0,extended_logistic,0.2,205,0.1869186857320305,2022
101709,2025-12,0,extended_logistic,0.2,206,0.1862846978454103,2022
100356,2025-12,0,extended_logistic,0.2,207,0.1861054139116736,2022
100128,2025-12,0,extended_logistic,0.2,208,0.1860644608055509,2022
101953,2025-12,0,extended_logistic,0.2,209,0.1860038825245924,2022
101382,2025-12,0,extended_logistic,0.2,210,0.1856216651240907,2022
101636,2025-12,0,extended_logistic,0.2,211,0.1853631454287543,2022
101598,2025-12,0,extended_logistic,0.2,212,0.1852858561181209,2022
101805,2025-12,1,extended_logistic,0.2,213,0.184888686247316,2022
100466,2025-12,0,extended_logistic,0.2,214,0.1848764411228652,2022
100774,2025-12,0,extended_logistic,0.2,215,0.1846305830373695,2022
100509,2025-12,0,extended_logistic,0.2,216,0.1845244098990398,2022
101823,2025-12,1,extended_logistic,0.2,217,0.1839710277635105,2022
100913,2025-12,0,extended_logistic,0.2,218,0.1839149269063666,2022
100848,2025-12,0,extended_logistic,0.2,219,0.1836881831202817,2022
101298,2025-12,0,extended_logistic,0.2,220,0.1835783531224244,2022
101160,2025-12,0,extended_logistic,0.2,221,0.1835228836949336,2022
100441,2025-12,0,extended_logistic,0.2,222,0.1826867170773873,2022
101944,2025-12,0,extended_logistic,0.2,223,0.182033710343563,2022
101277,2025-12,0,extended_logistic,0.2,224,0.1818271781236886,2022
100056,2025-12,0,extended_logistic,0.2,225,0.1818169235602243,2022
101001,2025-12,0,extended_logistic,0.2,226,0.1815032584122351,2022
101338,2025-12,0,extended_logistic,0.2,227,0.1814917465175798,2022
101642,2025-12,1,extended_logistic,0.2,228,0.1812668270569715,2022
101505,2025-12,0,extended_logistic,0.2,229,0.1811696175966025,2022
100605,2025-12,0,extended_logistic,0.2,230,0.1811080963451311,2022
101309,2025-12,0,extended_logistic,0.2,231,0.1810519488691582,2022
100066,2025-12,0,extended_logistic,0.2,232,0.1800835099462581,2022
101302,2025-12,0,extended_logistic,0.2,233,0.1791663862554922,2022
101821,2025-12,0,extended_logistic,0.2,234,0.1780251303277757,2022
101761,2025-12,0,extended_logistic,0.2,235,0.1769565718649755,2022
100044,2025-12,0,extended_logistic,0.2,236,0.1768644902984024,2022
100876,2025-12,1,extended_logistic,0.2,237,0.1766080288413445,2022
101325,2025-12,1,extended_logistic,0.2,238,0.1765151887808535,2022
101009,2025-12,0,extended_logistic,0.2,239,0.1759457490283736,2022
102058,2025-12,0,extended_logistic,0.2,240,0.1757777733511169,2022
101589,2025-12,0,extended_logistic,0.2,241,0.1755154780344532,2022
101723,2025-12,0,extended_logistic,0.2,242,0.1754080366976949,2022
102077,2025-12,0,extended_logistic,0.2,243,0.1750717475393367,2022
101219,2025-12,0,extended_logistic,0.2,244,0.1747374340772226,2022
101179,2025-12,1,extended_logistic,0.2,245,0.174498783242971,2022
101905,2025-12,0,extended_logistic,0.2,246,0.1744471755922096,2022
101031,2025-12,1,extended_logistic,0.2,247,0.1742765100678096,2022
101447,2025-12,0,extended_logistic,0.2,248,0.1736809079142395,2022
100794,2025-12,0,extended_logistic,0.2,249,0.172702265212134,2022
101831,2025-12,0,extended_logistic,0.2,250,0.1717245053460143,2022
100946,2025-12,0,extended_logistic,0.2,251,0.1712986171628464,2022
100903,2025-12,0,extended_logistic,0.2,252,0.1707935975455183,2022
102007,2025-12,0,extended_logistic,0.2,253,0.1699979257813693,2022
100744,2025-12,0,extended_logistic,0.2,254,0.1697698409159522,2022
102080,2025-12,0,extended_logistic,0.2,255,0.1694525142289345,2022
100627,2025-12,0,extended_logistic,0.2,256,0.1694498471652792,2022
100052,2025-12,0,extended_logistic,0.2,257,0.1686792959615637,2022
101826,2025-12,0,extended_logistic,0.2,258,0.1684730938209147,2022
100032,2025-12,0,extended_logistic,0.2,259,0.1676221088306966,2022
100283,2025-12,0,extended_logistic,0.2,260,0.1674592385716408,2022
100242,2025-12,0,extended_logistic,0.2,261,0.16682034419025,2022
100229,2025-12,0,extended_logistic,0.2,262,0.1668162132775333,2022
100869,2025-12,0,extended_logistic,0.2,263,0.1667856480717533,2022
101881,2025-12,0,extended_logistic,0.2,264,0.16660813759207,2022
100469,2025-12,0,extended_logistic,0.2,265,0.1651138599269677,2022
101623,2025-12,1,extended_logistic,0.2,266,0.1648877657146479,2022
101336,2025-12,0,extended_logistic,0.2,267,0.1643703379399044,2022
101736,2025-12,1,extended_logistic,0.2,268,0.1643175300096165,2022
101507,2025-12,0,extended_logistic,0.2,269,0.1642095270475392,2022
100170,2025-12,0,extended_logistic,0.2,270,0.1631287111971267,2022
100653,2025-12,0,extended_logistic,0.2,271,0.1631148405221436,2022
100311,2025-12,0,extended_logistic,0.2,272,0.1630976192569625,2022
102046,2025-12,0,extended_logistic,0.2,273,0.1629756464807838,2022
101948,2025-12,1,extended_logistic,0.2,274,0.1624927103676923,2022
101461,2025-12,0,extended_logistic,0.2,275,0.1624168316099442,2022
101866,2025-12,0,extended_logistic,0.2,276,0.1622085700044518,2022
101719,2025-12,0,extended_logistic,0.2,277,0.1619405938862283,2022
100308,2025-12,0,extended_logistic,0.2,278,0.1619102033944995,2022
100723,2025-12,0,extended_logistic,0.2,279,0.1618149721563785,2022
101125,2025-12,0,extended_logistic,0.2,280,0.1615784477964877,2022
101369,2025-12,0,extended_logistic,0.2,281,0.1611559435621268,2022
100393,2025-12,0,extended_logistic,0.2,282,0.1609886977248364,2022
100288,2025-12,0,extended_logistic,0.2,283,0.160798272600899,2022
100508,2025-12,0,extended_logistic,0.2,284,0.1607203621687685,2022
101392,2025-12,0,extended_logistic,0.2,285,0.160714950353189,2022
101561,2025-12,0,extended_logistic,0.2,286,0.160583200653966,2022
101824,2025-12,0,extended_logistic,0.2,287,0.160331171848927,2022
101446,2025-12,0,extended_logistic,0.2,288,0.160271236174085,2022
100944,2025-12,0,extended_logistic,0.2,289,0.1601566943021878,2022
101492,2025-12,0,extended_logistic,0.2,290,0.1600847381317474,2022
101749,2025-12,0,extended_logistic,0.2,291,0.1600606163321335,2022
101886,2025-12,0,extended_logistic,0.2,292,0.1597720148540168,2022
101579,2025-12,0,extended_logistic,0.2,293,0.1589663712573607,2022
100272,2025-12,0,extended_logistic,0.2,294,0.1583800719962276,2022
100115,2025-12,0,extended_logistic,0.2,295,0.1583214833865714,2022
101348,2025-12,1,extended_logistic,0.2,296,0.1579153335385479,2022
100324,2025-12,1,extended_logistic,0.2,297,0.1578035654674636,2022
100777,2025-12,0,extended_logistic,0.2,298,0.1572868849913725,2022
101767,2025-12,0,extended_logistic,0.2,299,0.1572771207567661,2022
100270,2025-12,0,extended_logistic,0.2,300,0.1571213167057049,2022
100210,2025-12,0,extended_logistic,0.2,301,0.1567504685272986,2022
101901,2025-12,0,extended_logistic,0.2,302,0.1567006359025775,2022
101035,2025-12,0,extended_logistic,0.2,303,0.1565822777152918,2022
101145,2025-12,0,extended_logistic,0.2,304,0.1563962996280309,2022
100151,2025-12,0,extended_logistic,0.2,305,0.1563959449861948,2022
100243,2025-12,0,extended_logistic,0.2,306,0.1554645257054022,2022
101282,2025-12,0,extended_logistic,0.2,307,0.155130473904037,2022
102009,2025-12,0,extended_logistic,0.2,308,0.1550826651635913,2022
101272,2025-12,0,extended_logistic,0.2,309,0.1550520555645096,2022
100644,2025-12,0,extended_logistic,0.2,310,0.1549562616226687,2022
100736,2025-12,1,extended_logistic,0.2,311,0.1547977831665719,2022
100846,2025-12,0,extended_logistic,0.2,312,0.1547769134735682,2022
100696,2025-12,0,extended_logistic,0.2,313,0.1547652169348478,2022
100215,2025-12,0,extended_logistic,0.2,314,0.1544759466781518,2022
102096,2025-12,0,extended_logistic,0.2,315,0.1539283715621811,2022
100727,2025-12,1,extended_logistic,0.2,316,0.1537769607646573,2022
101763,2025-12,1,extended_logistic,0.2,317,0.1529530863207568,2022
101162,2025-12,0,extended_logistic,0.2,318,0.1523426575756358,2022
101377,2025-12,0,extended_logistic,0.2,319,0.1518930689514607,2022
100577,2025-12,0,extended_logistic,0.2,320,0.15171833713782,2022
101421,2025-12,0,extended_logistic,0.2,321,0.1515261566491541,2022
100878,2025-12,0,extended_logistic,0.2,322,0.1512643489681771,2022
101120,2025-12,0,extended_logistic,0.2,323,0.1510419301900518,2022
101769,2025-12,0,extended_logistic,0.2,324,0.1510167874752975,2022
100173,2025-12,0,extended_logistic,0.2,325,0.1505197490711338,2022
101945,2025-12,1,extended_logistic,0.2,326,0.1501237007841385,2022
100624,2025-12,0,extended_logistic,0.2,327,0.1500958428644979,2022
100519,2025-12,0,extended_logistic,0.2,328,0.1498681453360995,2022
100907,2025-12,0,extended_logistic,0.2,329,0.1497758129369198,2022
100873,2025-12,0,extended_logistic,0.2,330,0.1496429488367051,2022
101319,2025-12,0,extended_logistic,0.2,331,0.1494359879885525,2022
100083,2025-12,0,extended_logistic,0.2,332,0.1493618819131845,2022
101885,2025-12,0,extended_logistic,0.2,333,0.1492728449665088,2022
101457,2025-12,0,extended_logistic,0.2,334,0.1487557399183049,2022
101670,2025-12,0,extended_logistic,0.2,335,0.1487108976391775,2022
102001,2025-12,0,extended_logistic,0.2,336,0.1485300400195082,2022
101680,2025-12,0,extended_logistic,0.2,337,0.1484726237640788,2022
100531,2025-12,0,extended_logistic,0.2,338,0.1479854439078984,2022
100746,2025-12,1,extended_logistic,0.2,339,0.147936649356585,2022
100245,2025-12,0,extended_logistic,0.2,340,0.1478969819360216,2022
100714,2025-12,0,extended_logistic,0.2,341,0.1477369673753558,2022
100818,2025-12,0,extended_logistic,0.2,342,0.1472810957697133,2022
100267,2025-12,0,extended_logistic,0.2,343,0.1472803548719449,2022
100523,2025-12,0,extended_logistic,0.2,344,0.1466913923141001,2022
100758,2025-12,0,extended_logistic,0.2,345,0.1457252391662951,2022
101314,2025-12,0,extended_logistic,0.2,346,0.1453521737458148,2022
100239,2025-12,0,extended_logistic,0.2,347,0.1450735150401872,2022
100488,2025-12,0,extended_logistic,0.2,348,0.1449415869446789,2022
101551,2025-12,0,extended_logistic,0.2,349,0.1447206578092163,2022
101895,2025-12,0,extended_logistic,0.2,350,0.144453807129447,2022
101713,2025-12,0,extended_logistic,0.2,351,0.1439757676208265,2022
101084,2025-12,0,extended_logistic,0.2,352,0.1437618226223493,2022
100898,2025-12,0,extended_logistic,0.2,353,0.1433949970155818,2022
100067,2025-12,0,extended_logistic,0.2,354,0.1431884138967846,2022
100757,2025-12,1,extended_logistic,0.2,355,0.142665901008872,2022
101585,2025-12,0,extended_logistic,0.2,356,0.1417504377942973,2022
100025,2025-12,0,extended_logistic,0.2,357,0.141343624392249,2022
101665,2025-12,1,extended_logistic,0.2,358,0.1409284840368156,2022
101735,2025-12,0,extended_logistic,0.2,359,0.1397669106179651,2022
100380,2025-12,0,extended_logistic,0.2,360,0.1395731929420933,2022
100550,2025-12,0,extended_logistic,0.2,361,0.1394071830349689,2022
100826,2025-12,0,extended_logistic,0.2,362,0.1393577486654082,2022
100798,2025-12,1,extended_logistic,0.2,363,0.139356561613826,2022
102016,2025-12,0,extended_logistic,0.2,364,0.1390889998925118,2022
100807,2025-12,1,extended_logistic,0.2,365,0.1389999476353906,2022
101112,2025-12,0,extended_logistic,0.2,366,0.1387992619131832,2022
101150,2025-12,0,extended_logistic,0.2,367,0.1386918489848488,2022
101478,2025-12,0,extended_logistic,0.2,368,0.1385603758652146,2022
100977,2025-12,0,extended_logistic,0.2,369,0.1379808115151092,2022
100945,2025-12,0,extended_logistic,0.2,370,0.1378662897899183,2022
100867,2025-12,0,extended_logistic,0.2,371,0.1374861259040853,2022
101182,2025-12,0,extended_logistic,0.2,372,0.1373975686487901,2022
101626,2025-12,0,extended_logistic,0.2,373,0.1369232646849077,2022
100300,2025-12,0,extended_logistic,0.2,374,0.1368233292033651,2022
101046,2025-12,1,extended_logistic,0.2,375,0.1366982601415318,2022
100959,2025-12,0,extended_logistic,0.2,376,0.1366453819388141,2022
100657,2025-12,0,extended_logistic,0.2,377,0.1363974026441723,2022
100203,2025-12,1,extended_logistic,0.2,378,0.1363099947389116,2022
101697,2025-12,0,extended_logistic,0.2,379,0.1360839980424088,2022
100197,2025-12,0,extended_logistic,0.2,380,0.1360151075490585,2022
100772,2025-12,0,extended_logistic,0.2,381,0.1350202657096934,2022
101591,2025-12,0,extended_logistic,0.2,382,0.1345754512233083,2022
100901,2025-12,0,extended_logistic,0.2,383,0.1344253191386031,2022
101846,2025-12,0,extended_logistic,0.2,384,0.1344134228390542,2022
101746,2025-12,0,extended_logistic,0.2,385,0.1343790147413529,2022
100471,2025-12,0,extended_logistic,0.2,386,0.1341740766311842,2022
100724,2025-12,1,extended_logistic,0.2,387,0.134149771332209,2022
101500,2025-12,0,extended_logistic,0.2,388,0.1340917123081922,2022
101202,2025-12,1,extended_logistic,0.2,389,0.1339522091473885,2022
101068,2025-12,0,extended_logistic,0.2,390,0.1338259732400317,2022
101676,2025-12,0,extended_logistic,0.2,391,0.1338126503753565,2022
100987,2025-12,0,extended_logistic,0.2,392,0.1335180491853956,2022
101957,2025-12,0,extended_logistic,0.2,393,0.1334090121299459,2022
100041,2025-12,0,extended_logistic,0.2,394,0.1331302663463552,2022
100655,2025-12,0,extended_logistic,0.2,395,0.1320330531129974,2022
101437,2025-12,0,extended_logistic,0.2,396,0.1319639133400933,2022
101911,2025-12,0,extended_logistic,0.2,397,0.1317980128290355,2022
100569,2025-12,0,extended_logistic,0.2,398,0.1311366009419542,2022
101601,2025-12,0,extended_logistic,0.2,399,0.1308720302326641,2022
101229,2025-12,0,extended_logistic,0.2,400,0.1308075608863168,2022
100477,2025-12,0,extended_logistic,0.2,401,0.1306766131556418,2022
101792,2025-12,0,extended_logistic,0.2,402,0.1305458950606509,2022
101882,2025-12,0,extended_logistic,0.2,403,0.1304781917242169,2022
100005,2025-12,0,extended_logistic,0.2,404,0.1300566414518519,2022
101946,2025-12,0,extended_logistic,0.2,405,0.1299753846342182,2022
