hcp_id,period_lag2,period_lag1,period,speaker_program_attended_12m_lag2,speaker_program_attended_12m_lag1,speaker_program_attended_12m,csv_line_lag2,csv_line_lag1,csv_line
100000,2024-02,2024-03,2024-04,0.0,1.0,0,11003.0,46583.0,10028
100000,2025-02,2025-03,2025-04,0.0,1.0,0,8261.0,1870.0,40500
100001,2024-03,2024-04,2024-05,0.0,1.0,0,42301.0,12093.0,35217
100002,2024-06,2024-07,2024-08,0.0,1.0,0,7029.0,45869.0,2052
100002,2025-03,2025-04,2025-05,0.0,1.0,0,36937.0,10412.0,26639
100002,2025-07,2025-08,2025-09,0.0,1.0,0,27413.0,30326.0,32748
100003,2024-06,2024-07,2024-08,0.0,1.0,0,2717.0,23474.0,22006
100003,2024-09,2024-10,2024-11,0.0,1.0,0,16079.0,602.0,47655
100003,2024-11,2024-12,2025-01,0.0,1.0,0,47655.0,46477.0,31851
100004,2025-03,2025-04,2025-05,0.0,1.0,0,48289.0,21454.0,9392
100004,2025-05,2025-06,2025-07,0.0,1.0,0,9392.0,23731.0,14279
100004,2025-09,2025-10,2025-11,0.0,1.0,0,45343.0,18599.0,20505
100005,2024-03,2024-04,2024-05,0.0,1.0,0,9914.0,2314.0,15016
100005,2024-05,2024-06,2024-07,0.0,1.0,0,15016.0,14190.0,38437
100005,2025-05,2025-06,2025-07,0.0,1.0,0,20123.0,24429.0,36846
100006,2024-03,2024-04,2024-05,0.0,1.0,0,48433.0,31241.0,608
100006,2025-09,2025-10,2025-11,0.0,1.0,0,41496.0,30018.0,37721
100007,2024-02,2024-03,2024-04,0.0,1.0,0,14948.0,6237.0,18011
100007,2024-08,2024-09,2024-10,0.0,1.0,0,37751.0,27637.0,24368
100008,2024-12,2025-01,2025-02,0.0,1.0,0,47050.0,38306.0,34141
100009,2024-03,2024-04,2024-05,0.0,1.0,0,7215.0,48368.0,443
100009,2025-01,2025-02,2025-03,0.0,1.0,0,21563.0,42490.0,15200
100009,2025-10,2025-11,2025-12,0.0,1.0,0,21236.0,28259.0,7073
100010,2024-04,2024-05,2024-06,0.0,1.0,0,23493.0,12414.0,4597
100010,2025-05,2025-06,2025-07,0.0,1.0,0,21194.0,23566.0,17217
100011,2024-01,2024-02,2024-03,0.0,1.0,0,23660.0,9797.0,7663
100012,2024-07,2024-08,2024-09,0.0,1.0,0,20073.0,5496.0,43296
100013,2024-08,2024-09,2024-10,0.0,1.0,0,17229.0,6716.0,19953
100013,2025-09,2025-10,2025-11,0.0,1.0,0,39186.0,10147.0,11968
100014,2024-11,2024-12,2025-01,0.0,1.0,0,36741.0,25327.0,10682
100014,2025-03,2025-04,2025-05,0.0,1.0,0,23635.0,37689.0,13576
100014,2025-06,2025-07,2025-08,0.0,1.0,0,42269.0,5662.0,47729
100015,2024-04,2024-05,2024-06,0.0,1.0,0,821.0,2812.0,32722
100015,2024-06,2024-07,2024-08,0.0,1.0,0,32722.0,45461.0,37340
100016,2024-10,2024-11,2024-12,0.0,1.0,0,27079.0,26182.0,47749
100016,2025-07,2025-08,2025-09,0.0,1.0,0,7492.0,37777.0,32419
100017,2024-01,2024-02,2024-03,0.0,1.0,0,33612.0,9878.0,24738
100017,2024-06,2024-07,2024-08,0.0,1.0,0,34554.0,11852.0,48303
100017,2025-01,2025-02,2025-03,0.0,1.0,0,3376.0,2467.0,40978
100018,2024-08,2024-09,2024-10,0.0,1.0,0,21069.0,32598.0,16248
100019,2024-11,2024-12,2025-01,0.0,1.0,0,22659.0,19932.0,45766
100019,2025-08,2025-09,2025-10,0.0,1.0,0,48576.0,36386.0,48362
100020,2024-07,2024-08,2024-09,0.0,1.0,0,39431.0,14052.0,26044
100021,2024-02,2024-03,2024-04,0.0,1.0,0,18860.0,22620.0,3813
100021,2025-07,2025-08,2025-09,0.0,1.0,0,8640.0,10452.0,28998
100022,2024-03,2024-04,2024-05,0.0,1.0,0,23578.0,26461.0,25048
100022,2024-07,2024-08,2024-09,0.0,1.0,0,35310.0,24641.0,26357
100022,2024-11,2024-12,2025-01,0.0,1.0,0,26746.0,39919.0,4027
100023,2025-02,2025-03,2025-04,0.0,1.0,0,28767.0,16841.0,6281
100024,2025-09,2025-10,2025-11,0.0,1.0,0,6139.0,23924.0,2912
100025,2024-08,2024-09,2024-10,0.0,1.0,0,9082.0,3522.0,36277
100025,2025-02,2025-03,2025-04,0.0,1.0,0,33009.0,13531.0,21059
100026,2025-05,2025-06,2025-07,0.0,1.0,0,25730.0,16468.0,26687
100027,2024-06,2024-07,2024-08,0.0,1.0,0,39252.0,32167.0,11345
100027,2025-04,2025-05,2025-06,0.0,1.0,0,22033.0,44408.0,5213
100028,2025-09,2025-10,2025-11,0.0,1.0,0,9532.0,36751.0,29772
100029,2024-03,2024-04,2024-05,0.0,1.0,0,14638.0,5289.0,20133
100029,2024-08,2024-09,2024-10,0.0,1.0,0,9783.0,47971.0,34421
100030,2024-03,2024-04,2024-05,0.0,1.0,0,9969.0,22083.0,38084
100030,2025-04,2025-05,2025-06,0.0,1.0,0,1562.0,10031.0,2837
100030,2025-10,2025-11,2025-12,0.0,1.0,0,16864.0,37053.0,17261
100031,2024-02,2024-03,2024-04,0.0,1.0,0,30944.0,663.0,2262
100031,2024-07,2024-08,2024-09,0.0,1.0,0,5729.0,25427.0,13270
100031,2024-09,2024-10,2024-11,0.0,1.0,0,13270.0,10937.0,39673
100032,2024-03,2024-04,2024-05,0.0,1.0,0,46124.0,31971.0,25921
100032,2024-10,2024-11,2024-12,0.0,1.0,0,42810.0,11397.0,1605
100032,2025-01,2025-02,2025-03,0.0,1.0,0,18734.0,13450.0,8827
100033,2024-05,2024-06,2024-07,0.0,1.0,0,18934.0,20036.0,42663
100033,2024-09,2024-10,2024-11,0.0,1.0,0,46153.0,39432.0,26354
100033,2024-11,2024-12,2025-01,0.0,1.0,0,26354.0,36926.0,26080
100034,2025-04,2025-05,2025-06,0.0,1.0,0,5380.0,40250.0,13465
100035,2024-03,2024-04,2024-05,0.0,1.0,0,43330.0,16254.0,8915
100035,2024-09,2024-10,2024-11,0.0,1.0,0,37354.0,41321.0,16301
100036,2024-03,2024-04,2024-05,0.0,1.0,0,24234.0,44212.0,211
100036,2024-11,2024-12,2025-01,0.0,1.0,0,44614.0,24682.0,34293
100036,2025-10,2025-11,2025-12,0.0,1.0,0,8019.0,9848.0,11311
100037,2025-01,2025-02,2025-03,0.0,1.0,0,43474.0,32453.0,40147
100037,2025-08,2025-09,2025-10,0.0,1.0,0,18452.0,36780.0,38691
100037,2025-10,2025-11,2025-12,0.0,1.0,0,38691.0,30122.0,3739
100038,2024-11,2024-12,2025-01,0.0,1.0,0,28844.0,8264.0,33771
100039,2024-10,2024-11,2024-12,0.0,1.0,0,37577.0,16563.0,15290
100039,2025-09,2025-10,2025-11,0.0,1.0,0,1104.0,22526.0,40590
100041,2024-09,2024-10,2024-11,0.0,1.0,0,504.0,34400.0,13556
100041,2024-12,2025-01,2025-02,0.0,1.0,0,23666.0,15314.0,16108
100041,2025-05,2025-06,2025-07,0.0,1.0,0,26345.0,13215.0,21554
100042,2024-03,2024-04,2024-05,0.0,1.0,0,13983.0,20837.0,7301
100043,2024-12,2025-01,2025-02,0.0,1.0,0,26914.0,37585.0,41877
100044,2024-05,2024-06,2024-07,0.0,1.0,0,41272.0,32561.0,29938
100044,2024-09,2024-10,2024-11,0.0,1.0,0,48475.0,42646.0,41524
100045,2024-07,2024-08,2024-09,0.0,1.0,0,4223.0,35154.0,19060
100046,2024-02,2024-03,2024-04,0.0,1.0,0,21129.0,34657.0,42471
100047,2024-10,2024-11,2024-12,0.0,1.0,0,23060.0,38929.0,35774
100047,2025-02,2025-03,2025-04,0.0,1.0,0,3181.0,32555.0,25961
100048,2024-09,2024-10,2024-11,0.0,1.0,0,26027.0,29667.0,28997
100048,2025-04,2025-05,2025-06,0.0,1.0,0,44832.0,33275.0,30821
100051,2024-01,2024-02,2024-03,0.0,1.0,0,36433.0,10897.0,38920
100051,2024-07,2024-08,2024-09,0.0,1.0,0,3704.0,27146.0,2524
100051,2024-10,2024-11,2024-12,0.0,1.0,0,15887.0,2178.0,35910
100051,2025-02,2025-03,2025-04,0.0,1.0,0,47223.0,8144.0,14298
100052,2024-10,2024-11,2024-12,0.0,1.0,0,24644.0,8242.0,10113
100052,2025-01,2025-02,2025-03,0.0,1.0,0,6031.0,17478.0,12695
100052,2025-05,2025-06,2025-07,0.0,1.0,0,42506.0,2661.0,1775
100052,2025-09,2025-10,2025-11,0.0,1.0,0,28293.0,28359.0,16550
100053,2024-10,2024-11,2024-12,0.0,1.0,0,2348.0,47979.0,38108
100054,2025-08,2025-09,2025-10,0.0,1.0,0,40128.0,25022.0,42585
100055,2024-05,2024-06,2024-07,0.0,1.0,0,24710.0,1331.0,2932
100055,2024-07,2024-08,2024-09,0.0,1.0,0,2932.0,25377.0,40610
100056,2025-02,2025-03,2025-04,0.0,1.0,0,5780.0,46648.0,23778
100056,2025-08,2025-09,2025-10,0.0,1.0,0,6665.0,19972.0,36237
100057,2024-08,2024-09,2024-10,0.0,1.0,0,31146.0,4640.0,27894
100057,2025-01,2025-02,2025-03,0.0,1.0,0,46380.0,45967.0,19169
100058,2024-02,2024-03,2024-04,0.0,1.0,0,23135.0,22621.0,40926
100058,2025-07,2025-08,2025-09,0.0,1.0,0,40842.0,16569.0,15187
100059,2024-05,2024-06,2024-07,0.0,1.0,0,4448.0,2916.0,35139
100059,2024-07,2024-08,2024-09,0.0,1.0,0,35139.0,30757.0,17757
100060,2024-02,2024-03,2024-04,0.0,1.0,0,33081.0,34236.0,4783
100060,2024-11,2024-12,2025-01,0.0,1.0,0,404.0,846.0,8907
100060,2025-02,2025-03,2025-04,0.0,1.0,0,19268.0,34805.0,8123
100060,2025-06,2025-07,2025-08,0.0,1.0,0,18013.0,8875.0,19468
100060,2025-09,2025-10,2025-11,0.0,1.0,0,30906.0,35849.0,12899
100061,2024-08,2024-09,2024-10,0.0,1.0,0,19782.0,26888.0,2395
100062,2024-04,2024-05,2024-06,0.0,1.0,0,44096.0,48213.0,10877
100062,2025-05,2025-06,2025-07,0.0,1.0,0,47416.0,10300.0,6114
100062,2025-07,2025-08,2025-09,0.0,1.0,0,6114.0,20637.0,18341
100063,2024-01,2024-02,2024-03,0.0,1.0,0,31119.0,48149.0,21060
100063,2024-11,2024-12,2025-01,0.0,1.0,0,28378.0,36608.0,12806
100064,2024-05,2024-06,2024-07,0.0,1.0,0,23585.0,33161.0,27978
100064,2025-06,2025-07,2025-08,0.0,1.0,0,12625.0,27731.0,1138
100065,2025-06,2025-07,2025-08,0.0,1.0,0,31373.0,15834.0,10546
100065,2025-08,2025-09,2025-10,0.0,1.0,0,10546.0,41418.0,1335
100066,2024-01,2024-02,2024-03,0.0,1.0,0,17863.0,44237.0,40135
100066,2024-05,2024-06,2024-07,0.0,1.0,0,37541.0,555.0,20244
100066,2025-01,2025-02,2025-03,0.0,1.0,0,43160.0,37255.0,41607
100067,2024-01,2024-02,2024-03,0.0,1.0,0,10283.0,17422.0,43577
100068,2025-08,2025-09,2025-10,0.0,1.0,0,18142.0,2563.0,4118
100069,2024-02,2024-03,2024-04,0.0,1.0,0,32375.0,13257.0,10649
100071,2024-04,2024-05,2024-06,0.0,1.0,0,29451.0,26931.0,32971
100071,2024-07,2024-08,2024-09,0.0,1.0,0,28265.0,38950.0,25136
100072,2024-01,2024-02,2024-03,0.0,1.0,0,23334.0,32283.0,19659
100072,2024-03,2024-04,2024-05,0.0,1.0,0,19659.0,44030.0,22553
100072,2025-03,2025-04,2025-05,0.0,1.0,0,24212.0,340.0,39408
100072,2025-09,2025-10,2025-11,0.0,1.0,0,44128.0,40866.0,22241
100073,2024-01,2024-02,2024-03,0.0,1.0,0,40109.0,19960.0,15091
100073,2025-06,2025-07,2025-08,0.0,1.0,0,21980.0,23831.0,38570
100074,2024-12,2025-01,2025-02,0.0,1.0,0,19232.0,29744.0,6897
100074,2025-05,2025-06,2025-07,0.0,1.0,0,12048.0,30066.0,28480
100076,2024-03,2024-04,2024-05,0.0,1.0,0,40748.0,30772.0,34081
100076,2024-05,2024-06,2024-07,0.0,1.0,0,34081.0,25584.0,25254
100076,2024-10,2024-11,2024-12,0.0,1.0,0,22506.0,43798.0,3275
100076,2025-04,2025-05,2025-06,0.0,1.0,0,48296.0,1356.0,19535
100077,2024-03,2024-04,2024-05,0.0,1.0,0,41174.0,39983.0,23349
100077,2024-08,2024-09,2024-10,0.0,1.0,0,44757.0,8349.0,27327
100077,2024-12,2025-01,2025-02,0.0,1.0,0,20178.0,4888.0,46874
100078,2024-05,2024-06,2024-07,0.0,1.0,0,44684.0,24172.0,9579
100078,2024-07,2024-08,2024-09,0.0,1.0,0,9579.0,24455.0,34896
100078,2024-11,2024-12,2025-01,0.0,1.0,0,12852.0,6935.0,21659
100079,2024-07,2024-08,2024-09,0.0,1.0,0,8627.0,26361.0,48399
100079,2024-12,2025-01,2025-02,0.0,1.0,0,23542.0,14379.0,11932
100079,2025-05,2025-06,2025-07,0.0,1.0,0,19502.0,11639.0,13353
100080,2024-06,2024-07,2024-08,0.0,1.0,0,3320.0,30580.0,22448
100080,2024-08,2024-09,2024-10,0.0,1.0,0,22448.0,6304.0,48024
100080,2024-12,2025-01,2025-02,0.0,1.0,0,33885.0,20388.0,33579
100080,2025-09,2025-10,2025-11,0.0,1.0,0,24032.0,47689.0,19003
100081,2024-05,2024-06,2024-07,0.0,1.0,0,4689.0,13627.0,28056
100081,2024-09,2024-10,2024-11,0.0,1.0,0,14487.0,37749.0,43422
100081,2025-01,2025-02,2025-03,0.0,1.0,0,11646.0,18942.0,41372
100082,2025-01,2025-02,2025-03,0.0,1.0,0,25342.0,45976.0,18838
100082,2025-04,2025-05,2025-06,0.0,1.0,0,46819.0,6883.0,40840
100082,2025-08,2025-09,2025-10,0.0,1.0,0,41294.0,47905.0,17316
100083,2024-01,2024-02,2024-03,0.0,1.0,0,21836.0,5020.0,23623
100083,2024-05,2024-06,2024-07,0.0,1.0,0,45506.0,34627.0,11483
100083,2025-06,2025-07,2025-08,0.0,1.0,0,21422.0,8542.0,22904
100085,2024-05,2024-06,2024-07,0.0,1.0,0,39968.0,2371.0,44593
100085,2024-11,2024-12,2025-01,0.0,1.0,0,34446.0,30141.0,35455
100085,2025-01,2025-02,2025-03,0.0,1.0,0,35455.0,40209.0,39090
100086,2024-02,2024-03,2024-04,0.0,1.0,0,38278.0,25216.0,17263
100086,2024-11,2024-12,2025-01,0.0,1.0,0,41075.0,1286.0,15858
100086,2025-08,2025-09,2025-10,0.0,1.0,0,463.0,42441.0,40341
100087,2024-03,2024-04,2024-05,0.0,1.0,0,45616.0,24666.0,11791
100087,2024-05,2024-06,2024-07,0.0,1.0,0,11791.0,3159.0,20616
100087,2025-02,2025-03,2025-04,0.0,1.0,0,1320.0,42106.0,44730
100087,2025-05,2025-06,2025-07,0.0,1.0,0,6891.0,48459.0,47721
100088,2025-09,2025-10,2025-11,0.0,1.0,0,30278.0,34869.0,40425
100089,2024-09,2024-10,2024-11,0.0,1.0,0,19800.0,35103.0,4712
100090,2024-04,2024-05,2024-06,0.0,1.0,0,17436.0,46041.0,23569
100090,2024-08,2024-09,2024-10,0.0,1.0,0,35332.0,500.0,31814
100092,2024-05,2024-06,2024-07,0.0,1.0,0,14498.0,133.0,36781
100092,2025-09,2025-10,2025-11,0.0,1.0,0,43457.0,12569.0,9458
100093,2024-10,2024-11,2024-12,0.0,1.0,0,40572.0,47810.0,33899
100093,2025-01,2025-02,2025-03,0.0,1.0,0,15781.0,44942.0,32029
100093,2025-07,2025-08,2025-09,0.0,1.0,0,36296.0,2609.0,21034
100093,2025-09,2025-10,2025-11,0.0,1.0,0,21034.0,13042.0,45089
100094,2025-10,2025-11,2025-12,0.0,1.0,0,22594.0,7403.0,17084
100095,2024-02,2024-03,2024-04,0.0,1.0,0,43564.0,41663.0,43852
100095,2024-10,2024-11,2024-12,0.0,1.0,0,23968.0,11289.0,29124
100095,2025-02,2025-03,2025-04,0.0,1.0,0,19038.0,40395.0,46883
100096,2024-05,2024-06,2024-07,0.0,1.0,0,34815.0,38154.0,14464
100096,2024-08,2024-09,2024-10,0.0,1.0,0,26652.0,35686.0,19058
100098,2024-05,2024-06,2024-07,0.0,1.0,0,42690.0,47640.0,42332
100098,2024-10,2024-11,2024-12,0.0,1.0,0,2597.0,41136.0,8830
100098,2025-07,2025-08,2025-09,0.0,1.0,0,4850.0,32597.0,21868
100098,2025-09,2025-10,2025-11,0.0,1.0,0,21868.0,32562.0,14198
100101,2024-06,2024-07,2024-08,0.0,1.0,0,47770.0,27888.0,39882
100102,2025-01,2025-02,2025-03,0.0,1.0,0,22121.0,30590.0,31714
100102,2025-04,2025-05,2025-06,0.0,1.0,0,41950.0,15156.0,10672
100102,2025-07,2025-08,2025-09,0.0,1.0,0,921.0,37176.0,42199
100103,2024-04,2024-05,2024-06,0.0,1.0,0,19130.0,11995.0,12056
100103,2025-06,2025-07,2025-08,0.0,1.0,0,2748.0,48016.0,7143
100104,2024-01,2024-02,2024-03,0.0,1.0,0,31095.0,16324.0,4670
100104,2024-06,2024-07,2024-08,0.0,1.0,0,31869.0,267.0,19653
100104,2024-08,2024-09,2024-10,0.0,1.0,0,19653.0,25275.0,43394
100104,2025-04,2025-05,2025-06,0.0,1.0,0,9865.0,10339.0,12173
100104,2025-08,2025-09,2025-10,0.0,1.0,0,30367.0,32461.0,5761
100104,2025-10,2025-11,2025-12,0.0,1.0,0,5761.0,40164.0,34489
100105,2024-02,2024-03,2024-04,0.0,1.0,0,14299.0,20239.0,25792
100105,2025-02,2025-03,2025-04,0.0,1.0,0,3688.0,3452.0,40839
100105,2025-06,2025-07,2025-08,0.0,1.0,0,19052.0,4235.0,17785
100105,2025-09,2025-10,2025-11,0.0,1.0,0,1004.0,4583.0,2072
100106,2025-07,2025-08,2025-09,0.0,1.0,0,28168.0,28415.0,19070
100107,2024-01,2024-02,2024-03,0.0,1.0,0,6416.0,47501.0,8292
100107,2024-10,2024-11,2024-12,0.0,1.0,0,675.0,21342.0,360
100108,2024-06,2024-07,2024-08,0.0,1.0,0,12562.0,13804.0,21600
100108,2024-08,2024-09,2024-10,0.0,1.0,0,21600.0,23255.0,19050
100108,2024-12,2025-01,2025-02,0.0,1.0,0,34955.0,5653.0,9429
100109,2025-03,2025-04,2025-05,0.0,1.0,0,3585.0,10512.0,46763
100110,2024-12,2025-01,2025-02,0.0,1.0,0,45109.0,17342.0,18159
100111,2025-06,2025-07,2025-08,0.0,1.0,0,38576.0,12076.0,23
100112,2025-04,2025-05,2025-06,0.0,1.0,0,23369.0,18415.0,17382
100113,2024-02,2024-03,2024-04,0.0,1.0,0,25587.0,3701.0,37179
100113,2024-07,2024-08,2024-09,0.0,1.0,0,389.0,19321.0,22587
100113,2024-12,2025-01,2025-02,0.0,1.0,0,19031.0,41030.0,17822
100113,2025-05,2025-06,2025-07,0.0,1.0,0,35266.0,13303.0,33737
100115,2024-03,2024-04,2024-05,0.0,1.0,0,4029.0,35670.0,30825
100115,2025-01,2025-02,2025-03,0.0,1.0,0,38896.0,40502.0,27865
100115,2025-03,2025-04,2025-05,0.0,1.0,0,27865.0,30496.0,4578
100115,2025-05,2025-06,2025-07,0.0,1.0,0,4578.0,4212.0,18474
100115,2025-07,2025-08,2025-09,0.0,1.0,0,18474.0,2470.0,19187
100116,2024-07,2024-08,2024-09,0.0,1.0,0,15345.0,37796.0,46928
100117,2024-08,2024-09,2024-10,0.0,1.0,0,16354.0,36390.0,23191
100117,2025-02,2025-03,2025-04,0.0,1.0,0,43214.0,45768.0,29788
100117,2025-04,2025-05,2025-06,0.0,1.0,0,29788.0,47012.0,14881
100118,2025-04,2025-05,2025-06,0.0,1.0,0,17625.0,23431.0,40822
100118,2025-06,2025-07,2025-08,0.0,1.0,0,40822.0,23618.0,25175
100119,2024-02,2024-03,2024-04,0.0,1.0,0,45882.0,22111.0,48439
100119,2024-04,2024-05,2024-06,0.0,1.0,0,48439.0,46270.0,26116
100119,2025-08,2025-09,2025-10,0.0,1.0,0,42080.0,2247.0,39746
100120,2024-08,2024-09,2024-10,0.0,1.0,0,26937.0,14074.0,22320
100120,2024-10,2024-11,2024-12,0.0,1.0,0,22320.0,680.0,26584
100120,2025-09,2025-10,2025-11,0.0,1.0,0,43889.0,10312.0,6658
100122,2025-07,2025-08,2025-09,0.0,1.0,0,4753.0,15358.0,38239
100123,2024-07,2024-08,2024-09,0.0,1.0,0,10326.0,4835.0,38839
100123,2024-11,2024-12,2025-01,0.0,1.0,0,41058.0,10022.0,23979
100124,2025-04,2025-05,2025-06,0.0,1.0,0,5175.0,44370.0,16168
100126,2024-09,2024-10,2024-11,0.0,1.0,0,32193.0,29215.0,46915
100127,2025-06,2025-07,2025-08,0.0,1.0,0,40489.0,38497.0,37018
100128,2024-04,2024-05,2024-06,0.0,1.0,0,26380.0,9415.0,45590
100128,2024-07,2024-08,2024-09,0.0,1.0,0,10907.0,36857.0,36819
100128,2025-01,2025-02,2025-03,0.0,1.0,0,18889.0,40532.0,37722
100128,2025-05,2025-06,2025-07,0.0,1.0,0,43600.0,12878.0,44570
100128,2025-07,2025-08,2025-09,0.0,1.0,0,44570.0,42958.0,1675
100128,2025-10,2025-11,2025-12,0.0,1.0,0,46239.0,36794.0,28925
100129,2024-05,2024-06,2024-07,0.0,1.0,0,11234.0,44579.0,24271
100129,2025-06,2025-07,2025-08,0.0,1.0,0,36164.0,33312.0,30436
100130,2024-08,2024-09,2024-10,0.0,1.0,0,42302.0,4441.0,21256
100130,2025-02,2025-03,2025-04,0.0,1.0,0,3698.0,11423.0,34324
100130,2025-10,2025-11,2025-12,0.0,1.0,0,17861.0,28626.0,15768
100131,2024-02,2024-03,2024-04,0.0,1.0,0,35231.0,47556.0,33598
100131,2024-07,2024-08,2024-09,0.0,1.0,0,37387.0,14262.0,32233
100131,2024-09,2024-10,2024-11,0.0,1.0,0,32233.0,47943.0,15681
100131,2024-11,2024-12,2025-01,0.0,1.0,0,15681.0,25348.0,17546
100132,2024-03,2024-04,2024-05,0.0,1.0,0,16650.0,36994.0,31088
100134,2025-03,2025-04,2025-05,0.0,1.0,0,37098.0,29024.0,3554
100134,2025-07,2025-08,2025-09,0.0,1.0,0,11140.0,21942.0,24292
100135,2024-08,2024-09,2024-10,0.0,1.0,0,4761.0,24196.0,36574
100136,2024-01,2024-02,2024-03,0.0,1.0,0,623.0,27044.0,5714
100136,2024-03,2024-04,2024-05,0.0,1.0,0,5714.0,14858.0,15967
100137,2024-10,2024-11,2024-12,0.0,1.0,0,11231.0,4121.0,28588
100137,2025-03,2025-04,2025-05,0.0,1.0,0,29868.0,197.0,6603
100138,2024-02,2024-03,2024-04,0.0,1.0,0,42255.0,31654.0,9240
100138,2024-05,2024-06,2024-07,0.0,1.0,0,12501.0,19166.0,29484
100138,2024-08,2024-09,2024-10,0.0,1.0,0,11406.0,14316.0,24797
100138,2024-10,2024-11,2024-12,0.0,1.0,0,24797.0,4592.0,24771
100138,2024-12,2025-01,2025-02,0.0,1.0,0,24771.0,37350.0,19754
100138,2025-03,2025-04,2025-05,0.0,1.0,0,39864.0,1466.0,25250
100138,2025-05,2025-06,2025-07,0.0,1.0,0,25250.0,2753.0,43072
100139,2024-02,2024-03,2024-04,0.0,1.0,0,38089.0,394.0,38881
100139,2024-09,2024-10,2024-11,0.0,1.0,0,31506.0,23847.0,8485
100140,2024-12,2025-01,2025-02,0.0,1.0,0,17227.0,44574.0,23488
100141,2024-02,2024-03,2024-04,0.0,1.0,0,13069.0,13838.0,45935
100141,2024-08,2024-09,2024-10,0.0,1.0,0,24289.0,25062.0,44190
100143,2024-02,2024-03,2024-04,0.0,1.0,0,47300.0,13030.0,48257
100143,2024-04,2024-05,2024-06,0.0,1.0,0,48257.0,14834.0,25080
100143,2024-08,2024-09,2024-10,0.0,1.0,0,28761.0,39868.0,45093
100143,2025-05,2025-06,2025-07,0.0,1.0,0,34476.0,18104.0,51
100143,2025-08,2025-09,2025-10,0.0,1.0,0,9946.0,18606.0,31962
100144,2024-09,2024-10,2024-11,0.0,1.0,0,32628.0,21184.0,7812
100144,2025-04,2025-05,2025-06,0.0,1.0,0,17286.0,23186.0,9718
100144,2025-06,2025-07,2025-08,0.0,1.0,0,9718.0,17063.0,14854
100145,2024-03,2024-04,2024-05,0.0,1.0,0,25257.0,32050.0,8152
100145,2024-11,2024-12,2025-01,0.0,1.0,0,4483.0,32374.0,42018
100145,2025-09,2025-10,2025-11,0.0,1.0,0,5732.0,47806.0,22460
100146,2024-08,2024-09,2024-10,0.0,1.0,0,35503.0,36555.0,22584
100146,2024-12,2025-01,2025-02,0.0,1.0,0,35882.0,40605.0,3546
100146,2025-03,2025-04,2025-05,0.0,1.0,0,2295.0,20317.0,44340
100148,2024-01,2024-02,2024-03,0.0,1.0,0,47209.0,34853.0,32169
100148,2024-04,2024-05,2024-06,0.0,1.0,0,20681.0,5308.0,18286
100148,2024-06,2024-07,2024-08,0.0,1.0,0,18286.0,7464.0,29361
100148,2024-09,2024-10,2024-11,0.0,1.0,0,6059.0,26858.0,7473
100148,2025-03,2025-04,2025-05,0.0,1.0,0,33339.0,12418.0,8718
100148,2025-06,2025-07,2025-08,0.0,1.0,0,35277.0,33045.0,45185
100148,2025-10,2025-11,2025-12,0.0,1.0,0,345.0,47204.0,23280
100149,2025-10,2025-11,2025-12,0.0,1.0,0,15328.0,34911.0,27788
100150,2024-07,2024-08,2024-09,0.0,1.0,0,26004.0,36354.0,15806
100150,2024-12,2025-01,2025-02,0.0,1.0,0,36585.0,6971.0,29935
100150,2025-02,2025-03,2025-04,0.0,1.0,0,29935.0,7667.0,30797
100150,2025-05,2025-06,2025-07,0.0,1.0,0,29347.0,32349.0,27874
100151,2024-02,2024-03,2024-04,0.0,1.0,0,26710.0,14014.0,12764
100151,2024-06,2024-07,2024-08,0.0,1.0,0,2648.0,11298.0,24273
100151,2025-04,2025-05,2025-06,0.0,1.0,0,11507.0,16516.0,19620
100151,2025-06,2025-07,2025-08,0.0,1.0,0,19620.0,41507.0,12545
100152,2024-04,2024-05,2024-06,0.0,1.0,0,22674.0,26268.0,20259
100152,2024-07,2024-08,2024-09,0.0,1.0,0,22977.0,9494.0,44814
100152,2025-02,2025-03,2025-04,0.0,1.0,0,20718.0,28727.0,38760
100152,2025-04,2025-05,2025-06,0.0,1.0,0,38760.0,36779.0,28201
100152,2025-06,2025-07,2025-08,0.0,1.0,0,28201.0,12758.0,24617
100153,2024-10,2024-11,2024-12,0.0,1.0,0,28642.0,32443.0,29863
100153,2025-04,2025-05,2025-06,0.0,1.0,0,40899.0,13028.0,229
100154,2024-10,2024-11,2024-12,0.0,1.0,0,12357.0,41193.0,23245
100155,2024-01,2024-02,2024-03,0.0,1.0,0,44152.0,21520.0,20542
100155,2025-01,2025-02,2025-03,0.0,1.0,0,24501.0,8824.0,28743
100156,2025-04,2025-05,2025-06,0.0,1.0,0,39688.0,21603.0,26459
100156,2025-07,2025-08,2025-09,0.0,1.0,0,351.0,39485.0,19670
100157,2024-09,2024-10,2024-11,0.0,1.0,0,268.0,36756.0,15810
100158,2024-01,2024-02,2024-03,0.0,1.0,0,20569.0,33758.0,43766
100158,2024-11,2024-12,2025-01,0.0,1.0,0,9305.0,18885.0,47139
100159,2024-09,2024-10,2024-11,0.0,1.0,0,8291.0,22032.0,30661
100159,2024-12,2025-01,2025-02,0.0,1.0,0,29903.0,29955.0,30309
100159,2025-05,2025-06,2025-07,0.0,1.0,0,16361.0,33807.0,3378
100160,2024-04,2024-05,2024-06,0.0,1.0,0,25720.0,35649.0,18498
100160,2025-02,2025-03,2025-04,0.0,1.0,0,3085.0,21196.0,25867
100161,2025-09,2025-10,2025-11,0.0,1.0,0,35880.0,3575.0,9435
100162,2025-01,2025-02,2025-03,0.0,1.0,0,11340.0,2899.0,32425
100162,2025-10,2025-11,2025-12,0.0,1.0,0,4561.0,37206.0,14614
100163,2024-04,2024-05,2024-06,0.0,1.0,0,48421.0,16274.0,11227
100163,2025-07,2025-08,2025-09,0.0,1.0,0,13836.0,40780.0,32511
100164,2024-09,2024-10,2024-11,0.0,1.0,0,46923.0,19063.0,41071
100165,2025-02,2025-03,2025-04,0.0,1.0,0,13801.0,34879.0,27568
100165,2025-04,2025-05,2025-06,0.0,1.0,0,27568.0,4756.0,9871
100166,2024-03,2024-04,2024-05,0.0,1.0,0,27678.0,31658.0,29773
100166,2024-09,2024-10,2024-11,0.0,1.0,0,33870.0,31986.0,36066
100166,2024-11,2024-12,2025-01,0.0,1.0,0,36066.0,33301.0,4405
100166,2025-02,2025-03,2025-04,0.0,1.0,0,12702.0,8503.0,10739
100167,2024-04,2024-05,2024-06,0.0,1.0,0,32119.0,3632.0,47841
100167,2024-12,2025-01,2025-02,0.0,1.0,0,34253.0,3036.0,16159
100168,2024-04,2024-05,2024-06,0.0,1.0,0,12652.0,30259.0,1967
100168,2024-07,2024-08,2024-09,0.0,1.0,0,38697.0,34012.0,9481
100168,2025-01,2025-02,2025-03,0.0,1.0,0,32088.0,31226.0,46592
100168,2025-05,2025-06,2025-07,0.0,1.0,0,38435.0,8981.0,34835
100169,2024-03,2024-04,2024-05,0.0,1.0,0,30868.0,40334.0,21967
100169,2024-08,2024-09,2024-10,0.0,1.0,0,33217.0,22439.0,18315
100169,2025-09,2025-10,2025-11,0.0,1.0,0,41470.0,28907.0,38438
100171,2024-05,2024-06,2024-07,0.0,1.0,0,4490.0,21617.0,8598
100171,2025-03,2025-04,2025-05,0.0,1.0,0,12822.0,24884.0,27503
100172,2025-03,2025-04,2025-05,0.0,1.0,0,44526.0,14664.0,19490
100173,2024-11,2024-12,2025-01,0.0,1.0,0,10887.0,17005.0,7494
100173,2025-01,2025-02,2025-03,0.0,1.0,0,7494.0,25505.0,39559
100174,2024-08,2024-09,2024-10,0.0,1.0,0,29893.0,11650.0,45654
100174,2025-04,2025-05,2025-06,0.0,1.0,0,5190.0,9860.0,23140
100174,2025-06,2025-07,2025-08,0.0,1.0,0,23140.0,15021.0,46743
100175,2024-02,2024-03,2024-04,0.0,1.0,0,26873.0,27513.0,27477
100175,2024-10,2024-11,2024-12,0.0,1.0,0,31730.0,5690.0,6109
100175,2025-04,2025-05,2025-06,0.0,1.0,0,39703.0,4286.0,27335
100175,2025-09,2025-10,2025-11,0.0,1.0,0,42614.0,2406.0,19138
100176,2024-03,2024-04,2024-05,0.0,1.0,0,36713.0,47371.0,37286
100176,2024-11,2024-12,2025-01,0.0,1.0,0,10789.0,4136.0,45211
100176,2025-07,2025-08,2025-09,0.0,1.0,0,11211.0,29099.0,39296
100177,2024-03,2024-04,2024-05,0.0,1.0,0,8608.0,39712.0,9672
100177,2025-10,2025-11,2025-12,0.0,1.0,0,38628.0,29396.0,17497
100178,2024-07,2024-08,2024-09,0.0,1.0,0,6049.0,33504.0,7995
100178,2025-01,2025-02,2025-03,0.0,1.0,0,1515.0,17836.0,2496
100178,2025-03,2025-04,2025-05,0.0,1.0,0,2496.0,27357.0,39871
100178,2025-08,2025-09,2025-10,0.0,1.0,0,2248.0,38904.0,5373
100179,2024-08,2024-09,2024-10,0.0,1.0,0,40138.0,10219.0,15933
100179,2024-10,2024-11,2024-12,0.0,1.0,0,15933.0,45460.0,514
100179,2025-07,2025-08,2025-09,0.0,1.0,0,44214.0,4693.0,38654
100180,2024-01,2024-02,2024-03,0.0,1.0,0,39013.0,5178.0,44196
100180,2024-08,2024-09,2024-10,0.0,1.0,0,10079.0,48375.0,7273
100180,2024-11,2024-12,2025-01,0.0,1.0,0,25745.0,18677.0,3982
100181,2024-04,2024-05,2024-06,0.0,1.0,0,34577.0,24471.0,47441
100181,2025-04,2025-05,2025-06,0.0,1.0,0,26581.0,40509.0,39198
100181,2025-08,2025-09,2025-10,0.0,1.0,0,11366.0,38449.0,28001
100182,2024-04,2024-05,2024-06,0.0,1.0,0,24001.0,12001.0,16231
100182,2024-06,2024-07,2024-08,0.0,1.0,0,16231.0,25240.0,36757
100183,2024-02,2024-03,2024-04,0.0,1.0,0,11667.0,30298.0,11005
100183,2024-04,2024-05,2024-06,0.0,1.0,0,11005.0,5327.0,38660
100183,2024-06,2024-07,2024-08,0.0,1.0,0,38660.0,24793.0,876
100183,2025-10,2025-11,2025-12,0.0,1.0,0,26790.0,6781.0,33991
100184,2025-06,2025-07,2025-08,0.0,1.0,0,14630.0,16165.0,8863
100185,2024-04,2024-05,2024-06,0.0,1.0,0,23405.0,15601.0,12285
100185,2024-07,2024-08,2024-09,0.0,1.0,0,14921.0,8067.0,16209
100186,2024-07,2024-08,2024-09,0.0,1.0,0,10124.0,6628.0,32255
100186,2024-09,2024-10,2024-11,0.0,1.0,0,32255.0,12456.0,22924
100187,2024-09,2024-10,2024-11,0.0,1.0,0,26350.0,20815.0,40285
100187,2024-11,2024-12,2025-01,0.0,1.0,0,40285.0,7151.0,10129
100188,2024-09,2024-10,2024-11,0.0,1.0,0,8180.0,17135.0,24969
100189,2024-07,2024-08,2024-09,0.0,1.0,0,46719.0,33429.0,48066
100190,2024-01,2024-02,2024-03,0.0,1.0,0,47320.0,16539.0,29074
100191,2025-05,2025-06,2025-07,0.0,1.0,0,11065.0,7547.0,43461
100192,2024-06,2024-07,2024-08,0.0,1.0,0,43472.0,35357.0,46967
100192,2025-09,2025-10,2025-11,0.0,1.0,0,35451.0,25058.0,31523
100193,2024-12,2025-01,2025-02,0.0,1.0,0,38399.0,8441.0,44284
100193,2025-02,2025-03,2025-04,0.0,1.0,0,44284.0,34786.0,33435
100195,2024-01,2024-02,2024-03,0.0,1.0,0,10926.0,11776.0,14815
100195,2024-12,2025-01,2025-02,0.0,1.0,0,8165.0,7178.0,19083
100196,2024-06,2024-07,2024-08,0.0,1.0,0,43836.0,35062.0,32970
100196,2024-11,2024-12,2025-01,0.0,1.0,0,15798.0,45073.0,24512
100196,2025-04,2025-05,2025-06,0.0,1.0,0,48034.0,18639.0,38874
100196,2025-09,2025-10,2025-11,0.0,1.0,0,28751.0,20336.0,35079
100197,2024-02,2024-03,2024-04,0.0,1.0,0,9060.0,42695.0,19920
100197,2024-08,2024-09,2024-10,0.0,1.0,0,11237.0,21328.0,12049
100197,2024-11,2024-12,2025-01,0.0,1.0,0,41095.0,12909.0,23448
100197,2025-03,2025-04,2025-05,0.0,1.0,0,4682.0,31489.0,41761
100197,2025-06,2025-07,2025-08,0.0,1.0,0,24079.0,41278.0,21258
100198,2024-03,2024-04,2024-05,0.0,1.0,0,38996.0,1844.0,2791
100199,2024-01,2024-02,2024-03,0.0,1.0,0,1332.0,47280.0,36944
100199,2024-06,2024-07,2024-08,0.0,1.0,0,5763.0,10892.0,41063
100199,2024-10,2024-11,2024-12,0.0,1.0,0,9059.0,3589.0,227
100199,2025-07,2025-08,2025-09,0.0,1.0,0,28645.0,41284.0,11564
100199,2025-09,2025-10,2025-11,0.0,1.0,0,11564.0,39056.0,9953
100200,2024-07,2024-08,2024-09,0.0,1.0,0,2517.0,20143.0,22943
100202,2024-04,2024-05,2024-06,0.0,1.0,0,37192.0,1501.0,36100
100202,2025-05,2025-06,2025-07,0.0,1.0,0,31451.0,43553.0,13391
100203,2024-03,2024-04,2024-05,0.0,1.0,0,6565.0,19950.0,4602
100203,2024-05,2024-06,2024-07,0.0,1.0,0,4602.0,2215.0,25030
100203,2025-03,2025-04,2025-05,0.0,1.0,0,48082.0,33085.0,30226
100203,2025-06,2025-07,2025-08,0.0,1.0,0,18697.0,47575.0,5529
100204,2024-06,2024-07,2024-08,0.0,1.0,0,40847.0,37883.0,978
100204,2024-10,2024-11,2024-12,0.0,1.0,0,14211.0,3983.0,19604
100204,2025-01,2025-02,2025-03,0.0,1.0,0,34484.0,22512.0,17913
100205,2024-08,2024-09,2024-10,0.0,1.0,0,23862.0,27440.0,36543
100205,2025-04,2025-05,2025-06,0.0,1.0,0,27864.0,46587.0,45655
100205,2025-07,2025-08,2025-09,0.0,1.0,0,15572.0,6993.0,35803
100206,2024-02,2024-03,2024-04,0.0,1.0,0,33664.0,32627.0,3061
100206,2024-09,2024-10,2024-11,0.0,1.0,0,9404.0,7037.0,32794
100206,2024-11,2024-12,2025-01,0.0,1.0,0,32794.0,4654.0,6960
100206,2025-04,2025-05,2025-06,0.0,1.0,0,30796.0,12081.0,36461
100206,2025-07,2025-08,2025-09,0.0,1.0,0,48572.0,8054.0,22433
100206,2025-10,2025-11,2025-12,0.0,1.0,0,17159.0,3828.0,16459
100207,2024-11,2024-12,2025-01,0.0,1.0,0,21912.0,28651.0,32063
100207,2025-06,2025-07,2025-08,0.0,1.0,0,14400.0,27715.0,40417
100207,2025-10,2025-11,2025-12,0.0,1.0,0,39249.0,40497.0,22646
100208,2024-07,2024-08,2024-09,0.0,1.0,0,13989.0,29879.0,35741
100208,2024-11,2024-12,2025-01,0.0,1.0,0,33724.0,2736.0,43780
100209,2025-03,2025-04,2025-05,0.0,1.0,0,43563.0,26828.0,18932
100210,2024-01,2024-02,2024-03,0.0,1.0,0,8406.0,40757.0,1025
100210,2024-03,2024-04,2024-05,0.0,1.0,0,1025.0,37648.0,8151
100211,2024-09,2024-10,2024-11,0.0,1.0,0,496.0,2821.0,20868
100211,2024-11,2024-12,2025-01,0.0,1.0,0,20868.0,32701.0,23953
100212,2024-04,2024-05,2024-06,0.0,1.0,0,43387.0,9426.0,20857
100213,2024-02,2024-03,2024-04,0.0,1.0,0,27333.0,18576.0,13973
100213,2024-10,2024-11,2024-12,0.0,1.0,0,47696.0,43587.0,1624
100213,2025-01,2025-02,2025-03,0.0,1.0,0,40284.0,1832.0,6550
100213,2025-05,2025-06,2025-07,0.0,1.0,0,48297.0,47682.0,41085
100213,2025-07,2025-08,2025-09,0.0,1.0,0,41085.0,23391.0,47236
100214,2024-01,2024-02,2024-03,0.0,1.0,0,11503.0,15203.0,21397
100214,2024-07,2024-08,2024-09,0.0,1.0,0,9345.0,21636.0,4860
100214,2024-11,2024-12,2025-01,0.0,1.0,0,2305.0,44916.0,5243
100214,2025-04,2025-05,2025-06,0.0,1.0,0,36252.0,7979.0,14459
100214,2025-06,2025-07,2025-08,0.0,1.0,0,14459.0,8890.0,45729
100214,2025-09,2025-10,2025-11,0.0,1.0,0,2691.0,34881.0,34148
100215,2025-03,2025-04,2025-05,0.0,1.0,0,31171.0,9564.0,45621
100216,2024-06,2024-07,2024-08,0.0,1.0,0,34795.0,1803.0,44918
100216,2024-08,2024-09,2024-10,0.0,1.0,0,44918.0,20389.0,12307
100216,2025-09,2025-10,2025-11,0.0,1.0,0,45546.0,48276.0,576
100218,2024-03,2024-04,2024-05,0.0,1.0,0,39857.0,37867.0,22668
100218,2024-06,2024-07,2024-08,0.0,1.0,0,6560.0,34465.0,43825
100218,2025-01,2025-02,2025-03,0.0,1.0,0,29015.0,45151.0,36658
100218,2025-08,2025-09,2025-10,0.0,1.0,0,48282.0,27680.0,29470
100219,2024-06,2024-07,2024-08,0.0,1.0,0,8050.0,6627.0,27657
100219,2025-02,2025-03,2025-04,0.0,1.0,0,27262.0,636.0,40477
100219,2025-06,2025-07,2025-08,0.0,1.0,0,35878.0,743.0,44426
100219,2025-10,2025-11,2025-12,0.0,1.0,0,33750.0,4160.0,4585
100220,2024-05,2024-06,2024-07,0.0,1.0,0,2745.0,26538.0,33694
100220,2024-11,2024-12,2025-01,0.0,1.0,0,7392.0,27117.0,33470
100220,2025-10,2025-11,2025-12,0.0,1.0,0,23385.0,34850.0,26782
100221,2024-06,2024-07,2024-08,0.0,1.0,0,3272.0,48457.0,10799
100221,2025-03,2025-04,2025-05,0.0,1.0,0,35295.0,45943.0,15872
100222,2024-09,2024-10,2024-11,0.0,1.0,0,20874.0,22425.0,3147
100223,2025-06,2025-07,2025-08,0.0,1.0,0,1836.0,4734.0,19373
100224,2025-08,2025-09,2025-10,0.0,1.0,0,1467.0,17251.0,21564
100225,2024-04,2024-05,2024-06,0.0,1.0,0,46297.0,47287.0,34837
100225,2025-03,2025-04,2025-05,0.0,1.0,0,22968.0,45407.0,35411
100226,2025-02,2025-03,2025-04,0.0,1.0,0,36415.0,28059.0,32170
100226,2025-04,2025-05,2025-06,0.0,1.0,0,32170.0,35191.0,26913
100226,2025-08,2025-09,2025-10,0.0,1.0,0,6599.0,42625.0,5025
100227,2024-01,2024-02,2024-03,0.0,1.0,0,29964.0,18501.0,44194
100227,2025-08,2025-09,2025-10,0.0,1.0,0,43142.0,10324.0,34877
100228,2024-05,2024-06,2024-07,0.0,1.0,0,34425.0,42649.0,42982
100228,2024-08,2024-09,2024-10,0.0,1.0,0,19041.0,7580.0,44099
100228,2025-07,2025-08,2025-09,0.0,1.0,0,24143.0,32183.0,19767
100229,2024-02,2024-03,2024-04,0.0,1.0,0,5219.0,32914.0,16743
100229,2024-07,2024-08,2024-09,0.0,1.0,0,9610.0,24924.0,13637
100229,2025-01,2025-02,2025-03,0.0,1.0,0,6582.0,28251.0,18926
100229,2025-03,2025-04,2025-05,0.0,1.0,0,18926.0,8628.0,40624
100230,2024-09,2024-10,2024-11,0.0,1.0,0,11198.0,22206.0,18362
100230,2025-06,2025-07,2025-08,0.0,1.0,0,47346.0,1752.0,19053
100231,2024-02,2024-03,2024-04,0.0,1.0,0,9559.0,17014.0,20720
100231,2025-02,2025-03,2025-04,0.0,1.0,0,31203.0,22302.0,33790
100232,2024-01,2024-02,2024-03,0.0,1.0,0,7324.0,39491.0,41467
100233,2024-01,2024-02,2024-03,0.0,1.0,0,22546.0,13494.0,34383
100233,2024-03,2024-04,2024-05,0.0,1.0,0,34383.0,24331.0,46950
100233,2025-03,2025-04,2025-05,0.0,1.0,0,14687.0,11344.0,31423
100234,2024-01,2024-02,2024-03,0.0,1.0,0,40072.0,22718.0,34304
100235,2024-04,2024-05,2024-06,0.0,1.0,0,231.0,21771.0,14806
100236,2025-02,2025-03,2025-04,0.0,1.0,0,16824.0,12737.0,31820
100236,2025-04,2025-05,2025-06,0.0,1.0,0,31820.0,385.0,28066
100236,2025-10,2025-11,2025-12,0.0,1.0,0,43009.0,38559.0,2142
100237,2024-04,2024-05,2024-06,0.0,1.0,0,15333.0,47133.0,29295
100237,2025-01,2025-02,2025-03,0.0,1.0,0,8232.0,10211.0,39029
100238,2024-05,2024-06,2024-07,0.0,1.0,0,1779.0,36017.0,40249
100238,2024-10,2024-11,2024-12,0.0,1.0,0,2382.0,35116.0,31594
100238,2025-02,2025-03,2025-04,0.0,1.0,0,39132.0,24965.0,46631
100238,2025-09,2025-10,2025-11,0.0,1.0,0,44837.0,35248.0,15754
100239,2024-01,2024-02,2024-03,0.0,1.0,0,26304.0,24299.0,32191
100239,2024-10,2024-11,2024-12,0.0,1.0,0,13758.0,36645.0,14492
100239,2025-10,2025-11,2025-12,0.0,1.0,0,26643.0,480.0,41501
100240,2024-04,2024-05,2024-06,0.0,1.0,0,38989.0,23890.0,25394
100240,2025-09,2025-10,2025-11,0.0,1.0,0,27338.0,15359.0,37814
100241,2024-03,2024-04,2024-05,0.0,1.0,0,47936.0,25975.0,22536
100241,2025-02,2025-03,2025-04,0.0,1.0,0,4499.0,48129.0,46420
100241,2025-05,2025-06,2025-07,0.0,1.0,0,20653.0,17553.0,30981
100241,2025-08,2025-09,2025-10,0.0,1.0,0,7503.0,17685.0,23763
100242,2025-08,2025-09,2025-10,0.0,1.0,0,37303.0,31761.0,16607
100243,2024-03,2024-04,2024-05,0.0,1.0,0,18374.0,44500.0,46064
100243,2024-07,2024-08,2024-09,0.0,1.0,0,29304.0,22278.0,18338
100243,2024-11,2024-12,2025-01,0.0,1.0,0,43231.0,11475.0,2728
100243,2025-05,2025-06,2025-07,0.0,1.0,0,23565.0,26279.0,8785
100243,2025-10,2025-11,2025-12,0.0,1.0,0,29033.0,7957.0,48126
100244,2024-06,2024-07,2024-08,0.0,1.0,0,35085.0,40162.0,20075
100244,2024-09,2024-10,2024-11,0.0,1.0,0,45980.0,10886.0,48097
100244,2025-05,2025-06,2025-07,0.0,1.0,0,38485.0,22503.0,32168
100244,2025-09,2025-10,2025-11,0.0,1.0,0,20844.0,44563.0,46936
100245,2024-05,2024-06,2024-07,0.0,1.0,0,37023.0,43932.0,35853
100245,2025-01,2025-02,2025-03,0.0,1.0,0,19066.0,4267.0,16098
100245,2025-08,2025-09,2025-10,0.0,1.0,0,8966.0,44602.0,6341
100245,2025-10,2025-11,2025-12,0.0,1.0,0,6341.0,41106.0,33909
100246,2024-07,2024-08,2024-09,0.0,1.0,0,45172.0,24541.0,21991
100246,2024-12,2025-01,2025-02,0.0,1.0,0,12701.0,18486.0,2022
100246,2025-05,2025-06,2025-07,0.0,1.0,0,46342.0,6291.0,30343
100247,2024-04,2024-05,2024-06,0.0,1.0,0,14997.0,26378.0,40982
100247,2024-07,2024-08,2024-09,0.0,1.0,0,38608.0,31052.0,33170
100247,2024-09,2024-10,2024-11,0.0,1.0,0,33170.0,901.0,3765
100247,2024-11,2024-12,2025-01,0.0,1.0,0,3765.0,1778.0,4555
100247,2025-04,2025-05,2025-06,0.0,1.0,0,10963.0,21033.0,16587
100248,2024-06,2024-07,2024-08,0.0,1.0,0,8294.0,1569.0,19531
100249,2025-01,2025-02,2025-03,0.0,1.0,0,37077.0,4533.0,40437
100249,2025-06,2025-07,2025-08,0.0,1.0,0,34860.0,32096.0,30240
100250,2024-12,2025-01,2025-02,0.0,1.0,0,5944.0,7785.0,31637
100250,2025-04,2025-05,2025-06,0.0,1.0,0,22186.0,11917.0,10044
100251,2025-08,2025-09,2025-10,0.0,1.0,0,18701.0,40188.0,36618
100252,2024-02,2024-03,2024-04,0.0,1.0,0,8727.0,42924.0,2639
100252,2024-10,2024-11,2024-12,0.0,1.0,0,20275.0,20963.0,6942
100252,2024-12,2025-01,2025-02,0.0,1.0,0,6942.0,17515.0,27068
100252,2025-05,2025-06,2025-07,0.0,1.0,0,32373.0,35759.0,5719
100253,2024-06,2024-07,2024-08,0.0,1.0,0,33385.0,16750.0,13859
100253,2024-09,2024-10,2024-11,0.0,1.0,0,15178.0,10973.0,4897
100253,2024-11,2024-12,2025-01,0.0,1.0,0,4897.0,34937.0,29206
100253,2025-05,2025-06,2025-07,0.0,1.0,0,10194.0,33417.0,44895
100255,2024-08,2024-09,2024-10,0.0,1.0,0,8825.0,7130.0,9041
100256,2024-01,2024-02,2024-03,0.0,1.0,0,41899.0,2816.0,12563
100256,2025-04,2025-05,2025-06,0.0,1.0,0,14065.0,34743.0,2604
100258,2025-02,2025-03,2025-04,0.0,1.0,0,43192.0,23738.0,45359
100258,2025-06,2025-07,2025-08,0.0,1.0,0,4005.0,22827.0,30306
100259,2024-02,2024-03,2024-04,0.0,1.0,0,32541.0,46194.0,20989
100259,2024-12,2025-01,2025-02,0.0,1.0,0,9513.0,28739.0,47369
100260,2025-06,2025-07,2025-08,0.0,1.0,0,26389.0,21601.0,28731
100261,2025-03,2025-04,2025-05,0.0,1.0,0,34369.0,17655.0,18136
100262,2024-08,2024-09,2024-10,0.0,1.0,0,31160.0,36646.0,7265
100263,2025-07,2025-08,2025-09,0.0,1.0,0,7762.0,1314.0,2540
100264,2024-12,2025-01,2025-02,0.0,1.0,0,36686.0,36640.0,43866
100264,2025-03,2025-04,2025-05,0.0,1.0,0,24768.0,22213.0,10046
100265,2024-06,2024-07,2024-08,0.0,1.0,0,8357.0,45370.0,14405
100265,2024-09,2024-10,2024-11,0.0,1.0,0,11490.0,30465.0,17384
100265,2025-04,2025-05,2025-06,0.0,1.0,0,29681.0,36346.0,36311
100266,2024-02,2024-03,2024-04,0.0,1.0,0,5261.0,34493.0,4383
100266,2025-07,2025-08,2025-09,0.0,1.0,0,48474.0,11418.0,23521
100267,2024-09,2024-10,2024-11,0.0,1.0,0,23981.0,29533.0,34827
100267,2025-04,2025-05,2025-06,0.0,1.0,0,5000.0,25374.0,9263
100267,2025-09,2025-10,2025-11,0.0,1.0,0,13395.0,3219.0,4231
100268,2024-01,2024-02,2024-03,0.0,1.0,0,18288.0,16722.0,30347
100268,2024-06,2024-07,2024-08,0.0,1.0,0,5370.0,18983.0,42056
100268,2025-06,2025-07,2025-08,0.0,1.0,0,754.0,18796.0,4894
100269,2024-01,2024-02,2024-03,0.0,1.0,0,40192.0,13688.0,25552
100269,2024-03,2024-04,2024-05,0.0,1.0,0,25552.0,36617.0,5979
100269,2024-09,2024-10,2024-11,0.0,1.0,0,43724.0,36073.0,17474
100269,2025-10,2025-11,2025-12,0.0,1.0,0,2163.0,2997.0,46728
100270,2024-06,2024-07,2024-08,0.0,1.0,0,19361.0,32228.0,38845
100270,2024-10,2024-11,2024-12,0.0,1.0,0,26479.0,5832.0,14428
100270,2025-05,2025-06,2025-07,0.0,1.0,0,24715.0,10680.0,26160
100270,2025-08,2025-09,2025-10,0.0,1.0,0,18077.0,18291.0,47973
100272,2025-01,2025-02,2025-03,0.0,1.0,0,17064.0,37654.0,22161
100272,2025-04,2025-05,2025-06,0.0,1.0,0,6758.0,29711.0,7891
100273,2025-01,2025-02,2025-03,0.0,1.0,0,48537.0,30476.0,44639
100273,2025-07,2025-08,2025-09,0.0,1.0,0,38513.0,32736.0,39058
100274,2024-10,2024-11,2024-12,0.0,1.0,0,8199.0,22318.0,23884
100274,2024-12,2025-01,2025-02,0.0,1.0,0,23884.0,31167.0,46360
100275,2024-08,2024-09,2024-10,0.0,1.0,0,31100.0,36172.0,11222
100275,2024-12,2025-01,2025-02,0.0,1.0,0,24410.0,42693.0,45795
100275,2025-10,2025-11,2025-12,0.0,1.0,0,44799.0,26433.0,41903
100276,2024-01,2024-02,2024-03,0.0,1.0,0,32665.0,24255.0,27227
100276,2024-04,2024-05,2024-06,0.0,1.0,0,17559.0,18895.0,41608
100276,2024-06,2024-07,2024-08,0.0,1.0,0,41608.0,48004.0,19825
100276,2024-08,2024-09,2024-10,0.0,1.0,0,19825.0,4665.0,46174
100276,2024-10,2024-11,2024-12,0.0,1.0,0,46174.0,31737.0,8879
100277,2024-01,2024-02,2024-03,0.0,1.0,0,3234.0,19037.0,13947
100277,2024-04,2024-05,2024-06,0.0,1.0,0,2450.0,33569.0,30233
100277,2025-01,2025-02,2025-03,0.0,1.0,0,33500.0,6866.0,29603
100278,2024-03,2024-04,2024-05,0.0,1.0,0,44822.0,27501.0,4292
100279,2024-06,2024-07,2024-08,0.0,1.0,0,13044.0,15190.0,32006
100279,2024-10,2024-11,2024-12,0.0,1.0,0,25186.0,22551.0,1641
100279,2024-12,2025-01,2025-02,0.0,1.0,0,1641.0,15180.0,19878
100279,2025-04,2025-05,2025-06,0.0,1.0,0,5796.0,40652.0,41927
100280,2024-02,2024-03,2024-04,0.0,1.0,0,37517.0,26759.0,45186
100280,2024-11,2024-12,2025-01,0.0,1.0,0,1165.0,19269.0,16383
100280,2025-02,2025-03,2025-04,0.0,1.0,0,44549.0,30318.0,41788
100281,2024-03,2024-04,2024-05,0.0,1.0,0,41602.0,45376.0,30949
100281,2024-09,2024-10,2024-11,0.0,1.0,0,33316.0,16233.0,21858
100282,2025-10,2025-11,2025-12,0.0,1.0,0,38824.0,20553.0,3779
100283,2025-04,2025-05,2025-06,0.0,1.0,0,4631.0,14415.0,3894
100283,2025-08,2025-09,2025-10,0.0,1.0,0,24416.0,42281.0,43118
100284,2024-01,2024-02,2024-03,0.0,1.0,0,42537.0,36558.0,18653
100284,2025-01,2025-02,2025-03,0.0,1.0,0,44095.0,34210.0,44302
100284,2025-04,2025-05,2025-06,0.0,1.0,0,15790.0,44878.0,8104
100284,2025-10,2025-11,2025-12,0.0,1.0,0,19255.0,45696.0,20160
100285,2025-04,2025-05,2025-06,0.0,1.0,0,15309.0,5048.0,19811
100286,2024-03,2024-04,2024-05,0.0,1.0,0,47965.0,39360.0,3196
100286,2025-01,2025-02,2025-03,0.0,1.0,0,22325.0,44036.0,27858
100287,2024-02,2024-03,2024-04,0.0,1.0,0,28778.0,27771.0,3299
100287,2024-06,2024-07,2024-08,0.0,1.0,0,2112.0,37859.0,38835
100287,2024-08,2024-09,2024-10,0.0,1.0,0,38835.0,28140.0,17334
100287,2024-11,2024-12,2025-01,0.0,1.0,0,48041.0,30883.0,16696
100287,2025-07,2025-08,2025-09,0.0,1.0,0,42972.0,2637.0,10736
100288,2024-06,2024-07,2024-08,0.0,1.0,0,45240.0,20483.0,18681
100288,2025-04,2025-05,2025-06,0.0,1.0,0,10516.0,46567.0,32355
100289,2024-06,2024-07,2024-08,0.0,1.0,0,14842.0,27522.0,19165
100289,2025-07,2025-08,2025-09,0.0,1.0,0,45713.0,30074.0,47836
100289,2025-09,2025-10,2025-11,0.0,1.0,0,47836.0,22082.0,16054
100290,2024-05,2024-06,2024-07,0.0,1.0,0,4948.0,23355.0,23515
100290,2025-06,2025-07,2025-08,0.0,1.0,0,40623.0,27321.0,42373
100291,2024-02,2024-03,2024-04,0.0,1.0,0,14872.0,45086.0,79
100291,2024-04,2024-05,2024-06,0.0,1.0,0,79.0,43073.0,19924
100291,2025-08,2025-09,2025-10,0.0,1.0,0,4124.0,44928.0,3829
100292,2024-03,2024-04,2024-05,0.0,1.0,0,19505.0,6640.0,17430
100292,2024-08,2024-09,2024-10,0.0,1.0,0,15527.0,11909.0,30491
100292,2024-11,2024-12,2025-01,0.0,1.0,0,37147.0,44448.0,25046
100292,2025-04,2025-05,2025-06,0.0,1.0,0,26095.0,28509.0,14606
100293,2024-11,2024-12,2025-01,0.0,1.0,0,43276.0,13256.0,17089
100294,2024-07,2024-08,2024-09,0.0,1.0,0,7782.0,31437.0,39861
100294,2024-10,2024-11,2024-12,0.0,1.0,0,19092.0,24610.0,752
100294,2025-01,2025-02,2025-03,0.0,1.0,0,30480.0,30880.0,44111
100294,2025-09,2025-10,2025-11,0.0,1.0,0,41715.0,45843.0,16163
100295,2024-02,2024-03,2024-04,0.0,1.0,0,34018.0,22525.0,44812
100295,2024-04,2024-05,2024-06,0.0,1.0,0,44812.0,2784.0,41809
100295,2024-09,2024-10,2024-11,0.0,1.0,0,17015.0,20130.0,23571
100296,2024-10,2024-11,2024-12,0.0,1.0,0,2213.0,27053.0,47458
100296,2025-02,2025-03,2025-04,0.0,1.0,0,25149.0,18690.0,40093
100296,2025-06,2025-07,2025-08,0.0,1.0,0,34680.0,11405.0,45775
100296,2025-08,2025-09,2025-10,0.0,1.0,0,45775.0,42570.0,38880
100297,2024-06,2024-07,2024-08,0.0,1.0,0,37187.0,18933.0,34043
100297,2024-12,2025-01,2025-02,0.0,1.0,0,5051.0,34496.0,43437
100297,2025-03,2025-04,2025-05,0.0,1.0,0,15158.0,3886.0,43925
100298,2024-03,2024-04,2024-05,0.0,1.0,0,15813.0,46904.0,46511
100298,2024-05,2024-06,2024-07,0.0,1.0,0,46511.0,32799.0,28286
100298,2024-08,2024-09,2024-10,0.0,1.0,0,42754.0,17264.0,35746
100298,2025-07,2025-08,2025-09,0.0,1.0,0,44507.0,17833.0,30462
100299,2024-01,2024-02,2024-03,0.0,1.0,0,790.0,28871.0,29668
100299,2024-04,2024-05,2024-06,0.0,1.0,0,15410.0,594.0,44926
100299,2024-10,2024-11,2024-12,0.0,1.0,0,29495.0,920.0,3816
100299,2025-01,2025-02,2025-03,0.0,1.0,0,648.0,42821.0,8494
100300,2024-06,2024-07,2024-08,0.0,1.0,0,8753.0,31960.0,6437
100300,2024-10,2024-11,2024-12,0.0,1.0,0,29051.0,13882.0,10934
100300,2025-07,2025-08,2025-09,0.0,1.0,0,18975.0,32904.0,3468
100301,2025-05,2025-06,2025-07,0.0,1.0,0,24760.0,30092.0,28618
100301,2025-10,2025-11,2025-12,0.0,1.0,0,20484.0,15224.0,20487
100302,2025-02,2025-03,2025-04,0.0,1.0,0,8859.0,37051.0,36473
100303,2024-01,2024-02,2024-03,0.0,1.0,0,12613.0,1033.0,4058
100303,2024-05,2024-06,2024-07,0.0,1.0,0,9857.0,8725.0,46521
100303,2025-03,2025-04,2025-05,0.0,1.0,0,48391.0,46780.0,6588
100303,2025-05,2025-06,2025-07,0.0,1.0,0,6588.0,23183.0,36175
100304,2024-01,2024-02,2024-03,0.0,1.0,0,26662.0,13495.0,36786
100304,2024-06,2024-07,2024-08,0.0,1.0,0,47215.0,2337.0,46735
100304,2024-12,2025-01,2025-02,0.0,1.0,0,10499.0,3080.0,14286
100305,2024-03,2024-04,2024-05,0.0,1.0,0,7371.0,9268.0,35561
100305,2024-05,2024-06,2024-07,0.0,1.0,0,35561.0,46806.0,35439
100305,2024-07,2024-08,2024-09,0.0,1.0,0,35439.0,43345.0,45919
100305,2025-08,2025-09,2025-10,0.0,1.0,0,30220.0,30816.0,46541
100306,2024-01,2024-02,2024-03,0.0,1.0,0,22802.0,27014.0,36787
100306,2024-08,2024-09,2024-10,0.0,1.0,0,23903.0,15315.0,37464
100306,2025-03,2025-04,2025-05,0.0,1.0,0,46258.0,3642.0,36978
100307,2024-07,2024-08,2024-09,0.0,1.0,0,32036.0,14471.0,19370
100308,2024-04,2024-05,2024-06,0.0,1.0,0,6386.0,42287.0,30677
100308,2025-03,2025-04,2025-05,0.0,1.0,0,23356.0,33523.0,20485
100308,2025-07,2025-08,2025-09,0.0,1.0,0,42344.0,11636.0,15331
100308,2025-09,2025-10,2025-11,0.0,1.0,0,15331.0,13547.0,4463
100309,2024-02,2024-03,2024-04,0.0,1.0,0,20261.0,44607.0,13601
100309,2025-02,2025-03,2025-04,0.0,1.0,0,21439.0,9920.0,30177
100309,2025-06,2025-07,2025-08,0.0,1.0,0,39858.0,45064.0,23312
100310,2024-01,2024-02,2024-03,0.0,1.0,0,8066.0,46532.0,8631
100310,2024-10,2024-11,2024-12,0.0,1.0,0,13760.0,2254.0,25744
100310,2025-10,2025-11,2025-12,0.0,1.0,0,2334.0,31893.0,15050
100311,2024-06,2024-07,2024-08,0.0,1.0,0,4377.0,28898.0,35313
100312,2024-11,2024-12,2025-01,0.0,1.0,0,21797.0,19127.0,22327
100313,2024-01,2024-02,2024-03,0.0,1.0,0,40005.0,43201.0,16062
100313,2024-03,2024-04,2024-05,0.0,1.0,0,16062.0,45243.0,17367
100313,2025-04,2025-05,2025-06,0.0,1.0,0,13109.0,20838.0,37747
100314,2024-01,2024-02,2024-03,0.0,1.0,0,30747.0,30512.0,19508
100314,2024-05,2024-06,2024-07,0.0,1.0,0,35814.0,39244.0,28178
100314,2024-07,2024-08,2024-09,0.0,1.0,0,28178.0,31745.0,21394
100314,2024-09,2024-10,2024-11,0.0,1.0,0,21394.0,20462.0,32354
100314,2025-10,2025-11,2025-12,0.0,1.0,0,33076.0,18372.0,11287
100315,2024-06,2024-07,2024-08,0.0,1.0,0,373.0,24749.0,45610
100315,2025-05,2025-06,2025-07,0.0,1.0,0,46639.0,22165.0,5850
100316,2024-09,2024-10,2024-11,0.0,1.0,0,7601.0,18418.0,16954
100316,2024-12,2025-01,2025-02,0.0,1.0,0,23732.0,29919.0,16990
100317,2025-02,2025-03,2025-04,0.0,1.0,0,39904.0,25087.0,18962
100318,2024-02,2024-03,2024-04,0.0,1.0,0,48062.0,6468.0,30898
100318,2025-04,2025-05,2025-06,0.0,1.0,0,30126.0,30352.0,24521
100318,2025-06,2025-07,2025-08,0.0,1.0,0,24521.0,39653.0,38300
100319,2024-02,2024-03,2024-04,0.0,1.0,0,9113.0,25843.0,5666
100320,2024-04,2024-05,2024-06,0.0,1.0,0,8007.0,45596.0,1126
100320,2024-10,2024-11,2024-12,0.0,1.0,0,2033.0,2528.0,44843
100320,2024-12,2025-01,2025-02,0.0,1.0,0,44843.0,26653.0,46930
100321,2024-01,2024-02,2024-03,0.0,1.0,0,8945.0,27650.0,35832
100321,2024-05,2024-06,2024-07,0.0,1.0,0,24677.0,15148.0,2686
100321,2025-03,2025-04,2025-05,0.0,1.0,0,2647.0,41756.0,35494
100321,2025-05,2025-06,2025-07,0.0,1.0,0,35494.0,33621.0,26924
100322,2024-01,2024-02,2024-03,0.0,1.0,0,23923.0,32858.0,12609
100322,2024-07,2024-08,2024-09,0.0,1.0,0,18592.0,41054.0,33382
100322,2025-04,2025-05,2025-06,0.0,1.0,0,39803.0,13618.0,46216
100322,2025-07,2025-08,2025-09,0.0,1.0,0,26817.0,2438.0,39035
100322,2025-09,2025-10,2025-11,0.0,1.0,0,39035.0,25212.0,13510
100323,2024-03,2024-04,2024-05,0.0,1.0,0,36913.0,20295.0,15936
100323,2024-07,2024-08,2024-09,0.0,1.0,0,40292.0,40631.0,47426
100323,2024-09,2024-10,2024-11,0.0,1.0,0,47426.0,2338.0,2114
100323,2025-10,2025-11,2025-12,0.0,1.0,0,21654.0,32172.0,19131
100324,2024-10,2024-11,2024-12,0.0,1.0,0,12264.0,26627.0,8508
100324,2025-05,2025-06,2025-07,0.0,1.0,0,45378.0,2752.0,25811
100325,2024-06,2024-07,2024-08,0.0,1.0,0,12032.0,5077.0,28257
100326,2024-02,2024-03,2024-04,0.0,1.0,0,4022.0,14154.0,1230
100326,2024-06,2024-07,2024-08,0.0,1.0,0,14041.0,18271.0,4024
100326,2025-09,2025-10,2025-11,0.0,1.0,0,19392.0,48315.0,23401
100327,2024-01,2024-02,2024-03,0.0,1.0,0,23830.0,25669.0,9202
100327,2025-08,2025-09,2025-10,0.0,1.0,0,42968.0,5163.0,31103
100327,2025-10,2025-11,2025-12,0.0,1.0,0,31103.0,19482.0,1471
100328,2024-03,2024-04,2024-05,0.0,1.0,0,45999.0,13097.0,34967
100328,2024-05,2024-06,2024-07,0.0,1.0,0,34967.0,10774.0,5654
100329,2024-12,2025-01,2025-02,0.0,1.0,0,35707.0,47277.0,27659
100329,2025-08,2025-09,2025-10,0.0,1.0,0,42136.0,41859.0,28256
100330,2024-03,2024-04,2024-05,0.0,1.0,0,22568.0,12636.0,33493
100330,2025-01,2025-02,2025-03,0.0,1.0,0,43942.0,19104.0,14199
100331,2025-06,2025-07,2025-08,0.0,1.0,0,19865.0,9336.0,44770
100332,2024-03,2024-04,2024-05,0.0,1.0,0,40533.0,31122.0,42300
100332,2024-11,2024-12,2025-01,0.0,1.0,0,12187.0,11589.0,16609
100332,2025-06,2025-07,2025-08,0.0,1.0,0,36053.0,4812.0,5679
100333,2024-10,2024-11,2024-12,0.0,1.0,0,34903.0,45734.0,42569
100333,2025-03,2025-04,2025-05,0.0,1.0,0,2481.0,46802.0,38446
100334,2024-01,2024-02,2024-03,0.0,1.0,0,834.0,13311.0,33269
100334,2024-07,2024-08,2024-09,0.0,1.0,0,33133.0,17306.0,23071
100334,2025-08,2025-09,2025-10,0.0,1.0,0,6282.0,10500.0,46066
100335,2024-07,2024-08,2024-09,0.0,1.0,0,9744.0,18946.0,25297
100335,2024-10,2024-11,2024-12,0.0,1.0,0,9580.0,34176.0,47694
100335,2025-01,2025-02,2025-03,0.0,1.0,0,35974.0,5460.0,546
100335,2025-09,2025-10,2025-11,0.0,1.0,0,7266.0,3924.0,14006
100336,2024-02,2024-03,2024-04,0.0,1.0,0,46964.0,33672.0,6012
100336,2024-05,2024-06,2024-07,0.0,1.0,0,43411.0,30777.0,4215
100337,2024-12,2025-01,2025-02,0.0,1.0,0,27322.0,31429.0,48414
100339,2024-12,2025-01,2025-02,0.0,1.0,0,46243.0,17057.0,35768
100339,2025-02,2025-03,2025-04,0.0,1.0,0,35768.0,9725.0,1928
100339,2025-07,2025-08,2025-09,0.0,1.0,0,22563.0,19248.0,40513
100340,2024-01,2024-02,2024-03,0.0,1.0,0,745.0,34797.0,28292
100340,2024-07,2024-08,2024-09,0.0,1.0,0,39881.0,9807.0,13562
100340,2024-10,2024-11,2024-12,0.0,1.0,0,37239.0,47595.0,598
100340,2024-12,2025-01,2025-02,0.0,1.0,0,598.0,1061.0,12453
100340,2025-02,2025-03,2025-04,0.0,1.0,0,12453.0,5453.0,33459
100341,2025-10,2025-11,2025-12,0.0,1.0,0,16471.0,26014.0,28993
100342,2025-06,2025-07,2025-08,0.0,1.0,0,13522.0,11864.0,13408
100343,2024-03,2024-04,2024-05,0.0,1.0,0,36557.0,208.0,12986
100343,2024-07,2024-08,2024-09,0.0,1.0,0,14706.0,7390.0,14180
100343,2025-01,2025-02,2025-03,0.0,1.0,0,22774.0,37502.0,4790
100344,2024-03,2024-04,2024-05,0.0,1.0,0,18325.0,24946.0,43745
100344,2024-09,2024-10,2024-11,0.0,1.0,0,37540.0,42145.0,1961
100345,2025-03,2025-04,2025-05,0.0,1.0,0,24439.0,20381.0,45056
100345,2025-08,2025-09,2025-10,0.0,1.0,0,47262.0,23314.0,1311
100346,2024-02,2024-03,2024-04,0.0,1.0,0,8877.0,31152.0,889
100346,2025-01,2025-02,2025-03,0.0,1.0,0,44069.0,32671.0,25733
100347,2024-07,2024-08,2024-09,0.0,1.0,0,2150.0,39133.0,12316
100347,2024-09,2024-10,2024-11,0.0,1.0,0,12316.0,22455.0,47273
100349,2024-04,2024-05,2024-06,0.0,1.0,0,24370.0,30336.0,2321
100349,2025-09,2025-10,2025-11,0.0,1.0,0,32004.0,16013.0,30750
100350,2024-06,2024-07,2024-08,0.0,1.0,0,7144.0,11997.0,33154
100350,2024-11,2024-12,2025-01,0.0,1.0,0,29021.0,3023.0,2886
100350,2025-07,2025-08,2025-09,0.0,1.0,0,39986.0,10303.0,32456
100350,2025-10,2025-11,2025-12,0.0,1.0,0,33146.0,13770.0,186
100351,2024-04,2024-05,2024-06,0.0,1.0,0,40145.0,46015.0,27776
100351,2024-07,2024-08,2024-09,0.0,1.0,0,12182.0,36951.0,2187
100351,2025-02,2025-03,2025-04,0.0,1.0,0,25858.0,9753.0,42037
100351,2025-04,2025-05,2025-06,0.0,1.0,0,42037.0,6917.0,14043
100351,2025-08,2025-09,2025-10,0.0,1.0,0,8398.0,47080.0,10977
100353,2025-01,2025-02,2025-03,0.0,1.0,0,7885.0,5808.0,15867
100353,2025-03,2025-04,2025-05,0.0,1.0,0,15867.0,15659.0,11361
100355,2024-10,2024-11,2024-12,0.0,1.0,0,20330.0,31130.0,38452
100355,2025-01,2025-02,2025-03,0.0,1.0,0,10504.0,45782.0,25524
100355,2025-07,2025-08,2025-09,0.0,1.0,0,29151.0,44179.0,7342
100356,2024-03,2024-04,2024-05,0.0,1.0,0,30708.0,18687.0,38625
100356,2024-08,2024-09,2024-10,0.0,1.0,0,44677.0,44102.0,45084
100356,2025-07,2025-08,2025-09,0.0,1.0,0,47444.0,46303.0,32160
100358,2024-07,2024-08,2024-09,0.0,1.0,0,26883.0,1755.0,24811
100359,2024-11,2024-12,2025-01,0.0,1.0,0,40986.0,7524.0,22605
100360,2024-10,2024-11,2024-12,0.0,1.0,0,35111.0,42355.0,44088
100360,2025-02,2025-03,2025-04,0.0,1.0,0,41563.0,7304.0,41298
100361,2024-07,2024-08,2024-09,0.0,1.0,0,45781.0,45010.0,18429
100362,2024-05,2024-06,2024-07,0.0,1.0,0,29291.0,16899.0,14773
100362,2024-10,2024-11,2024-12,0.0,1.0,0,5321.0,6769.0,45434
100362,2024-12,2025-01,2025-02,0.0,1.0,0,45434.0,28266.0,8247
100362,2025-08,2025-09,2025-10,0.0,1.0,0,25594.0,10803.0,8823
100363,2024-12,2025-01,2025-02,0.0,1.0,0,35971.0,5739.0,42248
100363,2025-09,2025-10,2025-11,0.0,1.0,0,27928.0,228.0,42588
100364,2024-10,2024-11,2024-12,0.0,1.0,0,40675.0,3099.0,23675
100364,2025-05,2025-06,2025-07,0.0,1.0,0,14601.0,5325.0,45706
100365,2024-09,2024-10,2024-11,0.0,1.0,0,2983.0,92.0,47485
100365,2024-11,2024-12,2025-01,0.0,1.0,0,47485.0,11431.0,27164
100365,2025-06,2025-07,2025-08,0.0,1.0,0,17621.0,13914.0,35271
100366,2024-04,2024-05,2024-06,0.0,1.0,0,20957.0,11393.0,21086
100366,2024-11,2024-12,2025-01,0.0,1.0,0,780.0,11860.0,17148
100367,2025-03,2025-04,2025-05,0.0,1.0,0,42082.0,3154.0,2740
100368,2025-04,2025-05,2025-06,0.0,1.0,0,40838.0,46002.0,44805
100368,2025-06,2025-07,2025-08,0.0,1.0,0,44805.0,5491.0,39710
100368,2025-09,2025-10,2025-11,0.0,1.0,0,18593.0,13639.0,33367
100369,2024-06,2024-07,2024-08,0.0,1.0,0,47284.0,13111.0,22060
100369,2024-08,2024-09,2024-10,0.0,1.0,0,22060.0,35340.0,37692
100369,2024-11,2024-12,2025-01,0.0,1.0,0,18500.0,7431.0,16475
100369,2025-01,2025-02,2025-03,0.0,1.0,0,16475.0,14105.0,5640
100369,2025-04,2025-05,2025-06,0.0,1.0,0,45677.0,3661.0,29946
100369,2025-07,2025-08,2025-09,0.0,1.0,0,39971.0,2379.0,30802
100371,2024-09,2024-10,2024-11,0.0,1.0,0,16032.0,5015.0,36056
100371,2025-05,2025-06,2025-07,0.0,1.0,0,15934.0,5548.0,8556
100371,2025-08,2025-09,2025-10,0.0,1.0,0,18563.0,27992.0,5176
100372,2024-07,2024-08,2024-09,0.0,1.0,0,5049.0,32012.0,30773
100372,2025-01,2025-02,2025-03,0.0,1.0,0,27287.0,5786.0,25031
100372,2025-07,2025-08,2025-09,0.0,1.0,0,13931.0,2500.0,41829
100373,2025-02,2025-03,2025-04,0.0,1.0,0,40943.0,31614.0,44456
100374,2024-01,2024-02,2024-03,0.0,1.0,0,46588.0,4675.0,44134
100374,2025-08,2025-09,2025-10,0.0,1.0,0,36683.0,29884.0,35427
100375,2024-01,2024-02,2024-03,0.0,1.0,0,3264.0,3232.0,25823
100375,2024-07,2024-08,2024-09,0.0,1.0,0,26577.0,19680.0,26543
100375,2024-10,2024-11,2024-12,0.0,1.0,0,45272.0,34394.0,5337
100375,2025-07,2025-08,2025-09,0.0,1.0,0,19311.0,21283.0,27114
100376,2024-02,2024-03,2024-04,0.0,1.0,0,7483.0,22401.0,38819
100376,2025-07,2025-08,2025-09,0.0,1.0,0,11876.0,35264.0,32264
100377,2024-09,2024-10,2024-11,0.0,1.0,0,39194.0,26834.0,8834
100377,2025-04,2025-05,2025-06,0.0,1.0,0,11443.0,10142.0,47775
100378,2025-06,2025-07,2025-08,0.0,1.0,0,39202.0,8818.0,5039
100379,2024-04,2024-05,2024-06,0.0,1.0,0,32518.0,27443.0,27356
100379,2025-04,2025-05,2025-06,0.0,1.0,0,12841.0,2889.0,43580
100380,2024-02,2024-03,2024-04,0.0,1.0,0,34567.0,8327.0,35204
100380,2025-07,2025-08,2025-09,0.0,1.0,0,462.0,17803.0,47740
100381,2025-02,2025-03,2025-04,0.0,1.0,0,17999.0,8267.0,13236
100381,2025-05,2025-06,2025-07,0.0,1.0,0,36042.0,25850.0,27806
100382,2024-01,2024-02,2024-03,0.0,1.0,0,29139.0,21829.0,4402
100382,2024-09,2024-10,2024-11,0.0,1.0,0,46300.0,13192.0,16687
100382,2025-01,2025-02,2025-03,0.0,1.0,0,22094.0,2846.0,46345
100382,2025-06,2025-07,2025-08,0.0,1.0,0,2611.0,13507.0,11982
100382,2025-08,2025-09,2025-10,0.0,1.0,0,11982.0,4540.0,39405
100383,2025-01,2025-02,2025-03,0.0,1.0,0,27584.0,26664.0,14596
100384,2024-04,2024-05,2024-06,0.0,1.0,0,39597.0,41428.0,13655
100384,2024-08,2024-09,2024-10,0.0,1.0,0,14413.0,19265.0,14168
100385,2024-01,2024-02,2024-03,0.0,1.0,0,19636.0,11962.0,28456
100385,2024-08,2024-09,2024-10,0.0,1.0,0,43696.0,10837.0,25617
100385,2025-09,2025-10,2025-11,0.0,1.0,0,4913.0,44292.0,44638
100386,2024-12,2025-01,2025-02,0.0,1.0,0,38926.0,17716.0,30165
100387,2024-02,2024-03,2024-04,0.0,1.0,0,31790.0,25813.0,2309
100387,2024-04,2024-05,2024-06,0.0,1.0,0,2309.0,29998.0,35552
100387,2024-06,2024-07,2024-08,0.0,1.0,0,35552.0,39947.0,24968
100387,2024-09,2024-10,2024-11,0.0,1.0,0,32047.0,29661.0,18158
100387,2025-07,2025-08,2025-09,0.0,1.0,0,43218.0,28757.0,29000
100388,2024-04,2024-05,2024-06,0.0,1.0,0,6395.0,26394.0,23559
100388,2025-08,2025-09,2025-10,0.0,1.0,0,14864.0,507.0,32256
100389,2024-08,2024-09,2024-10,0.0,1.0,0,46573.0,37022.0,10664
100389,2024-10,2024-11,2024-12,0.0,1.0,0,10664.0,37863.0,27456
100389,2025-01,2025-02,2025-03,0.0,1.0,0,31610.0,689.0,17087
100390,2024-09,2024-10,2024-11,0.0,1.0,0,45155.0,20806.0,23041
100390,2024-12,2025-01,2025-02,0.0,1.0,0,33497.0,3179.0,42751
100390,2025-07,2025-08,2025-09,0.0,1.0,0,7732.0,8767.0,42338
100391,2024-04,2024-05,2024-06,0.0,1.0,0,45048.0,19840.0,4494
100391,2024-10,2024-11,2024-12,0.0,1.0,0,3964.0,23173.0,43954
100392,2024-01,2024-02,2024-03,0.0,1.0,0,29579.0,18306.0,15103
100393,2024-01,2024-02,2024-03,0.0,1.0,0,35318.0,46557.0,4977
100393,2025-07,2025-08,2025-09,0.0,1.0,0,1588.0,23936.0,5098
100393,2025-09,2025-10,2025-11,0.0,1.0,0,5098.0,30013.0,38286
100394,2025-03,2025-04,2025-05,0.0,1.0,0,20228.0,24580.0,38673
100395,2024-02,2024-03,2024-04,0.0,1.0,0,27121.0,43291.0,17968
100396,2024-07,2024-08,2024-09,0.0,1.0,0,25019.0,13702.0,2377
100396,2025-01,2025-02,2025-03,0.0,1.0,0,43667.0,17018.0,11308
100397,2024-06,2024-07,2024-08,0.0,1.0,0,42877.0,21477.0,46855
100398,2025-06,2025-07,2025-08,0.0,1.0,0,45514.0,18258.0,35856
100400,2025-06,2025-07,2025-08,0.0,1.0,0,29464.0,45823.0,47040
100401,2024-02,2024-03,2024-04,0.0,1.0,0,34004.0,3875.0,40244
100401,2025-02,2025-03,2025-04,0.0,1.0,0,25172.0,19444.0,4623
100401,2025-09,2025-10,2025-11,0.0,1.0,0,29605.0,13921.0,12915
100402,2024-12,2025-01,2025-02,0.0,1.0,0,25911.0,31168.0,39238
100403,2025-02,2025-03,2025-04,0.0,1.0,0,12394.0,14697.0,41369
100404,2025-04,2025-05,2025-06,0.0,1.0,0,2294.0,21392.0,12083
100405,2025-01,2025-02,2025-03,0.0,1.0,0,31054.0,10966.0,47948
100406,2025-09,2025-10,2025-11,0.0,1.0,0,27009.0,11061.0,22129
100407,2024-04,2024-05,2024-06,0.0,1.0,0,27269.0,6383.0,43754
100407,2024-11,2024-12,2025-01,0.0,1.0,0,38062.0,14526.0,38384
100407,2025-01,2025-02,2025-03,0.0,1.0,0,38384.0,9218.0,17476
100407,2025-05,2025-06,2025-07,0.0,1.0,0,2988.0,27288.0,37667
100407,2025-08,2025-09,2025-10,0.0,1.0,0,33503.0,28249.0,426
100407,2025-10,2025-11,2025-12,0.0,1.0,0,426.0,3369.0,23640
100408,2024-11,2024-12,2025-01,0.0,1.0,0,24343.0,25974.0,24539
100408,2025-07,2025-08,2025-09,0.0,1.0,0,6460.0,26901.0,29228
100409,2024-07,2024-08,2024-09,0.0,1.0,0,41175.0,16389.0,35514
100409,2024-12,2025-01,2025-02,0.0,1.0,0,28908.0,38504.0,35570
100410,2024-07,2024-08,2024-09,0.0,1.0,0,1255.0,1019.0,22489
100410,2024-09,2024-10,2024-11,0.0,1.0,0,22489.0,971.0,19210
100410,2024-11,2024-12,2025-01,0.0,1.0,0,19210.0,36086.0,10824
100410,2025-04,2025-05,2025-06,0.0,1.0,0,36365.0,23044.0,26384
100411,2024-04,2024-05,2024-06,0.0,1.0,0,12326.0,6521.0,45443
100411,2025-03,2025-04,2025-05,0.0,1.0,0,3726.0,43099.0,23972
100412,2024-04,2024-05,2024-06,0.0,1.0,0,38638.0,6900.0,99
100412,2025-03,2025-04,2025-05,0.0,1.0,0,13348.0,2453.0,17508
100412,2025-09,2025-10,2025-11,0.0,1.0,0,5941.0,33556.0,12614
100413,2024-06,2024-07,2024-08,0.0,1.0,0,48387.0,10105.0,6243
100413,2025-07,2025-08,2025-09,0.0,1.0,0,24076.0,44269.0,38523
100414,2024-06,2024-07,2024-08,0.0,1.0,0,29112.0,24126.0,8684
100414,2025-08,2025-09,2025-10,0.0,1.0,0,45572.0,6263.0,22881
100415,2024-05,2024-06,2024-07,0.0,1.0,0,31480.0,2848.0,770
100415,2025-03,2025-04,2025-05,0.0,1.0,0,33343.0,29942.0,28106
100415,2025-05,2025-06,2025-07,0.0,1.0,0,28106.0,19381.0,36139
100416,2025-04,2025-05,2025-06,0.0,1.0,0,6307.0,12753.0,11391
100416,2025-09,2025-10,2025-11,0.0,1.0,0,31663.0,5054.0,27754
100417,2024-02,2024-03,2024-04,0.0,1.0,0,4114.0,45300.0,44635
100418,2024-10,2024-11,2024-12,0.0,1.0,0,15565.0,29979.0,33780
100418,2025-01,2025-02,2025-03,0.0,1.0,0,21061.0,8685.0,11778
100418,2025-05,2025-06,2025-07,0.0,1.0,0,32572.0,42912.0,1377
100418,2025-07,2025-08,2025-09,0.0,1.0,0,1377.0,30533.0,16430
100420,2024-02,2024-03,2024-04,0.0,1.0,0,38662.0,31470.0,29313
100420,2025-02,2025-03,2025-04,0.0,1.0,0,23018.0,43235.0,423
100421,2024-06,2024-07,2024-08,0.0,1.0,0,38816.0,4254.0,19987
100421,2025-01,2025-02,2025-03,0.0,1.0,0,29062.0,14072.0,17502
100421,2025-04,2025-05,2025-06,0.0,1.0,0,10276.0,7087.0,25210
100421,2025-06,2025-07,2025-08,0.0,1.0,0,25210.0,35124.0,9926
100422,2024-08,2024-09,2024-10,0.0,1.0,0,25026.0,35813.0,37810
100422,2024-12,2025-01,2025-02,0.0,1.0,0,16318.0,30287.0,12680
100423,2024-02,2024-03,2024-04,0.0,1.0,0,33999.0,23554.0,40173
100423,2024-08,2024-09,2024-10,0.0,1.0,0,32773.0,4333.0,36702
100423,2025-07,2025-08,2025-09,0.0,1.0,0,33430.0,18403.0,32556
100424,2024-01,2024-02,2024-03,0.0,1.0,0,8101.0,28465.0,21808
100424,2025-10,2025-11,2025-12,0.0,1.0,0,34478.0,12800.0,38456
100425,2024-03,2024-04,2024-05,0.0,1.0,0,40693.0,35268.0,619
100425,2024-08,2024-09,2024-10,0.0,1.0,0,16744.0,48039.0,33335
100425,2025-04,2025-05,2025-06,0.0,1.0,0,45623.0,48334.0,25317
100425,2025-06,2025-07,2025-08,0.0,1.0,0,25317.0,18986.0,9037
100425,2025-08,2025-09,2025-10,0.0,1.0,0,9037.0,1753.0,15683
100426,2024-07,2024-08,2024-09,0.0,1.0,0,9684.0,36013.0,13971
100426,2024-09,2024-10,2024-11,0.0,1.0,0,13971.0,17195.0,25533
100426,2025-03,2025-04,2025-05,0.0,1.0,0,4967.0,5655.0,7881
100427,2024-05,2024-06,2024-07,0.0,1.0,0,9026.0,45265.0,10320
100427,2025-06,2025-07,2025-08,0.0,1.0,0,3671.0,41566.0,5378
100427,2025-08,2025-09,2025-10,0.0,1.0,0,5378.0,20502.0,5274
100428,2025-02,2025-03,2025-04,0.0,1.0,0,47561.0,11390.0,36167
100428,2025-04,2025-05,2025-06,0.0,1.0,0,36167.0,7069.0,36500
100429,2024-01,2024-02,2024-03,0.0,1.0,0,34600.0,6762.0,39161
100429,2025-08,2025-09,2025-10,0.0,1.0,0,8737.0,33701.0,21379
100430,2025-05,2025-06,2025-07,0.0,1.0,0,38216.0,28093.0,13955
100430,2025-07,2025-08,2025-09,0.0,1.0,0,13955.0,32684.0,7153
100431,2024-04,2024-05,2024-06,0.0,1.0,0,43359.0,24503.0,20713
100431,2025-03,2025-04,2025-05,0.0,1.0,0,22602.0,22856.0,9044
100431,2025-06,2025-07,2025-08,0.0,1.0,0,42147.0,14368.0,23812
100432,2025-02,2025-03,2025-04,0.0,1.0,0,47443.0,30112.0,46152
100433,2024-02,2024-03,2024-04,0.0,1.0,0,19012.0,28506.0,9724
100433,2024-08,2024-09,2024-10,0.0,1.0,0,14843.0,48311.0,22534
100433,2025-04,2025-05,2025-06,0.0,1.0,0,22008.0,34139.0,24461
100434,2024-01,2024-02,2024-03,0.0,1.0,0,5276.0,5852.0,10382
100434,2024-03,2024-04,2024-05,0.0,1.0,0,10382.0,9370.0,46500
100434,2024-05,2024-06,2024-07,0.0,1.0,0,46500.0,2918.0,31343
100434,2024-12,2025-01,2025-02,0.0,1.0,0,11711.0,18387.0,40466
100434,2025-05,2025-06,2025-07,0.0,1.0,0,9665.0,29298.0,42195
100435,2025-04,2025-05,2025-06,0.0,1.0,0,44217.0,22523.0,24140
100435,2025-10,2025-11,2025-12,0.0,1.0,0,22952.0,36811.0,32568
100436,2025-08,2025-09,2025-10,0.0,1.0,0,40261.0,776.0,38270
100437,2024-03,2024-04,2024-05,0.0,1.0,0,19913.0,21215.0,41665
100438,2024-03,2024-04,2024-05,0.0,1.0,0,24020.0,11076.0,33075
100438,2025-03,2025-04,2025-05,0.0,1.0,0,23069.0,44824.0,43879
100439,2024-04,2024-05,2024-06,0.0,1.0,0,16033.0,31467.0,4424
100439,2024-12,2025-01,2025-02,0.0,1.0,0,45745.0,39095.0,39905
100439,2025-03,2025-04,2025-05,0.0,1.0,0,46453.0,12015.0,17049
100440,2024-12,2025-01,2025-02,0.0,1.0,0,25365.0,6060.0,9644
100441,2024-05,2024-06,2024-07,0.0,1.0,0,27707.0,45108.0,8107
100441,2024-11,2024-12,2025-01,0.0,1.0,0,44530.0,41118.0,13848
100441,2025-04,2025-05,2025-06,0.0,1.0,0,7270.0,14669.0,22709
100441,2025-07,2025-08,2025-09,0.0,1.0,0,39601.0,48232.0,36021
100442,2024-09,2024-10,2024-11,0.0,1.0,0,35091.0,29131.0,27344
100442,2025-01,2025-02,2025-03,0.0,1.0,0,15305.0,25802.0,36596
100442,2025-04,2025-05,2025-06,0.0,1.0,0,7368.0,3598.0,27234
100443,2024-06,2024-07,2024-08,0.0,1.0,0,32601.0,30354.0,21111
100444,2025-01,2025-02,2025-03,0.0,1.0,0,31902.0,17262.0,38273
100446,2024-05,2024-06,2024-07,0.0,1.0,0,23490.0,48388.0,41625
100446,2025-05,2025-06,2025-07,0.0,1.0,0,25719.0,4006.0,12761
100446,2025-07,2025-08,2025-09,0.0,1.0,0,12761.0,15199.0,31133
100447,2024-07,2024-08,2024-09,0.0,1.0,0,5008.0,5603.0,15640
100447,2024-11,2024-12,2025-01,0.0,1.0,0,27123.0,22863.0,42915
100447,2025-02,2025-03,2025-04,0.0,1.0,0,26141.0,18805.0,4643
100447,2025-08,2025-09,2025-10,0.0,1.0,0,4512.0,38133.0,1132
100448,2024-05,2024-06,2024-07,0.0,1.0,0,26516.0,35815.0,24321
100448,2025-01,2025-02,2025-03,0.0,1.0,0,36507.0,43458.0,20335
100448,2025-04,2025-05,2025-06,0.0,1.0,0,47237.0,12526.0,25626
100449,2024-03,2024-04,2024-05,0.0,1.0,0,32328.0,6425.0,11438
100449,2024-08,2024-09,2024-10,0.0,1.0,0,2734.0,16965.0,1401
100449,2024-11,2024-12,2025-01,0.0,1.0,0,22822.0,30940.0,24592
100450,2024-03,2024-04,2024-05,0.0,1.0,0,45513.0,20384.0,30167
100450,2024-05,2024-06,2024-07,0.0,1.0,0,30167.0,32828.0,33408
100451,2025-04,2025-05,2025-06,0.0,1.0,0,29386.0,6442.0,21148
100451,2025-06,2025-07,2025-08,0.0,1.0,0,21148.0,40568.0,45658
100451,2025-09,2025-10,2025-11,0.0,1.0,0,4964.0,23573.0,47195
100453,2024-02,2024-03,2024-04,0.0,1.0,0,17265.0,16600.0,694
100453,2024-08,2024-09,2024-10,0.0,1.0,0,6554.0,30563.0,7141
100453,2024-10,2024-11,2024-12,0.0,1.0,0,7141.0,34845.0,22627
100453,2025-04,2025-05,2025-06,0.0,1.0,0,11621.0,20478.0,38601
100454,2025-02,2025-03,2025-04,0.0,1.0,0,39086.0,41204.0,28976
100455,2024-09,2024-10,2024-11,0.0,1.0,0,1520.0,8991.0,23720
100455,2025-06,2025-07,2025-08,0.0,1.0,0,41122.0,30428.0,14025
100456,2025-05,2025-06,2025-07,0.0,1.0,0,20982.0,15400.0,23537
100457,2024-08,2024-09,2024-10,0.0,1.0,0,13708.0,24496.0,43909
100458,2024-11,2024-12,2025-01,0.0,1.0,0,28032.0,62.0,28363
100459,2025-08,2025-09,2025-10,0.0,1.0,0,7984.0,19088.0,20581
100460,2024-05,2024-06,2024-07,0.0,1.0,0,1313.0,35319.0,16513
100460,2024-09,2024-10,2024-11,0.0,1.0,0,11206.0,11818.0,34161
100461,2024-03,2024-04,2024-05,0.0,1.0,0,30248.0,46914.0,691
100461,2024-09,2024-10,2024-11,0.0,1.0,0,31555.0,36642.0,6032
100461,2024-11,2024-12,2025-01,0.0,1.0,0,6032.0,29912.0,10202
100461,2025-08,2025-09,2025-10,0.0,1.0,0,28994.0,5748.0,15441
100462,2024-01,2024-02,2024-03,0.0,1.0,0,35463.0,35314.0,8917
100462,2024-03,2024-04,2024-05,0.0,1.0,0,8917.0,14826.0,25926
100462,2024-08,2024-09,2024-10,0.0,1.0,0,25992.0,24547.0,30629
100462,2025-05,2025-06,2025-07,0.0,1.0,0,22796.0,627.0,29501
100462,2025-10,2025-11,2025-12,0.0,1.0,0,21057.0,25176.0,22777
100463,2024-06,2024-07,2024-08,0.0,1.0,0,35788.0,9595.0,41354
100463,2025-06,2025-07,2025-08,0.0,1.0,0,21842.0,3291.0,6720
100463,2025-09,2025-10,2025-11,0.0,1.0,0,29578.0,31216.0,12953
100464,2025-02,2025-03,2025-04,0.0,1.0,0,218.0,30434.0,30107
100464,2025-04,2025-05,2025-06,0.0,1.0,0,30107.0,33833.0,46972
100465,2024-01,2024-02,2024-03,0.0,1.0,0,25088.0,2172.0,36457
100466,2024-07,2024-08,2024-09,0.0,1.0,0,17983.0,25799.0,26137
100466,2024-09,2024-10,2024-11,0.0,1.0,0,26137.0,2463.0,21257
100466,2024-12,2025-01,2025-02,0.0,1.0,0,348.0,9721.0,2541
100466,2025-07,2025-08,2025-09,0.0,1.0,0,11051.0,20554.0,31909
100467,2024-07,2024-08,2024-09,0.0,1.0,0,20067.0,48225.0,21504
100467,2024-12,2025-01,2025-02,0.0,1.0,0,18047.0,26323.0,37357
100468,2024-06,2024-07,2024-08,0.0,1.0,0,7356.0,38884.0,17250
100469,2024-11,2024-12,2025-01,0.0,1.0,0,4440.0,2439.0,14212
100470,2024-06,2024-07,2024-08,0.0,1.0,0,8418.0,35090.0,35003
100470,2024-12,2025-01,2025-02,0.0,1.0,0,10181.0,362.0,36510
100470,2025-05,2025-06,2025-07,0.0,1.0,0,45650.0,4917.0,29287
100471,2024-01,2024-02,2024-03,0.0,1.0,0,42064.0,23199.0,12851
100471,2024-03,2024-04,2024-05,0.0,1.0,0,12851.0,29436.0,43313
100471,2025-01,2025-02,2025-03,0.0,1.0,0,42836.0,35072.0,15987
100472,2025-05,2025-06,2025-07,0.0,1.0,0,27837.0,44543.0,25935
100473,2025-07,2025-08,2025-09,0.0,1.0,0,31188.0,44189.0,19247
100474,2025-04,2025-05,2025-06,0.0,1.0,0,7131.0,10393.0,10488
100474,2025-07,2025-08,2025-09,0.0,1.0,0,10683.0,6697.0,28111
100475,2024-01,2024-02,2024-03,0.0,1.0,0,11009.0,45929.0,43455
100475,2025-06,2025-07,2025-08,0.0,1.0,0,24660.0,9685.0,22355
100475,2025-09,2025-10,2025-11,0.0,1.0,0,6323.0,45207.0,32422
100476,2024-04,2024-05,2024-06,0.0,1.0,0,15169.0,2024.0,35215
100476,2025-01,2025-02,2025-03,0.0,1.0,0,19988.0,18499.0,29894
100478,2024-11,2024-12,2025-01,0.0,1.0,0,28476.0,39953.0,2176
100478,2025-03,2025-04,2025-05,0.0,1.0,0,38575.0,34972.0,15611
100478,2025-10,2025-11,2025-12,0.0,1.0,0,41261.0,12075.0,46255
100480,2024-02,2024-03,2024-04,0.0,1.0,0,38066.0,9086.0,32273
100480,2025-05,2025-06,2025-07,0.0,1.0,0,47015.0,18750.0,2400
100480,2025-08,2025-09,2025-10,0.0,1.0,0,35232.0,7797.0,12623
100481,2025-04,2025-05,2025-06,0.0,1.0,0,41540.0,23605.0,7791
100481,2025-08,2025-09,2025-10,0.0,1.0,0,42377.0,13664.0,37137
100482,2024-09,2024-10,2024-11,0.0,1.0,0,24554.0,26948.0,21510
100484,2024-04,2024-05,2024-06,0.0,1.0,0,1006.0,4301.0,42035
100484,2024-12,2025-01,2025-02,0.0,1.0,0,36335.0,2333.0,136
100484,2025-03,2025-04,2025-05,0.0,1.0,0,15666.0,4166.0,14691
100484,2025-09,2025-10,2025-11,0.0,1.0,0,33748.0,1253.0,1205
100485,2024-01,2024-02,2024-03,0.0,1.0,0,27840.0,14360.0,40351
100485,2024-05,2024-06,2024-07,0.0,1.0,0,33286.0,15058.0,4816
100486,2024-03,2024-04,2024-05,0.0,1.0,0,37460.0,29238.0,33679
100486,2024-08,2024-09,2024-10,0.0,1.0,0,8928.0,13808.0,8377
100487,2024-02,2024-03,2024-04,0.0,1.0,0,19744.0,19657.0,46172
100488,2025-03,2025-04,2025-05,0.0,1.0,0,3812.0,27777.0,5200
100489,2025-07,2025-08,2025-09,0.0,1.0,0,42116.0,41142.0,15808
100490,2024-06,2024-07,2024-08,0.0,1.0,0,13532.0,17292.0,4572
100490,2025-08,2025-09,2025-10,0.0,1.0,0,25471.0,12568.0,30129
100490,2025-10,2025-11,2025-12,0.0,1.0,0,30129.0,531.0,35667
100492,2024-03,2024-04,2024-05,0.0,1.0,0,12406.0,840.0,22317
100492,2025-08,2025-09,2025-10,0.0,1.0,0,15660.0,15907.0,4921
100493,2025-03,2025-04,2025-05,0.0,1.0,0,11694.0,41388.0,1162
100494,2024-01,2024-02,2024-03,0.0,1.0,0,35131.0,19019.0,47423
100494,2025-09,2025-10,2025-11,0.0,1.0,0,32315.0,1155.0,11562
100495,2024-09,2024-10,2024-11,0.0,1.0,0,22629.0,11608.0,25596
100496,2024-11,2024-12,2025-01,0.0,1.0,0,25428.0,34674.0,7442
100497,2024-02,2024-03,2024-04,0.0,1.0,0,43659.0,12738.0,9699
100497,2024-05,2024-06,2024-07,0.0,1.0,0,28665.0,4785.0,18255
100497,2024-07,2024-08,2024-09,0.0,1.0,0,18255.0,26798.0,12177
100497,2024-12,2025-01,2025-02,0.0,1.0,0,13011.0,37164.0,9544
100498,2025-07,2025-08,2025-09,0.0,1.0,0,24424.0,26640.0,42239
100499,2025-01,2025-02,2025-03,0.0,1.0,0,14032.0,5067.0,16764
100499,2025-10,2025-11,2025-12,0.0,1.0,0,30729.0,38639.0,1715
100500,2024-05,2024-06,2024-07,0.0,1.0,0,41325.0,7467.0,38655
100500,2025-06,2025-07,2025-08,0.0,1.0,0,14511.0,34267.0,43266
100501,2024-06,2024-07,2024-08,0.0,1.0,0,29708.0,4491.0,38254
100501,2024-12,2025-01,2025-02,0.0,1.0,0,37328.0,47852.0,19145
100501,2025-02,2025-03,2025-04,0.0,1.0,0,19145.0,13162.0,15716
100502,2024-04,2024-05,2024-06,0.0,1.0,0,26266.0,14001.0,38833
100502,2024-06,2024-07,2024-08,0.0,1.0,0,38833.0,11533.0,7011
100502,2024-11,2024-12,2025-01,0.0,1.0,0,27129.0,21474.0,22564
100502,2025-01,2025-02,2025-03,0.0,1.0,0,22564.0,2789.0,23993
100503,2024-01,2024-02,2024-03,0.0,1.0,0,26190.0,24631.0,3845
100503,2024-08,2024-09,2024-10,0.0,1.0,0,42314.0,17423.0,16336
100503,2024-10,2024-11,2024-12,0.0,1.0,0,16336.0,38656.0,47660
100503,2025-01,2025-02,2025-03,0.0,1.0,0,7562.0,21318.0,42120
100503,2025-06,2025-07,2025-08,0.0,1.0,0,19911.0,5580.0,24897
100505,2024-04,2024-05,2024-06,0.0,1.0,0,34271.0,22946.0,5023
100505,2025-03,2025-04,2025-05,0.0,1.0,0,34135.0,46844.0,20079
100505,2025-07,2025-08,2025-09,0.0,1.0,0,5667.0,45065.0,26205
100505,2025-09,2025-10,2025-11,0.0,1.0,0,26205.0,23459.0,8161
100506,2024-03,2024-04,2024-05,0.0,1.0,0,35143.0,18301.0,42200
100506,2024-06,2024-07,2024-08,0.0,1.0,0,24128.0,33054.0,23609
100507,2024-06,2024-07,2024-08,0.0,1.0,0,6526.0,5777.0,28125
100508,2024-02,2024-03,2024-04,0.0,1.0,0,17934.0,6143.0,7035
100508,2024-08,2024-09,2024-10,0.0,1.0,0,8621.0,43380.0,9855
100509,2024-07,2024-08,2024-09,0.0,1.0,0,9984.0,25980.0,7244
100509,2024-10,2024-11,2024-12,0.0,1.0,0,23161.0,4531.0,12687
100510,2024-01,2024-02,2024-03,0.0,1.0,0,32103.0,18181.0,4138
100510,2024-08,2024-09,2024-10,0.0,1.0,0,2492.0,5159.0,38892
100510,2024-12,2025-01,2025-02,0.0,1.0,0,41868.0,4788.0,31220
100510,2025-03,2025-04,2025-05,0.0,1.0,0,40946.0,28109.0,12110
100511,2024-09,2024-10,2024-11,0.0,1.0,0,23290.0,34165.0,17557
100511,2025-01,2025-02,2025-03,0.0,1.0,0,41968.0,35523.0,3438
100512,2024-03,2024-04,2024-05,0.0,1.0,0,5947.0,30871.0,33723
100512,2024-06,2024-07,2024-08,0.0,1.0,0,2665.0,41237.0,20266
100512,2025-06,2025-07,2025-08,0.0,1.0,0,24808.0,46645.0,12998
100512,2025-08,2025-09,2025-10,0.0,1.0,0,12998.0,19466.0,4017
100513,2024-09,2024-10,2024-11,0.0,1.0,0,43937.0,37063.0,41188
100513,2025-04,2025-05,2025-06,0.0,1.0,0,31965.0,3746.0,39846
100513,2025-09,2025-10,2025-11,0.0,1.0,0,47635.0,43042.0,36389
100514,2024-01,2024-02,2024-03,0.0,1.0,0,10708.0,26717.0,27025
100514,2024-05,2024-06,2024-07,0.0,1.0,0,40706.0,3054.0,32734
100514,2025-07,2025-08,2025-09,0.0,1.0,0,34665.0,24162.0,5699
100515,2024-05,2024-06,2024-07,0.0,1.0,0,47928.0,34140.0,16814
100515,2024-10,2024-11,2024-12,0.0,1.0,0,12582.0,328.0,41335
100515,2025-01,2025-02,2025-03,0.0,1.0,0,35611.0,24377.0,41458
100515,2025-03,2025-04,2025-05,0.0,1.0,0,41458.0,35477.0,3684
100515,2025-06,2025-07,2025-08,0.0,1.0,0,30911.0,27579.0,19319
100515,2025-10,2025-11,2025-12,0.0,1.0,0,13540.0,33098.0,28407
100518,2025-05,2025-06,2025-07,0.0,1.0,0,35173.0,10085.0,27379
100518,2025-08,2025-09,2025-10,0.0,1.0,0,10280.0,16603.0,45872
100519,2024-02,2024-03,2024-04,0.0,1.0,0,5279.0,37638.0,11677
100519,2024-12,2025-01,2025-02,0.0,1.0,0,23905.0,14830.0,36371
100519,2025-06,2025-07,2025-08,0.0,1.0,0,40676.0,13629.0,32797
100520,2024-05,2024-06,2024-07,0.0,1.0,0,31044.0,31449.0,4453
100521,2024-02,2024-03,2024-04,0.0,1.0,0,23354.0,34842.0,469
100521,2025-05,2025-06,2025-07,0.0,1.0,0,19313.0,6873.0,19686
100521,2025-10,2025-11,2025-12,0.0,1.0,0,28208.0,33719.0,13913
100522,2025-08,2025-09,2025-10,0.0,1.0,0,44610.0,30153.0,11686
100523,2024-04,2024-05,2024-06,0.0,1.0,0,20153.0,23719.0,39213
100523,2025-06,2025-07,2025-08,0.0,1.0,0,446.0,4751.0,25588
100523,2025-10,2025-11,2025-12,0.0,1.0,0,31756.0,38312.0,8471
100524,2024-04,2024-05,2024-06,0.0,1.0,0,35387.0,45957.0,42832
100524,2024-09,2024-10,2024-11,0.0,1.0,0,41576.0,21113.0,41328
100524,2025-03,2025-04,2025-05,0.0,1.0,0,14785.0,23230.0,23294
100525,2024-02,2024-03,2024-04,0.0,1.0,0,19514.0,15866.0,16261
100525,2024-05,2024-06,2024-07,0.0,1.0,0,42777.0,30061.0,30915
100525,2025-05,2025-06,2025-07,0.0,1.0,0,31105.0,38854.0,32242
100526,2025-07,2025-08,2025-09,0.0,1.0,0,23759.0,42864.0,16135
100526,2025-10,2025-11,2025-12,0.0,1.0,0,19728.0,8362.0,44063
100527,2024-01,2024-02,2024-03,0.0,1.0,0,19056.0,4652.0,10456
100527,2025-05,2025-06,2025-07,0.0,1.0,0,16063.0,38992.0,31641
100527,2025-08,2025-09,2025-10,0.0,1.0,0,41505.0,15163.0,29697
100529,2024-05,2024-06,2024-07,0.0,1.0,0,3549.0,39443.0,20598
100529,2025-02,2025-03,2025-04,0.0,1.0,0,34884.0,13671.0,40146
100530,2024-06,2024-07,2024-08,0.0,1.0,0,44463.0,667.0,2125
100530,2025-09,2025-10,2025-11,0.0,1.0,0,33347.0,19522.0,42765
100531,2024-01,2024-02,2024-03,0.0,1.0,0,5785.0,2325.0,30834
100531,2024-04,2024-05,2024-06,0.0,1.0,0,12598.0,41711.0,28531
100531,2024-10,2024-11,2024-12,0.0,1.0,0,34209.0,27281.0,26381
100531,2025-05,2025-06,2025-07,0.0,1.0,0,43439.0,43433.0,37937
100531,2025-10,2025-11,2025-12,0.0,1.0,0,38247.0,6429.0,9016
100533,2024-06,2024-07,2024-08,0.0,1.0,0,29503.0,24415.0,19141
100533,2025-03,2025-04,2025-05,0.0,1.0,0,24882.0,46222.0,41913
100533,2025-06,2025-07,2025-08,0.0,1.0,0,17505.0,38814.0,34163
100534,2024-11,2024-12,2025-01,0.0,1.0,0,5375.0,31264.0,35029
100534,2025-01,2025-02,2025-03,0.0,1.0,0,35029.0,22190.0,10674
100534,2025-05,2025-06,2025-07,0.0,1.0,0,39503.0,41079.0,17378
100534,2025-10,2025-11,2025-12,0.0,1.0,0,35566.0,21348.0,30619
100536,2025-09,2025-10,2025-11,0.0,1.0,0,406.0,7367.0,2897
100537,2024-02,2024-03,2024-04,0.0,1.0,0,33568.0,4157.0,8851
100537,2025-03,2025-04,2025-05,0.0,1.0,0,47268.0,15127.0,801
100538,2024-03,2024-04,2024-05,0.0,1.0,0,9980.0,5598.0,13098
100539,2024-02,2024-03,2024-04,0.0,1.0,0,40201.0,10372.0,30311
100539,2025-04,2025-05,2025-06,0.0,1.0,0,37643.0,38817.0,8560
100539,2025-09,2025-10,2025-11,0.0,1.0,0,44733.0,11023.0,48119
100540,2024-04,2024-05,2024-06,0.0,1.0,0,43233.0,28896.0,48350
100540,2024-07,2024-08,2024-09,0.0,1.0,0,41760.0,47574.0,25438
100541,2024-03,2024-04,2024-05,0.0,1.0,0,36047.0,38320.0,7323
100541,2025-05,2025-06,2025-07,0.0,1.0,0,4222.0,14482.0,21547
100541,2025-10,2025-11,2025-12,0.0,1.0,0,22975.0,19613.0,31026
100542,2024-04,2024-05,2024-06,0.0,1.0,0,5353.0,27774.0,5647
100542,2024-07,2024-08,2024-09,0.0,1.0,0,17996.0,36764.0,34875
100542,2025-09,2025-10,2025-11,0.0,1.0,0,11413.0,31522.0,37266
100544,2024-01,2024-02,2024-03,0.0,1.0,0,28276.0,1288.0,2949
100544,2025-06,2025-07,2025-08,0.0,1.0,0,20028.0,37106.0,16948
100545,2024-02,2024-03,2024-04,0.0,1.0,0,25689.0,17612.0,41296
100546,2024-09,2024-10,2024-11,0.0,1.0,0,42051.0,1448.0,21528
100547,2024-03,2024-04,2024-05,0.0,1.0,0,12802.0,44979.0,3540
100547,2024-07,2024-08,2024-09,0.0,1.0,0,3824.0,24049.0,42991
100547,2025-01,2025-02,2025-03,0.0,1.0,0,1034.0,7413.0,11415
100548,2024-01,2024-02,2024-03,0.0,1.0,0,23733.0,32333.0,25710
100548,2024-12,2025-01,2025-02,0.0,1.0,0,43482.0,21753.0,14012
100548,2025-10,2025-11,2025-12,0.0,1.0,0,15586.0,7575.0,47261
100549,2024-08,2024-09,2024-10,0.0,1.0,0,18198.0,15944.0,1402
100549,2024-10,2024-11,2024-12,0.0,1.0,0,1402.0,29339.0,23839
100549,2024-12,2025-01,2025-02,0.0,1.0,0,23839.0,3106.0,30587
100550,2025-02,2025-03,2025-04,0.0,1.0,0,2403.0,47692.0,3404
100550,2025-08,2025-09,2025-10,0.0,1.0,0,26809.0,18058.0,13160
100551,2025-04,2025-05,2025-06,0.0,1.0,0,18605.0,32581.0,29337
100551,2025-10,2025-11,2025-12,0.0,1.0,0,8967.0,37728.0,31062
100553,2024-04,2024-05,2024-06,0.0,1.0,0,26105.0,19525.0,42216
100554,2025-02,2025-03,2025-04,0.0,1.0,0,17086.0,22449.0,22908
100555,2024-03,2024-04,2024-05,0.0,1.0,0,11822.0,6187.0,17157
100555,2025-05,2025-06,2025-07,0.0,1.0,0,30195.0,40494.0,1454
100556,2024-01,2024-02,2024-03,0.0,1.0,0,46530.0,11912.0,12617
100556,2024-10,2024-11,2024-12,0.0,1.0,0,3373.0,11861.0,39477
100556,2025-06,2025-07,2025-08,0.0,1.0,0,36669.0,12940.0,17492
100557,2024-11,2024-12,2025-01,0.0,1.0,0,40924.0,44350.0,9829
100558,2024-02,2024-03,2024-04,0.0,1.0,0,3695.0,44886.0,23664
100558,2024-04,2024-05,2024-06,0.0,1.0,0,23664.0,26749.0,44183
100558,2024-07,2024-08,2024-09,0.0,1.0,0,31928.0,44415.0,21047
100559,2024-03,2024-04,2024-05,0.0,1.0,0,38901.0,8525.0,32200
100559,2024-05,2024-06,2024-07,0.0,1.0,0,32200.0,8037.0,41283
100559,2024-10,2024-11,2024-12,0.0,1.0,0,40779.0,23892.0,15099
100559,2025-05,2025-06,2025-07,0.0,1.0,0,7005.0,7231.0,2082
100560,2024-02,2024-03,2024-04,0.0,1.0,0,23195.0,37528.0,44176
100560,2024-10,2024-11,2024-12,0.0,1.0,0,1713.0,44142.0,34865
100561,2024-02,2024-03,2024-04,0.0,1.0,0,38629.0,1674.0,32185
100564,2024-07,2024-08,2024-09,0.0,1.0,0,2249.0,18913.0,43592
100564,2025-07,2025-08,2025-09,0.0,1.0,0,42032.0,21670.0,46919
100565,2024-08,2024-09,2024-10,0.0,1.0,0,32906.0,29921.0,47684
100565,2025-06,2025-07,2025-08,0.0,1.0,0,33603.0,42607.0,27445
100565,2025-10,2025-11,2025-12,0.0,1.0,0,9889.0,39337.0,43417
100566,2024-04,2024-05,2024-06,0.0,1.0,0,3927.0,43243.0,1221
100566,2024-09,2024-10,2024-11,0.0,1.0,0,6898.0,42194.0,26613
100566,2025-02,2025-03,2025-04,0.0,1.0,0,516.0,17115.0,11259
100567,2024-01,2024-02,2024-03,0.0,1.0,0,36876.0,5296.0,35751
100567,2024-03,2024-04,2024-05,0.0,1.0,0,35751.0,3360.0,34318
100569,2024-04,2024-05,2024-06,0.0,1.0,0,9421.0,42242.0,43367
100570,2024-03,2024-04,2024-05,0.0,1.0,0,12796.0,42210.0,44028
100570,2024-10,2024-11,2024-12,0.0,1.0,0,34453.0,12550.0,12619
100571,2025-02,2025-03,2025-04,0.0,1.0,0,37249.0,46569.0,7555
100571,2025-10,2025-11,2025-12,0.0,1.0,0,26259.0,34559.0,12284
100572,2024-03,2024-04,2024-05,0.0,1.0,0,11369.0,33419.0,24205
100572,2024-11,2024-12,2025-01,0.0,1.0,0,17957.0,8576.0,40581
100572,2025-07,2025-08,2025-09,0.0,1.0,0,16756.0,17201.0,16819
100572,2025-09,2025-10,2025-11,0.0,1.0,0,16819.0,12321.0,30059
100573,2024-09,2024-10,2024-11,0.0,1.0,0,17824.0,17899.0,24431
100573,2024-11,2024-12,2025-01,0.0,1.0,0,24431.0,43460.0,30836
100574,2024-06,2024-07,2024-08,0.0,1.0,0,25583.0,34354.0,21512
100574,2024-10,2024-11,2024-12,0.0,1.0,0,48330.0,25877.0,38378
100574,2025-01,2025-02,2025-03,0.0,1.0,0,32532.0,13473.0,21629
100575,2024-09,2024-10,2024-11,0.0,1.0,0,2019.0,7291.0,21806
100575,2025-10,2025-11,2025-12,0.0,1.0,0,38373.0,2681.0,23871
100576,2024-12,2025-01,2025-02,0.0,1.0,0,33830.0,17274.0,7331
100576,2025-03,2025-04,2025-05,0.0,1.0,0,40233.0,3798.0,41674
100576,2025-05,2025-06,2025-07,0.0,1.0,0,41674.0,3663.0,47506
100577,2024-07,2024-08,2024-09,0.0,1.0,0,33120.0,20.0,27944
100577,2025-03,2025-04,2025-05,0.0,1.0,0,11063.0,4084.0,5591
100577,2025-05,2025-06,2025-07,0.0,1.0,0,5591.0,34189.0,37320
100577,2025-07,2025-08,2025-09,0.0,1.0,0,37320.0,48100.0,23558
100578,2024-06,2024-07,2024-08,0.0,1.0,0,42831.0,12058.0,12490
100578,2024-08,2024-09,2024-10,0.0,1.0,0,12490.0,43602.0,17471
100578,2025-04,2025-05,2025-06,0.0,1.0,0,39535.0,10833.0,37805
100578,2025-07,2025-08,2025-09,0.0,1.0,0,6727.0,13275.0,38550
100578,2025-10,2025-11,2025-12,0.0,1.0,0,43435.0,18680.0,824
100579,2025-07,2025-08,2025-09,0.0,1.0,0,46136.0,24926.0,19227
100579,2025-09,2025-10,2025-11,0.0,1.0,0,19227.0,5290.0,12693
100580,2024-01,2024-02,2024-03,0.0,1.0,0,20695.0,29328.0,1380
100580,2025-06,2025-07,2025-08,0.0,1.0,0,15174.0,19717.0,46395
100582,2024-01,2024-02,2024-03,0.0,1.0,0,45599.0,180.0,22879
100582,2024-06,2024-07,2024-08,0.0,1.0,0,16103.0,13498.0,37838
100583,2024-03,2024-04,2024-05,0.0,1.0,0,30249.0,15731.0,19995
100583,2024-07,2024-08,2024-09,0.0,1.0,0,40453.0,18482.0,9955
100583,2024-10,2024-11,2024-12,0.0,1.0,0,21613.0,16097.0,7649
100583,2025-10,2025-11,2025-12,0.0,1.0,0,24226.0,7006.0,10309
100584,2024-03,2024-04,2024-05,0.0,1.0,0,35093.0,24139.0,16045
100585,2024-06,2024-07,2024-08,0.0,1.0,0,7678.0,25519.0,17711
100585,2025-03,2025-04,2025-05,0.0,1.0,0,15800.0,40106.0,16853
100585,2025-09,2025-10,2025-11,0.0,1.0,0,28061.0,23750.0,15165
100586,2024-04,2024-05,2024-06,0.0,1.0,0,26806.0,2506.0,41955
100586,2024-07,2024-08,2024-09,0.0,1.0,0,11007.0,16621.0,41583
100586,2025-02,2025-03,2025-04,0.0,1.0,0,17232.0,789.0,29733
100586,2025-07,2025-08,2025-09,0.0,1.0,0,13175.0,42433.0,44973
100588,2025-04,2025-05,2025-06,0.0,1.0,0,32902.0,46363.0,25576
100589,2024-07,2024-08,2024-09,0.0,1.0,0,33935.0,22056.0,5646
100589,2024-10,2024-11,2024-12,0.0,1.0,0,37060.0,23008.0,25384
100589,2024-12,2025-01,2025-02,0.0,1.0,0,25384.0,32136.0,17766
100591,2024-06,2024-07,2024-08,0.0,1.0,0,15377.0,7238.0,31326
100591,2025-04,2025-05,2025-06,0.0,1.0,0,19930.0,47465.0,13786
100592,2024-05,2024-06,2024-07,0.0,1.0,0,25694.0,7697.0,20346
100592,2024-07,2024-08,2024-09,0.0,1.0,0,20346.0,12144.0,9850
100592,2025-10,2025-11,2025-12,0.0,1.0,0,24010.0,38766.0,42641
100593,2025-05,2025-06,2025-07,0.0,1.0,0,40476.0,40.0,42376
100593,2025-07,2025-08,2025-09,0.0,1.0,0,42376.0,27640.0,12379
100594,2025-07,2025-08,2025-09,0.0,1.0,0,485.0,16275.0,37788
100595,2024-08,2024-09,2024-10,0.0,1.0,0,2170.0,219.0,27741
100595,2024-10,2024-11,2024-12,0.0,1.0,0,27741.0,30544.0,35941
100595,2025-01,2025-02,2025-03,0.0,1.0,0,7219.0,1439.0,6801
100595,2025-05,2025-06,2025-07,0.0,1.0,0,43710.0,27855.0,4997
100597,2025-04,2025-05,2025-06,0.0,1.0,0,37401.0,12531.0,2833
100597,2025-10,2025-11,2025-12,0.0,1.0,0,16640.0,35858.0,33881
100598,2024-05,2024-06,2024-07,0.0,1.0,0,27514.0,7299.0,12540
100598,2024-07,2024-08,2024-09,0.0,1.0,0,12540.0,47813.0,28528
100598,2025-07,2025-08,2025-09,0.0,1.0,0,18205.0,5349.0,3386
100599,2024-08,2024-09,2024-10,0.0,1.0,0,1453.0,39355.0,40230
100599,2024-11,2024-12,2025-01,0.0,1.0,0,5002.0,20467.0,42228
100600,2024-01,2024-02,2024-03,0.0,1.0,0,32281.0,3654.0,44704
100600,2025-02,2025-03,2025-04,0.0,1.0,0,39564.0,41744.0,5800
100602,2024-04,2024-05,2024-06,0.0,1.0,0,46350.0,17147.0,31660
100602,2024-06,2024-07,2024-08,0.0,1.0,0,31660.0,19733.0,20664
100602,2024-09,2024-10,2024-11,0.0,1.0,0,33496.0,31871.0,20354
100602,2025-03,2025-04,2025-05,0.0,1.0,0,17687.0,28250.0,27738
100603,2024-02,2024-03,2024-04,0.0,1.0,0,9372.0,13180.0,20088
100604,2024-07,2024-08,2024-09,0.0,1.0,0,13454.0,13280.0,38193
100604,2025-05,2025-06,2025-07,0.0,1.0,0,47457.0,27181.0,17416
100605,2024-06,2024-07,2024-08,0.0,1.0,0,18966.0,24005.0,2451
100605,2025-06,2025-07,2025-08,0.0,1.0,0,10767.0,40799.0,13458
100608,2024-03,2024-04,2024-05,0.0,1.0,0,32274.0,40224.0,37981
100608,2024-05,2024-06,2024-07,0.0,1.0,0,37981.0,29219.0,16064
100608,2024-09,2024-10,2024-11,0.0,1.0,0,22440.0,11471.0,30999
100608,2025-02,2025-03,2025-04,0.0,1.0,0,13865.0,12534.0,12554
100608,2025-08,2025-09,2025-10,0.0,1.0,0,41856.0,9017.0,6802
100609,2024-11,2024-12,2025-01,0.0,1.0,0,28090.0,48500.0,30596
100610,2025-05,2025-06,2025-07,0.0,1.0,0,17445.0,34197.0,31767
100610,2025-07,2025-08,2025-09,0.0,1.0,0,31767.0,37283.0,16211
100611,2025-09,2025-10,2025-11,0.0,1.0,0,19572.0,45553.0,33423
100612,2024-02,2024-03,2024-04,0.0,1.0,0,25399.0,27188.0,24806
100612,2024-04,2024-05,2024-06,0.0,1.0,0,24806.0,10021.0,28732
100612,2024-07,2024-08,2024-09,0.0,1.0,0,8706.0,36219.0,39170
100612,2025-04,2025-05,2025-06,0.0,1.0,0,5943.0,27012.0,19739
100612,2025-10,2025-11,2025-12,0.0,1.0,0,22207.0,47617.0,38052
100613,2024-05,2024-06,2024-07,0.0,1.0,0,37261.0,25334.0,25652
100613,2024-09,2024-10,2024-11,0.0,1.0,0,28089.0,48169.0,36536
100613,2025-05,2025-06,2025-07,0.0,1.0,0,38670.0,18588.0,23251
100615,2024-06,2024-07,2024-08,0.0,1.0,0,11200.0,23216.0,48086
100615,2025-02,2025-03,2025-04,0.0,1.0,0,43500.0,45746.0,42230
100615,2025-09,2025-10,2025-11,0.0,1.0,0,10325.0,25909.0,22383
100616,2024-12,2025-01,2025-02,0.0,1.0,0,19787.0,46480.0,29485
100616,2025-06,2025-07,2025-08,0.0,1.0,0,38710.0,4609.0,27781
100616,2025-08,2025-09,2025-10,0.0,1.0,0,27781.0,31249.0,9894
100617,2024-09,2024-10,2024-11,0.0,1.0,0,11115.0,14600.0,24177
100617,2025-02,2025-03,2025-04,0.0,1.0,0,11486.0,4990.0,16377
100617,2025-09,2025-10,2025-11,0.0,1.0,0,1416.0,8371.0,7720
100619,2024-01,2024-02,2024-03,0.0,1.0,0,43674.0,17493.0,39771
100619,2025-04,2025-05,2025-06,0.0,1.0,0,36214.0,40859.0,46563
100620,2024-05,2024-06,2024-07,0.0,1.0,0,8422.0,27683.0,29332
100620,2024-07,2024-08,2024-09,0.0,1.0,0,29332.0,8537.0,43459
100620,2025-05,2025-06,2025-07,0.0,1.0,0,19669.0,41909.0,7072
100623,2024-02,2024-03,2024-04,0.0,1.0,0,30063.0,30799.0,15968
100623,2024-10,2024-11,2024-12,0.0,1.0,0,12246.0,31442.0,4973
100624,2024-04,2024-05,2024-06,0.0,1.0,0,42190.0,35061.0,6848
100624,2025-01,2025-02,2025-03,0.0,1.0,0,29934.0,47345.0,36651
100626,2024-12,2025-01,2025-02,0.0,1.0,0,45925.0,20521.0,30956
100626,2025-08,2025-09,2025-10,0.0,1.0,0,44862.0,31070.0,8393
100627,2024-04,2024-05,2024-06,0.0,1.0,0,30375.0,34887.0,20017
100627,2024-06,2024-07,2024-08,0.0,1.0,0,20017.0,37368.0,39236
100628,2024-01,2024-02,2024-03,0.0,1.0,0,16378.0,31089.0,10667
100629,2024-04,2024-05,2024-06,0.0,1.0,0,3676.0,2882.0,20382
100629,2024-12,2025-01,2025-02,0.0,1.0,0,26650.0,16049.0,17277
100629,2025-10,2025-11,2025-12,0.0,1.0,0,34424.0,4485.0,29592
100630,2024-01,2024-02,2024-03,0.0,1.0,0,41111.0,34356.0,47136
100630,2025-07,2025-08,2025-09,0.0,1.0,0,39892.0,30470.0,541
100631,2025-04,2025-05,2025-06,0.0,1.0,0,6316.0,25135.0,42070
100632,2024-03,2024-04,2024-05,0.0,1.0,0,44578.0,19206.0,20689
100632,2025-03,2025-04,2025-05,0.0,1.0,0,25670.0,11010.0,38329
100634,2024-11,2024-12,2025-01,0.0,1.0,0,16466.0,39126.0,44154
100634,2025-08,2025-09,2025-10,0.0,1.0,0,36769.0,39754.0,39165
100635,2024-09,2024-10,2024-11,0.0,1.0,0,45726.0,18377.0,21657
100635,2025-03,2025-04,2025-05,0.0,1.0,0,46025.0,30980.0,40699
100637,2024-03,2024-04,2024-05,0.0,1.0,0,20624.0,30934.0,1274
100637,2025-05,2025-06,2025-07,0.0,1.0,0,10333.0,39786.0,12134
100638,2025-03,2025-04,2025-05,0.0,1.0,0,7008.0,15827.0,11214
100639,2024-05,2024-06,2024-07,0.0,1.0,0,22272.0,24838.0,25575
100640,2025-10,2025-11,2025-12,0.0,1.0,0,43960.0,47491.0,25006
100641,2024-03,2024-04,2024-05,0.0,1.0,0,8423.0,4962.0,40530
100641,2024-12,2025-01,2025-02,0.0,1.0,0,5965.0,22830.0,26548
100641,2025-03,2025-04,2025-05,0.0,1.0,0,10834.0,4120.0,31537
100641,2025-05,2025-06,2025-07,0.0,1.0,0,31537.0,10387.0,7804
100641,2025-07,2025-08,2025-09,0.0,1.0,0,7804.0,20339.0,16656
100642,2025-07,2025-08,2025-09,0.0,1.0,0,34224.0,27409.0,46351
100643,2024-02,2024-03,2024-04,0.0,1.0,0,38667.0,40373.0,21037
100643,2024-05,2024-06,2024-07,0.0,1.0,0,22288.0,12335.0,12683
100643,2024-08,2024-09,2024-10,0.0,1.0,0,17206.0,6927.0,7781
100644,2024-09,2024-10,2024-11,0.0,1.0,0,19941.0,20013.0,24759
100644,2025-05,2025-06,2025-07,0.0,1.0,0,47323.0,32302.0,2934
100644,2025-07,2025-08,2025-09,0.0,1.0,0,2934.0,43916.0,27920
100644,2025-10,2025-11,2025-12,0.0,1.0,0,42472.0,25513.0,47462
100646,2024-05,2024-06,2024-07,0.0,1.0,0,11838.0,11964.0,28076
100646,2025-06,2025-07,2025-08,0.0,1.0,0,29292.0,35030.0,3317
100647,2024-08,2024-09,2024-10,0.0,1.0,0,33355.0,46197.0,45508
100647,2025-01,2025-02,2025-03,0.0,1.0,0,24097.0,38370.0,19087
100648,2024-08,2024-09,2024-10,0.0,1.0,0,250.0,14227.0,6038
100648,2025-02,2025-03,2025-04,0.0,1.0,0,39779.0,16229.0,13765
100648,2025-10,2025-11,2025-12,0.0,1.0,0,47831.0,27899.0,42592
100649,2025-03,2025-04,2025-05,0.0,1.0,0,44518.0,6299.0,22651
100649,2025-06,2025-07,2025-08,0.0,1.0,0,8060.0,27074.0,11674
100649,2025-08,2025-09,2025-10,0.0,1.0,0,11674.0,8307.0,36470
100650,2024-05,2024-06,2024-07,0.0,1.0,0,14013.0,18365.0,9290
100650,2025-04,2025-05,2025-06,0.0,1.0,0,16984.0,40142.0,153
100652,2024-03,2024-04,2024-05,0.0,1.0,0,41446.0,41841.0,31838
100652,2025-06,2025-07,2025-08,0.0,1.0,0,12104.0,16330.0,4211
100652,2025-08,2025-09,2025-10,0.0,1.0,0,4211.0,41817.0,44244
100653,2024-07,2024-08,2024-09,0.0,1.0,0,1965.0,10894.0,26617
100653,2024-10,2024-11,2024-12,0.0,1.0,0,16711.0,33651.0,25686
100653,2024-12,2025-01,2025-02,0.0,1.0,0,25686.0,44883.0,10853
100654,2025-07,2025-08,2025-09,0.0,1.0,0,17582.0,9420.0,31495
100654,2025-09,2025-10,2025-11,0.0,1.0,0,31495.0,27395.0,17869
100655,2024-05,2024-06,2024-07,0.0,1.0,0,20385.0,21087.0,47649
100655,2025-07,2025-08,2025-09,0.0,1.0,0,42214.0,40688.0,9901
100656,2024-03,2024-04,2024-05,0.0,1.0,0,6436.0,2567.0,3421
100656,2025-02,2025-03,2025-04,0.0,1.0,0,18869.0,28278.0,42890
100656,2025-06,2025-07,2025-08,0.0,1.0,0,45952.0,34458.0,10720
100657,2025-09,2025-10,2025-11,0.0,1.0,0,36218.0,34679.0,10489
100658,2024-09,2024-10,2024-11,0.0,1.0,0,12300.0,12038.0,38259
100658,2025-06,2025-07,2025-08,0.0,1.0,0,14009.0,40130.0,2560
100659,2024-11,2024-12,2025-01,0.0,1.0,0,30649.0,48080.0,30632
100659,2025-10,2025-11,2025-12,0.0,1.0,0,12801.0,47935.0,39651
100660,2025-06,2025-07,2025-08,0.0,1.0,0,33183.0,5709.0,32840
100661,2024-02,2024-03,2024-04,0.0,1.0,0,25852.0,41416.0,1281
100662,2024-01,2024-02,2024-03,0.0,1.0,0,12924.0,1879.0,40226
100662,2024-07,2024-08,2024-09,0.0,1.0,0,15519.0,6067.0,13647
100662,2025-06,2025-07,2025-08,0.0,1.0,0,6531.0,15375.0,43176
100662,2025-09,2025-10,2025-11,0.0,1.0,0,29586.0,13696.0,46232
100663,2024-07,2024-08,2024-09,0.0,1.0,0,39340.0,44170.0,28768
100663,2025-09,2025-10,2025-11,0.0,1.0,0,22890.0,12023.0,6660
100664,2024-01,2024-02,2024-03,0.0,1.0,0,15411.0,45505.0,35437
100664,2024-04,2024-05,2024-06,0.0,1.0,0,47184.0,28348.0,40087
100664,2024-06,2024-07,2024-08,0.0,1.0,0,40087.0,45298.0,14955
100664,2025-07,2025-08,2025-09,0.0,1.0,0,27550.0,125.0,41768
100665,2024-04,2024-05,2024-06,0.0,1.0,0,23260.0,35955.0,33152
100665,2025-05,2025-06,2025-07,0.0,1.0,0,40595.0,35377.0,18212
100665,2025-07,2025-08,2025-09,0.0,1.0,0,18212.0,44223.0,37191
100665,2025-09,2025-10,2025-11,0.0,1.0,0,37191.0,47293.0,20169
100666,2025-10,2025-11,2025-12,0.0,1.0,0,31935.0,45025.0,6273
100668,2025-04,2025-05,2025-06,0.0,1.0,0,33205.0,7262.0,36778
100669,2024-01,2024-02,2024-03,0.0,1.0,0,34277.0,25695.0,46522
100669,2024-04,2024-05,2024-06,0.0,1.0,0,24200.0,7336.0,5181
100669,2024-09,2024-10,2024-11,0.0,1.0,0,40303.0,43934.0,21128
100670,2024-04,2024-05,2024-06,0.0,1.0,0,40442.0,11693.0,18308
100670,2024-07,2024-08,2024-09,0.0,1.0,0,31994.0,39094.0,25705
100670,2024-10,2024-11,2024-12,0.0,1.0,0,38031.0,36568.0,27577
100671,2025-07,2025-08,2025-09,0.0,1.0,0,41996.0,32277.0,5156
100673,2024-06,2024-07,2024-08,0.0,1.0,0,32822.0,41946.0,39870
100673,2025-03,2025-04,2025-05,0.0,1.0,0,5858.0,43800.0,17773
100673,2025-05,2025-06,2025-07,0.0,1.0,0,17773.0,37007.0,14656
100674,2024-05,2024-06,2024-07,0.0,1.0,0,35662.0,41898.0,9910
100674,2024-08,2024-09,2024-10,0.0,1.0,0,34981.0,8073.0,15117
100674,2024-11,2024-12,2025-01,0.0,1.0,0,40641.0,28014.0,90
100676,2024-05,2024-06,2024-07,0.0,1.0,0,23414.0,18121.0,26333
100676,2025-01,2025-02,2025-03,0.0,1.0,0,20921.0,41308.0,14334
100676,2025-04,2025-05,2025-06,0.0,1.0,0,29244.0,46337.0,2209
100676,2025-08,2025-09,2025-10,0.0,1.0,0,771.0,9856.0,31538
100677,2024-04,2024-05,2024-06,0.0,1.0,0,42370.0,27975.0,545
100677,2025-01,2025-02,2025-03,0.0,1.0,0,16897.0,35949.0,28233
100677,2025-03,2025-04,2025-05,0.0,1.0,0,28233.0,27355.0,16858
100677,2025-08,2025-09,2025-10,0.0,1.0,0,16774.0,16122.0,10394
100678,2024-08,2024-09,2024-10,0.0,1.0,0,36111.0,12183.0,17301
100678,2025-09,2025-10,2025-11,0.0,1.0,0,4986.0,21161.0,35876
100679,2025-02,2025-03,2025-04,0.0,1.0,0,23346.0,43877.0,42984
100679,2025-04,2025-05,2025-06,0.0,1.0,0,42984.0,20019.0,37336
100680,2024-06,2024-07,2024-08,0.0,1.0,0,28356.0,41849.0,9279
100680,2024-08,2024-09,2024-10,0.0,1.0,0,9279.0,46752.0,37743
100680,2025-01,2025-02,2025-03,0.0,1.0,0,315.0,14203.0,43144
100681,2024-09,2024-10,2024-11,0.0,1.0,0,41984.0,24709.0,31681
100681,2024-11,2024-12,2025-01,0.0,1.0,0,31681.0,41228.0,36193
100681,2025-09,2025-10,2025-11,0.0,1.0,0,33396.0,2274.0,47964
100682,2024-07,2024-08,2024-09,0.0,1.0,0,20355.0,1359.0,35871
100682,2025-05,2025-06,2025-07,0.0,1.0,0,25476.0,19816.0,34312
100683,2025-02,2025-03,2025-04,0.0,1.0,0,44715.0,28942.0,27274
100683,2025-08,2025-09,2025-10,0.0,1.0,0,28483.0,28864.0,24727
100684,2024-08,2024-09,2024-10,0.0,1.0,0,29267.0,37131.0,39707
100684,2024-10,2024-11,2024-12,0.0,1.0,0,39707.0,33922.0,38032
100684,2025-04,2025-05,2025-06,0.0,1.0,0,11654.0,12539.0,43661
100684,2025-06,2025-07,2025-08,0.0,1.0,0,43661.0,7447.0,15910
100684,2025-10,2025-11,2025-12,0.0,1.0,0,31500.0,16936.0,7641
100685,2025-03,2025-04,2025-05,0.0,1.0,0,37153.0,42543.0,21266
100686,2024-03,2024-04,2024-05,0.0,1.0,0,43183.0,20863.0,36540
100686,2024-06,2024-07,2024-08,0.0,1.0,0,15231.0,13968.0,44235
100687,2025-05,2025-06,2025-07,0.0,1.0,0,40521.0,10640.0,12991
100688,2024-08,2024-09,2024-10,0.0,1.0,0,26555.0,18673.0,3773
100688,2025-01,2025-02,2025-03,0.0,1.0,0,10597.0,16373.0,43270
100689,2024-03,2024-04,2024-05,0.0,1.0,0,3854.0,34257.0,18439
100689,2024-12,2025-01,2025-02,0.0,1.0,0,8794.0,31301.0,33821
100690,2024-09,2024-10,2024-11,0.0,1.0,0,42109.0,31940.0,40671
100690,2025-03,2025-04,2025-05,0.0,1.0,0,37965.0,21370.0,4105
100691,2024-03,2024-04,2024-05,0.0,1.0,0,13723.0,16958.0,8145
100691,2025-02,2025-03,2025-04,0.0,1.0,0,25814.0,1704.0,39759
100691,2025-07,2025-08,2025-09,0.0,1.0,0,28527.0,46736.0,11219
100692,2024-05,2024-06,2024-07,0.0,1.0,0,47254.0,32433.0,21421
100693,2025-02,2025-03,2025-04,0.0,1.0,0,29566.0,28062.0,38587
100694,2025-06,2025-07,2025-08,0.0,1.0,0,36551.0,40598.0,21140
100695,2024-01,2024-02,2024-03,0.0,1.0,0,36409.0,16445.0,43001
100695,2024-04,2024-05,2024-06,0.0,1.0,0,45645.0,19168.0,14210
100695,2024-08,2024-09,2024-10,0.0,1.0,0,23224.0,29966.0,34429
100695,2025-06,2025-07,2025-08,0.0,1.0,0,27462.0,22070.0,18122
100697,2025-10,2025-11,2025-12,0.0,1.0,0,24152.0,41027.0,48307
100698,2024-01,2024-02,2024-03,0.0,1.0,0,41340.0,2184.0,38718
100698,2024-10,2024-11,2024-12,0.0,1.0,0,30208.0,20745.0,39385
100698,2025-09,2025-10,2025-11,0.0,1.0,0,18790.0,48348.0,5519
100700,2024-05,2024-06,2024-07,0.0,1.0,0,4083.0,29222.0,11164
100700,2025-06,2025-07,2025-08,0.0,1.0,0,25446.0,23329.0,3045
100701,2024-01,2024-02,2024-03,0.0,1.0,0,46593.0,47520.0,26108
100701,2024-04,2024-05,2024-06,0.0,1.0,0,46738.0,20769.0,31884
100701,2025-07,2025-08,2025-09,0.0,1.0,0,23197.0,28202.0,37221
100702,2024-03,2024-04,2024-05,0.0,1.0,0,10509.0,43135.0,20482
100702,2024-09,2024-10,2024-11,0.0,1.0,0,129.0,27416.0,5169
100702,2024-11,2024-12,2025-01,0.0,1.0,0,5169.0,20404.0,24316
100702,2025-06,2025-07,2025-08,0.0,1.0,0,39926.0,41093.0,22486
100703,2024-01,2024-02,2024-03,0.0,1.0,0,7429.0,26573.0,44052
100703,2024-12,2025-01,2025-02,0.0,1.0,0,27075.0,6292.0,21754
100703,2025-02,2025-03,2025-04,0.0,1.0,0,21754.0,24042.0,25300
100703,2025-09,2025-10,2025-11,0.0,1.0,0,33302.0,9344.0,23613
100704,2024-06,2024-07,2024-08,0.0,1.0,0,11596.0,1980.0,15239
100704,2025-05,2025-06,2025-07,0.0,1.0,0,44314.0,9909.0,8388
100704,2025-09,2025-10,2025-11,0.0,1.0,0,41429.0,11783.0,32384
100705,2024-09,2024-10,2024-11,0.0,1.0,0,31792.0,12715.0,24180
100705,2025-03,2025-04,2025-05,0.0,1.0,0,34587.0,16592.0,26452
100705,2025-07,2025-08,2025-09,0.0,1.0,0,28115.0,1459.0,25682
100706,2024-03,2024-04,2024-05,0.0,1.0,0,10214.0,9668.0,41672
100706,2024-08,2024-09,2024-10,0.0,1.0,0,37016.0,46641.0,16198
100706,2025-07,2025-08,2025-09,0.0,1.0,0,28872.0,20965.0,31450
100707,2024-01,2024-02,2024-03,0.0,1.0,0,10960.0,25460.0,33014
100707,2024-04,2024-05,2024-06,0.0,1.0,0,21678.0,27749.0,17552
100707,2025-03,2025-04,2025-05,0.0,1.0,0,6004.0,39749.0,28666
100708,2025-01,2025-02,2025-03,0.0,1.0,0,6266.0,14461.0,10071
100708,2025-09,2025-10,2025-11,0.0,1.0,0,3025.0,8676.0,18953
100709,2025-09,2025-10,2025-11,0.0,1.0,0,40076.0,25942.0,15385
100710,2024-09,2024-10,2024-11,0.0,1.0,0,12555.0,9791.0,46398
100710,2024-11,2024-12,2025-01,0.0,1.0,0,46398.0,24411.0,8208
100710,2025-06,2025-07,2025-08,0.0,1.0,0,46758.0,24753.0,3144
100711,2024-02,2024-03,2024-04,0.0,1.0,0,12022.0,20274.0,4956
100711,2025-07,2025-08,2025-09,0.0,1.0,0,19742.0,6557.0,2049
100712,2024-11,2024-12,2025-01,0.0,1.0,0,7046.0,44392.0,21357
100712,2025-05,2025-06,2025-07,0.0,1.0,0,36958.0,21595.0,23587
100713,2024-11,2024-12,2025-01,0.0,1.0,0,45858.0,46626.0,34331
100713,2025-01,2025-02,2025-03,0.0,1.0,0,34331.0,4843.0,46452
100713,2025-10,2025-11,2025-12,0.0,1.0,0,25784.0,39784.0,5968
100714,2024-10,2024-11,2024-12,0.0,1.0,0,21902.0,33119.0,25099
100714,2025-02,2025-03,2025-04,0.0,1.0,0,34788.0,35948.0,27267
100714,2025-08,2025-09,2025-10,0.0,1.0,0,130.0,22888.0,6045
100715,2024-12,2025-01,2025-02,0.0,1.0,0,18160.0,6959.0,1898
100715,2025-03,2025-04,2025-05,0.0,1.0,0,27280.0,23100.0,35748
100719,2024-07,2024-08,2024-09,0.0,1.0,0,8121.0,47372.0,23005
100719,2025-02,2025-03,2025-04,0.0,1.0,0,7229.0,43719.0,47242
100720,2025-06,2025-07,2025-08,0.0,1.0,0,33948.0,30571.0,8577
100721,2024-01,2024-02,2024-03,0.0,1.0,0,8276.0,46798.0,38354
100721,2025-06,2025-07,2025-08,0.0,1.0,0,27383.0,5075.0,13380
100722,2024-08,2024-09,2024-10,0.0,1.0,0,45371.0,32174.0,7701
100722,2025-05,2025-06,2025-07,0.0,1.0,0,45318.0,8609.0,46608
100722,2025-07,2025-08,2025-09,0.0,1.0,0,46608.0,22742.0,2304
100723,2024-02,2024-03,2024-04,0.0,1.0,0,3133.0,46121.0,6956
100723,2024-11,2024-12,2025-01,0.0,1.0,0,12854.0,2130.0,12684
100723,2025-04,2025-05,2025-06,0.0,1.0,0,26342.0,6013.0,43756
100724,2024-04,2024-05,2024-06,0.0,1.0,0,44773.0,39307.0,7366
100724,2024-12,2025-01,2025-02,0.0,1.0,0,28402.0,11576.0,42232
100724,2025-02,2025-03,2025-04,0.0,1.0,0,42232.0,12760.0,26280
100724,2025-07,2025-08,2025-09,0.0,1.0,0,42424.0,14442.0,28462
100725,2025-01,2025-02,2025-03,0.0,1.0,0,24223.0,45669.0,44919
100725,2025-06,2025-07,2025-08,0.0,1.0,0,40327.0,12053.0,11702
100726,2024-03,2024-04,2024-05,0.0,1.0,0,23634.0,33700.0,11543
100726,2024-05,2024-06,2024-07,0.0,1.0,0,11543.0,29379.0,12010
100726,2024-07,2024-08,2024-09,0.0,1.0,0,12010.0,8405.0,44938
100726,2024-10,2024-11,2024-12,0.0,1.0,0,4938.0,2589.0,1116
100726,2025-07,2025-08,2025-09,0.0,1.0,0,18458.0,11343.0,6312
100727,2024-12,2025-01,2025-02,0.0,1.0,0,29809.0,35137.0,32836
100727,2025-09,2025-10,2025-11,0.0,1.0,0,24165.0,44827.0,20476
100728,2024-04,2024-05,2024-06,0.0,1.0,0,42365.0,38728.0,1487
100728,2024-11,2024-12,2025-01,0.0,1.0,0,17855.0,34588.0,37394
100728,2025-06,2025-07,2025-08,0.0,1.0,0,23089.0,13451.0,47025
100729,2024-02,2024-03,2024-04,0.0,1.0,0,6402.0,32473.0,39880
100729,2024-10,2024-11,2024-12,0.0,1.0,0,44699.0,19752.0,37454
100729,2025-10,2025-11,2025-12,0.0,1.0,0,13517.0,42922.0,38318
100730,2024-05,2024-06,2024-07,0.0,1.0,0,10986.0,11839.0,1620
100730,2024-07,2024-08,2024-09,0.0,1.0,0,1620.0,45059.0,22883
100730,2025-10,2025-11,2025-12,0.0,1.0,0,45640.0,11079.0,46280
100731,2024-06,2024-07,2024-08,0.0,1.0,0,28044.0,19382.0,29585
100732,2024-01,2024-02,2024-03,0.0,1.0,0,11124.0,25506.0,14820
100732,2025-01,2025-02,2025-03,0.0,1.0,0,18021.0,9097.0,27454
100732,2025-08,2025-09,2025-10,0.0,1.0,0,44933.0,40372.0,12751
100733,2024-02,2024-03,2024-04,0.0,1.0,0,45664.0,5721.0,32327
100734,2024-02,2024-03,2024-04,0.0,1.0,0,37373.0,30648.0,1853
100734,2024-04,2024-05,2024-06,0.0,1.0,0,1853.0,40480.0,35726
100734,2024-09,2024-10,2024-11,0.0,1.0,0,27169.0,4159.0,45454
100734,2025-06,2025-07,2025-08,0.0,1.0,0,42427.0,14363.0,44457
100735,2024-01,2024-02,2024-03,0.0,1.0,0,3130.0,43408.0,8853
100735,2024-04,2024-05,2024-06,0.0,1.0,0,39899.0,15221.0,10413
100735,2025-01,2025-02,2025-03,0.0,1.0,0,13870.0,19726.0,32683
100736,2024-02,2024-03,2024-04,0.0,1.0,0,19695.0,44346.0,11874
100736,2024-06,2024-07,2024-08,0.0,1.0,0,19298.0,7715.0,44361
100736,2024-08,2024-09,2024-10,0.0,1.0,0,44361.0,20188.0,12164
100736,2025-05,2025-06,2025-07,0.0,1.0,0,26407.0,42087.0,37425
100738,2024-01,2024-02,2024-03,0.0,1.0,0,25344.0,37290.0,25016
100738,2024-06,2024-07,2024-08,0.0,1.0,0,10311.0,28883.0,18358
100738,2024-10,2024-11,2024-12,0.0,1.0,0,12016.0,5551.0,41226
100738,2025-09,2025-10,2025-11,0.0,1.0,0,30035.0,15771.0,33507
100741,2024-02,2024-03,2024-04,0.0,1.0,0,1489.0,16770.0,22635
100741,2025-03,2025-04,2025-05,0.0,1.0,0,38635.0,7717.0,46773
100741,2025-05,2025-06,2025-07,0.0,1.0,0,46773.0,30602.0,13079
100742,2024-04,2024-05,2024-06,0.0,1.0,0,31827.0,33129.0,3888
100742,2025-01,2025-02,2025-03,0.0,1.0,0,32557.0,44458.0,30091
100742,2025-03,2025-04,2025-05,0.0,1.0,0,30091.0,34759.0,18186
100743,2024-02,2024-03,2024-04,0.0,1.0,0,17798.0,2243.0,23910
100743,2024-07,2024-08,2024-09,0.0,1.0,0,38705.0,36922.0,9988
100744,2024-02,2024-03,2024-04,0.0,1.0,0,27255.0,45214.0,40594
100744,2024-05,2024-06,2024-07,0.0,1.0,0,36932.0,5417.0,21072
100744,2024-08,2024-09,2024-10,0.0,1.0,0,387.0,7126.0,29168
100744,2025-04,2025-05,2025-06,0.0,1.0,0,453.0,33791.0,20138
100745,2024-09,2024-10,2024-11,0.0,1.0,0,45063.0,34368.0,10250
100745,2024-12,2025-01,2025-02,0.0,1.0,0,39823.0,14545.0,22505
100745,2025-05,2025-06,2025-07,0.0,1.0,0,25736.0,1490.0,19797
100746,2024-06,2024-07,2024-08,0.0,1.0,0,12259.0,23872.0,44230
100746,2024-08,2024-09,2024-10,0.0,1.0,0,44230.0,12077.0,6216
100746,2025-08,2025-09,2025-10,0.0,1.0,0,25599.0,34158.0,42483
100746,2025-10,2025-11,2025-12,0.0,1.0,0,42483.0,17016.0,45217
100747,2024-04,2024-05,2024-06,0.0,1.0,0,39042.0,29866.0,1734
100747,2024-10,2024-11,2024-12,0.0,1.0,0,3072.0,8626.0,13373
100747,2025-05,2025-06,2025-07,0.0,1.0,0,16942.0,39335.0,29659
100747,2025-07,2025-08,2025-09,0.0,1.0,0,29659.0,21172.0,26246
100748,2024-03,2024-04,2024-05,0.0,1.0,0,27150.0,25862.0,2426
100748,2024-09,2024-10,2024-11,0.0,1.0,0,13298.0,6452.0,4269
100748,2025-07,2025-08,2025-09,0.0,1.0,0,47429.0,43940.0,22528
100749,2024-06,2024-07,2024-08,0.0,1.0,0,21561.0,45076.0,1511
100749,2025-10,2025-11,2025-12,0.0,1.0,0,39228.0,36928.0,17808
100752,2024-04,2024-05,2024-06,0.0,1.0,0,43628.0,2246.0,36212
100752,2024-06,2024-07,2024-08,0.0,1.0,0,36212.0,12486.0,613
100753,2024-02,2024-03,2024-04,0.0,1.0,0,42618.0,19459.0,17794
100753,2024-11,2024-12,2025-01,0.0,1.0,0,42843.0,26308.0,17320
100753,2025-02,2025-03,2025-04,0.0,1.0,0,2530.0,13104.0,19073
100753,2025-04,2025-05,2025-06,0.0,1.0,0,19073.0,41818.0,48076
100753,2025-07,2025-08,2025-09,0.0,1.0,0,20969.0,24104.0,24642
100755,2024-07,2024-08,2024-09,0.0,1.0,0,32245.0,46535.0,3226
100756,2025-01,2025-02,2025-03,0.0,1.0,0,32864.0,44755.0,805
100756,2025-03,2025-04,2025-05,0.0,1.0,0,805.0,26693.0,45007
100756,2025-05,2025-06,2025-07,0.0,1.0,0,45007.0,7882.0,11819
100756,2025-10,2025-11,2025-12,0.0,1.0,0,9358.0,40267.0,45125
100757,2024-03,2024-04,2024-05,0.0,1.0,0,12632.0,30914.0,26578
100757,2024-06,2024-07,2024-08,0.0,1.0,0,40718.0,46412.0,22862
100757,2024-11,2024-12,2025-01,0.0,1.0,0,38388.0,15576.0,23896
100757,2025-05,2025-06,2025-07,0.0,1.0,0,44785.0,38334.0,16155
100758,2024-02,2024-03,2024-04,0.0,1.0,0,17937.0,30683.0,41148
100758,2024-12,2025-01,2025-02,0.0,1.0,0,30386.0,41109.0,12254
100758,2025-04,2025-05,2025-06,0.0,1.0,0,48219.0,34364.0,10443
100758,2025-08,2025-09,2025-10,0.0,1.0,0,21078.0,22496.0,6637
100759,2024-08,2024-09,2024-10,0.0,1.0,0,25339.0,34894.0,38045
100759,2025-08,2025-09,2025-10,0.0,1.0,0,29575.0,41198.0,46501
100760,2024-04,2024-05,2024-06,0.0,1.0,0,45522.0,7820.0,42371
100760,2024-12,2025-01,2025-02,0.0,1.0,0,5017.0,28992.0,6990
100761,2024-12,2025-01,2025-02,0.0,1.0,0,23783.0,40541.0,17399
100761,2025-03,2025-04,2025-05,0.0,1.0,0,16035.0,22515.0,34431
100761,2025-07,2025-08,2025-09,0.0,1.0,0,10255.0,30015.0,33324
100762,2024-03,2024-04,2024-05,0.0,1.0,0,42410.0,12483.0,38255
100762,2024-09,2024-10,2024-11,0.0,1.0,0,3753.0,7171.0,2754
100762,2025-01,2025-02,2025-03,0.0,1.0,0,31232.0,12319.0,37663
100762,2025-03,2025-04,2025-05,0.0,1.0,0,37663.0,5578.0,7659
100763,2025-07,2025-08,2025-09,0.0,1.0,0,41734.0,13526.0,654
100764,2024-02,2024-03,2024-04,0.0,1.0,0,24599.0,11919.0,850
100764,2024-05,2024-06,2024-07,0.0,1.0,0,765.0,7655.0,39424
100765,2024-12,2025-01,2025-02,0.0,1.0,0,15067.0,6489.0,29555
100765,2025-03,2025-04,2025-05,0.0,1.0,0,34039.0,16448.0,45839
100766,2024-06,2024-07,2024-08,0.0,1.0,0,13343.0,4818.0,28900
100766,2025-09,2025-10,2025-11,0.0,1.0,0,6737.0,26226.0,44126
100767,2024-01,2024-02,2024-03,0.0,1.0,0,5937.0,20234.0,46590
100767,2024-03,2024-04,2024-05,0.0,1.0,0,46590.0,44756.0,38074
100767,2024-12,2025-01,2025-02,0.0,1.0,0,20210.0,3118.0,32739
100767,2025-09,2025-10,2025-11,0.0,1.0,0,36116.0,38934.0,41221
100768,2024-01,2024-02,2024-03,0.0,1.0,0,25939.0,5016.0,7297
100768,2024-11,2024-12,2025-01,0.0,1.0,0,3122.0,7809.0,5270
100768,2025-05,2025-06,2025-07,0.0,1.0,0,28552.0,31097.0,35761
100768,2025-09,2025-10,2025-11,0.0,1.0,0,45958.0,47107.0,17435
100769,2024-06,2024-07,2024-08,0.0,1.0,0,13620.0,26258.0,36261
100769,2025-08,2025-09,2025-10,0.0,1.0,0,12167.0,3269.0,23859
100770,2024-12,2025-01,2025-02,0.0,1.0,0,4181.0,16462.0,15524
100770,2025-02,2025-03,2025-04,0.0,1.0,0,15524.0,3309.0,28564
100770,2025-06,2025-07,2025-08,0.0,1.0,0,10189.0,13483.0,11768
100771,2025-09,2025-10,2025-11,0.0,1.0,0,10558.0,43391.0,5980
100772,2024-09,2024-10,2024-11,0.0,1.0,0,34931.0,12412.0,11931
100772,2024-11,2024-12,2025-01,0.0,1.0,0,11931.0,25762.0,18098
100772,2025-06,2025-07,2025-08,0.0,1.0,0,44912.0,20004.0,16218
100772,2025-09,2025-10,2025-11,0.0,1.0,0,24055.0,2229.0,8487
100773,2024-12,2025-01,2025-02,0.0,1.0,0,31919.0,20223.0,39599
100773,2025-03,2025-04,2025-05,0.0,1.0,0,39951.0,24960.0,732
100774,2024-09,2024-10,2024-11,0.0,1.0,0,41288.0,33762.0,44697
100774,2025-05,2025-06,2025-07,0.0,1.0,0,38427.0,28658.0,13462
100775,2024-09,2024-10,2024-11,0.0,1.0,0,24070.0,37393.0,8687
100775,2025-05,2025-06,2025-07,0.0,1.0,0,41155.0,9403.0,41168
100776,2024-07,2024-08,2024-09,0.0,1.0,0,41839.0,7592.0,15024
100776,2025-02,2025-03,2025-04,0.0,1.0,0,12047.0,42462.0,18493
100777,2024-02,2024-03,2024-04,0.0,1.0,0,19943.0,36694.0,3774
100777,2024-12,2025-01,2025-02,0.0,1.0,0,35694.0,1022.0,21630
100779,2024-04,2024-05,2024-06,0.0,1.0,0,7798.0,26347.0,19493
100779,2024-07,2024-08,2024-09,0.0,1.0,0,26656.0,24436.0,36226
100779,2024-12,2025-01,2025-02,0.0,1.0,0,10764.0,47934.0,16087
100779,2025-05,2025-06,2025-07,0.0,1.0,0,14962.0,37605.0,13129
100779,2025-10,2025-11,2025-12,0.0,1.0,0,30943.0,13385.0,13600
100781,2024-12,2025-01,2025-02,0.0,1.0,0,29916.0,35854.0,31027
100782,2024-06,2024-07,2024-08,0.0,1.0,0,12977.0,27329.0,36160
100782,2024-09,2024-10,2024-11,0.0,1.0,0,12109.0,3146.0,27178
100783,2024-04,2024-05,2024-06,0.0,1.0,0,4470.0,12790.0,19345
100783,2024-11,2024-12,2025-01,0.0,1.0,0,6407.0,44073.0,7267
100783,2025-05,2025-06,2025-07,0.0,1.0,0,13005.0,34470.0,45813
100784,2025-10,2025-11,2025-12,0.0,1.0,0,35946.0,33159.0,24824
100785,2024-04,2024-05,2024-06,0.0,1.0,0,1686.0,13274.0,45641
100785,2025-08,2025-09,2025-10,0.0,1.0,0,15139.0,34008.0,25840
100786,2024-09,2024-10,2024-11,0.0,1.0,0,24360.0,38879.0,23272
100786,2025-05,2025-06,2025-07,0.0,1.0,0,43277.0,27417.0,13573
100787,2024-08,2024-09,2024-10,0.0,1.0,0,33372.0,18797.0,39577
100787,2024-12,2025-01,2025-02,0.0,1.0,0,15522.0,8387.0,28374
100788,2024-02,2024-03,2024-04,0.0,1.0,0,7402.0,28457.0,15764
100788,2024-06,2024-07,2024-08,0.0,1.0,0,864.0,1998.0,669
100788,2024-08,2024-09,2024-10,0.0,1.0,0,669.0,30535.0,5956
100788,2024-12,2025-01,2025-02,0.0,1.0,0,38392.0,18806.0,23734
100788,2025-07,2025-08,2025-09,0.0,1.0,0,9142.0,18824.0,46684
100788,2025-09,2025-10,2025-11,0.0,1.0,0,46684.0,21585.0,17758
100789,2024-09,2024-10,2024-11,0.0,1.0,0,4550.0,30553.0,26489
100789,2025-03,2025-04,2025-05,0.0,1.0,0,30860.0,34778.0,16991
100789,2025-09,2025-10,2025-11,0.0,1.0,0,11814.0,42425.0,12003
100790,2024-01,2024-02,2024-03,0.0,1.0,0,26593.0,21960.0,35447
100790,2024-03,2024-04,2024-05,0.0,1.0,0,35447.0,29854.0,11516
100790,2024-06,2024-07,2024-08,0.0,1.0,0,13103.0,4268.0,30295
100790,2025-01,2025-02,2025-03,0.0,1.0,0,21479.0,7790.0,48280
100790,2025-04,2025-05,2025-06,0.0,1.0,0,16164.0,35094.0,43523
100791,2024-02,2024-03,2024-04,0.0,1.0,0,1166.0,47079.0,28822
100792,2025-02,2025-03,2025-04,0.0,1.0,0,18089.0,45239.0,1059
100792,2025-04,2025-05,2025-06,0.0,1.0,0,1059.0,4030.0,29642
100792,2025-06,2025-07,2025-08,0.0,1.0,0,29642.0,14714.0,21763
100793,2024-07,2024-08,2024-09,0.0,1.0,0,13227.0,30229.0,8318
100794,2024-03,2024-04,2024-05,0.0,1.0,0,15366.0,2259.0,9690
100794,2025-02,2025-03,2025-04,0.0,1.0,0,47598.0,37521.0,24927
100794,2025-06,2025-07,2025-08,0.0,1.0,0,21735.0,44685.0,47518
100794,2025-09,2025-10,2025-11,0.0,1.0,0,13880.0,7506.0,33360
100795,2024-10,2024-11,2024-12,0.0,1.0,0,16408.0,39034.0,25748
100795,2025-02,2025-03,2025-04,0.0,1.0,0,16326.0,25247.0,1009
100795,2025-04,2025-05,2025-06,0.0,1.0,0,1009.0,47827.0,21709
100795,2025-06,2025-07,2025-08,0.0,1.0,0,21709.0,30957.0,3873
100796,2024-09,2024-10,2024-11,0.0,1.0,0,33049.0,12967.0,20572
100797,2025-01,2025-02,2025-03,0.0,1.0,0,6166.0,31643.0,8862
100797,2025-03,2025-04,2025-05,0.0,1.0,0,8862.0,21278.0,1282
100797,2025-07,2025-08,2025-09,0.0,1.0,0,3656.0,16847.0,23411
100798,2024-05,2024-06,2024-07,0.0,1.0,0,330.0,22340.0,5573
100798,2025-01,2025-02,2025-03,0.0,1.0,0,25332.0,7193.0,40523
100798,2025-04,2025-05,2025-06,0.0,1.0,0,5533.0,22663.0,27244
100799,2024-01,2024-02,2024-03,0.0,1.0,0,32846.0,42353.0,10870
100799,2024-05,2024-06,2024-07,0.0,1.0,0,47328.0,14636.0,15137
100799,2024-08,2024-09,2024-10,0.0,1.0,0,26659.0,7557.0,33317
100801,2024-03,2024-04,2024-05,0.0,1.0,0,3109.0,35722.0,36215
100801,2024-06,2024-07,2024-08,0.0,1.0,0,20208.0,96.0,17281
100802,2024-11,2024-12,2025-01,0.0,1.0,0,35325.0,2296.0,35766
100802,2025-04,2025-05,2025-06,0.0,1.0,0,2605.0,43984.0,34956
100803,2024-06,2024-07,2024-08,0.0,1.0,0,19857.0,14741.0,15920
100803,2024-09,2024-10,2024-11,0.0,1.0,0,35418.0,16713.0,466
100803,2024-11,2024-12,2025-01,0.0,1.0,0,466.0,2425.0,7255
100803,2025-07,2025-08,2025-09,0.0,1.0,0,37330.0,2954.0,40485
100804,2024-09,2024-10,2024-11,0.0,1.0,0,1878.0,5782.0,40210
100805,2024-03,2024-04,2024-05,0.0,1.0,0,30147.0,23036.0,10308
100805,2025-07,2025-08,2025-09,0.0,1.0,0,39716.0,43223.0,40401
100805,2025-09,2025-10,2025-11,0.0,1.0,0,40401.0,41895.0,274
100807,2024-08,2024-09,2024-10,0.0,1.0,0,23380.0,5123.0,40058
100807,2024-11,2024-12,2025-01,0.0,1.0,0,35756.0,39033.0,6167
100809,2025-02,2025-03,2025-04,0.0,1.0,0,22244.0,21865.0,48205
100809,2025-06,2025-07,2025-08,0.0,1.0,0,41086.0,6170.0,2679
100810,2024-09,2024-10,2024-11,0.0,1.0,0,25913.0,41997.0,13904
100810,2024-12,2025-01,2025-02,0.0,1.0,0,44386.0,45986.0,40517
100810,2025-05,2025-06,2025-07,0.0,1.0,0,9719.0,14160.0,12829
100811,2024-03,2024-04,2024-05,0.0,1.0,0,29652.0,1378.0,36783
100811,2025-02,2025-03,2025-04,0.0,1.0,0,3044.0,31492.0,3646
100811,2025-07,2025-08,2025-09,0.0,1.0,0,307.0,22218.0,135
100812,2024-11,2024-12,2025-01,0.0,1.0,0,39891.0,2579.0,48451
100812,2025-10,2025-11,2025-12,0.0,1.0,0,22760.0,29956.0,47839
100814,2024-01,2024-02,2024-03,0.0,1.0,0,29504.0,32604.0,46449
100815,2024-02,2024-03,2024-04,0.0,1.0,0,41789.0,644.0,32276
100815,2024-06,2024-07,2024-08,0.0,1.0,0,43117.0,976.0,44435
100815,2024-10,2024-11,2024-12,0.0,1.0,0,53.0,43316.0,21623
100815,2025-02,2025-03,2025-04,0.0,1.0,0,28229.0,38567.0,38130
100816,2024-01,2024-02,2024-03,0.0,1.0,0,23530.0,12206.0,15518
100816,2024-08,2024-09,2024-10,0.0,1.0,0,4365.0,34715.0,35710
100817,2024-09,2024-10,2024-11,0.0,1.0,0,38016.0,41811.0,10302
100817,2024-11,2024-12,2025-01,0.0,1.0,0,10302.0,45852.0,41517
100817,2025-02,2025-03,2025-04,0.0,1.0,0,44771.0,30454.0,20646
100818,2024-02,2024-03,2024-04,0.0,1.0,0,26373.0,13383.0,45047
100818,2024-10,2024-11,2024-12,0.0,1.0,0,15304.0,8641.0,15029
100818,2025-04,2025-05,2025-06,0.0,1.0,0,41924.0,31104.0,44044
100819,2024-01,2024-02,2024-03,0.0,1.0,0,24571.0,12457.0,36456
100819,2024-06,2024-07,2024-08,0.0,1.0,0,13628.0,9029.0,11242
100819,2025-10,2025-11,2025-12,0.0,1.0,0,15451.0,44795.0,12296
100820,2024-11,2024-12,2025-01,0.0,1.0,0,36828.0,9039.0,39316
100820,2025-04,2025-05,2025-06,0.0,1.0,0,1782.0,43138.0,26921
100820,2025-07,2025-08,2025-09,0.0,1.0,0,10561.0,10033.0,30137
100822,2024-01,2024-02,2024-03,0.0,1.0,0,16931.0,20594.0,34513
100822,2024-03,2024-04,2024-05,0.0,1.0,0,34513.0,31244.0,40874
100823,2024-08,2024-09,2024-10,0.0,1.0,0,10520.0,11404.0,32171
100823,2024-10,2024-11,2024-12,0.0,1.0,0,32171.0,39981.0,5693
100823,2025-03,2025-04,2025-05,0.0,1.0,0,31982.0,6673.0,6541
100823,2025-07,2025-08,2025-09,0.0,1.0,0,47317.0,25066.0,37748
100824,2024-01,2024-02,2024-03,0.0,1.0,0,631.0,17027.0,27035
100824,2025-09,2025-10,2025-11,0.0,1.0,0,45302.0,6328.0,9384
100825,2024-06,2024-07,2024-08,0.0,1.0,0,30884.0,21880.0,42956
100825,2025-05,2025-06,2025-07,0.0,1.0,0,29925.0,30225.0,26533
100826,2024-09,2024-10,2024-11,0.0,1.0,0,15914.0,18096.0,30221
100826,2025-07,2025-08,2025-09,0.0,1.0,0,31877.0,45005.0,38543
100826,2025-09,2025-10,2025-11,0.0,1.0,0,38543.0,13809.0,33710
100827,2024-01,2024-02,2024-03,0.0,1.0,0,17628.0,27511.0,39582
100827,2024-06,2024-07,2024-08,0.0,1.0,0,33212.0,38751.0,5677
100827,2024-10,2024-11,2024-12,0.0,1.0,0,14620.0,12882.0,21686
100827,2025-03,2025-04,2025-05,0.0,1.0,0,32262.0,22019.0,46429
100827,2025-05,2025-06,2025-07,0.0,1.0,0,46429.0,19589.0,25090
100828,2024-06,2024-07,2024-08,0.0,1.0,0,34829.0,41618.0,42339
100828,2025-07,2025-08,2025-09,0.0,1.0,0,40968.0,29800.0,6144
100829,2024-11,2024-12,2025-01,0.0,1.0,0,28254.0,22878.0,42526
100829,2025-02,2025-03,2025-04,0.0,1.0,0,42404.0,8571.0,30622
100829,2025-04,2025-05,2025-06,0.0,1.0,0,30622.0,17898.0,4755
100829,2025-08,2025-09,2025-10,0.0,1.0,0,46190.0,32724.0,20564
100830,2024-04,2024-05,2024-06,0.0,1.0,0,2289.0,36443.0,33063
100830,2024-08,2024-09,2024-10,0.0,1.0,0,23430.0,36755.0,18062
100830,2024-10,2024-11,2024-12,0.0,1.0,0,18062.0,45660.0,18847
100830,2025-07,2025-08,2025-09,0.0,1.0,0,42583.0,39111.0,46060
100831,2024-08,2024-09,2024-10,0.0,1.0,0,27656.0,30538.0,8370
100832,2025-01,2025-02,2025-03,0.0,1.0,0,21353.0,3939.0,23344
100832,2025-03,2025-04,2025-05,0.0,1.0,0,23344.0,33687.0,36096
100832,2025-07,2025-08,2025-09,0.0,1.0,0,25872.0,21548.0,48545
100833,2025-07,2025-08,2025-09,0.0,1.0,0,10392.0,42361.0,23865
100834,2024-09,2024-10,2024-11,0.0,1.0,0,8909.0,4457.0,37519
100834,2025-01,2025-02,2025-03,0.0,1.0,0,35022.0,27449.0,18631
100835,2024-03,2024-04,2024-05,0.0,1.0,0,24014.0,13029.0,6287
100835,2025-05,2025-06,2025-07,0.0,1.0,0,11442.0,11381.0,9057
100836,2024-02,2024-03,2024-04,0.0,1.0,0,40759.0,21570.0,34939
100836,2025-02,2025-03,2025-04,0.0,1.0,0,29119.0,41301.0,24993
100837,2024-01,2024-02,2024-03,0.0,1.0,0,14923.0,11638.0,27359
100839,2024-02,2024-03,2024-04,0.0,1.0,0,28078.0,40607.0,37687
100840,2024-08,2024-09,2024-10,0.0,1.0,0,11295.0,35431.0,42897
100840,2025-03,2025-04,2025-05,0.0,1.0,0,36834.0,16094.0,2235
100841,2024-03,2024-04,2024-05,0.0,1.0,0,47102.0,46868.0,412
100841,2024-06,2024-07,2024-08,0.0,1.0,0,41293.0,13407.0,33455
100841,2024-12,2025-01,2025-02,0.0,1.0,0,19765.0,31285.0,48429
100842,2024-02,2024-03,2024-04,0.0,1.0,0,3896.0,21963.0,2895
100842,2025-06,2025-07,2025-08,0.0,1.0,0,38569.0,2936.0,18472
100843,2024-01,2024-02,2024-03,0.0,1.0,0,20602.0,42413.0,39371
100843,2024-06,2024-07,2024-08,0.0,1.0,0,9277.0,8248.0,29837
100843,2025-02,2025-03,2025-04,0.0,1.0,0,31064.0,9768.0,39602
100843,2025-05,2025-06,2025-07,0.0,1.0,0,31315.0,5991.0,34651
100845,2024-05,2024-06,2024-07,0.0,1.0,0,42154.0,40714.0,9769
100845,2024-10,2024-11,2024-12,0.0,1.0,0,16962.0,3830.0,8268
100846,2024-07,2024-08,2024-09,0.0,1.0,0,47912.0,39913.0,21485
100846,2024-12,2025-01,2025-02,0.0,1.0,0,29630.0,4970.0,13885
100847,2025-07,2025-08,2025-09,0.0,1.0,0,40099.0,47137.0,42997
100848,2024-05,2024-06,2024-07,0.0,1.0,0,2096.0,43005.0,29435
100848,2025-01,2025-02,2025-03,0.0,1.0,0,22932.0,20765.0,9188
100849,2024-10,2024-11,2024-12,0.0,1.0,0,32806.0,21276.0,11848
100849,2025-08,2025-09,2025-10,0.0,1.0,0,16866.0,45682.0,36647
100850,2024-02,2024-03,2024-04,0.0,1.0,0,26595.0,16740.0,29845
100850,2025-06,2025-07,2025-08,0.0,1.0,0,30178.0,36753.0,17194
100851,2024-05,2024-06,2024-07,0.0,1.0,0,4937.0,47728.0,9375
100851,2025-01,2025-02,2025-03,0.0,1.0,0,1403.0,12872.0,44304
100852,2024-03,2024-04,2024-05,0.0,1.0,0,48316.0,34586.0,11021
100853,2024-01,2024-02,2024-03,0.0,1.0,0,8351.0,16611.0,21846
100853,2024-03,2024-04,2024-05,0.0,1.0,0,21846.0,3957.0,27371
100853,2024-10,2024-11,2024-12,0.0,1.0,0,43875.0,4343.0,14988
100854,2025-04,2025-05,2025-06,0.0,1.0,0,14382.0,30617.0,35713
100855,2024-04,2024-05,2024-06,0.0,1.0,0,8415.0,47104.0,47259
100855,2024-10,2024-11,2024-12,0.0,1.0,0,39988.0,32024.0,4800
100855,2025-01,2025-02,2025-03,0.0,1.0,0,12046.0,33281.0,595
100855,2025-04,2025-05,2025-06,0.0,1.0,0,19894.0,30794.0,1851
100855,2025-08,2025-09,2025-10,0.0,1.0,0,23032.0,28962.0,18366
100855,2025-10,2025-11,2025-12,0.0,1.0,0,18366.0,2810.0,11225
100856,2024-11,2024-12,2025-01,0.0,1.0,0,10548.0,30760.0,31828
100856,2025-07,2025-08,2025-09,0.0,1.0,0,27559.0,24069.0,5302
100857,2024-05,2024-06,2024-07,0.0,1.0,0,30676.0,10207.0,21710
100857,2024-09,2024-10,2024-11,0.0,1.0,0,7522.0,6967.0,3690
100857,2024-11,2024-12,2025-01,0.0,1.0,0,3690.0,35600.0,44790
100857,2025-05,2025-06,2025-07,0.0,1.0,0,20578.0,17228.0,17723
100858,2024-05,2024-06,2024-07,0.0,1.0,0,23631.0,28924.0,48295
100858,2024-11,2024-12,2025-01,0.0,1.0,0,31000.0,1930.0,19875
100858,2025-01,2025-02,2025-03,0.0,1.0,0,19875.0,4089.0,36041
100859,2024-11,2024-12,2025-01,0.0,1.0,0,11938.0,40419.0,44033
100859,2025-04,2025-05,2025-06,0.0,1.0,0,35859.0,13643.0,42075
100859,2025-06,2025-07,2025-08,0.0,1.0,0,42075.0,38420.0,37834
100862,2024-01,2024-02,2024-03,0.0,1.0,0,24903.0,12040.0,43269
100862,2024-05,2024-06,2024-07,0.0,1.0,0,41205.0,43717.0,33451
100862,2024-07,2024-08,2024-09,0.0,1.0,0,33451.0,39598.0,11458
100862,2024-12,2025-01,2025-02,0.0,1.0,0,12784.0,38647.0,13133
100862,2025-05,2025-06,2025-07,0.0,1.0,0,16698.0,6037.0,14106
100865,2024-04,2024-05,2024-06,0.0,1.0,0,230.0,25795.0,16759
100865,2024-08,2024-09,2024-10,0.0,1.0,0,33586.0,6393.0,8544
100865,2025-08,2025-09,2025-10,0.0,1.0,0,8283.0,32226.0,44094
100865,2025-10,2025-11,2025-12,0.0,1.0,0,44094.0,26209.0,29952
100866,2024-02,2024-03,2024-04,0.0,1.0,0,12201.0,48083.0,16497
100866,2024-05,2024-06,2024-07,0.0,1.0,0,41165.0,38219.0,41263
100866,2025-10,2025-11,2025-12,0.0,1.0,0,18480.0,18103.0,28647
100867,2024-01,2024-02,2024-03,0.0,1.0,0,19113.0,5135.0,12839
100867,2025-08,2025-09,2025-10,0.0,1.0,0,19938.0,253.0,34347
100868,2024-04,2024-05,2024-06,0.0,1.0,0,37842.0,7000.0,19900
100868,2024-12,2025-01,2025-02,0.0,1.0,0,14902.0,2941.0,29049
100868,2025-10,2025-11,2025-12,0.0,1.0,0,40603.0,59.0,16872
100869,2024-01,2024-02,2024-03,0.0,1.0,0,21745.0,19498.0,22097
100869,2025-01,2025-02,2025-03,0.0,1.0,0,31765.0,20453.0,32424
100869,2025-03,2025-04,2025-05,0.0,1.0,0,32424.0,30556.0,28107
100870,2024-05,2024-06,2024-07,0.0,1.0,0,29389.0,4923.0,23179
100870,2024-09,2024-10,2024-11,0.0,1.0,0,31519.0,13041.0,36625
100871,2024-08,2024-09,2024-10,0.0,1.0,0,22835.0,13860.0,38440
100871,2025-04,2025-05,2025-06,0.0,1.0,0,37378.0,10174.0,12396
100871,2025-06,2025-07,2025-08,0.0,1.0,0,12396.0,43761.0,3814
100872,2024-01,2024-02,2024-03,0.0,1.0,0,8436.0,28679.0,20548
100873,2024-08,2024-09,2024-10,0.0,1.0,0,47509.0,24750.0,19200
100873,2025-07,2025-08,2025-09,0.0,1.0,0,8316.0,39569.0,12035
100874,2024-02,2024-03,2024-04,0.0,1.0,0,31503.0,38301.0,2242
100874,2024-11,2024-12,2025-01,0.0,1.0,0,38526.0,14828.0,6353
100874,2025-09,2025-10,2025-11,0.0,1.0,0,14856.0,47431.0,15046
100875,2024-08,2024-09,2024-10,0.0,1.0,0,25781.0,26695.0,5872
100875,2024-12,2025-01,2025-02,0.0,1.0,0,39674.0,46925.0,23061
100875,2025-06,2025-07,2025-08,0.0,1.0,0,22276.0,28403.0,30733
100877,2025-04,2025-05,2025-06,0.0,1.0,0,18162.0,24238.0,34818
100878,2024-03,2024-04,2024-05,0.0,1.0,0,6296.0,10866.0,8949
100878,2024-06,2024-07,2024-08,0.0,1.0,0,12219.0,39517.0,44803
100878,2025-02,2025-03,2025-04,0.0,1.0,0,23169.0,4932.0,10252
100878,2025-09,2025-10,2025-11,0.0,1.0,0,18723.0,24084.0,41038
100879,2024-05,2024-06,2024-07,0.0,1.0,0,23960.0,24419.0,4041
100879,2024-09,2024-10,2024-11,0.0,1.0,0,35433.0,14427.0,33053
100879,2025-01,2025-02,2025-03,0.0,1.0,0,36458.0,3107.0,36319
100881,2025-10,2025-11,2025-12,0.0,1.0,0,42581.0,30588.0,36364
100882,2024-01,2024-02,2024-03,0.0,1.0,0,15248.0,36976.0,30334
100882,2025-01,2025-02,2025-03,0.0,1.0,0,40869.0,4925.0,28130
100883,2024-08,2024-09,2024-10,0.0,1.0,0,1145.0,42787.0,8256
100883,2024-10,2024-11,2024-12,0.0,1.0,0,8256.0,30312.0,32434
100883,2025-01,2025-02,2025-03,0.0,1.0,0,13116.0,4978.0,42249
100884,2024-03,2024-04,2024-05,0.0,1.0,0,47993.0,14729.0,28950
100884,2024-07,2024-08,2024-09,0.0,1.0,0,21206.0,13020.0,36845
100884,2025-01,2025-02,2025-03,0.0,1.0,0,41377.0,36279.0,23548
100884,2025-03,2025-04,2025-05,0.0,1.0,0,23548.0,18265.0,11873
100886,2024-08,2024-09,2024-10,0.0,1.0,0,23265.0,27090.0,10556
100886,2024-10,2024-11,2024-12,0.0,1.0,0,10556.0,48411.0,47895
100886,2025-05,2025-06,2025-07,0.0,1.0,0,16413.0,11055.0,17326
100887,2024-10,2024-11,2024-12,0.0,1.0,0,10544.0,37491.0,44649
100887,2025-09,2025-10,2025-11,0.0,1.0,0,39859.0,31409.0,30947
100888,2024-03,2024-04,2024-05,0.0,1.0,0,240.0,20819.0,38542
100888,2024-09,2024-10,2024-11,0.0,1.0,0,44981.0,13585.0,3801
100888,2025-02,2025-03,2025-04,0.0,1.0,0,34379.0,39962.0,13132
100888,2025-05,2025-06,2025-07,0.0,1.0,0,14811.0,44520.0,12217
100889,2024-09,2024-10,2024-11,0.0,1.0,0,31401.0,35002.0,13166
100889,2025-02,2025-03,2025-04,0.0,1.0,0,31535.0,9211.0,13797
100889,2025-10,2025-11,2025-12,0.0,1.0,0,35525.0,30630.0,15508
100890,2024-04,2024-05,2024-06,0.0,1.0,0,28260.0,18907.0,649
100890,2024-10,2024-11,2024-12,0.0,1.0,0,31338.0,26535.0,34152
100890,2024-12,2025-01,2025-02,0.0,1.0,0,34152.0,32662.0,47567
100890,2025-04,2025-05,2025-06,0.0,1.0,0,41897.0,18447.0,2137
100890,2025-09,2025-10,2025-11,0.0,1.0,0,19921.0,1128.0,40563
100891,2024-07,2024-08,2024-09,0.0,1.0,0,13287.0,2399.0,39131
100891,2024-09,2024-10,2024-11,0.0,1.0,0,39131.0,5277.0,45500
100891,2025-01,2025-02,2025-03,0.0,1.0,0,18084.0,11189.0,45636
100891,2025-06,2025-07,2025-08,0.0,1.0,0,37185.0,12535.0,6367
100892,2024-04,2024-05,2024-06,0.0,1.0,0,39663.0,20177.0,3981
100892,2024-10,2024-11,2024-12,0.0,1.0,0,27949.0,23162.0,21644
100892,2025-01,2025-02,2025-03,0.0,1.0,0,3570.0,56.0,25657
100892,2025-04,2025-05,2025-06,0.0,1.0,0,5307.0,23128.0,554
100893,2024-03,2024-04,2024-05,0.0,1.0,0,27779.0,36120.0,1409
100894,2024-12,2025-01,2025-02,0.0,1.0,0,34275.0,20420.0,3214
100894,2025-04,2025-05,2025-06,0.0,1.0,0,41039.0,9583.0,30313
100894,2025-07,2025-08,2025-09,0.0,1.0,0,27798.0,103.0,11670
100894,2025-10,2025-11,2025-12,0.0,1.0,0,10385.0,36426.0,11367
100895,2024-02,2024-03,2024-04,0.0,1.0,0,19133.0,41670.0,3093
100896,2024-06,2024-07,2024-08,0.0,1.0,0,33262.0,39142.0,38013
100896,2025-02,2025-03,2025-04,0.0,1.0,0,38413.0,3600.0,40910
100896,2025-08,2025-09,2025-10,0.0,1.0,0,3068.0,2093.0,29778
100897,2024-12,2025-01,2025-02,0.0,1.0,0,26289.0,36247.0,4450
100898,2025-05,2025-06,2025-07,0.0,1.0,0,7415.0,26866.0,3349
100898,2025-08,2025-09,2025-10,0.0,1.0,0,40892.0,630.0,42706
100899,2024-01,2024-02,2024-03,0.0,1.0,0,42859.0,32021.0,46653
100899,2024-03,2024-04,2024-05,0.0,1.0,0,46653.0,15941.0,44019
100899,2025-05,2025-06,2025-07,0.0,1.0,0,45765.0,42436.0,47880
100899,2025-09,2025-10,2025-11,0.0,1.0,0,17068.0,32249.0,45942
100900,2024-12,2025-01,2025-02,0.0,1.0,0,28228.0,25441.0,33759
100900,2025-07,2025-08,2025-09,0.0,1.0,0,45716.0,34608.0,39572
100901,2024-02,2024-03,2024-04,0.0,1.0,0,7021.0,34639.0,969
100901,2024-04,2024-05,2024-06,0.0,1.0,0,969.0,40768.0,16606
100901,2024-11,2024-12,2025-01,0.0,1.0,0,32856.0,22857.0,3479
100901,2025-01,2025-02,2025-03,0.0,1.0,0,3479.0,33555.0,23735
100901,2025-03,2025-04,2025-05,0.0,1.0,0,23735.0,26379.0,33876
100901,2025-05,2025-06,2025-07,0.0,1.0,0,33876.0,44984.0,11572
100903,2024-03,2024-04,2024-05,0.0,1.0,0,8006.0,33318.0,1232
100903,2025-02,2025-03,2025-04,0.0,1.0,0,44874.0,11989.0,27768
100903,2025-04,2025-05,2025-06,0.0,1.0,0,27768.0,39847.0,31277
100903,2025-09,2025-10,2025-11,0.0,1.0,0,4082.0,27315.0,4777
100904,2025-04,2025-05,2025-06,0.0,1.0,0,7869.0,26609.0,43554
100905,2024-08,2024-09,2024-10,0.0,1.0,0,23374.0,19454.0,26430
100905,2024-12,2025-01,2025-02,0.0,1.0,0,2718.0,4626.0,40050
100905,2025-03,2025-04,2025-05,0.0,1.0,0,25128.0,41604.0,32476
100906,2024-03,2024-04,2024-05,0.0,1.0,0,33653.0,21962.0,2494
100906,2024-07,2024-08,2024-09,0.0,1.0,0,5431.0,44263.0,23917
100906,2025-05,2025-06,2025-07,0.0,1.0,0,44849.0,11382.0,19539
100906,2025-07,2025-08,2025-09,0.0,1.0,0,19539.0,29599.0,34826
100907,2024-02,2024-03,2024-04,0.0,1.0,0,36898.0,32184.0,46963
100907,2024-07,2024-08,2024-09,0.0,1.0,0,1697.0,31728.0,24306
100907,2024-10,2024-11,2024-12,0.0,1.0,0,25790.0,37359.0,38283
100907,2025-03,2025-04,2025-05,0.0,1.0,0,9015.0,2699.0,6093
100908,2024-11,2024-12,2025-01,0.0,1.0,0,47331.0,44840.0,48046
100909,2024-01,2024-02,2024-03,0.0,1.0,0,4176.0,40105.0,12650
100909,2025-06,2025-07,2025-08,0.0,1.0,0,42389.0,9248.0,11398
100910,2024-12,2025-01,2025-02,0.0,1.0,0,878.0,31239.0,8672
100910,2025-04,2025-05,2025-06,0.0,1.0,0,10583.0,10431.0,33375
100910,2025-10,2025-11,2025-12,0.0,1.0,0,17771.0,45024.0,46664
100911,2024-04,2024-05,2024-06,0.0,1.0,0,13642.0,303.0,22163
100911,2025-03,2025-04,2025-05,0.0,1.0,0,24272.0,44842.0,42672
100912,2024-01,2024-02,2024-03,0.0,1.0,0,37781.0,29209.0,38007
100912,2024-03,2024-04,2024-05,0.0,1.0,0,38007.0,9137.0,15873
100912,2024-11,2024-12,2025-01,0.0,1.0,0,27698.0,31916.0,31475
100912,2025-02,2025-03,2025-04,0.0,1.0,0,30586.0,5040.0,19862
100912,2025-04,2025-05,2025-06,0.0,1.0,0,19862.0,21604.0,36664
100913,2024-05,2024-06,2024-07,0.0,1.0,0,30827.0,47.0,27093
100913,2024-08,2024-09,2024-10,0.0,1.0,0,4115.0,5594.0,17784
100913,2025-02,2025-03,2025-04,0.0,1.0,0,28423.0,28784.0,21718
100913,2025-09,2025-10,2025-11,0.0,1.0,0,33354.0,21118.0,43678
100914,2024-11,2024-12,2025-01,0.0,1.0,0,47357.0,42837.0,1387
100914,2025-07,2025-08,2025-09,0.0,1.0,0,28047.0,13339.0,17379
100915,2024-04,2024-05,2024-06,0.0,1.0,0,17504.0,44898.0,29665
100916,2024-01,2024-02,2024-03,0.0,1.0,0,27872.0,48114.0,34601
100916,2024-04,2024-05,2024-06,0.0,1.0,0,25033.0,12898.0,33164
100916,2025-04,2025-05,2025-06,0.0,1.0,0,46912.0,20050.0,35184
100917,2024-04,2024-05,2024-06,0.0,1.0,0,39516.0,32623.0,19485
100918,2024-09,2024-10,2024-11,0.0,1.0,0,22359.0,21335.0,32357
100919,2024-01,2024-02,2024-03,0.0,1.0,0,33517.0,3643.0,43838
100919,2024-11,2024-12,2025-01,0.0,1.0,0,1855.0,19438.0,5806
100920,2024-04,2024-05,2024-06,0.0,1.0,0,13528.0,10996.0,32221
100920,2024-11,2024-12,2025-01,0.0,1.0,0,40506.0,33801.0,38120
100920,2025-08,2025-09,2025-10,0.0,1.0,0,42105.0,7152.0,21950
100921,2024-01,2024-02,2024-03,0.0,1.0,0,43731.0,38190.0,30768
100922,2025-06,2025-07,2025-08,0.0,1.0,0,9838.0,28244.0,33010
100923,2024-06,2024-07,2024-08,0.0,1.0,0,28581.0,21859.0,23470
100923,2024-11,2024-12,2025-01,0.0,1.0,0,33557.0,3412.0,44505
100924,2025-04,2025-05,2025-06,0.0,1.0,0,17605.0,41169.0,19764
100925,2024-06,2024-07,2024-08,0.0,1.0,0,47671.0,47381.0,44393
100926,2024-03,2024-04,2024-05,0.0,1.0,0,41776.0,14489.0,33965
100929,2024-05,2024-06,2024-07,0.0,1.0,0,20705.0,36948.0,31933
100929,2025-09,2025-10,2025-11,0.0,1.0,0,8712.0,20755.0,26775
100930,2024-03,2024-04,2024-05,0.0,1.0,0,29629.0,34182.0,34011
100931,2025-07,2025-08,2025-09,0.0,1.0,0,44763.0,39495.0,22791
100931,2025-10,2025-11,2025-12,0.0,1.0,0,29638.0,40234.0,26362
100934,2025-03,2025-04,2025-05,0.0,1.0,0,43340.0,35524.0,13719
100935,2024-07,2024-08,2024-09,0.0,1.0,0,2887.0,19718.0,37770
100935,2024-09,2024-10,2024-11,0.0,1.0,0,37770.0,2004.0,31891
100935,2025-02,2025-03,2025-04,0.0,1.0,0,46989.0,19417.0,21170
100935,2025-05,2025-06,2025-07,0.0,1.0,0,36267.0,42966.0,48419
100935,2025-08,2025-09,2025-10,0.0,1.0,0,30839.0,9875.0,1242
100936,2024-08,2024-09,2024-10,0.0,1.0,0,11972.0,27728.0,20726
100937,2025-05,2025-06,2025-07,0.0,1.0,0,7884.0,4241.0,1001
100937,2025-08,2025-09,2025-10,0.0,1.0,0,33069.0,47430.0,3426
100938,2024-05,2024-06,2024-07,0.0,1.0,0,38213.0,27232.0,12044
100938,2025-01,2025-02,2025-03,0.0,1.0,0,43862.0,39650.0,48369
100939,2024-02,2024-03,2024-04,0.0,1.0,0,28421.0,33704.0,41933
100939,2024-05,2024-06,2024-07,0.0,1.0,0,36303.0,26392.0,16818
100939,2025-08,2025-09,2025-10,0.0,1.0,0,16162.0,20613.0,9062
100941,2025-01,2025-02,2025-03,0.0,1.0,0,6025.0,23063.0,19465
100941,2025-04,2025-05,2025-06,0.0,1.0,0,1350.0,45100.0,42141
100942,2024-12,2025-01,2025-02,0.0,1.0,0,45383.0,42466.0,2533
100943,2024-06,2024-07,2024-08,0.0,1.0,0,24762.0,14367.0,9663
100943,2024-10,2024-11,2024-12,0.0,1.0,0,34340.0,33243.0,18654
100944,2025-02,2025-03,2025-04,0.0,1.0,0,5596.0,42421.0,7963
100945,2024-07,2024-08,2024-09,0.0,1.0,0,20030.0,30516.0,4351
100945,2024-11,2024-12,2025-01,0.0,1.0,0,5060.0,38727.0,43566
100946,2024-11,2024-12,2025-01,0.0,1.0,0,46978.0,34719.0,18559
100946,2025-03,2025-04,2025-05,0.0,1.0,0,23674.0,18803.0,10772
100946,2025-06,2025-07,2025-08,0.0,1.0,0,38479.0,32984.0,42320
100947,2024-03,2024-04,2024-05,0.0,1.0,0,38233.0,31389.0,44691
100947,2025-09,2025-10,2025-11,0.0,1.0,0,32153.0,39326.0,36967
100948,2024-12,2025-01,2025-02,0.0,1.0,0,9088.0,44114.0,3343
100949,2024-01,2024-02,2024-03,0.0,1.0,0,21372.0,16180.0,8093
100949,2024-09,2024-10,2024-11,0.0,1.0,0,16561.0,13147.0,43412
100949,2025-07,2025-08,2025-09,0.0,1.0,0,11634.0,18625.0,25208
100950,2024-03,2024-04,2024-05,0.0,1.0,0,16142.0,6886.0,9091
100950,2024-05,2024-06,2024-07,0.0,1.0,0,9091.0,31359.0,8321
100950,2025-03,2025-04,2025-05,0.0,1.0,0,17464.0,34942.0,11099
100952,2024-06,2024-07,2024-08,0.0,1.0,0,41229.0,3138.0,34694
100952,2025-05,2025-06,2025-07,0.0,1.0,0,13367.0,5141.0,21378
100952,2025-07,2025-08,2025-09,0.0,1.0,0,21378.0,43992.0,32833
100953,2024-12,2025-01,2025-02,0.0,1.0,0,33469.0,6192.0,14723
100956,2025-05,2025-06,2025-07,0.0,1.0,0,46302.0,25335.0,28687
100957,2025-05,2025-06,2025-07,0.0,1.0,0,10078.0,45889.0,3768
100958,2024-04,2024-05,2024-06,0.0,1.0,0,1479.0,20046.0,45200
100959,2024-02,2024-03,2024-04,0.0,1.0,0,36481.0,14488.0,18108
100961,2025-07,2025-08,2025-09,0.0,1.0,0,40640.0,9571.0,17925
100962,2024-03,2024-04,2024-05,0.0,1.0,0,1545.0,34241.0,34987
100962,2024-05,2024-06,2024-07,0.0,1.0,0,34987.0,38776.0,28411
100963,2024-10,2024-11,2024-12,0.0,1.0,0,27635.0,36128.0,47519
100963,2024-12,2025-01,2025-02,0.0,1.0,0,47519.0,47952.0,23418
100964,2024-03,2024-04,2024-05,0.0,1.0,0,15682.0,41848.0,3995
100964,2024-12,2025-01,2025-02,0.0,1.0,0,40885.0,40897.0,16729
100965,2024-05,2024-06,2024-07,0.0,1.0,0,3043.0,5138.0,759
100965,2024-11,2024-12,2025-01,0.0,1.0,0,32915.0,38913.0,4508
100965,2025-03,2025-04,2025-05,0.0,1.0,0,19713.0,22547.0,42947
100966,2024-05,2024-06,2024-07,0.0,1.0,0,13967.0,32413.0,16961
100966,2024-08,2024-09,2024-10,0.0,1.0,0,33824.0,13733.0,33661
100966,2024-10,2024-11,2024-12,0.0,1.0,0,33661.0,41683.0,3419
100966,2024-12,2025-01,2025-02,0.0,1.0,0,3419.0,14107.0,25260
100967,2024-07,2024-08,2024-09,0.0,1.0,0,45453.0,39219.0,8432
100967,2025-03,2025-04,2025-05,0.0,1.0,0,29278.0,23974.0,45035
100968,2024-02,2024-03,2024-04,0.0,1.0,0,9317.0,32678.0,47105
100969,2024-11,2024-12,2025-01,0.0,1.0,0,26843.0,11960.0,33516
100970,2024-09,2024-10,2024-11,0.0,1.0,0,24060.0,33738.0,46455
100970,2025-01,2025-02,2025-03,0.0,1.0,0,22957.0,13515.0,45356
100971,2024-09,2024-10,2024-11,0.0,1.0,0,40520.0,7328.0,47068
100971,2025-01,2025-02,2025-03,0.0,1.0,0,39295.0,38366.0,8699
100972,2024-08,2024-09,2024-10,0.0,1.0,0,43057.0,32769.0,35199
100972,2025-06,2025-07,2025-08,0.0,1.0,0,13245.0,18194.0,9443
100972,2025-09,2025-10,2025-11,0.0,1.0,0,38827.0,34208.0,34560
100973,2024-10,2024-11,2024-12,0.0,1.0,0,17563.0,35183.0,10610
100973,2025-02,2025-03,2025-04,0.0,1.0,0,39690.0,31635.0,47538
100973,2025-10,2025-11,2025-12,0.0,1.0,0,11213.0,36240.0,23125
100974,2024-01,2024-02,2024-03,0.0,1.0,0,31720.0,20830.0,24086
100974,2024-04,2024-05,2024-06,0.0,1.0,0,33016.0,36986.0,35811
100974,2025-03,2025-04,2025-05,0.0,1.0,0,43495.0,24136.0,31752
100975,2024-04,2024-05,2024-06,0.0,1.0,0,9808.0,31370.0,4542
100975,2024-06,2024-07,2024-08,0.0,1.0,0,4542.0,38087.0,11513
100975,2025-06,2025-07,2025-08,0.0,1.0,0,42945.0,5644.0,45571
100976,2024-02,2024-03,2024-04,0.0,1.0,0,11793.0,29823.0,46667
100976,2024-07,2024-08,2024-09,0.0,1.0,0,1300.0,4389.0,15436
100977,2024-03,2024-04,2024-05,0.0,1.0,0,45555.0,37907.0,26944
100977,2024-10,2024-11,2024-12,0.0,1.0,0,25915.0,3524.0,4504
100977,2024-12,2025-01,2025-02,0.0,1.0,0,4504.0,2498.0,13852
100977,2025-06,2025-07,2025-08,0.0,1.0,0,24324.0,15551.0,32352
100977,2025-10,2025-11,2025-12,0.0,1.0,0,8272.0,19090.0,2527
100978,2024-02,2024-03,2024-04,0.0,1.0,0,33399.0,24866.0,20387
100978,2024-04,2024-05,2024-06,0.0,1.0,0,20387.0,19697.0,21747
100978,2024-12,2025-01,2025-02,0.0,1.0,0,14932.0,29724.0,6432
100978,2025-06,2025-07,2025-08,0.0,1.0,0,38029.0,36705.0,22269
100978,2025-10,2025-11,2025-12,0.0,1.0,0,29355.0,26427.0,1795
100980,2024-04,2024-05,2024-06,0.0,1.0,0,34006.0,3220.0,4828
100981,2025-07,2025-08,2025-09,0.0,1.0,0,867.0,40247.0,22710
100982,2025-07,2025-08,2025-09,0.0,1.0,0,31812.0,3958.0,29682
100983,2025-01,2025-02,2025-03,0.0,1.0,0,34073.0,14284.0,30483
100984,2024-02,2024-03,2024-04,0.0,1.0,0,40107.0,16752.0,43304
100985,2024-04,2024-05,2024-06,0.0,1.0,0,15937.0,35469.0,46619
100986,2024-12,2025-01,2025-02,0.0,1.0,0,38218.0,21899.0,18466
100987,2024-11,2024-12,2025-01,0.0,1.0,0,33900.0,47219.0,16540
100987,2025-02,2025-03,2025-04,0.0,1.0,0,5566.0,2126.0,36884
100987,2025-06,2025-07,2025-08,0.0,1.0,0,8885.0,4125.0,24047
100987,2025-09,2025-10,2025-11,0.0,1.0,0,13412.0,17346.0,31505
100988,2024-07,2024-08,2024-09,0.0,1.0,0,20148.0,33230.0,1334
100989,2024-06,2024-07,2024-08,0.0,1.0,0,29465.0,11113.0,18971
100989,2024-10,2024-11,2024-12,0.0,1.0,0,22847.0,491.0,29803
100989,2025-04,2025-05,2025-06,0.0,1.0,0,11990.0,38322.0,32789
100989,2025-09,2025-10,2025-11,0.0,1.0,0,5846.0,43008.0,14850
100990,2024-09,2024-10,2024-11,0.0,1.0,0,17693.0,19161.0,43971
100990,2024-12,2025-01,2025-02,0.0,1.0,0,43207.0,22612.0,21205
100990,2025-02,2025-03,2025-04,0.0,1.0,0,21205.0,41041.0,32693
100991,2024-02,2024-03,2024-04,0.0,1.0,0,8850.0,12475.0,20245
100991,2025-03,2025-04,2025-05,0.0,1.0,0,1804.0,6808.0,26970
100991,2025-05,2025-06,2025-07,0.0,1.0,0,26970.0,523.0,2991
100992,2024-12,2025-01,2025-02,0.0,1.0,0,9395.0,32037.0,14754
100993,2025-01,2025-02,2025-03,0.0,1.0,0,807.0,4066.0,21228
100993,2025-09,2025-10,2025-11,0.0,1.0,0,9645.0,24279.0,35534
100994,2024-01,2024-02,2024-03,0.0,1.0,0,31725.0,37254.0,26184
100994,2024-03,2024-04,2024-05,0.0,1.0,0,26184.0,8788.0,28699
100994,2024-08,2024-09,2024-10,0.0,1.0,0,41380.0,47412.0,26498
100995,2024-10,2024-11,2024-12,0.0,1.0,0,22146.0,26933.0,33531
100995,2025-02,2025-03,2025-04,0.0,1.0,0,21095.0,39430.0,30316
100995,2025-06,2025-07,2025-08,0.0,1.0,0,22786.0,8440.0,21620
100995,2025-09,2025-10,2025-11,0.0,1.0,0,24214.0,68.0,31014
100996,2025-04,2025-05,2025-06,0.0,1.0,0,158.0,26897.0,6930
100998,2024-05,2024-06,2024-07,0.0,1.0,0,30712.0,10647.0,18228
100999,2024-02,2024-03,2024-04,0.0,1.0,0,21994.0,30508.0,31735
100999,2025-05,2025-06,2025-07,0.0,1.0,0,14359.0,31075.0,28989
101000,2025-04,2025-05,2025-06,0.0,1.0,0,8473.0,40938.0,23462
101000,2025-07,2025-08,2025-09,0.0,1.0,0,42647.0,29827.0,46643
101000,2025-09,2025-10,2025-11,0.0,1.0,0,46643.0,16987.0,26511
101001,2024-01,2024-02,2024-03,0.0,1.0,0,3617.0,14068.0,9331
101001,2024-08,2024-09,2024-10,0.0,1.0,0,38167.0,44662.0,19545
101001,2025-02,2025-03,2025-04,0.0,1.0,0,10373.0,25164.0,44337
101002,2024-02,2024-03,2024-04,0.0,1.0,0,21822.0,8244.0,47685
101002,2025-07,2025-08,2025-09,0.0,1.0,0,24258.0,13948.0,46264
101002,2025-09,2025-10,2025-11,0.0,1.0,0,46264.0,12653.0,29596
101003,2024-11,2024-12,2025-01,0.0,1.0,0,39637.0,44132.0,48575
101003,2025-01,2025-02,2025-03,0.0,1.0,0,48575.0,37583.0,12749
101004,2024-09,2024-10,2024-11,0.0,1.0,0,28580.0,41452.0,39546
101004,2025-07,2025-08,2025-09,0.0,1.0,0,26794.0,18597.0,39728
101005,2025-04,2025-05,2025-06,0.0,1.0,0,42905.0,35695.0,32825
101005,2025-06,2025-07,2025-08,0.0,1.0,0,32825.0,42884.0,39895
101005,2025-08,2025-09,2025-10,0.0,1.0,0,39895.0,11036.0,3312
101006,2024-08,2024-09,2024-10,0.0,1.0,0,21360.0,27660.0,19495
101006,2024-10,2024-11,2024-12,0.0,1.0,0,19495.0,44637.0,21956
101006,2025-07,2025-08,2025-09,0.0,1.0,0,10397.0,42804.0,38672
101007,2025-01,2025-02,2025-03,0.0,1.0,0,33294.0,3327.0,16829
101007,2025-03,2025-04,2025-05,0.0,1.0,0,16829.0,1437.0,45918
101008,2024-07,2024-08,2024-09,0.0,1.0,0,34096.0,35550.0,15799
101008,2025-04,2025-05,2025-06,0.0,1.0,0,33811.0,33815.0,41969
101008,2025-06,2025-07,2025-08,0.0,1.0,0,41969.0,2628.0,34436
101009,2024-03,2024-04,2024-05,0.0,1.0,0,16697.0,16407.0,2051
101009,2024-07,2024-08,2024-09,0.0,1.0,0,9224.0,20347.0,44838
101009,2025-02,2025-03,2025-04,0.0,1.0,0,27257.0,25070.0,43584
101009,2025-10,2025-11,2025-12,0.0,1.0,0,37409.0,589.0,42329
101010,2024-03,2024-04,2024-05,0.0,1.0,0,42019.0,38820.0,15390
101011,2025-01,2025-02,2025-03,0.0,1.0,0,27895.0,2128.0,13654
101011,2025-04,2025-05,2025-06,0.0,1.0,0,34516.0,14695.0,23513
101012,2024-05,2024-06,2024-07,0.0,1.0,0,10908.0,30266.0,26657
101012,2024-07,2024-08,2024-09,0.0,1.0,0,26657.0,32637.0,35386
101012,2025-04,2025-05,2025-06,0.0,1.0,0,45566.0,15535.0,41478
101013,2024-09,2024-10,2024-11,0.0,1.0,0,4698.0,18634.0,28323
101013,2025-08,2025-09,2025-10,0.0,1.0,0,31473.0,41559.0,23522
101014,2024-05,2024-06,2024-07,0.0,1.0,0,23875.0,47832.0,44163
101014,2024-10,2024-11,2024-12,0.0,1.0,0,28570.0,37306.0,19332
101014,2025-06,2025-07,2025-08,0.0,1.0,0,45893.0,24138.0,14646
101015,2024-04,2024-05,2024-06,0.0,1.0,0,34723.0,28385.0,4707
101015,2024-11,2024-12,2025-01,0.0,1.0,0,27215.0,44351.0,9727
101015,2025-10,2025-11,2025-12,0.0,1.0,0,8649.0,36366.0,24537
101016,2024-02,2024-03,2024-04,0.0,1.0,0,37800.0,45309.0,34870
101016,2024-04,2024-05,2024-06,0.0,1.0,0,34870.0,36804.0,27476
101016,2025-04,2025-05,2025-06,0.0,1.0,0,36738.0,30370.0,36765
101016,2025-06,2025-07,2025-08,0.0,1.0,0,36765.0,39250.0,33047
101016,2025-10,2025-11,2025-12,0.0,1.0,0,34028.0,30974.0,33139
101017,2024-05,2024-06,2024-07,0.0,1.0,0,42221.0,8178.0,35668
101017,2025-02,2025-03,2025-04,0.0,1.0,0,25982.0,25600.0,8593
101018,2024-12,2025-01,2025-02,0.0,1.0,0,23453.0,41730.0,34303
101018,2025-06,2025-07,2025-08,0.0,1.0,0,39490.0,43290.0,4905
101018,2025-10,2025-11,2025-12,0.0,1.0,0,3715.0,5804.0,15545
101019,2024-10,2024-11,2024-12,0.0,1.0,0,12472.0,19608.0,40996
101019,2025-04,2025-05,2025-06,0.0,1.0,0,15956.0,47069.0,46107
101020,2024-04,2024-05,2024-06,0.0,1.0,0,25121.0,27925.0,36657
101021,2024-02,2024-03,2024-04,0.0,1.0,0,22156.0,16075.0,39358
101022,2024-09,2024-10,2024-11,0.0,1.0,0,575.0,34064.0,21022
101022,2025-04,2025-05,2025-06,0.0,1.0,0,25442.0,7548.0,37647
101022,2025-09,2025-10,2025-11,0.0,1.0,0,31406.0,17102.0,40152
101023,2024-06,2024-07,2024-08,0.0,1.0,0,3201.0,34553.0,12604
101023,2024-09,2024-10,2024-11,0.0,1.0,0,29240.0,21665.0,7450
101023,2025-01,2025-02,2025-03,0.0,1.0,0,36401.0,1694.0,26708
101024,2024-08,2024-09,2024-10,0.0,1.0,0,39505.0,30026.0,32309
101025,2024-06,2024-07,2024-08,0.0,1.0,0,7445.0,9652.0,29302
101025,2025-04,2025-05,2025-06,0.0,1.0,0,10388.0,36856.0,41901
101025,2025-08,2025-09,2025-10,0.0,1.0,0,28224.0,21975.0,38848
101026,2025-08,2025-09,2025-10,0.0,1.0,0,366.0,36833.0,26219
101027,2024-08,2024-09,2024-10,0.0,1.0,0,18105.0,40669.0,29609
101028,2024-09,2024-10,2024-11,0.0,1.0,0,36909.0,30138.0,20429
101028,2024-11,2024-12,2025-01,0.0,1.0,0,20429.0,9244.0,45367
101029,2024-07,2024-08,2024-09,0.0,1.0,0,48272.0,33534.0,3189
101029,2024-11,2024-12,2025-01,0.0,1.0,0,14987.0,28413.0,38565
101029,2025-01,2025-02,2025-03,0.0,1.0,0,38565.0,11658.0,326
101029,2025-03,2025-04,2025-05,0.0,1.0,0,326.0,33433.0,41536
101030,2024-01,2024-02,2024-03,0.0,1.0,0,43494.0,18163.0,21769
101030,2025-05,2025-06,2025-07,0.0,1.0,0,46539.0,38061.0,3872
101031,2024-04,2024-05,2024-06,0.0,1.0,0,18041.0,11020.0,22516
101031,2025-10,2025-11,2025-12,0.0,1.0,0,45150.0,26178.0,32589
101032,2025-01,2025-02,2025-03,0.0,1.0,0,19045.0,21726.0,36620
101032,2025-07,2025-08,2025-09,0.0,1.0,0,27346.0,6997.0,48444
101032,2025-09,2025-10,2025-11,0.0,1.0,0,48444.0,31439.0,36427
101033,2024-10,2024-11,2024-12,0.0,1.0,0,4577.0,14066.0,41956
101033,2025-06,2025-07,2025-08,0.0,1.0,0,32343.0,30614.0,12638
101035,2025-02,2025-03,2025-04,0.0,1.0,0,16156.0,23367.0,11082
101035,2025-08,2025-09,2025-10,0.0,1.0,0,31098.0,14176.0,28724
101035,2025-10,2025-11,2025-12,0.0,1.0,0,28724.0,33394.0,22895
101036,2024-03,2024-04,2024-05,0.0,1.0,0,45934.0,33072.0,2346
101036,2024-06,2024-07,2024-08,0.0,1.0,0,43640.0,21309.0,1728
101036,2024-11,2024-12,2025-01,0.0,1.0,0,36014.0,7581.0,29385
101036,2025-04,2025-05,2025-06,0.0,1.0,0,47475.0,31114.0,26066
101037,2025-03,2025-04,2025-05,0.0,1.0,0,10275.0,47801.0,47977
101037,2025-05,2025-06,2025-07,0.0,1.0,0,47977.0,19644.0,19612
101037,2025-07,2025-08,2025-09,0.0,1.0,0,19612.0,20361.0,37674
101038,2024-01,2024-02,2024-03,0.0,1.0,0,10278.0,13630.0,5724
101038,2024-05,2024-06,2024-07,0.0,1.0,0,35035.0,31246.0,33591
101038,2025-01,2025-02,2025-03,0.0,1.0,0,20213.0,29004.0,21365
101038,2025-07,2025-08,2025-09,0.0,1.0,0,24134.0,3718.0,14194
101039,2024-01,2024-02,2024-03,0.0,1.0,0,4987.0,25559.0,13148
101040,2024-02,2024-03,2024-04,0.0,1.0,0,27109.0,35564.0,16891
101040,2024-08,2024-09,2024-10,0.0,1.0,0,31815.0,9919.0,34089
101040,2025-01,2025-02,2025-03,0.0,1.0,0,30667.0,8040.0,33816
101043,2024-01,2024-02,2024-03,0.0,1.0,0,27492.0,11138.0,17674
101043,2024-05,2024-06,2024-07,0.0,1.0,0,7695.0,12178.0,24027
101043,2025-03,2025-04,2025-05,0.0,1.0,0,18858.0,14658.0,5576
101043,2025-09,2025-10,2025-11,0.0,1.0,0,42049.0,30445.0,30620
101044,2024-01,2024-02,2024-03,0.0,1.0,0,6188.0,6842.0,24739
101044,2024-05,2024-06,2024-07,0.0,1.0,0,36131.0,4651.0,10010
101044,2024-08,2024-09,2024-10,0.0,1.0,0,23850.0,32205.0,20307
101044,2024-11,2024-12,2025-01,0.0,1.0,0,33866.0,26351.0,21319
101044,2025-02,2025-03,2025-04,0.0,1.0,0,18079.0,18682.0,45015
101044,2025-06,2025-07,2025-08,0.0,1.0,0,7220.0,37595.0,7950
101044,2025-10,2025-11,2025-12,0.0,1.0,0,6821.0,41436.0,14184
101045,2024-07,2024-08,2024-09,0.0,1.0,0,28072.0,12184.0,39284
101046,2024-06,2024-07,2024-08,0.0,1.0,0,26248.0,19412.0,47654
101046,2024-09,2024-10,2024-11,0.0,1.0,0,5084.0,18082.0,39255
101046,2024-12,2025-01,2025-02,0.0,1.0,0,6835.0,38026.0,18379
101046,2025-02,2025-03,2025-04,0.0,1.0,0,18379.0,39155.0,47243
101046,2025-05,2025-06,2025-07,0.0,1.0,0,23988.0,14514.0,31066
101047,2024-04,2024-05,2024-06,0.0,1.0,0,566.0,26982.0,46960
101048,2025-08,2025-09,2025-10,0.0,1.0,0,4341.0,27469.0,14490
101049,2024-04,2024-05,2024-06,0.0,1.0,0,22412.0,28468.0,15912
101049,2024-10,2024-11,2024-12,0.0,1.0,0,39063.0,43027.0,35440
101049,2025-07,2025-08,2025-09,0.0,1.0,0,42750.0,15420.0,12732
101050,2025-03,2025-04,2025-05,0.0,1.0,0,131.0,25182.0,33340
101050,2025-05,2025-06,2025-07,0.0,1.0,0,33340.0,32682.0,19698
101051,2024-08,2024-09,2024-10,0.0,1.0,0,9722.0,17136.0,31069
101051,2025-02,2025-03,2025-04,0.0,1.0,0,13394.0,48005.0,27614
101051,2025-06,2025-07,2025-08,0.0,1.0,0,41890.0,1280.0,17945
101052,2024-06,2024-07,2024-08,0.0,1.0,0,31568.0,44280.0,26227
101052,2025-09,2025-10,2025-11,0.0,1.0,0,47309.0,24862.0,41434
101053,2024-09,2024-10,2024-11,0.0,1.0,0,14522.0,45326.0,20127
101053,2025-06,2025-07,2025-08,0.0,1.0,0,24275.0,4616.0,28807
101055,2024-11,2024-12,2025-01,0.0,1.0,0,24155.0,33927.0,11782
101055,2025-01,2025-02,2025-03,0.0,1.0,0,11782.0,43653.0,31391
101055,2025-05,2025-06,2025-07,0.0,1.0,0,15028.0,35870.0,31585
101056,2024-09,2024-10,2024-11,0.0,1.0,0,42623.0,23295.0,5738
101056,2025-10,2025-11,2025-12,0.0,1.0,0,15011.0,45335.0,11730
101057,2024-06,2024-07,2024-08,0.0,1.0,0,4573.0,1423.0,9526
101057,2024-08,2024-09,2024-10,0.0,1.0,0,9526.0,24702.0,4382
101057,2025-03,2025-04,2025-05,0.0,1.0,0,32132.0,1599.0,22456
101057,2025-09,2025-10,2025-11,0.0,1.0,0,7441.0,38529.0,25724
101058,2024-03,2024-04,2024-05,0.0,1.0,0,42291.0,8555.0,41186
101058,2024-11,2024-12,2025-01,0.0,1.0,0,46315.0,44219.0,37992
101058,2025-01,2025-02,2025-03,0.0,1.0,0,37992.0,42299.0,38821
101059,2025-09,2025-10,2025-11,0.0,1.0,0,6585.0,19593.0,24116
101060,2024-06,2024-07,2024-08,0.0,1.0,0,42450.0,19968.0,4926
101060,2025-07,2025-08,2025-09,0.0,1.0,0,32911.0,46670.0,27922
101061,2024-05,2024-06,2024-07,0.0,1.0,0,32231.0,44853.0,18877
101061,2025-03,2025-04,2025-05,0.0,1.0,0,25904.0,14755.0,41173
101062,2024-03,2024-04,2024-05,0.0,1.0,0,8158.0,25166.0,8539
101063,2024-03,2024-04,2024-05,0.0,1.0,0,26235.0,48170.0,2586
101063,2025-02,2025-03,2025-04,0.0,1.0,0,14667.0,2907.0,35017
101066,2024-09,2024-10,2024-11,0.0,1.0,0,34556.0,8174.0,39038
101066,2024-12,2025-01,2025-02,0.0,1.0,0,198.0,22556.0,34261
101066,2025-02,2025-03,2025-04,0.0,1.0,0,34261.0,46740.0,18392
101066,2025-04,2025-05,2025-06,0.0,1.0,0,18392.0,34840.0,38359
101066,2025-10,2025-11,2025-12,0.0,1.0,0,28854.0,27846.0,11939
101067,2024-02,2024-03,2024-04,0.0,1.0,0,32246.0,22809.0,31695
101067,2025-02,2025-03,2025-04,0.0,1.0,0,15242.0,25511.0,39545
101067,2025-09,2025-10,2025-11,0.0,1.0,0,34562.0,34333.0,13872
101068,2024-06,2024-07,2024-08,0.0,1.0,0,35842.0,8662.0,8094
101070,2024-12,2025-01,2025-02,0.0,1.0,0,9340.0,18007.0,22167
101070,2025-02,2025-03,2025-04,0.0,1.0,0,22167.0,34769.0,36127
101071,2024-09,2024-10,2024-11,0.0,1.0,0,8954.0,7374.0,11262
101071,2025-03,2025-04,2025-05,0.0,1.0,0,6458.0,31597.0,22136
101071,2025-09,2025-10,2025-11,0.0,1.0,0,42740.0,48426.0,18995
101072,2024-06,2024-07,2024-08,0.0,1.0,0,30043.0,26355.0,8182
101072,2025-02,2025-03,2025-04,0.0,1.0,0,3563.0,9578.0,15628
101073,2024-05,2024-06,2024-07,0.0,1.0,0,37201.0,42254.0,4304
101073,2024-12,2025-01,2025-02,0.0,1.0,0,15963.0,30607.0,24511
101074,2025-03,2025-04,2025-05,0.0,1.0,0,20329.0,43921.0,4600
101074,2025-05,2025-06,2025-07,0.0,1.0,0,4600.0,1596.0,29794
101074,2025-08,2025-09,2025-10,0.0,1.0,0,15562.0,23261.0,27690
101075,2024-08,2024-09,2024-10,0.0,1.0,0,8792.0,36680.0,21443
101075,2025-07,2025-08,2025-09,0.0,1.0,0,1440.0,3915.0,21930
101076,2024-04,2024-05,2024-06,0.0,1.0,0,8972.0,14914.0,16153
101076,2025-04,2025-05,2025-06,0.0,1.0,0,22372.0,38737.0,41282
101076,2025-06,2025-07,2025-08,0.0,1.0,0,41282.0,46211.0,46948
101077,2024-05,2024-06,2024-07,0.0,1.0,0,2389.0,34201.0,21107
101077,2024-07,2024-08,2024-09,0.0,1.0,0,21107.0,26343.0,16767
101077,2025-09,2025-10,2025-11,0.0,1.0,0,45569.0,7978.0,27641
101078,2024-05,2024-06,2024-07,0.0,1.0,0,7269.0,16309.0,4218
101078,2025-03,2025-04,2025-05,0.0,1.0,0,24684.0,2905.0,19262
101078,2025-05,2025-06,2025-07,0.0,1.0,0,19262.0,27986.0,39813
101079,2025-03,2025-04,2025-05,0.0,1.0,0,6949.0,24900.0,47963
101079,2025-09,2025-10,2025-11,0.0,1.0,0,39998.0,19760.0,47271
101080,2024-02,2024-03,2024-04,0.0,1.0,0,8655.0,38245.0,30236
101080,2025-02,2025-03,2025-04,0.0,1.0,0,31368.0,39440.0,23232
101080,2025-06,2025-07,2025-08,0.0,1.0,0,35382.0,30523.0,21135
101082,2025-06,2025-07,2025-08,0.0,1.0,0,42988.0,26513.0,8018
101082,2025-10,2025-11,2025-12,0.0,1.0,0,30653.0,14486.0,43220
101083,2024-07,2024-08,2024-09,0.0,1.0,0,45174.0,34319.0,21297
101083,2025-08,2025-09,2025-10,0.0,1.0,0,13726.0,2890.0,44992
101084,2024-02,2024-03,2024-04,0.0,1.0,0,25322.0,25996.0,3440
101085,2024-01,2024-02,2024-03,0.0,1.0,0,20704.0,42052.0,22511
101085,2025-09,2025-10,2025-11,0.0,1.0,0,24191.0,16661.0,48152
101086,2025-02,2025-03,2025-04,0.0,1.0,0,21032.0,21610.0,41844
101086,2025-06,2025-07,2025-08,0.0,1.0,0,29760.0,14644.0,5718
101087,2024-05,2024-06,2024-07,0.0,1.0,0,16590.0,35177.0,21900
101087,2024-07,2024-08,2024-09,0.0,1.0,0,21900.0,12090.0,9812
101087,2024-09,2024-10,2024-11,0.0,1.0,0,9812.0,16926.0,33535
101087,2025-02,2025-03,2025-04,0.0,1.0,0,23853.0,12584.0,715
101087,2025-08,2025-09,2025-10,0.0,1.0,0,21761.0,22601.0,43451
101088,2024-06,2024-07,2024-08,0.0,1.0,0,13534.0,37088.0,2649
101088,2025-07,2025-08,2025-09,0.0,1.0,0,18715.0,20981.0,6547
101090,2024-04,2024-05,2024-06,0.0,1.0,0,15112.0,10217.0,9399
101090,2024-10,2024-11,2024-12,0.0,1.0,0,17677.0,9479.0,20256
101090,2025-08,2025-09,2025-10,0.0,1.0,0,23716.0,32705.0,32815
101091,2024-10,2024-11,2024-12,0.0,1.0,0,27824.0,25943.0,28630
101091,2025-03,2025-04,2025-05,0.0,1.0,0,2028.0,5165.0,15185
101092,2024-02,2024-03,2024-04,0.0,1.0,0,4560.0,40431.0,25801
101092,2024-07,2024-08,2024-09,0.0,1.0,0,21825.0,26724.0,41008
101092,2025-01,2025-02,2025-03,0.0,1.0,0,38555.0,37912.0,48407
101092,2025-10,2025-11,2025-12,0.0,1.0,0,42776.0,46464.0,42289
101094,2025-04,2025-05,2025-06,0.0,1.0,0,9670.0,30234.0,47146
101094,2025-07,2025-08,2025-09,0.0,1.0,0,5828.0,29719.0,1992
101094,2025-09,2025-10,2025-11,0.0,1.0,0,1992.0,32544.0,29290
101096,2025-04,2025-05,2025-06,0.0,1.0,0,21224.0,34761.0,38908
101098,2024-02,2024-03,2024-04,0.0,1.0,0,45917.0,15520.0,17938
101098,2024-08,2024-09,2024-10,0.0,1.0,0,25410.0,33179.0,6770
101098,2025-05,2025-06,2025-07,0.0,1.0,0,17530.0,19555.0,24434
101099,2024-01,2024-02,2024-03,0.0,1.0,0,8579.0,14721.0,15147
101099,2024-04,2024-05,2024-06,0.0,1.0,0,29088.0,44224.0,5344
101100,2024-01,2024-02,2024-03,0.0,1.0,0,48497.0,3686.0,8633
101100,2024-08,2024-09,2024-10,0.0,1.0,0,12426.0,45286.0,25418
101100,2025-02,2025-03,2025-04,0.0,1.0,0,28773.0,18402.0,12670
101101,2024-01,2024-02,2024-03,0.0,1.0,0,11712.0,48338.0,32969
101101,2024-07,2024-08,2024-09,0.0,1.0,0,39672.0,25328.0,17000
101102,2024-01,2024-02,2024-03,0.0,1.0,0,7399.0,12858.0,4468
101102,2024-07,2024-08,2024-09,0.0,1.0,0,13641.0,14289.0,45490
101102,2024-12,2025-01,2025-02,0.0,1.0,0,37356.0,42026.0,585
101103,2024-02,2024-03,2024-04,0.0,1.0,0,32163.0,13309.0,14022
101103,2024-04,2024-05,2024-06,0.0,1.0,0,14022.0,10889.0,21292
101104,2024-11,2024-12,2025-01,0.0,1.0,0,44080.0,24587.0,24637
101105,2025-07,2025-08,2025-09,0.0,1.0,0,8982.0,35860.0,9842
101105,2025-09,2025-10,2025-11,0.0,1.0,0,9842.0,35728.0,18702
101106,2024-05,2024-06,2024-07,0.0,1.0,0,14776.0,35290.0,2852
101106,2024-09,2024-10,2024-11,0.0,1.0,0,43847.0,42723.0,30946
101108,2024-02,2024-03,2024-04,0.0,1.0,0,11502.0,2615.0,36420
101108,2024-09,2024-10,2024-11,0.0,1.0,0,15353.0,31487.0,13788
101109,2024-02,2024-03,2024-04,0.0,1.0,0,18708.0,31689.0,3727
101109,2024-04,2024-05,2024-06,0.0,1.0,0,3727.0,2869.0,4679
101109,2025-05,2025-06,2025-07,0.0,1.0,0,41781.0,32723.0,42697
101109,2025-09,2025-10,2025-11,0.0,1.0,0,37220.0,47424.0,12792
101110,2024-04,2024-05,2024-06,0.0,1.0,0,10109.0,17244.0,26934
101110,2024-06,2024-07,2024-08,0.0,1.0,0,26934.0,45821.0,33563
101110,2024-12,2025-01,2025-02,0.0,1.0,0,769.0,14474.0,13178
101110,2025-03,2025-04,2025-05,0.0,1.0,0,38971.0,12714.0,43179
101110,2025-09,2025-10,2025-11,0.0,1.0,0,33356.0,19452.0,23511
101111,2024-07,2024-08,2024-09,0.0,1.0,0,46430.0,21703.0,12213
101111,2025-10,2025-11,2025-12,0.0,1.0,0,23793.0,36413.0,3433
101112,2024-03,2024-04,2024-05,0.0,1.0,0,34485.0,42480.0,19395
101112,2024-11,2024-12,2025-01,0.0,1.0,0,20509.0,4112.0,46769
101112,2025-02,2025-03,2025-04,0.0,1.0,0,47118.0,47340.0,28884
101112,2025-10,2025-11,2025-12,0.0,1.0,0,48389.0,41337.0,3633
101113,2024-04,2024-05,2024-06,0.0,1.0,0,6178.0,149.0,28845
101113,2024-11,2024-12,2025-01,0.0,1.0,0,31040.0,41823.0,22945
101113,2025-02,2025-03,2025-04,0.0,1.0,0,12142.0,14552.0,24559
101113,2025-05,2025-06,2025-07,0.0,1.0,0,17186.0,28770.0,15493
101114,2024-01,2024-02,2024-03,0.0,1.0,0,24174.0,20977.0,14182
101115,2025-08,2025-09,2025-10,0.0,1.0,0,8710.0,13346.0,41184
101116,2025-08,2025-09,2025-10,0.0,1.0,0,39168.0,7115.0,31101
101117,2024-01,2024-02,2024-03,0.0,1.0,0,23050.0,7528.0,37397
101117,2025-02,2025-03,2025-04,0.0,1.0,0,23274.0,36611.0,7354
101117,2025-07,2025-08,2025-09,0.0,1.0,0,8072.0,4150.0,46074
101117,2025-09,2025-10,2025-11,0.0,1.0,0,46074.0,5258.0,36374
101118,2025-01,2025-02,2025-03,0.0,1.0,0,15924.0,6200.0,19110
101119,2024-01,2024-02,2024-03,0.0,1.0,0,2986.0,13570.0,40231
101120,2024-04,2024-05,2024-06,0.0,1.0,0,7092.0,45384.0,42773
101120,2024-10,2024-11,2024-12,0.0,1.0,0,44127.0,5899.0,14195
101120,2025-06,2025-07,2025-08,0.0,1.0,0,1130.0,22144.0,24963
101122,2024-03,2024-04,2024-05,0.0,1.0,0,27661.0,18059.0,15509
101122,2024-05,2024-06,2024-07,0.0,1.0,0,15509.0,7729.0,16721
101123,2024-07,2024-08,2024-09,0.0,1.0,0,2511.0,37062.0,4876
101123,2025-03,2025-04,2025-05,0.0,1.0,0,27297.0,16732.0,31202
101123,2025-07,2025-08,2025-09,0.0,1.0,0,16040.0,17396.0,27557
101124,2024-01,2024-02,2024-03,0.0,1.0,0,19109.0,34283.0,32092
101124,2025-01,2025-02,2025-03,0.0,1.0,0,48466.0,38330.0,22575
101124,2025-04,2025-05,2025-06,0.0,1.0,0,13792.0,3334.0,19365
101125,2024-04,2024-05,2024-06,0.0,1.0,0,25132.0,35627.0,14810
101125,2025-02,2025-03,2025-04,0.0,1.0,0,25528.0,27427.0,35381
101125,2025-06,2025-07,2025-08,0.0,1.0,0,41100.0,46007.0,26411
101125,2025-08,2025-09,2025-10,0.0,1.0,0,26411.0,38981.0,42437
101126,2024-02,2024-03,2024-04,0.0,1.0,0,9944.0,33652.0,37903
101126,2024-04,2024-05,2024-06,0.0,1.0,0,37903.0,36732.0,15577
101126,2025-02,2025-03,2025-04,0.0,1.0,0,19324.0,25643.0,28969
101128,2024-05,2024-06,2024-07,0.0,1.0,0,1806.0,15782.0,38681
101128,2024-10,2024-11,2024-12,0.0,1.0,0,14406.0,22314.0,4421
101128,2025-07,2025-08,2025-09,0.0,1.0,0,42399.0,20854.0,8359
101131,2024-09,2024-10,2024-11,0.0,1.0,0,32471.0,12602.0,16456
101131,2025-02,2025-03,2025-04,0.0,1.0,0,32827.0,8738.0,3400
101132,2024-03,2024-04,2024-05,0.0,1.0,0,10867.0,30145.0,23995
101132,2025-06,2025-07,2025-08,0.0,1.0,0,10298.0,23684.0,29115
101134,2024-06,2024-07,2024-08,0.0,1.0,0,46801.0,33988.0,41516
101135,2024-12,2025-01,2025-02,0.0,1.0,0,8781.0,22631.0,2464
101135,2025-04,2025-05,2025-06,0.0,1.0,0,41797.0,14628.0,12166
101136,2025-02,2025-03,2025-04,0.0,1.0,0,45783.0,26540.0,34738
101137,2024-01,2024-02,2024-03,0.0,1.0,0,24562.0,26147.0,24525
101137,2024-03,2024-04,2024-05,0.0,1.0,0,24525.0,46546.0,38157
101137,2024-06,2024-07,2024-08,0.0,1.0,0,1291.0,18965.0,4401
101137,2024-10,2024-11,2024-12,0.0,1.0,0,44571.0,8812.0,22524
101137,2025-08,2025-09,2025-10,0.0,1.0,0,36071.0,40763.0,48286
101138,2024-03,2024-04,2024-05,0.0,1.0,0,7854.0,31299.0,1514
101138,2024-08,2024-09,2024-10,0.0,1.0,0,9357.0,26344.0,13915
101138,2024-12,2025-01,2025-02,0.0,1.0,0,22339.0,46073.0,16363
101138,2025-05,2025-06,2025-07,0.0,1.0,0,37317.0,36118.0,26089
101138,2025-07,2025-08,2025-09,0.0,1.0,0,26089.0,23231.0,38282
101139,2024-05,2024-06,2024-07,0.0,1.0,0,25168.0,26654.0,21541
101139,2024-08,2024-09,2024-10,0.0,1.0,0,38610.0,47565.0,45153
101139,2024-10,2024-11,2024-12,0.0,1.0,0,45153.0,39934.0,3537
101140,2024-02,2024-03,2024-04,0.0,1.0,0,24622.0,15294.0,1200
101140,2024-09,2024-10,2024-11,0.0,1.0,0,16593.0,8611.0,17632
101140,2024-12,2025-01,2025-02,0.0,1.0,0,22701.0,6624.0,47065
101141,2025-06,2025-07,2025-08,0.0,1.0,0,3405.0,20727.0,15257
101142,2024-04,2024-05,2024-06,0.0,1.0,0,8025.0,28953.0,37971
101142,2024-12,2025-01,2025-02,0.0,1.0,0,19281.0,25235.0,26910
101142,2025-05,2025-06,2025-07,0.0,1.0,0,23196.0,31760.0,37465
101142,2025-08,2025-09,2025-10,0.0,1.0,0,30854.0,42744.0,32714
101142,2025-10,2025-11,2025-12,0.0,1.0,0,32714.0,18857.0,8011
101143,2024-05,2024-06,2024-07,0.0,1.0,0,37685.0,20538.0,39341
101143,2024-10,2024-11,2024-12,0.0,1.0,0,46689.0,8638.0,40066
101143,2024-12,2025-01,2025-02,0.0,1.0,0,40066.0,9281.0,9066
101143,2025-03,2025-04,2025-05,0.0,1.0,0,42891.0,7191.0,39963
101143,2025-06,2025-07,2025-08,0.0,1.0,0,22951.0,46479.0,18661
101143,2025-08,2025-09,2025-10,0.0,1.0,0,18661.0,22230.0,25008
101144,2024-11,2024-12,2025-01,0.0,1.0,0,38298.0,4298.0,38580
101145,2024-07,2024-08,2024-09,0.0,1.0,0,26305.0,11754.0,1185
101145,2025-05,2025-06,2025-07,0.0,1.0,0,2031.0,45452.0,18090
101145,2025-07,2025-08,2025-09,0.0,1.0,0,18090.0,2000.0,397
101146,2024-04,2024-05,2024-06,0.0,1.0,0,46722.0,42130.0,20738
101146,2024-09,2024-10,2024-11,0.0,1.0,0,19856.0,25311.0,22160
101146,2024-11,2024-12,2025-01,0.0,1.0,0,22160.0,12897.0,46020
101146,2025-08,2025-09,2025-10,0.0,1.0,0,25387.0,19503.0,25392
101146,2025-10,2025-11,2025-12,0.0,1.0,0,25392.0,32055.0,25355
101147,2024-03,2024-04,2024-05,0.0,1.0,0,19687.0,4763.0,42655
101147,2024-05,2024-06,2024-07,0.0,1.0,0,42655.0,10120.0,3786
101147,2025-05,2025-06,2025-07,0.0,1.0,0,8383.0,40263.0,22783
101148,2024-01,2024-02,2024-03,0.0,1.0,0,10607.0,12668.0,22976
101148,2024-03,2024-04,2024-05,0.0,1.0,0,22976.0,34450.0,42066
101148,2025-05,2025-06,2025-07,0.0,1.0,0,77.0,40271.0,29970
101149,2024-05,2024-06,2024-07,0.0,1.0,0,3352.0,32043.0,8531
101150,2025-03,2025-04,2025-05,0.0,1.0,0,37822.0,28501.0,43320
101151,2024-08,2024-09,2024-10,0.0,1.0,0,17033.0,30469.0,28903
101151,2025-03,2025-04,2025-05,0.0,1.0,0,8636.0,1456.0,40548
101151,2025-09,2025-10,2025-11,0.0,1.0,0,29150.0,16016.0,28514
101152,2024-06,2024-07,2024-08,0.0,1.0,0,8940.0,33891.0,5500
101152,2024-10,2024-11,2024-12,0.0,1.0,0,43298.0,42308.0,8861
101152,2025-03,2025-04,2025-05,0.0,1.0,0,3423.0,45848.0,28783
101152,2025-09,2025-10,2025-11,0.0,1.0,0,23808.0,42432.0,47557
101153,2025-07,2025-08,2025-09,0.0,1.0,0,12029.0,39148.0,5856
101153,2025-09,2025-10,2025-11,0.0,1.0,0,5856.0,30001.0,9118
101154,2024-01,2024-02,2024-03,0.0,1.0,0,14112.0,46164.0,26906
101154,2024-07,2024-08,2024-09,0.0,1.0,0,2946.0,41017.0,37485
101154,2025-02,2025-03,2025-04,0.0,1.0,0,37415.0,30080.0,48437
101155,2024-08,2024-09,2024-10,0.0,1.0,0,12214.0,20817.0,966
101155,2025-03,2025-04,2025-05,0.0,1.0,0,21597.0,4699.0,22419
101156,2025-05,2025-06,2025-07,0.0,1.0,0,9212.0,13233.0,2943
101156,2025-09,2025-10,2025-11,0.0,1.0,0,7531.0,30069.0,2704
101157,2024-05,2024-06,2024-07,0.0,1.0,0,46498.0,28197.0,27915
101159,2024-09,2024-10,2024-11,0.0,1.0,0,7918.0,4164.0,42659
101160,2024-11,2024-12,2025-01,0.0,1.0,0,43977.0,33374.0,17347
101160,2025-09,2025-10,2025-11,0.0,1.0,0,41506.0,588.0,34444
101161,2024-09,2024-10,2024-11,0.0,1.0,0,1747.0,24401.0,47886
101162,2025-01,2025-02,2025-03,0.0,1.0,0,24219.0,9409.0,40785
101163,2024-09,2024-10,2024-11,0.0,1.0,0,8953.0,12678.0,33977
101163,2025-08,2025-09,2025-10,0.0,1.0,0,9510.0,32251.0,21830
101164,2025-10,2025-11,2025-12,0.0,1.0,0,3776.0,1683.0,42334
101165,2024-01,2024-02,2024-03,0.0,1.0,0,38937.0,35020.0,29027
101165,2024-03,2024-04,2024-05,0.0,1.0,0,29027.0,39513.0,15859
101165,2024-05,2024-06,2024-07,0.0,1.0,0,15859.0,36912.0,39064
101165,2025-01,2025-02,2025-03,0.0,1.0,0,5437.0,22239.0,42783
101165,2025-08,2025-09,2025-10,0.0,1.0,0,17519.0,38309.0,43215
101166,2025-10,2025-11,2025-12,0.0,1.0,0,30288.0,4479.0,19997
101167,2024-10,2024-11,2024-12,0.0,1.0,0,12783.0,31350.0,41695
101168,2024-03,2024-04,2024-05,0.0,1.0,0,6264.0,39275.0,43976
101168,2025-02,2025-03,2025-04,0.0,1.0,0,6462.0,22766.0,6140
101169,2024-03,2024-04,2024-05,0.0,1.0,0,20724.0,24978.0,30094
101169,2025-07,2025-08,2025-09,0.0,1.0,0,47604.0,32427.0,32514
101169,2025-09,2025-10,2025-11,0.0,1.0,0,32514.0,8874.0,45049
101170,2024-11,2024-12,2025-01,0.0,1.0,0,7294.0,41125.0,2759
101170,2025-01,2025-02,2025-03,0.0,1.0,0,2759.0,47748.0,13435
101171,2025-07,2025-08,2025-09,0.0,1.0,0,26842.0,23863.0,13158
101172,2024-07,2024-08,2024-09,0.0,1.0,0,15561.0,41831.0,35414
101172,2025-02,2025-03,2025-04,0.0,1.0,0,12639.0,35581.0,14742
101172,2025-05,2025-06,2025-07,0.0,1.0,0,42077.0,23055.0,9132
101172,2025-09,2025-10,2025-11,0.0,1.0,0,39956.0,8103.0,20433
101174,2024-04,2024-05,2024-06,0.0,1.0,0,29948.0,36525.0,27699
101174,2025-07,2025-08,2025-09,0.0,1.0,0,27161.0,9705.0,47294
101175,2024-03,2024-04,2024-05,0.0,1.0,0,29309.0,8136.0,6394
101175,2024-07,2024-08,2024-09,0.0,1.0,0,43888.0,15490.0,23722
101175,2024-09,2024-10,2024-11,0.0,1.0,0,23722.0,1526.0,31773
101175,2025-06,2025-07,2025-08,0.0,1.0,0,19409.0,14439.0,3042
101175,2025-08,2025-09,2025-10,0.0,1.0,0,3042.0,1929.0,6539
101176,2024-12,2025-01,2025-02,0.0,1.0,0,48203.0,23321.0,35630
101176,2025-04,2025-05,2025-06,0.0,1.0,0,38882.0,43475.0,45920
101177,2024-08,2024-09,2024-10,0.0,1.0,0,47151.0,34014.0,24955
101177,2024-10,2024-11,2024-12,0.0,1.0,0,24955.0,42459.0,19006
101177,2025-02,2025-03,2025-04,0.0,1.0,0,25640.0,19860.0,4443
101177,2025-04,2025-05,2025-06,0.0,1.0,0,4443.0,42343.0,10928
101178,2024-10,2024-11,2024-12,0.0,1.0,0,34178.0,5330.0,24605
101179,2024-02,2024-03,2024-04,0.0,1.0,0,30398.0,11821.0,14004
101179,2024-07,2024-08,2024-09,0.0,1.0,0,34859.0,2222.0,11110
101179,2024-09,2024-10,2024-11,0.0,1.0,0,11110.0,19428.0,40498
101179,2025-02,2025-03,2025-04,0.0,1.0,0,45946.0,8856.0,19106
101179,2025-05,2025-06,2025-07,0.0,1.0,0,35050.0,12478.0,9662
101180,2025-03,2025-04,2025-05,0.0,1.0,0,13686.0,16170.0,29314
101180,2025-09,2025-10,2025-11,0.0,1.0,0,15113.0,8148.0,33841
101181,2024-03,2024-04,2024-05,0.0,1.0,0,34594.0,11868.0,19002
101181,2024-07,2024-08,2024-09,0.0,1.0,0,38287.0,1602.0,3070
101183,2024-02,2024-03,2024-04,0.0,1.0,0,23922.0,6570.0,12788
101183,2024-04,2024-05,2024-06,0.0,1.0,0,12788.0,19722.0,1348
101183,2025-09,2025-10,2025-11,0.0,1.0,0,19694.0,44789.0,5902
101184,2024-12,2025-01,2025-02,0.0,1.0,0,34251.0,7203.0,17109
101184,2025-03,2025-04,2025-05,0.0,1.0,0,23769.0,45023.0,9168
101184,2025-07,2025-08,2025-09,0.0,1.0,0,24986.0,10127.0,43793
101185,2024-05,2024-06,2024-07,0.0,1.0,0,9484.0,1925.0,30728
101185,2025-08,2025-09,2025-10,0.0,1.0,0,43569.0,26402.0,42801
101186,2024-10,2024-11,2024-12,0.0,1.0,0,32860.0,25286.0,16525
101186,2025-04,2025-05,2025-06,0.0,1.0,0,38922.0,28159.0,9876
101188,2024-06,2024-07,2024-08,0.0,1.0,0,39993.0,10434.0,26284
101188,2025-04,2025-05,2025-06,0.0,1.0,0,46235.0,23915.0,35988
101191,2024-09,2024-10,2024-11,0.0,1.0,0,17189.0,43110.0,45028
101191,2025-06,2025-07,2025-08,0.0,1.0,0,34670.0,1633.0,29862
101191,2025-10,2025-11,2025-12,0.0,1.0,0,1146.0,35725.0,36057
101192,2024-12,2025-01,2025-02,0.0,1.0,0,36717.0,44032.0,24982
101193,2024-01,2024-02,2024-03,0.0,1.0,0,3193.0,19729.0,12350
101193,2024-04,2024-05,2024-06,0.0,1.0,0,6364.0,26805.0,43736
101193,2024-07,2024-08,2024-09,0.0,1.0,0,45606.0,5468.0,42758
101194,2024-04,2024-05,2024-06,0.0,1.0,0,46610.0,28193.0,19768
101194,2025-04,2025-05,2025-06,0.0,1.0,0,7065.0,4031.0,43384
101195,2024-06,2024-07,2024-08,0.0,1.0,0,22446.0,5299.0,16443
101196,2024-07,2024-08,2024-09,0.0,1.0,0,37698.0,18148.0,25785
101196,2025-01,2025-02,2025-03,0.0,1.0,0,25977.0,17729.0,26041
101196,2025-05,2025-06,2025-07,0.0,1.0,0,21155.0,15970.0,24235
101197,2024-01,2024-02,2024-03,0.0,1.0,0,23669.0,43242.0,20408
101197,2024-07,2024-08,2024-09,0.0,1.0,0,45788.0,15772.0,46459
101197,2025-05,2025-06,2025-07,0.0,1.0,0,14290.0,15251.0,17376
101197,2025-09,2025-10,2025-11,0.0,1.0,0,36890.0,14369.0,32467
101198,2024-01,2024-02,2024-03,0.0,1.0,0,4348.0,25097.0,30200
101200,2024-08,2024-09,2024-10,0.0,1.0,0,36125.0,29261.0,2054
101202,2024-01,2024-02,2024-03,0.0,1.0,0,26508.0,18131.0,19393
101202,2024-11,2024-12,2025-01,0.0,1.0,0,19010.0,47742.0,10725
101202,2025-09,2025-10,2025-11,0.0,1.0,0,46655.0,37544.0,8599
101203,2024-12,2025-01,2025-02,0.0,1.0,0,22450.0,17488.0,20488
101203,2025-06,2025-07,2025-08,0.0,1.0,0,48268.0,42743.0,31166
101204,2024-09,2024-10,2024-11,0.0,1.0,0,38105.0,40619.0,15017
101206,2024-04,2024-05,2024-06,0.0,1.0,0,38317.0,20312.0,11653
101206,2024-08,2024-09,2024-10,0.0,1.0,0,23780.0,605.0,28046
101206,2025-01,2025-02,2025-03,0.0,1.0,0,20766.0,16715.0,23027
101207,2024-03,2024-04,2024-05,0.0,1.0,0,21289.0,45550.0,6731
101207,2024-07,2024-08,2024-09,0.0,1.0,0,11585.0,29954.0,17714
101207,2025-01,2025-02,2025-03,0.0,1.0,0,4637.0,29420.0,45972
101207,2025-04,2025-05,2025-06,0.0,1.0,0,4718.0,19923.0,4851
101207,2025-08,2025-09,2025-10,0.0,1.0,0,5895.0,9175.0,35775
101209,2025-08,2025-09,2025-10,0.0,1.0,0,1635.0,32649.0,30687
101210,2024-05,2024-06,2024-07,0.0,1.0,0,33495.0,10737.0,43851
101210,2024-10,2024-11,2024-12,0.0,1.0,0,29204.0,19948.0,10201
101211,2024-06,2024-07,2024-08,0.0,1.0,0,14743.0,29130.0,35403
101211,2025-02,2025-03,2025-04,0.0,1.0,0,46317.0,7669.0,14984
101211,2025-04,2025-05,2025-06,0.0,1.0,0,14984.0,25521.0,21819
101211,2025-06,2025-07,2025-08,0.0,1.0,0,21819.0,15312.0,10151
101211,2025-09,2025-10,2025-11,0.0,1.0,0,19289.0,2067.0,31085
101213,2024-12,2025-01,2025-02,0.0,1.0,0,46488.0,36793.0,7016
101214,2024-03,2024-04,2024-05,0.0,1.0,0,11338.0,13246.0,20174
101215,2024-03,2024-04,2024-05,0.0,1.0,0,17718.0,25288.0,16596
101215,2024-06,2024-07,2024-08,0.0,1.0,0,16797.0,26103.0,6790
101215,2024-09,2024-10,2024-11,0.0,1.0,0,45104.0,19706.0,10295
101215,2025-02,2025-03,2025-04,0.0,1.0,0,6326.0,25068.0,11485
101215,2025-04,2025-05,2025-06,0.0,1.0,0,11485.0,27452.0,43656
101215,2025-06,2025-07,2025-08,0.0,1.0,0,43656.0,20640.0,18063
101215,2025-10,2025-11,2025-12,0.0,1.0,0,3002.0,17834.0,39622
101216,2025-01,2025-02,2025-03,0.0,1.0,0,25245.0,34256.0,27258
101216,2025-04,2025-05,2025-06,0.0,1.0,0,5167.0,48423.0,36221
101217,2024-12,2025-01,2025-02,0.0,1.0,0,28315.0,33549.0,13677
101218,2025-01,2025-02,2025-03,0.0,1.0,0,23816.0,45712.0,9551
101218,2025-09,2025-10,2025-11,0.0,1.0,0,20856.0,17720.0,7472
101219,2024-01,2024-02,2024-03,0.0,1.0,0,27402.0,24088.0,12697
101219,2024-06,2024-07,2024-08,0.0,1.0,0,38236.0,26439.0,5352
101219,2024-09,2024-10,2024-11,0.0,1.0,0,20679.0,43605.0,18945
101220,2024-02,2024-03,2024-04,0.0,1.0,0,8518.0,35845.0,38723
101220,2024-06,2024-07,2024-08,0.0,1.0,0,41032.0,27415.0,33600
101220,2025-02,2025-03,2025-04,0.0,1.0,0,30800.0,5671.0,7856
101220,2025-05,2025-06,2025-07,0.0,1.0,0,40329.0,39055.0,42720
101220,2025-10,2025-11,2025-12,0.0,1.0,0,12176.0,42039.0,25557
101221,2024-08,2024-09,2024-10,0.0,1.0,0,47591.0,24026.0,44850
101221,2025-01,2025-02,2025-03,0.0,1.0,0,14888.0,10110.0,48372
101222,2024-01,2024-02,2024-03,0.0,1.0,0,30127.0,43180.0,32506
101222,2024-03,2024-04,2024-05,0.0,1.0,0,32506.0,26550.0,26917
101223,2024-04,2024-05,2024-06,0.0,1.0,0,24493.0,28429.0,47351
101223,2025-05,2025-06,2025-07,0.0,1.0,0,21556.0,46370.0,25701
101224,2024-04,2024-05,2024-06,0.0,1.0,0,32482.0,6071.0,33961
101224,2024-06,2024-07,2024-08,0.0,1.0,0,33961.0,32868.0,5909
101224,2025-03,2025-04,2025-05,0.0,1.0,0,5029.0,38194.0,30582
101225,2024-05,2024-06,2024-07,0.0,1.0,0,27250.0,46393.0,34575
101225,2024-11,2024-12,2025-01,0.0,1.0,0,23218.0,20513.0,3149
101225,2025-03,2025-04,2025-05,0.0,1.0,0,45199.0,18469.0,45161
101226,2024-03,2024-04,2024-05,0.0,1.0,0,35429.0,22814.0,47913
101226,2025-04,2025-05,2025-06,0.0,1.0,0,3382.0,33615.0,24327
101227,2024-05,2024-06,2024-07,0.0,1.0,0,30158.0,47845.0,18689
101227,2024-07,2024-08,2024-09,0.0,1.0,0,18689.0,30543.0,26992
101227,2025-06,2025-07,2025-08,0.0,1.0,0,1223.0,17585.0,28393
101229,2024-12,2025-01,2025-02,0.0,1.0,0,10011.0,20731.0,47707
101229,2025-03,2025-04,2025-05,0.0,1.0,0,5329.0,8469.0,30991
101230,2025-07,2025-08,2025-09,0.0,1.0,0,18083.0,26574.0,29699
101231,2024-09,2024-10,2024-11,0.0,1.0,0,23112.0,1394.0,1299
101231,2025-08,2025-09,2025-10,0.0,1.0,0,36580.0,44476.0,24328
101232,2024-05,2024-06,2024-07,0.0,1.0,0,45210.0,30322.0,7380
101233,2025-04,2025-05,2025-06,0.0,1.0,0,13084.0,38079.0,42712
101233,2025-06,2025-07,2025-08,0.0,1.0,0,42712.0,28843.0,27210
101234,2024-06,2024-07,2024-08,0.0,1.0,0,39446.0,7047.0,47816
101234,2024-12,2025-01,2025-02,0.0,1.0,0,32669.0,46187.0,32449
101235,2024-02,2024-03,2024-04,0.0,1.0,0,26467.0,48214.0,48583
101235,2024-06,2024-07,2024-08,0.0,1.0,0,42759.0,24558.0,37807
101235,2025-03,2025-04,2025-05,0.0,1.0,0,983.0,2967.0,6039
101235,2025-05,2025-06,2025-07,0.0,1.0,0,6039.0,41289.0,43751
101235,2025-10,2025-11,2025-12,0.0,1.0,0,12611.0,33387.0,47092
101236,2024-01,2024-02,2024-03,0.0,1.0,0,26331.0,30925.0,39528
101236,2024-08,2024-09,2024-10,0.0,1.0,0,10409.0,8899.0,30736
101236,2025-06,2025-07,2025-08,0.0,1.0,0,17462.0,37507.0,45720
101236,2025-08,2025-09,2025-10,0.0,1.0,0,45720.0,5408.0,15605
101237,2024-06,2024-07,2024-08,0.0,1.0,0,12663.0,39388.0,34676
101237,2025-01,2025-02,2025-03,0.0,1.0,0,9780.0,29618.0,40041
101238,2025-06,2025-07,2025-08,0.0,1.0,0,35538.0,46400.0,21798
101239,2024-05,2024-06,2024-07,0.0,1.0,0,5927.0,18273.0,31511
101239,2025-10,2025-11,2025-12,0.0,1.0,0,39188.0,39352.0,7709
101240,2024-04,2024-05,2024-06,0.0,1.0,0,47070.0,11238.0,43703
101240,2025-02,2025-03,2025-04,0.0,1.0,0,35055.0,32737.0,11392
101243,2025-01,2025-02,2025-03,0.0,1.0,0,37174.0,16435.0,39656
101244,2024-02,2024-03,2024-04,0.0,1.0,0,17280.0,11528.0,28934
101244,2025-09,2025-10,2025-11,0.0,1.0,0,25173.0,7799.0,6734
101245,2024-11,2024-12,2025-01,0.0,1.0,0,16595.0,29299.0,37508
101245,2025-03,2025-04,2025-05,0.0,1.0,0,21647.0,4610.0,13341
101246,2024-03,2024-04,2024-05,0.0,1.0,0,30505.0,47962.0,16878
101246,2024-06,2024-07,2024-08,0.0,1.0,0,46542.0,16941.0,8783
101246,2025-02,2025-03,2025-04,0.0,1.0,0,37143.0,19301.0,36722
101246,2025-05,2025-06,2025-07,0.0,1.0,0,23480.0,19473.0,7218
101246,2025-07,2025-08,2025-09,0.0,1.0,0,7218.0,32401.0,22769
101247,2024-06,2024-07,2024-08,0.0,1.0,0,11147.0,34473.0,6924
101247,2025-04,2025-05,2025-06,0.0,1.0,0,9411.0,38229.0,38574
101248,2024-05,2024-06,2024-07,0.0,1.0,0,6709.0,25118.0,46261
101248,2024-10,2024-11,2024-12,0.0,1.0,0,17587.0,20754.0,30930
101248,2025-10,2025-11,2025-12,0.0,1.0,0,15715.0,47885.0,13137
101249,2024-05,2024-06,2024-07,0.0,1.0,0,39848.0,45330.0,7699
101249,2024-09,2024-10,2024-11,0.0,1.0,0,8509.0,17177.0,358
101249,2025-07,2025-08,2025-09,0.0,1.0,0,38748.0,33729.0,28579
101249,2025-09,2025-10,2025-11,0.0,1.0,0,28579.0,1979.0,35688
101250,2024-03,2024-04,2024-05,0.0,1.0,0,38755.0,10495.0,18491
101250,2024-07,2024-08,2024-09,0.0,1.0,0,47522.0,14967.0,22249
101250,2025-01,2025-02,2025-03,0.0,1.0,0,14467.0,18141.0,23246
101250,2025-06,2025-07,2025-08,0.0,1.0,0,24336.0,44477.0,26707
101251,2024-02,2024-03,2024-04,0.0,1.0,0,36180.0,24207.0,32329
101252,2024-04,2024-05,2024-06,0.0,1.0,0,1372.0,45405.0,27570
101252,2024-07,2024-08,2024-09,0.0,1.0,0,37295.0,15691.0,6309
101252,2025-05,2025-06,2025-07,0.0,1.0,0,29425.0,21387.0,41995
101252,2025-10,2025-11,2025-12,0.0,1.0,0,5001.0,47110.0,29627
101253,2024-12,2025-01,2025-02,0.0,1.0,0,1721.0,5110.0,47990
101254,2024-03,2024-04,2024-05,0.0,1.0,0,44209.0,2241.0,38095
101254,2025-02,2025-03,2025-04,0.0,1.0,0,2646.0,22745.0,39938
101255,2024-05,2024-06,2024-07,0.0,1.0,0,5107.0,36908.0,10472
101255,2024-11,2024-12,2025-01,0.0,1.0,0,41042.0,47673.0,18674
101255,2025-06,2025-07,2025-08,0.0,1.0,0,6690.0,30828.0,45070
101256,2024-08,2024-09,2024-10,0.0,1.0,0,7303.0,34754.0,25539
101257,2024-09,2024-10,2024-11,0.0,1.0,0,36706.0,46458.0,2515
101257,2025-06,2025-07,2025-08,0.0,1.0,0,18795.0,33348.0,38275
101258,2024-08,2024-09,2024-10,0.0,1.0,0,10417.0,18531.0,8484
101259,2024-08,2024-09,2024-10,0.0,1.0,0,16288.0,31622.0,17634
101259,2025-04,2025-05,2025-06,0.0,1.0,0,19129.0,922.0,31507
101259,2025-09,2025-10,2025-11,0.0,1.0,0,30323.0,23412.0,15969
101260,2024-04,2024-05,2024-06,0.0,1.0,0,42900.0,38367.0,35272
101261,2024-01,2024-02,2024-03,0.0,1.0,0,8887.0,44583.0,9425
101262,2024-06,2024-07,2024-08,0.0,1.0,0,24464.0,17046.0,31957
101262,2024-10,2024-11,2024-12,0.0,1.0,0,29783.0,7747.0,8372
101262,2025-04,2025-05,2025-06,0.0,1.0,0,30721.0,34099.0,22845
101262,2025-08,2025-09,2025-10,0.0,1.0,0,17107.0,15233.0,39594
101262,2025-10,2025-11,2025-12,0.0,1.0,0,39594.0,5109.0,41318
101263,2024-05,2024-06,2024-07,0.0,1.0,0,45480.0,3861.0,36287
101263,2024-09,2024-10,2024-11,0.0,1.0,0,46098.0,15588.0,10840
101264,2024-08,2024-09,2024-10,0.0,1.0,0,48568.0,19830.0,30562
101264,2025-06,2025-07,2025-08,0.0,1.0,0,34812.0,1430.0,38494
101265,2025-01,2025-02,2025-03,0.0,1.0,0,37570.0,14821.0,25632
101265,2025-03,2025-04,2025-05,0.0,1.0,0,25632.0,10019.0,41336
101265,2025-08,2025-09,2025-10,0.0,1.0,0,10595.0,13969.0,40997
101266,2024-07,2024-08,2024-09,0.0,1.0,0,38266.0,3191.0,42808
101266,2024-09,2024-10,2024-11,0.0,1.0,0,42808.0,3178.0,26155
101267,2024-10,2024-11,2024-12,0.0,1.0,0,4849.0,36037.0,28730
101267,2025-07,2025-08,2025-09,0.0,1.0,0,1062.0,17698.0,45364
101267,2025-10,2025-11,2025-12,0.0,1.0,0,26288.0,8596.0,16807
101268,2024-02,2024-03,2024-04,0.0,1.0,0,32983.0,40248.0,45008
101268,2024-07,2024-08,2024-09,0.0,1.0,0,39739.0,11193.0,29311
101269,2024-08,2024-09,2024-10,0.0,1.0,0,6070.0,39128.0,36517
101270,2024-02,2024-03,2024-04,0.0,1.0,0,48463.0,35025.0,30180
101270,2024-04,2024-05,2024-06,0.0,1.0,0,30180.0,4193.0,34410
101271,2024-03,2024-04,2024-05,0.0,1.0,0,45362.0,30902.0,22751
101271,2024-06,2024-07,2024-08,0.0,1.0,0,39469.0,48340.0,2342
101272,2024-12,2025-01,2025-02,0.0,1.0,0,48161.0,8624.0,40858
101272,2025-09,2025-10,2025-11,0.0,1.0,0,41483.0,40827.0,32477
101273,2024-01,2024-02,2024-03,0.0,1.0,0,38272.0,26129.0,43808
101273,2025-07,2025-08,2025-09,0.0,1.0,0,44663.0,2472.0,6870
101275,2024-02,2024-03,2024-04,0.0,1.0,0,29177.0,22988.0,43409
101276,2024-10,2024-11,2024-12,0.0,1.0,0,45694.0,2953.0,15059
101276,2024-12,2025-01,2025-02,0.0,1.0,0,15059.0,38256.0,23683
101276,2025-03,2025-04,2025-05,0.0,1.0,0,13832.0,39459.0,20961
101277,2024-09,2024-10,2024-11,0.0,1.0,0,13864.0,46313.0,1524
101277,2024-11,2024-12,2025-01,0.0,1.0,0,1524.0,41529.0,18367
101279,2024-12,2025-01,2025-02,0.0,1.0,0,38834.0,46001.0,34780
101279,2025-03,2025-04,2025-05,0.0,1.0,0,47672.0,28624.0,32086
101279,2025-05,2025-06,2025-07,0.0,1.0,0,32086.0,36270.0,13314
101279,2025-08,2025-09,2025-10,0.0,1.0,0,20826.0,5010.0,12315
101279,2025-10,2025-11,2025-12,0.0,1.0,0,12315.0,26549.0,43481
101280,2024-01,2024-02,2024-03,0.0,1.0,0,14432.0,9297.0,9759
101280,2025-02,2025-03,2025-04,0.0,1.0,0,37806.0,21558.0,48172
101280,2025-05,2025-06,2025-07,0.0,1.0,0,34922.0,21958.0,23291
101281,2024-10,2024-11,2024-12,0.0,1.0,0,818.0,27034.0,20558
101281,2025-10,2025-11,2025-12,0.0,1.0,0,26296.0,47445.0,42849
101282,2024-10,2024-11,2024-12,0.0,1.0,0,48095.0,21527.0,32390
101282,2025-01,2025-02,2025-03,0.0,1.0,0,2013.0,24922.0,30518
101282,2025-07,2025-08,2025-09,0.0,1.0,0,5904.0,15570.0,37575
101283,2024-07,2024-08,2024-09,0.0,1.0,0,12713.0,46881.0,30524
101283,2025-02,2025-03,2025-04,0.0,1.0,0,27373.0,33251.0,25032
101284,2024-03,2024-04,2024-05,0.0,1.0,0,16089.0,39301.0,14748
101284,2024-06,2024-07,2024-08,0.0,1.0,0,33964.0,18632.0,7475
101284,2025-03,2025-04,2025-05,0.0,1.0,0,10942.0,38070.0,13818
101285,2024-02,2024-03,2024-04,0.0,1.0,0,21889.0,38702.0,15421
101285,2025-01,2025-02,2025-03,0.0,1.0,0,36349.0,40340.0,16287
101285,2025-03,2025-04,2025-05,0.0,1.0,0,16287.0,271.0,22690
101285,2025-05,2025-06,2025-07,0.0,1.0,0,22690.0,29507.0,46125
101287,2024-07,2024-08,2024-09,0.0,1.0,0,126.0,4444.0,14951
101287,2024-10,2024-11,2024-12,0.0,1.0,0,23198.0,2557.0,47336
101287,2025-09,2025-10,2025-11,0.0,1.0,0,22110.0,36032.0,3535
101288,2024-07,2024-08,2024-09,0.0,1.0,0,41020.0,2672.0,18841
101288,2025-07,2025-08,2025-09,0.0,1.0,0,15760.0,33150.0,31078
101288,2025-09,2025-10,2025-11,0.0,1.0,0,31078.0,6094.0,26165
101289,2024-06,2024-07,2024-08,0.0,1.0,0,34632.0,15071.0,41617
101289,2025-05,2025-06,2025-07,0.0,1.0,0,28702.0,18961.0,21716
101290,2024-05,2024-06,2024-07,0.0,1.0,0,19640.0,34260.0,28215
101290,2025-02,2025-03,2025-04,0.0,1.0,0,1336.0,38347.0,8614
101290,2025-09,2025-10,2025-11,0.0,1.0,0,46796.0,26074.0,11317
101292,2024-05,2024-06,2024-07,0.0,1.0,0,25755.0,5281.0,15668
101292,2025-03,2025-04,2025-05,0.0,1.0,0,22619.0,10662.0,28376
101292,2025-10,2025-11,2025-12,0.0,1.0,0,12654.0,10624.0,6712
101293,2025-09,2025-10,2025-11,0.0,1.0,0,16102.0,6371.0,1124
101294,2024-09,2024-10,2024-11,0.0,1.0,0,19093.0,15811.0,34596
101294,2025-01,2025-02,2025-03,0.0,1.0,0,47620.0,611.0,27929
101294,2025-04,2025-05,2025-06,0.0,1.0,0,40219.0,46272.0,41040
101294,2025-07,2025-08,2025-09,0.0,1.0,0,7362.0,36151.0,28532
101295,2025-10,2025-11,2025-12,0.0,1.0,0,30795.0,37392.0,46339
101296,2024-06,2024-07,2024-08,0.0,1.0,0,25849.0,32963.0,24345
101296,2025-03,2025-04,2025-05,0.0,1.0,0,5063.0,31853.0,15546
101298,2024-03,2024-04,2024-05,0.0,1.0,0,33649.0,32289.0,11170
101298,2024-11,2024-12,2025-01,0.0,1.0,0,41110.0,18190.0,47177
101298,2025-02,2025-03,2025-04,0.0,1.0,0,4946.0,33427.0,39397
101298,2025-10,2025-11,2025-12,0.0,1.0,0,35684.0,42327.0,7264
101299,2025-04,2025-05,2025-06,0.0,1.0,0,24108.0,4257.0,34455
101300,2024-06,2024-07,2024-08,0.0,1.0,0,48382.0,22328.0,32973
101300,2025-03,2025-04,2025-05,0.0,1.0,0,41349.0,1077.0,8717
101301,2024-03,2024-04,2024-05,0.0,1.0,0,30116.0,19945.0,9065
101301,2025-01,2025-02,2025-03,0.0,1.0,0,15819.0,9286.0,38337
101301,2025-09,2025-10,2025-11,0.0,1.0,0,26142.0,13552.0,39484
101302,2024-02,2024-03,2024-04,0.0,1.0,0,30786.0,11704.0,44572
101302,2024-06,2024-07,2024-08,0.0,1.0,0,23353.0,14796.0,8911
101302,2025-06,2025-07,2025-08,0.0,1.0,0,44191.0,48160.0,42054
101302,2025-08,2025-09,2025-10,0.0,1.0,0,42054.0,36767.0,25089
101303,2025-04,2025-05,2025-06,0.0,1.0,0,21886.0,16293.0,40333
101304,2024-02,2024-03,2024-04,0.0,1.0,0,20203.0,15194.0,7163
101304,2024-04,2024-05,2024-06,0.0,1.0,0,7163.0,39888.0,1924
101304,2025-10,2025-11,2025-12,0.0,1.0,0,46565.0,43720.0,16852
101305,2024-03,2024-04,2024-05,0.0,1.0,0,33048.0,38009.0,16214
101305,2024-07,2024-08,2024-09,0.0,1.0,0,26100.0,46489.0,6811
101305,2024-11,2024-12,2025-01,0.0,1.0,0,1950.0,24.0,26839
101305,2025-03,2025-04,2025-05,0.0,1.0,0,1933.0,9654.0,39722
101307,2024-05,2024-06,2024-07,0.0,1.0,0,44434.0,16760.0,46633
101307,2025-03,2025-04,2025-05,0.0,1.0,0,3465.0,10030.0,37188
101307,2025-06,2025-07,2025-08,0.0,1.0,0,26037.0,45245.0,47545
101308,2025-08,2025-09,2025-10,0.0,1.0,0,44703.0,361.0,14602
101308,2025-10,2025-11,2025-12,0.0,1.0,0,14602.0,34656.0,7787
101309,2025-01,2025-02,2025-03,0.0,1.0,0,11070.0,44557.0,40961
101309,2025-04,2025-05,2025-06,0.0,1.0,0,36906.0,2510.0,48184
101309,2025-08,2025-09,2025-10,0.0,1.0,0,34711.0,42166.0,13072
101309,2025-10,2025-11,2025-12,0.0,1.0,0,13072.0,27157.0,25123
101310,2024-04,2024-05,2024-06,0.0,1.0,0,48056.0,36009.0,39414
101311,2024-09,2024-10,2024-11,0.0,1.0,0,14635.0,17747.0,43467
101312,2024-01,2024-02,2024-03,0.0,1.0,0,17451.0,28545.0,3730
101312,2024-06,2024-07,2024-08,0.0,1.0,0,33520.0,1243.0,26851
101312,2024-10,2024-11,2024-12,0.0,1.0,0,39308.0,25195.0,36710
101312,2025-05,2025-06,2025-07,0.0,1.0,0,11265.0,32874.0,17978
101313,2024-02,2024-03,2024-04,0.0,1.0,0,33175.0,26327.0,30615
101313,2024-09,2024-10,2024-11,0.0,1.0,0,5226.0,18833.0,3647
101313,2024-12,2025-01,2025-02,0.0,1.0,0,12830.0,29588.0,14064
101313,2025-03,2025-04,2025-05,0.0,1.0,0,25241.0,7344.0,42324
101313,2025-07,2025-08,2025-09,0.0,1.0,0,21611.0,3060.0,467
101314,2024-11,2024-12,2025-01,0.0,1.0,0,33181.0,36129.0,30819
101315,2025-06,2025-07,2025-08,0.0,1.0,0,29286.0,37649.0,19761
101316,2025-06,2025-07,2025-08,0.0,1.0,0,24857.0,47645.0,31129
101317,2024-03,2024-04,2024-05,0.0,1.0,0,3611.0,6128.0,9156
101317,2024-05,2024-06,2024-07,0.0,1.0,0,9156.0,10254.0,36825
101317,2025-04,2025-05,2025-06,0.0,1.0,0,42123.0,18316.0,36399
101317,2025-06,2025-07,2025-08,0.0,1.0,0,36399.0,46475.0,26892
101317,2025-09,2025-10,2025-11,0.0,1.0,0,46872.0,25969.0,2224
101318,2024-06,2024-07,2024-08,0.0,1.0,0,43933.0,39127.0,31501
101318,2024-09,2024-10,2024-11,0.0,1.0,0,31545.0,43665.0,33931
101318,2025-02,2025-03,2025-04,0.0,1.0,0,11352.0,28221.0,41274
101319,2025-04,2025-05,2025-06,0.0,1.0,0,38489.0,32275.0,17443
101320,2024-06,2024-07,2024-08,0.0,1.0,0,30130.0,22588.0,44293
101320,2025-08,2025-09,2025-10,0.0,1.0,0,28207.0,46745.0,26959
101321,2024-10,2024-11,2024-12,0.0,1.0,0,31849.0,36939.0,25779
101321,2025-04,2025-05,2025-06,0.0,1.0,0,5818.0,43024.0,402
101321,2025-08,2025-09,2025-10,0.0,1.0,0,10849.0,2086.0,1035
101322,2024-09,2024-10,2024-11,0.0,1.0,0,21175.0,6773.0,25154
101322,2025-04,2025-05,2025-06,0.0,1.0,0,5525.0,6213.0,41031
101322,2025-06,2025-07,2025-08,0.0,1.0,0,41031.0,28857.0,41400
101323,2024-05,2024-06,2024-07,0.0,1.0,0,31609.0,36668.0,9493
101323,2024-07,2024-08,2024-09,0.0,1.0,0,9493.0,15826.0,38152
101323,2025-01,2025-02,2025-03,0.0,1.0,0,37950.0,27815.0,5535
101323,2025-08,2025-09,2025-10,0.0,1.0,0,7666.0,42093.0,25809
101324,2025-05,2025-06,2025-07,0.0,1.0,0,26691.0,6889.0,339
101325,2024-02,2024-03,2024-04,0.0,1.0,0,2818.0,35593.0,39819
101325,2024-04,2024-05,2024-06,0.0,1.0,0,39819.0,42705.0,29723
101325,2025-06,2025-07,2025-08,0.0,1.0,0,44272.0,2055.0,33143
101326,2024-03,2024-04,2024-05,0.0,1.0,0,2968.0,48371.0,1702
101326,2024-10,2024-11,2024-12,0.0,1.0,0,33299.0,39961.0,19854
101326,2025-02,2025-03,2025-04,0.0,1.0,0,36733.0,13568.0,26723
101326,2025-07,2025-08,2025-09,0.0,1.0,0,6740.0,25508.0,27578
101327,2025-02,2025-03,2025-04,0.0,1.0,0,7197.0,13985.0,22615
101329,2024-04,2024-05,2024-06,0.0,1.0,0,41534.0,20739.0,19203
101329,2024-08,2024-09,2024-10,0.0,1.0,0,34581.0,14809.0,19151
101329,2024-10,2024-11,2024-12,0.0,1.0,0,19151.0,4456.0,19986
101329,2025-01,2025-02,2025-03,0.0,1.0,0,41405.0,10703.0,39427
101329,2025-08,2025-09,2025-10,0.0,1.0,0,17503.0,25119.0,14493
101330,2024-06,2024-07,2024-08,0.0,1.0,0,21156.0,27812.0,32266
101330,2024-08,2024-09,2024-10,0.0,1.0,0,32266.0,32460.0,5126
101330,2025-02,2025-03,2025-04,0.0,1.0,0,25165.0,43750.0,17876
101330,2025-07,2025-08,2025-09,0.0,1.0,0,1685.0,38531.0,13230
101330,2025-10,2025-11,2025-12,0.0,1.0,0,31736.0,2252.0,39115
101331,2024-01,2024-02,2024-03,0.0,1.0,0,3725.0,26417.0,3499
101331,2024-09,2024-10,2024-11,0.0,1.0,0,19701.0,739.0,33829
101332,2025-04,2025-05,2025-06,0.0,1.0,0,5336.0,14061.0,38299
101332,2025-07,2025-08,2025-09,0.0,1.0,0,2245.0,31969.0,11032
101333,2025-05,2025-06,2025-07,0.0,1.0,0,13004.0,28723.0,7593
101334,2024-01,2024-02,2024-03,0.0,1.0,0,31524.0,27228.0,20470
101334,2024-12,2025-01,2025-02,0.0,1.0,0,16203.0,10411.0,35133
101334,2025-09,2025-10,2025-11,0.0,1.0,0,48087.0,2564.0,32058
101335,2025-01,2025-02,2025-03,0.0,1.0,0,11463.0,15336.0,3971
101335,2025-05,2025-06,2025-07,0.0,1.0,0,44257.0,1798.0,15445
101336,2024-06,2024-07,2024-08,0.0,1.0,0,140.0,6165.0,11890
101336,2024-10,2024-11,2024-12,0.0,1.0,0,1729.0,7101.0,44998
101336,2025-01,2025-02,2025-03,0.0,1.0,0,15855.0,30776.0,47815
101336,2025-05,2025-06,2025-07,0.0,1.0,0,34389.0,27003.0,31651
101336,2025-09,2025-10,2025-11,0.0,1.0,0,40293.0,28033.0,45001
101337,2024-02,2024-03,2024-04,0.0,1.0,0,43840.0,14241.0,20544
101337,2024-05,2024-06,2024-07,0.0,1.0,0,45058.0,25574.0,37910
101338,2024-07,2024-08,2024-09,0.0,1.0,0,4344.0,3250.0,39232
101338,2024-09,2024-10,2024-11,0.0,1.0,0,39232.0,14908.0,40902
101338,2025-01,2025-02,2025-03,0.0,1.0,0,18608.0,2774.0,39760
101338,2025-10,2025-11,2025-12,0.0,1.0,0,28712.0,34985.0,44273
101339,2024-04,2024-05,2024-06,0.0,1.0,0,43991.0,11158.0,19264
101339,2025-02,2025-03,2025-04,0.0,1.0,0,34244.0,16553.0,31603
101339,2025-07,2025-08,2025-09,0.0,1.0,0,23829.0,44596.0,25615
101340,2024-03,2024-04,2024-05,0.0,1.0,0,22069.0,13387.0,15035
101341,2024-03,2024-04,2024-05,0.0,1.0,0,18575.0,25606.0,27848
101341,2024-12,2025-01,2025-02,0.0,1.0,0,32866.0,30823.0,24835
101341,2025-10,2025-11,2025-12,0.0,1.0,0,43236.0,24033.0,9826
101343,2024-05,2024-06,2024-07,0.0,1.0,0,32843.0,18420.0,12497
101343,2024-09,2024-10,2024-11,0.0,1.0,0,39365.0,10881.0,34218
101344,2024-07,2024-08,2024-09,0.0,1.0,0,8716.0,34684.0,3321
101344,2025-09,2025-10,2025-11,0.0,1.0,0,37588.0,20218.0,31128
101345,2024-08,2024-09,2024-10,0.0,1.0,0,20592.0,666.0,10289
101345,2025-10,2025-11,2025-12,0.0,1.0,0,44215.0,38891.0,35213
101346,2024-05,2024-06,2024-07,0.0,1.0,0,9176.0,30645.0,20251
101348,2025-10,2025-11,2025-12,0.0,1.0,0,18022.0,39195.0,44192
101349,2024-03,2024-04,2024-05,0.0,1.0,0,5482.0,25743.0,7091
101349,2024-11,2024-12,2025-01,0.0,1.0,0,3185.0,42563.0,40896
101349,2025-01,2025-02,2025-03,0.0,1.0,0,40896.0,2697.0,41765
101349,2025-08,2025-09,2025-10,0.0,1.0,0,32916.0,48498.0,40028
101350,2024-05,2024-06,2024-07,0.0,1.0,0,2455.0,27984.0,11913
101350,2025-02,2025-03,2025-04,0.0,1.0,0,33319.0,11316.0,47756
101350,2025-10,2025-11,2025-12,0.0,1.0,0,20811.0,44977.0,26737
101351,2025-06,2025-07,2025-08,0.0,1.0,0,46312.0,47038.0,35102
101352,2025-02,2025-03,2025-04,0.0,1.0,0,42833.0,17403.0,18481
101352,2025-08,2025-09,2025-10,0.0,1.0,0,31186.0,364.0,32901
101353,2024-08,2024-09,2024-10,0.0,1.0,0,41164.0,45588.0,25649
101353,2024-10,2024-11,2024-12,0.0,1.0,0,25649.0,30304.0,31426
101353,2024-12,2025-01,2025-02,0.0,1.0,0,31426.0,7462.0,45363
101353,2025-09,2025-10,2025-11,0.0,1.0,0,8376.0,44821.0,22772
101354,2024-05,2024-06,2024-07,0.0,1.0,0,8179.0,13869.0,9880
101354,2025-03,2025-04,2025-05,0.0,1.0,0,32547.0,1127.0,23383
101354,2025-07,2025-08,2025-09,0.0,1.0,0,37555.0,3847.0,17912
101356,2024-03,2024-04,2024-05,0.0,1.0,0,7671.0,28786.0,22124
101356,2024-05,2024-06,2024-07,0.0,1.0,0,22124.0,20997.0,18409
101356,2025-08,2025-09,2025-10,0.0,1.0,0,11726.0,24570.0,22893
101357,2025-02,2025-03,2025-04,0.0,1.0,0,41297.0,25065.0,23115
101358,2025-03,2025-04,2025-05,0.0,1.0,0,16805.0,44644.0,39655
101359,2024-08,2024-09,2024-10,0.0,1.0,0,9784.0,39240.0,16728
101359,2024-11,2024-12,2025-01,0.0,1.0,0,37776.0,835.0,34173
101360,2025-06,2025-07,2025-08,0.0,1.0,0,4576.0,18882.0,35553
101361,2024-04,2024-05,2024-06,0.0,1.0,0,26267.0,23302.0,9472
101361,2025-08,2025-09,2025-10,0.0,1.0,0,40328.0,1885.0,20031
101361,2025-10,2025-11,2025-12,0.0,1.0,0,20031.0,22807.0,27394
101362,2024-09,2024-10,2024-11,0.0,1.0,0,1103.0,42725.0,14740
101362,2024-11,2024-12,2025-01,0.0,1.0,0,14740.0,41987.0,35257
101363,2024-01,2024-02,2024-03,0.0,1.0,0,6812.0,35730.0,32360
101363,2025-08,2025-09,2025-10,0.0,1.0,0,40361.0,39979.0,7664
101364,2024-04,2024-05,2024-06,0.0,1.0,0,12195.0,26621.0,12129
101364,2024-08,2024-09,2024-10,0.0,1.0,0,7914.0,48469.0,14240
101364,2024-11,2024-12,2025-01,0.0,1.0,0,4815.0,29621.0,21928
101364,2025-06,2025-07,2025-08,0.0,1.0,0,10982.0,18617.0,2490
101365,2024-05,2024-06,2024-07,0.0,1.0,0,31559.0,38671.0,13529
101365,2024-09,2024-10,2024-11,0.0,1.0,0,28520.0,41893.0,4052
101366,2024-03,2024-04,2024-05,0.0,1.0,0,33872.0,27481.0,45954
101366,2025-07,2025-08,2025-09,0.0,1.0,0,8552.0,33949.0,1543
101367,2024-07,2024-08,2024-09,0.0,1.0,0,26903.0,9605.0,38527
101367,2024-10,2024-11,2024-12,0.0,1.0,0,17762.0,41445.0,43989
101367,2025-06,2025-07,2025-08,0.0,1.0,0,37103.0,8259.0,12716
101368,2024-08,2024-09,2024-10,0.0,1.0,0,30355.0,10727.0,34332
101368,2024-10,2024-11,2024-12,0.0,1.0,0,34332.0,36446.0,12745
101368,2025-06,2025-07,2025-08,0.0,1.0,0,43157.0,2011.0,16052
101369,2025-10,2025-11,2025-12,0.0,1.0,0,33746.0,30039.0,43312
101370,2024-06,2024-07,2024-08,0.0,1.0,0,43190.0,47703.0,29084
101371,2024-05,2024-06,2024-07,0.0,1.0,0,7767.0,26088.0,17096
101372,2025-04,2025-05,2025-06,0.0,1.0,0,36867.0,9947.0,10358
101373,2024-07,2024-08,2024-09,0.0,1.0,0,24330.0,21712.0,8913
101373,2025-07,2025-08,2025-09,0.0,1.0,0,27170.0,42736.0,8590
101373,2025-09,2025-10,2025-11,0.0,1.0,0,8590.0,9018.0,39083
101374,2024-08,2024-09,2024-10,0.0,1.0,0,11552.0,22577.0,15267
101374,2024-11,2024-12,2025-01,0.0,1.0,0,39826.0,9407.0,31214
101374,2025-05,2025-06,2025-07,0.0,1.0,0,18668.0,5809.0,11245
101375,2024-06,2024-07,2024-08,0.0,1.0,0,10939.0,15469.0,40276
101375,2024-08,2024-09,2024-10,0.0,1.0,0,40276.0,37419.0,12777
101375,2024-11,2024-12,2025-01,0.0,1.0,0,25277.0,5741.0,8404
101375,2025-05,2025-06,2025-07,0.0,1.0,0,35286.0,36045.0,3063
101376,2024-06,2024-07,2024-08,0.0,1.0,0,18970.0,3741.0,26720
101377,2024-10,2024-11,2024-12,0.0,1.0,0,34693.0,37935.0,9549
101378,2025-05,2025-06,2025-07,0.0,1.0,0,785.0,7595.0,30125
101378,2025-09,2025-10,2025-11,0.0,1.0,0,39562.0,4871.0,24823
101379,2024-09,2024-10,2024-11,0.0,1.0,0,19808.0,37422.0,2258
101380,2024-08,2024-09,2024-10,0.0,1.0,0,22947.0,47743.0,42865
101381,2024-02,2024-03,2024-04,0.0,1.0,0,22065.0,5376.0,45637
101382,2024-02,2024-03,2024-04,0.0,1.0,0,1302.0,40068.0,45685
101382,2024-05,2024-06,2024-07,0.0,1.0,0,40094.0,46839.0,20103
101383,2024-04,2024-05,2024-06,0.0,1.0,0,45910.0,14760.0,23279
101383,2024-06,2024-07,2024-08,0.0,1.0,0,23279.0,34616.0,26064
101383,2025-06,2025-07,2025-08,0.0,1.0,0,18296.0,42742.0,399
101384,2024-09,2024-10,2024-11,0.0,1.0,0,9677.0,19008.0,33660
101384,2025-05,2025-06,2025-07,0.0,1.0,0,36074.0,9506.0,7589
101385,2024-01,2024-02,2024-03,0.0,1.0,0,41687.0,27845.0,29283
101387,2024-07,2024-08,2024-09,0.0,1.0,0,20889.0,19162.0,4543
101387,2025-05,2025-06,2025-07,0.0,1.0,0,41880.0,33562.0,8538
101388,2025-01,2025-02,2025-03,0.0,1.0,0,22689.0,35181.0,12368
101388,2025-03,2025-04,2025-05,0.0,1.0,0,12368.0,19737.0,1161
101389,2024-08,2024-09,2024-10,0.0,1.0,0,42930.0,29294.0,1975
101390,2024-07,2024-08,2024-09,0.0,1.0,0,37775.0,655.0,43310
101390,2025-01,2025-02,2025-03,0.0,1.0,0,10062.0,6991.0,41375
101391,2024-02,2024-03,2024-04,0.0,1.0,0,22209.0,45832.0,40070
101391,2024-08,2024-09,2024-10,0.0,1.0,0,13048.0,32830.0,41650
101391,2025-07,2025-08,2025-09,0.0,1.0,0,1485.0,46276.0,36239
101391,2025-10,2025-11,2025-12,0.0,1.0,0,18543.0,42170.0,33939
101392,2024-12,2025-01,2025-02,0.0,1.0,0,28530.0,4754.0,26139
101393,2024-07,2024-08,2024-09,0.0,1.0,0,17947.0,26127.0,26565
101393,2025-01,2025-02,2025-03,0.0,1.0,0,6865.0,8188.0,12175
101393,2025-09,2025-10,2025-11,0.0,1.0,0,16220.0,1391.0,42235
101394,2025-07,2025-08,2025-09,0.0,1.0,0,11414.0,38693.0,33485
101396,2025-04,2025-05,2025-06,0.0,1.0,0,18912.0,24071.0,47364
101398,2024-01,2024-02,2024-03,0.0,1.0,0,44847.0,33610.0,38251
101398,2024-06,2024-07,2024-08,0.0,1.0,0,5114.0,7543.0,5102
101398,2024-08,2024-09,2024-10,0.0,1.0,0,5102.0,37154.0,9516
101398,2025-02,2025-03,2025-04,0.0,1.0,0,9311.0,14679.0,19849
101400,2025-06,2025-07,2025-08,0.0,1.0,0,44594.0,1563.0,36673
101400,2025-08,2025-09,2025-10,0.0,1.0,0,36673.0,41999.0,24357
101401,2024-03,2024-04,2024-05,0.0,1.0,0,44728.0,45006.0,42691
101401,2024-11,2024-12,2025-01,0.0,1.0,0,6945.0,10224.0,7237
101402,2025-04,2025-05,2025-06,0.0,1.0,0,13610.0,17058.0,33314
101403,2024-07,2024-08,2024-09,0.0,1.0,0,39387.0,43936.0,12877
101404,2025-06,2025-07,2025-08,0.0,1.0,0,46260.0,39082.0,20650
101405,2024-07,2024-08,2024-09,0.0,1.0,0,45743.0,36570.0,7817
101405,2025-03,2025-04,2025-05,0.0,1.0,0,4666.0,23325.0,30766
101405,2025-05,2025-06,2025-07,0.0,1.0,0,30766.0,31819.0,5192
101405,2025-08,2025-09,2025-10,0.0,1.0,0,24179.0,7981.0,35966
101406,2024-04,2024-05,2024-06,0.0,1.0,0,15679.0,31821.0,36478
101406,2025-07,2025-08,2025-09,0.0,1.0,0,14504.0,3934.0,37075
101408,2024-02,2024-03,2024-04,0.0,1.0,0,19033.0,31606.0,40726
101408,2025-01,2025-02,2025-03,0.0,1.0,0,26747.0,37596.0,11891
101409,2024-10,2024-11,2024-12,0.0,1.0,0,42448.0,13319.0,40027
101409,2024-12,2025-01,2025-02,0.0,1.0,0,40027.0,25215.0,33008
101409,2025-04,2025-05,2025-06,0.0,1.0,0,20656.0,31279.0,21210
101409,2025-09,2025-10,2025-11,0.0,1.0,0,38311.0,35096.0,1117
101410,2024-07,2024-08,2024-09,0.0,1.0,0,36552.0,43686.0,17205
101410,2025-02,2025-03,2025-04,0.0,1.0,0,32403.0,13040.0,33224
101411,2024-08,2024-09,2024-10,0.0,1.0,0,31071.0,34105.0,1213
101411,2024-10,2024-11,2024-12,0.0,1.0,0,1213.0,16835.0,32588
101411,2024-12,2025-01,2025-02,0.0,1.0,0,32588.0,5168.0,17624
101411,2025-07,2025-08,2025-09,0.0,1.0,0,7590.0,35417.0,35917
101412,2024-03,2024-04,2024-05,0.0,1.0,0,15356.0,21501.0,40463
101412,2024-05,2024-06,2024-07,0.0,1.0,0,40463.0,31817.0,12794
101412,2024-12,2025-01,2025-02,0.0,1.0,0,38701.0,819.0,20057
101412,2025-02,2025-03,2025-04,0.0,1.0,0,20057.0,22248.0,23389
101412,2025-10,2025-11,2025-12,0.0,1.0,0,5404.0,24536.0,17160
101414,2024-05,2024-06,2024-07,0.0,1.0,0,35727.0,32545.0,36281
101414,2024-09,2024-10,2024-11,0.0,1.0,0,35282.0,8803.0,29109
101414,2024-11,2024-12,2025-01,0.0,1.0,0,29109.0,16905.0,3472
101414,2025-04,2025-05,2025-06,0.0,1.0,0,36023.0,141.0,13237
101414,2025-06,2025-07,2025-08,0.0,1.0,0,13237.0,44753.0,10164
101414,2025-10,2025-11,2025-12,0.0,1.0,0,21550.0,27890.0,23876
101415,2024-09,2024-10,2024-11,0.0,1.0,0,33514.0,48547.0,34430
101415,2025-02,2025-03,2025-04,0.0,1.0,0,36979.0,2100.0,27313
101416,2024-11,2024-12,2025-01,0.0,1.0,0,2850.0,24123.0,9975
101416,2025-01,2025-02,2025-03,0.0,1.0,0,9975.0,47802.0,26534
101416,2025-04,2025-05,2025-06,0.0,1.0,0,16627.0,19554.0,17040
101416,2025-08,2025-09,2025-10,0.0,1.0,0,36202.0,33543.0,41208
101417,2024-03,2024-04,2024-05,0.0,1.0,0,35691.0,17083.0,23095
101417,2025-06,2025-07,2025-08,0.0,1.0,0,10131.0,41176.0,41241
101418,2024-02,2024-03,2024-04,0.0,1.0,0,13094.0,35384.0,21793
101418,2025-08,2025-09,2025-10,0.0,1.0,0,34153.0,11376.0,48174
101419,2024-07,2024-08,2024-09,0.0,1.0,0,45252.0,7561.0,14252
101419,2025-05,2025-06,2025-07,0.0,1.0,0,27706.0,5206.0,39224
101420,2024-07,2024-08,2024-09,0.0,1.0,0,25522.0,25684.0,28430
101420,2025-01,2025-02,2025-03,0.0,1.0,0,36641.0,15997.0,47082
101421,2025-07,2025-08,2025-09,0.0,1.0,0,8166.0,17823.0,32808
101423,2025-04,2025-05,2025-06,0.0,1.0,0,23575.0,2606.0,24834
101424,2025-10,2025-11,2025-12,0.0,1.0,0,27912.0,716.0,33145
101425,2024-01,2024-02,2024-03,0.0,1.0,0,37388.0,3223.0,3432
101425,2024-07,2024-08,2024-09,0.0,1.0,0,34305.0,36996.0,22123
101425,2024-11,2024-12,2025-01,0.0,1.0,0,30052.0,1627.0,38954
101425,2025-01,2025-02,2025-03,0.0,1.0,0,38954.0,2491.0,37860
101426,2025-03,2025-04,2025-05,0.0,1.0,0,40717.0,14389.0,32813
101427,2024-07,2024-08,2024-09,0.0,1.0,0,20426.0,11648.0,42643
101428,2024-04,2024-05,2024-06,0.0,1.0,0,38621.0,21929.0,18876
101428,2025-02,2025-03,2025-04,0.0,1.0,0,24751.0,29849.0,29085
101428,2025-06,2025-07,2025-08,0.0,1.0,0,38739.0,46579.0,34058
101429,2024-02,2024-03,2024-04,0.0,1.0,0,17338.0,27653.0,13118
101429,2025-02,2025-03,2025-04,0.0,1.0,0,7317.0,15291.0,18772
101429,2025-05,2025-06,2025-07,0.0,1.0,0,1986.0,47725.0,42431
101431,2024-01,2024-02,2024-03,0.0,1.0,0,28915.0,21180.0,19239
101431,2024-03,2024-04,2024-05,0.0,1.0,0,19239.0,4021.0,3026
101431,2024-05,2024-06,2024-07,0.0,1.0,0,3026.0,24549.0,25827
101431,2024-08,2024-09,2024-10,0.0,1.0,0,40544.0,10171.0,17807
101431,2025-04,2025-05,2025-06,0.0,1.0,0,39831.0,22801.0,11523
101432,2024-03,2024-04,2024-05,0.0,1.0,0,4579.0,25451.0,27558
101432,2024-06,2024-07,2024-08,0.0,1.0,0,8869.0,12370.0,3417
101432,2024-10,2024-11,2024-12,0.0,1.0,0,47674.0,1304.0,46899
101432,2024-12,2025-01,2025-02,0.0,1.0,0,46899.0,36157.0,12649
101433,2024-09,2024-10,2024-11,0.0,1.0,0,47797.0,39852.0,6989
101433,2025-04,2025-05,2025-06,0.0,1.0,0,98.0,12952.0,45815
101433,2025-08,2025-09,2025-10,0.0,1.0,0,1462.0,43085.0,22598
101434,2024-01,2024-02,2024-03,0.0,1.0,0,8831.0,39665.0,12243
101434,2024-10,2024-11,2024-12,0.0,1.0,0,14475.0,34370.0,31690
101434,2025-03,2025-04,2025-05,0.0,1.0,0,37198.0,9283.0,37504
101435,2024-09,2024-10,2024-11,0.0,1.0,0,19005.0,23601.0,28434
101435,2025-02,2025-03,2025-04,0.0,1.0,0,11048.0,46829.0,10965
101436,2024-01,2024-02,2024-03,0.0,1.0,0,22023.0,46756.0,22151
101437,2024-08,2024-09,2024-10,0.0,1.0,0,12890.0,25516.0,172
101437,2025-04,2025-05,2025-06,0.0,1.0,0,42168.0,20321.0,32442
101438,2024-12,2025-01,2025-02,0.0,1.0,0,27464.0,9141.0,22970
101439,2024-04,2024-05,2024-06,0.0,1.0,0,46486.0,31705.0,32795
101439,2025-02,2025-03,2025-04,0.0,1.0,0,3443.0,22527.0,19427
101439,2025-04,2025-05,2025-06,0.0,1.0,0,19427.0,9180.0,25233
101440,2024-04,2024-05,2024-06,0.0,1.0,0,28542.0,3170.0,46166
101440,2025-03,2025-04,2025-05,0.0,1.0,0,10263.0,31143.0,28518
101441,2025-03,2025-04,2025-05,0.0,1.0,0,15495.0,42932.0,26502
101441,2025-05,2025-06,2025-07,0.0,1.0,0,26502.0,2632.0,48186
101442,2025-02,2025-03,2025-04,0.0,1.0,0,18692.0,5765.0,45078
101442,2025-04,2025-05,2025-06,0.0,1.0,0,45078.0,47959.0,37476
101442,2025-09,2025-10,2025-11,0.0,1.0,0,35221.0,27352.0,27231
101443,2024-06,2024-07,2024-08,0.0,1.0,0,32800.0,15881.0,46099
101443,2025-06,2025-07,2025-08,0.0,1.0,0,32988.0,336.0,45440
101444,2024-02,2024-03,2024-04,0.0,1.0,0,15195.0,22569.0,8407
101444,2024-12,2025-01,2025-02,0.0,1.0,0,299.0,25364.0,48133
101444,2025-03,2025-04,2025-05,0.0,1.0,0,16810.0,45267.0,47882
101445,2024-01,2024-02,2024-03,0.0,1.0,0,36171.0,703.0,8820
101445,2025-01,2025-02,2025-03,0.0,1.0,0,39237.0,30831.0,48416
101446,2025-09,2025-10,2025-11,0.0,1.0,0,31446.0,27684.0,19044
101447,2024-02,2024-03,2024-04,0.0,1.0,0,32293.0,30699.0,12186
101447,2024-06,2024-07,2024-08,0.0,1.0,0,46663.0,3966.0,34697
101448,2024-10,2024-11,2024-12,0.0,1.0,0,16415.0,15372.0,11254
101448,2025-04,2025-05,2025-06,0.0,1.0,0,2608.0,20930.0,26186
101449,2024-11,2024-12,2025-01,0.0,1.0,0,37813.0,44226.0,9640
101449,2025-08,2025-09,2025-10,0.0,1.0,0,22321.0,34403.0,2110
101450,2024-08,2024-09,2024-10,0.0,1.0,0,34957.0,32211.0,22691
101450,2024-12,2025-01,2025-02,0.0,1.0,0,6981.0,15417.0,3304
101451,2024-01,2024-02,2024-03,0.0,1.0,0,14372.0,26130.0,26974
101453,2024-01,2024-02,2024-03,0.0,1.0,0,22750.0,11531.0,30471
101453,2024-12,2025-01,2025-02,0.0,1.0,0,17344.0,40443.0,18317
101453,2025-03,2025-04,2025-05,0.0,1.0,0,24985.0,9194.0,39061
101455,2024-03,2024-04,2024-05,0.0,1.0,0,31876.0,22675.0,30927
101455,2024-12,2025-01,2025-02,0.0,1.0,0,16224.0,12743.0,10938
101457,2024-01,2024-02,2024-03,0.0,1.0,0,13267.0,19684.0,6485
101457,2024-09,2024-10,2024-11,0.0,1.0,0,31076.0,41206.0,17904
101457,2025-04,2025-05,2025-06,0.0,1.0,0,69.0,20155.0,12474
101458,2024-06,2024-07,2024-08,0.0,1.0,0,46039.0,5879.0,45430
101458,2025-02,2025-03,2025-04,0.0,1.0,0,17116.0,25104.0,37669
101459,2024-06,2024-07,2024-08,0.0,1.0,0,1582.0,24078.0,19629
101459,2025-03,2025-04,2025-05,0.0,1.0,0,13054.0,9050.0,19750
101460,2024-05,2024-06,2024-07,0.0,1.0,0,36904.0,22336.0,29513
101460,2024-12,2025-01,2025-02,0.0,1.0,0,47148.0,35625.0,27138
101460,2025-06,2025-07,2025-08,0.0,1.0,0,46553.0,35472.0,21575
101461,2024-08,2024-09,2024-10,0.0,1.0,0,32022.0,46822.0,27585
101461,2025-01,2025-02,2025-03,0.0,1.0,0,18947.0,16748.0,36302
101461,2025-10,2025-11,2025-12,0.0,1.0,0,7525.0,35019.0,30205
101462,2024-01,2024-02,2024-03,0.0,1.0,0,29471.0,5343.0,38034
101462,2024-04,2024-05,2024-06,0.0,1.0,0,2410.0,16222.0,21571
101462,2024-11,2024-12,2025-01,0.0,1.0,0,42522.0,3846.0,24548
101463,2024-01,2024-02,2024-03,0.0,1.0,0,46544.0,38155.0,47161
101463,2024-04,2024-05,2024-06,0.0,1.0,0,25306.0,19132.0,46310
101463,2024-09,2024-10,2024-11,0.0,1.0,0,39900.0,8045.0,21183
101463,2025-04,2025-05,2025-06,0.0,1.0,0,47291.0,33908.0,9428
101463,2025-07,2025-08,2025-09,0.0,1.0,0,40405.0,3792.0,41413
101464,2024-12,2025-01,2025-02,0.0,1.0,0,10180.0,8311.0,48337
101465,2024-05,2024-06,2024-07,0.0,1.0,0,31139.0,47490.0,48548
101465,2024-09,2024-10,2024-11,0.0,1.0,0,1985.0,39500.0,14352
101465,2025-08,2025-09,2025-10,0.0,1.0,0,40801.0,42626.0,8813
101466,2024-06,2024-07,2024-08,0.0,1.0,0,29489.0,42677.0,28601
101466,2024-10,2024-11,2024-12,0.0,1.0,0,16668.0,16263.0,28005
101466,2025-03,2025-04,2025-05,0.0,1.0,0,7044.0,2783.0,30224
101466,2025-09,2025-10,2025-11,0.0,1.0,0,36135.0,35123.0,24729
101467,2024-04,2024-05,2024-06,0.0,1.0,0,40326.0,7325.0,37511
101467,2025-09,2025-10,2025-11,0.0,1.0,0,14326.0,6305.0,17141
101468,2024-03,2024-04,2024-05,0.0,1.0,0,20439.0,41273.0,29186
101469,2024-03,2024-04,2024-05,0.0,1.0,0,28716.0,38387.0,20273
101469,2025-06,2025-07,2025-08,0.0,1.0,0,21358.0,39715.0,21577
101470,2024-08,2024-09,2024-10,0.0,1.0,0,10100.0,34583.0,646
101470,2025-10,2025-11,2025-12,0.0,1.0,0,16132.0,9271.0,37974
101471,2024-07,2024-08,2024-09,0.0,1.0,0,10698.0,4649.0,10637
101471,2024-10,2024-11,2024-12,0.0,1.0,0,8009.0,8889.0,2942
101471,2024-12,2025-01,2025-02,0.0,1.0,0,2942.0,4381.0,48502
101472,2024-03,2024-04,2024-05,0.0,1.0,0,29225.0,14846.0,35647
101473,2025-04,2025-05,2025-06,0.0,1.0,0,656.0,35358.0,1865
101473,2025-09,2025-10,2025-11,0.0,1.0,0,35483.0,22637.0,12847
101474,2025-01,2025-02,2025-03,0.0,1.0,0,18231.0,8028.0,41454
101474,2025-03,2025-04,2025-05,0.0,1.0,0,41454.0,32619.0,32080
101474,2025-06,2025-07,2025-08,0.0,1.0,0,42482.0,48022.0,46225
101474,2025-10,2025-11,2025-12,0.0,1.0,0,38779.0,13157.0,47510
101475,2025-05,2025-06,2025-07,0.0,1.0,0,17021.0,17090.0,30033
101476,2024-02,2024-03,2024-04,0.0,1.0,0,43664.0,698.0,34480
101477,2024-12,2025-01,2025-02,0.0,1.0,0,33421.0,43775.0,34706
101477,2025-04,2025-05,2025-06,0.0,1.0,0,37759.0,37170.0,25222
101478,2024-01,2024-02,2024-03,0.0,1.0,0,47719.0,9987.0,36987
101478,2025-03,2025-04,2025-05,0.0,1.0,0,6389.0,37784.0,7396
101478,2025-05,2025-06,2025-07,0.0,1.0,0,7396.0,40078.0,21403
101479,2025-01,2025-02,2025-03,0.0,1.0,0,36813.0,22624.0,31569
101480,2024-06,2024-07,2024-08,0.0,1.0,0,39444.0,26835.0,27184
101480,2024-10,2024-11,2024-12,0.0,1.0,0,29259.0,11605.0,25561
101480,2025-01,2025-02,2025-03,0.0,1.0,0,11354.0,7370.0,47109
101481,2024-05,2024-06,2024-07,0.0,1.0,0,16758.0,28657.0,4935
101481,2025-01,2025-02,2025-03,0.0,1.0,0,40235.0,23888.0,779
101482,2025-09,2025-10,2025-11,0.0,1.0,0,32340.0,22987.0,10694
101483,2024-08,2024-09,2024-10,0.0,1.0,0,44747.0,23254.0,47916
101483,2024-11,2024-12,2025-01,0.0,1.0,0,20654.0,17966.0,39227
101483,2025-01,2025-02,2025-03,0.0,1.0,0,39227.0,47758.0,24371
101484,2024-03,2024-04,2024-05,0.0,1.0,0,42298.0,28649.0,16894
101484,2025-06,2025-07,2025-08,0.0,1.0,0,34916.0,14295.0,6685
101485,2024-09,2024-10,2024-11,0.0,1.0,0,5922.0,32529.0,22634
101485,2025-03,2025-04,2025-05,0.0,1.0,0,23784.0,3984.0,12937
101485,2025-05,2025-06,2025-07,0.0,1.0,0,12937.0,46682.0,47222
101485,2025-07,2025-08,2025-09,0.0,1.0,0,47222.0,47121.0,14598
101486,2024-07,2024-08,2024-09,0.0,1.0,0,28283.0,11678.0,25372
101486,2025-05,2025-06,2025-07,0.0,1.0,0,36179.0,23166.0,23692
101487,2025-03,2025-04,2025-05,0.0,1.0,0,4187.0,38201.0,19391
101487,2025-06,2025-07,2025-08,0.0,1.0,0,4418.0,1676.0,36126
101488,2024-02,2024-03,2024-04,0.0,1.0,0,21866.0,8295.0,13492
101488,2024-12,2025-01,2025-02,0.0,1.0,0,1746.0,962.0,16498
101488,2025-02,2025-03,2025-04,0.0,1.0,0,16498.0,21567.0,36650
101488,2025-10,2025-11,2025-12,0.0,1.0,0,15460.0,22152.0,352
101489,2024-03,2024-04,2024-05,0.0,1.0,0,40279.0,701.0,14149
101489,2024-09,2024-10,2024-11,0.0,1.0,0,22344.0,16850.0,45881
101489,2025-01,2025-02,2025-03,0.0,1.0,0,33933.0,27428.0,42992
101489,2025-08,2025-09,2025-10,0.0,1.0,0,1510.0,12449.0,493
101491,2024-07,2024-08,2024-09,0.0,1.0,0,25725.0,24125.0,34199
101492,2024-05,2024-06,2024-07,0.0,1.0,0,14164.0,20831.0,18361
101492,2025-03,2025-04,2025-05,0.0,1.0,0,2102.0,48505.0,10119
101493,2024-04,2024-05,2024-06,0.0,1.0,0,26301.0,12979.0,42003
101493,2025-03,2025-04,2025-05,0.0,1.0,0,19515.0,34475.0,48266
101493,2025-05,2025-06,2025-07,0.0,1.0,0,48266.0,43297.0,41921
101494,2024-03,2024-04,2024-05,0.0,1.0,0,31948.0,47753.0,10353
101494,2025-08,2025-09,2025-10,0.0,1.0,0,38964.0,9075.0,9309
101495,2024-07,2024-08,2024-09,0.0,1.0,0,46144.0,26017.0,42121
101496,2024-08,2024-09,2024-10,0.0,1.0,0,2577.0,9504.0,30950
101496,2025-05,2025-06,2025-07,0.0,1.0,0,43234.0,39452.0,39973
101496,2025-09,2025-10,2025-11,0.0,1.0,0,10197.0,22990.0,5391
101497,2024-01,2024-02,2024-03,0.0,1.0,0,11085.0,8527.0,20682
101500,2024-03,2024-04,2024-05,0.0,1.0,0,9992.0,26045.0,44056
101500,2025-01,2025-02,2025-03,0.0,1.0,0,10145.0,42179.0,4558
101500,2025-04,2025-05,2025-06,0.0,1.0,0,44040.0,20711.0,18260
101500,2025-08,2025-09,2025-10,0.0,1.0,0,20016.0,12407.0,25352
101501,2024-01,2024-02,2024-03,0.0,1.0,0,1000.0,37970.0,19442
101501,2025-09,2025-10,2025-11,0.0,1.0,0,26696.0,15502.0,42260
101502,2024-10,2024-11,2024-12,0.0,1.0,0,39975.0,40913.0,23772
101502,2024-12,2025-01,2025-02,0.0,1.0,0,23772.0,15154.0,35827
101502,2025-09,2025-10,2025-11,0.0,1.0,0,12272.0,32778.0,32849
101503,2024-04,2024-05,2024-06,0.0,1.0,0,19564.0,45141.0,42261
101504,2024-03,2024-04,2024-05,0.0,1.0,0,41535.0,8000.0,33025
101504,2024-05,2024-06,2024-07,0.0,1.0,0,33025.0,239.0,36990
101504,2024-09,2024-10,2024-11,0.0,1.0,0,28909.0,42491.0,28824
101505,2024-12,2025-01,2025-02,0.0,1.0,0,17599.0,43105.0,27159
101506,2024-06,2024-07,2024-08,0.0,1.0,0,23165.0,46404.0,34230
101506,2025-06,2025-07,2025-08,0.0,1.0,0,24035.0,14647.0,6445
101507,2024-01,2024-02,2024-03,0.0,1.0,0,36905.0,46916.0,9187
101507,2024-10,2024-11,2024-12,0.0,1.0,0,47189.0,7315.0,35063
101508,2024-10,2024-11,2024-12,0.0,1.0,0,47751.0,23078.0,33162
101509,2024-10,2024-11,2024-12,0.0,1.0,0,1886.0,25885.0,33280
101509,2025-03,2025-04,2025-05,0.0,1.0,0,35703.0,33368.0,47494
101509,2025-09,2025-10,2025-11,0.0,1.0,0,33950.0,11407.0,22757
101510,2024-04,2024-05,2024-06,0.0,1.0,0,32230.0,7411.0,6813
101510,2024-10,2024-11,2024-12,0.0,1.0,0,21491.0,1309.0,47555
101512,2024-02,2024-03,2024-04,0.0,1.0,0,34571.0,4073.0,21989
101512,2025-04,2025-05,2025-06,0.0,1.0,0,47516.0,5115.0,17638
101512,2025-10,2025-11,2025-12,0.0,1.0,0,41934.0,1565.0,31904
101513,2024-09,2024-10,2024-11,0.0,1.0,0,25578.0,47511.0,32400
101514,2025-07,2025-08,2025-09,0.0,1.0,0,8703.0,32195.0,25289
101514,2025-09,2025-10,2025-11,0.0,1.0,0,25289.0,39313.0,38365
101515,2024-07,2024-08,2024-09,0.0,1.0,0,27545.0,46698.0,45560
101515,2025-08,2025-09,2025-10,0.0,1.0,0,13946.0,29058.0,16997
101516,2025-09,2025-10,2025-11,0.0,1.0,0,12831.0,16517.0,45315
101517,2024-04,2024-05,2024-06,0.0,1.0,0,47981.0,33381.0,3843
101517,2024-07,2024-08,2024-09,0.0,1.0,0,30361.0,12231.0,8893
101517,2024-09,2024-10,2024-11,0.0,1.0,0,8893.0,43886.0,43949
101517,2025-02,2025-03,2025-04,0.0,1.0,0,10967.0,10282.0,9587
101518,2024-12,2025-01,2025-02,0.0,1.0,0,40002.0,47349.0,31323
101519,2024-08,2024-09,2024-10,0.0,1.0,0,25213.0,39798.0,17550
101519,2024-10,2024-11,2024-12,0.0,1.0,0,17550.0,12599.0,45159
101520,2024-04,2024-05,2024-06,0.0,1.0,0,61.0,42185.0,39392
101521,2024-04,2024-05,2024-06,0.0,1.0,0,10792.0,38876.0,25817
101522,2024-03,2024-04,2024-05,0.0,1.0,0,1361.0,26912.0,47773
101522,2025-06,2025-07,2025-08,0.0,1.0,0,46323.0,23904.0,6029
101523,2024-02,2024-03,2024-04,0.0,1.0,0,35528.0,26077.0,22219
101523,2024-06,2024-07,2024-08,0.0,1.0,0,8728.0,15357.0,39719
101523,2024-08,2024-09,2024-10,0.0,1.0,0,39719.0,30032.0,15597
101523,2025-01,2025-02,2025-03,0.0,1.0,0,14505.0,46677.0,32376
101523,2025-03,2025-04,2025-05,0.0,1.0,0,32376.0,29563.0,21188
101524,2024-03,2024-04,2024-05,0.0,1.0,0,38403.0,37610.0,13827
101524,2024-07,2024-08,2024-09,0.0,1.0,0,682.0,33882.0,30746
101524,2024-09,2024-10,2024-11,0.0,1.0,0,30746.0,368.0,41419
101524,2025-05,2025-06,2025-07,0.0,1.0,0,24786.0,26820.0,29666
101525,2025-07,2025-08,2025-09,0.0,1.0,0,13578.0,5342.0,25751
101526,2024-09,2024-10,2024-11,0.0,1.0,0,13424.0,21948.0,31441
101526,2025-03,2025-04,2025-05,0.0,1.0,0,42981.0,3553.0,26244
101526,2025-05,2025-06,2025-07,0.0,1.0,0,26244.0,11933.0,9631
101526,2025-08,2025-09,2025-10,0.0,1.0,0,17121.0,2927.0,33115
101527,2024-05,2024-06,2024-07,0.0,1.0,0,24504.0,7313.0,16021
101527,2024-07,2024-08,2024-09,0.0,1.0,0,16021.0,22854.0,43038
101527,2025-02,2025-03,2025-04,0.0,1.0,0,48520.0,31190.0,46940
101528,2024-06,2024-07,2024-08,0.0,1.0,0,40736.0,11472.0,23285
101529,2024-02,2024-03,2024-04,0.0,1.0,0,35315.0,24732.0,10891
101529,2024-04,2024-05,2024-06,0.0,1.0,0,10891.0,3077.0,7198
101529,2024-12,2025-01,2025-02,0.0,1.0,0,23137.0,38912.0,28574
101531,2024-02,2024-03,2024-04,0.0,1.0,0,45003.0,40732.0,5982
101531,2025-06,2025-07,2025-08,0.0,1.0,0,31175.0,5676.0,1897
101532,2024-07,2024-08,2024-09,0.0,1.0,0,20085.0,30253.0,47664
101532,2025-04,2025-05,2025-06,0.0,1.0,0,40141.0,11309.0,11560
101533,2024-09,2024-10,2024-11,0.0,1.0,0,13300.0,30740.0,26464
101533,2024-11,2024-12,2025-01,0.0,1.0,0,26464.0,22077.0,30995
101533,2025-10,2025-11,2025-12,0.0,1.0,0,7652.0,44307.0,18774
101534,2024-06,2024-07,2024-08,0.0,1.0,0,27148.0,18302.0,35676
101534,2025-04,2025-05,2025-06,0.0,1.0,0,8873.0,8910.0,13687
101534,2025-06,2025-07,2025-08,0.0,1.0,0,13687.0,22057.0,610
101535,2024-08,2024-09,2024-10,0.0,1.0,0,36353.0,32516.0,15342
101535,2024-12,2025-01,2025-02,0.0,1.0,0,12723.0,27247.0,41145
101536,2024-06,2024-07,2024-08,0.0,1.0,0,46431.0,20108.0,21589
101537,2024-02,2024-03,2024-04,0.0,1.0,0,20563.0,28255.0,32647
101537,2024-07,2024-08,2024-09,0.0,1.0,0,17949.0,7866.0,4279
101537,2024-10,2024-11,2024-12,0.0,1.0,0,17240.0,1410.0,33817
101538,2024-03,2024-04,2024-05,0.0,1.0,0,8320.0,5240.0,35086
101539,2024-04,2024-05,2024-06,0.0,1.0,0,4411.0,16532.0,39607
101539,2025-06,2025-07,2025-08,0.0,1.0,0,35629.0,41943.0,14327
101540,2024-01,2024-02,2024-03,0.0,1.0,0,40194.0,14260.0,26081
101540,2025-08,2025-09,2025-10,0.0,1.0,0,11275.0,31848.0,27320
101541,2024-05,2024-06,2024-07,0.0,1.0,0,14610.0,30421.0,24373
101541,2024-09,2024-10,2024-11,0.0,1.0,0,37391.0,9617.0,26861
101541,2025-10,2025-11,2025-12,0.0,1.0,0,24586.0,22756.0,42721
101542,2024-07,2024-08,2024-09,0.0,1.0,0,33051.0,35209.0,25078
101542,2024-11,2024-12,2025-01,0.0,1.0,0,39990.0,35982.0,16851
101542,2025-01,2025-02,2025-03,0.0,1.0,0,16851.0,30011.0,27594
101542,2025-04,2025-05,2025-06,0.0,1.0,0,25614.0,43695.0,33113
101542,2025-06,2025-07,2025-08,0.0,1.0,0,33113.0,30194.0,39618
101542,2025-10,2025-11,2025-12,0.0,1.0,0,11676.0,26072.0,8260
101543,2024-11,2024-12,2025-01,0.0,1.0,0,21892.0,127.0,29756
101543,2025-05,2025-06,2025-07,0.0,1.0,0,18221.0,1689.0,20059
101544,2024-04,2024-05,2024-06,0.0,1.0,0,1537.0,4349.0,31905
101544,2025-10,2025-11,2025-12,0.0,1.0,0,43093.0,18252.0,44250
101546,2024-04,2024-05,2024-06,0.0,1.0,0,48175.0,39135.0,8455
101546,2024-09,2024-10,2024-11,0.0,1.0,0,40556.0,36414.0,11355
101547,2024-09,2024-10,2024-11,0.0,1.0,0,24112.0,4840.0,9555
101547,2025-03,2025-04,2025-05,0.0,1.0,0,21643.0,24542.0,4980
101548,2024-01,2024-02,2024-03,0.0,1.0,0,4139.0,26404.0,5993
101548,2025-04,2025-05,2025-06,0.0,1.0,0,37405.0,7941.0,43338
101549,2024-03,2024-04,2024-05,0.0,1.0,0,37738.0,1669.0,26166
101549,2025-06,2025-07,2025-08,0.0,1.0,0,2017.0,25370.0,36290
101549,2025-08,2025-09,2025-10,0.0,1.0,0,36290.0,16622.0,226
101550,2024-03,2024-04,2024-05,0.0,1.0,0,29232.0,27918.0,10480
101550,2024-09,2024-10,2024-11,0.0,1.0,0,24528.0,4309.0,8634
101550,2025-08,2025-09,2025-10,0.0,1.0,0,1922.0,38297.0,14737
101550,2025-10,2025-11,2025-12,0.0,1.0,0,14737.0,22385.0,42738
101551,2024-12,2025-01,2025-02,0.0,1.0,0,6722.0,28711.0,16929
101552,2024-05,2024-06,2024-07,0.0,1.0,0,14277.0,7692.0,36676
101552,2024-08,2024-09,2024-10,0.0,1.0,0,40527.0,38998.0,40538
101552,2025-01,2025-02,2025-03,0.0,1.0,0,21296.0,27424.0,40140
101552,2025-09,2025-10,2025-11,0.0,1.0,0,20627.0,44248.0,40551
101553,2025-04,2025-05,2025-06,0.0,1.0,0,39667.0,14222.0,1212
101553,2025-08,2025-09,2025-10,0.0,1.0,0,39074.0,2290.0,4915
101554,2024-02,2024-03,2024-04,0.0,1.0,0,42419.0,15556.0,4599
101554,2024-07,2024-08,2024-09,0.0,1.0,0,21852.0,34874.0,48544
101554,2024-09,2024-10,2024-11,0.0,1.0,0,48544.0,5227.0,37314
101554,2025-07,2025-08,2025-09,0.0,1.0,0,46941.0,28451.0,1085
101554,2025-10,2025-11,2025-12,0.0,1.0,0,41775.0,26786.0,7756
101555,2024-01,2024-02,2024-03,0.0,1.0,0,47461.0,21905.0,11244
101555,2025-02,2025-03,2025-04,0.0,1.0,0,40856.0,26422.0,13068
101555,2025-06,2025-07,2025-08,0.0,1.0,0,4493.0,37250.0,44511
101556,2024-03,2024-04,2024-05,0.0,1.0,0,2409.0,30435.0,38459
101556,2025-01,2025-02,2025-03,0.0,1.0,0,23714.0,25818.0,15864
101557,2024-05,2024-06,2024-07,0.0,1.0,0,35794.0,20699.0,4683
101557,2025-04,2025-05,2025-06,0.0,1.0,0,6817.0,21792.0,4390
101558,2025-01,2025-02,2025-03,0.0,1.0,0,30942.0,30787.0,4014
101558,2025-03,2025-04,2025-05,0.0,1.0,0,4014.0,3795.0,20996
101558,2025-06,2025-07,2025-08,0.0,1.0,0,27298.0,7563.0,5384
101559,2024-11,2024-12,2025-01,0.0,1.0,0,2099.0,17837.0,3040
101559,2025-07,2025-08,2025-09,0.0,1.0,0,15465.0,2181.0,34809
101560,2025-04,2025-05,2025-06,0.0,1.0,0,5840.0,26564.0,20685
101561,2024-11,2024-12,2025-01,0.0,1.0,0,15266.0,8306.0,8343
101561,2025-09,2025-10,2025-11,0.0,1.0,0,35518.0,12185.0,31776
101562,2024-01,2024-02,2024-03,0.0,1.0,0,2466.0,45642.0,19125
101563,2024-01,2024-02,2024-03,0.0,1.0,0,8132.0,15177.0,33096
101563,2025-07,2025-08,2025-09,0.0,1.0,0,30405.0,21186.0,39802
101563,2025-10,2025-11,2025-12,0.0,1.0,0,23813.0,16624.0,41187
101564,2025-09,2025-10,2025-11,0.0,1.0,0,26872.0,30279.0,7098
101565,2024-05,2024-06,2024-07,0.0,1.0,0,43711.0,31287.0,45785
101566,2024-07,2024-08,2024-09,0.0,1.0,0,11743.0,13359.0,8117
101566,2025-02,2025-03,2025-04,0.0,1.0,0,22880.0,40956.0,27626
101567,2024-11,2024-12,2025-01,0.0,1.0,0,6078.0,2844.0,40731
101567,2025-02,2025-03,2025-04,0.0,1.0,0,25270.0,40180.0,21776
101567,2025-05,2025-06,2025-07,0.0,1.0,0,10041.0,27778.0,39091
101569,2024-07,2024-08,2024-09,0.0,1.0,0,17126.0,33059.0,37114
101569,2024-11,2024-12,2025-01,0.0,1.0,0,28662.0,42043.0,41339
101569,2025-03,2025-04,2025-05,0.0,1.0,0,44509.0,18462.0,48173
101570,2025-01,2025-02,2025-03,0.0,1.0,0,1494.0,27877.0,27819
101571,2024-09,2024-10,2024-11,0.0,1.0,0,34023.0,23946.0,23703
101571,2025-03,2025-04,2025-05,0.0,1.0,0,405.0,43189.0,38477
101572,2025-03,2025-04,2025-05,0.0,1.0,0,37116.0,30344.0,3561
101572,2025-06,2025-07,2025-08,0.0,1.0,0,6684.0,25385.0,41677
101573,2024-01,2024-02,2024-03,0.0,1.0,0,5136.0,3292.0,35539
101573,2024-05,2024-06,2024-07,0.0,1.0,0,14844.0,2702.0,14747
101573,2025-04,2025-05,2025-06,0.0,1.0,0,9055.0,183.0,17738
101574,2024-11,2024-12,2025-01,0.0,1.0,0,9843.0,34582.0,10925
101574,2025-03,2025-04,2025-05,0.0,1.0,0,10243.0,15285.0,5681
101575,2024-03,2024-04,2024-05,0.0,1.0,0,21245.0,4535.0,1807
101575,2025-07,2025-08,2025-09,0.0,1.0,0,33058.0,26062.0,14146
101576,2025-02,2025-03,2025-04,0.0,1.0,0,25936.0,40775.0,17149
101577,2024-03,2024-04,2024-05,0.0,1.0,0,23604.0,40697.0,7459
101577,2025-01,2025-02,2025-03,0.0,1.0,0,31351.0,2660.0,13712
101577,2025-04,2025-05,2025-06,0.0,1.0,0,36581.0,33405.0,29360
101578,2025-05,2025-06,2025-07,0.0,1.0,0,27489.0,18948.0,1772
101578,2025-08,2025-09,2025-10,0.0,1.0,0,37144.0,19898.0,19542
101579,2024-04,2024-05,2024-06,0.0,1.0,0,22698.0,376.0,15589
101580,2024-02,2024-03,2024-04,0.0,1.0,0,3648.0,17666.0,18494
101580,2024-05,2024-06,2024-07,0.0,1.0,0,8817.0,21304.0,23699
101580,2025-01,2025-02,2025-03,0.0,1.0,0,10032.0,5483.0,26104
101581,2024-05,2024-06,2024-07,0.0,1.0,0,28926.0,41144.0,7081
101581,2025-03,2025-04,2025-05,0.0,1.0,0,32106.0,4051.0,19709
101581,2025-09,2025-10,2025-11,0.0,1.0,0,46104.0,10034.0,29834
101582,2024-07,2024-08,2024-09,0.0,1.0,0,5434.0,37836.0,4719
101582,2025-02,2025-03,2025-04,0.0,1.0,0,14645.0,2523.0,31770
101583,2024-09,2024-10,2024-11,0.0,1.0,0,46021.0,121.0,17168
101584,2024-07,2024-08,2024-09,0.0,1.0,0,40118.0,42207.0,20390
101584,2024-11,2024-12,2025-01,0.0,1.0,0,33810.0,45474.0,3954
101584,2025-04,2025-05,2025-06,0.0,1.0,0,23878.0,42330.0,19784
101585,2024-12,2025-01,2025-02,0.0,1.0,0,26091.0,21937.0,44171
101587,2025-01,2025-02,2025-03,0.0,1.0,0,34737.0,31668.0,39898
101587,2025-04,2025-05,2025-06,0.0,1.0,0,42746.0,16273.0,16450
101587,2025-07,2025-08,2025-09,0.0,1.0,0,8185.0,16311.0,39496
101588,2024-10,2024-11,2024-12,0.0,1.0,0,16469.0,22648.0,36989
101588,2025-01,2025-02,2025-03,0.0,1.0,0,40215.0,23249.0,24849
101589,2024-01,2024-02,2024-03,0.0,1.0,0,26509.0,26317.0,29984
101589,2024-09,2024-10,2024-11,0.0,1.0,0,39704.0,17969.0,19769
101589,2025-05,2025-06,2025-07,0.0,1.0,0,37467.0,46704.0,40576
101589,2025-10,2025-11,2025-12,0.0,1.0,0,3870.0,43650.0,24359
101590,2024-06,2024-07,2024-08,0.0,1.0,0,48349.0,41843.0,13893
101591,2024-10,2024-11,2024-12,0.0,1.0,0,46765.0,5634.0,27077
101591,2024-12,2025-01,2025-02,0.0,1.0,0,27077.0,15216.0,7648
101592,2024-03,2024-04,2024-05,0.0,1.0,0,34622.0,8401.0,42792
101592,2025-02,2025-03,2025-04,0.0,1.0,0,19704.0,27909.0,38870
101592,2025-05,2025-06,2025-07,0.0,1.0,0,17871.0,10040.0,9266
101593,2024-05,2024-06,2024-07,0.0,1.0,0,22502.0,28290.0,7079
101593,2025-03,2025-04,2025-05,0.0,1.0,0,7296.0,21973.0,20094
101593,2025-08,2025-09,2025-10,0.0,1.0,0,16171.0,11880.0,34558
101594,2024-05,2024-06,2024-07,0.0,1.0,0,20112.0,45558.0,14155
101595,2024-04,2024-05,2024-06,0.0,1.0,0,39357.0,16709.0,32785
101595,2024-10,2024-11,2024-12,0.0,1.0,0,3858.0,14869.0,3650
101595,2025-01,2025-02,2025-03,0.0,1.0,0,12879.0,10686.0,16792
101595,2025-04,2025-05,2025-06,0.0,1.0,0,7175.0,9478.0,13772
101596,2024-06,2024-07,2024-08,0.0,1.0,0,45884.0,22277.0,13779
101596,2025-04,2025-05,2025-06,0.0,1.0,0,8798.0,1638.0,43737
101597,2024-04,2024-05,2024-06,0.0,1.0,0,32383.0,36956.0,8930
101597,2024-11,2024-12,2025-01,0.0,1.0,0,45987.0,32792.0,19354
101597,2025-02,2025-03,2025-04,0.0,1.0,0,38906.0,42844.0,12290
101598,2024-02,2024-03,2024-04,0.0,1.0,0,8742.0,5556.0,16695
101598,2024-09,2024-10,2024-11,0.0,1.0,0,23999.0,27139.0,41985
101599,2024-01,2024-02,2024-03,0.0,1.0,0,17037.0,46933.0,38381
101599,2024-05,2024-06,2024-07,0.0,1.0,0,40651.0,31494.0,2076
101599,2024-11,2024-12,2025-01,0.0,1.0,0,33377.0,25449.0,42652
101600,2024-08,2024-09,2024-10,0.0,1.0,0,21888.0,23653.0,23600
101600,2025-05,2025-06,2025-07,0.0,1.0,0,35420.0,29454.0,46157
101600,2025-07,2025-08,2025-09,0.0,1.0,0,46157.0,18699.0,40472
101601,2024-06,2024-07,2024-08,0.0,1.0,0,41461.0,43896.0,31516
101601,2024-09,2024-10,2024-11,0.0,1.0,0,35654.0,851.0,10508
101601,2024-11,2024-12,2025-01,0.0,1.0,0,10508.0,36154.0,24124
101601,2025-03,2025-04,2025-05,0.0,1.0,0,4053.0,22652.0,37983
101601,2025-05,2025-06,2025-07,0.0,1.0,0,37983.0,11491.0,7546
101602,2024-09,2024-10,2024-11,0.0,1.0,0,7001.0,23551.0,32515
101604,2024-06,2024-07,2024-08,0.0,1.0,0,23129.0,18277.0,43206
101605,2025-05,2025-06,2025-07,0.0,1.0,0,2758.0,17740.0,26015
101606,2024-11,2024-12,2025-01,0.0,1.0,0,31700.0,7253.0,48150
101606,2025-06,2025-07,2025-08,0.0,1.0,0,2656.0,6464.0,43872
101606,2025-08,2025-09,2025-10,0.0,1.0,0,43872.0,29491.0,32942
101607,2024-03,2024-04,2024-05,0.0,1.0,0,33482.0,29293.0,8282
101607,2024-06,2024-07,2024-08,0.0,1.0,0,16519.0,15896.0,15753
101607,2025-04,2025-05,2025-06,0.0,1.0,0,17094.0,39102.0,19288
101608,2024-02,2024-03,2024-04,0.0,1.0,0,37246.0,9636.0,20832
101608,2024-07,2024-08,2024-09,0.0,1.0,0,9840.0,25864.0,6622
101608,2024-11,2024-12,2025-01,0.0,1.0,0,40867.0,26646.0,44545
101608,2025-06,2025-07,2025-08,0.0,1.0,0,41351.0,2053.0,33255
101608,2025-08,2025-09,2025-10,0.0,1.0,0,33255.0,36891.0,39434
101609,2024-08,2024-09,2024-10,0.0,1.0,0,4570.0,48312.0,25947
101609,2024-10,2024-11,2024-12,0.0,1.0,0,25947.0,26900.0,13023
101609,2025-07,2025-08,2025-09,0.0,1.0,0,38826.0,38030.0,22306
101610,2024-01,2024-02,2024-03,0.0,1.0,0,39121.0,14716.0,5164
101610,2024-09,2024-10,2024-11,0.0,1.0,0,30792.0,5696.0,20350
101611,2024-05,2024-06,2024-07,0.0,1.0,0,32577.0,26434.0,28667
101611,2024-10,2024-11,2024-12,0.0,1.0,0,43574.0,24673.0,42553
101611,2025-07,2025-08,2025-09,0.0,1.0,0,46862.0,820.0,39876
101612,2025-04,2025-05,2025-06,0.0,1.0,0,13773.0,21812.0,1971
101612,2025-07,2025-08,2025-09,0.0,1.0,0,26633.0,35066.0,4500
101613,2024-01,2024-02,2024-03,0.0,1.0,0,48017.0,13980.0,34547
101613,2024-05,2024-06,2024-07,0.0,1.0,0,47497.0,21759.0,15009
101613,2024-08,2024-09,2024-10,0.0,1.0,0,106.0,35900.0,30658
101613,2025-10,2025-11,2025-12,0.0,1.0,0,18086.0,30528.0,12301
101614,2025-04,2025-05,2025-06,0.0,1.0,0,14411.0,40749.0,29908
101615,2025-04,2025-05,2025-06,0.0,1.0,0,37571.0,12216.0,6780
101616,2025-07,2025-08,2025-09,0.0,1.0,0,7698.0,32447.0,18133
101616,2025-09,2025-10,2025-11,0.0,1.0,0,18133.0,4273.0,18760
101617,2024-09,2024-10,2024-11,0.0,1.0,0,26214.0,24422.0,4399
101617,2025-03,2025-04,2025-05,0.0,1.0,0,30809.0,24788.0,46826
101618,2024-08,2024-09,2024-10,0.0,1.0,0,43148.0,17.0,34573
101619,2024-04,2024-05,2024-06,0.0,1.0,0,22611.0,33151.0,213
101620,2024-03,2024-04,2024-05,0.0,1.0,0,12983.0,31457.0,38455
101620,2024-07,2024-08,2024-09,0.0,1.0,0,33418.0,48255.0,23617
101621,2024-10,2024-11,2024-12,0.0,1.0,0,14537.0,25624.0,29822
101621,2025-09,2025-10,2025-11,0.0,1.0,0,31939.0,18747.0,22020
101622,2025-01,2025-02,2025-03,0.0,1.0,0,29410.0,38383.0,43293
101622,2025-05,2025-06,2025-07,0.0,1.0,0,2285.0,8255.0,47711
101623,2024-07,2024-08,2024-09,0.0,1.0,0,31486.0,28821.0,45417
101623,2025-05,2025-06,2025-07,0.0,1.0,0,3344.0,3016.0,43771
101623,2025-07,2025-08,2025-09,0.0,1.0,0,43771.0,24253.0,12359
101624,2025-09,2025-10,2025-11,0.0,1.0,0,17209.0,372.0,18793
101626,2024-06,2024-07,2024-08,0.0,1.0,0,41965.0,9031.0,44815
101626,2025-04,2025-05,2025-06,0.0,1.0,0,27190.0,43777.0,4154
101626,2025-09,2025-10,2025-11,0.0,1.0,0,21778.0,4653.0,39197
101627,2025-03,2025-04,2025-05,0.0,1.0,0,9405.0,16264.0,40207
101627,2025-08,2025-09,2025-10,0.0,1.0,0,17203.0,45447.0,5584
101628,2024-01,2024-02,2024-03,0.0,1.0,0,26774.0,14557.0,33963
101628,2025-03,2025-04,2025-05,0.0,1.0,0,40450.0,13657.0,35415
101628,2025-07,2025-08,2025-09,0.0,1.0,0,42846.0,36539.0,20419
101629,2024-02,2024-03,2024-04,0.0,1.0,0,39209.0,8604.0,48565
101629,2024-10,2024-11,2024-12,0.0,1.0,0,18017.0,3805.0,16070
101629,2025-01,2025-02,2025-03,0.0,1.0,0,12466.0,8807.0,35613
101629,2025-07,2025-08,2025-09,0.0,1.0,0,19218.0,25829.0,25571
101629,2025-10,2025-11,2025-12,0.0,1.0,0,5841.0,36749.0,20327
101630,2024-11,2024-12,2025-01,0.0,1.0,0,44936.0,38794.0,28344
101631,2024-02,2024-03,2024-04,0.0,1.0,0,1983.0,20537.0,1172
101631,2025-08,2025-09,2025-10,0.0,1.0,0,38037.0,8274.0,4673
101632,2024-10,2024-11,2024-12,0.0,1.0,0,43818.0,37819.0,28167
101632,2025-04,2025-05,2025-06,0.0,1.0,0,46751.0,12346.0,11047
101632,2025-06,2025-07,2025-08,0.0,1.0,0,11047.0,17622.0,48235
101633,2024-09,2024-10,2024-11,0.0,1.0,0,17923.0,8591.0,25380
101634,2024-01,2024-02,2024-03,0.0,1.0,0,12240.0,14026.0,26598
101634,2024-04,2024-05,2024-06,0.0,1.0,0,44178.0,27655.0,30759
101634,2025-06,2025-07,2025-08,0.0,1.0,0,21925.0,35396.0,16689
101636,2024-10,2024-11,2024-12,0.0,1.0,0,22700.0,1645.0,30918
101636,2025-01,2025-02,2025-03,0.0,1.0,0,2839.0,30847.0,23015
101636,2025-06,2025-07,2025-08,0.0,1.0,0,18561.0,38614.0,23649
101637,2024-08,2024-09,2024-10,0.0,1.0,0,42816.0,44253.0,19378
101637,2025-04,2025-05,2025-06,0.0,1.0,0,30749.0,21862.0,7564
101637,2025-08,2025-09,2025-10,0.0,1.0,0,6483.0,22173.0,808
101637,2025-10,2025-11,2025-12,0.0,1.0,0,808.0,15669.0,4297
101638,2024-03,2024-04,2024-05,0.0,1.0,0,11511.0,28471.0,5605
101638,2024-06,2024-07,2024-08,0.0,1.0,0,29663.0,15578.0,36147
101638,2025-10,2025-11,2025-12,0.0,1.0,0,37760.0,12587.0,41338
101639,2024-02,2024-03,2024-04,0.0,1.0,0,21026.0,34638.0,11208
101639,2024-04,2024-05,2024-06,0.0,1.0,0,11208.0,18001.0,10136
101639,2024-07,2024-08,2024-09,0.0,1.0,0,29221.0,43555.0,1015
101639,2024-12,2025-01,2025-02,0.0,1.0,0,45895.0,42206.0,25637
101639,2025-04,2025-05,2025-06,0.0,1.0,0,30164.0,48138.0,19788
101639,2025-07,2025-08,2025-09,0.0,1.0,0,35895.0,34001.0,6272
101640,2025-07,2025-08,2025-09,0.0,1.0,0,46858.0,20834.0,21640
101641,2024-06,2024-07,2024-08,0.0,1.0,0,1107.0,10304.0,7210
101641,2025-07,2025-08,2025-09,0.0,1.0,0,42666.0,21592.0,24120
101641,2025-10,2025-11,2025-12,0.0,1.0,0,45794.0,37488.0,4845
101642,2025-02,2025-03,2025-04,0.0,1.0,0,28035.0,1994.0,5907
101642,2025-10,2025-11,2025-12,0.0,1.0,0,13234.0,10313.0,8490
101643,2024-04,2024-05,2024-06,0.0,1.0,0,1978.0,42598.0,19876
101643,2025-09,2025-10,2025-11,0.0,1.0,0,12033.0,1125.0,38377
101644,2024-04,2024-05,2024-06,0.0,1.0,0,30917.0,36535.0,19817
101644,2025-04,2025-05,2025-06,0.0,1.0,0,15663.0,18686.0,4795
101645,2024-06,2024-07,2024-08,0.0,1.0,0,47129.0,23873.0,42023
101646,2024-01,2024-02,2024-03,0.0,1.0,0,27088.0,4648.0,22785
101646,2025-05,2025-06,2025-07,0.0,1.0,0,17184.0,2923.0,45932
101647,2024-02,2024-03,2024-04,0.0,1.0,0,34108.0,9781.0,20618
101647,2024-10,2024-11,2024-12,0.0,1.0,0,45167.0,43047.0,2644
101648,2025-09,2025-10,2025-11,0.0,1.0,0,28916.0,46785.0,46519
101649,2025-07,2025-08,2025-09,0.0,1.0,0,46029.0,21646.0,2330
101651,2024-02,2024-03,2024-04,0.0,1.0,0,6241.0,4158.0,9537
101653,2024-07,2024-08,2024-09,0.0,1.0,0,1330.0,1177.0,20300
101653,2025-07,2025-08,2025-09,0.0,1.0,0,20805.0,2459.0,18369
101654,2024-06,2024-07,2024-08,0.0,1.0,0,19085.0,371.0,44588
101655,2024-06,2024-07,2024-08,0.0,1.0,0,18226.0,46570.0,37665
101656,2024-03,2024-04,2024-05,0.0,1.0,0,8071.0,43733.0,9376
101656,2025-01,2025-02,2025-03,0.0,1.0,0,33827.0,5118.0,30393
101656,2025-03,2025-04,2025-05,0.0,1.0,0,30393.0,46017.0,26070
101657,2024-05,2024-06,2024-07,0.0,1.0,0,27602.0,30185.0,21635
101657,2025-06,2025-07,2025-08,0.0,1.0,0,43352.0,10842.0,21845
101658,2025-02,2025-03,2025-04,0.0,1.0,0,12121.0,21751.0,21249
101659,2024-04,2024-05,2024-06,0.0,1.0,0,42661.0,7907.0,6932
101659,2024-06,2024-07,2024-08,0.0,1.0,0,6932.0,40621.0,9908
101659,2025-04,2025-05,2025-06,0.0,1.0,0,6583.0,21794.0,45901
101660,2024-06,2024-07,2024-08,0.0,1.0,0,1160.0,39425.0,46396
101660,2025-02,2025-03,2025-04,0.0,1.0,0,3071.0,25124.0,31520
101661,2024-09,2024-10,2024-11,0.0,1.0,0,36140.0,14756.0,36998
101661,2025-05,2025-06,2025-07,0.0,1.0,0,3621.0,5062.0,40637
101661,2025-10,2025-11,2025-12,0.0,1.0,0,11642.0,41917.0,46274
101662,2024-02,2024-03,2024-04,0.0,1.0,0,16549.0,12874.0,31675
101662,2024-04,2024-05,2024-06,0.0,1.0,0,31675.0,7497.0,30709
101662,2025-04,2025-05,2025-06,0.0,1.0,0,4151.0,26085.0,15708
101663,2024-02,2024-03,2024-04,0.0,1.0,0,27001.0,15992.0,25358
101663,2025-06,2025-07,2025-08,0.0,1.0,0,36216.0,14317.0,4983
101665,2024-05,2024-06,2024-07,0.0,1.0,0,31408.0,22705.0,15847
101665,2025-01,2025-02,2025-03,0.0,1.0,0,41480.0,26385.0,28510
101665,2025-03,2025-04,2025-05,0.0,1.0,0,28510.0,29161.0,20192
101666,2024-02,2024-03,2024-04,0.0,1.0,0,34811.0,44632.0,12045
101666,2024-04,2024-05,2024-06,0.0,1.0,0,12045.0,33722.0,23097
101666,2024-09,2024-10,2024-11,0.0,1.0,0,26324.0,10795.0,34614
101666,2025-03,2025-04,2025-05,0.0,1.0,0,35532.0,36450.0,47311
101668,2025-01,2025-02,2025-03,0.0,1.0,0,47486.0,21376.0,33577
101668,2025-09,2025-10,2025-11,0.0,1.0,0,37987.0,104.0,42156
101669,2024-04,2024-05,2024-06,0.0,1.0,0,24517.0,33832.0,45441
101669,2024-09,2024-10,2024-11,0.0,1.0,0,40110.0,29383.0,28683
101670,2024-02,2024-03,2024-04,0.0,1.0,0,40795.0,33646.0,40730
101670,2024-09,2024-10,2024-11,0.0,1.0,0,41065.0,10752.0,2135
101670,2025-06,2025-07,2025-08,0.0,1.0,0,21391.0,21877.0,5881
101671,2024-07,2024-08,2024-09,0.0,1.0,0,7012.0,16015.0,11963
101671,2024-09,2024-10,2024-11,0.0,1.0,0,11963.0,16898.0,7181
101671,2024-11,2024-12,2025-01,0.0,1.0,0,7181.0,9752.0,7993
101671,2025-01,2025-02,2025-03,0.0,1.0,0,7993.0,19069.0,29768
101672,2024-04,2024-05,2024-06,0.0,1.0,0,30697.0,27127.0,4047
101672,2025-05,2025-06,2025-07,0.0,1.0,0,5413.0,30188.0,3699
101673,2024-05,2024-06,2024-07,0.0,1.0,0,1664.0,17214.0,32089
101673,2025-02,2025-03,2025-04,0.0,1.0,0,28198.0,14084.0,35608
101673,2025-07,2025-08,2025-09,0.0,1.0,0,38995.0,30463.0,38212
101673,2025-09,2025-10,2025-11,0.0,1.0,0,38212.0,4251.0,42687
101674,2024-01,2024-02,2024-03,0.0,1.0,0,38534.0,47789.0,13695
101674,2024-09,2024-10,2024-11,0.0,1.0,0,39457.0,33871.0,17303
101674,2025-01,2025-02,2025-03,0.0,1.0,0,3151.0,41721.0,27037
101674,2025-06,2025-07,2025-08,0.0,1.0,0,40488.0,25218.0,33522
101674,2025-09,2025-10,2025-11,0.0,1.0,0,1765.0,27317.0,37171
101675,2024-09,2024-10,2024-11,0.0,1.0,0,1005.0,10763.0,25765
101675,2025-03,2025-04,2025-05,0.0,1.0,0,11186.0,47653.0,13284
101676,2024-01,2024-02,2024-03,0.0,1.0,0,22414.0,5974.0,43434
101676,2024-05,2024-06,2024-07,0.0,1.0,0,35269.0,3033.0,31674
101676,2024-08,2024-09,2024-10,0.0,1.0,0,36489.0,46815.0,47003
101676,2024-12,2025-01,2025-02,0.0,1.0,0,15946.0,8015.0,47607
101676,2025-02,2025-03,2025-04,0.0,1.0,0,47607.0,38043.0,44122
101676,2025-06,2025-07,2025-08,0.0,1.0,0,33074.0,7862.0,22293
101677,2025-04,2025-05,2025-06,0.0,1.0,0,20859.0,24231.0,13045
101677,2025-06,2025-07,2025-08,0.0,1.0,0,13045.0,24699.0,44666
101678,2025-02,2025-03,2025-04,0.0,1.0,0,30190.0,13812.0,2279
101679,2025-03,2025-04,2025-05,0.0,1.0,0,37141.0,31898.0,1973
101680,2024-04,2024-05,2024-06,0.0,1.0,0,11257.0,16338.0,28557
101680,2024-07,2024-08,2024-09,0.0,1.0,0,43011.0,29534.0,17661
101680,2025-04,2025-05,2025-06,0.0,1.0,0,42368.0,20337.0,16284
101681,2024-07,2024-08,2024-09,0.0,1.0,0,18590.0,2707.0,7636
101681,2025-01,2025-02,2025-03,0.0,1.0,0,36472.0,24308.0,31144
101681,2025-03,2025-04,2025-05,0.0,1.0,0,31144.0,3879.0,35543
101682,2024-02,2024-03,2024-04,0.0,1.0,0,3640.0,15111.0,14470
101682,2025-08,2025-09,2025-10,0.0,1.0,0,4452.0,13497.0,21460
101683,2025-02,2025-03,2025-04,0.0,1.0,0,20345.0,32108.0,24268
101684,2024-08,2024-09,2024-10,0.0,1.0,0,33784.0,36291.0,44864
101684,2025-01,2025-02,2025-03,0.0,1.0,0,22978.0,17517.0,25470
101685,2024-01,2024-02,2024-03,0.0,1.0,0,35944.0,4714.0,38187
101685,2024-07,2024-08,2024-09,0.0,1.0,0,33806.0,40083.0,29107
101685,2024-10,2024-11,2024-12,0.0,1.0,0,24608.0,4040.0,34652
101685,2025-02,2025-03,2025-04,0.0,1.0,0,39699.0,28673.0,10730
101687,2025-01,2025-02,2025-03,0.0,1.0,0,45844.0,44413.0,14528
101687,2025-04,2025-05,2025-06,0.0,1.0,0,22131.0,20055.0,14615
101689,2024-12,2025-01,2025-02,0.0,1.0,0,33284.0,34628.0,12580
101690,2024-05,2024-06,2024-07,0.0,1.0,0,30875.0,12211.0,24647
101690,2024-12,2025-01,2025-02,0.0,1.0,0,22692.0,42774.0,41952
101690,2025-04,2025-05,2025-06,0.0,1.0,0,33589.0,4676.0,11358
101690,2025-09,2025-10,2025-11,0.0,1.0,0,65.0,3985.0,36915
101691,2024-10,2024-11,2024-12,0.0,1.0,0,42682.0,24497.0,30678
101691,2025-01,2025-02,2025-03,0.0,1.0,0,33689.0,17226.0,21715
101691,2025-07,2025-08,2025-09,0.0,1.0,0,45885.0,43284.0,22484
101692,2024-07,2024-08,2024-09,0.0,1.0,0,34490.0,35424.0,2124
101692,2024-09,2024-10,2024-11,0.0,1.0,0,2124.0,37348.0,46946
101692,2025-08,2025-09,2025-10,0.0,1.0,0,27275.0,46516.0,23447
101694,2024-03,2024-04,2024-05,0.0,1.0,0,37457.0,42769.0,26376
101696,2024-05,2024-06,2024-07,0.0,1.0,0,9005.0,23298.0,18865
101696,2024-10,2024-11,2024-12,0.0,1.0,0,19705.0,18195.0,18483
101696,2025-03,2025-04,2025-05,0.0,1.0,0,25187.0,19317.0,40945
101696,2025-07,2025-08,2025-09,0.0,1.0,0,8695.0,27582.0,43497
101697,2024-02,2024-03,2024-04,0.0,1.0,0,1856.0,33087.0,21537
101697,2024-08,2024-09,2024-10,0.0,1.0,0,41964.0,19477.0,13313
101697,2025-06,2025-07,2025-08,0.0,1.0,0,23220.0,35023.0,41304
101698,2024-05,2024-06,2024-07,0.0,1.0,0,30004.0,18101.0,46245
101699,2024-06,2024-07,2024-08,0.0,1.0,0,7913.0,16096.0,23094
101699,2024-11,2024-12,2025-01,0.0,1.0,0,44197.0,28366.0,13448
101699,2025-10,2025-11,2025-12,0.0,1.0,0,5772.0,13698.0,29326
101700,2024-03,2024-04,2024-05,0.0,1.0,0,26554.0,33538.0,39591
101700,2024-09,2024-10,2024-11,0.0,1.0,0,35737.0,19108.0,28838
101701,2024-07,2024-08,2024-09,0.0,1.0,0,1405.0,7454.0,27566
101701,2024-10,2024-11,2024-12,0.0,1.0,0,20486.0,28367.0,47143
101701,2025-09,2025-10,2025-11,0.0,1.0,0,26606.0,48093.0,46503
101702,2024-01,2024-02,2024-03,0.0,1.0,0,21572.0,31283.0,12233
101702,2024-11,2024-12,2025-01,0.0,1.0,0,8990.0,17176.0,37046
101702,2025-04,2025-05,2025-06,0.0,1.0,0,20894.0,2725.0,27665
101702,2025-06,2025-07,2025-08,0.0,1.0,0,27665.0,40638.0,12960
101702,2025-10,2025-11,2025-12,0.0,1.0,0,7186.0,20107.0,38780
101703,2024-02,2024-03,2024-04,0.0,1.0,0,21007.0,40504.0,28756
101703,2025-03,2025-04,2025-05,0.0,1.0,0,39769.0,32470.0,30192
101703,2025-06,2025-07,2025-08,0.0,1.0,0,36046.0,44071.0,25566
101703,2025-09,2025-10,2025-11,0.0,1.0,0,37579.0,22191.0,28325
101704,2024-06,2024-07,2024-08,0.0,1.0,0,5221.0,4541.0,46606
101704,2024-12,2025-01,2025-02,0.0,1.0,0,34229.0,6158.0,6877
101704,2025-02,2025-03,2025-04,0.0,1.0,0,6877.0,24206.0,28118
101705,2024-10,2024-11,2024-12,0.0,1.0,0,44023.0,9611.0,39435
101705,2025-04,2025-05,2025-06,0.0,1.0,0,47427.0,5997.0,23425
101705,2025-10,2025-11,2025-12,0.0,1.0,0,8582.0,47859.0,19433
101706,2024-04,2024-05,2024-06,0.0,1.0,0,35045.0,34732.0,9676
101706,2025-01,2025-02,2025-03,0.0,1.0,0,40634.0,1108.0,1656
101707,2025-09,2025-10,2025-11,0.0,1.0,0,43768.0,14412.0,18551
101709,2024-10,2024-11,2024-12,0.0,1.0,0,34691.0,43712.0,29007
101709,2025-08,2025-09,2025-10,0.0,1.0,0,33742.0,34013.0,17213
101710,2025-02,2025-03,2025-04,0.0,1.0,0,6719.0,7982.0,43619
101711,2024-02,2024-03,2024-04,0.0,1.0,0,38345.0,42162.0,5661
101711,2024-06,2024-07,2024-08,0.0,1.0,0,35161.0,26098.0,30537
101711,2025-08,2025-09,2025-10,0.0,1.0,0,5542.0,22806.0,12376
101712,2024-08,2024-09,2024-10,0.0,1.0,0,7340.0,11069.0,25993
101712,2024-11,2024-12,2025-01,0.0,1.0,0,21804.0,17754.0,25079
101712,2025-02,2025-03,2025-04,0.0,1.0,0,32650.0,31290.0,28132
101713,2024-03,2024-04,2024-05,0.0,1.0,0,10633.0,43158.0,26619
101713,2024-08,2024-09,2024-10,0.0,1.0,0,28603.0,39921.0,45600
101713,2025-09,2025-10,2025-11,0.0,1.0,0,3822.0,5452.0,15001
101715,2024-07,2024-08,2024-09,0.0,1.0,0,25262.0,15218.0,35322
101715,2024-12,2025-01,2025-02,0.0,1.0,0,1388.0,44410.0,36184
101715,2025-03,2025-04,2025-05,0.0,1.0,0,3398.0,47920.0,32279
101716,2024-07,2024-08,2024-09,0.0,1.0,0,15550.0,40742.0,24310
101716,2024-09,2024-10,2024-11,0.0,1.0,0,24310.0,9378.0,14123
101717,2025-08,2025-09,2025-10,0.0,1.0,0,9977.0,36959.0,22871
101717,2025-10,2025-11,2025-12,0.0,1.0,0,22871.0,8202.0,16252
101718,2025-10,2025-11,2025-12,0.0,1.0,0,2692.0,46196.0,10185
101719,2025-01,2025-02,2025-03,0.0,1.0,0,26660.0,18008.0,28680
101720,2025-08,2025-09,2025-10,0.0,1.0,0,42380.0,338.0,43744
101720,2025-10,2025-11,2025-12,0.0,1.0,0,43744.0,42980.0,12013
101721,2024-05,2024-06,2024-07,0.0,1.0,0,6338.0,1868.0,18330
101721,2025-03,2025-04,2025-05,0.0,1.0,0,36153.0,13754.0,6238
101722,2024-05,2024-06,2024-07,0.0,1.0,0,21179.0,35362.0,8666
101722,2024-12,2025-01,2025-02,0.0,1.0,0,13764.0,1461.0,15820
101723,2024-08,2024-09,2024-10,0.0,1.0,0,10969.0,25285.0,41172
101723,2025-01,2025-02,2025-03,0.0,1.0,0,42573.0,48532.0,13472
101723,2025-03,2025-04,2025-05,0.0,1.0,0,13472.0,37889.0,2363
101723,2025-08,2025-09,2025-10,0.0,1.0,0,20799.0,30217.0,33121
101723,2025-10,2025-11,2025-12,0.0,1.0,0,33121.0,3950.0,18085
101724,2024-10,2024-11,2024-12,0.0,1.0,0,46318.0,47946.0,14759
101724,2024-12,2025-01,2025-02,0.0,1.0,0,14759.0,25504.0,13479
101725,2024-09,2024-10,2024-11,0.0,1.0,0,1647.0,36858.0,37109
101726,2024-08,2024-09,2024-10,0.0,1.0,0,34487.0,26220.0,47599
101726,2025-01,2025-02,2025-03,0.0,1.0,0,42362.0,1237.0,24626
101726,2025-03,2025-04,2025-05,0.0,1.0,0,24626.0,4859.0,35261
101726,2025-09,2025-10,2025-11,0.0,1.0,0,725.0,32350.0,46162
101727,2024-05,2024-06,2024-07,0.0,1.0,0,44150.0,12347.0,44006
101727,2025-08,2025-09,2025-10,0.0,1.0,0,32072.0,36206.0,14631
101728,2024-10,2024-11,2024-12,0.0,1.0,0,30725.0,3094.0,19714
101730,2024-03,2024-04,2024-05,0.0,1.0,0,27240.0,32056.0,23242
101730,2025-04,2025-05,2025-06,0.0,1.0,0,8087.0,45845.0,174
101731,2024-05,2024-06,2024-07,0.0,1.0,0,22481.0,46122.0,48408
101731,2024-07,2024-08,2024-09,0.0,1.0,0,48408.0,11276.0,9818
101731,2025-04,2025-05,2025-06,0.0,1.0,0,11455.0,19881.0,45873
101732,2024-09,2024-10,2024-11,0.0,1.0,0,11810.0,23388.0,29824
101732,2025-07,2025-08,2025-09,0.0,1.0,0,9745.0,21614.0,3675
101733,2024-03,2024-04,2024-05,0.0,1.0,0,27217.0,33951.0,27368
101733,2024-06,2024-07,2024-08,0.0,1.0,0,35963.0,26206.0,24994
101733,2025-02,2025-03,2025-04,0.0,1.0,0,19734.0,21699.0,22291
101734,2024-01,2024-02,2024-03,0.0,1.0,0,21835.0,32630.0,40694
101734,2024-11,2024-12,2025-01,0.0,1.0,0,27478.0,44716.0,26140
101735,2024-03,2024-04,2024-05,0.0,1.0,0,6477.0,27192.0,44585
101735,2024-11,2024-12,2025-01,0.0,1.0,0,44907.0,13001.0,29738
101736,2024-08,2024-09,2024-10,0.0,1.0,0,353.0,34175.0,26682
101736,2025-06,2025-07,2025-08,0.0,1.0,0,8648.0,43378.0,11052
101736,2025-10,2025-11,2025-12,0.0,1.0,0,31019.0,19774.0,28479
101737,2024-02,2024-03,2024-04,0.0,1.0,0,9538.0,7868.0,38600
101737,2024-04,2024-05,2024-06,0.0,1.0,0,38600.0,42084.0,10082
101737,2024-11,2024-12,2025-01,0.0,1.0,0,32938.0,46068.0,25526
101737,2025-02,2025-03,2025-04,0.0,1.0,0,14005.0,12894.0,47609
101737,2025-04,2025-05,2025-06,0.0,1.0,0,47609.0,34060.0,1657
101738,2024-08,2024-09,2024-10,0.0,1.0,0,44081.0,25054.0,39413
101738,2024-12,2025-01,2025-02,0.0,1.0,0,9274.0,9225.0,28750
101739,2024-01,2024-02,2024-03,0.0,1.0,0,38164.0,44792.0,24886
101739,2024-04,2024-05,2024-06,0.0,1.0,0,38176.0,19252.0,41368
101739,2024-09,2024-10,2024-11,0.0,1.0,0,4824.0,19341.0,8253
101739,2025-03,2025-04,2025-05,0.0,1.0,0,42461.0,7704.0,26171
101740,2024-04,2024-05,2024-06,0.0,1.0,0,31410.0,41010.0,37440
101741,2025-03,2025-04,2025-05,0.0,1.0,0,23718.0,28269.0,39320
101743,2024-11,2024-12,2025-01,0.0,1.0,0,31390.0,14220.0,15591
101743,2025-02,2025-03,2025-04,0.0,1.0,0,32440.0,3635.0,32941
101743,2025-05,2025-06,2025-07,0.0,1.0,0,41855.0,16667.0,1800
101743,2025-10,2025-11,2025-12,0.0,1.0,0,29786.0,17609.0,23176
101744,2024-01,2024-02,2024-03,0.0,1.0,0,26859.0,48357.0,35864
101744,2024-12,2025-01,2025-02,0.0,1.0,0,28533.0,34062.0,42487
101744,2025-04,2025-05,2025-06,0.0,1.0,0,301.0,4735.0,21067
101745,2025-05,2025-06,2025-07,0.0,1.0,0,30824.0,29577.0,38963
101746,2024-01,2024-02,2024-03,0.0,1.0,0,2317.0,29896.0,44972
101746,2024-05,2024-06,2024-07,0.0,1.0,0,11320.0,12999.0,37740
101746,2025-07,2025-08,2025-09,0.0,1.0,0,42909.0,42735.0,31601
101746,2025-10,2025-11,2025-12,0.0,1.0,0,41751.0,35115.0,3004
101747,2025-06,2025-07,2025-08,0.0,1.0,0,8330.0,8092.0,41037
101748,2025-10,2025-11,2025-12,0.0,1.0,0,29516.0,41847.0,43684
101749,2024-02,2024-03,2024-04,0.0,1.0,0,12515.0,14244.0,7658
101749,2024-05,2024-06,2024-07,0.0,1.0,0,15483.0,23320.0,9806
101749,2025-05,2025-06,2025-07,0.0,1.0,0,9444.0,18663.0,28113
101750,2024-06,2024-07,2024-08,0.0,1.0,0,9879.0,11446.0,39606
101750,2024-08,2024-09,2024-10,0.0,1.0,0,39606.0,5569.0,42297
101750,2025-01,2025-02,2025-03,0.0,1.0,0,14058.0,41234.0,24114
101750,2025-04,2025-05,2025-06,0.0,1.0,0,18087.0,26036.0,5849
101751,2024-01,2024-02,2024-03,0.0,1.0,0,44806.0,18679.0,38938
101751,2024-05,2024-06,2024-07,0.0,1.0,0,15150.0,19064.0,22560
101751,2025-02,2025-03,2025-04,0.0,1.0,0,27720.0,27439.0,18822
101752,2024-10,2024-11,2024-12,0.0,1.0,0,30160.0,4091.0,5472
101753,2024-01,2024-02,2024-03,0.0,1.0,0,11794.0,9325.0,26225
101753,2025-03,2025-04,2025-05,0.0,1.0,0,42312.0,27526.0,41409
101753,2025-05,2025-06,2025-07,0.0,1.0,0,41409.0,24837.0,2189
101753,2025-10,2025-11,2025-12,0.0,1.0,0,40647.0,24867.0,24147
101754,2024-01,2024-02,2024-03,0.0,1.0,0,18385.0,48092.0,18165
101754,2024-03,2024-04,2024-05,0.0,1.0,0,18165.0,40468.0,23451
101754,2024-06,2024-07,2024-08,0.0,1.0,0,40355.0,40564.0,690
101754,2025-04,2025-05,2025-06,0.0,1.0,0,41120.0,33955.0,3970
101755,2024-08,2024-09,2024-10,0.0,1.0,0,32057.0,28840.0,14491
101756,2024-01,2024-02,2024-03,0.0,1.0,0,24264.0,44452.0,12618
101756,2024-07,2024-08,2024-09,0.0,1.0,0,17351.0,38265.0,3677
101756,2025-03,2025-04,2025-05,0.0,1.0,0,291.0,39538.0,15361
101756,2025-10,2025-11,2025-12,0.0,1.0,0,47805.0,33093.0,34917
101757,2024-08,2024-09,2024-10,0.0,1.0,0,11439.0,13582.0,41720
101757,2025-06,2025-07,2025-08,0.0,1.0,0,11410.0,8774.0,46230
101758,2024-08,2024-09,2024-10,0.0,1.0,0,32380.0,6941.0,13112
101758,2025-02,2025-03,2025-04,0.0,1.0,0,28287.0,42259.0,16995
101758,2025-05,2025-06,2025-07,0.0,1.0,0,28007.0,6937.0,17165
101759,2024-02,2024-03,2024-04,0.0,1.0,0,17788.0,36854.0,35586
101761,2024-06,2024-07,2024-08,0.0,1.0,0,47375.0,36342.0,14050
101762,2024-08,2024-09,2024-10,0.0,1.0,0,46649.0,25764.0,12859
101763,2024-11,2024-12,2025-01,0.0,1.0,0,47018.0,11719.0,38146
101763,2025-07,2025-08,2025-09,0.0,1.0,0,5497.0,34705.0,42760
101764,2024-03,2024-04,2024-05,0.0,1.0,0,15633.0,29129.0,19408
101764,2025-03,2025-04,2025-05,0.0,1.0,0,6602.0,19675.0,23525
101765,2024-05,2024-06,2024-07,0.0,1.0,0,33219.0,38568.0,37071
101766,2024-10,2024-11,2024-12,0.0,1.0,0,39481.0,13614.0,14374
101767,2025-06,2025-07,2025-08,0.0,1.0,0,36594.0,334.0,3678
101767,2025-08,2025-09,2025-10,0.0,1.0,0,3678.0,36186.0,30494
101768,2024-08,2024-09,2024-10,0.0,1.0,0,35165.0,30222.0,12018
101769,2024-03,2024-04,2024-05,0.0,1.0,0,28560.0,29746.0,26180
101769,2024-11,2024-12,2025-01,0.0,1.0,0,16651.0,35220.0,24706
101769,2025-05,2025-06,2025-07,0.0,1.0,0,11037.0,30250.0,30210
101770,2025-03,2025-04,2025-05,0.0,1.0,0,41840.0,36559.0,40821
101770,2025-07,2025-08,2025-09,0.0,1.0,0,28187.0,21649.0,36262
101771,2024-02,2024-03,2024-04,0.0,1.0,0,42880.0,45589.0,3053
101772,2025-01,2025-02,2025-03,0.0,1.0,0,43131.0,31121.0,5507
101772,2025-09,2025-10,2025-11,0.0,1.0,0,10054.0,5940.0,10948
101773,2025-06,2025-07,2025-08,0.0,1.0,0,4701.0,25912.0,11717
101773,2025-09,2025-10,2025-11,0.0,1.0,0,21700.0,32068.0,32346
101774,2024-02,2024-03,2024-04,0.0,1.0,0,45278.0,12900.0,15836
101775,2024-05,2024-06,2024-07,0.0,1.0,0,29971.0,27561.0,25603
101775,2024-11,2024-12,2025-01,0.0,1.0,0,18210.0,44252.0,38092
101775,2025-04,2025-05,2025-06,0.0,1.0,0,42940.0,34848.0,13516
101775,2025-06,2025-07,2025-08,0.0,1.0,0,13516.0,34971.0,33773
101776,2025-04,2025-05,2025-06,0.0,1.0,0,40721.0,20987.0,1504
101777,2024-02,2024-03,2024-04,0.0,1.0,0,25152.0,44978.0,23266
101777,2025-04,2025-05,2025-06,0.0,1.0,0,3579.0,2751.0,3411
101777,2025-06,2025-07,2025-08,0.0,1.0,0,3411.0,17884.0,35877
101778,2025-03,2025-04,2025-05,0.0,1.0,0,34589.0,25147.0,32615
101779,2024-03,2024-04,2024-05,0.0,1.0,0,4196.0,26497.0,15049
101779,2024-05,2024-06,2024-07,0.0,1.0,0,15049.0,6398.0,23200
101779,2024-07,2024-08,2024-09,0.0,1.0,0,23200.0,3542.0,1434
101779,2024-10,2024-11,2024-12,0.0,1.0,0,37848.0,30346.0,27099
101779,2025-04,2025-05,2025-06,0.0,1.0,0,10574.0,43303.0,7713
101780,2024-01,2024-02,2024-03,0.0,1.0,0,1318.0,44218.0,7932
101780,2025-01,2025-02,2025-03,0.0,1.0,0,22346.0,23846.0,26120
101781,2024-01,2024-02,2024-03,0.0,1.0,0,47986.0,41103.0,38375
101781,2024-11,2024-12,2025-01,0.0,1.0,0,19402.0,14661.0,8358
101782,2025-03,2025-04,2025-05,0.0,1.0,0,7387.0,7571.0,19097
101783,2024-06,2024-07,2024-08,0.0,1.0,0,32317.0,28073.0,32837
101783,2024-12,2025-01,2025-02,0.0,1.0,0,9120.0,9620.0,16576
101784,2024-07,2024-08,2024-09,0.0,1.0,0,11100.0,41270.0,41170
101785,2024-07,2024-08,2024-09,0.0,1.0,0,38720.0,5725.0,48043
101785,2024-09,2024-10,2024-11,0.0,1.0,0,48043.0,26827.0,40400
101785,2025-02,2025-03,2025-04,0.0,1.0,0,38675.0,10354.0,205
101786,2024-11,2024-12,2025-01,0.0,1.0,0,31387.0,24785.0,42140
101787,2024-02,2024-03,2024-04,0.0,1.0,0,36941.0,15403.0,14922
101787,2024-12,2025-01,2025-02,0.0,1.0,0,26829.0,43784.0,36337
101788,2025-01,2025-02,2025-03,0.0,1.0,0,18940.0,6001.0,46372
101790,2024-04,2024-05,2024-06,0.0,1.0,0,28038.0,736.0,45836
101790,2024-10,2024-11,2024-12,0.0,1.0,0,44265.0,21879.0,30539
101790,2025-01,2025-02,2025-03,0.0,1.0,0,5128.0,39010.0,11561
101790,2025-03,2025-04,2025-05,0.0,1.0,0,11561.0,42809.0,21259
101791,2024-01,2024-02,2024-03,0.0,1.0,0,8757.0,35704.0,7386
101791,2024-06,2024-07,2024-08,0.0,1.0,0,25224.0,12153.0,41431
101791,2025-01,2025-02,2025-03,0.0,1.0,0,48447.0,9799.0,14516
101792,2024-02,2024-03,2024-04,0.0,1.0,0,3728.0,45643.0,46331
101792,2025-03,2025-04,2025-05,0.0,1.0,0,18408.0,5575.0,31218
101792,2025-10,2025-11,2025-12,0.0,1.0,0,31707.0,11154.0,8409
101793,2024-09,2024-10,2024-11,0.0,1.0,0,10534.0,33390.0,10232
101793,2025-03,2025-04,2025-05,0.0,1.0,0,18445.0,16670.0,43361
101793,2025-09,2025-10,2025-11,0.0,1.0,0,33203.0,43972.0,47997
101794,2025-05,2025-06,2025-07,0.0,1.0,0,33307.0,37909.0,28694
101794,2025-07,2025-08,2025-09,0.0,1.0,0,28694.0,5157.0,16030
101794,2025-10,2025-11,2025-12,0.0,1.0,0,5583.0,9275.0,46513
101795,2024-11,2024-12,2025-01,0.0,1.0,0,19292.0,9695.0,177
101795,2025-01,2025-02,2025-03,0.0,1.0,0,177.0,22995.0,44646
101795,2025-10,2025-11,2025-12,0.0,1.0,0,33263.0,39006.0,13406
101796,2024-08,2024-09,2024-10,0.0,1.0,0,15037.0,23444.0,9531
101798,2024-09,2024-10,2024-11,0.0,1.0,0,43532.0,33984.0,29341
101798,2025-06,2025-07,2025-08,0.0,1.0,0,6179.0,38393.0,29836
101800,2025-03,2025-04,2025-05,0.0,1.0,0,35548.0,44589.0,17767
101801,2024-04,2024-05,2024-06,0.0,1.0,0,37538.0,11416.0,21272
101801,2024-11,2024-12,2025-01,0.0,1.0,0,5371.0,1614.0,48516
101802,2025-09,2025-10,2025-11,0.0,1.0,0,4252.0,23299.0,23785
101803,2024-02,2024-03,2024-04,0.0,1.0,0,672.0,15980.0,11752
101803,2024-10,2024-11,2024-12,0.0,1.0,0,35049.0,30668.0,38868
101803,2025-10,2025-11,2025-12,0.0,1.0,0,19460.0,24705.0,6088
101804,2025-07,2025-08,2025-09,0.0,1.0,0,15466.0,6999.0,33838
101804,2025-09,2025-10,2025-11,0.0,1.0,0,33838.0,15101.0,46669
101805,2024-01,2024-02,2024-03,0.0,1.0,0,4261.0,43636.0,34673
101805,2024-09,2024-10,2024-11,0.0,1.0,0,22669.0,14130.0,11161
101805,2025-01,2025-02,2025-03,0.0,1.0,0,17663.0,43632.0,12907
101806,2024-05,2024-06,2024-07,0.0,1.0,0,45019.0,30135.0,34435
101806,2024-11,2024-12,2025-01,0.0,1.0,0,17575.0,25678.0,10438
101806,2025-06,2025-07,2025-08,0.0,1.0,0,25293.0,22815.0,45475
101807,2024-11,2024-12,2025-01,0.0,1.0,0,2356.0,20529.0,29022
101808,2025-05,2025-06,2025-07,0.0,1.0,0,45878.0,11558.0,34469
101808,2025-09,2025-10,2025-11,0.0,1.0,0,24048.0,30600.0,48009
101809,2024-06,2024-07,2024-08,0.0,1.0,0,38572.0,15281.0,21827
101809,2024-08,2024-09,2024-10,0.0,1.0,0,21827.0,47374.0,9100
101809,2025-01,2025-02,2025-03,0.0,1.0,0,41350.0,27248.0,24691
101809,2025-10,2025-11,2025-12,0.0,1.0,0,10138.0,16179.0,620
101810,2025-03,2025-04,2025-05,0.0,1.0,0,47238.0,9389.0,34345
101811,2024-11,2024-12,2025-01,0.0,1.0,0,37952.0,34227.0,29447
101812,2024-10,2024-11,2024-12,0.0,1.0,0,6479.0,25264.0,1568
101815,2024-03,2024-04,2024-05,0.0,1.0,0,3771.0,23402.0,24286
101815,2024-06,2024-07,2024-08,0.0,1.0,0,21136.0,47035.0,5910
101815,2024-10,2024-11,2024-12,0.0,1.0,0,44531.0,15065.0,23694
101816,2024-03,2024-04,2024-05,0.0,1.0,0,45575.0,42812.0,18467
101816,2025-06,2025-07,2025-08,0.0,1.0,0,40953.0,29391.0,7656
101817,2024-04,2024-05,2024-06,0.0,1.0,0,2845.0,15455.0,3754
101817,2024-08,2024-09,2024-10,0.0,1.0,0,4134.0,26712.0,7647
101817,2025-06,2025-07,2025-08,0.0,1.0,0,9723.0,15637.0,10208
101819,2024-01,2024-02,2024-03,0.0,1.0,0,38850.0,2561.0,5613
101819,2025-01,2025-02,2025-03,0.0,1.0,0,47174.0,34621.0,21801
101819,2025-04,2025-05,2025-06,0.0,1.0,0,47907.0,5022.0,41947
101820,2024-04,2024-05,2024-06,0.0,1.0,0,42724.0,21922.0,31924
101820,2024-11,2024-12,2025-01,0.0,1.0,0,17223.0,21981.0,21400
101820,2025-08,2025-09,2025-10,0.0,1.0,0,41344.0,27801.0,48331
101821,2024-06,2024-07,2024-08,0.0,1.0,0,13958.0,10484.0,32929
101823,2024-02,2024-03,2024-04,0.0,1.0,0,18240.0,21220.0,17888
101823,2024-04,2024-05,2024-06,0.0,1.0,0,17888.0,37512.0,10753
101823,2024-06,2024-07,2024-08,0.0,1.0,0,10753.0,5306.0,15843
101823,2024-08,2024-09,2024-10,0.0,1.0,0,15843.0,43143.0,20068
101823,2024-11,2024-12,2025-01,0.0,1.0,0,2771.0,35156.0,16921
101823,2025-05,2025-06,2025-07,0.0,1.0,0,45040.0,27590.0,377
101823,2025-09,2025-10,2025-11,0.0,1.0,0,3807.0,9406.0,10688
101825,2024-03,2024-04,2024-05,0.0,1.0,0,1482.0,18206.0,43988
101826,2024-10,2024-11,2024-12,0.0,1.0,0,42473.0,38869.0,33160
101826,2025-01,2025-02,2025-03,0.0,1.0,0,16970.0,22734.0,7910
101826,2025-08,2025-09,2025-10,0.0,1.0,0,34103.0,8356.0,37840
101826,2025-10,2025-11,2025-12,0.0,1.0,0,37840.0,18570.0,2045
101827,2025-02,2025-03,2025-04,0.0,1.0,0,8975.0,12736.0,29477
101828,2024-06,2024-07,2024-08,0.0,1.0,0,34317.0,9624.0,17678
101828,2024-09,2024-10,2024-11,0.0,1.0,0,25760.0,39067.0,6851
101828,2025-07,2025-08,2025-09,0.0,1.0,0,9618.0,46327.0,19240
101829,2024-04,2024-05,2024-06,0.0,1.0,0,25429.0,42456.0,16735
101829,2025-03,2025-04,2025-05,0.0,1.0,0,21492.0,39315.0,41676
101829,2025-07,2025-08,2025-09,0.0,1.0,0,3742.0,37012.0,24432
101830,2024-12,2025-01,2025-02,0.0,1.0,0,4749.0,3132.0,47283
101831,2024-05,2024-06,2024-07,0.0,1.0,0,38080.0,12673.0,17236
101831,2024-09,2024-10,2024-11,0.0,1.0,0,14410.0,13829.0,2519
101831,2025-05,2025-06,2025-07,0.0,1.0,0,22999.0,40252.0,16024
101832,2024-04,2024-05,2024-06,0.0,1.0,0,19785.0,38024.0,46100
101832,2025-01,2025-02,2025-03,0.0,1.0,0,26079.0,44491.0,44460
101832,2025-08,2025-09,2025-10,0.0,1.0,0,21223.0,32567.0,46151
101832,2025-10,2025-11,2025-12,0.0,1.0,0,46151.0,43718.0,5776
101833,2024-06,2024-07,2024-08,0.0,1.0,0,41410.0,27050.0,43219
101833,2025-05,2025-06,2025-07,0.0,1.0,0,21565.0,38248.0,8597
101834,2025-02,2025-03,2025-04,0.0,1.0,0,47476.0,918.0,2477
101835,2024-03,2024-04,2024-05,0.0,1.0,0,19334.0,20916.0,30387
101835,2024-10,2024-11,2024-12,0.0,1.0,0,48449.0,35033.0,46093
101835,2025-04,2025-05,2025-06,0.0,1.0,0,11044.0,16067.0,33533
101837,2024-01,2024-02,2024-03,0.0,1.0,0,48448.0,10638.0,46968
101837,2024-04,2024-05,2024-06,0.0,1.0,0,17686.0,6598.0,17139
101837,2024-06,2024-07,2024-08,0.0,1.0,0,17139.0,7919.0,35018
101837,2024-09,2024-10,2024-11,0.0,1.0,0,38762.0,5622.0,42688
101838,2024-05,2024-06,2024-07,0.0,1.0,0,45790.0,3826.0,1815
101838,2024-10,2024-11,2024-12,0.0,1.0,0,32268.0,34136.0,20717
101838,2025-02,2025-03,2025-04,0.0,1.0,0,15501.0,4945.0,27485
101838,2025-04,2025-05,2025-06,0.0,1.0,0,27485.0,6514.0,24192
101838,2025-10,2025-11,2025-12,0.0,1.0,0,29945.0,16368.0,41973
101839,2024-02,2024-03,2024-04,0.0,1.0,0,44353.0,18989.0,45968
101839,2024-09,2024-10,2024-11,0.0,1.0,0,7682.0,43402.0,26312
101839,2024-11,2024-12,2025-01,0.0,1.0,0,26312.0,802.0,13853
101839,2025-10,2025-11,2025-12,0.0,1.0,0,21285.0,35140.0,38357
101840,2024-05,2024-06,2024-07,0.0,1.0,0,14957.0,12295.0,7886
101841,2024-10,2024-11,2024-12,0.0,1.0,0,42942.0,35636.0,8082
101841,2025-02,2025-03,2025-04,0.0,1.0,0,33857.0,7818.0,41212
101841,2025-04,2025-05,2025-06,0.0,1.0,0,41212.0,15395.0,1838
101841,2025-07,2025-08,2025-09,0.0,1.0,0,40011.0,31427.0,21393
101842,2024-02,2024-03,2024-04,0.0,1.0,0,13644.0,25746.0,42963
101842,2024-06,2024-07,2024-08,0.0,1.0,0,42927.0,10987.0,14008
101842,2025-08,2025-09,2025-10,0.0,1.0,0,37234.0,10350.0,25718
101843,2024-03,2024-04,2024-05,0.0,1.0,0,34422.0,47257.0,3918
101843,2025-10,2025-11,2025-12,0.0,1.0,0,5177.0,12387.0,2800
101844,2024-04,2024-05,2024-06,0.0,1.0,0,31376.0,42881.0,4847
101844,2025-01,2025-02,2025-03,0.0,1.0,0,28686.0,31701.0,44529
101844,2025-05,2025-06,2025-07,0.0,1.0,0,6664.0,3531.0,18191
101845,2024-05,2024-06,2024-07,0.0,1.0,0,22539.0,7316.0,8427
101845,2024-12,2025-01,2025-02,0.0,1.0,0,28689.0,34605.0,5287
101845,2025-05,2025-06,2025-07,0.0,1.0,0,18887.0,22031.0,19846
101846,2024-01,2024-02,2024-03,0.0,1.0,0,21307.0,33943.0,26541
101846,2025-08,2025-09,2025-10,0.0,1.0,0,43048.0,30893.0,37214
101846,2025-10,2025-11,2025-12,0.0,1.0,0,37214.0,17155.0,13087
101847,2024-02,2024-03,2024-04,0.0,1.0,0,28412.0,21519.0,22
101847,2025-04,2025-05,2025-06,0.0,1.0,0,6232.0,45871.0,31047
101848,2024-01,2024-02,2024-03,0.0,1.0,0,26909.0,6692.0,119
101848,2025-02,2025-03,2025-04,0.0,1.0,0,28587.0,14038.0,9518
101848,2025-06,2025-07,2025-08,0.0,1.0,0,24375.0,45528.0,2487
101849,2024-12,2025-01,2025-02,0.0,1.0,0,16242.0,6168.0,19678
101850,2024-02,2024-03,2024-04,0.0,1.0,0,10240.0,3064.0,6815
101850,2024-06,2024-07,2024-08,0.0,1.0,0,44636.0,44105.0,23343
101850,2025-01,2025-02,2025-03,0.0,1.0,0,6833.0,559.0,29734
101850,2025-03,2025-04,2025-05,0.0,1.0,0,29734.0,46604.0,38041
101851,2024-04,2024-05,2024-06,0.0,1.0,0,39171.0,31566.0,15696
101852,2025-09,2025-10,2025-11,0.0,1.0,0,8364.0,16126.0,28576
101853,2024-07,2024-08,2024-09,0.0,1.0,0,26047.0,728.0,10974
101853,2025-01,2025-02,2025-03,0.0,1.0,0,15990.0,45428.0,34252
101853,2025-03,2025-04,2025-05,0.0,1.0,0,34252.0,13193.0,34619
101853,2025-10,2025-11,2025-12,0.0,1.0,0,33450.0,31679.0,23795
101854,2025-01,2025-02,2025-03,0.0,1.0,0,39696.0,34883.0,26094
101854,2025-03,2025-04,2025-05,0.0,1.0,0,26094.0,4368.0,23010
101854,2025-10,2025-11,2025-12,0.0,1.0,0,41905.0,17066.0,7288
101855,2024-08,2024-09,2024-10,0.0,1.0,0,19721.0,30732.0,41158
101855,2025-05,2025-06,2025-07,0.0,1.0,0,30844.0,48261.0,14510
101855,2025-08,2025-09,2025-10,0.0,1.0,0,47397.0,25310.0,31954
101856,2024-07,2024-08,2024-09,0.0,1.0,0,21546.0,44655.0,12809
101856,2025-06,2025-07,2025-08,0.0,1.0,0,12069.0,22476.0,16216
101856,2025-09,2025-10,2025-11,0.0,1.0,0,34980.0,24090.0,7043
101857,2024-01,2024-02,2024-03,0.0,1.0,0,35369.0,29895.0,28321
101858,2024-04,2024-05,2024-06,0.0,1.0,0,40331.0,36921.0,11718
101858,2024-08,2024-09,2024-10,0.0,1.0,0,29152.0,17075.0,39691
101858,2024-10,2024-11,2024-12,0.0,1.0,0,39691.0,15625.0,17556
101858,2025-03,2025-04,2025-05,0.0,1.0,0,9323.0,42250.0,32559
101858,2025-10,2025-11,2025-12,0.0,1.0,0,43404.0,36655.0,8629
101859,2024-11,2024-12,2025-01,0.0,1.0,0,43675.0,12677.0,43963
101860,2024-01,2024-02,2024-03,0.0,1.0,0,43205.0,33261.0,19751
101860,2025-04,2025-05,2025-06,0.0,1.0,0,40310.0,4439.0,2201
101860,2025-07,2025-08,2025-09,0.0,1.0,0,1529.0,27634.0,45898
101861,2024-03,2024-04,2024-05,0.0,1.0,0,7222.0,21182.0,13561
101861,2024-09,2024-10,2024-11,0.0,1.0,0,17252.0,8996.0,24427
101861,2025-01,2025-02,2025-03,0.0,1.0,0,1631.0,19732.0,10991
101861,2025-05,2025-06,2025-07,0.0,1.0,0,46832.0,5382.0,15514
101862,2024-10,2024-11,2024-12,0.0,1.0,0,27681.0,46650.0,34576
101862,2025-10,2025-11,2025-12,0.0,1.0,0,35080.0,15276.0,33341
101864,2024-09,2024-10,2024-11,0.0,1.0,0,32210.0,16178.0,12700
101864,2024-12,2025-01,2025-02,0.0,1.0,0,22386.0,31951.0,47785
101864,2025-03,2025-04,2025-05,0.0,1.0,0,11643.0,14917.0,12866
101864,2025-05,2025-06,2025-07,0.0,1.0,0,12866.0,9314.0,2226
101865,2024-06,2024-07,2024-08,0.0,1.0,0,21791.0,39969.0,10854
101865,2024-12,2025-01,2025-02,0.0,1.0,0,28087.0,26567.0,48380
101865,2025-10,2025-11,2025-12,0.0,1.0,0,258.0,40368.0,693
101866,2024-08,2024-09,2024-10,0.0,1.0,0,19794.0,33090.0,16076
101866,2025-06,2025-07,2025-08,0.0,1.0,0,2940.0,30689.0,22305
101867,2024-04,2024-05,2024-06,0.0,1.0,0,16065.0,43806.0,3358
101867,2025-09,2025-10,2025-11,0.0,1.0,0,41738.0,12099.0,10153
101868,2024-04,2024-05,2024-06,0.0,1.0,0,9292.0,28719.0,19715
101869,2024-01,2024-02,2024-03,0.0,1.0,0,34726.0,2162.0,2168
101869,2024-07,2024-08,2024-09,0.0,1.0,0,26984.0,44313.0,3536
101870,2025-03,2025-04,2025-05,0.0,1.0,0,13350.0,45382.0,22873
101871,2024-08,2024-09,2024-10,0.0,1.0,0,2383.0,11887.0,8786
101871,2025-10,2025-11,2025-12,0.0,1.0,0,12270.0,46647.0,40344
101872,2024-02,2024-03,2024-04,0.0,1.0,0,28127.0,18577.0,48132
101872,2024-07,2024-08,2024-09,0.0,1.0,0,39022.0,48396.0,36136
101872,2025-03,2025-04,2025-05,0.0,1.0,0,34057.0,30500.0,35792
101872,2025-05,2025-06,2025-07,0.0,1.0,0,35792.0,47874.0,11060
101873,2024-01,2024-02,2024-03,0.0,1.0,0,21844.0,20293.0,22303
101873,2025-10,2025-11,2025-12,0.0,1.0,0,40217.0,7122.0,17683
101874,2024-01,2024-02,2024-03,0.0,1.0,0,23509.0,33104.0,22617
101874,2024-05,2024-06,2024-07,0.0,1.0,0,41926.0,40636.0,47779
101874,2024-12,2025-01,2025-02,0.0,1.0,0,5643.0,11203.0,11604
101874,2025-02,2025-03,2025-04,0.0,1.0,0,11604.0,40583.0,13574
101875,2024-01,2024-02,2024-03,0.0,1.0,0,16862.0,34701.0,37445
101875,2025-09,2025-10,2025-11,0.0,1.0,0,43956.0,14188.0,8925
101877,2024-03,2024-04,2024-05,0.0,1.0,0,5711.0,29518.0,36428
101877,2024-05,2024-06,2024-07,0.0,1.0,0,36428.0,14694.0,8049
101877,2024-08,2024-09,2024-10,0.0,1.0,0,8814.0,8514.0,45247
101877,2024-11,2024-12,2025-01,0.0,1.0,0,19631.0,15594.0,39214
101877,2025-09,2025-10,2025-11,0.0,1.0,0,15262.0,12228.0,42772
101878,2024-01,2024-02,2024-03,0.0,1.0,0,44925.0,46116.0,15906
101878,2024-04,2024-05,2024-06,0.0,1.0,0,46572.0,14752.0,22106
101878,2024-09,2024-10,2024-11,0.0,1.0,0,47514.0,444.0,2964
101878,2025-01,2025-02,2025-03,0.0,1.0,0,14407.0,22310.0,17751
101878,2025-07,2025-08,2025-09,0.0,1.0,0,12931.0,17877.0,28567
101879,2024-03,2024-04,2024-05,0.0,1.0,0,12513.0,10778.0,30960
101879,2024-05,2024-06,2024-07,0.0,1.0,0,30960.0,27575.0,32217
101879,2024-08,2024-09,2024-10,0.0,1.0,0,23624.0,7160.0,17584
101881,2024-02,2024-03,2024-04,0.0,1.0,0,16342.0,10554.0,5886
101881,2024-08,2024-09,2024-10,0.0,1.0,0,4303.0,40622.0,7117
101881,2024-10,2024-11,2024-12,0.0,1.0,0,7117.0,21333.0,24810
101881,2025-04,2025-05,2025-06,0.0,1.0,0,2471.0,42589.0,14108
101881,2025-10,2025-11,2025-12,0.0,1.0,0,30990.0,43897.0,1202
101882,2024-12,2025-01,2025-02,0.0,1.0,0,45043.0,14592.0,5964
101882,2025-02,2025-03,2025-04,0.0,1.0,0,5964.0,14823.0,13217
101882,2025-05,2025-06,2025-07,0.0,1.0,0,891.0,20132.0,45559
101883,2024-07,2024-08,2024-09,0.0,1.0,0,23680.0,17065.0,29231
101883,2025-04,2025-05,2025-06,0.0,1.0,0,45392.0,19448.0,37995
101883,2025-06,2025-07,2025-08,0.0,1.0,0,37995.0,25035.0,46697
101883,2025-08,2025-09,2025-10,0.0,1.0,0,46697.0,37044.0,22765
101883,2025-10,2025-11,2025-12,0.0,1.0,0,22765.0,41512.0,27544
101884,2024-08,2024-09,2024-10,0.0,1.0,0,18381.0,24620.0,31469
101885,2024-02,2024-03,2024-04,0.0,1.0,0,1911.0,15161.0,30992
101885,2024-11,2024-12,2025-01,0.0,1.0,0,22736.0,35776.0,47160
101885,2025-05,2025-06,2025-07,0.0,1.0,0,3361.0,10009.0,6663
101886,2025-03,2025-04,2025-05,0.0,1.0,0,47113.0,44800.0,15097
101887,2024-11,2024-12,2025-01,0.0,1.0,0,14167.0,45348.0,6314
101888,2024-03,2024-04,2024-05,0.0,1.0,0,31319.0,21303.0,4090
101888,2024-08,2024-09,2024-10,0.0,1.0,0,45805.0,43589.0,24364
101888,2025-01,2025-02,2025-03,0.0,1.0,0,17335.0,43406.0,15052
101888,2025-04,2025-05,2025-06,0.0,1.0,0,10538.0,37036.0,42085
101889,2024-04,2024-05,2024-06,0.0,1.0,0,4645.0,37025.0,30585
101889,2025-04,2025-05,2025-06,0.0,1.0,0,30656.0,536.0,9638
101890,2024-09,2024-10,2024-11,0.0,1.0,0,21606.0,18777.0,13195
101890,2025-03,2025-04,2025-05,0.0,1.0,0,25548.0,5222.0,21331
101891,2024-08,2024-09,2024-10,0.0,1.0,0,45154.0,39521.0,40315
101891,2025-02,2025-03,2025-04,0.0,1.0,0,43681.0,28042.0,19730
101892,2024-03,2024-04,2024-05,0.0,1.0,0,5998.0,15665.0,39684
101892,2024-12,2025-01,2025-02,0.0,1.0,0,45166.0,10806.0,39928
101892,2025-05,2025-06,2025-07,0.0,1.0,0,10424.0,16893.0,6056
101893,2024-12,2025-01,2025-02,0.0,1.0,0,32980.0,15015.0,48072
101893,2025-02,2025-03,2025-04,0.0,1.0,0,48072.0,24775.0,25487
101893,2025-04,2025-05,2025-06,0.0,1.0,0,25487.0,10779.0,8296
101894,2024-06,2024-07,2024-08,0.0,1.0,0,39351.0,38450.0,46348
101894,2024-12,2025-01,2025-02,0.0,1.0,0,14665.0,24045.0,19916
101894,2025-04,2025-05,2025-06,0.0,1.0,0,43019.0,917.0,24931
101895,2024-03,2024-04,2024-05,0.0,1.0,0,4184.0,16414.0,14341
101895,2025-05,2025-06,2025-07,0.0,1.0,0,31333.0,6604.0,20825
101895,2025-09,2025-10,2025-11,0.0,1.0,0,46730.0,7424.0,14115
101896,2024-09,2024-10,2024-11,0.0,1.0,0,45772.0,6904.0,2218
101896,2024-11,2024-12,2025-01,0.0,1.0,0,2218.0,7309.0,10025
101896,2025-02,2025-03,2025-04,0.0,1.0,0,28495.0,20090.0,23484
101896,2025-08,2025-09,2025-10,0.0,1.0,0,20081.0,16421.0,3788
101897,2024-06,2024-07,2024-08,0.0,1.0,0,17375.0,41673.0,45859
101897,2024-12,2025-01,2025-02,0.0,1.0,0,29426.0,47903.0,6376
101897,2025-09,2025-10,2025-11,0.0,1.0,0,26271.0,23864.0,35732
101898,2024-05,2024-06,2024-07,0.0,1.0,0,42780.0,3006.0,10305
101898,2024-12,2025-01,2025-02,0.0,1.0,0,26096.0,38018.0,27472
101900,2025-08,2025-09,2025-10,0.0,1.0,0,46389.0,37906.0,1396
101901,2024-02,2024-03,2024-04,0.0,1.0,0,36122.0,1219.0,19674
101901,2024-05,2024-06,2024-07,0.0,1.0,0,4696.0,36881.0,19836
101901,2024-08,2024-09,2024-10,0.0,1.0,0,16885.0,13715.0,8411
101901,2025-09,2025-10,2025-11,0.0,1.0,0,22522.0,2582.0,15149
101902,2024-01,2024-02,2024-03,0.0,1.0,0,15564.0,16277.0,27154
101902,2024-09,2024-10,2024-11,0.0,1.0,0,28841.0,2433.0,6062
101903,2024-01,2024-02,2024-03,0.0,1.0,0,43869.0,47144.0,20069
101903,2024-04,2024-05,2024-06,0.0,1.0,0,2269.0,39129.0,749
101904,2024-06,2024-07,2024-08,0.0,1.0,0,38132.0,12995.0,7839
101904,2025-09,2025-10,2025-11,0.0,1.0,0,36577.0,1845.0,28194
101905,2024-11,2024-12,2025-01,0.0,1.0,0,23723.0,13427.0,31267
101905,2025-06,2025-07,2025-08,0.0,1.0,0,40741.0,4312.0,31108
101905,2025-08,2025-09,2025-10,0.0,1.0,0,31108.0,33996.0,16280
101906,2024-03,2024-04,2024-05,0.0,1.0,0,46660.0,11332.0,17304
101906,2024-09,2024-10,2024-11,0.0,1.0,0,513.0,2693.0,14554
101906,2024-12,2025-01,2025-02,0.0,1.0,0,20022.0,45229.0,16975
101907,2024-08,2024-09,2024-10,0.0,1.0,0,4392.0,40323.0,39818
101908,2024-04,2024-05,2024-06,0.0,1.0,0,20875.0,23098.0,46937
101908,2025-05,2025-06,2025-07,0.0,1.0,0,28975.0,1003.0,33581
101909,2024-04,2024-05,2024-06,0.0,1.0,0,13789.0,45977.0,6696
101909,2025-05,2025-06,2025-07,0.0,1.0,0,26850.0,23021.0,24083
101909,2025-08,2025-09,2025-10,0.0,1.0,0,14980.0,11920.0,17835
101910,2024-01,2024-02,2024-03,0.0,1.0,0,19338.0,38554.0,43873
101910,2024-05,2024-06,2024-07,0.0,1.0,0,1936.0,43633.0,42608
101910,2024-09,2024-10,2024-11,0.0,1.0,0,10460.0,2109.0,3708
101910,2024-12,2025-01,2025-02,0.0,1.0,0,35512.0,37020.0,1455
101910,2025-07,2025-08,2025-09,0.0,1.0,0,6020.0,46374.0,32583
101911,2024-01,2024-02,2024-03,0.0,1.0,0,40348.0,4715.0,45988
101911,2024-05,2024-06,2024-07,0.0,1.0,0,19623.0,29829.0,14214
101911,2025-07,2025-08,2025-09,0.0,1.0,0,40161.0,20686.0,23898
101912,2025-05,2025-06,2025-07,0.0,1.0,0,35056.0,33134.0,21506
101913,2024-08,2024-09,2024-10,0.0,1.0,0,1835.0,38801.0,35960
101913,2025-01,2025-02,2025-03,0.0,1.0,0,3028.0,40449.0,27997
101914,2024-03,2024-04,2024-05,0.0,1.0,0,29412.0,22538.0,22403
101914,2024-10,2024-11,2024-12,0.0,1.0,0,18297.0,47356.0,22490
101914,2025-02,2025-03,2025-04,0.0,1.0,0,12230.0,44229.0,43199
101914,2025-05,2025-06,2025-07,0.0,1.0,0,43150.0,46268.0,15426
101914,2025-07,2025-08,2025-09,0.0,1.0,0,15426.0,14362.0,9866
101915,2024-02,2024-03,2024-04,0.0,1.0,0,5201.0,24454.0,46221
101915,2024-09,2024-10,2024-11,0.0,1.0,0,20000.0,4336.0,42906
101916,2024-09,2024-10,2024-11,0.0,1.0,0,30730.0,24906.0,39711
101916,2025-01,2025-02,2025-03,0.0,1.0,0,1816.0,37818.0,7846
101916,2025-06,2025-07,2025-08,0.0,1.0,0,38073.0,33392.0,40447
101917,2024-04,2024-05,2024-06,0.0,1.0,0,23845.0,44407.0,9441
101917,2024-10,2024-11,2024-12,0.0,1.0,0,34908.0,13922.0,30664
101917,2024-12,2025-01,2025-02,0.0,1.0,0,30664.0,6406.0,6922
101917,2025-02,2025-03,2025-04,0.0,1.0,0,6922.0,3772.0,35311
101917,2025-05,2025-06,2025-07,0.0,1.0,0,24565.0,42198.0,43159
101918,2024-04,2024-05,2024-06,0.0,1.0,0,22379.0,39522.0,14790
101919,2024-07,2024-08,2024-09,0.0,1.0,0,30010.0,40678.0,5867
101919,2024-09,2024-10,2024-11,0.0,1.0,0,5867.0,41096.0,42382
101920,2025-06,2025-07,2025-08,0.0,1.0,0,41846.0,47929.0,44309
101921,2024-02,2024-03,2024-04,0.0,1.0,0,5746.0,35850.0,15100
101921,2024-05,2024-06,2024-07,0.0,1.0,0,30348.0,48556.0,10751
101921,2024-08,2024-09,2024-10,0.0,1.0,0,19209.0,29333.0,22126
101922,2024-08,2024-09,2024-10,0.0,1.0,0,45204.0,23270.0,28513
101922,2025-03,2025-04,2025-05,0.0,1.0,0,32955.0,19668.0,4107
101922,2025-05,2025-06,2025-07,0.0,1.0,0,4107.0,14300.0,23427
101923,2024-02,2024-03,2024-04,0.0,1.0,0,29549.0,21163.0,15994
101923,2024-08,2024-09,2024-10,0.0,1.0,0,39324.0,41764.0,35236
101923,2024-11,2024-12,2025-01,0.0,1.0,0,8366.0,31313.0,33674
101924,2024-07,2024-08,2024-09,0.0,1.0,0,32804.0,7095.0,7300
101924,2025-01,2025-02,2025-03,0.0,1.0,0,17842.0,6069.0,48567
101924,2025-03,2025-04,2025-05,0.0,1.0,0,48567.0,13729.0,4004
101924,2025-06,2025-07,2025-08,0.0,1.0,0,15470.0,22495.0,35344
101925,2024-05,2024-06,2024-07,0.0,1.0,0,16423.0,23588.0,36105
101925,2024-08,2024-09,2024-10,0.0,1.0,0,25134.0,10576.0,37172
101925,2024-11,2024-12,2025-01,0.0,1.0,0,4886.0,35745.0,14805
101925,2025-03,2025-04,2025-05,0.0,1.0,0,13250.0,23297.0,5183
101926,2024-08,2024-09,2024-10,0.0,1.0,0,2532.0,48067.0,32123
101927,2024-02,2024-03,2024-04,0.0,1.0,0,32841.0,35246.0,12832
101927,2025-05,2025-06,2025-07,0.0,1.0,0,37782.0,3473.0,39278
101928,2024-04,2024-05,2024-06,0.0,1.0,0,9047.0,26718.0,11192
101928,2024-06,2024-07,2024-08,0.0,1.0,0,11192.0,9534.0,528
101928,2025-05,2025-06,2025-07,0.0,1.0,0,10049.0,47112.0,47064
101928,2025-08,2025-09,2025-10,0.0,1.0,0,21126.0,47455.0,30409
101929,2024-08,2024-09,2024-10,0.0,1.0,0,3932.0,23899.0,10418
101929,2025-05,2025-06,2025-07,0.0,1.0,0,32159.0,33327.0,29855
101930,2024-03,2024-04,2024-05,0.0,1.0,0,41541.0,16188.0,25754
101930,2024-09,2024-10,2024-11,0.0,1.0,0,29717.0,46702.0,27066
101930,2025-08,2025-09,2025-10,0.0,1.0,0,10293.0,9185.0,7114
101931,2024-10,2024-11,2024-12,0.0,1.0,0,48462.0,3709.0,46971
101931,2025-03,2025-04,2025-05,0.0,1.0,0,31805.0,18177.0,12767
101932,2024-07,2024-08,2024-09,0.0,1.0,0,39694.0,38402.0,39291
101932,2025-01,2025-02,2025-03,0.0,1.0,0,12993.0,39851.0,30379
101932,2025-03,2025-04,2025-05,0.0,1.0,0,30379.0,2782.0,540
101932,2025-09,2025-10,2025-11,0.0,1.0,0,44726.0,36807.0,17886
101933,2024-08,2024-09,2024-10,0.0,1.0,0,45570.0,4669.0,7145
101934,2024-02,2024-03,2024-04,0.0,1.0,0,4446.0,7872.0,16798
101934,2025-05,2025-06,2025-07,0.0,1.0,0,16745.0,8617.0,46658
101935,2025-09,2025-10,2025-11,0.0,1.0,0,10915.0,20109.0,23226
101936,2024-04,2024-05,2024-06,0.0,1.0,0,6836.0,32351.0,26123
101936,2025-08,2025-09,2025-10,0.0,1.0,0,43268.0,40364.0,38206
101937,2024-02,2024-03,2024-04,0.0,1.0,0,19294.0,22369.0,6046
101937,2024-04,2024-05,2024-06,0.0,1.0,0,6046.0,35956.0,22955
101937,2024-10,2024-11,2024-12,0.0,1.0,0,18449.0,10429.0,17652
101937,2025-04,2025-05,2025-06,0.0,1.0,0,11150.0,10470.0,21861
101938,2024-01,2024-02,2024-03,0.0,1.0,0,45747.0,42177.0,39077
101938,2024-03,2024-04,2024-05,0.0,1.0,0,39077.0,20360.0,16688
101938,2025-09,2025-10,2025-11,0.0,1.0,0,17770.0,36016.0,8568
101940,2024-02,2024-03,2024-04,0.0,1.0,0,29371.0,48333.0,31347
101940,2024-05,2024-06,2024-07,0.0,1.0,0,778.0,8779.0,7060
101940,2024-12,2025-01,2025-02,0.0,1.0,0,41267.0,42525.0,41739
101940,2025-07,2025-08,2025-09,0.0,1.0,0,24748.0,36820.0,39342
101941,2024-10,2024-11,2024-12,0.0,1.0,0,7295.0,38380.0,15902
101942,2024-10,2024-11,2024-12,0.0,1.0,0,30764.0,668.0,32663
101943,2024-03,2024-04,2024-05,0.0,1.0,0,2908.0,16573.0,44932
101943,2025-07,2025-08,2025-09,0.0,1.0,0,3784.0,17030.0,37580
101944,2025-08,2025-09,2025-10,0.0,1.0,0,31532.0,17425.0,23286
101944,2025-10,2025-11,2025-12,0.0,1.0,0,23286.0,31431.0,15160
101945,2024-02,2024-03,2024-04,0.0,1.0,0,11375.0,21024.0,16582
101945,2025-04,2025-05,2025-06,0.0,1.0,0,17964.0,34302.0,39780
101945,2025-10,2025-11,2025-12,0.0,1.0,0,45304.0,403.0,41421
101946,2024-06,2024-07,2024-08,0.0,1.0,0,38142.0,19511.0,2776
101946,2024-12,2025-01,2025-02,0.0,1.0,0,47409.0,21961.0,41932
101946,2025-04,2025-05,2025-06,0.0,1.0,0,37203.0,13626.0,13908
101947,2024-04,2024-05,2024-06,0.0,1.0,0,38522.0,43591.0,47825
101947,2024-06,2024-07,2024-08,0.0,1.0,0,47825.0,20332.0,1640
101947,2024-10,2024-11,2024-12,0.0,1.0,0,15807.0,18554.0,5170
101947,2025-01,2025-02,2025-03,0.0,1.0,0,10242.0,34982.0,45206
101947,2025-03,2025-04,2025-05,0.0,1.0,0,45206.0,18952.0,16244
101948,2024-11,2024-12,2025-01,0.0,1.0,0,45445.0,38480.0,1283
101948,2025-01,2025-02,2025-03,0.0,1.0,0,1283.0,39100.0,33000
101948,2025-10,2025-11,2025-12,0.0,1.0,0,26252.0,33103.0,12390
101949,2025-08,2025-09,2025-10,0.0,1.0,0,12765.0,11304.0,29693
101951,2024-03,2024-04,2024-05,0.0,1.0,0,42321.0,33239.0,23844
101951,2025-03,2025-04,2025-05,0.0,1.0,0,25586.0,23948.0,9503
101951,2025-05,2025-06,2025-07,0.0,1.0,0,9503.0,2299.0,30223
101952,2024-03,2024-04,2024-05,0.0,1.0,0,33894.0,28586.0,6337
101952,2024-12,2025-01,2025-02,0.0,1.0,0,15348.0,47984.0,3931
101953,2024-11,2024-12,2025-01,0.0,1.0,0,41654.0,2858.0,37696
101953,2025-07,2025-08,2025-09,0.0,1.0,0,21425.0,37856.0,36776
101954,2024-03,2024-04,2024-05,0.0,1.0,0,33639.0,34362.0,9691
101955,2025-01,2025-02,2025-03,0.0,1.0,0,41214.0,20033.0,11955
101955,2025-07,2025-08,2025-09,0.0,1.0,0,15846.0,1970.0,38465
101956,2024-04,2024-05,2024-06,0.0,1.0,0,34076.0,26061.0,42451
101956,2024-10,2024-11,2024-12,0.0,1.0,0,46725.0,36774.0,25185
101956,2025-03,2025-04,2025-05,0.0,1.0,0,30719.0,41733.0,15695
101956,2025-09,2025-10,2025-11,0.0,1.0,0,24686.0,3271.0,15983
101957,2024-08,2024-09,2024-10,0.0,1.0,0,18828.0,24577.0,6975
101957,2024-10,2024-11,2024-12,0.0,1.0,0,6975.0,41464.0,36538
101957,2025-10,2025-11,2025-12,0.0,1.0,0,39389.0,28460.0,27628
101958,2024-09,2024-10,2024-11,0.0,1.0,0,7890.0,45699.0,2682
101958,2024-11,2024-12,2025-01,0.0,1.0,0,2682.0,18478.0,38445
101958,2025-01,2025-02,2025-03,0.0,1.0,0,38445.0,36613.0,31922
101958,2025-10,2025-11,2025-12,0.0,1.0,0,40985.0,13247.0,47658
101959,2024-04,2024-05,2024-06,0.0,1.0,0,39829.0,31561.0,7998
101959,2024-07,2024-08,2024-09,0.0,1.0,0,26939.0,23319.0,14681
101959,2024-12,2025-01,2025-02,0.0,1.0,0,378.0,26230.0,44833
101960,2025-05,2025-06,2025-07,0.0,1.0,0,26366.0,1147.0,25434
101960,2025-09,2025-10,2025-11,0.0,1.0,0,23654.0,46540.0,48392
101961,2024-02,2024-03,2024-04,0.0,1.0,0,12757.0,18266.0,36516
101961,2024-04,2024-05,2024-06,0.0,1.0,0,36516.0,45960.0,12464
101961,2024-11,2024-12,2025-01,0.0,1.0,0,33822.0,24451.0,40804
101961,2025-02,2025-03,2025-04,0.0,1.0,0,17826.0,36148.0,4487
101962,2025-03,2025-04,2025-05,0.0,1.0,0,17892.0,43895.0,2
101963,2024-03,2024-04,2024-05,0.0,1.0,0,32129.0,14595.0,35402
101963,2024-07,2024-08,2024-09,0.0,1.0,0,12365.0,40536.0,9828
101963,2025-01,2025-02,2025-03,0.0,1.0,0,29544.0,47589.0,18391
101964,2024-01,2024-02,2024-03,0.0,1.0,0,29120.0,6998.0,27404
101965,2024-01,2024-02,2024-03,0.0,1.0,0,46734.0,5814.0,3993
101965,2024-04,2024-05,2024-06,0.0,1.0,0,19610.0,16175.0,16880
101965,2024-10,2024-11,2024-12,0.0,1.0,0,20249.0,35542.0,37717
101965,2025-01,2025-02,2025-03,0.0,1.0,0,18042.0,18396.0,41050
101965,2025-05,2025-06,2025-07,0.0,1.0,0,1374.0,15274.0,33292
101966,2024-02,2024-03,2024-04,0.0,1.0,0,38162.0,14749.0,7650
101966,2025-01,2025-02,2025-03,0.0,1.0,0,13759.0,27631.0,2120
101966,2025-06,2025-07,2025-08,0.0,1.0,0,5722.0,9081.0,29614
101966,2025-10,2025-11,2025-12,0.0,1.0,0,34472.0,40707.0,2419
101967,2024-11,2024-12,2025-01,0.0,1.0,0,10284.0,22733.0,31328
101967,2025-02,2025-03,2025-04,0.0,1.0,0,20058.0,26844.0,18931
101968,2025-05,2025-06,2025-07,0.0,1.0,0,18598.0,25856.0,45671
101969,2024-02,2024-03,2024-04,0.0,1.0,0,25274.0,38022.0,7319
101969,2025-08,2025-09,2025-10,0.0,1.0,0,45220.0,42699.0,19425
101970,2024-08,2024-09,2024-10,0.0,1.0,0,8513.0,25303.0,23034
101970,2024-12,2025-01,2025-02,0.0,1.0,0,6189.0,45305.0,17537
101971,2024-02,2024-03,2024-04,0.0,1.0,0,30790.0,8836.0,8620
101972,2024-02,2024-03,2024-04,0.0,1.0,0,47061.0,24346.0,31961
101974,2024-11,2024-12,2025-01,0.0,1.0,0,18529.0,33947.0,14331
101974,2025-08,2025-09,2025-10,0.0,1.0,0,5836.0,28612.0,12932
101974,2025-10,2025-11,2025-12,0.0,1.0,0,12932.0,7587.0,44049
101976,2024-01,2024-02,2024-03,0.0,1.0,0,23964.0,38678.0,4595
101976,2024-04,2024-05,2024-06,0.0,1.0,0,33242.0,22716.0,41427
101976,2024-07,2024-08,2024-09,0.0,1.0,0,12629.0,33657.0,22784
101976,2024-09,2024-10,2024-11,0.0,1.0,0,22784.0,9103.0,20516
101976,2025-07,2025-08,2025-09,0.0,1.0,0,30150.0,24043.0,18487
101977,2024-02,2024-03,2024-04,0.0,1.0,0,3208.0,43995.0,29992
101977,2025-09,2025-10,2025-11,0.0,1.0,0,37463.0,31142.0,30384
101978,2024-02,2024-03,2024-04,0.0,1.0,0,37431.0,38051.0,33619
101978,2024-08,2024-09,2024-10,0.0,1.0,0,34079.0,30349.0,22216
101979,2024-06,2024-07,2024-08,0.0,1.0,0,833.0,46714.0,27482
101979,2024-11,2024-12,2025-01,0.0,1.0,0,28041.0,38588.0,36626
101979,2025-08,2025-09,2025-10,0.0,1.0,0,21207.0,22361.0,47029
101979,2025-10,2025-11,2025-12,0.0,1.0,0,47029.0,41189.0,38997
101980,2024-08,2024-09,2024-10,0.0,1.0,0,41425.0,12382.0,37342
101980,2024-11,2024-12,2025-01,0.0,1.0,0,46598.0,39456.0,36196
101980,2025-01,2025-02,2025-03,0.0,1.0,0,36196.0,9009.0,7996
101980,2025-07,2025-08,2025-09,0.0,1.0,0,8286.0,24240.0,28147
101981,2024-07,2024-08,2024-09,0.0,1.0,0,26287.0,25990.0,9239
101981,2024-09,2024-10,2024-11,0.0,1.0,0,9239.0,38622.0,37389
101981,2025-02,2025-03,2025-04,0.0,1.0,0,12476.0,30743.0,33914
101981,2025-04,2025-05,2025-06,0.0,1.0,0,33914.0,43486.0,44379
101982,2024-01,2024-02,2024-03,0.0,1.0,0,27326.0,29356.0,18871
101982,2025-02,2025-03,2025-04,0.0,1.0,0,20674.0,8379.0,48139
101982,2025-07,2025-08,2025-09,0.0,1.0,0,34350.0,25967.0,32118
101983,2025-01,2025-02,2025-03,0.0,1.0,0,33333.0,22204.0,47439
101983,2025-05,2025-06,2025-07,0.0,1.0,0,40811.0,20189.0,13624
101983,2025-10,2025-11,2025-12,0.0,1.0,0,10569.0,12589.0,40825
101984,2025-03,2025-04,2025-05,0.0,1.0,0,6362.0,11632.0,23943
101984,2025-07,2025-08,2025-09,0.0,1.0,0,46432.0,26315.0,17481
101985,2025-08,2025-09,2025-10,0.0,1.0,0,18164.0,12958.0,41520
101986,2024-02,2024-03,2024-04,0.0,1.0,0,7349.0,31521.0,1118
101986,2024-05,2024-06,2024-07,0.0,1.0,0,32842.0,40422.0,42340
101986,2025-07,2025-08,2025-09,0.0,1.0,0,45087.0,46887.0,42282
101987,2024-09,2024-10,2024-11,0.0,1.0,0,862.0,39200.0,22326
101987,2024-11,2024-12,2025-01,0.0,1.0,0,22326.0,28803.0,4934
101988,2025-01,2025-02,2025-03,0.0,1.0,0,13949.0,10378.0,5527
101988,2025-07,2025-08,2025-09,0.0,1.0,0,23114.0,41706.0,10442
101989,2025-06,2025-07,2025-08,0.0,1.0,0,39939.0,33685.0,23397
101990,2024-09,2024-10,2024-11,0.0,1.0,0,12437.0,21990.0,33238
101990,2025-02,2025-03,2025-04,0.0,1.0,0,42965.0,1528.0,3657
101990,2025-04,2025-05,2025-06,0.0,1.0,0,3657.0,16046.0,37618
101990,2025-06,2025-07,2025-08,0.0,1.0,0,37618.0,22411.0,3184
101991,2024-03,2024-04,2024-05,0.0,1.0,0,41242.0,33604.0,5394
101992,2025-01,2025-02,2025-03,0.0,1.0,0,28086.0,41466.0,35227
101992,2025-05,2025-06,2025-07,0.0,1.0,0,27817.0,28889.0,2095
101992,2025-07,2025-08,2025-09,0.0,1.0,0,2095.0,31937.0,4410
101993,2024-11,2024-12,2025-01,0.0,1.0,0,24744.0,42279.0,24400
101994,2025-10,2025-11,2025-12,0.0,1.0,0,2549.0,25362.0,22548
101995,2024-06,2024-07,2024-08,0.0,1.0,0,13850.0,32593.0,45617
101995,2025-09,2025-10,2025-11,0.0,1.0,0,22867.0,34704.0,38124
101996,2024-01,2024-02,2024-03,0.0,1.0,0,6636.0,40728.0,35484
101996,2024-03,2024-04,2024-05,0.0,1.0,0,35484.0,13521.0,33800
101996,2024-09,2024-10,2024-11,0.0,1.0,0,10732.0,28595.0,11710
101996,2025-05,2025-06,2025-07,0.0,1.0,0,8344.0,23016.0,40104
101997,2024-05,2024-06,2024-07,0.0,1.0,0,22912.0,13592.0,9380
101997,2025-10,2025-11,2025-12,0.0,1.0,0,46575.0,15079.0,10874
101999,2025-01,2025-02,2025-03,0.0,1.0,0,12734.0,45000.0,29680
101999,2025-06,2025-07,2025-08,0.0,1.0,0,20532.0,11034.0,13463
102000,2025-09,2025-10,2025-11,0.0,1.0,0,39078.0,47804.0,21891
102001,2025-07,2025-08,2025-09,0.0,1.0,0,12542.0,33226.0,23283
102002,2024-04,2024-05,2024-06,0.0,1.0,0,16173.0,24803.0,40685
102003,2025-08,2025-09,2025-10,0.0,1.0,0,7618.0,5481.0,42036
102004,2024-09,2024-10,2024-11,0.0,1.0,0,44784.0,40046.0,2138
102004,2025-04,2025-05,2025-06,0.0,1.0,0,16183.0,30932.0,41397
102005,2025-04,2025-05,2025-06,0.0,1.0,0,6284.0,18610.0,42164
102006,2024-11,2024-12,2025-01,0.0,1.0,0,8333.0,9452.0,47048
102006,2025-05,2025-06,2025-07,0.0,1.0,0,8280.0,24337.0,28534
102006,2025-07,2025-08,2025-09,0.0,1.0,0,28534.0,6919.0,44117
102007,2025-04,2025-05,2025-06,0.0,1.0,0,25127.0,37928.0,21878
102008,2024-04,2024-05,2024-06,0.0,1.0,0,19637.0,3720.0,29093
102008,2025-07,2025-08,2025-09,0.0,1.0,0,12389.0,19018.0,38106
102008,2025-09,2025-10,2025-11,0.0,1.0,0,38106.0,42227.0,22687
102009,2024-02,2024-03,2024-04,0.0,1.0,0,23761.0,24037.0,27510
102009,2024-10,2024-11,2024-12,0.0,1.0,0,48115.0,35896.0,24505
102009,2025-08,2025-09,2025-10,0.0,1.0,0,11775.0,37499.0,46520
102010,2024-02,2024-03,2024-04,0.0,1.0,0,33411.0,27130.0,37108
102010,2024-04,2024-05,2024-06,0.0,1.0,0,37108.0,33776.0,24656
102010,2024-12,2025-01,2025-02,0.0,1.0,0,10796.0,19229.0,10486
102011,2024-02,2024-03,2024-04,0.0,1.0,0,25337.0,21437.0,30203
102011,2025-03,2025-04,2025-05,0.0,1.0,0,36762.0,35446.0,46285
102011,2025-09,2025-10,2025-11,0.0,1.0,0,18999.0,28808.0,7280
102012,2024-04,2024-05,2024-06,0.0,1.0,0,3342.0,1523.0,7789
102012,2024-11,2024-12,2025-01,0.0,1.0,0,36541.0,6202.0,6195
102012,2025-03,2025-04,2025-05,0.0,1.0,0,31628.0,48559.0,27015
102013,2024-06,2024-07,2024-08,0.0,1.0,0,43224.0,21242.0,27036
102013,2024-09,2024-10,2024-11,0.0,1.0,0,17814.0,12356.0,41983
102013,2025-03,2025-04,2025-05,0.0,1.0,0,29965.0,34832.0,37857
102013,2025-05,2025-06,2025-07,0.0,1.0,0,37857.0,31787.0,39669
102014,2025-05,2025-06,2025-07,0.0,1.0,0,4072.0,38634.0,22017
102015,2024-01,2024-02,2024-03,0.0,1.0,0,206.0,40826.0,34396
102015,2025-01,2025-02,2025-03,0.0,1.0,0,34486.0,2573.0,40415
102016,2025-04,2025-05,2025-06,0.0,1.0,0,7338.0,9740.0,44135
102017,2024-12,2025-01,2025-02,0.0,1.0,0,29587.0,19258.0,18938
102017,2025-03,2025-04,2025-05,0.0,1.0,0,45860.0,38935.0,13269
102017,2025-06,2025-07,2025-08,0.0,1.0,0,25129.0,28065.0,17266
102018,2024-04,2024-05,2024-06,0.0,1.0,0,32965.0,35933.0,14093
102019,2024-04,2024-05,2024-06,0.0,1.0,0,29182.0,6207.0,8445
102019,2024-09,2024-10,2024-11,0.0,1.0,0,20749.0,47205.0,46999
102019,2025-04,2025-05,2025-06,0.0,1.0,0,42325.0,15891.0,32834
102020,2024-03,2024-04,2024-05,0.0,1.0,0,33924.0,38027.0,39283
102020,2024-06,2024-07,2024-08,0.0,1.0,0,35809.0,32265.0,395
102020,2024-08,2024-09,2024-10,0.0,1.0,0,395.0,30241.0,24877
102020,2024-10,2024-11,2024-12,0.0,1.0,0,24877.0,44891.0,9883
102020,2025-04,2025-05,2025-06,0.0,1.0,0,38192.0,46848.0,24616
102020,2025-08,2025-09,2025-10,0.0,1.0,0,31529.0,3100.0,17299
102021,2025-09,2025-10,2025-11,0.0,1.0,0,9347.0,33740.0,8085
102022,2024-02,2024-03,2024-04,0.0,1.0,0,8763.0,6157.0,32371
102022,2024-05,2024-06,2024-07,0.0,1.0,0,5314.0,46629.0,18045
102022,2025-02,2025-03,2025-04,0.0,1.0,0,6269.0,6725.0,19638
102022,2025-06,2025-07,2025-08,0.0,1.0,0,29726.0,9393.0,44232
102023,2024-05,2024-06,2024-07,0.0,1.0,0,16333.0,42065.0,19884
102023,2024-11,2024-12,2025-01,0.0,1.0,0,46212.0,31332.0,45050
102024,2024-01,2024-02,2024-03,0.0,1.0,0,42508.0,9079.0,4562
102024,2024-03,2024-04,2024-05,0.0,1.0,0,4562.0,29551.0,40608
102024,2024-12,2025-01,2025-02,0.0,1.0,0,12132.0,28837.0,21972
102025,2024-04,2024-05,2024-06,0.0,1.0,0,1876.0,43832.0,9400
102025,2025-02,2025-03,2025-04,0.0,1.0,0,17103.0,38281.0,25664
102025,2025-07,2025-08,2025-09,0.0,1.0,0,7830.0,13736.0,38644
102027,2024-02,2024-03,2024-04,0.0,1.0,0,21562.0,1010.0,35937
102027,2024-04,2024-05,2024-06,0.0,1.0,0,35937.0,28455.0,1723
102027,2024-07,2024-08,2024-09,0.0,1.0,0,23956.0,30525.0,31396
102027,2025-02,2025-03,2025-04,0.0,1.0,0,31327.0,37650.0,1949
102027,2025-06,2025-07,2025-08,0.0,1.0,0,19123.0,46529.0,11954
102028,2024-08,2024-09,2024-10,0.0,1.0,0,40611.0,3930.0,43594
102028,2024-10,2024-11,2024-12,0.0,1.0,0,43594.0,45464.0,24972
102028,2025-02,2025-03,2025-04,0.0,1.0,0,13979.0,23108.0,24029
102028,2025-05,2025-06,2025-07,0.0,1.0,0,3022.0,30679.0,21652
102029,2024-05,2024-06,2024-07,0.0,1.0,0,42061.0,15984.0,27923
102029,2024-10,2024-11,2024-12,0.0,1.0,0,12685.0,13653.0,38072
102029,2025-01,2025-02,2025-03,0.0,1.0,0,40218.0,35375.0,3281
102029,2025-10,2025-11,2025-12,0.0,1.0,0,25209.0,1581.0,5880
102030,2024-07,2024-08,2024-09,0.0,1.0,0,39508.0,6793.0,47329
102030,2025-07,2025-08,2025-09,0.0,1.0,0,46282.0,29765.0,24590
102031,2024-01,2024-02,2024-03,0.0,1.0,0,9539.0,47255.0,20078
102031,2025-01,2025-02,2025-03,0.0,1.0,0,32700.0,6834.0,26965
102031,2025-10,2025-11,2025-12,0.0,1.0,0,7052.0,47326.0,39441
102032,2024-03,2024-04,2024-05,0.0,1.0,0,3592.0,13895.0,22707
102032,2024-05,2024-06,2024-07,0.0,1.0,0,22707.0,24584.0,35317
102032,2025-05,2025-06,2025-07,0.0,1.0,0,37277.0,39169.0,10681
102033,2024-04,2024-05,2024-06,0.0,1.0,0,27107.0,37160.0,13990
102033,2024-08,2024-09,2024-10,0.0,1.0,0,11482.0,17193.0,31008
102033,2025-03,2025-04,2025-05,0.0,1.0,0,29263.0,34821.0,29864
102034,2025-05,2025-06,2025-07,0.0,1.0,0,47296.0,3803.0,29472
102035,2024-02,2024-03,2024-04,0.0,1.0,0,6206.0,10200.0,32888
102035,2024-12,2025-01,2025-02,0.0,1.0,0,40178.0,5173.0,8231
102035,2025-05,2025-06,2025-07,0.0,1.0,0,36161.0,2087.0,2144
102036,2024-10,2024-11,2024-12,0.0,1.0,0,21431.0,8793.0,38369
102037,2024-01,2024-02,2024-03,0.0,1.0,0,25998.0,19528.0,4554
102037,2024-03,2024-04,2024-05,0.0,1.0,0,4554.0,24473.0,38040
102037,2025-03,2025-04,2025-05,0.0,1.0,0,36627.0,3596.0,1218
102038,2024-04,2024-05,2024-06,0.0,1.0,0,23747.0,38923.0,10196
102038,2025-04,2025-05,2025-06,0.0,1.0,0,15792.0,44487.0,35831
102039,2024-11,2024-12,2025-01,0.0,1.0,0,11837.0,12798.0,5087
102039,2025-06,2025-07,2025-08,0.0,1.0,0,33907.0,46394.0,13682
102041,2024-06,2024-07,2024-08,0.0,1.0,0,42081.0,31096.0,4406
102042,2024-12,2025-01,2025-02,0.0,1.0,0,48432.0,9024.0,23227
102042,2025-08,2025-09,2025-10,0.0,1.0,0,26558.0,45082.0,1662
102043,2025-03,2025-04,2025-05,0.0,1.0,0,19954.0,31435.0,76
102044,2024-09,2024-10,2024-11,0.0,1.0,0,12901.0,43794.0,37211
102045,2024-01,2024-02,2024-03,0.0,1.0,0,28432.0,894.0,1412
102045,2024-04,2024-05,2024-06,0.0,1.0,0,20200.0,30695.0,20198
102045,2024-11,2024-12,2025-01,0.0,1.0,0,14928.0,2508.0,30761
102045,2025-02,2025-03,2025-04,0.0,1.0,0,4064.0,17700.0,15335
102045,2025-10,2025-11,2025-12,0.0,1.0,0,5934.0,35201.0,20974
102046,2025-01,2025-02,2025-03,0.0,1.0,0,19023.0,33256.0,7523
102046,2025-06,2025-07,2025-08,0.0,1.0,0,7127.0,1561.0,41160
102046,2025-08,2025-09,2025-10,0.0,1.0,0,41160.0,24643.0,37905
102048,2024-01,2024-02,2024-03,0.0,1.0,0,38467.0,34893.0,898
102048,2025-06,2025-07,2025-08,0.0,1.0,0,42310.0,6033.0,20531
102048,2025-09,2025-10,2025-11,0.0,1.0,0,6852.0,2062.0,28836
102049,2024-10,2024-11,2024-12,0.0,1.0,0,21790.0,2457.0,34047
102049,2024-12,2025-01,2025-02,0.0,1.0,0,34047.0,20847.0,23301
102049,2025-02,2025-03,2025-04,0.0,1.0,0,23301.0,20092.0,19000
102049,2025-08,2025-09,2025-10,0.0,1.0,0,10179.0,27757.0,39317
102050,2024-07,2024-08,2024-09,0.0,1.0,0,44758.0,38566.0,36130
102050,2024-11,2024-12,2025-01,0.0,1.0,0,30905.0,40587.0,32100
102051,2024-07,2024-08,2024-09,0.0,1.0,0,41802.0,47594.0,15456
102051,2025-10,2025-11,2025-12,0.0,1.0,0,46766.0,33858.0,19901
102052,2024-07,2024-08,2024-09,0.0,1.0,0,46119.0,30449.0,36660
102052,2025-05,2025-06,2025-07,0.0,1.0,0,44297.0,44060.0,27108
102053,2024-02,2024-03,2024-04,0.0,1.0,0,24519.0,15044.0,24778
102053,2024-09,2024-10,2024-11,0.0,1.0,0,7142.0,38532.0,18202
102053,2025-09,2025-10,2025-11,0.0,1.0,0,10086.0,47347.0,26007
102054,2024-05,2024-06,2024-07,0.0,1.0,0,6631.0,4436.0,41613
102054,2024-12,2025-01,2025-02,0.0,1.0,0,17434.0,34867.0,35823
102054,2025-02,2025-03,2025-04,0.0,1.0,0,35823.0,36997.0,16925
102055,2025-07,2025-08,2025-09,0.0,1.0,0,6814.0,20063.0,30209
102056,2025-08,2025-09,2025-10,0.0,1.0,0,43857.0,40357.0,30963
102057,2024-04,2024-05,2024-06,0.0,1.0,0,14292.0,44534.0,4617
102057,2024-09,2024-10,2024-11,0.0,1.0,0,15632.0,14161.0,14818
102057,2025-06,2025-07,2025-08,0.0,1.0,0,45182.0,14125.0,22088
102057,2025-08,2025-09,2025-10,0.0,1.0,0,22088.0,16802.0,32850
102058,2024-01,2024-02,2024-03,0.0,1.0,0,1977.0,18525.0,42046
102058,2024-04,2024-05,2024-06,0.0,1.0,0,22304.0,8360.0,11232
102058,2024-09,2024-10,2024-11,0.0,1.0,0,5272.0,13837.0,22660
102058,2024-11,2024-12,2025-01,0.0,1.0,0,22660.0,30305.0,12711
102059,2024-02,2024-03,2024-04,0.0,1.0,0,28.0,31240.0,43993
102059,2024-07,2024-08,2024-09,0.0,1.0,0,24420.0,46991.0,15464
102059,2024-11,2024-12,2025-01,0.0,1.0,0,12532.0,12573.0,26021
102059,2025-03,2025-04,2025-05,0.0,1.0,0,15932.0,42042.0,13083
102059,2025-08,2025-09,2025-10,0.0,1.0,0,33111.0,38864.0,5506
102060,2024-05,2024-06,2024-07,0.0,1.0,0,8402.0,26547.0,6516
102060,2025-03,2025-04,2025-05,0.0,1.0,0,30690.0,10801.0,20435
102060,2025-05,2025-06,2025-07,0.0,1.0,0,20435.0,44941.0,25595
102061,2025-01,2025-02,2025-03,0.0,1.0,0,7140.0,36754.0,32781
102061,2025-08,2025-09,2025-10,0.0,1.0,0,22928.0,37762.0,43953
102062,2024-08,2024-09,2024-10,0.0,1.0,0,5298.0,35806.0,2891
102063,2024-02,2024-03,2024-04,0.0,1.0,0,27718.0,9713.0,20051
102063,2025-03,2025-04,2025-05,0.0,1.0,0,33108.0,311.0,34238
102064,2024-09,2024-10,2024-11,0.0,1.0,0,27542.0,18149.0,46895
102065,2025-08,2025-09,2025-10,0.0,1.0,0,30214.0,34973.0,24819
102066,2024-08,2024-09,2024-10,0.0,1.0,0,15209.0,46154.0,10975
102066,2025-09,2025-10,2025-11,0.0,1.0,0,5898.0,36495.0,33605
102067,2024-05,2024-06,2024-07,0.0,1.0,0,10623.0,46808.0,24340
102067,2024-11,2024-12,2025-01,0.0,1.0,0,23821.0,7821.0,37107
102067,2025-01,2025-02,2025-03,0.0,1.0,0,37107.0,31800.0,45404
102067,2025-05,2025-06,2025-07,0.0,1.0,0,13071.0,7364.0,27019
102068,2025-08,2025-09,2025-10,0.0,1.0,0,33027.0,3721.0,31846
102068,2025-10,2025-11,2025-12,0.0,1.0,0,31846.0,33055.0,2677
102069,2025-02,2025-03,2025-04,0.0,1.0,0,9592.0,15537.0,30702
102071,2024-12,2025-01,2025-02,0.0,1.0,0,1613.0,12805.0,6082
102072,2024-06,2024-07,2024-08,0.0,1.0,0,7871.0,23688.0,17145
102073,2024-07,2024-08,2024-09,0.0,1.0,0,30578.0,47580.0,15698
102073,2024-11,2024-12,2025-01,0.0,1.0,0,25036.0,17441.0,32236
102073,2025-04,2025-05,2025-06,0.0,1.0,0,17293.0,39422.0,32334
102073,2025-08,2025-09,2025-10,0.0,1.0,0,31416.0,34659.0,32207
102074,2024-02,2024-03,2024-04,0.0,1.0,0,2293.0,6657.0,4501
102074,2024-10,2024-11,2024-12,0.0,1.0,0,44012.0,37045.0,47013
102074,2025-04,2025-05,2025-06,0.0,1.0,0,27535.0,6860.0,41028
102075,2024-04,2024-05,2024-06,0.0,1.0,0,1548.0,3594.0,26733
102075,2024-10,2024-11,2024-12,0.0,1.0,0,42842.0,27760.0,36678
102075,2025-07,2025-08,2025-09,0.0,1.0,0,22133.0,2602.0,43145
102076,2024-10,2024-11,2024-12,0.0,1.0,0,34242.0,39234.0,44398
102076,2025-06,2025-07,2025-08,0.0,1.0,0,27910.0,47861.0,4145
102077,2024-11,2024-12,2025-01,0.0,1.0,0,26035.0,36015.0,7488
102077,2025-03,2025-04,2025-05,0.0,1.0,0,14226.0,42125.0,40914
102077,2025-08,2025-09,2025-10,0.0,1.0,0,18900.0,25269.0,22899
102078,2024-06,2024-07,2024-08,0.0,1.0,0,11784.0,29399.0,31763
102078,2024-08,2024-09,2024-10,0.0,1.0,0,31763.0,1382.0,40677
102078,2024-10,2024-11,2024-12,0.0,1.0,0,40677.0,39843.0,25219
102079,2024-03,2024-04,2024-05,0.0,1.0,0,34968.0,39437.0,3348
102079,2025-07,2025-08,2025-09,0.0,1.0,0,9489.0,29006.0,46027
102079,2025-10,2025-11,2025-12,0.0,1.0,0,30448.0,18532.0,1476
102080,2024-11,2024-12,2025-01,0.0,1.0,0,14329.0,28464.0,37070
102080,2025-04,2025-05,2025-06,0.0,1.0,0,414.0,20008.0,12926
102081,2024-07,2024-08,2024-09,0.0,1.0,0,36569.0,32580.0,32313
102081,2024-10,2024-11,2024-12,0.0,1.0,0,34640.0,27835.0,22393
102081,2025-01,2025-02,2025-03,0.0,1.0,0,37563.0,47440.0,14273
102081,2025-06,2025-07,2025-08,0.0,1.0,0,16528.0,43202.0,39370
102081,2025-09,2025-10,2025-11,0.0,1.0,0,39541.0,10714.0,48534
102082,2024-10,2024-11,2024-12,0.0,1.0,0,30967.0,4188.0,26726
102083,2024-04,2024-05,2024-06,0.0,1.0,0,44083.0,2141.0,31151
102083,2025-02,2025-03,2025-04,0.0,1.0,0,10436.0,41826.0,41240
102085,2024-03,2024-04,2024-05,0.0,1.0,0,10918.0,13254.0,36099
102085,2025-01,2025-02,2025-03,0.0,1.0,0,19852.0,15240.0,45135
102085,2025-03,2025-04,2025-05,0.0,1.0,0,45135.0,40750.0,47198
102085,2025-07,2025-08,2025-09,0.0,1.0,0,14792.0,14766.0,30292
102087,2025-02,2025-03,2025-04,0.0,1.0,0,30446.0,26282.0,7700
102089,2024-09,2024-10,2024-11,0.0,1.0,0,5855.0,28449.0,20651
102089,2025-02,2025-03,2025-04,0.0,1.0,0,22471.0,29400.0,26278
102090,2024-03,2024-04,2024-05,0.0,1.0,0,29543.0,29944.0,37956
102090,2024-07,2024-08,2024-09,0.0,1.0,0,26020.0,48541.0,39178
102090,2025-01,2025-02,2025-03,0.0,1.0,0,12125.0,5152.0,6785
102090,2025-03,2025-04,2025-05,0.0,1.0,0,6785.0,41424.0,12450
102092,2024-04,2024-05,2024-06,0.0,1.0,0,14173.0,5106.0,31137
102095,2025-03,2025-04,2025-05,0.0,1.0,0,36348.0,34841.0,46690
102095,2025-05,2025-06,2025-07,0.0,1.0,0,46690.0,46440.0,7075
102096,2024-07,2024-08,2024-09,0.0,1.0,0,28633.0,11663.0,13086
102096,2024-09,2024-10,2024-11,0.0,1.0,0,13086.0,36789.0,27285
102096,2024-11,2024-12,2025-01,0.0,1.0,0,27285.0,21351.0,45226
102096,2025-06,2025-07,2025-08,0.0,1.0,0,21728.0,7883.0,24659
102096,2025-08,2025-09,2025-10,0.0,1.0,0,24659.0,38586.0,28210
102099,2024-03,2024-04,2024-05,0.0,1.0,0,19935.0,11427.0,19027
102099,2024-09,2024-10,2024-11,0.0,1.0,0,2658.0,8772.0,35863
