selected_precision,baseline_precision,difference
0.26828727648884293,0.1755496445166905,0.09273763197215243
0.26725747770372515,0.17383850091760844,0.09341897678611671
0.2561576354679803,0.17733990147783252,0.0788177339901478
0.25577557755775576,0.17986798679867988,0.07590759075907588
0.25417026299350765,0.1764314877190241,0.07773877527448356
0.2595509695855126,0.17730220573491717,0.08224876385059543
0.27354533482904947,0.17465736721455397,0.0988879676144955
0.27220819280663455,0.1632545542621316,0.10895363854450296
0.2528735632183908,0.15763546798029557,0.0952380952380952
0.25491391503682387,0.15948072639776292,0.09543318863906095
0.2739273927392739,0.19966996699669967,0.07425742574257424
0.24882537514835226,0.18129867173909509,0.06752670340925718
0.2678768960639906,0.17177006616917848,0.09610682989481215
0.26329487018688075,0.17424011979126872,0.08905475039561203
0.26114479022518305,0.15415964952044323,0.10698514070473983
0.24209465281503517,0.15805817034905464,0.08403648246598053
0.2581898583947065,0.16283795867271456,0.09535189972199193
0.2685341764085974,0.18464328603288974,0.08389089037570766
0.258653205222,0.1549122892584825,0.10374091596351753
0.28255586752705125,0.17518841436382446,0.1073674531632268
0.25464281649839865,0.17842096278593378,0.07622185371246487
0.2988892375010606,0.17152992778874976,0.12735930971231085
0.2681152351688371,0.19076883057763905,0.07734640459119807
0.26440405234553305,0.15206968458039832,0.11233436776513472
0.24129451484702222,0.16577623424469365,0.07551828060232857
0.2700905558536149,0.17786827943878128,0.09222227641483363
0.22732445658358938,0.14162968020940025,0.08569477637418912
0.2616373577656273,0.19699357995501043,0.06464377781061686
0.2614260149075928,0.1758014236746337,0.08562459123295912
0.24178575493017282,0.16769903591344357,0.07408671901672925
0.2653514119884895,0.17304784665658687,0.09230356533190262
0.2537677413061503,0.16473199044042336,0.08903575086572696
0.27192768537937534,0.1977921930124047,0.07413549236697065
0.28619389032499315,0.17925831992066202,0.10693557040433113
0.2566006600660066,0.19524752475247523,0.0613531353135314
0.2678929657671649,0.17755452015789816,0.09033844560926677
0.27141556520184035,0.20388886179258323,0.06752670340925712
0.25947015883854396,0.17559537756151736,0.0838747812770266
0.29275868763346924,0.19730796609072673,0.0954507215427425
0.2811913544295606,0.15637740244612697,0.12481395198343365
0.2504064243642216,0.16812489277749185,0.08228153158672977
0.2882423710351331,0.1877530117543774,0.10048935928075572
0.27466996699669965,0.16722772277227724,0.10744224422442242
0.23605448780172134,0.13445609266809033,0.101598395133631
0.2669574949554363,0.16958720355529414,0.09737029140014217
0.29782832673299203,0.18823851379632314,0.10958981293666889
0.2376117914710374,0.1518832862626017,0.0857285052084357
0.24546001398169373,0.14492188135069664,0.10053813263099709
0.2808332050243563,0.18221205632588758,0.09862114869846875
0.2507888212756367,0.17699378602015522,0.07379503525548145
0.26070543159792653,0.18193599278791975,0.07876943881000678
0.2770012295347182,0.17693975279880927,0.1000614767359089
0.2615880991084183,0.1837019522847807,0.07788614682363759
0.24754497359889652,0.17835160473624012,0.0691933688626564
0.28616950364987237,0.19410167617746996,0.09206782747240241
0.22276786902276727,0.15525669543647255,0.06751117358629471
0.28085568393364985,0.2066984951887604,0.07415718874488944
0.27437072065415496,0.18350491765594468,0.09086580299821029
0.26341584158415843,0.16226072607260725,0.10115511551155118
0.2560566618817779,0.16262867955877014,0.09342798232300775
0.2837593479221461,0.21121663302276114,0.07254271489938494
0.2545237686771398,0.1736391931965787,0.08088457548056108
0.26846089150546676,0.17341503464295727,0.09504585686250949
0.2928189370661204,0.18421694386187384,0.10860199320424654
0.2714359671261244,0.17922086326279688,0.09221510386332751
0.28004031930286627,0.16643905769887332,0.11360126160399295
0.26885121864837885,0.1917479635532374,0.07710325509514146
0.26976540018533873,0.19082573281958737,0.07893966736575136
0.2916158610934985,0.16474824822383718,0.12686761286966133
0.27637028408723224,0.2006406523005242,0.07572963178670805
0.26349252572316056,0.18929981233417462,0.07419271338898595
0.2623762376237624,0.1551155115511551,0.10726072607260728
0.3038637956877079,0.19814553692704762,0.10571825876066027
0.24752475247524752,0.15346534653465346,0.09405940594059406
0.2628994354086234,0.1840483889014807,0.07885104650714272
0.2768131492952251,0.17464110943114017,0.10217203986408493
0.27346404591198037,0.18955762571331025,0.08390642019867012
0.18969035716894236,0.1533696601775463,0.03632069699139606
0.3081256401502219,0.18783430067144646,0.12029133947877546
0.2471264367816092,0.15483100034141345,0.09229543644019575
0.3021346469622332,0.2019704433497537,0.10016420361247949
0.2880858085808581,0.19526402640264026,0.09282178217821782
0.2573943570827671,0.1700100304148062,0.0873843266679609
0.2641451410783311,0.16839282266584132,0.09575231841248977
0.2845030808499569,0.17929896437919654,0.10520411647076036
0.2774038487592601,0.19972197572672493,0.07768187303253518
0.26163366336633664,0.20686468646864686,0.05476897689768978
0.2559352839923357,0.19815407024122747,0.05778121375110826
0.2541457954338924,0.17992788176692828,0.07421791366696409
0.27070483314782473,0.16001957890076193,0.1106852542470628
0.25024750060607465,0.15951812477121285,0.09072937583486179
0.25900705109630057,0.17211597282591196,0.08689107827038861
0.2491306867574616,0.17368556618049516,0.07544512057696645
0.2844624363914224,0.2088718724089158,0.07559056398250658
0.24221642680060532,0.14731639782349723,0.09490002897710809
0.26686338584597374,0.17954283113040367,0.08732055471557007
0.27505330490405117,0.1761390093865647,0.09891429551748646
0.28049998588565567,0.1847398621194374,0.09576012376621826
0.2893140028288543,0.19661342242598645,0.09270058040286783
0.2900813347357563,0.22051144974023304,0.06956988499552327
0.2693546520690899,0.1641984323033868,0.10515621976570308
0.2583036628786031,0.1792176754621275,0.07908598741647563
0.2587182363556553,0.16804044936513354,0.09067778699052173
0.25328000780373605,0.12984278723438847,0.12343722056934758
0.281682355427661,0.16301679429026647,0.11866556113739454
0.2730819880017558,0.203905119575997,0.06917686842575882
0.2483821911602925,0.1908367307318967,0.05754546042839581
0.24994716220390512,0.17264953096294852,0.0772976312409566
0.2550120683710162,0.1854095857346929,0.06960248263632329
0.2688190218616182,0.190122025821823,0.07869699603979521
0.2610959371799249,0.17180355720301096,0.08929237997691394
0.26648132793574925,0.1842657172121153,0.08221561072363395
0.27520493254773176,0.1913847837985769,0.08382014874915486
0.2833168316831683,0.18871287128712874,0.09460396039603955
0.26110825184422715,0.19007589311243453,0.07103235873179262
0.24224525974397307,0.16814123144540027,0.0741040282985728
0.25373522573932267,0.17134890828984375,0.08238631744947891
0.2943898780991209,0.2007658270033009,0.09362405109582003
0.24261894610900692,0.16992861700698414,0.07269032910202278
0.25642722348846897,0.20518099159375536,0.05124623189471361
0.2730576013266351,0.15622916971500103,0.11682843161163406
0.2760619345516641,0.18671494015073145,0.08934699440093266
0.27348030369539417,0.16803232047342664,0.10544798322196752
0.2726309939020561,0.21014364548596268,0.06248734841609341
0.28366155856817943,0.18313034156147032,0.10053121700670911
0.27674811816156986,0.18774488286267052,0.08900323529889934
0.25568167065952974,0.17326991503650033,0.08241175562302941
0.2665552753954558,0.1659972618314782,0.10055801356397762
0.25313366039502094,0.16426524289592317,0.08886841749909777
0.24616372097945813,0.18058651706955686,0.06557720390990127
0.2553366174055829,0.1745110471638297,0.08082557024175319
0.24217594173210424,0.1597977531743322,0.08237818855777204
0.2791461412151068,0.19704433497536944,0.08210180623973734
0.2842928216062544,0.17014271826417993,0.11415010334207448
0.2712945703242697,0.19561241892536738,0.0756821513989023
0.23548105122989324,0.18108145642885734,0.0543995948010359
0.2791191103306994,0.19024973173348939,0.08886937859721003
0.26104269293924465,0.19491789819376026,0.06612479474548438
0.28504771659431954,0.21416378091011076,0.07088393568420878
0.3109987372963725,0.21717553262424896,0.09382320467212354
0.28085751200446035,0.19889198424333887,0.08196552776112148
0.29728600214411477,0.201940956193562,0.09534504595055276
0.27506964357195957,0.18273983122156054,0.09232981235039903
0.2669613976323006,0.1845564934017546,0.082404904230546
0.24179388382187972,0.1627566697556455,0.07903721406623421
0.22831920978246767,0.16435152643053352,0.06396768335193415
0.25130038358805457,0.1758063302708132,0.07549405331724138
0.2679738562091503,0.18300653594771243,0.08496732026143788
0.2863076948088898,0.21051390853371052,0.07579378627517927
0.27184639646230635,0.17134890828984375,0.1004974881724626
0.24054266620691922,0.16407459402656685,0.07646807218035237
0.2501456027955737,0.15141072930822494,0.09873487348734875
0.2627293566795103,0.16854411549529336,0.09418524118421695
0.2437692045066576,0.14995366531727064,0.09381553918938695
0.27808294324763705,0.2001198032824384,0.07796313996519866
0.3131539972310764,0.22128046620947228,0.09187353102160412
0.2939244663382594,0.17733990147783252,0.1165845648604269
0.2887258581015811,0.22438454785850617,0.0643413102430749
0.24331844949200807,0.1544198537500809,0.08889859574192716
0.27797558080931245,0.21378172299988618,0.06419385780942627
0.2857193861953567,0.19043092370668535,0.09528846248867134
0.24876034401469704,0.1747061405647954,0.07405420344990166
0.2570274268806191,0.1829081922970622,0.07411923458355688
0.2565559511616186,0.1924352533775545,0.06412069778406412
0.2807764621724415,0.1954054866512441,0.0853709755211974
0.2845725749045493,0.1891056752734097,0.09546689963113958
0.2706969469096016,0.18638181735973758,0.08431512954986403
0.26686338584597374,0.1499048919670292,0.11695849387894455
0.2723310159116787,0.18977205050848442,0.08255896540319427
0.2331889737800207,0.15105337685318806,0.08213559692683264
0.25612942343205636,0.17739162354369312,0.07873779988836324
0.2512436407361397,0.1625397399200946,0.0887039008160451
0.26858671088783753,0.17964037783088652,0.08894633305695102
0.2759634172372461,0.1768714184851321,0.099091998752114
0.28125382937529103,0.18924766681419522,0.09200616256109581
0.23927392739273926,0.19801980198019806,0.0412541254125412
0.29587212452588546,0.1967554964451669,0.09911662808071856
0.28291794696711053,0.16606512868035572,0.11685281828675481
0.2787646411699993,0.20968420371448912,0.06908043745551021
0.28687337003767027,0.1917882095366882,0.09508516050098206
0.26479864735242,0.18749288721975646,0.07730576013266352
0.2545155993431856,0.15599343185550082,0.09852216748768475
0.2480177697572713,0.17672080508543467,0.07129696467183663
0.259848152302915,0.17597424767107253,0.0838739046318425
0.2868089764641489,0.17700183521684534,0.10980714124730354
0.2607552314675626,0.15679297508458293,0.10396225638297965
0.2681152351688371,0.18251800549513078,0.08559722967370634
0.2824510935590806,0.2020869574642193,0.08036413609486129
0.24759390871812717,0.16832771064769148,0.0792661980704357
0.2661445249002512,0.1834146101177282,0.082729914782523
0.2599294412199841,0.18909427888601668,0.07083516233396744
0.2622347789690589,0.1917157667664767,0.07051901220258219
0.2937814663819323,0.17813078366660196,0.11565068271533036
0.23557528166609765,0.1646588304150612,0.07091645125103643
0.3064267017834788,0.20419775967744558,0.10222894210603323
0.3021346469622332,0.19047619047619047,0.11165845648604272
0.2751023209077764,0.18285420189691934,0.09224811901085708
0.2706270627062706,0.15511551155115513,0.1155115511551155
0.2664406834772147,0.18250987660342388,0.08393080687379084
0.24996341998731894,0.16108211806402314,0.0888813019232958
0.2613850481005578,0.1923610240115947,0.0690240240889631
0.24434267557334366,0.168483291973047,0.07585938360029665
0.2603239957846237,0.1730836784876929,0.08724031729693077
0.2533446214306618,0.1480811916463274,0.10526342978433437
0.27256409631110895,0.18165553008502822,0.09090856622608073
0.25323936334520153,0.19239460891901997,0.06084475442618156
0.2610755745084103,0.18010930568830727,0.08096626882010302
0.24669560552114325,0.15289632411517015,0.0937992814059731
0.2512315270935961,0.15763546798029557,0.09359605911330052
0.2310351136576785,0.1584922369893044,0.07254287666837411
0.26194540636329644,0.1811686094717846,0.08077679689151185
0.2881699346405229,0.18751633986928107,0.1006535947712418
0.2507807720789465,0.15743423806304133,0.09334653401590517
0.27637418914305223,0.18420068607846005,0.09217350306459218
0.2649000194137061,0.19415323885329708,0.07074678056040903
0.25376007750028734,0.17781699153234024,0.0759430859679471
0.2685379375375961,0.20424653302768703,0.06429140450990906
0.231795347022387,0.17426718041262257,0.057528166609764425
0.275427412344248,0.19014617341189352,0.08528123893235448
0.2717569786535304,0.158196361508072,0.11356061714545837
0.25091114361050104,0.17482245246802453,0.07608869114247652
0.29824903672633274,0.18451771285502935,0.11373132387130339
0.2668476680855092,0.1646243641045404,0.1022233039809688
0.25412541254125415,0.18151815181518152,0.07260726072607263
0.2571982834806747,0.19120520480494055,0.06599307867573415
0.2631484823359183,0.1825261343868377,0.0806223479490806
0.2823382454153847,0.18865165276307408,0.09368659265231064
0.24550065844022825,0.16140727373229932,0.08409338470792893
0.2721801591923898,0.19507538989193038,0.07710476930045942
0.2755168135003339,0.1731310768015262,0.10238573669880771
0.2652294786128859,0.1795753466972313,0.08565413191565463
0.24620428574297593,0.15752461221201808,0.08867967353095785
0.2762929002259832,0.1611959225479198,0.11509697767806337
0.268701145795001,0.18797079444555517,0.08073035134944581
0.2697858021096227,0.16783148903125608,0.10195431307836664
0.25237345438830333,0.17978156171620396,0.07259189267209937
0.2474806014359767,0.18356997971602432,0.06391062171995238
0.26670206528993545,0.17920758274247092,0.08749448254746453
0.2756393130673997,0.17813871674646328,0.09750059632093641
0.26234784716615916,0.16666120696328143,0.09568664020287773
0.28052805280528054,0.1551155115511551,0.12541254125412543
0.283508565546651,0.19784492970288134,0.08566363584376965
0.25334503893739124,0.16783722707246093,0.08550781186493031
0.26195353525500337,0.17464923832284707,0.0873042969321563
0.2590111952371708,0.1736556008542031,0.08535559438296772
0.24719146791526445,0.1828756767302346,0.06431579118502984
0.30805741407903015,0.19924188580905,0.10881552826998014
0.27015558698727016,0.1796078622640589,0.09054772472321126
0.29287738379749306,0.17691809328716124,0.11595929051033182
0.2640632050853053,0.19303133166048023,0.07103187342482506
0.2620345660553764,0.1746294251901046,0.08740514086527179
0.2878729049375526,0.1826344399145797,0.10523846502297288
0.2289946000702563,0.1399325213015383,0.089062078768718
0.2655910323037303,0.17486325869554828,0.09072777360818204
0.25082920761747524,0.17489577426237587,0.07593343335509936
0.2676803394625177,0.17685306215350596,0.09082727730901172
0.28174738656131626,0.17630753223105564,0.10543985433026062
0.27232288701997176,0.1533534023941325,0.11896948462583926
0.2549464306036515,0.171072525971809,0.08387390463184252
0.2817148709944886,0.1895007234713619,0.0922141475231267
0.2742200328407225,0.15599343185550082,0.11822660098522167
0.25965831877305373,0.19391056752734095,0.06574775124571278
0.29228243021346473,0.20525451559934318,0.08702791461412154
0.2924007868767173,0.22131834365702582,0.07108244321969145
0.2683925547954269,0.1829792505150427,0.08541330428038418
0.27738916256157636,0.1931527093596059,0.08423645320197046
0.2767156025947422,0.20419775967744558,0.07251784291729663
0.245435627306573,0.15149815474158254,0.09393747256499047
0.2374335220449477,0.1498991087256656,0.0875344133192821
0.2737612286293828,0.17374191055732635,0.10001931807205644
0.26929392446633826,0.17733990147783252,0.09195402298850575
0.27426498083016065,0.17231162409199485,0.1019533567381658
0.26319725568615976,0.17763254157928107,0.08556471410687869
0.2903849608547356,0.17487943559446747,0.11550552526026811
0.2615958640198995,0.18420881497016697,0.07738704904973251
0.2528211238973796,0.17715684202439372,0.07566428187298588
0.2520032840722496,0.18720032840722492,0.06480295566502467
0.285605900491527,0.19300718763884328,0.09259871285268373
0.26848916418735475,0.18610284673787578,0.08238631744947897
0.23704666340207328,0.16463233241673597,0.07241433098533731
0.26681044694426065,0.18617095148232565,0.080639495461935
0.27617614702646737,0.19080437455510257,0.08537177247136479
0.2783982831780715,0.19936919800354422,0.07902908517452731
0.2760385472044741,0.1848327074086719,0.09120583979580224
0.2652457363962997,0.1960688679705409,0.06917686842575882
0.2752206739550162,0.17615040696343556,0.09907026699158064
0.22734714575485368,0.135036865320841,0.09231028043401268
0.2653351542050757,0.18293257897218296,0.08240257523289274
0.23521710966081408,0.1429834071216409,0.09223370253917318
0.24466736734525382,0.17905748847849146,0.06560987886676237
0.21009519091578818,0.12788675274366035,0.08220843817212783
0.26973726784443147,0.19080437455510257,0.0789328932893289
0.2697210897560344,0.18585387950559762,0.08386721025043681
0.23076734553831824,0.16482448185999396,0.06594286367832428
0.24176535300588883,0.18740697599171682,0.05435837701417201
0.2726711601904902,0.1806675669015757,0.0920035932889145
0.2532962251449025,0.1639081818629624,0.08938804328194011
0.2467443788713847,0.1661708042725455,0.08057357459883921
0.27439158885376075,0.20485421823558725,0.0695373706181735
0.24064724980389,0.17489831479561155,0.06574893500827844
0.2631322245525045,0.1809410005039913,0.0821912240485132
0.28030376010176566,0.18626736579988415,0.09403639430188152
0.23966841772557435,0.1790335002784544,0.060634917447119935
0.2318441203726284,0.16282982978100766,0.06901429059162073
0.261087808288218,0.17405040996710508,0.0870373983211129
0.24752058692377585,0.16165316259587137,0.08586742432790448
0.25011833520507193,0.1774593179182807,0.07265901728679122
0.2664731990440423,0.18921621226162025,0.07725698678242207
0.2622347789690589,0.16388164461186774,0.09835313435719115
0.231233417459393,0.16734614637934384,0.06388727108004916
0.2841168787988622,0.19711191634956018,0.08700496244930203
0.27389095427445836,0.17662755173392494,0.09726340254053342
0.235176142853779,0.14485322349904106,0.09032291935473793
0.27880836756567356,0.18639831779663518,0.09241004976903838
0.27420807858821233,0.19551052468329996,0.07869755390491237
0.2857671235103806,0.17566797972176237,0.11009914378861821
0.25735630323564673,0.17321268925657363,0.0841436139790731
0.28758846033857116,0.21483342364087155,0.07275503669769962
0.2687989387174012,0.20334239306283566,0.06545654565456552
0.24670373441285012,0.16782096928904713,0.07888276512380299
0.2706270627062706,0.17986798679867988,0.09075907590759075
0.27769151922220253,0.20368432155843982,0.07400719766376271
0.26738840710039685,0.1517766400564768,0.11561176704392004
0.2512887124312755,0.17181743172479147,0.07947128070648402
0.26936325913089715,0.20357534159675025,0.0657879175341469
0.3057895341772983,0.20161568395645535,0.10417385022084297
0.26152270399453736,0.17256824204587948,0.08895446194865789
0.2664325545855078,0.1612040514396267,0.10522850314588109
0.27363775395215556,0.1811479764319521,0.09248977752020346
0.24131387597237489,0.17556261306308377,0.06575126290929112
0.2833650360109903,0.18612723341299645,0.09723780259799383
0.27133889859574195,0.19900666537241962,0.07233223322332233
0.28240247959887266,0.17564407121674208,0.10675840838213058
0.2764067047098799,0.17268204652977615,0.10372465818010373
0.2538566631026579,0.17128925359612346,0.08256740950653446
0.2938728239674156,0.1871304342836486,0.10674238968376701
0.23394950332471667,0.17296655773951777,0.0609829455851989
0.225739322700743,0.14003641743484693,0.08570290526589608
0.2704691071831031,0.17540004507550147,0.0950690621076016
0.23152709359605914,0.15763546798029557,0.07389162561576357
0.2854785478547855,0.16336633663366337,0.12211221122112212
0.24837856920020362,0.1639574405201714,0.08442112868003224
0.24008663338383904,0.1644522966160216,0.07563433676781744
0.260681284007856,0.19177211114330792,0.06890917286454809
0.281682355427661,0.20426279081110085,0.07741956461656016
0.2664369378114282,0.15935417071118876,0.10708276710023942
0.2717976231120649,0.17461672275601944,0.09718090035604546
0.2479474548440066,0.19704433497536947,0.05090311986863713
0.31249898388853664,0.20227934123461608,0.11021964265392056
0.24078525060583322,0.2076095449755687,0.033175705630264535
0.25328415194460624,0.1480618650100304,0.10522228693457583
0.23226233365193735,0.1778954161867183,0.054366917465219045
0.2442244224422442,0.13696369636963698,0.10726072607260723
0.212603033702385,0.12848526231933538,0.08411777138304963
0.2577541577687181,0.19161101404258074,0.06614314372613733
0.26436781609195403,0.1724137931034483,0.09195402298850575
0.27646455734463965,0.17424011979126872,0.10222443755337093
0.2722000639149276,0.1750182738294416,0.09718179008548603
0.2450698271797623,0.175933603212538,0.0691362239672243
0.24092409240924093,0.1468646864686469,0.09405940594059403
0.25742574257425743,0.16666666666666666,0.09075907590759077
0.2434640522875817,0.16339869281045752,0.08006535947712418
0.27887388400629637,0.16489618596445335,0.11397769804184302
0.25782802160813095,0.18848004203405413,0.06934797957407682
0.21582563373608152,0.16144237760295402,0.0543832561331275
0.288303964577768,0.17116388500845528,0.11714007956931274
0.26770464644262165,0.17900074562657656,0.0887039008160451
0.2388674828073941,0.17295842884781087,0.06590905395958321
0.30100473101497344,0.21060332634248646,0.09040140467248697
0.26233167026723997,0.18305685799812976,0.0792748122691102
0.2626329138620623,0.17081260364842454,0.09182031021363773
0.2742200328407225,0.180623973727422,0.09359605911330049
0.22554714114158272,0.14658235914025927,0.07896478200132345
0.274095071054483,0.18704189312005673,0.08705317793442627
0.2467281210879709,0.1726332731795347,0.0740948479084362
0.2786953862004572,0.18528445861103063,0.09341092758942657
0.2840296224744426,0.16264187394349192,0.12138774853095066
0.28432549894207126,0.214837144327623,0.06948835461444827
0.2713911785267196,0.19898714009331966,0.07240403843339996
0.23389260108276835,0.14819782470857923,0.08569477637418912
0.26148644276192323,0.1628324597165599,0.09865398304536332
0.25863294365610373,0.1878456649429372,0.07078727871316653
0.2545523209037322,0.18173981577262202,0.07281250513111018
0.27971643280746844,0.21197547469837139,0.06774095810909705
0.26361995805491883,0.16804044936513354,0.09557950868978529
0.24921117872436327,0.16554782832673298,0.08366335039763029
0.2603196280219155,0.17134077939813686,0.08897884862377864
0.2607260726072607,0.1831683168316832,0.07755775577557752
0.2590639366855589,0.18630857644988086,0.07275536023567802
0.26891599166533814,0.16821301643435427,0.10070297523098387
0.2619941797135379,0.14989676307532232,0.11209741663821557
0.2812352663837812,0.16282982978100766,0.11840543660277356
0.24752410535171165,0.15654597812722448,0.09097812722448717
0.27215138929134874,0.16890434334653404,0.10324704594481471
0.27140361094933024,0.18248883711900601,0.08891477383032423
0.2502318054456894,0.15478687903908916,0.09544492640660024
0.2779837097010194,0.1957518411939716,0.08223186850704778
0.2751629842787235,0.19274415126241687,0.08241883301630662
0.28092212206295253,0.18181370375843553,0.099108418304517
0.280679712422126,0.18387082840419655,0.09680888401792948
0.27257799671592775,0.17898193760262726,0.09359605911330049
0.2687868250748575,0.19496764222930552,0.073819182845552
0.26525386528800665,0.18290006340535533,0.08235380188265132
0.23551372856571004,0.15978400281025087,0.07572972575545917
0.2471386907825405,0.17139262635917296,0.07574606442336754
0.26036840137215694,0.16148856264936837,0.09887983872278858
0.2709644914071239,0.183975707046219,0.08698878436090493
0.26355492692126353,0.1729828155229316,0.09057211139833193
0.2438709572008594,0.13500641292715404,0.10886454427370537
0.2592108229277453,0.1882691761566422,0.07094164677110307
0.26527012307142045,0.19767838852850805,0.0675917345429124
0.2808166284608757,0.1882724479344486,0.09254418052642707
0.2627257799671593,0.18226600985221678,0.08045977011494251
0.2644447217831027,0.18726814727256558,0.07717657451053711
0.2652457363962997,0.18454209953015002,0.0807036368661497
0.24671186330455708,0.17100749483815378,0.0757043684664033
0.25173551837942415,0.1792258043538344,0.07250971402558976
0.2518300653594771,0.17591503267973854,0.07591503267973856
0.27474841080167134,0.15952137085629745,0.1152270399453739
0.288515406162465,0.19010592742844265,0.09840947873402237
0.26978978686045946,0.19418296509453903,0.07560682176592043
0.2767156025947422,0.2108390642019867,0.06587653839275551
0.2798184818481848,0.182013201320132,0.09780528052805282
0.2335593165227853,0.16117153587279912,0.07238778064998619
0.24130995189071144,0.1835131274321462,0.05779682445856524
0.31189408919569994,0.17652114818128384,0.1353729410144161
0.2380952380952381,0.1510673234811166,0.08702791461412152
0.2602913184488069,0.18113047243258254,0.07916084601622433
0.29078206328095496,0.1999326798351477,0.09084938344580726
0.2536864523890813,0.16962558324797997,0.08406086914110131
0.2558046555335631,0.17155447623285966,0.08425017930070341
0.25208506072282105,0.17133265050642996,0.0807524102163911
0.2713112374215216,0.15104578532116045,0.12026545210036113
0.2483538994293518,0.17267391763806925,0.07567998179128255
0.2882549485740427,0.1992745631448668,0.08898038542917591
0.24999593555414656,0.17430782487115706,0.0756881106829895
0.28453559641678455,0.20887187240891578,0.07566372400786878
0.3086753716177441,0.2128335545119838,0.09584181710576031
0.26146580175258904,0.18420881497016697,0.07725698678242207
0.2757775125527621,0.17076625802249887,0.10501125453026325
0.2801216082199353,0.18123364060543987,0.09888796761449545
0.2867230533413306,0.1879133260121447,0.09880972732918589
0.29638934042658,0.20870893059455198,0.08768040983202802
0.25949446581864793,0.1871061273035446,0.07238833851510335
0.25539351964753126,0.18944382122941358,0.06594969841811768
0.24482977270510195,0.14281533508925956,0.10201443761584239
0.27569629619384256,0.21124931035857797,0.06444698583526459
0.2707789614081663,0.17395358052177282,0.0968253808863935
0.25738111336488617,0.16387359541517757,0.0935075179497086
0.2425535914373733,0.18636555957632375,0.05618803186104954
0.24302134646962234,0.14614121510673236,0.09688013136288998
0.25615763546798026,0.1921182266009852,0.06403940886699505
0.24608490260790783,0.1819226040251084,0.06416229858279943
0.28004844819457314,0.1844851972882017,0.09556325090637144
0.26144954396917525,0.19898714009331966,0.06246240387585558
0.23190915150628363,0.15136809247427205,0.08054105903201159
0.26770480583265516,0.1805865967645736,0.08711820906808157
0.26372577995288554,0.17955601530302281,0.08416976464986273
0.26808710282792986,0.19730796609072673,0.07077913673720312
0.24229753967495082,0.16320141671761557,0.07909612295733526
0.28177177323643693,0.19603635240371328,0.08573542083272365
0.2547749756962315,0.16102994637553084,0.09374502932070064
0.285946505098271,0.186788828136545,0.09915767696172603
0.2806634534492344,0.20459914898187856,0.07606430446735582
0.280873530702824,0.18402463978649386,0.09684889091633014
0.256523435594791,0.1875254027865841,0.0689980328082069
0.2731226324602904,0.17760002601245348,0.09552260644783692
0.2206831520590483,0.14166219577622788,0.07902095628282041
0.2756715859807435,0.19977928239114626,0.07589230358959723
0.24917491749174916,0.1600660066006601,0.08910891089108908
0.25808463718305985,0.20557924662402274,0.05250539055903711
0.2536414806100859,0.1926083866382374,0.0610330939718485
0.26763220367241014,0.13782806852113783,0.12980413515127232
0.27864221891899466,0.1977327012771514,0.08090951764184326
0.24916238039508679,0.1700674552419583,0.07909492515312849
0.2873043606881696,0.18877270949349353,0.09853165119467608
0.26386462175629327,0.19844043227852196,0.06542418947777132
0.25125199087072886,0.1768714184851321,0.07438057238559675
0.2680995197873282,0.18241786335395369,0.08568165643337453
0.26440431640961837,0.17733464160672804,0.08706967480289032
0.2783332520444162,0.2058154091271196,0.07251784291729663
0.2647220604413383,0.19580340386979875,0.06891865657153953
0.27044624443220483,0.1901842244779566,0.08026201995424823
0.2429847462358176,0.16532847314582202,0.07765627308999556
0.280443081621595,0.1823993070948886,0.09804377452670637
0.28118649303353976,0.18753353167829098,0.09365296135524878
0.25828318125930244,0.16789620138484437,0.09038697987445807
0.269485903814262,0.1718470354498136,0.0976388683644484
0.28262975551286473,0.2264666765183981,0.056163078994466625
0.28558964270811316,0.19956671793934777,0.08602292476876539
0.2569786535303777,0.1861597489798241,0.07081890455055359
0.2729927105513676,0.19893625660935157,0.07405645394201602
0.2800972215448146,0.19772716187874947,0.08237005966606512
0.27965013250093484,0.21209904241655694,0.0675510900843779
0.28052545155993436,0.19964696223316913,0.08087848932676522
0.23418807214152781,0.1451841897666717,0.08900388237485612
0.26676647670562476,0.20131040922115973,0.06545606748446503
0.2827566264110722,0.18097970016622192,0.10177692624485027
0.3054187192118227,0.1986863711001642,0.10673234811165846
0.27603730522305964,0.17678932072311712,0.09924798449994252
0.28960396039603964,0.18921892189218922,0.10038503850385042
0.2821782178217822,0.19471947194719472,0.08745874587458749
0.2872723232914424,0.17388870877815107,0.11338361451329135
0.26236464735147785,0.18481123792800702,0.07755340942347083
0.2981677478092637,0.20102749191175273,0.09714025589751096
0.3213939040962919,0.18698634569339287,0.13440755840289906
0.290880580595373,0.1834802883273402,0.10740029226803277
0.27185092599400373,0.16627045396988782,0.10558047202411591
0.2590759075907591,0.17326732673267328,0.08580858085808582
0.23803425118631263,0.16526279493621004,0.07277145625010259
0.29321725275975874,0.20431969305304917,0.08889755970670957
0.28905191301512073,0.18708213910350757,0.10196977391161316
0.286406252565555,0.2052444050375187,0.08116184752803632
0.25160545611211366,0.16452063925604385,0.08708481685606981
0.2618843385698764,0.17467669860876242,0.087207639961114
0.28295046253393813,0.20227934123461608,0.08067112129932205
0.2854785478547855,0.19471947194719472,0.09075907590759077
0.24456102326650575,0.18509761423903584,0.05946340902746991
0.2937179682235557,0.20950087068114207,0.08421709754241366
0.3090980739865032,0.2230431998423723,0.08605487414413088
0.2701799736623909,0.18609471784616885,0.08408525581622203
0.2603566731204405,0.16654821132433073,0.09380846179610974
0.2561778565916293,0.15362954205868348,0.1025483145329458
0.25742574257425743,0.18316831683168314,0.0742574257425743
0.2544950332471671,0.1948243346502138,0.059670698596953314
0.2739273927392739,0.18811881188118815,0.08580858085808576
0.25195465112797494,0.17621608517304757,0.07573856595492737
0.28215654077723046,0.17543224186226214,0.10672429891496832
0.2821782178217822,0.1831683168316832,0.09900990099009901
0.25041024734606915,0.16481029138910377,0.08559995595696537
0.2824302134646962,0.18719211822660098,0.09523809523809523
0.27792680745907106,0.16777219593880568,0.11015461152026537
0.27601267589445516,0.1636372592483129,0.11237541664614226
0.2627464209764934,0.1871954654173038,0.07555095555918961
0.24342801110837198,0.17272903328426928,0.0706989778241027
0.2692257852270304,0.18549684583062773,0.08372893939640266
0.23974914877752626,0.15769484076776266,0.0820543080097636
0.2784354091610911,0.18119582710421622,0.09723958205687488
0.23077851830387328,0.14400817798383722,0.08677034032003605
0.2553122307304622,0.18445268172137408,0.07085954900908814
0.2821173117973514,0.19482033491195602,0.08729697688539537
0.276821278186932,0.17790079500560893,0.09892048318132304
0.2664894568274561,0.1743891137882261,0.09210034303923001
0.25032922011412967,0.18272935667951032,0.06759986343461935
0.24317656381475217,0.17198081840387555,0.07119574541087662
0.28571428571428575,0.20689655172413793,0.07881773399014783
0.27908669111157863,0.17654585839438294,0.10254083271719569
0.2842552912007619,0.20822455379866345,0.07603073740209843
0.2507067889349041,0.15832844588774736,0.09237834304715675
0.2710954494464225,0.17360939049569982,0.09748605895072268
0.2414315105807886,0.16091451944383078,0.08051699113695782
0.263684989188574,0.17134077939813686,0.09234420979043717
0.26809897738542326,0.1808434538035084,0.08725552358191485
0.2582792762034824,0.2056609601846884,0.05261831601879399
0.23887561169910096,0.17135703718155068,0.06751857451755028
0.2541415906296512,0.1950106775383421,0.059130913091309106
0.2670015770049911,0.1483278869758897,0.11867369002910141
0.27345591702027344,0.186167877871531,0.08728803914874245
0.26450170372006776,0.1838460432539922,0.08065566046607556
0.26856685374441425,0.183001249908095,0.08556560383631925
0.2405257767156026,0.19108585735420833,0.049439919361394274
0.26728967449048585,0.1737902057374674,0.09349946875301846
0.2955665024630542,0.19376026272577995,0.10180623973727426
0.277504105090312,0.19211822660098524,0.08538587848932674
0.25236453201970444,0.1779802955665025,0.07438423645320194
0.25942975346505964,0.17231130531192787,0.08711844815313177
0.25533661740558294,0.17789266611390206,0.07744395129168088
0.26401475527304213,0.16512525085314944,0.0988895044198927
0.305753661903945,0.19999346453283662,0.10576019737110837
0.2558857826816429,0.19488577046808428,0.061000012213558635
0.2764067047098799,0.1859483977954446,0.0904583069144353
0.25755228636605293,0.16992056899977181,0.08763171736628111
0.2540232958668266,0.18810587036205273,0.06591742550477386
0.23895640222494594,0.15305606504460806,0.08590033718033788
0.2990090084059116,0.21505333668689963,0.08395567171901197
0.2516663431048987,0.17774865721866306,0.07391768588623565
0.2594417077175698,0.17569786535303777,0.08374384236453203
0.23631736819002094,0.16014453169454876,0.07617283649547218
0.2639080459770115,0.19285714285714284,0.07105090311986867
0.2760865638802686,0.20655796922975878,0.06952859465050981
0.2710539710687487,0.19336485887394708,0.0776891121948016
0.23605074213593483,0.17374995975401655,0.062300782381918274
0.2557149296500209,0.18027785826974466,0.07543707138027625
0.24674820423218793,0.17108328479906812,0.07566491943311981
0.225308491440277,0.13322440618446083,0.09208408525581618
0.28761308966717564,0.17847232484442474,0.1091407648227509
0.2698963926243371,0.1638671329819549,0.10602925964238222
0.26039285227908215,0.17965477408144678,0.08073807819763537
0.23433503926820887,0.16988781077946044,0.06444722848874843
0.25794387813165554,0.1801861516200881,0.07775772651156743
0.2768619226454665,0.1597977531743322,0.1170641694711343
0.24973295244311902,0.18073061342333152,0.0690023390197875
0.2561860663678308,0.17189629410702265,0.08428977226080817
0.28662472158545904,0.1861922645466517,0.10043245703880735
0.26282691294339516,0.17902545108176424,0.08380146186163093
0.2932416394348795,0.2059373425027232,0.08730429693215633
0.24934210574207924,0.15680078043831144,0.0925413253037678
0.2786551402170064,0.17204353005570042,0.10661161016130596
0.28787026905461105,0.19231104690975723,0.09555922214485382
0.271878912029134,0.18943569233770666,0.08244321969142734
0.28889802074832877,0.1930395414366817,0.09585847931164707
0.25577557755775576,0.16996699669966997,0.08580858085808579
0.2618885041213481,0.17290152660586255,0.08898697751548557
0.28331816939376114,0.16933870735624923,0.11397946203751191
0.25815768415580415,0.15516664193011098,0.10299104222569316
0.2512109419897213,0.15529612662758815,0.09591481536213317
0.2618155582020011,0.17447633701034723,0.08733922119165385
0.24752475247524752,0.16006600660066006,0.08745874587458746
0.2606812625972545,0.18652049382572256,0.07416076877153194
0.26295864880605707,0.187229017019349,0.07572963178670808
0.2594417077175698,0.1592775041050903,0.10016420361247949
0.2945603528767829,0.19151453684922246,0.10304581602756044
0.26063298882771496,0.1999903409639718,0.060642647863743154
0.30037585763792257,0.19356078609889385,0.10681507153902872
0.2619618853895925,0.16816760692750576,0.09379427846208671
0.28128842295994305,0.18104898725166638,0.10023943570827668
0.2577472322717638,0.17224667265335633,0.0855005596184075
0.29228243021346473,0.19704433497536947,0.09523809523809526
0.3014355622754394,0.20914825472695053,0.09228730754848885
0.26663366336633665,0.1672112211221122,0.09942244224422445
0.23561592612463214,0.14166219577622788,0.09395373034840426
0.2743296717731475,0.18676419880794048,0.087565472965207
0.27404629294633015,0.1666040620678493,0.10744223087848084
0.27516767557940996,0.17298564648024248,0.10218202909916749
0.27619701165763955,0.21820290991675448,0.05799410174088507
0.27056648021981816,0.20961564577897393,0.06095083444084423
0.2727287654138548,0.1900809483933468,0.08264781702050802
0.2889983579638752,0.23973727422003285,0.04926108374384233
0.2408098799344377,0.16646021494159952,0.07434966499283818
0.2669365458713359,0.1894844656879481,0.07745208018338781
0.2549464306036515,0.16769903591344357,0.08724739469020795
0.2472040454541741,0.17296930781233408,0.07423473764184002
0.27182200978718557,0.18773675397096357,0.084085255816222
0.22567429156708774,0.14000390186801934,0.0856703896990684
0.2672906177464302,0.19134076483892784,0.07594985290750236
0.27389001577642547,0.18034225184326602,0.09354776393315944
0.25169487392088963,0.15793623697345105,0.09375863694743858
0.2767933730362963,0.1845452540254393,0.092248119010857
0.2704624890849435,0.17707945209390638,0.09338303699103714
0.28173925766960933,0.18774488286267052,0.09399437480693881
0.2699539585949322,0.2028558549856724,0.0670981036092598
0.2602302102131395,0.16315498544928386,0.09707522476385566
0.2796644229831236,0.18206223783045558,0.09760218515266803
0.25208858985141575,0.15216468420841844,0.0999239056429973
0.271878912029134,0.18618413565494482,0.08569477637418918
0.2540108716754028,0.16973273797968033,0.08427813369572248
0.2688587848932677,0.19616584564860426,0.07269293924466344
0.27255877475368256,0.19342015413130423,0.07913862062237834
0.26150644621112357,0.15618039636475964,0.10532604984636393
0.28184925561514385,0.19143177978174464,0.09041747583339921
0.260632988827715,0.1836102256994752,0.07702276312823983
0.23678648653042642,0.15783056138126128,0.07895592514916513
0.2799996748443317,0.1894844656879481,0.09051520915638359
0.28045105076642507,0.19631572744804812,0.08413532331837695
0.27555008210180626,0.18136288998357963,0.09418719211822663
0.25295835871619615,0.17407423877710868,0.07888411993908748
0.25698678242208456,0.16138288705717863,0.09560389536490593
0.29238428044485115,0.19368232099941377,0.09870195944543739
0.2620104374969517,0.15158757255035846,0.11042286494659323
0.2624049111770967,0.20127427050476535,0.06113064067233134
0.24878473068981774,0.1564730364662082,0.09231169422360955
0.25991318343657027,0.16940610317189356,0.09050708026467671
0.2783019961346442,0.18936041979966212,0.08894157633498206
0.2810133954571928,0.187229017019349,0.09378437843784379
0.2677384610382221,0.18988221235916694,0.07785624867905513
0.27733849408762656,0.1963566145600664,0.08098187952756017
0.2751223398201889,0.20753873416898339,0.06758360565120552
0.30093969988131825,0.19897088230990587,0.10196881757141238
0.2880646511478155,0.19976496345664704,0.08829968769116844
0.29204173373988723,0.19848831456478674,0.09355341917510049
0.274700341622324,0.2040255113882918,0.07067483023403218
0.26727330846458663,0.17483033870624765,0.09244296975833899
0.24831325497081727,0.17434034043798471,0.07397291453283256
0.2512396964275503,0.16207958565138184,0.08916011077616845
0.29159960331008467,0.2239997398754654,0.06759986343461927
0.2619372774715895,0.1927604090458307,0.06917686842575882
0.2791461412151068,0.2036124794745484,0.07553366174055837
0.24636606662694668,0.1641009652979207,0.08226510132902598
0.2537068352817195,0.19759984968425526,0.05610698559746424
0.26233979915894684,0.18958419626978507,0.07275560288916177
0.27792591328098326,0.17686834446991498,0.10105756881106828
0.25203212182110796,0.18607291947487523,0.06595920234623273
0.28525548150294605,0.18693454393251555,0.0983209375704305
0.2735128192622218,0.18119299614690532,0.0923198231153165
0.28656389644552277,0.2043803968662435,0.08218349957927926
0.2507721436065377,0.16817245286031435,0.08259969074622336
0.264026402640264,0.17326732673267328,0.09075907590759072
0.23607526916944324,0.1666367394036661,0.06943852976577713
0.26402640264026406,0.19471947194719474,0.06930693069306931
0.2474144260246185,0.17159528246038336,0.07581914356423514
0.25577557755775576,0.15676567656765675,0.09900990099009901
0.2647058823529412,0.19062641558273474,0.07407946677020644
0.3019510774606872,0.19115252701740762,0.1107985504432796
0.2585475843457919,0.17604609451287534,0.08250148983291655
0.2910061942154807,0.19239460891901997,0.09861158529646072
0.25328415194460624,0.15941888306477706,0.09386526887982918
0.2331083854654122,0.18015532896573241,0.052953056499679796
0.25658846672844626,0.1677884537222195,0.08880001300622675
0.2591244418559503,0.18847472982592375,0.07064971203002654
0.2537677413061503,0.1960932546456616,0.057674486660488716
0.2507888212756367,0.18361827489616536,0.06717054637947131
0.2668064836040254,0.1877530117543774,0.07905347184964803
0.26650165016501653,0.17435125865527726,0.09215039150973928
0.2365057209864713,0.1691082031993405,0.0673975177871308
0.23556715277439075,0.1729584288478109,0.06260872392657985
0.28501520102749195,0.17964037783088652,0.10537482319660543
0.28833991773561596,0.19441870295403926,0.0939212147815767
0.2488624202468773,0.16145871627086245,0.08740370397601485
0.24913839814243907,0.16817261462930352,0.08096578351313555
0.257799671592775,0.1904761904761905,0.06732348111658451
0.24670373441285012,0.1891349233445512,0.05756881106829892
0.2840689023987881,0.2071020054772791,0.07696689692150901
0.2821782178217822,0.20132013201320131,0.08085808580858089
0.2503535033046764,0.16124169484551618,0.0891118084591602
0.2722772277227723,0.17821782178217824,0.09405940594059406
0.2570072461992174,0.17122923968008888,0.08577800651912851
0.2695280365474971,0.1949396023346177,0.07458843421287936
0.2661034760192437,0.1768467891565276,0.08925668686271612
0.2627056968229422,0.20369655771720319,0.05900913910573902
0.23812321104611187,0.19864891444229904,0.039474296603812825
0.2676518883415435,0.1724137931034483,0.09523809523809523
0.27580696304924607,0.17161004335727692,0.10419691969196915
0.2648029508833236,0.16627839254513685,0.09852455833818677
0.24257425742574257,0.1617161716171617,0.08085808580858087
0.29384803049086616,0.18985374384802645,0.10399428664283972
0.26761570680394614,0.21511047801389815,0.052505228790047986
0.2712224727289289,0.18127152178505268,0.08995095094387623
0.2672493262119389,0.2178902913451407,0.04935903486679821
0.2801721348605449,0.21633339804568694,0.06383873681485794
0.26648132793574925,0.1693410720382383,0.09714025589751094
0.2660098522167488,0.16091954022988506,0.10509031198686372
0.28712871287128716,0.19471947194719474,0.09240924092409242
0.2524956304173907,0.16492097706204706,0.08757465335534365
0.2623762376237624,0.17491749174917492,0.08745874587458746
0.25577557755775576,0.1881188118811881,0.06765676567656767
0.2894860914662895,0.17112129932205042,0.11836479214423909
0.2715383478646372,0.1739569479335993,0.0975813999310379
0.28388160483572805,0.18491129680573382,0.09897030802999424
0.26192914857988264,0.1778601505470744,0.08406899803280823
0.25820585568246857,0.16286756596617033,0.09533828971629824
0.27503696623614277,0.15653260789647822,0.11850435833966455
0.2731023102310231,0.20418365365948357,0.06891865657153953
0.25199594147298837,0.16620064113522853,0.08579530033775984
0.25371067967416855,0.17033710035738434,0.08337357931678421
0.25779967159277506,0.19376026272577995,0.0640394088669951
0.2678111094691558,0.19168185475263944,0.07612925471651638
0.2602423024450817,0.1499644633972992,0.11027783904778246
0.2170128777583641,0.15450074419206627,0.06251213356629781
0.2618569604449685,0.17334474480446613,0.08851221564050235
0.26684312428007745,0.1779280935225351,0.08891503075754234
0.25899029135322915,0.18474799101114436,0.07424230034208479
0.27257799671592775,0.17733990147783252,0.09523809523809523
0.2560715505048042,0.16530906046269653,0.09076249004210765
0.2867109444566985,0.19774689769543088,0.0889640467612676
0.2634978379312909,0.16963160319543805,0.09386623473585284
0.2679051376941238,0.1603885335228619,0.10751660417126188
0.2821782178217822,0.1716171617161716,0.1105610561056106
0.2524627104280901,0.18800727216314014,0.06445543826494995
0.2508250825082508,0.18481848184818483,0.06600660066006597
0.27269592630904876,0.186788828136545,0.08590709817250378
0.28547854785478544,0.198019801980198,0.08745874587458743
0.2854785478547855,0.17986798679867988,0.10561056105610561
0.271712924025792,0.17354319356001444,0.09816973046577757
0.27229064039408873,0.18822660098522168,0.08406403940886706
0.28877887788778883,0.18646864686468648,0.10231023102310235
0.26443689145033905,0.16201172356041574,0.10242516788992331
0.2553528751889967,0.1630493098570941,0.09230356533190259
0.2569949113137915,0.15816384594124436,0.09883106537254713
0.27513046871189584,0.17959160448064512,0.09553886423125071
0.29537953795379535,0.20297029702970296,0.09240924092409239
0.23216716571686147,0.15984175279307125,0.07232541292379022
0.27347217480368724,0.17964850672259347,0.09382366808109377
0.2790129648947543,0.1731802545742406,0.1058327103205137
0.26781931924535735,0.203347946734972,0.06447137251038534
0.291527704131256,0.20244801038488394,0.08907969374637206
0.2684566486205271,0.15811507259100294,0.11034157602952416
0.2508250825082508,0.17821782178217824,0.07260726072607257
0.2952700203481123,0.19144652131561216,0.10382349903250013
0.252003771805752,0.1582126192914858,0.0937911525142662
0.2566301353274197,0.1593969205455385,0.09723321478188118
0.2850395877026126,0.19284982685460664,0.09218976084800598
0.2725744901351914,0.1905927045906561,0.08198178554453531
0.2660542173620348,0.16864522273122837,0.0974089946308064
0.272216402582836,0.17810628206413023,0.09411012051870579
0.2677864801405514,0.17853800305403675,0.08924847708651465
0.27257799671592775,0.20032840722495893,0.07224958949096882
0.27750808984114866,0.1658481988448048,0.11165989099634385
0.25238117885753725,0.18963296962002651,0.06274820923751073
0.2845030808499569,0.19733697507681802,0.08716610577313888
0.28453559641678455,0.17597424767107253,0.10856134874571202
0.25488952836170314,0.1842250727535808,0.07066445560812235
0.2613139901320775,0.15358087165339923,0.10773311847867828
0.2549539802196398,0.2055865749971287,0.04936740522251107
0.23782119531188972,0.173722980852693,0.06409821445919672
0.2805978561241169,0.17979701065467182,0.1008008454694451
0.2803293731285618,0.19504813419620723,0.08528123893235459
0.28054063034419024,0.202891596416461,0.07764903392772923
0.27607835410406717,0.18187117219184604,0.09420718191222113
0.2865638964455228,0.19109705985670988,0.09546683658881294
0.2512273615421244,0.17192092343562715,0.07930643810649723
0.2877871530995464,0.17267391763806925,0.11511323546147714
0.269436645157053,0.18503193602942383,0.08440470912762918
0.27344778812856657,0.16803232047342664,0.10541546765513993
0.28735632183908044,0.18555008210180624,0.1018062397372742
0.25453590135132914,0.16864522273122837,0.08589067862010077
0.24630541871921183,0.18719211822660098,0.05911330049261085
0.29116064315791185,0.20232811458485747,0.08883252857305438
0.27569629619384256,0.19638092035069252,0.07931537584315004
0.2540561349716326,0.18957606737807817,0.06448006759355443
0.26530263863824805,0.1927604090458307,0.07254222959241735
0.24706953453966085,0.14488123689216212,0.10218829764749873
0.24380153687010495,0.1724567755282991,0.07134476134180584
0.2698060446438733,0.17928270659578271,0.0905233380480906
0.26977352907704566,0.1809816449625258,0.08879188411451985
0.24339527548813997,0.17100749483815378,0.07238778064998619
0.26158351129230567,0.1759528894065877,0.08563062188571796
0.27590661847987175,0.20027453339364654,0.07563208508622521
0.2476836500648815,0.15845891257753084,0.08922473748735066
0.258238510418206,0.15234060719504786,0.10589790322315815
0.26402640264026406,0.2079207920792079,0.056105610561056146
0.2643724384029246,0.19384458005348493,0.0705278583494397
0.24130995189071144,0.14554291250020526,0.09576703939050618
0.23640825398100518,0.17066114029542623,0.06574711368557895
0.2685054219707685,0.1828838056219415,0.08562161634882698
0.2529504689095395,0.1626452561222509,0.09030521278728859
0.2389076264957488,0.1630876871708242,0.07581993932492459
0.29064039408866993,0.19376026272577995,0.09688013136288998
0.23617126821416976,0.1590008442151436,0.07717042399902616
0.29416137702293127,0.2116020880817587,0.08255928894117257
0.2603440146970362,0.17135703718155068,0.08898697751548554
0.24875221512299014,0.18611910452128955,0.0626331106017006
0.29228243021346473,0.1921182266009852,0.10016420361247952
0.2673067137608548,0.189756116263049,0.0775505974978058
0.24716708124014372,0.1795672178055244,0.06759986343461932
0.26408045977011496,0.18136288998357963,0.08271756978653533
0.27927205934154703,0.14950051945211906,0.12977153988942797
0.2800972215448146,0.1878586873465672,0.0922385341982474
0.2590759075907591,0.18151815181518152,0.07755775577557758
0.30003380662609874,0.19350268843169452,0.10653111819440422
0.29720853858784896,0.22003284072249593,0.07717569786535303
0.21452145214521454,0.13201320132013203,0.08250825082508251
0.23892430535432563,0.14561801732187127,0.09330628803245436
0.25742574257425743,0.198019801980198,0.05940594059405943
0.27657866752434684,0.17282568906583373,0.10375297845851311
0.25098495071182,0.1750512747032368,0.07593367600858317
0.2649288571149853,0.18905112225023823,0.07587773486474708
0.2351850948641662,0.15793623697345105,0.07724885789071514
0.25577557755775576,0.17821782178217824,0.07755775577557752
0.2678561216903986,0.1734267905137694,0.09442933117662916
0.28781966866637404,0.1973125884016973,0.09050708026467674
0.24257425742574257,0.1963696369636964,0.04620462046204618
0.2628113557624419,0.18174802554882352,0.08106333021361839
0.2522937154943417,0.17699892421057553,0.07529479128376618
0.26354679802955666,0.17630753223105564,0.08723926579850103
0.24760938858301942,0.17707427798705688,0.07053511059596254
0.24015184769708497,0.15295322635711847,0.0871986213399665
0.24671186330455705,0.157854948056382,0.08885691524817504
0.2364730460296102,0.15113450638022363,0.08533853964938656
0.22852753255621128,0.17599050545448633,0.05253702710172495
0.28014279995751945,0.18802539028992968,0.09211740966758977
0.2525406070018767,0.16335986539830452,0.08918074160357217
0.2612879771912196,0.17516685864601458,0.08612111854520502
0.24180201271358662,0.1479783446324928,0.09382366808109383
0.25881266900309613,0.17293663047651728,0.08587603852657885
0.24261081721730002,0.1732129319100574,0.06939788530724261
0.2848238283132776,0.2107361386826132,0.07408768963066442
0.2524752475247525,0.1617161716171617,0.09075907590759077
0.26571369363978525,0.16846662976716023,0.09724706387262502
0.2887788778877888,0.1996699669966997,0.08910891089108908
0.290880580595373,0.17028717797152848,0.12059340262384449
0.2471183078899023,0.15982213984945293,0.08729616804044937
0.26792532194395907,0.2070957095709571,0.06082961237300197
0.25391923796452875,0.1845452540254393,0.06937398393908945
0.27441997931136397,0.18352954698454918,0.09089043232681479
0.26848916418735475,0.17782763498024678,0.09066152920710796
0.28815367526320873,0.19750201229917255,0.09065166296403618
0.2305165974435751,0.18941691619176404,0.04109968125181107
0.23978987293107754,0.13783643649789493,0.10195343643318261
0.26316474011933216,0.17268204652977615,0.09048269358955602
0.2591045002595988,0.17814692652266476,0.08095757373693405
0.27081342058181995,0.1882051156369221,0.08260830494489785
0.26422280463340453,0.16025529023490584,0.10396751439849869
0.298936884415767,0.20023452649524587,0.09870235792052112
0.24267633365792282,0.17003542498209823,0.0726409086758246
0.2684729064039409,0.18275374335463104,0.08571916304930985
0.24915465592585284,0.17478977513220773,0.07436488079364512
0.22622267297723686,0.14749348015068098,0.07872919282655588
0.2536945812807882,0.16965809881480762,0.08403648246598058
0.26986355351953106,0.17543470764986946,0.0944288458696616
0.25536913297241054,0.17292591328098328,0.08244321969142726
0.24374024785759218,0.15825633736081499,0.0854839104967772
0.24935287646411697,0.1707273668543325,0.07862550960978446
0.28214177935696666,0.20117615761282034,0.08096562174414632
0.2673429107616644,0.1854170711188766,0.0819258396427878
0.254088893191944,0.19297418676504807,0.061114706426895926
0.27554957172064537,0.17334372213781926,0.10220584958282611
0.27960135915069345,0.19234583556877857,0.08725552358191488
0.2830982967899804,0.19964422550629446,0.08345407128368593
0.2955633943574016,0.17570129223875733,0.11986210211864426
0.2987025656033558,0.20654082528533801,0.09216174031801777
0.2592386591600337,0.17486248624862485,0.08437617291140884
0.29436031838477966,0.1988610625768459,0.09549925580793375
0.26402640264026406,0.19141914191419143,0.07260726072607263
0.2972085385878489,0.20032840722495893,0.09688013136288998
0.2583964278780819,0.1743350805668802,0.08406134731120171
0.2993952104570063,0.1859483977954446,0.1134468126615617
0.3012248986092639,0.19529415628129976,0.10593074232796412
0.26810710627713014,0.15461964915703394,0.1134874571200962
0.2693791767236425,0.17526230234963794,0.09411687437400454
0.2676518883415435,0.18883415435139572,0.0788177339901478
0.2627257799671593,0.16748768472906406,0.09523809523809523
0.2648884291414216,0.19371787925061165,0.07117054989080993
0.2639794861839125,0.17357276904161,0.09040671714230247
0.27305377596583186,0.21374490390215492,0.05930887206367694
0.22612518218221353,0.1616941305923843,0.06443105158982923
0.26969302045745386,0.17126504058477054,0.09842797987268331
0.28178483608231425,0.1961865549101782,0.08559828117213605
0.2767247818667697,0.17801780482307863,0.09870697704369105
0.23060852883317887,0.17291778438927632,0.05769074444390254
0.27791867856736413,0.19245151116096829,0.08546716740639584
0.2718382675705994,0.17623437220569346,0.09560389536490596
0.27328632602466274,0.1751183231913455,0.09816800283331725
0.269624021225652,0.18899242865463017,0.08063159257102182
0.23011712935999484,0.1659548307771954,0.06416229858279945
0.2615630915258538,0.15638892372869545,0.10517416779715832
0.2763416735762246,0.19401225836869399,0.08232941520753059
0.27898865910412823,0.18153756409388458,0.09745109501024365
0.28219916690588254,0.2177435668719434,0.06445560003393913
0.2446633825944171,0.15763546798029557,0.08702791461412154
0.2561614370392263,0.16862880317882534,0.08753263386040094
0.2804848307482197,0.1929811725685299,0.08750365817968983
0.27111143950215916,0.1834884981035417,0.08762294139861745
0.29702970297029707,0.19141914191419143,0.10561056105610564
0.2611607292285299,0.1986568042489558,0.0625039249795741
0.2544387733470536,0.2117207301721189,0.04271804317493472
0.2786953862004572,0.20656653465984096,0.07212885154061624
0.2779674519176056,0.19579248565250615,0.08217496626509943
0.2761203784996586,0.1833938152375378,0.09272656326212078
0.261896633013055,0.16960932546456617,0.09228730754848882
0.2640879152984043,0.1782042331870861,0.08588368211131822
0.263603700271505,0.16143166040742005,0.10217203986408493
0.2866572371522867,0.186167877871531,0.1004893592807557
0.2570235848671258,0.181146811100491,0.07587677376663479
0.27298906361224357,0.23179965055329063,0.041189413058952934
0.2685054219707685,0.17961599115576585,0.08888943081500264
0.2713424051764783,0.1775349948787982,0.09380741029768008
0.2592771472269178,0.17084440151332206,0.08843274571359575
0.2594946061770356,0.1916654352002364,0.06782917097679922
0.24221592484094764,0.16634672685881405,0.0758691979821336
0.27589083886655835,0.18870759866482156,0.08718324020173679
0.2845193386333707,0.20392137735941085,0.08059796127395985
0.25160599494558505,0.1758497188547747,0.07575627609081034
0.2678767876787679,0.1901302070505558,0.07774658062821208
0.2735615926124632,0.1861760067632379,0.08738558584922532
0.23852606935570406,0.15294509746541157,0.08558097189029248
0.26684694369349143,0.18437708564535119,0.08246985804814025
0.28243021346469627,0.18555008210180624,0.09688013136289003
0.257430029452471,0.1930396223211763,0.06439040713129471
0.25818611272891995,0.18240794667702065,0.0757781660518993
0.28152113478776314,0.19236030318801048,0.08916083159975266
0.25205220258636923,0.19757067892917476,0.05448152365719447
0.2794206538880489,0.18485636248353898,0.09456429140450989
0.25001219333756036,0.1859483977954446,0.06406379554211578
0.2874137931034483,0.20964696223316914,0.07776683087027914
0.24782201488766667,0.1838140855522817,0.06400792933538496
0.25167048724576896,0.18092474272057749,0.07074574452519147
0.2767167326700795,0.20061511961106282,0.07610161305901669
0.2442891347958325,0.1605189930757782,0.08377014172005431
0.26692841697962905,0.1960688679705409,0.07085954900908814
0.22570680713391536,0.16469134598188884,0.06101546115202652
0.24379359118177826,0.16808922271537496,0.0757043684664033
0.2740054058343118,0.20457443876877945,0.06943096706553237
0.24380958728006252,0.1745907909491564,0.06921879633090613
0.27130988960965063,0.2038807329008763,0.06742915670877433
0.26627515692745746,0.1743350805668802,0.09194007636057724
0.2422244759972955,0.16035609646157314,0.08186837953572235
0.24341966216326064,0.17590921653741728,0.06751044562584335
0.24410556267743533,0.1732129319100574,0.07089263076737792
0.2516542294623551,0.1677640670470988,0.08389016241525629
0.25154064027395145,0.18075996911030667,0.07078067116364478
0.2783332520444162,0.18780178510461884,0.09053146693979738
0.2614667414400998,0.1461706487364203,0.11529609270367949
0.2314579980165504,0.16741763280935454,0.06404036520719586
0.2982409078346258,0.194353671820384,0.10388723601424182
0.27249344030317263,0.17732675180007132,0.09516668850310131
0.263514282462729,0.18771236729584287,0.07580191516688614
0.2564584591771174,0.15785147478102582,0.09860698439609158
0.24302134646962234,0.1477832512315271,0.09523809523809523
0.2371848022240648,0.17462485164772634,0.06255995057633845
0.2853769973718201,0.20128280381894523,0.08409419355287487
0.262295347181777,0.1998479259690675,0.06244742121270949
0.25537726186411747,0.1795347022386968,0.07584255962542066
0.27931300592745845,0.1670114772671297,0.11230152866032875
0.27098058980050427,0.1789766777315228,0.09200391206898148
0.2590759075907591,0.17326732673267328,0.08580858085808582
0.2925882140452851,0.17351362001871828,0.11907459402656684
0.26853793753759614,0.20258823911947843,0.06594969841811771
0.2612175517754615,0.16590534017180333,0.09531221160365819
0.25723608165213974,0.17687005153717342,0.08036603011496632
0.27875977977397853,0.19346244244824365,0.08529733732573488
0.24011120323855048,0.1809410005039913,0.05917020273455917
0.28194726166328604,0.17865192053833026,0.10329534112495578
0.24468789059627963,0.17684157210662613,0.0678463184896535
0.26272577996715923,0.18226600985221675,0.08045977011494249
0.2697003690516835,0.1841275260530979,0.08557284299858559
0.26367686029686715,0.16973125884016974,0.09394560145669742
0.28491765432700905,0.20586418247736105,0.079053471849648
0.259848152302915,0.1874278560861012,0.07242029621681381
0.28884095673739124,0.20948453201323367,0.07935642472415758
0.25164610057064823,0.1759498609959518,0.07569623957469643
0.26638378123526635,0.16608138646376955,0.1003023947714968
0.26488806516119595,0.17435659822139848,0.09053146693979747
0.25911271003580033,0.1830566962291406,0.07605601380665974
0.26679410827635225,0.16150773227458767,0.10528637600176458
0.2553283862187799,0.18429571227535393,0.07103267394342597
0.28154509919824294,0.19601758244305553,0.08552751675518741
0.2800078037360387,0.18280251670487246,0.09720528703116621
0.28082902400967247,0.1950673561584524,0.08576166785122008
0.23685151766408166,0.17927457770407584,0.05757693996000582
0.25001219333756036,0.17595798988765873,0.07405420344990163
0.27963387471752105,0.17266578874636232,0.10696808597115873
0.28211723091285673,0.16840908044925515,0.11370815046360158
0.26355492692126353,0.18124989838885366,0.08230502853240987
0.2413793103448276,0.16748768472906406,0.07389162561576354
0.2404851322570681,0.17631566112276253,0.06416947113430557
0.23391698775788913,0.1466208197174397,0.08729616804044943
0.2565722089450324,0.187444113869515,0.0691280950755174
0.26770440735757145,0.16750649275301335,0.1001979146045581
0.26690403030450827,0.15153067030841014,0.11537335999609813
0.2562183582890309,0.17865840771269248,0.07755995057633841
0.3014274333837324,0.20431156416134225,0.09711586922239016
0.24661405135051107,0.17249224273686145,0.07412180861364961
0.27098066949552096,0.1742125893261595,0.09676808016936148
0.23924529428165228,0.16340208758027483,0.07584320670137745
0.29423016928558526,0.20986650903896362,0.08436366024662165
0.256990907531309,0.19599049089527731,0.061000416636031674
0.2527971356973426,0.17406722561563603,0.07872991008170654
0.24585375970138737,0.16492878241577558,0.0809249772856118
0.2693387927607597,0.17731049401665752,0.0920282987441022
0.28284478694174836,0.18911053666943048,0.09373425027231788
0.28997867803837957,0.2025422967265479,0.08743638131183168
0.2713993074184266,0.22532474922369083,0.04607455819473577
0.2833081337690419,0.1747061405647954,0.10860199320424652
0.2742891284202312,0.17226269135171993,0.10202643706851125
0.2854427564659267,0.17630914992094757,0.10913360654497914
0.269741013510218,0.20053975840933846,0.06920125510087954
0.2689639074020413,0.1886248752374513,0.08033903216458999
0.25236453201970444,0.17504105090311986,0.07732348111658457
0.2483620283210587,0.16774780926368502,0.08061421905737368
0.2530876240333393,0.19377891135969583,0.05930871267364346
0.2784307987448991,0.19612577021248923,0.0823050285324099
0.25239784106342406,0.17474051647499875,0.07765732458842531
0.281682355427661,0.19604448129542018,0.08563787413224083
0.25732835048210706,0.16863748139519832,0.08869086908690874
0.26735564888008545,0.17656227794678592,0.09079337093329953
0.2524952509739528,0.17052223188125826,0.08197301909269455
0.24353135313531352,0.1605940594059406,0.08293729372937292
0.24410720778914366,0.1391433892878655,0.10496381850127817
0.2853933360397285,0.17648911792142377,0.10890421811830472
0.24710205010648847,0.1663740265652181,0.08072802354127037
0.2592075972303112,0.186366077784249,0.07284151944606224
0.2804752756725566,0.19798239290144734,0.08249288277110925
0.2768131492952251,0.19110211513762212,0.08571103415760298
0.2729763124095661,0.17591734542912418,0.09705896698044192
0.2791461412151068,0.21182266009852216,0.06732348111658462
0.25537726186411747,0.18454209953015008,0.07083516233396739
0.2894942203579964,0.1809816449625258,0.10851257539547057
0.26436781609195403,0.18719211822660098,0.07717569786535305
0.27063947847619113,0.19147976484289117,0.07915971363329996
0.27845518542001985,0.21099351314441792,0.06746167227560193
0.24752475247524752,0.18646864686468645,0.06105610561056107
0.2426188866351138,0.18034225184326602,0.06227663479184778
0.2986600108433754,0.17311489990260698,0.12554511094076842
0.2508250825082508,0.17326732673267328,0.07755775577557752
0.28656389644552277,0.17131093301963093,0.11525296342589184
0.2750610249246379,0.18530026386948673,0.08976076105515118
0.2264666765183981,0.1602876705581006,0.06617900596029752
0.2862264058918207,0.19569493895202328,0.09053146693979741
0.24168818325065486,0.16253466560753654,0.07915351764311832
0.30026148339413017,0.18315497089007482,0.11710651250405535
0.2527564115437913,0.17227926791520068,0.08047714362859062
0.2603765302638638,0.14663707750085353,0.11373945276301028
0.2619660319094184,0.18787834227875402,0.0740876896306644
0.26707536864309783,0.1862317706748726,0.08084359796822524
0.2923645320197044,0.16989326765188836,0.12247126436781605
0.24014371880537808,0.15635110309060463,0.08379261571477345
0.2721513892913487,0.18523616343088958,0.0869152258604591
0.2784226698531922,0.19280918239607212,0.08561348745712008
0.26973726784443147,0.17905908237882615,0.09067818546560533
0.2833650360109903,0.18450145507161553,0.09886358093937475
0.25206059435268363,0.16045268682185518,0.09160790753082845
0.26980715085828466,0.16271342985641676,0.1070937210018679
0.2503541646543675,0.14895843394829197,0.10139573070607552
0.26442049449801547,0.15110238928847972,0.11331810520953575
0.265221349721179,0.18280251670487244,0.08241883301630656
0.2733668179915644,0.20290415016581345,0.07046266782575097
0.2727951194134192,0.17706612040514394,0.09572899900827528
0.2707947410214797,0.18395944926280516,0.08683529175867455
0.2587019785722415,0.1894763367962412,0.06922564177600027
0.27347217480368724,0.17621811442227966,0.09725406038140758
0.2569706043336875,0.16359992272771176,0.09337068160597575
0.2730169568681006,0.18749288721975646,0.08552406964834416
0.25165016501650167,0.1677991328544619,0.08385103216203976
0.2503737470284048,0.16479180452417716,0.08558194250422765
0.24296832668341461,0.19180500139566195,0.051163325287752665
0.2717855713223701,0.18275616988946894,0.08902940143290114
0.2669365458713359,0.16802419158171977,0.09891235428961614
0.27344778812856657,0.1811279650132501,0.09231982311531647
0.24284697377300757,0.15924737938876474,0.08359959438424283
0.2813084264091434,0.1875660472451186,0.09374237916402478
0.2620313865810521,0.1613443455955036,0.10068704098554848
0.2636734227058468,0.17316537182723493,0.09050805087861188
0.2751840142473184,0.17118022367636368,0.10400379057095474
0.2679451434030466,0.16921621968396208,0.09872892371908451
0.2809624703414995,0.19221059312538036,0.08875187721611916
0.23481116584564857,0.1362889983579639,0.09852216748768466
0.2759310848500092,0.18883686398196467,0.08709422086804455
0.2495689867494212,0.17022149976191647,0.07934748698750474
0.2775652311681473,0.19549474506998657,0.08207048609816073
0.233583703197906,0.14146710237526217,0.09211660082264383
0.28849930776908467,0.1704256415209762,0.11807366624810847
0.2665632234865278,0.19366862059340262,0.07289460289312516
0.27017184477068396,0.1878505584548603,0.08232128631582367
0.2816508604328387,0.1925718910784845,0.08907896935435422
0.25866133411370695,0.16635776878180428,0.09230356533190268
0.25787728026533996,0.20168957194226889,0.05618770832307107
0.2676965972459315,0.15757306678219254,0.11012353046373893
0.286471930775167,0.1987504720621316,0.08772145871303544
0.26848916418735475,0.17301533108975922,0.09547383309759552
0.2467603785381025,0.19254711663358084,0.054213261904521665
0.2981596189175568,0.1877530117543774,0.11040660716317943
0.310341799175571,0.22340959827654747,0.08693220089902351
0.23136736087401844,0.14700060153798633,0.0843667593360321
0.2553447462972898,0.16967435659822142,0.0856703896990684
0.28833178884390903,0.18942756344599979,0.09890422539790925
0.2791507635260773,0.16414129097638827,0.11500947254968905
0.29289209709148256,0.18759043392023933,0.10530166317124323
0.23434332992890494,0.16015045001301834,0.0741928799158866
0.26392933410988156,0.18349187859962468,0.08043745551025688
0.2531643915071604,0.1677099703134374,0.08545442119372301
0.2832013201320132,0.21354785478547855,0.06965346534653466
0.31507183071248296,0.18991263832265579,0.12515919238982717
0.2616719358870671,0.17953745231151305,0.08213448357555406
0.27735443784888486,0.174050728747172,0.10330370910171285
0.2599657024525982,0.17263638128518732,0.08732932116741088
0.2664731990440423,0.1644474792306817,0.10202571981336062
0.2674129555445068,0.1797888008784703,0.08762415466603649
0.2695431307836666,0.16275156927457454,0.10679156150909205
0.24870261389615692,0.16780951580671677,0.08089309808944015
0.25253635576041983,0.1684014368645158,0.08413491889590402
0.2694539010551302,0.17693508267082866,0.09251881838430151
0.28217821782178215,0.1930693069306931,0.08910891089108905
0.2508250825082508,0.17326732673267328,0.07755775577557752
0.269315188762072,0.17554384938054823,0.09377133938152377
0.27427721817840195,0.18176768048101036,0.09250953769739159
0.22272417798069608,0.14896071128198965,0.07376346669870643
0.2548488839031686,0.16770716480515047,0.08714171909801816
0.2713065424189478,0.17575875234582283,0.09554779007312497
0.25206880293940725,0.15483100034141348,0.09723780259799378
0.28673852606935574,0.19936919800354422,0.08736932806581152
0.25825488952836173,0.19073631501081142,0.0675185745175503
0.25783601252040594,0.19707190945115952,0.06076410306924643
0.2715306400480933,0.17420768272997997,0.09732295731811333
0.294899933343088,0.17460046497260562,0.12029946837048239
0.25813245181414474,0.1660540867573655,0.09207836505677924
0.27013120031214943,0.18458274398868457,0.08554845632346486
0.25536913297241054,0.16961745435627307,0.08575167861613747
0.2348475864682962,0.14946027346866822,0.08538731299962798
0.23602213162492722,0.18512586552772925,0.05089626609719797
0.25825082508250824,0.17925321943959102,0.07899760564291722
0.26196979303841716,0.2026532702531337,0.05931652278528346
0.24377733339836447,0.186167877871531,0.05760945552683347
0.25779967159277506,0.16584564860426929,0.09195402298850577
0.25460079331607455,0.16747429596625266,0.08712649734982189
0.28495829878554363,0.1910452128956738,0.09391308588986982
0.2890676926284341,0.16745779909778866,0.12160989353064547
0.26077084217501967,0.17984610754289163,0.08092473463212804
0.23973727422003285,0.15599343185550082,0.08374384236453203
0.24872782844786942,0.18275374335463104,0.06597408509323838
0.24587458745874588,0.15181518151815182,0.09405940594059406
0.26312409566079764,0.1906956705522769,0.07242842510852074
0.24181014160529354,0.1726657887463623,0.06914435285893125
0.25282826790141705,0.1834556589987357,0.06937260890268135
0.2343234323432343,0.1617161716171617,0.0726072607260726
0.2809878002725646,0.18350491765594468,0.09748288261661991
0.2891893666978638,0.1967226573403609,0.09246670935750292
0.27254173548331356,0.18381344799214783,0.08872828749116574
0.2619047619047619,0.20586418247736105,0.05604057942740087
0.28742557680862263,0.1772211559028983,0.11020442090572433
0.2591208389275072,0.18323642157613307,0.07588441735137413
0.2851749895360443,0.2228983547441965,0.06227663479184781
0.28423066187215734,0.18842257360064366,0.09580808827151369
0.2632216423612805,0.1629273764814905,0.10029426587978998
0.2791461412151067,0.21182266009852216,0.06732348111658457
0.24634224259864412,0.173683769854818,0.07265847274382611
0.2783181742230413,0.1927013157856611,0.08561685843738018
0.2523722883712487,0.18149664417260003,0.07087564419864867
0.27217543458632315,0.20281811285312046,0.06935732173320269
0.2791184870442999,0.17719708800784453,0.10192139903645539
0.2660706369144377,0.17513094593041392,0.0909396909840238
0.2800809637614008,0.1976214862865597,0.08245947747484109
0.2635386691378498,0.16960119657285924,0.09393747256499055
0.24833365689510126,0.1562317996505533,0.09210185724454795
0.23733925116649598,0.1416703246679348,0.09566892649856118
0.26389291348723404,0.1688238513796323,0.09506906210760174
0.27467525077630917,0.18918369669479262,0.08549155408151654
0.27017184477068396,0.19598757905347183,0.07418426571721212
0.2730332146515144,0.1693410720382383,0.10369214261327611
0.2740462120618355,0.19643806524612464,0.07760814681571085
0.2843307969954151,0.1799058628426495,0.10442493415276558
0.2597715653918333,0.15456545654565457,0.10520610884617876
0.3217878365640099,0.21004681604063044,0.11174102052337945
0.27176510754523725,0.20095433188639059,0.07081077565884666
0.2551446321102699,0.16789620138484437,0.08724843072542551
0.268932249448752,0.18143132231023262,0.08750092713851937
0.27056429172329,0.18955219051316896,0.08101210121012103
0.27622786909232794,0.18261555219561365,0.09361231689671429
0.2536251419421775,0.18441454468217208,0.06921059726000542
0.2948674177762604,0.17467362499796776,0.12019379277829265
0.2610837438423645,0.17405582922824303,0.08702791461412146
0.2434277910549676,0.16945487652213498,0.07397291453283261
0.2594135753766626,0.18383807375231873,0.07557550162434387
0.2706270627062706,0.1551155115511551,0.11551155115511552
0.2813577481086791,0.19722910608745128,0.0841286420212278
0.2467443788713847,0.17926644881236894,0.06747793005901576
0.26651384350257684,0.17592547432083108,0.09058836918174576
0.2553041018387553,0.18283503227170006,0.07246906956705523
0.24013136607778426,0.16773442050087362,0.07239694557691065
0.27315634471321554,0.2187886920079406,0.05436765270527494
0.26477426067729926,0.19075257279422522,0.07402168788307403
0.24874408623128322,0.1631143409907493,0.0856297452405339
0.24554130289876278,0.18124989838885366,0.06429140450990911
0.2943552975987254,0.21869157359085664,0.07566372400786878
0.26882707105830833,0.1917479635532374,0.07707910750507094
0.25375961241444345,0.1812580272805606,0.07250158513388286
0.2466511357018055,0.15951595159515952,0.08713518410664597
0.25700280112044815,0.18654013329469718,0.07046266782575097
0.2747686533359218,0.18756875687568755,0.08719989646023427
0.25426837588545265,0.16851564577088549,0.08575273011456716
0.27154921374490393,0.20560732543842622,0.06594188830647771
0.2779837097010194,0.19405290282722854,0.08393080687379084
0.29117690094132564,0.21052203742541742,0.08065486351590823
0.22722415010299046,0.16347309879937397,0.0637510513036165
0.28631594502733854,0.19689506264059242,0.08942088238674611
0.2692939244663383,0.19704433497536944,0.07224958949096888
0.2734396592368597,0.1910777284625014,0.0823619307743583
0.2676966769409482,0.17092022879482963,0.09677644814611855
0.2880810469106612,0.20196049455691836,0.08612055235374286
0.28334064933586955,0.16304930985709407,0.12029133947877549
0.286714139394235,0.17790079500560893,0.10881334438862608
0.25333691004568437,0.17604740769643468,0.0772895023492497
0.2833812937944041,0.186167877871531,0.09721341592287308
0.2512560350954587,0.16019246950796104,0.09106356558749765
0.27695007155407364,0.18657832742303426,0.09037174413103938
0.2754113139508677,0.20163237708876655,0.07377893686210116
0.2557715737752733,0.14676900011153973,0.10900257366373359
0.26493666603714744,0.1923759210323347,0.07256074500481274
0.2811783641418329,0.1792258043538344,0.1019525597879985
0.2630753223105562,0.19901965566014726,0.06405566665040893
0.2517615943272145,0.183814302869887,0.0679472914573275
0.26947642605466,0.19533280479598236,0.07414362125867763
0.20101123412833896,0.138410639093466,0.06260059503487297
0.23927392739273926,0.1468646864686469,0.09240924092409236
0.2864390916703611,0.1903108221269888,0.09612826954337228
0.2838991317920203,0.20466295971124768,0.07923617208077263
0.264883841325309,0.16946547595936065,0.09541836536594836
0.24219219951551807,0.17634004779788323,0.06585215171763484
0.24673624997967777,0.16123656700645433,0.08549968297322344
0.2735046903705149,0.16471573265700953,0.10878895771350536
0.2695471738189186,0.20667597970737447,0.0628711941115441
0.2290315238420394,0.1532133508917394,0.0758181729503
0.28949589170784573,0.19394474940759457,0.09555114230025116
0.26929798891219175,0.19707987895283297,0.07221810995935879
0.2904586061870653,0.19307294673294986,0.09738565945411545
0.26403077040297224,0.1764805037227493,0.08755026668022295
0.2606571364177855,0.19021861618210503,0.07043852023568045
0.23763577372368516,0.17491187027680047,0.0627239034468847
0.2676399388707344,0.1633473150270692,0.1042926238436652
0.30033003300330036,0.21452145214521454,0.08580858085808582
0.2926046335976881,0.19833998325205657,0.09426465034563156
0.25915367803231315,0.17006794054892585,0.0890857374833873
0.25248750152568383,0.1831470846518517,0.06934041687383213
0.2565559511616186,0.18424133053699462,0.07231462062462399
0.28404451572366746,0.2068268982795121,0.07721761744415537
0.2622830741491999,0.20329856080363182,0.05898451334556806
0.2794033134656749,0.22658982316142062,0.05281349030425425
0.24043983694009427,0.14485862967592253,0.09558120726417174
0.25454411112753067,0.18013890941332936,0.07440520171420131
0.28002406151945247,0.2191224048513226,0.06090165666812988
0.2673267326732673,0.1897689768976898,0.0775577557755775
0.2904998120791506,0.21174511684723965,0.07875469523191095
0.26818839519419924,0.19074444390251832,0.07744395129168091
0.26688777252109447,0.19108585735420833,0.07580191516688614
0.24824407374890256,0.1789093746951517,0.06933469905375086
0.27880909552612493,0.2046973427583182,0.07411175276780674
0.2991970838874932,0.21162340114608477,0.08757368274140845
0.26108374384236455,0.18555008210180624,0.07553366174055831
0.28337316490269715,0.1730234599814661,0.11034970492123106
0.2937293729372937,0.198019801980198,0.09570957095709567
0.2788778877887789,0.1963696369636964,0.08250825082508254
0.27607014432786564,0.20320838053954648,0.07286176378831916
0.2900307272106521,0.1944512185208669,0.09557950868978521
0.265221349721179,0.17128387715618854,0.09393747256499047
0.2590759075907591,0.17491749174917492,0.08415841584158418
0.23927392739273926,0.1551155115511551,0.08415841584158415
0.2632013201320132,0.18023102310231023,0.08297029702970296
0.24047700336536115,0.14493813913411047,0.09553886423125069
0.3185550082101806,0.2019704433497537,0.11658456486042693
0.2817555154530232,0.21087970866052122,0.07087580679250197
0.2828285291583345,0.2253003625485701,0.0575281666097644
0.2763379279104381,0.17765158868828057,0.09868633922215753
0.2760791916630087,0.19999748004357085,0.07608171161943786
0.23064104440000652,0.1630899543156286,0.06755109008437793
0.2730088279763937,0.18909427888601668,0.08391454909037702
0.2705825762342428,0.17829421718732422,0.0922883590469186
0.26108374384236455,0.2036124794745484,0.05747126436781613
0.24993903331219822,0.15296135524882537,0.09697767806337285
0.2657382420838952,0.1764808272607277,0.08925741482316749
0.2842243411533271,0.20154912289258484,0.08267521826074228
0.25657220894503246,0.19736136175193875,0.05921084719309372
0.294953802416489,0.19099902784925946,0.10395477456722954
0.26648132793574925,0.15127867466549613,0.11520265327025311
0.283927069177506,0.19780301559567723,0.08612405358182876
0.28909988941519477,0.19715287958816166,0.0919470098270331
0.2327865139455122,0.173639422765806,0.05914709117970621
0.23110892075899744,0.17162007355797707,0.05948884720102038
0.306366035177152,0.21536561854112035,0.09100041663603164
0.25256968017219333,0.16822179240201796,0.08434788777017538
0.26684712806255995,0.18788307402168788,0.07896405404087206
0.25503138549149035,0.1695140102245519,0.08551737526693845
0.2638477192758784,0.17296380647722365,0.09088391279865476
0.2966491556969569,0.2024728811774944,0.09417627451946248
0.2761029834326716,0.19833998325205657,0.07776300018061502
0.2742200328407225,0.17569786535303777,0.09852216748768472
0.3021964106002023,0.18547198098540654,0.11672442961479576
0.26900621831906,0.17642384413428477,0.09258237418477525
0.2566653724195949,0.18091956254448974,0.07574580987510518
0.27543546154093823,0.17861972375156962,0.09681573778936861
0.2852232847161853,0.19011397662513282,0.09510930809105247
0.2737129334492418,0.17209987443253164,0.10161305901671017
0.26732673267326734,0.2194719471947195,0.04785478547854785
0.25944170771756975,0.16091954022988506,0.09852216748768469
0.25310084504785935,0.1494298930674036,0.10367095198045576
0.2863521646282275,0.21217562932763864,0.07417653530058885
0.2615963088846198,0.19870121340492256,0.06289509547969727
0.2934737113236099,0.21318297433916097,0.08029073698444891
0.27987056891722206,0.19317267136739755,0.08669789754982452
0.2751223398201889,0.18951698125477576,0.08560535856541315
0.27299415219853596,0.20720422325732488,0.06578992894121108
0.23876180721520426,0.1465883041506121,0.09217350306459215
0.2575106295400092,0.191588803947741,0.0659218255922682
0.2504348957063194,0.15978149539091843,0.09065340031540095
0.2642666831157181,0.1772211559028983,0.0870455272128198
0.2685298086458892,0.18285941894682078,0.08567038969906843
0.2627620971052329,0.1933484393215441,0.0694136577836888
0.28066361521822353,0.15850825211923444,0.12215536309898908
0.2809631709439601,0.19010557772195127,0.09085759322200884
0.2844916844625639,0.17580728661101405,0.10868439785154985
0.28173112877790246,0.1927929246126583,0.08893820416524417
0.2686029686712514,0.18464777512233985,0.08395519354891154
0.22077256986782423,0.14827098473394137,0.07250158513388286
0.27466712188460224,0.18094912939569818,0.09371799248890406
0.25619427614403234,0.18188759174424907,0.07430668439978327
0.28314707251917753,0.18374821295819752,0.09939885956098002
0.3010562948802784,0.18357310328488918,0.11748319159538922
0.2438098489651921,0.17135703718155063,0.07245281178364146
0.26308807351323366,0.17095386009189154,0.09213421342134212
0.24125248345730096,0.17518841436382446,0.06606406909347651
0.2438423645320197,0.18946007901282738,0.05438228551919233
0.24994665424927906,0.1573537076522151,0.09259294659706396
0.24841875333080565,0.14293511194149988,0.10548364138930577
0.2710375515163457,0.170196870433312,0.10084068108303368
0.23443285360121058,0.1638977430052481,0.07053511059596249
0.2788580306453556,0.17327820569719643,0.10557982494815915
0.2583288179564225,0.18380046959919874,0.07452834835722374
0.2648636784860752,0.15296948414053227,0.11189419434554296
0.2774279963493307,0.18052969452262527,0.09689830182670542
0.28290152660586254,0.19837023850168267,0.08453128810417987
0.290669482769778,0.21509398114543418,0.07557550162434382
0.24747165180454522,0.1700839556788559,0.07738769612568933
0.25536100408070367,0.1564974231413289,0.09886358093937478
0.2253003625485701,0.14632005072428425,0.07898031182428586
0.2817229998861955,0.19767838852850805,0.08404461135768743
0.25784444116053395,0.17688783803753508,0.08095660312299888
0.2610230959346297,0.19534850471427903,0.06567459122035066
0.2587019785722415,0.16641467102375262,0.09228730754848885
0.2681679932699152,0.1776030544230894,0.09056493884682579
0.24172072379651757,0.19563803671007496,0.046082687086442614
0.3086750575955886,0.20846877501427338,0.10020628258131523
0.27750410509031204,0.1839080459770115,0.09359605911330054
0.2532718789120291,0.17100749483815378,0.08226438407387535
0.2797029702970297,0.19421795120688537,0.0854850190901443
0.27054154995331464,0.1836585208796162,0.08688302907369844
0.2619779219301241,0.1729746866312247,0.08900323529889939
0.27672373148644913,0.19598757905347183,0.0807361524329773
0.24302134646962234,0.19211822660098524,0.0509031198686371
0.2607260726072607,0.16996699669966997,0.09075907590759075
0.28946983368287565,0.18924059893674097,0.10022923474613468
0.2644449810834742,0.183900829107301,0.0805441519761732
0.2524389065971216,0.17053028107794843,0.08190862551917316
0.25615763546798026,0.17898193760262726,0.077175697865353
0.2475615763546798,0.15354679802955665,0.09401477832512314
0.27882559596302253,0.17493698491237256,0.10388861105064998
0.26507037881201545,0.18604024213905843,0.07903013667295702
0.2761923251148644,0.16935222934058114,0.10684009577428327
0.27093596059113306,0.18883415435139572,0.08210180623973734
0.277504105090312,0.19376026272577995,0.08374384236453203
0.2915589588515502,0.18447706839649483,0.10708189045505537
0.2635711847046774,0.17295029995610398,0.09062088474857341
0.2302671153814889,0.15959453088165962,0.07067258449982927
0.2615349770271145,0.17095386009189154,0.09058111693522294
0.24302134646962234,0.14285714285714288,0.10016420361247946
0.2485506784631849,0.21864969079070984,0.029900987672475066
0.24311443024916804,0.16591307058842655,0.07720135966074149
0.2537677413061503,0.17803085727291942,0.0757368840332309
0.264367816091954,0.20361247947454844,0.060755336617405536
0.24732095685424557,0.1746876180155329,0.07263333883871267
0.26111235435337216,0.17564431030179228,0.08546804405157987
0.2602302102131396,0.18279438781316557,0.07743582239997401
0.27722772277227725,0.18646864686468645,0.0907590759075908
0.2598644100863288,0.2005885317595799,0.05927587832674891
0.2538165146563917,0.18952511014648263,0.06429140450990908
0.26479051846071305,0.17097497927132613,0.09381553918938693
0.281170235250126,0.21371669186623096,0.06745354338389506
0.22937293729372935,0.15016501650165018,0.07920792079207917
0.27797558080931245,0.19583313011104067,0.08214245069827178
0.2672655269004154,0.18690234714575485,0.08036317975466054
0.2826625946176707,0.18843078337684513,0.09423181124082555
0.2850241125956318,0.2107234647959967,0.0743006477996351
0.26316474011933216,0.17600676323790013,0.08715797688143204
0.2561942154806614,0.1558017653402547,0.10039245014040671
0.2570889395387594,0.169701574230653,0.0873873653081064
0.2541052318598524,0.15011021725656135,0.10399501460329105
0.2741680716898117,0.1755226160112389,0.09864545567857283
0.2754113139508677,0.1786680189317106,0.0967432950191571
0.24834983498349836,0.19905519963761084,0.049294635345887516
0.2549626883870653,0.15136809247427208,0.10359459591279324
0.23840369111538018,0.17381738173817382,0.06458630937720636
0.3224243606626673,0.22366645531548227,0.09875790534718501
0.23858297159765238,0.15131931912403065,0.08726365247362172
0.2521582207481832,0.16815425384903024,0.08400396689915299
0.2639246903883095,0.18479757320633172,0.07912711718197779
0.26194540636329644,0.19602009462029946,0.06592531174299698
0.24335080566880216,0.15796285510904032,0.08538795055976184
0.2620640639168688,0.20751742110465732,0.0545466428122115
0.2879009575834431,0.16606512868035572,0.12183582890308736
0.27585816390969725,0.19553467227337049,0.08032349163632677
0.24546001398169373,0.15815571704953746,0.08730429693215627
0.23817198439635331,0.18890197481063664,0.04927000958571667
0.2733785914434396,0.18446356068589728,0.08891503075754234
0.27227916909337996,0.17298453374749237,0.09929463534588759
0.26148205953600284,0.20388886179258323,0.057593197743419616
0.2578364954722073,0.19820692906729098,0.059629566404916345
0.2343234323432343,0.165016501650165,0.06930693069306931
0.25825488952836173,0.16278918532247313,0.0954657042058886
0.2607260726072607,0.1831683168316832,0.07755775577557752
0.24917491749174916,0.19306930693069305,0.05610561056105612
0.2898969846988375,0.19096635051344266,0.09893063418539486
0.2651847494873743,0.1564509145569362,0.10873383493043812
0.24875645800792986,0.15541671672874363,0.09333974127918623
0.24215155505698352,0.15818823261636508,0.08396332244061844
0.2603196280219155,0.1861760067632379,0.0741436212586776
0.23851794046399713,0.16605699978864882,0.0724609406753483
0.28894631711794766,0.22159741329102486,0.0673489038269228
0.24341948136262567,0.17280976552569904,0.07060971583692663
0.2499795766651145,0.18269441933575625,0.06728515732935825
0.2919860289830174,0.20281014573040276,0.08917588325261463
0.2635874424880912,0.1894682079045343,0.07411923458355688
0.2499878066624396,0.17433221154627776,0.07565559511616185
0.2685668537444142,0.1546618304209658,0.1139050233234484
0.2722772277227723,0.17656765676567657,0.09570957095709573
0.256946456743617,0.18980005795421617,0.06714639878940082
0.27022522853711733,0.17121290101218048,0.09901232752493686
0.2677534197928631,0.2053471212087885,0.06240629858407459
0.2437692627910728,0.1564370440555908,0.087332218735482
0.26582475735258254,0.20794412199840676,0.057880635354175786
0.2499878066624396,0.15470906696580988,0.09527873969662973
0.31854456388667046,0.22537362015173323,0.09317094373493723
0.2937001085325904,0.19509082804966715,0.09860928048292322
0.3016355967674426,0.20171286905566824,0.09992272771177438
0.2697735290770456,0.17591734542912418,0.09385618364792142
0.2631484823359183,0.1842494594287015,0.07889902290721681
0.24517892965767166,0.1957710476930046,0.049407881964667055
0.23322172843189856,0.18067585518331608,0.05254587324858248
0.30576490484869384,0.20170599149467186,0.10405891335402198
0.23607488972600535,0.16889629414984386,0.06717859557616149
0.2729529451169728,0.19393698464117162,0.0790159604758012
0.2657377567769276,0.16657886654778264,0.09915889022914498
0.25165453040025415,0.18742662616599218,0.06422790423426197
0.2598806678697427,0.15953762863971124,0.10034303923003143
0.26030337023850164,0.18627355346372076,0.07402981677478088
0.24344404883838136,0.16128534035669578,0.08215870848168558
0.23543203522616804,0.16142603893504562,0.07400599629112242
0.2655510480054091,0.18367461927299655,0.08187642873241252
0.25536913297241054,0.15480661366629273,0.10056251930611781
0.30204219598490983,0.20637173268095135,0.09567046330395848
0.2524385664064532,0.18148066185193623,0.07095790455451695
0.28659220601863145,0.18291632118876913,0.10367588482986231
0.3010128599066803,0.218829764749874,0.0821830951568063
0.2752206739550162,0.1894246492252386,0.0857960247297776
0.25786086071293696,0.17022149976191647,0.08763936095102048
0.2664244256938009,0.19576809897738542,0.0706563267164155
0.27300069908468677,0.19737761953535257,0.0756230795493342
0.23481933517960282,0.1620142309797482,0.07280510419985461
0.2673636968872977,0.18966556607134868,0.07769813081594903
0.25370271017249507,0.17458420718919185,0.07911850298330322
0.27540415461707174,0.20793387761219953,0.06747027700487221
0.2603521435887431,0.17124323269765399,0.0891089108910891
0.2982571656180396,0.2060105025280853,0.0922466630899543
0.28055777785704455,0.1897069384903346,0.09085083936670996
0.2277227722772277,0.16666666666666666,0.061056105610561046
0.24219624374024784,0.151688192861636,0.09050805087861183
0.2701962314458047,0.174567949405778,0.09562828204002669
0.23846103822204878,0.16615454648913167,0.07230649173291712
0.24958949096880134,0.15599343185550082,0.09359605911330052
0.24507002939099878,0.17393231860499483,0.07113771078600395
0.26738816444691305,0.1699536507580616,0.09743451368885145
0.2516135850038206,0.18420068607846005,0.06741289892536054
0.2688016209899793,0.1698065218623914,0.09899509912758789
0.2442693537789923,0.16838517908110198,0.07588417469789033
0.2849545376565448,0.2140692269359279,0.07088531072061693
0.25420334475179746,0.16492130060002544,0.08928204415177202
0.28859555318078683,0.192998735209158,0.09559681797162883
0.26764822237077374,0.19701508690422795,0.07063313546654579
0.2750979531450682,0.18773675397096357,0.08736119917410462
0.2542766665461488,0.19152057107041487,0.06275609547573391
0.26108374384236455,0.17569786535303777,0.08538587848932677
0.28202775363018767,0.17387874690105928,0.10814900672912839
0.25253633791825186,0.18315286313530388,0.06938347478294798
0.24794745484400657,0.17569786535303777,0.0722495894909688
0.2587752849033806,0.18606781661484847,0.07270746828853211
0.26196166414671024,0.16468321709018194,0.0972784470565283
0.23889186948251476,0.16309808320733551,0.07579378627517924
0.30589193989484625,0.19393698464117162,0.11195495525367463
0.2376237623762376,0.16501650165016502,0.0726072607260726
0.2739273927392739,0.15676567656765675,0.11716171617161716
0.2834138093612317,0.21413126534328308,0.06928254401794864
0.2717006342766992,0.20784635693357803,0.06385427734312119
0.24215121248735935,0.1663955025880112,0.07575570989934816
0.2663837812352664,0.17269830431318992,0.09368547692207649
0.2782687787758782,0.18662062526159887,0.09164815351427932
0.2751629842787235,0.19284982685460664,0.08231315742411685
0.2574137931034483,0.1648440065681445,0.09256978653530382
0.2705660757973452,0.1764890370369292,0.09407703876041601
0.25779967159277506,0.17077175697865354,0.08702791461412152
0.2580890441985375,0.14951789296576715,0.10857115123277036
0.29416137702293127,0.19994444852911145,0.09421692849381982
0.279963074610527,0.18965108774681602,0.09031198686371097
0.2612171533003778,0.18227668898445915,0.07894046431591867
0.2504845850438702,0.16952789181357156,0.08095669323029867
0.2664894568274561,0.1793639955128518,0.08712546131460433
0.28285291583345523,0.21212342909167767,0.07072948674177756
0.26153465346534654,0.1771947194719472,0.08433993399339934
0.2557471264367816,0.16388164461186774,0.09186548182491386
0.25670233782310314,0.1645342302300917,0.09216810759301144
0.2643267651888342,0.18339901477832513,0.08092775041050906
0.23600186649059732,0.15339420862165623,0.08260765786894109
0.24630541871921183,0.16748768472906406,0.07881773399014777
0.2850362309960869,0.18604024213905843,0.09899598885702846
0.2756150881612682,0.20129889983336988,0.0743161883278983
0.2528735632183908,0.17077175697865352,0.08210180623973726
0.24135882872552686,0.16922105134303633,0.07213777738249053
0.2652457363962997,0.20434407972816984,0.06090165666812988
0.24710205010648847,0.1531727064332049,0.09392934367328357
0.23196605374823198,0.15621291193158726,0.07575314181664472
0.2953795379537954,0.20627062706270627,0.08910891089108913
0.24100099810038958,0.16719791364821793,0.07380308445217165
0.23108438777809973,0.17212402202260216,0.05896036575549757
0.24006665372419592,0.1364136413641364,0.10365301236005953
0.2593327646296939,0.18399172574458258,0.07534103888511132
0.23889186948251476,0.16482953714090623,0.07406233234160853
0.2627543107831502,0.17249779165108628,0.09025651913206392
0.25130124952793786,0.1834884981035417,0.06781275142439616
0.22237396153408442,0.15974897982409078,0.06262498170999364
0.26951077460687245,0.17103475053387693,0.09847602407299552
0.27960948804240027,0.20066982067664893,0.07893966736575134
0.26352241135443594,0.18935440342063767,0.07416800793379827
0.25899866289841983,0.17325430432904332,0.08574435856937651
0.2594213057932858,0.17896878792486606,0.08045251786841975
0.2879376172911409,0.18250501520740312,0.10543260208373781
0.27853344116854156,0.21085050935797203,0.06768293181056953
0.27750059850957565,0.20207069968080552,0.07542989882877013
0.26442870308473904,0.1690836571341863,0.09534504595055274
0.279963074610527,0.20904508655409323,0.07091798805643376
0.2960428395780755,0.1957063353394163,0.10033650423865917
0.2607260726072607,0.17491749174917492,0.08580858085808579
0.25123152709359603,0.17733990147783252,0.07389162561576351
0.2673150853060455,0.19311318676901143,0.07420189853703404
0.2742200328407225,0.19376026272577995,0.08045977011494254
0.27731410741250584,0.1699208116532556,0.10739329575925025
0.2504105090311987,0.17134890828984375,0.07906160074135496
0.26607097829458404,0.19712068280140096,0.06895029549318307
0.2718138808954787,0.17463298053943324,0.09718090035604546
0.2595438648342446,0.1966569791307489,0.06288688570349568
0.24213088906861424,0.17287127580488362,0.06925961326373062
0.2513377284350007,0.18012564435621561,0.07121208407878507
0.24068707942947296,0.1735728774268328,0.06711420200264015
0.22903152384203937,0.17302345998146615,0.05600806386057322
0.258230502853241,0.17932335105431726,0.07890715179892374
0.25529597294704837,0.17620998553057277,0.0790859874164756
0.28806930693069305,0.20508250825082508,0.08298679867986797
0.29598042562876975,0.18530881659594534,0.11067160903282441
0.2383872715629772,0.17217542649787365,0.06621184506510355
0.2562517445774428,0.1735464591235243,0.08270528545391853
0.27864709102031615,0.16222351009369265,0.1164235809266235
0.28243021346469616,0.18883415435139572,0.09359605911330043
0.26648132793574925,0.19235396446048547,0.07412736347526377
0.28647139075221784,0.190774851714575,0.09569653903764283
0.2707136091154884,0.1583612041080588,0.11235240500742963
0.2722489990341583,0.18636547869182918,0.0858835203423291
0.27510608203677506,0.18454209953015002,0.09056398250662503
0.2605766444508838,0.19014617341189352,0.07043047103899028
0.23926976184126758,0.1765300050334421,0.06273975680782548
0.26258400253238884,0.19034182467797633,0.0722421778544125
0.2450009706853038,0.1810813434284605,0.0639196272568433
0.2598644100863288,0.1726414020712416,0.08722300801508723
0.2612953055643256,0.15622625787319558,0.10506904769113004
0.2562271152488383,0.17513915570661545,0.08108795954222284
0.2525528561973174,0.16326244050035474,0.08929041569696264
0.24224755662572403,0.177939172319339,0.06430838430638502
0.28568655184846214,0.19535727116611978,0.09032928068234236
0.26665282685385017,0.18419865801870583,0.08245416883514434
0.25539788741023944,0.16631946997361305,0.0890784174366264
0.24546001398169373,0.14332048968443642,0.10213952429725731
0.25005346108249443,0.1941242786357981,0.05592918244669634
0.2802891271451109,0.17372581216394603,0.10656331498116486
0.2804752756725566,0.18480554032904942,0.09566973534350717
0.27260676661696887,0.22163797805454263,0.05096878856242623
0.2610960168749416,0.19040637764153115,0.07068963923341046
0.25944170771756975,0.13793103448275862,0.12151067323481113
0.29064039408866993,0.20032840722495893,0.090311986863711
0.2803944106378184,0.1784355581312985,0.1019588525065199
0.28258543080982607,0.1833770392699883,0.09920839153983776
0.2306166577248858,0.17289339771415566,0.05772326001073014
0.2684819215042339,0.17781416014681736,0.09066776135741653
0.26956231111418666,0.1777183338595346,0.09184397725465207
0.2705741238045575,0.17996868799445198,0.0906054358101055
0.27410312025117317,0.1853591328417107,0.08874398740946246
0.25608933683863894,0.19030125991445856,0.06578807692418037
0.27392739273927397,0.19471947194719472,0.07920792079207925
0.2541619723328115,0.1765539064015952,0.0776080659312163
0.2519340898136575,0.17462768260503722,0.07730640720862028
0.2673637777717924,0.16165364790283895,0.10571012986895342
0.24622014505130604,0.1969424050489662,0.04927774000233984
0.2652174268231911,0.19431577743466577,0.07090164938852533
0.26857858199613066,0.17292591328098328,0.09565266871514738
0.25742574257425743,0.15841584158415842,0.09900990099009901
0.2693546520690899,0.18218758995575016,0.08716706211333972
0.2537514835227365,0.1663740265652181,0.08737745695751842
0.2835690504959188,0.21435798101320228,0.06921106948271652
0.2648555495943683,0.17442975824676066,0.09042579134760764
0.24634964945349938,0.1674577194027719,0.07889193005072748
0.2528653938844366,0.15360798634087364,0.09925740754356294
0.26407125309251755,0.201404898963538,0.06266635412897956
0.23033214651514414,0.16121218033133364,0.0691199661838105
0.2789068848800916,0.20294085507367,0.07596602980642159
0.2545155993431856,0.18883415435139575,0.06568144499178982
0.24378546229007136,0.16641467102375262,0.07737079126631874
0.2668227413874393,0.1993448113284235,0.06747793005901578
0.26108374384236455,0.17898193760262726,0.08210180623973728
0.2574294085450272,0.17698573682346505,0.08044367172156217
0.2405257767156026,0.16313872766587004,0.07738704904973256
0.2550605419728365,0.17090751208701013,0.08415302988582637
0.2663756523435595,0.16938984538847976,0.09698580695507972
0.23356744541449218,0.1611308914142646,0.07243655400022758
0.22834343706755492,0.18227660928944242,0.046066827778112496
0.2875768938558439,0.17854896290305447,0.10902793095278943
0.2706270627062706,0.2079207920792079,0.06270627062706272
0.30315075842559625,0.1976296151782666,0.10552114324732964
0.3031832739924239,0.20592108471930937,0.09726218927311453
0.2826797385620915,0.15522875816993464,0.12745098039215685
0.23891217149065835,0.17448063459386157,0.06443153689679679
0.27257799671592775,0.1839080459770115,0.08866995073891626
0.2456110253331046,0.16485715919581076,0.08075386613729385
0.27731386475902203,0.1717099766737206,0.10560388808530144
0.25866133411370695,0.1714220683152059,0.08723926579850105
0.29107122534913593,0.1989708823099059,0.09210034303923004
0.27347217480368724,0.18284316116340701,0.09062901364028023
0.29112812759108425,0.2038969906842901,0.08723113690679415
0.29049957299410034,0.17889634515465458,0.11160322783944576
0.27510608203677506,0.16319562990781836,0.1119104521289567
0.2491789819376026,0.18027785826974466,0.06890112366785794
0.22112211221122113,0.1353135313531353,0.08580858085808582
0.26550275282526803,0.1900656814449918,0.07543707138027622
0.28424708142456034,0.21146741539825623,0.07277966602630412
0.2845924986587329,0.2005885317595799,0.08400396689915296
0.2438748800988473,0.16476450600725098,0.07911037409159632
0.2553122307304622,0.16469947487359574,0.09061275585686648
0.2684729064039409,0.18280251670487244,0.08567038969906846
0.2837675576983476,0.20963166090890395,0.07413589678944366
0.25406484432853604,0.17540004507550147,0.07866479925303457
0.27046910718310313,0.17044173991435654,0.10002736726874659
0.27344778812856657,0.17468988278138156,0.09875790534718501
0.20361247947454844,0.15599343185550082,0.047619047619047616
0.252093189614528,0.16631712432326975,0.08577606529125822
0.2696078431372549,0.17973856209150327,0.08986928104575162
0.2754394403443856,0.20255353015547384,0.07288591018891177
0.2965663561430035,0.1959469345949373,0.10061942154806616
0.2566291111869808,0.15296135524882537,0.10366775593815541
0.26301842006860787,0.1792339332455413,0.08378448682306658
0.26371100164203615,0.16658456486042694,0.0971264367816092
0.29648506722593443,0.21737469313433808,0.07911037409159635
0.27199440093263055,0.21553437433295566,0.05646002659967489
0.2607260726072607,0.17491749174917492,0.08580858085808579
0.2861375292954718,0.19223788331596148,0.09389964597951034
0.2813207791367372,0.1989904872840225,0.0823302918527147
0.2540558923181488,0.1632463444859301,0.0908095478322187
0.25988879676144955,0.180965387179112,0.07892340958233754
0.2892468351312743,0.18673135970313448,0.10251547542813982
0.26281894344172174,0.17900074562657656,0.08381819781514518
0.29367740464951575,0.1996323961489598,0.09404500850055594
0.2553122307304622,0.16642279991545952,0.0888894308150027
0.2607631985902803,0.19794971556563054,0.06281348302464976
0.25206479915692476,0.1830175885760034,0.06904721058092136
0.270811158194927,0.15602825857781374,0.11478289961711327
0.28341380936123167,0.19439431627891854,0.08901949308231313
0.25417042476249685,0.16664470652638383,0.08752571823611302
0.27732207453522356,0.17314773900741298,0.10417433552781058
0.277926807459071,0.1891349233445512,0.0887918841145198
0.2734884325871011,0.21088783755222815,0.06260059503487295
0.254820902542268,0.17507900751705985,0.07974189502520818
0.2569142599568563,0.16850993270871564,0.08840432724814065
0.28838565791731,0.18104877909304054,0.10733687882426948
0.2536945812807882,0.17296655773951777,0.08072802354127043
0.2768700515371734,0.18455022842185698,0.09231982311531645
0.29421374973318226,0.17021328998571497,0.12400045974746729
0.22314992693299182,0.1570201796299033,0.06612974730308852
0.24917491749174916,0.1485148514851485,0.10066006600660066
0.27224487154597815,0.186792208632628,0.08545266291335016
0.27791867856736413,0.1841031393779772,0.09381553918938693
0.2668959014128014,0.18946007901282738,0.07743582239997401
0.2991396154540827,0.19329918066433507,0.10584043478974761
0.2590639366855589,0.17319715943361116,0.08586677725194772
0.28402833763527036,0.1690756876325129,0.11495265000275745
0.2704925922340047,0.20123370693072543,0.06925888530327926
0.2578199938220423,0.15523614430408558,0.10258384951795671
0.28190701567983517,0.19830000965903602,0.08360700602079915
0.2717344166374495,0.19115763639577302,0.0805767802416765
0.22576370937586368,0.17299907330634542,0.052764636069518256
0.23683525988066786,0.1612040514396267,0.07563120844104115
0.2507475951624278,0.20293232175949014,0.04781527340293765
0.2607712465974927,0.18977237404646283,0.07099887255102985
0.2800078037360386,0.1631062120990424,0.1169015916369962
0.24507002939099878,0.17879250611628325,0.06627752327471553
0.28996569607699685,0.2042546619193939,0.08571103415760295
0.2264830960708011,0.1536788007158925,0.07280429535490862
0.28627628783542924,0.1906936389240891,0.09558264891134013
0.2602586411129901,0.18443088335008048,0.07582775776290959
0.22951479442351652,0.16395408738207926,0.06556070704143727
0.2521094473979418,0.18120112503861222,0.07090832235932956
0.2503129623307158,0.1613422425986441,0.08897071973207171
0.2368677754474955,0.16284608756442145,0.07402168788307403
0.2913756341445482,0.18444722201798888,0.10692841212655932
0.26732673267326734,0.19966996699669967,0.06765676567656767
0.2566653724195949,0.18266679609137385,0.07399857632822107
0.24670373441285012,0.1907281861191045,0.055975548293745625
0.3250825082508251,0.20957095709570958,0.1155115511551155
0.2706560597975833,0.1831717139804562,0.08748434581712708
0.2508371164557777,0.17864387134164014,0.07219324511413758
0.24133420296535593,0.17412277304229987,0.06721142992305607
0.2730088279763937,0.2088962590840365,0.0641125688923572
0.2516132210235949,0.16055038339654862,0.09106283762704628
0.2466712188460225,0.1792258043538344,0.0674454144921881
0.2690804597701149,0.1797208538587849,0.08935960591133002
0.3042644165894422,0.1907281861191045,0.1135362304703377
0.2393266640832159,0.1467855814329319,0.09254108265028399
0.30902418600068965,0.18500730670081933,0.12401687929987032
0.2980908266549029,0.18771495559966997,0.11037587105523292
0.27433788154934896,0.20165673283746285,0.0726811487118861
0.2722772277227723,0.17656765676567657,0.09570957095709573
0.27434257285003555,0.17526489065346504,0.09907768219657051
0.25742574257425743,0.18151815181518152,0.07590759075907591
0.26926641303287485,0.15179006926153546,0.11747634377133939
0.25176769970297264,0.18597921240892998,0.06578848729404266
0.25497081727877224,0.175933603212538,0.07903721406623423
0.28052805280528054,0.20132013201320131,0.07920792079207922
0.3284856448554157,0.20358355018347388,0.12490209467194183
0.29086072583090533,0.1906207156048214,0.10024001022608392
0.28272418934978344,0.1991006043865479,0.08362358496323555
0.26770440735757145,0.18734035095772686,0.08036405639984459
0.2685140111904079,0.19103473121675643,0.07747927997365148
0.2376237623762376,0.14356435643564358,0.09405940594059403
0.25702742688061914,0.1696824854899283,0.08734494139069085
0.29321725275975874,0.1877692695377912,0.10544798322196755
0.2581819483669261,0.17769538764210435,0.08048656072482174
0.26057664445088374,0.1589555362374835,0.10162110821340023
0.2894048025492204,0.202287470126323,0.0871173324228974
0.2812030759726219,0.17829732234307172,0.10290575362955018
0.2780173314822584,0.15772220708492696,0.12029512439733142
0.2746752507763092,0.18587523777008244,0.08880001300622678
0.2757940094212261,0.17392927354166887,0.10186473587955724
0.2516217138955275,0.17930709327090347,0.07231462062462404
0.2528212035923963,0.20351062924316196,0.04931057434923433
0.2529678340968425,0.16194604535080373,0.09102178874603875
0.25205254515599346,0.19113463070444978,0.06091791445154368
0.23520948153928697,0.16453689703945765,0.07067258449982933
0.27936226458466745,0.1801060703085234,0.09925619427614404
0.2906532249863642,0.18546433026380008,0.10518889472256412
0.2312051257284523,0.13777005054895522,0.09343507517949709
0.2877952819912533,0.18416004161992552,0.10363524037132779
0.26316896395521905,0.1941370607649,0.06903190319031904
0.29005694687115774,0.1919530188312949,0.09810392803986284
0.26556714639878937,0.19519301973663028,0.07037412666215909
0.2684972930790616,0.171413939423499,0.09708335365556262
0.29891241804562957,0.19390945179710672,0.10500296624852284
0.25183353492366234,0.1561365153369634,0.09569701958669893
0.2479474548440066,0.17733990147783252,0.07060755336617408
0.29394558551769406,0.21010331980749508,0.08384226571019898
0.24226535954088022,0.18290006340535533,0.05936529613552488
0.25412092345180404,0.17649668062166854,0.0776242428301355
0.2725779967159277,0.18555008210180624,0.08702791461412146
0.268517837740689,0.17129459435172248,0.09722324338896651
0.25323936334520153,0.17760002601245348,0.07563933733274805
0.28080921682431936,0.2037130545856672,0.07709616223865215
0.2669121591962152,0.18450145507161553,0.08241070412459967
0.28951047814141023,0.208936903542571,0.08057357459883924
0.2627791054967566,0.17854435936204457,0.08423474613471202
0.27093596059113306,0.16091954022988506,0.11001642036124801
0.2725779967159278,0.21018062397372742,0.06239737274220039
0.26442083232713515,0.17732431779763344,0.0870965145295017
0.22727485654623406,0.16467990082590347,0.06259495572033058
0.2796382579434414,0.16935222934058114,0.11028602860286024
0.28508023216114714,0.20761189419434553,0.07746833796680161
0.2631322245525045,0.1759417321042449,0.0871904924482596
0.26390096268392416,0.1737338613606362,0.09016710132328795
0.29826529450974654,0.19773529077045637,0.10053000373929016
0.23347818582367882,0.16906960808931273,0.06440857773436609
0.24009494545513665,0.174315953762864,0.06577899169227266
0.25902296868904595,0.1403725329521409,0.11865043573690506
0.24349282218862278,0.1776650571461087,0.06582776504251409
0.2873691527367747,0.20692404650491128,0.08044510623186343
0.2955665024630542,0.19047619047619047,0.10509031198686375
0.26925058359494486,0.20176285921275053,0.06748772438219433
0.278036627192131,0.20576910632239695,0.07226752086973406
0.2895104781414102,0.17604740769643468,0.1134630704449755
0.26941201582844854,0.20163210350885838,0.06777991231959016
0.27791054967565726,0.16930855647141066,0.1086019932042466
0.2758003706774618,0.2164010957746021,0.05939927490285973
0.219890645780996,0.16197067467940823,0.05791997110158778
0.27685872770792996,0.21083417069006363,0.06602455701786633
0.27013932920385636,0.17792518168072965,0.0922141475231267
0.27853344116854156,0.1893896690602815,0.08914377210826005
0.2252637028408723,0.16432084384909082,0.06094285899178148
0.23033214651514414,0.1546765513989823,0.07565559511616185
0.26100723662629954,0.180667168426492,0.08034006819980755
0.2545361428153351,0.16235001463271875,0.09218612818261634
0.25049992683997463,0.17463298053943324,0.07586694630054139
0.2660542423410698,0.17561131656486426,0.09044292577620552
0.25617785659162934,0.17528693167824247,0.08089092491338687
0.2603358858053293,0.17959160448064512,0.08074428132468417
0.290913419700179,0.1834884981035417,0.10742492159663727
0.29321725275975874,0.20918889918548503,0.08402835357427371
0.2846250142255605,0.19582500121933377,0.08880001300622675
0.252093189614528,0.2027020436033751,0.04939114601115288
0.24643805843999034,0.19057393544232473,0.055864122997665605
0.2615227039945374,0.1677640670470988,0.0937586369474386
0.2884553161198473,0.19166181324014753,0.09679350287969979
0.25666975564551525,0.1792501910289551,0.07741956461656016
0.28225655445479847,0.19641392122448773,0.08584263323031074
0.27837005448945745,0.18295223390436977,0.09541782058508769
0.23788527477041832,0.15255296766009654,0.08533230711032178
0.2895670631583163,0.20470984020185032,0.084857222956466
0.2838494128068788,0.1912671195065981,0.0925822933002807
0.2693467622624331,0.18227692806950935,0.08706983419292375
0.29066183204817153,0.19051189384368747,0.10014993820448406
0.28723127441043494,0.188121642838499,0.09910963157193595
0.26443689145033905,0.17183061589741064,0.09260627555292841
0.2508250825082508,0.17986798679867988,0.07095709570957093
0.26889600724778356,0.17881641105286997,0.0900795961949136
0.2779024207839503,0.20550651124225724,0.07239590954169303
0.2906854217731249,0.1706773183838233,0.1200081033893016
0.2598156367360874,0.175933603212538,0.08388203352354937
0.23927392739273926,0.1617161716171617,0.07755775577557755
0.2669365458713359,0.19769464631192182,0.0692418995594141
0.2582061161781203,0.17272269098831064,0.08548342518980964
0.24343591994667446,0.17757563933733275,0.06586028060934171
0.29421374973318226,0.18831584651002417,0.10589790322315809
0.25986447074969976,0.16278611290115633,0.09707835784854343
0.30200992307156604,0.18139848320542665,0.1206114398661394
0.2631159667690907,0.16121218033133364,0.10190378643775708
0.2475121344940905,0.16503526685291128,0.08247686764117923
0.3019280679630348,0.20616851038827874,0.09575955757475604
0.2675996881055825,0.18063513102976483,0.08696455707581766
0.27586206896551724,0.18883415435139572,0.08702791461412152
0.26272577996715923,0.1724137931034483,0.09031198686371095
0.25702742688061914,0.15148189695816872,0.10554552992245042
0.2858484921224664,0.17236804816384277,0.11348044395862361
0.23116487974500144,0.14421745709778166,0.08694742264721977
0.2779674519176056,0.19731258840169733,0.08065486351590825
0.27276160451866077,0.18843899315304666,0.08432261136561411
0.256697728596389,0.16940076360577236,0.08729696499061665
0.2878371111697381,0.18567778801347268,0.10215932315626541
0.25944170771756975,0.1691297208538588,0.09031198686371095
0.27365634879788253,0.1959414748915521,0.07771487390633045
0.25129303975173634,0.18686271612235852,0.06443032362937781
0.25833333333333336,0.17876237623762373,0.07957095709570963
0.25757691569465746,0.1731883025814529,0.08438861311320456
0.30043259454244814,0.20125728476090018,0.09917530978154795
0.23188476483116294,0.1627322830805248,0.06915248175063815
0.270139546878305,0.18774188656793686,0.08239766031036813
0.2847560875490534,0.20697666781603533,0.07777941973301808
0.2663593945601457,0.20224682566778848,0.0641125688923572
0.26942022560465,0.18518792177725238,0.08423230382739763
0.2613369931949448,0.18357310328488918,0.07776388991005562
0.25742574257425743,0.18151815181518152,0.07590759075907591
0.2758267486098917,0.17834845380938447,0.09747829480050724
0.2815299894408379,0.20131784340557443,0.08021214603526347
0.2760876987610965,0.17668617695834551,0.099401521802751
0.2767887626201044,0.202539465769237,0.07424929685086737
0.2853524489277102,0.1798053013153679,0.10554714761234232
0.2545117549507365,0.17561701297434396,0.07889474197639257
0.26607884669063925,0.186772408584142,0.07930643810649723
0.26344468135512916,0.17773202950763425,0.08571265184749491
0.27867830529836307,0.19782729688305936,0.08085100841530371
0.2793704743608689,0.17686320870893057,0.10250726565193835
0.25825488952836173,0.19901965566014732,0.059235233868214415
0.24425277245760016,0.1599295949005238,0.08432317755707636
0.2845599830919052,0.2056284446178608,0.07893153847404441
0.2677043276625547,0.19719296618157908,0.07051136148097562
0.2703232605445678,0.2059570783194046,0.06436618222516319
0.29329774861422225,0.19515863036501893,0.09813911824920332
0.24933669837571992,0.18525529023490583,0.06408140814081409
0.276390446926466,0.18250987660342388,0.09388057032304215
0.27018810255409775,0.22239021931749825,0.0477978832365995
0.2711260394261433,0.15833904629976467,0.1127869931263786
0.2520203483692327,0.2127322193245114,0.039288129044721315
0.2742200328407225,0.18719211822660098,0.08702791461412152
0.2538090946934904,0.1811660972945407,0.0726429973989497
0.2545155993431856,0.180623973727422,0.07389162561576357
0.24463468760669171,0.20662155131769336,0.038013136288998356
0.2611121949633387,0.1723030170301875,0.08880917793315121
0.26687151473768067,0.17794143946414345,0.08893007527353722
0.26120121429703097,0.1756439118267086,0.08555730247032237
0.2581537565521258,0.16283245971655988,0.09532129683556592
0.257844441160534,0.2164835886573732,0.04136085250316082
0.30590645271423694,0.22538978035734605,0.08051667235689089
0.241769497146759,0.17599050545448633,0.06577899169227266
0.2587267506381894,0.16813452635869383,0.09059222427949556
0.27474034733124675,0.1873598298471902,0.08738051748405654
0.23775717183425096,0.1377459029588847,0.10001126887536627
0.24214342616527662,0.15818010372465816,0.08396332244061847
0.26192914857988264,0.18775301175437742,0.07417613682550522
0.25536521007442264,0.17781372284717625,0.07755148722724639
0.26477426067729926,0.1677640670470988,0.09701019363020044
0.2853279242731575,0.17869216652178113,0.10663575775137638
0.28580760857888166,0.18874792434328913,0.09705968423559252
0.28033391574451566,0.1916941694169417,0.08863974632757396
0.2722772277227723,0.16996699669966997,0.10231023102310233
0.2582792762034824,0.18589149555349624,0.07238778064998616
0.2727287654138548,0.20498169219907067,0.06774707321478415
0.28170808740224335,0.18272788648487323,0.09898020091737011
0.2857142857142857,0.1724137931034483,0.11330049261083741
0.2933229283519485,0.19932042465330277,0.09400250369864574
0.316853279328374,0.203006533283282,0.11384674604509198
0.23847757910119372,0.18050013956619546,0.05797743953499826
0.23676173587508006,0.15394972333054202,0.08281201254453804
0.2901091471071187,0.18200038636144114,0.10810876074567757
0.28466964343493173,0.18758493496408465,0.09708470847084708
0.24011120323855048,0.16615454648913167,0.07395665674941881
0.27722772277227725,0.16996699669966997,0.10726072607260728
0.24834577053764492,0.18753353167829098,0.06081223885935394
0.26648547207661943,0.16948165404775772,0.09700381802886171
0.28009378395379425,0.19595781355946051,0.08413597039433374
0.29603854720447415,0.2116304118096539,0.08440813539482026
0.2627383717798033,0.17083949774287774,0.09189887403692557
0.28162545318571264,0.19267099123705475,0.08895446194865789
0.2674076231152527,0.1687698181582864,0.09863780495696628
0.30870279146141216,0.21510673234811165,0.09359605911330052
0.2635955713797981,0.15974085093238388,0.10385472044741423
0.2439853278762183,0.18127752044375822,0.06270780743246007
0.26760749821722246,0.19524378546229007,0.07236371275493239
0.25784398202207937,0.16416551826147552,0.09367846376060385
0.23720106000747856,0.16645531548228717,0.07074574452519139
0.23110853536817025,0.14756592292089252,0.08354261244727773
0.2789395622159084,0.19140563420359388,0.0875339280123145
0.27724933438974425,0.1851016319645198,0.09214770242522444
0.2644773967399638,0.1804407548839497,0.08403664185601409
0.28086170134548927,0.1965460056041631,0.08431569574132616
0.2708510853983109,0.2003068895704407,0.07054419582787017
0.2478946967429284,0.1560848420396951,0.0918098547032333
0.26741379310344826,0.20288177339901478,0.06453201970443348
0.28109789472278957,0.19942980275934316,0.0816680919634464
0.2290272774060731,0.12840559109215824,0.10062168631391485
0.28854115737177466,0.18017898629944695,0.1083621710723277
0.2420783950316214,0.1662195776227869,0.07585881740883449
0.264367816091954,0.16748768472906406,0.09688013136288992
0.24096880131362894,0.18141215106732347,0.059556650246305465
0.24103319488715028,0.1557841527415564,0.08524904214559387
0.24587458745874588,0.17491749174917492,0.07095709570957096
0.2791461412151067,0.18555008210180624,0.09359605911330049
0.269370966947441,0.19167364497643793,0.07769732197100307
0.2652782519631274,0.18454209953015008,0.0807361524329773
0.28278788469980004,0.210473264075176,0.07231462062462404
0.2518254857269722,0.19397014252604458,0.05785534320092764
0.287973086627418,0.19490568304697828,0.09306740358043972
0.27222445059004835,0.18139027342922512,0.09083417716082323
0.2442244224422442,0.1617161716171617,0.08250825082508251
0.23704463274867713,0.17292680123491055,0.06411783151376657
0.2256580337836739,0.15478222699117203,0.07087580679250188
0.2648392918109545,0.16618706205595926,0.09865222975499524
