selected_precision,baseline_precision,difference
0.19305663576246146,0.14333831257278537,0.04971832318967609
0.19772212875661152,0.14193727986831436,0.055784848888297156
0.20558089561920978,0.14225506294471812,0.06332583267449166
0.20232947612379104,0.1601868003177489,0.04214267580604214
0.18772452809403442,0.13887791727779572,0.0488466108162387
0.20253345558005056,0.15478381356517557,0.047749642014875
0.20318802397655444,0.15691368236171102,0.04627434161484342
0.20973796426360816,0.15350753163101774,0.05623043263259042
0.18997344361329035,0.14307608100711547,0.046897362606174886
0.19340833189321485,0.13989793524143512,0.05351039665177973
0.20411886101761542,0.17189560147081706,0.03222325954679836
0.19884158850587752,0.15350681929694668,0.04533476920893084
0.18939334081191372,0.16197979157521664,0.027413549236697088
0.2068230908629911,0.15480782597473627,0.052015264888254836
0.2103990308367721,0.1470427451092242,0.06335628572754792
0.17224411509590862,0.1318799520431697,0.040364163052738905
0.18698814325877033,0.15072729495171738,0.03626084830705295
0.21168786608827783,0.16144237760295402,0.050245488485323814
0.1982211602283287,0.1453665410654658,0.05285461916286291
0.20512691152823292,0.15057106429134823,0.0545558472368847
0.18363599970663377,0.14803757329063225,0.03559842641600153
0.21381442055682665,0.15594708504009727,0.057867335516729373
0.21169554478168986,0.17131707011820718,0.04037847466348268
0.202784670526606,0.15563003839363976,0.04715463213296625
0.1841670503386675,0.1488367104978766,0.0353303398407909
0.20684895837430553,0.16648669139060002,0.040362266983705514
0.17542554748085648,0.1218846022533288,0.053540945227527684
0.21030162717764314,0.16805001395661956,0.04225161322102358
0.18678963569949816,0.1563172698598511,0.030472365839647075
0.19690296885946376,0.14164435609250836,0.0552586127669554
0.1880183807352609,0.15586235095535858,0.03215602977990231
0.2052698757756082,0.15247437815692974,0.052795497618678466
0.20466209657451362,0.1674821695936711,0.03717992698084252
0.20495130793867564,0.1670829361717416,0.03786837176693403
0.20546829119002122,0.1656058462989156,0.03986244489110563
0.20584991647610243,0.16308243727598568,0.042767479200116754
0.2034653465346535,0.16310149533471865,0.04036385119993485
0.20132474997357544,0.14536642499902333,0.05595832497455211
0.20181563113251919,0.16967920336041778,0.032136427772101406
0.20572935671945572,0.1474039295821474,0.05832542713730832
0.2012707340489418,0.14278860714782407,0.05848212690111773
0.20938929754555477,0.17059376854088248,0.038795529004672286
0.21038848487826453,0.15663894553227034,0.05374953934599419
0.17900438692517903,0.13792663050088794,0.041077756424291095
0.20863955476524812,0.1558045387004042,0.05283501606484392
0.2055676591624304,0.1572076978939724,0.048359961268457985
0.17679950786977439,0.14047867837892222,0.03632082949085216
0.17561974327467342,0.1327211410527306,0.042898602221942805
0.21055476566756348,0.16855208124974097,0.04200268441782251
0.2016484754821469,0.14837486718825463,0.05327360829389227
0.1913020200376522,0.15433986008698652,0.03696215995066568
0.19295172760519294,0.1608829801899109,0.03206874741528204
0.19799013623028286,0.1433045712729981,0.05468556495728477
0.18981696162410888,0.1493955218623105,0.04042143976179838
0.21250415815982496,0.17131495236797423,0.04118920579185073
0.16766628501889902,0.12967706785049438,0.03798921716840464
0.21553004405291107,0.16848331473979647,0.0470467293131146
0.18876410019918222,0.15726505154862558,0.03149904865055664
0.1881105610561056,0.1473762376237624,0.040734323432343206
0.1890577086760937,0.14970828205068135,0.039349426625412354
0.21467053559971805,0.1659780792894104,0.048692456310307636
0.1880545549705982,0.1566638958160155,0.031390659154582695
0.2075382092225341,0.15339430710253854,0.05414390211999556
0.20595247275509296,0.16886829691180205,0.037084175843290906
0.18936877996659687,0.1555924239336793,0.033776356032917565
0.2070962037591626,0.15184352169891657,0.05525268206024603
0.2052431891512351,0.15599812381421577,0.049245065337019334
0.21104677878871425,0.16899794749257113,0.04204883129614312
0.20216235160874785,0.1534761899128981,0.048686161695849745
0.2076570560281835,0.17219428334088185,0.035462772687301636
0.20135633038858844,0.1674602642344578,0.03389606615413063
0.1907558001457714,0.14780646799171235,0.04294933215405905
0.22467189781443597,0.16353354240896725,0.06113835540546872
0.18744523335708263,0.1436933395572808,0.04375189379980182
0.19182930078987426,0.15967727508946147,0.032152025700412784
0.2037134955779434,0.1698726168378918,0.03384087874005162
0.19618996425183718,0.1624814674380198,0.03370849681381738
0.16278828569525622,0.13797829161334216,0.02480999408191406
0.2259582379903088,0.16493025068009373,0.06102798731021508
0.19208328240231431,0.1459092205516848,0.04617406185062953
0.22057613168724277,0.16625514403292183,0.054320987654320946
0.20631685625138196,0.16729888869780277,0.0390179675535792
0.2005930052464706,0.15687974878568936,0.04371325646078125
0.19682083524701674,0.15629453057573525,0.04052630467128149
0.2108584932567331,0.16310149533471865,0.04775699792201443
0.20173510423915764,0.16358785735412926,0.03814724688502838
0.2120901407758642,0.158229123160455,0.05386101761540918
0.19654943106250924,0.17015478772863468,0.026394643333874562
0.200743649663174,0.15361637972084372,0.0471272699423303
0.20234550265419027,0.14038185189442107,0.0619636507597692
0.19298508706308418,0.14593974199174006,0.047045345071344113
0.1880138734544865,0.15024084142858088,0.03777303202590562
0.1919487781556747,0.15174915174915174,0.04019962640652297
0.2032888793349322,0.16049041503311068,0.04279846430182152
0.19850153183486516,0.14848990404545961,0.050011627789405544
0.20840852558162223,0.1581272659285633,0.050281259653058935
0.21205039459976827,0.16741874458980163,0.044631650009966634
0.20082836438156612,0.1561732738750874,0.04465509050647873
0.2151233156906127,0.16875924409294818,0.04636407159766451
0.21356969299188897,0.17473228767007398,0.03883740532181498
0.20215652905990902,0.14713377874866437,0.05502275031124465
0.20021566343405425,0.1540452223680502,0.04617044106600404
0.19228120785406658,0.14686851894860795,0.04541268890545863
0.18599880695969614,0.1316572662557261,0.05434154070397004
0.2105382470973869,0.1560497911752392,0.05448845592214768
0.20200145003012385,0.1657016818307141,0.03629976819940975
0.1886148845586725,0.15984026475882113,0.02877461979985138
0.2050829156989773,0.16060587540235505,0.04447704029662225
0.20465246174745885,0.16235335056935923,0.04229911117809962
0.19293149358508835,0.155918663761801,0.03701282982328735
0.17946165912887588,0.14228690461638757,0.037174754512488306
0.1958977698536137,0.1457040312679325,0.050193738585681213
0.20370356248972668,0.16341076660549278,0.0402927958842339
0.2073904052936311,0.1558974358974359,0.05149296939619519
0.1943276952909331,0.1546652733572208,0.039662421933712305
0.19558380934832012,0.14688286960260424,0.04870093974571588
0.19408551093138907,0.16268316841793543,0.03140234251345364
0.21743969194308863,0.169670367236796,0.04776932470629264
0.19238819297332113,0.15194995692092828,0.040438236052392856
0.19034457342915054,0.1621644862109207,0.028180087218229843
0.19687253060136511,0.14083359478242682,0.05603893581893829
0.19604078755344148,0.16459331111437872,0.03144747643906276
0.21369720879817053,0.155112063912944,0.05858514488522654
0.21017608135777355,0.17074625457329853,0.039429826784475014
0.22718218179085883,0.1735103546690772,0.053671827121781646
0.20710067376556607,0.15755669216402388,0.04954398160154219
0.19732118043202881,0.15854394449948034,0.038777235932548476
0.19258386860033797,0.15801084586468014,0.03457302273565782
0.1993732312140272,0.15311251248233007,0.046260718731697126
0.1954970393857386,0.15196863182523818,0.043528407560500415
0.20623057986342705,0.1492956404362061,0.05693493942722094
0.19060092940642284,0.1394374930554355,0.05116343635098733
0.21018062397372742,0.16009852216748766,0.05008210180623976
0.20417207885041133,0.1535916476729652,0.05058043117744612
0.2077165000966608,0.15247690321117863,0.05523959688548216
0.20207603955530987,0.15671641791044777,0.0453596216448621
0.20311831505861355,0.16524054583756076,0.03787776922105279
0.19822660098522168,0.1544293924466338,0.04379720853858787
0.2178553182953623,0.18400440448419442,0.03385091381116789
0.21901053368483217,0.1711715856474163,0.04783894803741587
0.21963529185751407,0.17274966235362277,0.0468856295038913
0.2140235731633581,0.1695579028912362,0.04446567027212189
0.2108913560277431,0.15723925528351676,0.05365210074422633
0.20434241624338026,0.16307501031051305,0.04126740593286721
0.17960667392134452,0.1416402413188966,0.03796643260244792
0.18486429923780556,0.1487127710241401,0.03615152821366546
0.20165342674303247,0.15470668804002138,0.04694673870301108
0.1986779560308972,0.14880722968958263,0.049870726341314564
0.2221219658911704,0.1718894795883529,0.050232486302817486
0.19556528010365606,0.15015259119819743,0.04541268890545863
0.18858239013827793,0.13867715595916696,0.04990523417911097
0.18145643952095566,0.1294448068641617,0.052011632656793955
0.1927679990221244,0.14720877643319888,0.04555922258892553
0.189737048330327,0.13532428373799607,0.05441276459233094
0.20704669975308035,0.16554444144155211,0.041502258311528234
0.2231593872116748,0.1804459970450505,0.042713390166624315
0.22040787366457862,0.1661193212917351,0.054288552372843524
0.21904370863874423,0.18016007027936629,0.03888363835937794
0.18747168834530512,0.14385556202679092,0.04361612631851419
0.21893302174588924,0.17777039152556015,0.041162630220329094
0.22778686277036111,0.16198925698375644,0.06579760578660468
0.186315853807603,0.1500509310190278,0.03626492278857518
0.19638018636906288,0.15762120712065095,0.03875897924841193
0.1968397633210388,0.1688091759652753,0.028030587355763498
0.20580909756537,0.15635261800136352,0.04945647956400648
0.2027045136275414,0.16472789556468892,0.03797661806285249
0.21126548725749716,0.1658198666716168,0.045445620585880364
0.1863011372339669,0.14750967267514806,0.03879146455881885
0.22207392752608832,0.1750434064281955,0.047030521097892825
0.18406249867677596,0.14294987839121845,0.04111262028555751
0.17925912711391256,0.14553026874258998,0.033728858371322584
0.19164327343645274,0.14966574735551633,0.04197752608093641
0.22278111210258042,0.16912768358819527,0.05365342851438515
0.20408682659310706,0.16279575718765907,0.041291069405447994
0.2174977631030699,0.15986675655000696,0.05763100655306294
0.19010678983531107,0.14546429829087126,0.044642491544439805
0.21276538138148884,0.16477501122264973,0.04799037015883911
0.20861440431332903,0.16074298726628478,0.04787141704704426
0.21655869879515774,0.18287007556081522,0.03368862323434252
0.2190601698320878,0.15667654034793996,0.06238362948414783
0.20099213625066212,0.15157274986757938,0.04941938638308274
0.1981937602627258,0.14473230756755662,0.05346145269516919
0.18434850997415012,0.1479287583930807,0.036419751581069415
0.20578448923162704,0.15473920407913808,0.05104528515248896
0.21670109179687724,0.16414966491594843,0.052551426880928814
0.20131548115476203,0.15508554384590728,0.046229937308854746
0.20165301514643344,0.16708087885964296,0.034572136286790484
0.19228713989232213,0.1717628767373582,0.020524263154963918
0.18517822004153786,0.15786847095893264,0.027309749082605222
0.1978465818138423,0.1630639194433128,0.03478266237052949
0.21055048854639158,0.1669715001056756,0.04357898844071598
0.19293399983055157,0.15432774666491142,0.03860625316564015
0.22086936899339193,0.16772410323739143,0.05314526575600051
0.20476059185736606,0.15191822647019781,0.052842365387168244
0.21949092805600035,0.17152961980548187,0.047961308250518475
0.20394899551987677,0.16529627602424538,0.0386527194956314
0.1969860301363704,0.15666449725464995,0.04032153288172044
0.20297029702970296,0.14933993399339932,0.05363036303630364
0.1960533888354924,0.15731701066023152,0.03873637817526088
0.19192385133554332,0.15069186296475878,0.04123198837078454
0.19174740151456574,0.15975114212279917,0.03199625939176656
0.19085154231288248,0.14786092760740974,0.042990614705472746
0.19952469604782752,0.16413731984727584,0.035387376200551685
0.20058670234262857,0.13895562513905887,0.061631077203569695
0.1835146477610724,0.14470246098683942,0.03881218677423298
0.20445424746500016,0.15415045594257062,0.05030379152242953
0.200135126834961,0.15878631533689577,0.04134881149806524
0.18286680519903842,0.14661410585502996,0.03625269934400846
0.176810800948732,0.1554237872245535,0.021387013724178505
0.1876060470182975,0.14466213454263133,0.042943912475666174
0.19538157519455646,0.15250784337693027,0.04287373181762619
0.19283029018323136,0.14823533426474603,0.044594955918485335
0.1870222205527592,0.13703453284251121,0.049987687710247974
0.1859036888910566,0.15545286055699167,0.030450828334064928
0.19958013506400604,0.16821423273036176,0.03136590233364428
0.1840252567262678,0.15758108391714554,0.026444172809122257
0.2063062408621158,0.1732782509939258,0.03302798986819
0.19328150529485344,0.14892208273743313,0.044359422557420314
0.1937670914682409,0.15514473024051567,0.03862236122772522
0.19434960737453055,0.15570079175405227,0.03864881562047828
0.18943658326026777,0.1422689026904295,0.04716768056983828
0.21208996738291605,0.1600748228485196,0.05201514453439646
0.1937487462990101,0.15494858676127257,0.03880015953773752
0.19654570916148686,0.15524039997051817,0.0413053091909687
0.19370966947441012,0.15491316471418873,0.038796504760221395
0.2032498461864424,0.1554902272366121,0.0477596189498303
0.21304286710293385,0.17261318985456917,0.04042967724836469
0.1988371287592645,0.14517147665089825,0.05366565210836624
0.2029597836049449,0.17255107577688222,0.03040870782806268
0.2146457066133379,0.15515619655279042,0.05948951006054748
0.19389725573053584,0.1518035545857683,0.04209370114476754
0.18992830714502884,0.14060997190810173,0.04931833523692711
0.19932932208299903,0.15485183872280647,0.044477483360192555
0.18822809699073542,0.16090596254293896,0.027322134447796464
0.19755759359719757,0.148962869259899,0.048594724337298584
0.2006093478336225,0.15606687258001642,0.04454247525360608
0.19537642217380777,0.15844831759864442,0.03692810457516335
0.19538671293510956,0.15817149484210222,0.037215218093007346
0.2058606996748442,0.1570076916253554,0.04885300804948878
0.20647097600860143,0.14947217220340056,0.056998803805200865
0.2039694043846072,0.15690284909384236,0.04706655529076484
0.20713101160862354,0.16506971316258215,0.042061298446041395
0.19427399864598757,0.1572144817108969,0.037059516935090686
0.1986798679867987,0.1582752719716416,0.04040459601515711
0.2009610738498333,0.15906401848451937,0.041897055365313934
0.1990196979444291,0.15523899968344412,0.04378069826098499
0.22093431159594598,0.18049405106075778,0.040440260535188205
0.19769058186606836,0.15901737957046938,0.03867320229559898
0.20111100245694238,0.15546951843114246,0.04564148402579993
0.19744138893110388,0.16019966581950876,0.037241723111595126
0.19416490183121993,0.14859389165559225,0.045571010175627674
0.20826542113670823,0.16297102683241296,0.04529439430429527
0.17576930163994842,0.13196978072599963,0.043799520913948786
0.2014793712649319,0.16016969303342718,0.04130967823150472
0.202333187989888,0.14532009309278082,0.05701309489710718
0.18696142936488025,0.15218781276623902,0.03477361659864123
0.20960204052528855,0.17572027527533648,0.03388176524995207
0.19257506012908485,0.1453557972403872,0.047219262888697655
0.1878193374893045,0.14909546510206576,0.038723872387238734
0.21515910850344291,0.16242309416126796,0.05273601434217495
0.19490157919276693,0.15296276024245373,0.041938818950313206
0.1974881329907914,0.16291505628449285,0.034573076706298556
0.22167487684729062,0.17077175697865354,0.050903119868637076
0.21520073216309776,0.19362076095947067,0.02157997120362709
0.2021467766511099,0.16004151301427913,0.04210526363683076
0.2097806057288816,0.16682919783494496,0.042951407893936644
0.2036262885547814,0.16979586847573647,0.03383042007904494
0.17985444395004704,0.13774240763842951,0.04211203631161753
0.1832454330127771,0.13783999730245225,0.04540543571032485
0.20194262890341322,0.15757080610021787,0.04437182280319535
0.21399176954732513,0.15473251028806587,0.05925925925925926
0.20415515899386869,0.15309719825848855,0.05105796073538013
0.20002078010976787,0.15313107359825937,0.046889706511508505
0.23101471054391667,0.17407057042738314,0.05694414011653354
0.19679171403309334,0.15232227912984309,0.044469434903250254
0.20620675357296078,0.1568860535291002,0.04932070004386058
0.18499999999999997,0.14601851851851852,0.03898148148148145
0.21395820068463456,0.15441454869643956,0.059543651988195
0.20806502670301952,0.16507469697433855,0.04299032972868097
0.1747672548618315,0.14175270895383205,0.03301454590799946
0.19766520435588886,0.15482521710004982,0.04283998725583904
0.18941564030992328,0.1580824955944726,0.03133314471545068
0.20506755109008434,0.1663902843486319,0.03867726674145244
0.19747642621404995,0.1560933765790372,0.04138304963501274
0.19617768014501458,0.16234493029666985,0.03383274984834472
0.20882045158758497,0.1516686943501785,0.05715175723740648
0.17422710589377255,0.14194649194649195,0.0322806139472806
0.2011754879191623,0.15335941001507558,0.04781607790408671
0.17439924159747963,0.13652098341481042,0.03787825818266921
0.20663626756816722,0.14487851763837425,0.061757749929792966
0.15635265814477284,0.11430751000643473,0.04204514813833811
0.19013793271219015,0.1539072826201539,0.03623065009203624
0.20180018806655664,0.14914652722062496,0.05265366084593168
0.1879813061433694,0.13845720010299412,0.04952410604037527
0.19174552590394175,0.15064344272265065,0.041102083181291105
0.20791348198000628,0.1626495274799811,0.04526395450002518
0.18806299355167913,0.14746778925883405,0.04059520429284508
0.21169551459997635,0.15653665742653508,0.05515885717344127
0.20686404755375407,0.16378870810213966,0.0430753394516144
0.1967809266884529,0.1507402144430395,0.046040712245413395
0.206376302654896,0.15625762083597525,0.05011868181892076
0.23176622860433238,0.1665550460641241,0.06521118254020827
0.1882594101726471,0.14063970181878968,0.047619708353857426
0.17721206179987545,0.13851668045216434,0.03869538134771111
0.20067259478700625,0.16364739076510254,0.03702520402190371
0.18067139226237897,0.13933090243073273,0.04134048983164623
0.19769891933612957,0.14648544372029776,0.05121347561583181
0.19771170296445292,0.15736590503615594,0.040345797928296984
0.20673113776562055,0.14684523305212963,0.05988590471349092
0.1701347185218153,0.1470645019032116,0.0230702166186037
0.20545225546519794,0.16763016170898135,0.03782209375621659
0.20230002428299043,0.1626729468776187,0.03962707740537172
0.18386351791727243,0.13770585114447678,0.04615766677279565
0.2099083359662186,0.1611360530314149,0.04877228293480371
0.22117796364221007,0.1578982072381412,0.06327975640406885
0.2104532021829634,0.15199817367357651,0.058455028509386886
0.19516894129287876,0.15711598679984168,0.03805295449303708
0.20758988513198937,0.1720478082769945,0.03554207685499486
0.2041027632174982,0.1631155762635087,0.04098718695398951
0.18931534459776936,0.15061586892132017,0.038699475676449185
0.20164156614172582,0.15784463061690787,0.04379693552481795
0.23464898639027995,0.1729069488605144,0.061742037529765564
0.19658011130024003,0.1428141045171405,0.053766006783099535
0.18558541916812907,0.14822819494473694,0.03735722422339213
0.19975769321447526,0.15696412902458834,0.04279356418988692
0.2216961721109767,0.18030007489527008,0.04139609721570661
0.19194826834179202,0.14986255499171086,0.042085713350081155
0.1940813539482027,0.1422718626542457,0.05180949129395698
0.18814091857195306,0.14931037508623715,0.03883054348571591
0.17924687660568428,0.15527175152719253,0.023975125078491755
0.19127607947143402,0.166507164901971,0.024768914569463008
0.2174139518438464,0.16637197889194058,0.05104197295190582
0.2208778469849303,0.1740183327228695,0.04685951426206078
0.2000574508917112,0.15475477433208248,0.04530267655962872
0.18744982794536327,0.1543841655658887,0.033065662379474586
0.21942620492479814,0.16671528141789216,0.05271092350690598
0.1989747674335488,0.15273718714578932,0.04623758028775948
0.18664134219689776,0.1445434957979761,0.04209784639892167
0.1988210432654877,0.1544210877544211,0.0443999555110666
0.1801212268645219,0.14638042530762838,0.03374080155689352
0.21553284360694133,0.1676432531590628,0.04788959044787852
0.19636882827003063,0.1491705792085145,0.04719824906151612
0.1886012356818101,0.1515073139460447,0.037093921735765395
0.19624183006535947,0.15596707818930042,0.040274751876059056
0.21369112740701512,0.17159948372376066,0.042091643683254465
0.20839290018465997,0.14493789765268528,0.0634550025319747
0.20918889918548503,0.15398559560389535,0.055203303581589674
0.194925905653875,0.16037016764986112,0.034555738004013875
0.22652080022817098,0.1902823615694903,0.03623843865868068
0.19174065879881985,0.16597623797366376,0.025764420825156092
0.1967479352664503,0.13825505306332708,0.05849288220312321
0.19029238046222094,0.14576951041181613,0.04452287005040481
0.19239777575772465,0.1477941838848897,0.04460359187283494
0.16891024077777236,0.1235550894990977,0.04535515127867466
0.20325457545754574,0.17020266215810773,0.03305191329943802
0.21052524883942506,0.15213566056477934,0.058389588274645715
0.21331397644924174,0.16795682209733287,0.045357154351908874
0.20493133694332002,0.14714029033827888,0.05779104660504114
0.18270868320183595,0.14811828199787683,0.03459040120395912
0.19240187045999887,0.14617063443317038,0.04623123602682849
0.18992457558410927,0.14532917311582275,0.04459540246828653
0.18837018837018835,0.14414414414414414,0.0442260442260442
0.19654416487679013,0.14778313973799992,0.048761025138790215
0.1984832469025207,0.15716149778749586,0.04132174911502484
0.1788093226018542,0.13682732720875337,0.041981995393100824
0.2077877655449566,0.17142624165555484,0.03636152388940175
0.1949132250562394,0.1521713432604522,0.042741881795787195
0.18136332151733692,0.14261907672248708,0.038744244794849836
0.22012886887438862,0.1739974879759826,0.046131380898406016
0.1907446534395217,0.15191390365298355,0.038830749786538166
0.20389656956821134,0.15463428149995315,0.04926228806825819
0.2105272760445174,0.16778162946745323,0.04274564657706417
0.17058268228280238,0.1368211245663067,0.033761557716495666
0.22192353643966545,0.17345404203405468,0.04846949440561077
0.18948527451802696,0.14576366702185514,0.04372160749617182
0.2037997593553149,0.17751488862599973,0.02628487072931518
0.20702308617169785,0.14634018414066347,0.06068290203103438
0.213680787895748,0.1796240772064066,0.03405671068934138
0.20807117657578567,0.1644718659058024,0.043599310669983266
0.19284064907364726,0.1441890204128775,0.04865162866076975
0.19693507812319697,0.15157113424440158,0.04536394387879539
0.19981732910522046,0.16020442720359596,0.0396129019016245
0.20085217476971576,0.1545203027765463,0.04633187199316946
0.21649374274181274,0.16947070524013397,0.04702303750167877
0.19458297681620015,0.15168887259096278,0.04289410422523737
0.19146216923994705,0.15200452978230758,0.03945763945763947
0.20149291833879648,0.16100848573966853,0.040484432599127956
0.18993890704206895,0.1503021890278358,0.03963671801423316
0.19607812968676042,0.15130986164870985,0.04476826803805056
0.2130468439136445,0.15187311779711296,0.061173726116531546
0.20280480449369975,0.14426428830221824,0.05854051619148151
0.2009595403984843,0.16142688342908365,0.03953265696940064
0.18494425118187494,0.1352890829623503,0.04965516821952465
0.2069196578775123,0.1617836974158813,0.045135960461630986
0.21334736920811656,0.16882091267271723,0.04452645653539933
0.18876422030362952,0.1434173461985068,0.045346874105122725
0.2061003379999796,0.15419947104534917,0.05190086695463042
0.20203677550950097,0.1607130704147191,0.041323705094781865
0.2112275143406991,0.16895313412086,0.04227438021983912
0.20885655132079775,0.16115207116307229,0.047704480157725465
0.20049261083743844,0.15778142674694398,0.04271118409049446
0.20603969983054948,0.16086298717017672,0.045176712660372764
0.20707786836819095,0.16668296479197478,0.04039490357621617
0.19786564119410166,0.15510164866372048,0.042763992530381184
0.1743275555966052,0.15033609392157465,0.02399146167503055
0.18951291680892227,0.13837405908078493,0.05113885772813734
0.20396420155538855,0.1546188625252509,0.04934533903013766
0.2087733394238238,0.15675000548487897,0.052023333938944843
0.18567960079124698,0.13609113100805326,0.04958846978319373
0.2033978013007596,0.15210309997663551,0.05129470132412409
0.1906152810851345,0.15840830935404912,0.03220697173108539
0.20656907932172527,0.160223097432896,0.04634598188882927
0.19965132072411765,0.15447708244643113,0.04517423827768652
0.1973844881985696,0.1644705861977589,0.03291390200081071
0.20875286591245287,0.14853999599022488,0.06021286992222799
0.17310908923812152,0.14508470422448916,0.028024385013632358
0.18785361587240215,0.14496721687427408,0.04288639899812807
0.18446399608164313,0.1308333734804323,0.05363062260121082
0.19446838608870498,0.15318947018366127,0.041278915905043706
0.23215042180559423,0.18293371741647604,0.04921670438911818
0.21565500100457044,0.1662538293603124,0.04940117164425803
0.20557138334916114,0.1676091862471791,0.03796219710198204
0.20033003300330032,0.16383663366336632,0.03649339933993401
0.19675121316181976,0.15064219248051425,0.04610902068130551
0.18311747512938084,0.13839058268307725,0.044726892446303596
0.2138782617896947,0.15686720413334868,0.05701105765634604
0.18090980964544187,0.14637028928216667,0.034539520363275206
0.1906209692279344,0.16001474110926847,0.030606228118665924
0.21023089679806098,0.1696809583184162,0.040549938479644776
0.18889766469524447,0.14850317400088506,0.04039449069435941
0.19243140178298015,0.15361035907037754,0.038821042712602616
0.1863479842587542,0.14094360578352694,0.04540437847522727
0.19274617909097533,0.14250265072637947,0.05024352836459586
0.1999926839974638,0.15306878708305058,0.04692389691441323
0.20972671202651808,0.16507701938569216,0.04464969264082591
0.19491050090230697,0.15376611552780894,0.04114438537449802
0.20740820022524056,0.17035276780734088,0.037055432417899686
0.22901235329951963,0.17932688973720376,0.049685463562315874
0.20344497412704232,0.15898015727498674,0.04446481685205558
0.19632221177117049,0.1568988346045362,0.03942337716663427
0.21227419865412697,0.1618805461099368,0.050393652544190176
0.21934071180413725,0.168259645649922,0.05108106615421526
0.20864325238493997,0.1780372067057452,0.030606045679194782
0.19640127373142055,0.14704240361461254,0.04935887011680801
0.2039579695493674,0.1552267459077495,0.04873122364161789
0.18513085677264782,0.14057884207137938,0.04455201470126843
0.20666532240918375,0.17196662278778577,0.03469869962139799
0.19480393484793926,0.14301439653474857,0.05178953831319069
0.19376307690483938,0.15192741629523238,0.041835660609607
0.20066144852633735,0.16264336192473344,0.03801808660160391
0.1776216829856677,0.13898923554095968,0.03863244744470801
0.18567576881753126,0.15364592835857205,0.03202984045895921
0.18070928714493073,0.14698429302389698,0.03372499412103375
0.2143482866805199,0.16734710508087844,0.04700118159964145
0.19027421260644584,0.1713380597318991,0.018936152874546724
0.1841966216326066,0.1431172673917638,0.0410793542408428
0.20069491433627848,0.1538215683430205,0.04687334599325799
0.19876705728400765,0.15079863902402066,0.04796841825998699
0.1993635383926026,0.15896255476261864,0.040400983629983955
0.18158842520903185,0.1510127181768973,0.030575707032134553
0.19950495049504954,0.16404473780711404,0.035460212687935505
0.1828240874675369,0.14820854323341884,0.034615544234118056
0.20445903274881613,0.16473598901631345,0.03972304373250268
0.19988363927359898,0.1610364057178908,0.03884723355570818
0.20202216541561427,0.14947230741619513,0.052549857999419136
0.18857863093433483,0.1557320380951576,0.032846592839177235
0.20185796357413519,0.1614676282443059,0.040390335329829274
0.1739355417023184,0.13190726480055415,0.04202827690176425
0.20823304875975726,0.17187158311286935,0.036361465646887914
0.17670482929186218,0.1370599218730806,0.03964490741878157
0.19368760432767082,0.1566948141622567,0.036992790165414124
0.20189752448001433,0.1598360444932184,0.042061479986795935
0.1917443272281982,0.14477308097379782,0.046971246254400384
0.2055653078763334,0.1675492438612323,0.0380160640151011
0.18232570260922865,0.13621420042158616,0.046111502187642484
0.2119764399552723,0.1667653518114426,0.04521108814382968
0.19947441769073648,0.1667200085131774,0.03275440917755909
0.20660312299886707,0.15787399635485935,0.04872912664400772
0.20745013951395838,0.16374576848071445,0.04370437103324393
0.20148251163958522,0.15459420480504182,0.0468883068345434
0.20129444660300969,0.15590854416753133,0.045385902435478354
0.19693616467810018,0.14837124514543867,0.04856491953266151
0.19716947268892304,0.15779101075698249,0.039378461931940556
0.20281553358106078,0.15232974910394267,0.0504857844771181
0.20088625318403844,0.153535321737055,0.047350931446983435
0.20278364937863147,0.15581696943704113,0.046966679941590345
0.19015009609069014,0.14987309541764987,0.04027700067304027
0.19854277287289487,0.15549076758718428,0.0430520052857106
0.2152571302500695,0.16390271710351423,0.05135441314655528
0.211431718075069,0.16678266776373604,0.044649050311332955
0.18946414345868087,0.14496252580923116,0.04450161764944971
0.1893254316652034,0.15220809532583993,0.03711733633936348
0.21107206889814625,0.16489345887246745,0.0461786100256788
0.21403736159056516,0.15965310908029318,0.054384252510271985
0.22048191733057632,0.1750884875022806,0.04539342982829572
0.17650090683651118,0.1262355409866404,0.05026536584987079
0.2172127344541138,0.1688674792123068,0.048345255241806995
0.216549928490227,0.1738117885713242,0.042738139918902796
0.23355227148330596,0.1759674836303189,0.05758478785298707
0.22005835246866332,0.1612552776474655,0.058803074821197815
0.20752888491301327,0.15965097640985818,0.0478779085031551
0.1983473781621338,0.16279103096413858,0.03555634719799522
0.2023102421742523,0.1528754926288133,0.049434749545439
0.19897849002326615,0.1535565416162431,0.045421948407023044
0.2161518496334959,0.18896046482253379,0.027191384810962116
0.22895713657216277,0.17886186472383328,0.05009527184832949
0.21103924993713455,0.16554469271546746,0.04549455722166709
0.1970309312163261,0.15579434216135765,0.04123658905496844
0.1794871794871795,0.14061207609594706,0.03887510339123243
0.1892763903255997,0.13717304566277524,0.05210334466282446
0.21615821585834716,0.16254389798873278,0.053614317869614375
0.20231482107169674,0.15786180720174117,0.044453013869955565
0.21689407746744824,0.156449600183899,0.060444477283549236
0.1976506453579745,0.14171158585940444,0.05593905949857006
0.2037499047693867,0.1675045949560812,0.03624530981330551
0.20922649952436134,0.17631046862291458,0.03291603090144676
0.2312155533171183,0.1767150660475477,0.0545004872695706
0.1926850873672975,0.15381809189400106,0.038866995473296445
0.21555722183605872,0.17508272109687475,0.04047450073918396
0.22996972487145384,0.18281290278577875,0.04715682208567509
0.22753313511746973,0.16572080052680058,0.06181233459066915
0.2067617577138936,0.15568708183221824,0.05107467588167536
0.19187848194841337,0.14801577654154438,0.043862705406868985
0.18646864686468648,0.15346534653465346,0.033003300330033014
0.19762376237623766,0.15537322250743593,0.04225053986880173
0.2023171920169685,0.15275491569008018,0.04956227632688831
0.1865980677017601,0.1559406335369653,0.0306574341647948
0.20306164750609193,0.15370724259613147,0.04935440490996046
0.21204620462046206,0.15676567656765675,0.05528052805280531
0.18878845687874546,0.14260858288230913,0.04617987399643633
0.21646090534979423,0.16378600823045267,0.05267489711934156
0.2016427887999528,0.15554600159888277,0.04609678720107002
0.20015143659004306,0.1463605836892916,0.053790852900751446
0.2062373824920769,0.16436919620600057,0.04186818628607633
0.1835585146164602,0.14409353017049828,0.039464984445961915
0.18402627729167023,0.16597341711848027,0.018052860173189966
0.1684747798894236,0.12487495782660345,0.04359982206282016
0.2031916094537319,0.14777664891269768,0.05541496054103423
0.17378350136970824,0.12786095544716236,0.04592254592254588
0.20461314213399104,0.16087946217652735,0.04373367995746369
0.21155246041032164,0.1603558807378419,0.05119657967247973
0.2112259953134363,0.16173111980805654,0.04949487550537976
0.1970672630170838,0.15338459496165588,0.04368266805542792
0.19600790128273912,0.15896047732852103,0.03704742395421809
0.1821647894881064,0.14487355102814795,0.037291238459958465
0.21544324839343995,0.16939123031077052,0.04605201808266943
0.19910381798383392,0.1659712394442526,0.03313257853958132
0.21896704595832717,0.17601349687207526,0.0429535490862519
0.17929756954636997,0.14294005645138264,0.03635751309498733
0.19716707129622066,0.15399573203565944,0.043171339260561215
0.1802416748653308,0.144059837966648,0.03618183689868279
0.19638059155607687,0.15185050211665777,0.04453008943941911
0.20510532534734957,0.14825612190848717,0.056849203438862406
0.2061575222865545,0.1558414769884304,0.05031604529812411
0.19042293118200707,0.1459194067554904,0.04450352442651667
0.19627638439519626,0.14941696872389942,0.04685941567129684
0.2104719529636104,0.15269509874626672,0.05777685421734369
0.20810995721389988,0.16183561559905646,0.04627434161484342
0.19411052216332747,0.160336994660427,0.03377352750290047
0.19227934402063754,0.15099809594005284,0.0412812480805847
0.18581012774561165,0.1568769210346271,0.028933206710984538
0.19067147956036845,0.15284375284375284,0.037827726716615606
0.21035090920148392,0.17335847067647833,0.03699243852500558
0.20246913580246914,0.1654320987654321,0.037037037037037035
0.19907868596565914,0.14525497172048896,0.053823714245170184
0.1972101883334386,0.15445200824169755,0.04275818009174104
0.1871384433361988,0.1558114092282971,0.03132703410790172
0.19254437958804652,0.15629359555517755,0.036250784032868966
0.21753577790062031,0.1761255451139365,0.04141023278668382
0.1958151289742932,0.15277473535592323,0.043040393618369976
0.21571180025017622,0.16798885208228923,0.047722948167887
0.19719803573622563,0.1550813176310646,0.042116718105161016
0.18393924717080193,0.1698963440936403,0.014042903077161634
0.18550533956178997,0.13597485202332255,0.04953048753846742
0.22375650684883164,0.17762865760641067,0.04612784924242097
0.19342001767744343,0.15805094022915808,0.03536907744828535
0.18816314946583146,0.15775710028583592,0.030406049179995537
0.19112229475475417,0.1454510436783891,0.04567125107636508
0.19977031766303796,0.16747359565367229,0.032296722009365675
0.19936956289145122,0.1637613886076887,0.035608174283762506
0.19784822782817257,0.15894400201577805,0.03890422581239453
0.1986830937022508,0.1428354711879616,0.05584762251428918
0.20835703594324284,0.14765011316735455,0.060706922775888295
0.1802916778164303,0.1531004451796531,0.027191232636777196
0.16708226886202415,0.13254450406841953,0.034537764793604625
0.20547060801264003,0.14831614099573234,0.057154467016907684
0.2044726860745776,0.1498243107892879,0.05464837528528971
0.2062438440309521,0.15830011621452897,0.04794372781642314
0.17588727916462185,0.15437356062858912,0.021513718536032733
0.1946451969062125,0.1465872387851428,0.048057958121069694
0.21621907940039198,0.14934990852677169,0.06686917087362029
0.19024062390232674,0.14822249918183,0.042018124720496736
0.18722424707462113,0.14335748717536184,0.04386675989925928
0.21660244842218213,0.1630899543156286,0.05351249410655354
0.21214631003285064,0.16611393196487745,0.046032378067973195
0.20758750751922483,0.17214960412297386,0.03543790339625097
0.19482065844993443,0.13782778542540675,0.056992873024527685
0.20769008546786324,0.1576098315561917,0.050080253911671535
0.21587369066639384,0.16717409403976569,0.04869959662662815
0.21351877453266235,0.1640155688245425,0.04950320570811986
0.2075148172432464,0.1529129596251396,0.05460185761810682
0.19901276728169096,0.1511211294826753,0.047891637799015646
0.19650971622297786,0.14200492193323735,0.054504794289740505
0.20871721026655474,0.15914281325011925,0.049574397016435484
0.1900031072538543,0.15968746895125596,0.03031563830259834
0.20432652964937245,0.16706244714319954,0.03726408250617291
0.18131470266833058,0.14501229267743232,0.03630240999089826
0.20232333407037975,0.15359842435856488,0.04872490971181487
0.20313937773635948,0.15528366268824156,0.04785571504811792
0.19398336892512782,0.149590694363554,0.044392674561573836
0.1922621581625413,0.1396886212978167,0.0525735368647246
0.22129160060194542,0.17540738230393402,0.0458842182980114
0.216903772459328,0.16761003427670096,0.04929373818262703
0.22031754097956924,0.1766990250439544,0.04361851593561483
0.20687264369841585,0.16406703195531333,0.04280561174310252
0.21311002432895454,0.1588968486689568,0.054213175659997725
0.1802010698068046,0.14645144680986977,0.03374962299693482
0.24487826633420504,0.18160919540229883,0.0632690709319062
0.22091621726804936,0.16731183441169237,0.05360438285635699
0.19397994824296325,0.1416864645521624,0.052293483690800835
0.18700921816319563,0.13095238095238096,0.05605683721081467
0.2117025917055546,0.16211122359118704,0.04959136811436757
0.2031807713662466,0.146970288515861,0.0562104828503856
0.20364618554130764,0.15416262360277916,0.049483561938528486
0.20669231837528287,0.16607847462196407,0.04061384375331881
0.19897155829458016,0.1717373589210773,0.027234199373502854
0.19851402847036306,0.15303810203989918,0.04547592643046389
0.212813963388676,0.185704149688824,0.027109813699851992
0.19457942282375737,0.14008558450226058,0.05449383832149679
0.19622703011041845,0.1558122478914558,0.040414782218962636
0.1935704681579269,0.15732388053620175,0.03624658762172514
0.1954923856205136,0.15338501038045282,0.04210737524006078
0.20936686745230892,0.1631719996432163,0.04619486780909263
0.16664077904895533,0.14354652678759283,0.023094252261362497
0.19390197236031226,0.16089392006622175,0.03300805229409051
0.20446866730391636,0.16093640538084983,0.04353226192306653
0.1903104375357496,0.1532445367200033,0.03706590081574632
0.2034613467963957,0.17215645908389088,0.03130488771250481
0.20442425918103765,0.14535694459425438,0.05906731458678327
0.20615005522603624,0.16486901168450524,0.041281043541531004
0.1991055077656385,0.16547563606387136,0.03362987170176715
0.1996275878367091,0.14933157313580006,0.050296014700909025
0.2129298884994093,0.14981629082178965,0.06311359767761965
0.17954352297812193,0.1442132736730344,0.03533024930508752
0.2005202951137867,0.1534393375924303,0.04708095752135638
0.2087759658318773,0.1492847667119653,0.05949119911991199
0.2006772385412232,0.16754125362362907,0.03313598491759415
0.22207757282384147,0.16193398282950522,0.06014358999433625
0.18437865434528392,0.14644069315926936,0.03793796118601456
0.20237180990949835,0.15940996069415947,0.04296184921533888
0.18475004337073306,0.16010527121638232,0.024644772154350736
0.1907403794566649,0.14390983433318702,0.04683054512347787
0.20790129927430756,0.16417577839026434,0.04372552088404322
0.21118797969055048,0.17489585514687045,0.03629212454368003
0.19742808489934927,0.1527445316142634,0.04468355328508586
0.19333166107359656,0.14888233853751096,0.044449322536085606
0.19782384122850427,0.14425209496465788,0.05357174626384639
0.20976474023778754,0.16694571359037805,0.0428190266474095
0.2087691941696697,0.15345779408379215,0.05531140008587754
0.214995468878682,0.17365082224439207,0.04134464663428994
0.19554083291569388,0.14852889046437434,0.04701194245131954
0.18454297868461755,0.15239096264927435,0.032152016035343206
0.2070910080156765,0.15754130174761763,0.04954970626805888
0.19921944410925566,0.17289562434883418,0.026323819760421474
0.19289107414555443,0.15725124835339888,0.03563982579215555
0.2116115864842234,0.16034098329940133,0.05127060318482207
0.21435439840280324,0.17064132339159843,0.043713075011204805
0.21395398525439116,0.17365098031423284,0.040303004940158316
0.20086053076249155,0.16397901169143,0.03688151907106155
0.2199947304799907,0.1798784271279732,0.04011630335201752
0.2100876543662613,0.16387741578454681,0.0462102385817145
0.20635271670601577,0.16014537985621713,0.046207336849798636
0.19581241649069123,0.15389181227920276,0.041920604211488466
0.18524046434494199,0.14472084024322832,0.04051962410171367
0.21865795071373695,0.1625092446750419,0.05614870603869504
0.19947605359614304,0.15577479895919524,0.043701254636947795
0.20823045267489712,0.1720164609053498,0.036213991769547316
0.19737639930159182,0.1414371517231803,0.05593924757841151
0.20349402413221251,0.1655964839186661,0.03789754021354641
0.19437060729707248,0.15130557333651748,0.043065033960555
0.2054788162852679,0.1482614445159248,0.057217371769343106
0.1953950372203932,0.15248379521839805,0.04291124200199514
0.2054134943023832,0.15367488700822032,0.05173860729416288
0.19394769116682353,0.15097972105758536,0.04296797010923817
0.20721652658477263,0.17421261660663157,0.033003909978141066
0.18824737089518792,0.1560237256450908,0.03222364525009713
0.20085128860280568,0.15040865128696493,0.050442637315840755
0.1860254530117277,0.14131044673692456,0.044715006274803154
0.19818768477344015,0.1634912250530264,0.03469645972041374
0.1908715610639294,0.14870964421647667,0.04216191684745274
0.2001654259718776,0.14805624483043836,0.052109181141439226
0.1956820682068207,0.1578253413576652,0.037856726849155475
0.2169701676049958,0.16398951659871872,0.05298065100627708
0.1903623298997911,0.14913420547379466,0.04122812442599644
0.21084219533064416,0.1647333251843703,0.04610887014627385
0.20242902668645243,0.14645721328889647,0.05597181339755597
0.1746926252002192,0.14489914258159728,0.029793482618621914
0.2073899955220846,0.15555821500778066,0.05183178051430393
0.19548479225898577,0.16342784677699287,0.03205694548199289
0.1940936801151855,0.15691776695360923,0.03717591316157626
0.19128785948709318,0.15764217718240706,0.03364568230468612
0.20756718528995757,0.16967842104407485,0.03788876424588272
0.18863535807004347,0.1606127801432816,0.028022577926761882
0.18194486940006657,0.15308902907469216,0.028855840325374416
0.17990140159131252,0.1476637903658025,0.03223761122551003
0.23103427933088316,0.16091214902208906,0.0701221303087941
0.22821457022549543,0.17217805524394802,0.05603651498154741
0.18227103247975895,0.14015427333320626,0.04211675914655269
0.19678239583673132,0.15289039499302373,0.04389200084370759
0.19570029799914856,0.1504672707737842,0.045233027225364375
0.19669442131222792,0.1637642609362195,0.032930160376008405
0.20381081844038484,0.16360490063118946,0.040205917809195385
0.21588089330024815,0.162944582299421,0.05293631100082716
0.18484382474777772,0.14597135557729124,0.03887246917048648
0.1973441761049554,0.1577279316020932,0.03961624450286219
0.19161971614174442,0.1535954352801125,0.038024280861631926
0.1997412272832005,0.14992990548546103,0.04981132179773948
0.18875021089753877,0.15150467678151838,0.037245534116020385
0.19159881453610828,0.1718820380536552,0.01971677648245307
0.1933053167758396,0.16117352268631466,0.032131794089524934
0.2031300046625717,0.15376958786920472,0.049360416793366974
0.20746063024051642,0.15941022397379134,0.048050406266725076
0.19191533531999835,0.14584210248534746,0.046073232834650896
0.19589669885102656,0.16366115519740562,0.03223554365362094
0.20667346111095108,0.1537511566024913,0.05292230450845978
0.20965517973218742,0.1677525810639122,0.041902598668275226
0.202951380971784,0.162835975710101,0.040115405261683
0.20807191277447257,0.166833781222235,0.04123813155223757
0.22241751202147242,0.18471306590118472,0.0377044461202877
0.20410142323379254,0.17200226543941785,0.032099157794374694
0.2013298465405745,0.15776115469602062,0.04356869184455389
0.21238606490922043,0.17601487195865992,0.036371192950560516
0.2107947748686386,0.14954083844701085,0.06125393642162774
0.20892808883866054,0.1667833656814813,0.04214472315717924
0.19916017656356208,0.16773128925795802,0.03142888730560406
0.21586974115709748,0.15899369036187724,0.056876050795220234
0.19468977548739352,0.15080423254295502,0.0438855429444385
0.220507564852671,0.1627002197179364,0.057807345134734595
0.1907443147586517,0.14943683689203402,0.041307477866617676
0.20924797856804492,0.1573134267993306,0.05193455176871431
0.2201026128858233,0.15090287781429773,0.06919973507152558
0.20085184194095085,0.1622006795274122,0.03865116241353864
0.20047827556901407,0.1459593741944795,0.05451890137453458
0.19428272876548738,0.150839374977306,0.04344335378818137
0.18914634393561594,0.1562610229276896,0.03288532100792635
0.20334384184687124,0.15618688734545097,0.04715695450142027
0.18634517009309715,0.1508416380664336,0.03550353202666354
0.17969650227714742,0.13186116411922863,0.047835338157918794
0.19839267347074363,0.1540765885218668,0.044316084948876844
0.2060968949571912,0.15258600266320285,0.05351089229398834
0.20905264444557228,0.16198569386928666,0.04706695057628563
0.1963996837560056,0.15940521802590768,0.03699446573009793
0.19947906136078178,0.15230662010231902,0.04717244125846276
0.2144376033836776,0.1722963362352623,0.04214126714841529
0.2044411995876212,0.1582248950837696,0.046216304503851585
0.17888288614499623,0.14733861250074864,0.031544273644247584
0.1942158235674684,0.15041069863810205,0.043805124929366335
0.19404538850789446,0.146953929776615,0.047091458731279456
0.20234585493288781,0.1635198879689458,0.03882596696394203
0.21916154431635157,0.15304427465079015,0.06611726966556142
0.2039571202777846,0.15774431041119,0.046212809866594595
0.2072574503107879,0.15937604926745777,0.047881401043330135
0.19854910601990197,0.1493434755048447,0.049205630515057275
0.21296210140079874,0.16515036793772428,0.04781173346307446
0.22871983228099482,0.16266409519363847,0.06605573708735635
0.19997783360425594,0.15620330689785397,0.04377452670640197
0.19737769200134792,0.1577203892616079,0.039657302739740025
0.19126838609786903,0.14674041478221897,0.04452797131565006
0.2044635945075989,0.16488611824145374,0.03957747626614516
0.2132316209288423,0.16691849085652985,0.04631313007231244
0.1845509561849431,0.13523723069474702,0.04931372549019608
0.21021676241698248,0.15418856700484862,0.05602819541213386
0.22118285646666277,0.16748608726029576,0.05369676920636701
0.19916506576030737,0.1644459222041607,0.034719143556146664
0.22017351544454722,0.16059496150583225,0.05957855393871497
0.20868934550803295,0.14931934954181894,0.059369995966214006
0.20595533498759303,0.15384615384615385,0.05210918114143917
0.21787903535450562,0.16349184658915206,0.05438718876535356
0.19619647149900174,0.14097706066902985,0.05521941082997189
0.19327508838498517,0.13730944427865502,0.05596564410633015
0.21418003869352453,0.16725601131541726,0.046924027378107275
0.20069881415821347,0.15882237795474727,0.041876436203466205
0.1877100241041474,0.1447483467283064,0.042961677375841
0.20511116392559736,0.16537127297859874,0.03973989094699862
0.191880539485377,0.14476270874374572,0.047117830741631284
0.2154756836749174,0.1784812179448195,0.0369944657300979
0.20787517441665618,0.16516980216194965,0.042705372254706525
0.1973203219981716,0.15512352894933487,0.04219679304883672
0.2067432669192845,0.1622580776596178,0.044485189259666685
0.20658720223418073,0.1604985338891488,0.04608866834503192
0.18710494337734482,0.15415045594257062,0.03295448743477419
0.1972858091847497,0.14162099666038816,0.055664812524361534
0.19276804318263688,0.1514866441897951,0.04128139899284178
0.18161595094055594,0.1469820970289812,0.034633853911574725
0.21059962678454006,0.16262890830930443,0.047970718475235624
0.20953680953680953,0.17009130342463674,0.03944550611217279
0.20152384633649056,0.15269812930563678,0.04882571703085378
0.19519934660774696,0.15300123953360487,0.042198107074142094
0.21259735501171995,0.173936224127795,0.03866113088392495
0.2061405133143217,0.15729252826027018,0.048847985054051524
0.21149909006591225,0.1538512179990121,0.05764787206690014
0.19025044649103315,0.15629860991086642,0.03395183658016673
0.20610519503954453,0.1582582358884961,0.04784695915104842
0.21366336232236613,0.16763972511098946,0.04602363721137667
0.19751079585570497,0.1537280593731015,0.043782736482603474
0.18011109083906018,0.14638245251272072,0.03372863832633946
0.2023362434765644,0.17191793070932712,0.030418312767237277
0.2080386003455871,0.16338128004403998,0.04465732030154712
0.20397112956182295,0.15106909530090654,0.052902034260916414
0.19298730194499972,0.15087518512391032,0.042112116821089396
0.18054187797246643,0.13433478656939268,0.04620709140307375
0.18177880381554368,0.15766390541797323,0.024114898397570445
0.19677949043911225,0.15389708548774178,0.04288240495137047
0.2075744611498187,0.15815711200749707,0.049417349142321626
0.19271890151978163,0.14577883714297354,0.04694006437680809
0.19683722781774524,0.14992891717580314,0.04690831064194209
0.20873233292828194,0.16597388497019636,0.04275844795808559
0.18523321021489791,0.13891520028515272,0.04631800992974519
0.20047611405338897,0.15410540350357393,0.046370710549815036
0.1882785052698818,0.16268047400273528,0.02559803126714652
0.19797216649769553,0.15858673013270827,0.03938543636498726
0.1835049176559447,0.13720177987948048,0.04630313777646422
0.18812410464851573,0.1511597172232201,0.03696438742529562
0.2028032432872917,0.15249969441388586,0.05030354887340585
0.19839776613970161,0.1555622494690595,0.042835516670642115
0.18628405124508343,0.14007965267701775,0.046204398568065685
0.2255144032921811,0.18024691358024691,0.04526748971193417
0.19057231223439286,0.14367015846744505,0.04690215376694781
0.221601867207174,0.1678889503101775,0.053712916896996504
0.19539730654115176,0.14923308848627412,0.04616421805487764
0.19620258322128512,0.15992136250662106,0.03628122071466405
0.2278112266618014,0.17681282815382435,0.05099839850797705
0.20873699751417682,0.16172298613583144,0.04701401137834538
0.19641536619427957,0.1468816011276709,0.04953376506660867
0.19582000979460146,0.15270935960591134,0.04311065018869012
0.20315166199482107,0.16778438969762663,0.03536727229719444
0.20446939173742332,0.1640889103884291,0.04038048134899422
0.19919498153289275,0.15453611117935614,0.044658870353536606
0.21163102197584957,0.16654764930627,0.04508337266957957
0.21710352936406574,0.17436396440227855,0.042739564961787185
0.15771360014413352,0.11889377523360277,0.03881982491053075
0.1826494795449044,0.1293270394577584,0.05332244008714601
0.2074560433710865,0.15454225323276746,0.05291379013831904
0.20096517992448937,0.15555159554585837,0.045413584378630995
0.18752266050264507,0.13879727386779583,0.04872538663484924
0.19017366418292822,0.16209162889554038,0.02808203528738784
0.17311725842191794,0.15004748338081672,0.02306977504110122
0.196527283001253,0.15193392788410354,0.04459335511714946
0.21178219031822285,0.1563339871448909,0.055448203173331934
0.20675306785799927,0.16713857787890665,0.039614489979092615
0.18499045934370115,0.1577422630600529,0.027248196283648246
0.19867126298528628,0.154777428016002,0.043893834969284284
0.19863880667517417,0.1583769280789333,0.04026187859624086
0.18959988591451737,0.15334107484822557,0.03625881106629181
0.1814699557994577,0.13877083532255946,0.04269912047689825
0.18208186115737715,0.14003088192928756,0.04205097922808959
0.20527320814059166,0.14259514546252897,0.0626780626780627
0.17695337767022354,0.13497758730733642,0.04197579036288712
0.17857511166186865,0.15801316037460342,0.020561951287265234
0.2055033474602297,0.166740372213009,0.03876297524722069
0.1926241152047604,0.15048092927125187,0.04214318593350852
0.1963084120666946,0.15316135066179526,0.04314706140489935
0.19504023199254794,0.14399494684005895,0.05104528515248899
0.19314538419016028,0.15266261286161784,0.040482771328542444
0.18344347642485684,0.14625476909933535,0.037188707325521486
0.23397632042911395,0.18046763688097248,0.05350868354814148
0.19242029662023272,0.1511272715360866,0.04129302508414612
0.20152248779327905,0.156955413617647,0.04456707417563205
0.20316070068545314,0.16516595828317324,0.0379947424022799
0.21438679158102256,0.1713346017311829,0.04305218984983966
0.1795834755889382,0.13506153571022128,0.044521939878716915
0.20009330085982913,0.17297709584518908,0.027116205014640044
0.20292099074051384,0.1657528207651156,0.037168169975398235
0.21173178852643237,0.1513777308251917,0.060354057701240665
0.19884367629851854,0.15344758765923464,0.045396088639283905
0.2358115468409586,0.17630113773904624,0.059510409101912354
0.19026583233479788,0.15747171824758033,0.03279411408721755
0.18083634351985325,0.130648326448941,0.05018801707091225
0.19916920306241773,0.1538848618937607,0.04528434116865704
0.19339641894074033,0.15285446675271744,0.040541952188022895
0.18851345196958258,0.1554824614076895,0.03303099056189307
0.19764892910054202,0.15715187384542226,0.04049705525511976
0.21695319858783266,0.1750539269613236,0.041899271626509055
0.18765944203176202,0.14961077524580757,0.03804866678595445
0.20427091970280772,0.15888325285730545,0.04538766684550227
0.19407619037193935,0.14614517560103166,0.04793101477090769
0.17488965803142045,0.13544830594639024,0.03944135208503022
0.20692630387120414,0.14923920028326465,0.05768710358793949
0.1961849169991626,0.1614124098977062,0.03477250710145641
0.18975748140019402,0.1501492645358645,0.039608216864329526
0.1897303605429642,0.13614642835206683,0.053583932190897354
0.19573509896090538,0.15621983363918848,0.0395152653217169
0.20544061060028507,0.15095139577923677,0.05448921482104829
0.2001723622282737,0.14854424631652355,0.05162811591175015
0.20047397909410822,0.1575075491520919,0.042966429942016326
0.20379885757122143,0.158410220111784,0.04538863745943744
0.21399262257917087,0.16456705422412335,0.04942556835504752
0.21161767828434494,0.1698001031334365,0.04181757515090845
0.208866392403656,0.1563065150384394,0.05255987736521661
0.2407564600277506,0.18800595830885558,0.05275050171889503
0.19598418800031703,0.14131896728670923,0.0546652207136078
0.21313204338971337,0.16702388929595047,0.0461081540937629
0.19173238663816752,0.14793135641107533,0.0438010302270922
0.20888929432990735,0.1776399278314987,0.03124936649840865
0.20190791294272611,0.14503749348846764,0.05687041945425847
0.20988522045251745,0.16879153475371492,0.041093685698802535
0.2130523526168078,0.17328172966922628,0.03977062294758152
0.1917520451187611,0.14649446061190685,0.04525758450685424
0.20031356863326047,0.16388693422877343,0.03642663440448704
0.20905349794238684,0.15061728395061727,0.05843621399176957
0.20396115875043078,0.1513105880921973,0.052650570658233475
0.2027855770651692,0.16302152603320033,0.03976405103196887
0.20330544027782174,0.15457082692622037,0.04873461335160137
0.20429590910268006,0.1688474075091769,0.03544850159350316
0.17921831984193445,0.1453630271816568,0.03385529266027765
0.21746899922687649,0.15902273447878754,0.05844626474808895
0.21684537841111295,0.1674416641477887,0.049403714263324267
0.20365303668388968,0.1609468614913261,0.04270617519256359
0.17955096002211057,0.1383578012973711,0.04119315872473947
0.21480753895495366,0.17528906238553066,0.039518476569423006
0.19801448897761756,0.15509365797346208,0.042920831004155474
0.20716777207649417,0.16297379608738635,0.04419397598910782
0.19176377097169175,0.15880912415565882,0.03295464681603294
0.17276254652492276,0.13413571086838413,0.03862683565653863
0.19786361842333025,0.1427056366928908,0.055157981730439454
0.1991879638611553,0.16049043510444824,0.03869752875670707
0.20157086561715254,0.15775095357716182,0.04381991203999072
0.21222977364503035,0.16593962751188326,0.04629014613314708
0.1842607796630785,0.13900748038679073,0.04525329927628777
0.19271582819183367,0.14556930397680337,0.047146524215030294
0.22294343189865576,0.17011991638857313,0.05282351551008263
0.1993206644467269,0.15387344167548864,0.04544722277123825
0.22462103530452301,0.16847038301845074,0.05615065228607227
0.19876216106107858,0.16748625021876282,0.03127591084231576
0.19475470422859278,0.16516522022572624,0.02958948400286654
0.20853135565779243,0.1658624838701467,0.042668871787645724
0.20923277512936478,0.17216110499938883,0.03707167012997595
0.1951947877321012,0.16193157879725043,0.03326320893485077
0.19486771027989666,0.14777032339756355,0.047097386882333114
0.19408640698232346,0.15522123522468334,0.03886517175764012
0.20941408955710386,0.15664140488122888,0.05277268467587498
0.21688242116881198,0.16573907540493074,0.05114334576388124
0.19191807791910728,0.16643384064897188,0.025484237270135407
0.21990943142332475,0.17371661215481082,0.04619281926851393
0.1955311026001966,0.15266537820035106,0.04286572439984554
0.20921606168176432,0.15397372691897473,0.055242334762789586
0.19321065925687742,0.14727967303091524,0.04593098622596217
0.19007273861714533,0.15369111538019473,0.0363816232369506
0.19390139627294264,0.15831119406339772,0.035590202209544924
0.20579328106209824,0.15057928821369682,0.05521399284840142
0.20656078835396766,0.1695398786366504,0.03702090971731725
0.1902911203077041,0.15073280728338773,0.039558313024316366
0.1919196123160333,0.15633849318786183,0.03558111912817147
0.20300171502307843,0.15428287659204298,0.048718838431035444
0.16954400329651645,0.1349800260084392,0.03456397728807725
0.19406249822145563,0.1511489291233479,0.04291356909810773
0.201500131768331,0.15624277808185852,0.04525735368647249
0.18264572734160278,0.1594878439954137,0.023157883346189095
0.19662629852242267,0.16054301934353413,0.03608327917888854
0.2184131628083024,0.1631213964604345,0.05529176634786789
0.2078412116929209,0.17575345259505104,0.03208775909786987
0.20329671267619373,0.1634697361361752,0.039826976540018544
0.19527315632865008,0.1557178778412248,0.039555278487425294
0.21161157736828237,0.1784508098684344,0.033160767499847976
0.19153501366235923,0.15700282257313672,0.03453219108922251
0.19094735508945895,0.1604823162484101,0.03046503884104884
0.21685637832189555,0.16479304091373057,0.05206333740816499
0.18395488197468393,0.14944737717014944,0.03450750480453449
0.20050972386901197,0.16335610996345148,0.03715361390556049
0.1757391973918465,0.13698065147016494,0.03875854592168157
0.18547602446929531,0.14676596985322854,0.038710054616066775
0.2089600029742419,0.15276675850084429,0.0561932444733976
0.18146834492525396,0.15016531627027535,0.03130302865497861
0.20740207846728845,0.17446998120720666,0.03293209726008178
0.20653619415995653,0.15720761265315722,0.04932858150679931
0.1911426578093245,0.1517578184244851,0.03938483938483939
0.18831796972800727,0.1496325740948479,0.03868539563315937
0.18646883944441517,0.1560241837974444,0.03044465564697077
0.20572965433744614,0.16705855953228968,0.03867109480515646
0.18034117337599923,0.1507230734428081,0.029618099933191117
0.20871197955196674,0.16421864132925562,0.04449333822271112
0.20060754615793822,0.1397037198821886,0.06090382627574961
0.17350991355391798,0.14801959675447024,0.025490316799447743
0.2087998235537183,0.15428289681279497,0.054516926740923316
0.196323362635605,0.1577508631015796,0.03857249953402539
0.20787673106066237,0.15091925055018138,0.056957480510480996
0.2000863218110316,0.15401300592013692,0.04607331589089467
0.1743234203004318,0.13896085466966693,0.03536256563076487
0.17323950297796067,0.14686123883043575,0.02637826414752492
0.20580482119071686,0.17357059420698986,0.03223422698372699
0.19944009341542548,0.16413735460225023,0.03530273881317525
0.19053754240418067,0.1534454897562176,0.03709205264796306
0.20530309577011552,0.15483788666263387,0.050465209107481646
0.22232342375711553,0.1678633191177994,0.05446010463931614
0.1930693069306931,0.14191419141914194,0.051155115511551164
0.20498169219907067,0.1553823292777039,0.04959936292136677
0.2017916077322018,0.16308182542392172,0.038709782308280094
0.19150566368046737,0.1438315513085059,0.04767411237196148
0.2136184837870039,0.15932405097340993,0.054294432813593974
0.2186347964125742,0.16762216762216764,0.05101262879040655
0.18943894389438945,0.15321476592103656,0.036224177973352895
0.20194899083787973,0.15025504182592306,0.051693949011956675
0.19108162889257416,0.1562864688901173,0.03479516000245686
0.20082304526748973,0.15967078189300413,0.041152263374485604
0.2031125526345738,0.16608545090962298,0.03702710172495083
0.19049576638041268,0.14921481360814393,0.04128095277226876
0.20278050858784127,0.16404010678176692,0.038740401806074354
0.1985124187942134,0.15569530694978723,0.04281711184442619
0.20662453745425982,0.17934537708784756,0.02727916036641226
0.19688505887625798,0.14825612190848714,0.04862893696777085
0.1950137277913159,0.15884225715036382,0.03617147064095208
0.19591199039626642,0.15065445606775602,0.0452575343285104
0.1916550926249708,0.1593838283868926,0.03227126423807819
0.19137331214322642,0.15261599189805494,0.03875732024517148
0.19532646212812743,0.15407880681252908,0.04124765531559835
0.20374888186206666,0.1601820884869194,0.04356679337514727
0.20457435367652196,0.16665311370765787,0.037921239968864096
0.2156009770523409,0.16772051074675884,0.04788046630558207
0.19491456534816043,0.14306036514981546,0.05185420019834497
0.1919304893452308,0.14166972252780832,0.050260766817422475
0.21499612924255387,0.15980320254247649,0.05519292670007739
0.1973375695778533,0.14290009432120657,0.054437475256646745
0.18133215551138657,0.1459287242638381,0.03540343124754847
0.18996736199801334,0.1504834884145229,0.03948387358349045
0.19288595526219288,0.1508658273234731,0.04202012793871979
0.1812893729324527,0.14503836857056607,0.036251004361886635
0.1950625111772261,0.14815078752903568,0.046911723648190407
0.20135167890374447,0.15284441504994595,0.04850726385379853
0.19111837292103595,0.1524045261669024,0.03871384675413356
0.1936905053661326,0.1506584106852924,0.04303209468084021
0.23430400020058983,0.1790620280666059,0.055241972133983935
0.1886164168087883,0.16709859263756444,0.02151782417122386
0.1915856956390374,0.15220857788325637,0.03937711775578104
0.1732866581268817,0.14189223127885908,0.03139442684802263
0.20363649082955773,0.16720162627721605,0.036434864552341684
0.2021743136170997,0.17242184141023276,0.029752472206866942
0.20311309410308298,0.16031203962238447,0.042801054480698514
0.18667823063254138,0.14860526258763107,0.03807296804491031
0.2008264574572818,0.1382777769874544,0.06254868046982742
0.21066994311180798,0.16214058004961232,0.04852936306219566
0.2170216070236135,0.16006647614983097,0.05695513087378254
0.2092385118463477,0.1680777472892168,0.04116076455713091
0.20609110563295077,0.1550149593795449,0.05107614625340587
0.19078951392633262,0.15532671038788948,0.03546280353844314
0.20226347512884793,0.15763652208790255,0.04462695304094538
0.209222294205609,0.17294682228559377,0.036275471920015234
0.20102032170997686,0.15587643173850071,0.04514388997147614
0.20254958383613353,0.15208391348742226,0.05046567034871127
0.20163265277449108,0.15145109749070143,0.05018155528378965
0.19221015480278827,0.17079048530758612,0.02141966949520216
0.21057500842447077,0.16848941580124377,0.042085592623227
0.19402666815214753,0.15435456818917712,0.039672099962970414
0.20539330424173743,0.1625255527115068,0.04286775153023065
0.20036902219633726,0.15689833689251279,0.043470685303824474
0.20152608631515542,0.16017310028068252,0.041352986034472905
0.18460755098122691,0.14025808705772647,0.04434946392350045
0.1875342135978556,0.13772778423386098,0.049806429363994625
0.18146157533771348,0.13054486034128665,0.05091671499642683
0.2056069122666827,0.15940198773885128,0.046204924527831426
0.1814979606970708,0.14436879397947253,0.03712916671759828
0.1935376669247637,0.15376548836226256,0.03977217856250115
0.20658556618006677,0.17434976878618882,0.03223579739387794
0.19554535317514843,0.15594123101309304,0.03960412216205539
0.20820691903162217,0.15388972486009775,0.05431719417152442
0.20541871921182264,0.15941940846155406,0.045999310750268585
0.2044452593407489,0.159092205516848,0.045353053823900896
0.21746933952654524,0.1622703011041845,0.055199038422360736
0.20459364673924063,0.16927973403069188,0.03531391270854875
0.195718115205661,0.1651447870049581,0.03057332820070288
0.19573160146636848,0.17346444873326594,0.022267152733102535
0.196693118443358,0.16779270979207103,0.028900408651286957
0.19852297438504338,0.1451931107103521,0.05332986367469128
0.21784155843714656,0.16000738556320157,0.05783417287394499
0.1843127861173214,0.13719709439926622,0.047115691718055186
0.20620677623381592,0.1534514026110705,0.05275537362274543
0.2022504760149868,0.15328603894109696,0.04896443707388984
0.16779140600627226,0.14463573222993942,0.023155673776332847
0.21648416803001228,0.16461780460111328,0.051866363428899
0.17262295208012868,0.14209763507393006,0.03052531700619862
0.2147438614603325,0.1602540759094152,0.0544897855509173
0.19075347975237963,0.1488183753310266,0.04193510442135304
0.1757936168392231,0.14110305712085466,0.03469055971836843
0.20483769998871135,0.16851697915704567,0.03632072083166568
0.204099318973424,0.15696795875381667,0.04713136021960734
0.21929931256408366,0.14794585441893368,0.07135345814514998
0.18029433211520388,0.12678606302520418,0.0535082690899997
0.19869730406128872,0.16422246498874848,0.03447483907254023
0.19950902497657172,0.1772664303467384,0.02224259462983333
0.19913477834269913,0.1596037982176596,0.03953098012503953
0.20694291651387361,0.1566312186774233,0.050311697836450314
0.18541369652480766,0.1460126793460127,0.03940101717879496
0.1877188796900583,0.15142848030135728,0.03629039938870102
0.1907952069716776,0.14087993221980152,0.04991527475187607
0.1896621457277574,0.14613962120639767,0.04352252452135971
0.1944227673998927,0.14828724251735517,0.046135524882537526
0.2025167472879891,0.16228438777458387,0.04023235951340523
0.20123620173799384,0.15649174401862576,0.04474445771936808
0.21357976756281294,0.1561397643032277,0.05744000325958523
0.19805327743508658,0.14933644591368428,0.0487168315214023
0.20066170388751034,0.15607838331852672,0.04458332056898362
0.19428230964178675,0.15325129050619246,0.04103101913559429
0.1929030215768567,0.151709912283389,0.0411931092934677
0.18762619505193764,0.16133302519441137,0.026293169857526277
0.2022700450519791,0.15605636115472635,0.04621368389725275
0.19670213289985714,0.16199530400801274,0.0347068288918444
0.19874851855180098,0.15905802133285407,0.03969049721894691
0.2071087721767306,0.15019832008014697,0.05691045209658363
0.20444525934074886,0.1541539339119097,0.050291325428839156
0.17923264298401811,0.1357142721279135,0.043518370856104605
0.21518242808565388,0.17148750625453135,0.04369492183112253
0.18409706136653137,0.14356036564308985,0.04053669572344151
0.2063501972025682,0.14860739351523886,0.05774280368732934
0.1960558455669109,0.14738703853474824,0.04866880703216267
0.20342973759225833,0.15398244618808465,0.04944729140417367
0.20237330637775577,0.16367520483204578,0.03869810154570999
0.18683127572016459,0.14074074074074075,0.046090534979423836
0.19927358995459354,0.1596854844166672,0.039588105537926355
0.17849695417302924,0.14954517839843687,0.028951775774592375
0.20151354022321763,0.17111326176954653,0.030400278453671103
0.18387811577775737,0.13112969600424798,0.052748419773509386
0.20705554038887372,0.1577334910668244,0.04932204932204931
0.20696845803983385,0.16224570218215853,0.04472275585767532
0.21414752312669694,0.17383634915215662,0.040311173974540315
0.1979763684145003,0.16006864610620028,0.03790772230830003
0.1856401976012324,0.14930172182736148,0.03633847577387092
0.1919174936641103,0.15383651805423496,0.038080975609875334
0.1885212229298251,0.14562055350585815,0.04290066942396695
0.2098265163849878,0.17664443305564384,0.03318208332934397
0.20887990278671284,0.1569014285860164,0.05197847420069643
0.19744529309407755,0.15712434399046973,0.04032094910360781
0.2037614339505819,0.16166781368882224,0.04209362026175967
0.2275778303432793,0.18981078975957774,0.03776704058370156
0.19011990115267685,0.1330230941813393,0.05709680697133754
0.1837048236843389,0.15731437675787283,0.026390446926466082
0.21254613146043666,0.15403843339999024,0.05850769806044642
0.2006483581291062,0.14720664759168609,0.05344171053742011
0.222434095261378,0.16641608605304972,0.05601800920832828
0.16933773255711418,0.14702550686246071,0.022312225694653465
0.2124998270892272,0.15255221865588783,0.05994760843333938
0.19988957683735628,0.14882879814456648,0.0510607786927898
0.20382721584813568,0.16652120236837578,0.0373060134797599
0.2164649851746626,0.16204149163826584,0.05442349353639675
0.20187098927305938,0.14837864439282633,0.05349234488023305
0.19634033700267908,0.1560919971640354,0.040248339838643676
0.18862698757301122,0.15404830839196856,0.034578679181042654
0.194910500902307,0.14388138321221286,0.05102911769009413
0.21740327944089952,0.15536686343401482,0.0620364160068847
0.1934922786088548,0.1490795682747136,0.04441271033414118
0.19864584280130312,0.1524135572088875,0.04623228559241563
0.18484996613770635,0.13945750688589922,0.04539245925180713
0.19344510559430328,0.1503588092799428,0.04308629631436048
0.2041290977733009,0.16857275057530566,0.03555634719799525
0.18097969846612452,0.15041684069151331,0.030562857774611207
0.20295258585562237,0.16180341629586167,0.041149169559760695
0.20759781340212516,0.16782752902155887,0.03977028438056629
0.18123582288492499,0.13280136299555684,0.04843445988936815
0.1941602242690972,0.15633861871864982,0.03782160555044739
0.20822284931195822,0.16867362411916864,0.03954922519278958
0.19438212294135818,0.14659236859646554,0.04778975434489263
0.21110052001912047,0.17809095660999316,0.03300956340912731
0.19491456534816043,0.16115934253523875,0.033755222812921676
0.2093345019810587,0.17405044981461346,0.03528405216644526
0.20035111504713363,0.15398710974426857,0.04636400530286505
0.21679869156713616,0.1532791384359133,0.06351955313122287
0.18695758927931397,0.14991800182513285,0.03703958745418112
0.2004693742051349,0.16666737439298565,0.033801999812149236
0.18155771877160146,0.1402645824733195,0.04129313629828196
0.18407734564306102,0.13476066016187674,0.049316685481184286
0.18129265231769598,0.15092649964519503,0.03036615267250095
0.1902467441432628,0.14160288337867385,0.04864386076458896
0.20714355692530928,0.16754141134175912,0.03960214558355016
0.19516249654522103,0.15237607504592823,0.04278642149929279
0.1962233169129721,0.14860426929392445,0.047619047619047644
0.19415923574339414,0.1578861039257079,0.03627313181768624
0.20441841975394107,0.15989825491857454,0.04452016483536653
0.1940999304736791,0.15705810589014146,0.037041824583537636
0.1874248964397441,0.14773210610988988,0.03969279032985423
0.18090778244034947,0.1406150540250157,0.04029272841533377
0.19302921928990988,0.1526164338702044,0.04041278541970547
0.20315251128090475,0.16432244961468853,0.03883006166621622
0.18681978487941842,0.1538653181136395,0.03295446676577893
0.1739648112407969,0.14672262557567217,0.027242185665124735
0.20489959443705563,0.15121586785544225,0.053683726581613384
0.19259022676461193,0.15373354953361343,0.038856677230998504
0.22020377846088005,0.1614343501681008,0.05876942829277926
0.21008565709724558,0.17535840562316296,0.03472725147408262
0.21202615697315688,0.16345118236108225,0.048574974612074634
0.21020838928249805,0.16566772067933977,0.04454066860315828
0.21140456513092776,0.1636283877663188,0.04777617736460896
0.18600335332802032,0.14547365491569203,0.040529698412328286
0.22476327648741443,0.17472958852269196,0.05003368796472246
0.21484163341707305,0.1636003152554061,0.05124131816166694
0.19689482985738083,0.1491701261198233,0.04772470373755752
0.20460783717488698,0.17668511423300695,0.02792272294188003
0.18016558552406967,0.14960306621795186,0.030562519306117808
0.19557880751670473,0.16178781072997148,0.03379099678673325
0.19262362712948977,0.14873868335621546,0.043884943773274315
0.21568411656145034,0.1660885445029242,0.04959557205852613
0.2129999043235973,0.16277069892197812,0.05022920540161918
0.19865078947391532,0.1646619780385494,0.03398881143536592
0.20032799576253923,0.1665322087764332,0.033795786986106024
0.1980206512517808,0.15015747416116484,0.047863177090615966
0.18037628321882557,0.14002786671263198,0.040348416506193585
0.17893034031978294,0.13354435774836879,0.04538598257141416
0.2048963263466306,0.15406162464985995,0.05083470169677065
0.20986520290416197,0.15307893314418106,0.05678626975998091
0.1945585299270668,0.1722955628896223,0.022262967037444487
0.1970631784251856,0.15663593011263263,0.040427248312552955
0.20834823160897412,0.16365365870659293,0.044694572902381186
0.1936344893061311,0.1496389876986892,0.04399550160744192
0.18760186829493763,0.1522206274681522,0.035381240826785426
0.24692996879376805,0.17940245180388548,0.06752751698988257
0.21698540637999097,0.1748794817906568,0.04210592458933418
0.19037451998167423,0.14582572367625066,0.04454879630542358
0.2123570792912258,0.1578520716272816,0.0545050076639442
0.19916360666751495,0.15940029280310677,0.03976331386440818
0.20029000602477307,0.1533151568993863,0.04697484912538677
0.2103617713899638,0.15266261286161784,0.05769915852834595
0.21862531442005517,0.16255825977782046,0.056067054642234715
0.19243244339029783,0.1537675606641124,0.03866488272618543
0.1912365080823862,0.1417925231545303,0.0494439849278559
0.20743516657495153,0.15877322042196593,0.04866194615298561
0.20561752204997175,0.16515981622976195,0.0404577058202098
0.19546004101282569,0.15658343549726203,0.038876605515563656
0.1924799622819425,0.15134777024500481,0.04113219203693769
0.19855314398634136,0.15728847888037112,0.04126466510597024
0.20064128092801928,0.15442412359975086,0.04621715732826842
0.18537133708005635,0.1490937790043507,0.03627755807570565
0.2081832090822228,0.16927804124277893,0.038905167839443866
0.20737971899726007,0.18023337546307086,0.02714634353418921
0.2093546741147486,0.16566982854331833,0.043684845571430264
0.19561277421740889,0.15019416471561686,0.04541860950179202
0.2324377865596504,0.17144666033554923,0.06099112622410116
0.21115054448387782,0.16514494292272072,0.0460056015611571
0.18487982169850914,0.17083694947988606,0.014042872218623076
0.18757845168548384,0.1513552099626836,0.03622324172280025
0.2026369804147582,0.14600459044903488,0.05663238996572331
0.20917564729445917,0.1670964393736671,0.04207920792079206
0.20337734785923947,0.162081971358171,0.04129537650106846
0.21386623956513298,0.16286481589335403,0.051001423671778956
0.21319808864666798,0.15801314030326585,0.055184948343402124
0.22306854020559874,0.17367342006961142,0.04939512013598732
0.18926463941405533,0.1507226324395572,0.03854200697449814
0.2236666131707056,0.16731067573628958,0.056355937434416026
0.20558900443957914,0.1710515112813963,0.03453749315818283
0.213521166931508,0.16320539461353542,0.050315772317972574
0.2099245246198651,0.1605329970921369,0.04939152752772821
0.21712351102605698,0.17900311451474918,0.0381203965113078
0.19769464631192182,0.15073810336698693,0.0469565429449349
0.20860907522379568,0.16572263608299248,0.0428864391408032
0.19082166837373393,0.15711521891105368,0.033706449462680255
0.20715120993207758,0.15265231616733288,0.054498893764744705
0.1852494465378108,0.1438757019337221,0.041373744604088714
0.22415822399368365,0.16573013713547477,0.05842808685820888
0.20689329424961608,0.168281049123961,0.03861224512565509
0.18923620112835327,0.1412765538481047,0.04795964728024857
0.20089188051102616,0.16787950164172502,0.03301237886930114
0.19767291443227666,0.160619267392225,0.03705364704005165
0.20015890477936682,0.16970215540072528,0.03045674937864154
0.17888453871855828,0.14570764813044793,0.03317689058811035
0.2048933239144585,0.1513049277231702,0.0535883961912883
0.15995124399677316,0.1393504640346566,0.020600779962116567
0.19719471947194722,0.150990099009901,0.04620462046204621
0.2069643531517331,0.16474147414741475,0.04222287900431834
0.20336210128274088,0.17681898195687254,0.026543119325868336
0.19297122522928975,0.14353853063530483,0.049432694593984916
0.18797213054638795,0.15500142606853276,0.03297070447785519
0.17447214891166182,0.1399020297942949,0.03457011911736693
0.20942602884033956,0.15492942447809793,0.05449660436224163
0.1992704784778897,0.15622625787319563,0.04304422060469407
0.17068351917028665,0.13023987250024982,0.04044364667003683
0.20569462796004082,0.1646702658807281,0.041024362079312704
0.20133349375411513,0.163501481954879,0.03783201179923612
0.21090936435728577,0.17368811324424085,0.03722125111304492
0.20811496848966268,0.17259102361314074,0.03552394487652194
0.2036008230452675,0.1625756475429678,0.0410251755022997
0.1810303169689036,0.15372456103210932,0.027305755936794268
0.19714448637293383,0.15153911184848745,0.04560537452444638
0.20332244142528397,0.17520616825950586,0.02811627316577811
0.21843709777444173,0.17123300326773538,0.047204094506706346
0.1873171656552465,0.14605840960538963,0.041258756049856876
0.19555583784244168,0.1534433459521233,0.042112491890318376
0.1958713359020631,0.15640564695039108,0.03946568895167202
0.21284207704487665,0.15852060841818438,0.054321468626692265
0.21738420014282087,0.17800962628548836,0.03937457385733251
0.2151263754804408,0.17127972148835832,0.043846653992082485
0.18726832293872545,0.1493195542029396,0.03794876873578584
0.19620435803349645,0.16309202732058878,0.03311233071290767
0.2071109711835075,0.16173937998523683,0.04537159119827067
0.20231719201696843,0.16432449696582563,0.037992695051142805
0.21945258359447692,0.17843951169905206,0.04101307189542486
0.20677586277146234,0.15321884040255876,0.053557022368903584
0.21021472517622133,0.16156745304160045,0.04864727213462089
0.189306051287128,0.1505024284289357,0.038803622858192305
0.21054889722968584,0.16676681826137477,0.04378207896831107
0.22103502339419526,0.18378743174121123,0.037247591652984025
0.20708508179772545,0.1709258245656713,0.036159257232054154
0.21783288842623807,0.17659900398642014,0.04123388443981793
0.2295571988960683,0.17338812044976212,0.05616907844630617
0.2163456420083696,0.16845400420935394,0.047891637799015646
0.21906145838464441,0.1553576999490994,0.06370375843554502
0.22593000040744815,0.17727661655054394,0.04865338385690421
0.20461719639476125,0.1542992351803878,0.05031796121437346
0.20049504950495053,0.14851485148514854,0.051980198019802
0.1768563332760075,0.1388329279578082,0.03802340531819931
0.19615511551155115,0.1563036303630363,0.03985148514851486
0.17406862963660577,0.13032068899381435,0.043747940642791416
0.2384722982424132,0.184197936305216,0.0542743619371972
0.2109162886732023,0.16720317351932237,0.04371311515387993
0.22547872648968967,0.19092288812898803,0.03455583836070164
0.2026699501148559,0.16552046191139133,0.03714948820346456
0.20183382227111601,0.17044116448681904,0.03139265778429698
0.1820627875595441,0.1499333430880034,0.0321294444715407
0.1978494623655914,0.17146299870314205,0.026386463662449344
0.19489430393354434,0.1569395963342388,0.037954707599305554
0.19802955665024632,0.1577672363112976,0.04026232033894872
0.20839546917654728,0.1499042496842277,0.058491219492319585
0.2000974674912767,0.15288018087852936,0.04721728661274732
0.22290605354178264,0.17304930985368638,0.049856743688096256
0.18929916709970582,0.1646178648151259,0.024681302284579903
0.2187434118994108,0.1608241453169363,0.05791926658247448
0.2051376268531132,0.1523950472411726,0.05274257961194062
0.21884340461073135,0.16756108043236753,0.051282324178363814
0.2145157455469567,0.1758581302519011,0.0386576152950556
0.183038574127683,0.14694172119914695,0.036096852928536066
0.18185130469942967,0.14462398359579123,0.03722732110363844
0.21527148739063304,0.17723433325980933,0.0380371541308237
0.20152823974951825,0.14281247449585566,0.058715765253662594
0.20212966476318617,0.1551263144878958,0.04700335027529037
0.19277901567904762,0.159813890650684,0.03296512502836363
0.20359870710512665,0.1483122631841762,0.055286443920950445
0.21266829139467844,0.17553601258534846,0.03713227880932998
0.20355670230364684,0.15881089355818376,0.04474580874546308
0.19540229885057472,0.14449917898193762,0.0509031198686371
0.21809823458568978,0.1661967654799196,0.051901469105770176
0.20727976059076333,0.15852785941944111,0.04875190117132222
0.19273012070840242,0.15977113773345009,0.03295898297495234
0.20524927076651214,0.15763204115694537,0.04761722960956677
0.21838969386862106,0.1600587451162164,0.05833094875240466
0.19949611252293242,0.155150752085618,0.044345360437314435
0.21287128712871287,0.16914191419141913,0.04372937293729373
0.194238683127572,0.15390946502057612,0.040329218106995884
0.19348023383339874,0.16037814301669231,0.033102090816706425
0.22106112428693073,0.18795967183063955,0.033101452456291175
0.2199856025775099,0.16848903382569222,0.051496568751817684
0.22066625514901375,0.17967183484424865,0.040994420304765106
0.20409225327525982,0.16068275643439042,0.043409496840869394
0.22750248536325476,0.16905361587021075,0.05844886949304401
0.20021305792450073,0.17049069271291492,0.029722365211585805
0.18635072750756843,0.14187518080732764,0.04447554670024079
0.19649022077547343,0.16266185508117353,0.033828365694299894
0.19211745001951944,0.14673745821941286,0.04537999180010657
0.20578090685617567,0.16128676487099428,0.044494141985181396
0.19735726904185688,0.15525942264293516,0.04209784639892172
0.21274692458757208,0.1556024492568871,0.05714447533068498
0.2079775527732907,0.15101309042748992,0.05696446234580077
0.2073748419618081,0.15703249429420554,0.050342347667602566
0.2184659281433475,0.1731282376443667,0.045337690498980815
0.19141129541574478,0.15513981754248718,0.0362714778732576
0.1924516741721043,0.16850166957693843,0.023950004595165858
0.1683032382826556,0.13117644132761772,0.03712679695503787
0.19769791793994215,0.14086501242716862,0.056832905512773535
0.19685769084297045,0.16625173683621464,0.03060595400675581
0.19222560039309622,0.164851667587986,0.027373932805110218
0.20996822129091816,0.17029793560930975,0.03967028568160841
0.18382838283828384,0.14591736951472925,0.03791101332355459
0.1984674022361662,0.16227288009466226,0.036194522141503954
0.18873510031275154,0.14238676703323136,0.046348333279520176
0.19865903946675764,0.16237548928162263,0.036283550185135016
0.20119139524054605,0.14411084969242458,0.057080545548121475
0.18453983910036978,0.14249216803113984,0.042047671069229936
0.2017959017856528,0.15632613778025337,0.04546976400539943
0.17130702855854985,0.14751762774075147,0.023789400817798373
0.21057750038728798,0.16268476656640765,0.04789273382088033
0.20419175386595545,0.15600782988764647,0.04818392397830898
0.20644946268025818,0.15876131948170188,0.0476881431985563
0.205408355374214,0.15606974756855263,0.04933860780566138
0.20213908748156909,0.1598176929917999,0.04232139448976918
0.21529703229942218,0.17170160632093034,0.043595425978491836
0.1943459367694479,0.15222309389043093,0.042122842879016964
0.18549077129935218,0.14673634030069674,0.03875443099865544
0.1704797438699305,0.1325786043744269,0.03790113949550361
0.20114696654850672,0.16405492401091962,0.037092042537587105
0.19108414026469867,0.1497213524544929,0.041362787810205776
0.20053190409959368,0.1659832539159242,0.03454865018366948
0.20878142772461236,0.143568997098221,0.06521243062639137
0.2108984354273399,0.1623156330118962,0.048582802415443715
0.1834971555903994,0.1563832473376876,0.027113908252711788
0.22063236256784644,0.17614655034009874,0.044485812227747695
0.2087048186665045,0.1618885442640232,0.04681627440248132
0.1942536764167203,0.1366098186173297,0.0576438577993906
0.20601495968790762,0.15739548604447998,0.04861947364342764
0.2112273890051668,0.1569670680781792,0.0542603209269876
0.18962433280365074,0.14756142280894757,0.04206290999470316
0.19816397594175372,0.16595901112030143,0.0322049648214523
0.20394088669950738,0.15458452431632508,0.049356362383182306
0.18941273779983456,0.14309346567411083,0.04631927212572373
0.21151133358181648,0.1588606023528826,0.05265073122893388
0.197467592834259,0.1553674608847308,0.04210013194952819
0.1807504474171141,0.1528154417043306,0.02793500571278351
0.19325143424760283,0.15376958786920472,0.039481846378398106
0.20002057613168725,0.14878600823045265,0.051234567901234596
0.20871671572715686,0.1484234722273786,0.06029324349977827
0.20935812332850134,0.15657427149964462,0.052783851828856726
0.189922668737462,0.15287484630816026,0.03704782242930174
0.18916053437126235,0.16201017656956354,0.027150357801698805
0.20379695513795135,0.1635447708244643,0.04025218431348704
0.20541978837163197,0.16006254885207297,0.045357239519559
0.18974114303260123,0.14930575586737976,0.040435387165221465
0.17230646693012286,0.1409939854384299,0.03131248149169297
0.1943131329626905,0.14725621226551208,0.04705692069717843
0.18419996351030835,0.13975754627095624,0.044442417239352106
0.1980056000784256,0.15811729529691446,0.03988830478151115
0.19662025261585217,0.14397321614043287,0.052647036475419295
0.18154331654100986,0.14113047045904847,0.040412846081961384
0.2063877232459608,0.17019805793752152,0.036189665308439284
0.18392117164384858,0.14674026839480406,0.03718090324904452
0.20955759018475764,0.1536742445759,0.05588334560885763
0.20850923912080974,0.17058964358218756,0.037919595538622175
0.20808867487245,0.1560552457230835,0.05203342914936651
0.19834661353382188,0.15469452528175642,0.04365208825206546
0.18967270096687824,0.1550352513523914,0.03463744961448684
0.20100999583140233,0.1507304704066538,0.050279525424748533
0.20326659011458525,0.17775204632304134,0.025514543791543914
0.1709558672988887,0.12056031905920121,0.05039554823968749
0.21052203742541742,0.16615048204327823,0.04437155538213919
0.2028104832702534,0.15929836389606503,0.04351211937418836
0.2119960981265481,0.16312081277123955,0.04887528535530855
0.22772730644661313,0.18318568053763049,0.04454162590898264
0.20743869862264463,0.15721649888032044,0.0502221997423242
0.1801364515491323,0.1348009584939507,0.045335493055181586
0.19076383116283366,0.14622086758412609,0.04454296357870757
0.1742597366425421,0.13543749897377796,0.03882223766876414
0.201608857522836,0.15713914280222524,0.04446971472061076
0.19952232672539186,0.1469547320122033,0.05256759471318856
0.19949884466013498,0.1565775114162211,0.042921333243913895
0.18354595904764714,0.13991622022994124,0.043629738817705904
0.18625108779534671,0.14980378634878413,0.03644730144656258
0.22086728461713012,0.17463372855784176,0.04623355605928836
0.17796878275187508,0.14828381495048162,0.029684967801393458
0.20385950459764293,0.1444513245553027,0.05940818004234022
0.1964877864301768,0.16260571711072266,0.033882069319454144
0.20727465817071553,0.16432517436101665,0.042949483809698874
0.16885957088767692,0.12769630862891804,0.04116326225875888
0.20729862586332523,0.16437712303603133,0.0429215028272939
0.20352608934984415,0.14249184854796026,0.06103424080188388
0.21101706302186288,0.17570878357033037,0.035308279451532504
0.18468137992031428,0.15579310409374617,0.02888827582656811
0.20007224810092195,0.15312146494942194,0.0469507831515
0.21694613352988146,0.16333149069467476,0.0536146428352067
0.20058985310295738,0.16833559826570896,0.03225425483724842
0.20429042904290431,0.1721529560363444,0.03213747300655992
0.19341641060657788,0.15533393487131963,0.03808247573525825
0.19323104767052388,0.141211949979117,0.05201909769140686
0.19936808043346174,0.1589570195799339,0.04041106085352783
0.18993481233979478,0.15195644874661163,0.037978363593183156
0.18181092302778668,0.14791088289970436,0.033900040128082315
0.213489809361028,0.1541135470854691,0.059376262275558894
0.18151116158396807,0.14850461775581927,0.0330065438281488
0.18542062845241328,0.14680994496262087,0.03861068348979241
0.1824934391242635,0.13792237233097449,0.04457106679328901
0.19953714130962777,0.15415522318406713,0.04538191812556064
0.19984880261425156,0.13895933928368207,0.06088946333056949
0.2111716197581681,0.18235454886188926,0.02881707089627883
0.19850135074015673,0.15732361337668135,0.04117773736347538
0.20154980363252728,0.16051189224538165,0.04103791138714563
0.2222828204960554,0.16606815202546224,0.05621466847059317
0.19888453232787665,0.1617087000493083,0.037175832278568355
0.18846191132523216,0.14979077637740057,0.03867113494783159
0.18639645535625404,0.14423068020597615,0.04216577515027789
0.2112211221122112,0.15924092409240923,0.05198019801980197
0.19655091130750357,0.1613256489017138,0.03522526240578977
0.2048048602772903,0.16180946809929908,0.042995392177991226
0.21040735414241732,0.17422156275007075,0.03618579139234657
0.1824794062747566,0.1436885023080824,0.0387909039666742
0.21082672825229112,0.17354556300846577,0.037281165243825354
0.2020137038058185,0.14346720583279723,0.05854649797302128
0.22830439190779803,0.18325294001881134,0.04505145188898668
0.21288312279647373,0.17013096250162751,0.042752160294846214
0.22247048760458724,0.16913231587561092,0.053338171728976314
0.2011620663950413,0.1409613087032442,0.06020075769179711
0.21580898830623804,0.16804384142117915,0.047765146885058896
0.19346258950219344,0.16215202601341214,0.03131056348878131
0.18570569944759088,0.14879207265687294,0.03691362679071794
0.224337370220856,0.16639095671353735,0.05794641350731866
0.17735276202709152,0.14042094042094042,0.036931821606151105
0.21056572397358328,0.1635666447055748,0.046999079268008476
0.1907868013070609,0.14197669874477345,0.04881010256228746
0.1878159932886301,0.15404776101293513,0.033768232275694976
0.19902372010600075,0.14966508966167555,0.0493586304443252
0.1919190687541661,0.15986278430798745,0.03205628444617864
0.18766324269719437,0.1481649779646821,0.03949826473251228
0.1837319672903128,0.1509014819273655,0.032830485362947304
0.2040833574809234,0.16399433336553013,0.04008902411539328
0.17888138543101703,0.14257537489621544,0.03630601053480159
0.24159984195379577,0.1820576865080302,0.05954215544576558
0.18646347025703233,0.14107938255041594,0.045384087706616394
0.20459647879002718,0.16170185024467562,0.04289462854535156
0.23809235574159562,0.16807992540287683,0.07001243033871879
0.1997079282640133,0.16585376270322322,0.03385416556079007
0.18791279335333258,0.149829841693106,0.03808295166022657
0.19344890610206797,0.16874321714236742,0.024705688959700545
0.2116957992095506,0.16557878010023225,0.04611701910931834
0.18683266753261607,0.13973237261966032,0.047100294912955754
0.20138051228841727,0.16662438429711657,0.034756127991300706
0.18793694053608812,0.14590436784513813,0.04203257269094998
0.21264770867198102,0.16493249660019882,0.0477152120717822
0.19389879679089914,0.13941823841712608,0.05448055837377305
0.2079522808452153,0.169158950174955,0.038793330670260306
0.20466511028722165,0.1650440023783277,0.03962110790889395
0.18894389438943895,0.1353135313531353,0.05363036303630364
0.18794254719227557,0.13767481996452088,0.05026772722775469
0.19208484368342957,0.1417746790630853,0.050310164620344267
0.1797342972970213,0.15088686701589926,0.02884743028112205
0.18571225850919337,0.14955502848223157,0.036157230026961806
0.1839252867177759,0.13754634602010626,0.046378940697669624
0.20067394593715357,0.15268501347389138,0.04798893246326219
0.19864391548979363,0.16404742211193826,0.034596493377855364
0.19416424601253146,0.15036481654466996,0.0437994294678615
0.19490945224981315,0.14451352819085117,0.05039592405896198
0.22091594572294518,0.17308676468052006,0.04782918104242512
0.19610696629440094,0.1414662803824309,0.05464068591197005
0.2086798526187447,0.15992553045467034,0.048754322164074354
0.1981852439498204,0.1669112306626058,0.0312740132872146
0.20278898260196387,0.15664140488122888,0.046147577720734995
0.1803909692932655,0.15383230086614993,0.026558668427115573
0.21136856615783817,0.1611952401224432,0.050173326035394955
0.2036295040126458,0.163450020155001,0.04017948385764478
0.1909357528146377,0.16615533604776914,0.024780416766868568
0.20312392304729468,0.15375945184374304,0.04936447120355164
0.18145336114894262,0.15503141681655055,0.02642194433239206
0.19050401629780256,0.14425209496465788,0.04625192133314468
0.1805313689089942,0.1310993969007824,0.04943197200821181
0.22903149714674823,0.17465655638198138,0.054374940764766844
0.1908950200230941,0.142972671957022,0.047922348066072096
0.20724926090623952,0.16432654431696272,0.042922716589276794
0.1995232856618995,0.15498309090168275,0.044540194760216756
0.19674131945373774,0.1647758721288133,0.03196544732492443
0.1994285029907732,0.14252835511821593,0.05690014787255726
0.19022883624292597,0.1531609685855144,0.037067867657411574
0.20234809973372067,0.16136528685548293,0.04098281287823774
0.218660028396002,0.16258689236261187,0.05607313603339012
0.18990345435747735,0.14526510774595067,0.044638346611526686
0.2047674778533685,0.1477606163048588,0.0570068615485097
0.20132579213038984,0.15449532729226215,0.046830464838127694
0.19911653327494908,0.15225711760365226,0.04685941567129681
0.2225109022787298,0.17197346600331676,0.050537436275413045
0.22583566991412818,0.16655111597640332,0.05928455393772486
0.1915271156745304,0.16187076223962263,0.029656353434907773
0.18474589879525852,0.14835152952948108,0.03639436926577744
0.1928038997993268,0.16068864509106753,0.03211525470825927
0.2065851649934196,0.15966121790066254,0.04692394709275707
0.1940074441687345,0.15010752688172044,0.04389991728701406
0.19867906917715347,0.1518707840546921,0.04680828512246138
0.20336108678877593,0.14568518763063282,0.05767589915814311
0.2009156378600823,0.1645679012345679,0.03634773662551438
0.17851204413553956,0.13963255133211802,0.03887949280342154
0.18996736199801334,0.1398021447829877,0.05016521721502565
0.2059570783194046,0.16550662124516988,0.040450457074234725
0.2099389508545387,0.1694108401326879,0.04052811072185081
0.17613168724279835,0.15390946502057612,0.022222222222222227
0.18637010397649445,0.15600403129272647,0.03036607268376798
0.2079236887019278,0.17826962229354082,0.02965406640838697
0.1920503110218856,0.14341280202413034,0.04863750899775526
0.18294372513875665,0.149110914628156,0.033832810510600636
0.2039407414686878,0.16515776887862485,0.03878297259006294
0.18460340713552345,0.14598899585376934,0.03861441128175411
0.1814113660856956,0.1510558276841802,0.03035553840151542
0.18038651997451105,0.13261844258331004,0.04776807739120101
0.18827820219459382,0.1496981329764608,0.038580069218133006
0.18401602105717788,0.14281232301254548,0.04120369804463239
0.20069607753035965,0.15048744798902924,0.0502086295413304
0.1919253022559114,0.15301679793914555,0.038908504316765846
0.1656819008551957,0.1286140941588689,0.03706780669632681
0.19835961699583546,0.14495825043573368,0.053401366560101776
0.21331712776528003,0.17214423015930866,0.04117289760597137
0.2011099910856516,0.16401349121698464,0.03709649986866698
0.19501591390533776,0.15204170917004597,0.04297420473529179
0.19487816595714258,0.14965268524779093,0.045225480709351645
0.22226749701997225,0.16292237331841294,0.05934512370155931
0.20549046002844454,0.16916305093658646,0.03632740909185808
0.21871849833582913,0.1776927221582503,0.04102577617757883
0.20159431232591682,0.148820784325739,0.052773528000177816
0.216812761588881,0.16390833644221875,0.05290442514666224
0.2198648780364827,0.1654510218209093,0.0544138562155734
0.19090730412991674,0.15456272674413843,0.036344577385778315
0.19077418962476433,0.15377364227938942,0.03700054734537492
0.1908679803506744,0.15785821375614348,0.03300976659453092
0.21136653895274585,0.1628311946319609,0.048535344320784934
0.20303096040065002,0.1559716739264545,0.04705928647419552
0.19284877796535413,0.14755450260521902,0.04529427536013511
0.213650931728774,0.16682418141960645,0.04682675030916755
0.19604041684956672,0.15650961647888928,0.03953080037067744
0.1862729363933023,0.14652132225555434,0.03975161413774797
0.17972002179699328,0.1433871813468085,0.036332840450184783
0.19360108294809628,0.1571896484800791,0.03641143446801717
0.1813186924298035,0.1402998958554514,0.04101879657435209
0.1828919345136484,0.14333268302199678,0.039559251491651626
0.18797291915571482,0.1484054774377355,0.039567441717979324
0.18478662405345395,0.14932829695063984,0.0354583271028141
0.22538836203719628,0.18058451874964174,0.044803843287554546
0.20702217933400732,0.17063995343565233,0.03638222589835499
0.19285174786135328,0.16140830500960546,0.03144344285174783
0.18812563298123589,0.1483202663316894,0.03980536664954648
0.1952328504052642,0.1492881148053562,0.045944735599908
0.21264367816091956,0.17323481116584563,0.03940886699507393
0.19343877007660626,0.15803342238985804,0.03540534768674822
0.21494106748867428,0.15149343353151898,0.0634476339571553
0.20965637112200305,0.15430521068429173,0.05535116043771132
0.20824397145479903,0.15781724590904497,0.05042672554575406
0.21038058083907832,0.17821652259886409,0.03216405824021423
0.18973923418367863,0.15447771003326558,0.03526152415041306
0.19349822097433356,0.14884481043813894,0.04465341053619462
0.19486861599072822,0.15949974877367615,0.03536886721705207
0.19191738267113548,0.1524266855630637,0.039490697108071765
0.19459812721461467,0.14427391273269408,0.05032421448192059
0.19826160587869288,0.14736201869500892,0.05089958718368395
0.18531229681571648,0.1397722689974733,0.04554002781824318
0.18102779660066312,0.14704701189616518,0.033980784704497946
0.19045766012664198,0.14922938441484326,0.04122827571179871
0.20212987529689785,0.1774524184444588,0.02467745685243905
0.1912121378124695,0.1548687086000519,0.03634342921241762
0.19968383689158378,0.15668205977585783,0.04300177711572595
0.18695638036710074,0.14908793835048528,0.03786844201661546
0.2084208006016062,0.1506621939629178,0.0577586066386884
0.19636808525697413,0.15200048533381866,0.044367599923155476
0.20293675018556925,0.15350057173205003,0.04943617845351922
0.2103891989518483,0.17254704101750873,0.037842157934339565
0.19242791145981464,0.16200732185330646,0.030420589606508175
0.19423868312757206,0.1440329218106996,0.05020576131687246
0.193091285045308,0.16188651705893087,0.03120476798637714
0.21871180853939476,0.14615508365508365,0.07255672488431111
0.21110279396404877,0.15145797443618397,0.059644819527864795
0.1657953241330934,0.14929769789771918,0.016497626235374208
0.20039684220718704,0.15416057459160906,0.046236267615577975
0.192542921570199,0.1515423491748762,0.041000572395322815
0.20228395973925753,0.1552682742016601,0.04701568553759744
0.21035267885728795,0.16591187810033833,0.04444080075694962
0.19570559615053496,0.15292263679360454,0.04278295935693041
0.19586598858397009,0.14794568786903506,0.04792030071493503
0.1850021983956273,0.14366789083551804,0.04133430756010925
0.1904663426070636,0.1509576370250356,0.039508705582028014
0.1967028808413284,0.15696766603523143,0.03973521480609696
0.19480903908045177,0.16194161188599454,0.03286742719445723
0.19373850809202783,0.1739567987466426,0.01978170934538523
0.2045203334644848,0.15998583717115858,0.04453449629332623
0.20167432375991942,0.13224659934976127,0.06942772441015815
0.19592030057979878,0.1637884168350118,0.03213188374478698
0.19475496442209242,0.1526163630975725,0.04213860132451991
0.20374320610762164,0.1641058014635671,0.03963740464405455
0.20843389251497024,0.16726489841061587,0.04116899410435437
0.18641843900414382,0.14616779339481326,0.04025064560933056
0.18262954521317876,0.1330416881111683,0.04958785710201047
0.20891335402196934,0.1634986052502431,0.04541474877172624
0.1970631784251856,0.15664818388832724,0.040414994536858345
0.21410146048316847,0.17684090104771077,0.037260559435457696
0.1991769547325103,0.15637860082304525,0.04279835390946504
0.17969685857474638,0.13684961088701464,0.04284724768773174
0.19944347751647393,0.1615809355019038,0.03786254201457012
0.194238683127572,0.15390946502057615,0.04032921810699586
0.19641257419035196,0.1511936178602845,0.04521895633006745
0.18149847702351338,0.15098457368942483,0.030513903334088543
0.1888512911510972,0.15496614022521474,0.03388515092588246
0.1945041816009558,0.1524880270399984,0.04201615456095742
0.1909675669263697,0.14896569386914973,0.042001873057219974
0.18198515331131818,0.15229401394275946,0.029691139368558717
0.20758552914440145,0.16625514403292183,0.04133038511147963
0.2031525112809048,0.15607571923445449,0.04707679204645032
0.21285782516308793,0.16831343459683712,0.04454439056625081
0.22342623151204008,0.17311860815711202,0.050307623354928055
0.19656019656019655,0.14823914823914824,0.048321048321048304
0.17562415799581507,0.14673496881769302,0.028889189178122054
0.21116787285369662,0.1544933000871698,0.05667457276652682
0.19333969602742115,0.14869000338659524,0.04464969264082591
0.20600797631160792,0.16129297094446943,0.04471500536713849
0.2023159636062862,0.1552961839700191,0.047019779636267106
0.21410543891077818,0.1721461668192604,0.041959272091517785
0.201951240608054,0.1533483852975257,0.0486028553105283
0.1942861919835479,0.16624768753102273,0.028038504452525176
0.20652282229343158,0.1472382526145967,0.059284569678834886
0.2004815774289496,0.15180757851541057,0.04867399891353902
0.20047117824895602,0.14297529853085408,0.05749587971810194
0.17106847161142913,0.12313793414080863,0.047930537470620496
0.20207682429904653,0.16018644907533797,0.04189037522370856
0.2183180458336934,0.17118164633025654,0.04713639950343687
0.20660114820292796,0.16704559808008082,0.039555550122847144
0.18302507285040134,0.14096997929694324,0.0420550935534581
0.1930639838177366,0.16085496473551408,0.03220901908222251
0.20295280102405977,0.15510389472914757,0.0478489062949122
0.2103544043103671,0.179899551972696,0.03045485233767109
0.20507868536942234,0.16410418999443113,0.040974495374991204
0.19770195632264598,0.15340934306451548,0.0442926132581305
0.1973327614904676,0.15030481267040408,0.04702794882006353
0.17187658375397838,0.13568286403535446,0.03619371971862392
0.19057234737351136,0.14108561072080006,0.049486736652711305
0.2062155738626327,0.1685836906425142,0.03763188322011851
0.22126687798329592,0.16993102741778718,0.05133585056550874
0.19043464841050717,0.1590875038682834,0.03134714454222376
0.2131980485039929,0.1556008967070763,0.0575971517969166
0.21552233454346914,0.15960754114258008,0.05591479340088906
0.1895607553366174,0.15252873563218391,0.03703201970443348
0.22010960355294787,0.18053416452756388,0.03957543902538399
0.21810058617802078,0.17988715662611035,0.03821342955191043
0.19719471947194722,0.15429042904290427,0.04290429042904295
0.2076441089253885,0.1531434492566146,0.054500659668773904
0.19460109782690427,0.17566653050524017,0.018934567321664098
0.20212812767196872,0.14433443748756905,0.05779369018439967
0.1959340251887527,0.15143403130054964,0.044499993888203054
0.21752137807296937,0.1628869246026847,0.05463445347028467
0.20751229210010572,0.15725695367272427,0.050255338427381446
0.22289277132324856,0.1602173438601062,0.06267542746314236
0.18567301588168192,0.14440436691403724,0.04126864896764468
0.19820169413292907,0.1618014924765003,0.036400201656428766
0.2064755805958355,0.16028652648214856,0.046189054113686956
0.18921019924604154,0.1489494156160823,0.040260783629959246
0.19869574050512165,0.1533218907584264,0.045373849746695255
0.19306014676168007,0.15012249147861625,0.042937655283063814
0.20583767146448317,0.14460775863720113,0.061229912827282046
0.21151332064423375,0.1712001796786137,0.04031314096562005
0.21106425457360548,0.17230371185266677,0.03876054272093871
0.18787232193728276,0.14310855703643396,0.044763764900848796
0.20161508805299655,0.14094587754718474,0.06066921050581181
0.21125238007493397,0.16001474110926847,0.051237638965665494
0.21203280331709304,0.15178727688043134,0.0602455264366617
0.19797248093815237,0.159170900649331,0.03880158028882136
0.20908658029982105,0.15205736991609609,0.057029210383724965
0.173018283273459,0.1332831294314202,0.039735153842038795
0.1938943894389439,0.1468646864686469,0.047029702970297016
0.20366563683395367,0.1608951435684109,0.042770493265542775
0.19452051996854866,0.15081334436173147,0.043707175606817195
0.21287624121294582,0.1625459554502459,0.05033028576269993
0.21092307464145177,0.16458714868931434,0.046335925952137424
0.19981470207260055,0.15603969096240775,0.0437750111101928
0.20722631345545695,0.15865154797301628,0.04857476548244066
0.20492725235142184,0.16531064312051846,0.03961660923090338
0.21997972945442693,0.1580400725257711,0.06193965692865583
0.1978152989590898,0.1559489227789881,0.041866376180101694
0.20603554909746724,0.15830392034766202,0.047731628749805216
0.17907829566156688,0.1410733063932255,0.038004989268341394
0.18052466582932533,0.14511329636777667,0.03541136946154866
0.20146714782036523,0.1642725134868379,0.03719463433352732
0.19833057547175129,0.15207856194321714,0.04625201352853414
0.2093935435299327,0.14673956608339145,0.06265397744654125
0.20482042633212613,0.15501331093009096,0.04980711540203517
0.218463248554439,0.17639397482512495,0.042069273729314044
0.17898182583244124,0.14167022476892963,0.03731160106351161
0.20251294363332215,0.15637200706706122,0.04614093656626092
0.20295169150043457,0.16498032018617528,0.03797137131425929
0.1813930913547772,0.144477477427669,0.03691561392710818
0.1947320384472776,0.1485288904643743,0.046203147982903287
0.18803554621129703,0.15506036418160998,0.03297518202968705
0.18289083671607465,0.1400511841619245,0.04283965255415015
0.21176005879499904,0.15492234140372757,0.05683771739127147
0.202970297029703,0.16831683168316833,0.034653465346534684
0.21000812677969008,0.16053882428091007,0.04946930249878001
0.19672281221918944,0.15059552662071532,0.04612728559847412
0.23367851673504822,0.1874493280593568,0.046229188675691424
0.20567984313387788,0.15610021224718693,0.049579630886690956
0.20262604745363366,0.150107115624357,0.052518931829276666
0.1891376474984836,0.1480660628625425,0.0410715846359411
0.2195816872327627,0.17268204652977612,0.04689964070298658
0.18971108065956407,0.15077425115942208,0.03893682950014199
0.18609944965154457,0.14989526190861008,0.03620418774293449
0.20901508240588698,0.15850427740274484,0.050510805003142145
0.2314875932037648,0.17790816118648903,0.053579432017275774
0.17207037038819592,0.144708998164964,0.027361372223231928
0.22579689390385424,0.16785593771347207,0.05794095619038217
0.2253809919645331,0.18736492103075644,0.03801607093377665
0.20362163550005985,0.16641283086496306,0.03720880463509679
0.20910620838758817,0.1594927482822724,0.04961346010531578
0.20017326118324266,0.14973513124686913,0.05043812993637353
0.18251521181894867,0.15857144027057793,0.02394377154837074
0.19340102699061534,0.14208169216992636,0.05131933482068898
0.19362709447841445,0.15156858582776547,0.042058508650648974
0.20264637574868596,0.14331173858126553,0.059334637167420434
0.20430107526881722,0.15963606286186932,0.044665012406947896
0.24078535200078388,0.17584929841672758,0.0649360535840563
0.20654092799953636,0.16629990624986793,0.040241021749668426
0.20322669513724045,0.16452432824981844,0.03870236688742201
0.20871862182889836,0.16106462197278174,0.047653999856116624
0.1939039972260964,0.1476837244771766,0.046220272748919794
0.1716171617161716,0.13036303630363036,0.041254125412541254
0.20229554064679514,0.15605796035903563,0.04623758028775951
0.21614186738037833,0.16499473906585585,0.05114712831452248
0.18850256704856258,0.15233626710311912,0.03616629994544346
0.1861890392598078,0.1476411083803466,0.03854793087946118
0.21677541892595656,0.16651247332250918,0.05026294560344738
0.20552333564972688,0.16152679895369954,0.04399653669602735
0.20019657830603102,0.15482002430592812,0.0453765540001029
0.20555934903835213,0.16777219593880568,0.037787153099546444
0.20309274146871478,0.16362441334632657,0.03946832812238821
0.18597179609415426,0.1522733847539187,0.03369841134023557
0.2029892958866328,0.16262658909717734,0.04036270678945547
0.18145909007464797,0.1458099994018263,0.03564909067282168
0.19304969280128084,0.15512841239091282,0.03792128041036802
0.1778028870210502,0.14485454201322337,0.03294834500782684
0.2127616672633524,0.1622450197317795,0.05051664753157292
0.2080395276764914,0.1554047747117054,0.05263475296478598
0.17247639796659406,0.1313846526264827,0.04109174534011137
0.2164943241268115,0.167910035849416,0.0485842882773955
0.2014900019413706,0.16287290493755258,0.03861709700381802
0.2077241507934577,0.16340079953941342,0.044323351254044296
0.200969890625063,0.14603631845011153,0.054933572174951484
0.20641076698424365,0.13794687988236376,0.0684638871018799
0.22600296243177773,0.16436922616506092,0.06163373626671681
0.19351290452680056,0.1456648144759313,0.04784809005086926
0.1851851851851852,0.145679012345679,0.03950617283950619
0.23511530023991614,0.18161072531164713,0.053504574928269016
0.19788276056516896,0.1566222207914297,0.04126053977373925
0.1910453420513396,0.14881593308643962,0.04222940896489999
0.2022846601390663,0.16775730300634517,0.03452735713272112
0.19389472391130766,0.14772434125667958,0.046170382654628084
0.19402851615210784,0.15293696857370467,0.041091547578403165
0.19901446100566011,0.15708331093369599,0.04193115007196413
0.21700578889797809,0.1724490636730248,0.0445567252249533
0.21727271066825712,0.16873110409015724,0.04854160657809989
0.19040922505080213,0.15387267816479286,0.03653654688600927
0.1988221938413509,0.1552940460986438,0.04352814774270711
0.1988688195584747,0.15942346287173872,0.03944535668673599
0.20550404673719203,0.16114123637302605,0.04436281036416598
0.18229468697358384,0.15099537688486112,0.03129931008872272
0.19691367034820548,0.15822102207301447,0.038692648275191005
0.2139243737810046,0.16351438286922157,0.050409990911783026
0.19291935994444956,0.15827385146381565,0.03464550848063391
0.21822740788258033,0.17064063615787753,0.0475867717247028
0.21473924986469792,0.16681064853107863,0.047928601333619286
0.18439381405596614,0.14572181873541634,0.038671995320549796
0.19008299820313168,0.15390930908172287,0.03617368912140881
0.18508345523755296,0.13391945918522766,0.0511639960523253
0.19936438088253272,0.14663244102187997,0.05273193986065275
0.22226243588250758,0.16956226848699965,0.052700167395507924
0.2152891808064222,0.17092379736057897,0.04436538344584323
0.19324905334788367,0.1537475556179205,0.03950149772996317
0.22307797485338957,0.1779143923004182,0.04516358255297137
0.19456953507132715,0.15168948932389795,0.04288004574742921
0.20601154037851102,0.16460152089058022,0.0414100194879308
0.2040794592139382,0.15306260511108583,0.051016854102852366
0.2182739477651469,0.1760789227070855,0.042195025058061386
0.17869153401766605,0.14641900562783214,0.03227252838983391
0.19722375775443768,0.1625207296849088,0.03470302806952888
0.20705365546204468,0.15840832957480108,0.0486453258872436
0.21526887849870638,0.1657444698904069,0.049524408608299486
0.18499644082055267,0.15784151944606226,0.02715492137449041
0.17287882592309586,0.1382863975140444,0.03459242840905147
0.19816894602373147,0.14722695993323057,0.05094198609050091
0.18013535923983684,0.14881978314814134,0.031315576091695496
0.18468606119871245,0.14345027095302124,0.04123579024569121
0.19261194171588436,0.17690067940963997,0.015711262306244395
0.18940121763000342,0.15550720751124036,0.03389401011876306
0.19951886643149763,0.15498446090743365,0.044534405524063986
0.20661543766316934,0.15706122851091078,0.049554209152258555
0.2286860889011427,0.18905329371279192,0.03963279518835078
0.2049878678800192,0.16875750793470154,0.03623035994531765
0.1996585321614599,0.16256642896161688,0.03709210319984302
0.2102931564550098,0.17343678133094484,0.03685637512406495
0.19521248421138412,0.15486900541906043,0.040343478792323695
0.2070710457807232,0.15851425528844884,0.04855679049227435
0.19689694760761378,0.15816861788929518,0.038728329718318605
0.20020168818424078,0.15384055153806403,0.04636113664617675
0.22278667498376845,0.16172077661266568,0.06106589837110277
0.17498051172499304,0.12983530128798446,0.04514521043700859
0.19746335678100846,0.15247777248920116,0.044985584291807296
0.21078478574867598,0.1669035120327048,0.0438812737159712
0.19488290670908934,0.16526316295293195,0.02961974375615739
0.21157910548591552,0.16050068164763506,0.05107842383828046
0.21329068287822903,0.17356759991971035,0.039723082958518674
0.20847633391768103,0.15379867163773733,0.054677662279943695
0.19156859854719963,0.1502899049210132,0.04127869362618641
0.19768683943116092,0.15095484111209212,0.046731998319068796
0.19668625227784595,0.1695297426111887,0.027156509666657253
0.21777429706757123,0.16269262727098166,0.05508166979658957
0.18543434529097613,0.1508255981374261,0.03460874715355003
0.17671916074982189,0.14284983088879608,0.03386932986102581
0.20135970907999723,0.15842259026012886,0.042937118819868364
0.18781322576702117,0.14495782911624497,0.0428553966507762
0.19521615313235632,0.14988709272481365,0.04532906040754267
0.2079272455750615,0.16649237122248142,0.04143487435258009
0.20399307432700306,0.15216579855479676,0.051827275772206305
0.22559551597159258,0.16030686563506336,0.06528865033652922
0.19010391734302057,0.14320839126423132,0.046895526078789246
0.19750036749529118,0.15543256398154748,0.0420678035137437
0.22104824444653126,0.16500303438181477,0.056045210064716494
0.20987186650269085,0.1646483438598134,0.04522352264287746
0.21069958847736625,0.16707818930041152,0.043621399176954734
0.1891280990897849,0.15541770560927648,0.033710393480508416
0.1838462119384817,0.13269678463403065,0.051149427304451045
0.21059589079611327,0.1537843601247383,0.056811530671374955
0.18949177569867226,0.1427461944703324,0.046745581228339855
0.2088840657464761,0.1685728917719358,0.040311173974540315
0.2033602613992743,0.15290708175295142,0.05045317964632287
0.19694407953421236,0.14420036004476233,0.05274371948945003
0.20844898904061346,0.15973020169425708,0.048718787346356374
0.20458959232905594,0.15775710028583592,0.046832492043220014
0.2063501972025682,0.15340822465921597,0.05294197254335223
0.19191295688172308,0.14807247557673475,0.04384048130498833
0.1995709570957096,0.16146864686468645,0.038102310231023145
0.18994952546124974,0.14614953657816798,0.04379998888308176
0.21477020849457884,0.1643085671359209,0.05046164135865794
0.18040521163744497,0.15072236158628446,0.029682850051160503
0.2045143631814169,0.1599642097496752,0.04455015343174171
0.22207382181624571,0.17316571795639382,0.04890810385985189
0.2099556595416193,0.1573108384998139,0.0526448210418054
0.2024736055695122,0.1553905390539054,0.047083066515606786
0.19350701337319967,0.16201423097974824,0.031492782393451435
0.20478834483944672,0.16184924944107312,0.042939095398373595
0.20400454728812936,0.14950228383064204,0.05450226345748732
0.21299469944117955,0.16386354585408203,0.04913115358709752
0.20114976281512023,0.1513586611779856,0.04979110163713463
0.20444933382227112,0.1772399462168439,0.02720938760542721
0.19334267314234888,0.1512300768268385,0.04211259631551037
0.21475749833958788,0.15048834451819526,0.06426915382139262
0.1944758422674938,0.15233927788118007,0.04213656438631372
0.20723294644048315,0.1600730683579118,0.047159878082571355
0.1982376544469643,0.1519972260265576,0.04624042842040671
0.2134823831510333,0.16127379570874795,0.05220858744228535
0.20677790001222343,0.16391842887992503,0.042859471132298405
0.1889388391085267,0.14025800050779288,0.04868083860073383
0.22797206501322187,0.16464977365978475,0.06332229135343712
0.20831082981620616,0.1597097912510099,0.048601038565196264
0.19230391253608503,0.1559732203181623,0.03633069221792273
0.22307613678973012,0.1755629337007195,0.047513203089010636
0.19272147803015596,0.15742897819193682,0.03529249983821914
0.20694789081885856,0.1657098510145105,0.041238039804348064
0.210579093016369,0.18086777154877512,0.029711321467593893
0.19879998284011435,0.14146755315290852,0.05733242968720584
0.19260197511831498,0.16723497115653982,0.02536700396177516
0.20396115875043078,0.15543595045510752,0.04852520829532325
0.19296224701130868,0.15416619314210567,0.03879605386920301
0.1934156378600823,0.16049382716049385,0.032921810699588466
0.1894222385201483,0.16042252373385488,0.02899971478629343
0.20414286507476473,0.15712264386099514,0.047020221213769586
0.19967081626828245,0.15675206294639207,0.04291875332189038
0.1966080592043188,0.14477400192471698,0.05183405727960183
0.2067771779525213,0.17298492306476976,0.03379225488775153
0.19605109560991285,0.16621481321496098,0.02983628239495187
0.22553360152654564,0.17530937457912912,0.05022422694741652
0.19273264580395963,0.1548681469086858,0.037864498895273824
0.1956439696001682,0.15099555888054939,0.04464841071961881
0.19264163929806308,0.1621333239394892,0.030508315358573873
0.18576151909485242,0.14631196853419076,0.039449550560661656
0.2044225144562153,0.15745958740650312,0.046962927049712166
0.2037876843216109,0.15925101965146457,0.04453666467014633
0.20070605379555229,0.1527067105897807,0.047999343205771594
0.1926015343734702,0.14567146552276103,0.04693006885070916
0.21776726221170664,0.1578062911396245,0.05996097107208215
0.20991643572288735,0.17201118204702434,0.037905253675863004
0.21411763592893474,0.17060897266197209,0.04350866326696265
0.1942301550254281,0.14877691243069716,0.045453242594730936
0.18769978256720035,0.15803146543444713,0.029668317132753225
0.1922241542545621,0.15742694545687064,0.034797208797691465
0.2072607858948459,0.1700799792666899,0.03718080662815598
0.21381540270429156,0.15133491455330536,0.062480488150986196
0.2176890472604082,0.16484673287336313,0.052842314387045064
0.23450343928809683,0.17757232052669059,0.056931118761406246
0.18975428893580074,0.14417161504306422,0.045582673892736514
0.19217141128264015,0.1490429898686448,0.04312842141399534
0.20030287041781294,0.16499696691267574,0.03530590350513721
0.2204668996311396,0.17028246942341294,0.05018443020772667
0.18993561917768131,0.14225966931668535,0.047675949860995964
0.19980713952288529,0.15441327011113024,0.04539386941175505
0.19042980118248934,0.14924486107281806,0.041184940109671275
0.19934728031182838,0.15159160775577254,0.04775567255605584
0.2121429887599042,0.16750813832074196,0.04463485043916224
0.21601688872590963,0.17957065150959542,0.03644623721631421
0.1888292132603582,0.1494197485526588,0.039409464707699404
0.21186692743348412,0.17228537668581675,0.039581550747667366
0.19711971197119713,0.15434921870565435,0.042770493265542775
0.2169068904701089,0.16514423564231995,0.05176265482778894
0.20115307827079007,0.14673634030069674,0.05441673797009333
0.18967359925309876,0.15583782743469732,0.033835771818401444
0.21211817377933992,0.1595057703968595,0.05261240338248041
0.18505891129653507,0.14475977127242254,0.04029914002411253
0.17985241681966194,0.13201580474194832,0.047836612077713614
0.18633745453668826,0.13544832586978184,0.050889128666906425
0.21990161010649964,0.156232515698626,0.06366909440787363
0.21176959561879616,0.17388085660231692,0.03788873901647924
0.19910139765534648,0.16275651815140138,0.036344879503945104
0.19694810592566203,0.1572218878092126,0.03972621811644944
0.21131957540098356,0.1603714175221326,0.05094815787885096
0.18648812025391062,0.14134182357125338,0.04514629668265724
0.19977011494252872,0.16999178981937602,0.029778325123152705
0.2113214743478259,0.16708686657070249,0.0442346077771234
0.19397553067401438,0.1377741156646384,0.05620141500937598
0.20519855538982482,0.16077592790742903,0.04442262748239578
0.1989420906983631,0.1601405099612985,0.038801580737064606
0.18900443957915222,0.15035172008352085,0.03865271949563137
0.1851851851851852,0.14710905349794237,0.03807613168724283
0.1855831648935097,0.1510537705940005,0.034529394299509214
0.1963696369636964,0.15016501650165018,0.04620462046204621
0.20457742909850193,0.17666078777189886,0.02791664132660307
0.2034828885651426,0.16374154174055977,0.03974134682458283
0.21023470228307287,0.15335244974337917,0.0568822525396937
0.2150843978800968,0.16896118616548725,0.04612321171460956
0.1969288148392626,0.1523997237098398,0.0445290911294228
0.21387799328107904,0.1696550544492914,0.04422293883178763
0.1856181059617615,0.15336974106204093,0.03224836489972058
0.19272125723738628,0.14309346567411083,0.04962779156327546
0.19206284199931312,0.14832427794602834,0.04373856405328477
0.16554894405696727,0.13421206652684972,0.031336877530117546
0.20165913690438556,0.15972633935533673,0.04193279754904883
