model,period,target,capacity,rows,selected,true_positives_selected,precision,recall,prevalence,lift
decile,2025-07,responded_strict,0.01,2025,21,2,0.09523809523809523,0.013333333333333334,0.07407407407407407,1.2857142857142858
decile,2025-07,responded_strict,0.02,2025,41,6,0.14634146341463414,0.04,0.07407407407407407,1.975609756097561
decile,2025-07,responded_strict,0.03,2025,61,10,0.16393442622950818,0.06666666666666667,0.07407407407407407,2.2131147540983607
decile,2025-07,responded_strict,0.04,2025,81,16,0.19753086419753085,0.10666666666666667,0.07407407407407407,2.6666666666666665
decile,2025-07,responded_strict,0.05,2025,102,18,0.17647058823529413,0.12,0.07407407407407407,2.382352941176471
decile,2025-07,responded_strict,0.06,2025,122,21,0.1721311475409836,0.14,0.07407407407407407,2.3237704918032787
decile,2025-07,responded_strict,0.07,2025,142,29,0.20422535211267606,0.19333333333333333,0.07407407407407407,2.757042253521127
decile,2025-07,responded_strict,0.08,2025,162,32,0.19753086419753085,0.21333333333333335,0.07407407407407407,2.6666666666666665
decile,2025-07,responded_strict,0.09,2025,183,32,0.17486338797814208,0.21333333333333335,0.07407407407407407,2.360655737704918
decile,2025-07,responded_strict,0.1,2025,203,35,0.1724137931034483,0.23333333333333334,0.07407407407407407,2.327586206896552
decile,2025-07,responded_strict,0.11,2025,223,40,0.17937219730941703,0.26666666666666666,0.07407407407407407,2.42152466367713
decile,2025-07,responded_strict,0.12,2025,243,45,0.18518518518518517,0.3,0.07407407407407407,2.5
decile,2025-07,responded_strict,0.13,2025,264,46,0.17424242424242425,0.30666666666666664,0.07407407407407407,2.3522727272727275
decile,2025-07,responded_strict,0.14,2025,284,49,0.17253521126760563,0.32666666666666666,0.07407407407407407,2.329225352112676
decile,2025-07,responded_strict,0.15,2025,304,51,0.16776315789473684,0.34,0.07407407407407407,2.2648026315789473
decile,2025-07,responded_strict,0.16,2025,324,53,0.16358024691358025,0.35333333333333333,0.07407407407407407,2.2083333333333335
decile,2025-07,responded_strict,0.17,2025,345,57,0.16521739130434782,0.38,0.07407407407407407,2.2304347826086954
decile,2025-07,responded_strict,0.18,2025,365,60,0.1643835616438356,0.4,0.07407407407407407,2.219178082191781
decile,2025-07,responded_strict,0.19,2025,385,64,0.16623376623376623,0.4266666666666667,0.07407407407407407,2.2441558441558445
decile,2025-07,responded_strict,0.2,2025,405,66,0.16296296296296298,0.44,0.07407407407407407,2.2
decile,2025-07,responded_strict,0.21,2025,426,67,0.1572769953051643,0.44666666666666666,0.07407407407407407,2.1232394366197185
decile,2025-07,responded_strict,0.22,2025,446,67,0.15022421524663676,0.44666666666666666,0.07407407407407407,2.0280269058295963
decile,2025-07,responded_strict,0.23,2025,466,71,0.15236051502145923,0.47333333333333333,0.07407407407407407,2.0568669527896994
decile,2025-07,responded_strict,0.24,2025,486,73,0.15020576131687244,0.4866666666666667,0.07407407407407407,2.027777777777778
decile,2025-07,responded_strict,0.25,2025,507,73,0.14398422090729784,0.4866666666666667,0.07407407407407407,1.943786982248521
decile,2025-07,responded_strict,0.26,2025,527,75,0.14231499051233396,0.5,0.07407407407407407,1.9212523719165084
decile,2025-07,responded_strict,0.27,2025,547,81,0.1480804387568556,0.54,0.07407407407407407,1.9990859232175506
decile,2025-07,responded_strict,0.28,2025,567,84,0.14814814814814814,0.56,0.07407407407407407,2.0
decile,2025-07,responded_strict,0.29,2025,588,85,0.1445578231292517,0.5666666666666667,0.07407407407407407,1.9515306122448979
decile,2025-07,responded_strict,0.3,2025,608,87,0.14309210526315788,0.58,0.07407407407407407,1.9317434210526314
decile,2025-07,responded_strict,0.31,2025,628,88,0.14012738853503184,0.5866666666666667,0.07407407407407407,1.89171974522293
decile,2025-07,responded_strict,0.32,2025,648,91,0.1404320987654321,0.6066666666666667,0.07407407407407407,1.8958333333333337
decile,2025-07,responded_strict,0.33,2025,669,91,0.13602391629297458,0.6066666666666667,0.07407407407407407,1.836322869955157
decile,2025-07,responded_strict,0.34,2025,689,92,0.13352685050798258,0.6133333333333333,0.07407407407407407,1.802612481857765
decile,2025-07,responded_strict,0.35,2025,709,95,0.13399153737658676,0.6333333333333333,0.07407407407407407,1.8088857545839212
decile,2025-07,responded_strict,0.36,2025,729,98,0.13443072702331962,0.6533333333333333,0.07407407407407407,1.814814814814815
decile,2025-07,responded_strict,0.37,2025,750,100,0.13333333333333333,0.6666666666666666,0.07407407407407407,1.8
decile,2025-07,responded_strict,0.38,2025,770,106,0.13766233766233765,0.7066666666666667,0.07407407407407407,1.8584415584415583
decile,2025-07,responded_strict,0.39,2025,790,108,0.13670886075949368,0.72,0.07407407407407407,1.8455696202531648
decile,2025-07,responded_strict,0.4,2025,810,111,0.13703703703703704,0.74,0.07407407407407407,1.85
decile,2025-07,responded_strict,0.41,2025,831,111,0.13357400722021662,0.74,0.07407407407407407,1.8032490974729245
decile,2025-07,responded_strict,0.42,2025,851,112,0.13160987074030553,0.7466666666666667,0.07407407407407407,1.7767332549941248
decile,2025-07,responded_strict,0.43,2025,871,112,0.1285878300803674,0.7466666666666667,0.07407407407407407,1.7359357060849598
decile,2025-07,responded_strict,0.44,2025,891,114,0.12794612794612795,0.76,0.07407407407407407,1.7272727272727273
decile,2025-07,responded_strict,0.45,2025,912,115,0.12609649122807018,0.7666666666666667,0.07407407407407407,1.7023026315789476
decile,2025-07,responded_strict,0.46,2025,932,118,0.12660944206008584,0.7866666666666666,0.07407407407407407,1.709227467811159
decile,2025-07,responded_strict,0.47,2025,952,120,0.12605042016806722,0.8,0.07407407407407407,1.7016806722689075
decile,2025-07,responded_strict,0.48,2025,972,121,0.12448559670781893,0.8066666666666666,0.07407407407407407,1.6805555555555556
decile,2025-07,responded_strict,0.49,2025,993,123,0.12386706948640483,0.82,0.07407407407407407,1.6722054380664653
decile,2025-07,responded_strict,0.5,2025,1013,125,0.12339585389930899,0.8333333333333334,0.07407407407407407,1.6658440276406714
decile,2025-07,responded_strict,0.51,2025,1033,126,0.12197483059051308,0.84,0.07407407407407407,1.6466602129719266
decile,2025-07,responded_strict,0.52,2025,1053,127,0.12060778727445394,0.8466666666666667,0.07407407407407407,1.6282051282051282
decile,2025-07,responded_strict,0.53,2025,1074,127,0.11824953445065177,0.8466666666666667,0.07407407407407407,1.596368715083799
decile,2025-07,responded_strict,0.54,2025,1094,130,0.11882998171846434,0.8666666666666667,0.07407407407407407,1.6042047531992687
decile,2025-07,responded_strict,0.55,2025,1114,132,0.118491921005386,0.88,0.07407407407407407,1.599640933572711
decile,2025-07,responded_strict,0.56,2025,1134,132,0.1164021164021164,0.88,0.07407407407407407,1.5714285714285714
decile,2025-07,responded_strict,0.57,2025,1155,135,0.11688311688311688,0.9,0.07407407407407407,1.577922077922078
decile,2025-07,responded_strict,0.58,2025,1175,136,0.11574468085106383,0.9066666666666666,0.07407407407407407,1.5625531914893618
decile,2025-07,responded_strict,0.59,2025,1195,137,0.11464435146443515,0.9133333333333333,0.07407407407407407,1.5476987447698747
decile,2025-07,responded_strict,0.6,2025,1215,137,0.11275720164609053,0.9133333333333333,0.07407407407407407,1.5222222222222221
decile,2025-07,responded_strict,0.61,2025,1236,137,0.11084142394822007,0.9133333333333333,0.07407407407407407,1.496359223300971
decile,2025-07,responded_strict,0.62,2025,1256,137,0.10907643312101911,0.9133333333333333,0.07407407407407407,1.472531847133758
decile,2025-07,responded_strict,0.63,2025,1276,137,0.10736677115987461,0.9133333333333333,0.07407407407407407,1.4494514106583074
decile,2025-07,responded_strict,0.64,2025,1296,137,0.10570987654320987,0.9133333333333333,0.07407407407407407,1.4270833333333335
decile,2025-07,responded_strict,0.65,2025,1317,137,0.10402429764616553,0.9133333333333333,0.07407407407407407,1.4043280182232347
decile,2025-07,responded_strict,0.66,2025,1337,138,0.10321615557217652,0.92,0.07407407407407407,1.393418100224383
decile,2025-07,responded_strict,0.67,2025,1357,140,0.10316875460574797,0.9333333333333333,0.07407407407407407,1.3927781871775977
decile,2025-07,responded_strict,0.68,2025,1377,140,0.10167029774872913,0.9333333333333333,0.07407407407407407,1.3725490196078434
decile,2025-07,responded_strict,0.69,2025,1398,141,0.10085836909871244,0.94,0.07407407407407407,1.361587982832618
decile,2025-07,responded_strict,0.7,2025,1418,141,0.09943582510578279,0.94,0.07407407407407407,1.3423836389280677
decile,2025-07,responded_strict,0.71,2025,1438,141,0.09805285118219749,0.94,0.07407407407407407,1.3237134909596662
decile,2025-07,responded_strict,0.72,2025,1458,141,0.09670781893004116,0.94,0.07407407407407407,1.3055555555555556
decile,2025-07,responded_strict,0.73,2025,1479,141,0.09533468559837728,0.94,0.07407407407407407,1.2870182555780934
decile,2025-07,responded_strict,0.74,2025,1499,142,0.09472981987991995,0.9466666666666667,0.07407407407407407,1.2788525683789194
decile,2025-07,responded_strict,0.75,2025,1519,142,0.0934825543120474,0.9466666666666667,0.07407407407407407,1.2620144832126399
decile,2025-07,responded_strict,0.76,2025,1539,142,0.09226770630279402,0.9466666666666667,0.07407407407407407,1.2456140350877194
decile,2025-07,responded_strict,0.77,2025,1560,142,0.09102564102564102,0.9466666666666667,0.07407407407407407,1.228846153846154
decile,2025-07,responded_strict,0.78,2025,1580,143,0.09050632911392405,0.9533333333333334,0.07407407407407407,1.2218354430379748
decile,2025-07,responded_strict,0.79,2025,1600,143,0.089375,0.9533333333333334,0.07407407407407407,1.2065625
decile,2025-07,responded_strict,0.8,2025,1620,144,0.08888888888888889,0.96,0.07407407407407407,1.2000000000000002
decile,2025-07,responded_strict,0.81,2025,1641,145,0.08836075563680683,0.9666666666666667,0.07407407407407407,1.1928702010968923
decile,2025-07,responded_strict,0.82,2025,1661,146,0.08789885611077664,0.9733333333333334,0.07407407407407407,1.1866345574954846
decile,2025-07,responded_strict,0.83,2025,1681,146,0.08685306365258774,0.9733333333333334,0.07407407407407407,1.1725163593099346
decile,2025-07,responded_strict,0.84,2025,1701,146,0.08583186360964139,0.9733333333333334,0.07407407407407407,1.1587301587301588
decile,2025-07,responded_strict,0.85,2025,1722,146,0.08478513356562137,0.9733333333333334,0.07407407407407407,1.1445993031358885
decile,2025-07,responded_strict,0.86,2025,1742,146,0.08381171067738231,0.9733333333333334,0.07407407407407407,1.1314580941446613
decile,2025-07,responded_strict,0.87,2025,1762,147,0.08342792281498297,0.98,0.07407407407407407,1.1262769580022702
decile,2025-07,responded_strict,0.88,2025,1782,149,0.08361391694725027,0.9933333333333333,0.07407407407407407,1.1287878787878787
decile,2025-07,responded_strict,0.89,2025,1803,149,0.08264004437049362,0.9933333333333333,0.07407407407407407,1.1156405990016638
decile,2025-07,responded_strict,0.9,2025,1823,149,0.08173340647284695,0.9933333333333333,0.07407407407407407,1.1034009873834338
decile,2025-07,responded_strict,0.91,2025,1843,149,0.08084644601193706,0.9933333333333333,0.07407407407407407,1.0914270211611505
decile,2025-07,responded_strict,0.92,2025,1863,149,0.07997852925389157,0.9933333333333333,0.07407407407407407,1.0797101449275361
decile,2025-07,responded_strict,0.93,2025,1884,149,0.07908704883227176,0.9933333333333333,0.07407407407407407,1.0676751592356688
decile,2025-07,responded_strict,0.94,2025,1904,149,0.0782563025210084,0.9933333333333333,0.07407407407407407,1.0564600840336136
decile,2025-07,responded_strict,0.95,2025,1924,149,0.07744282744282745,0.9933333333333333,0.07407407407407407,1.0454781704781706
decile,2025-07,responded_strict,0.96,2025,1944,149,0.07664609053497942,0.9933333333333333,0.07407407407407407,1.0347222222222223
decile,2025-07,responded_strict,0.97,2025,1965,149,0.07582697201017811,0.9933333333333333,0.07407407407407407,1.0236641221374045
decile,2025-07,responded_strict,0.98,2025,1985,149,0.07506297229219143,0.9933333333333333,0.07407407407407407,1.0133501259445843
decile,2025-07,responded_strict,0.99,2025,2005,150,0.07481296758104738,1.0,0.07407407407407407,1.0099750623441397
decile,2025-07,responded_strict,1.0,2025,2025,150,0.07407407407407407,1.0,0.07407407407407407,1.0
decile,2025-08,responded_strict,0.01,2012,21,4,0.19047619047619047,0.0273972602739726,0.07256461232604373,2.6249184605348987
decile,2025-08,responded_strict,0.02,2012,41,6,0.14634146341463414,0.0410958904109589,0.07256461232604373,2.01670564650852
decile,2025-08,responded_strict,0.03,2012,61,10,0.16393442622950818,0.0684931506849315,0.07256461232604373,2.2591511340669213
decile,2025-08,responded_strict,0.04,2012,81,13,0.16049382716049382,0.08904109589041095,0.07256461232604373,2.211736851006257
decile,2025-08,responded_strict,0.05,2012,101,16,0.15841584158415842,0.1095890410958904,0.07256461232604373,2.1831005018310052
decile,2025-08,responded_strict,0.06,2012,121,16,0.1322314049586777,0.1095890410958904,0.07256461232604373,1.82225744367712
decile,2025-08,responded_strict,0.07,2012,141,18,0.1276595744680851,0.1232876712328767,0.07256461232604373,1.7592538618478577
decile,2025-08,responded_strict,0.08,2012,161,19,0.11801242236024845,0.13013698630136986,0.07256461232604373,1.6263081766357526
decile,2025-08,responded_strict,0.09,2012,182,22,0.12087912087912088,0.1506849315068493,0.07256461232604373,1.6658136384163782
decile,2025-08,responded_strict,0.1,2012,202,25,0.12376237623762376,0.17123287671232876,0.07256461232604373,1.7055472670554728
decile,2025-08,responded_strict,0.11,2012,222,27,0.12162162162162163,0.18493150684931506,0.07256461232604373,1.6760459089226214
decile,2025-08,responded_strict,0.12,2012,242,28,0.11570247933884298,0.1917808219178082,0.07256461232604373,1.5944752632174801
decile,2025-08,responded_strict,0.13,2012,262,30,0.11450381679389313,0.2054794520547945,0.07256461232604373,1.5779567081459793
decile,2025-08,responded_strict,0.14,2012,282,31,0.1099290780141844,0.21232876712328766,0.07256461232604373,1.514913047702322
decile,2025-08,responded_strict,0.15,2012,302,35,0.11589403973509933,0.23972602739726026,0.07256461232604373,1.5971151229247935
decile,2025-08,responded_strict,0.16,2012,322,39,0.12111801242236025,0.2671232876712329,0.07256461232604373,1.6691057602314305
decile,2025-08,responded_strict,0.17,2012,343,43,0.12536443148688048,0.2945205479452055,0.07256461232604373,1.7276249051479695
decile,2025-08,responded_strict,0.18,2012,363,45,0.12396694214876033,0.3082191780821918,0.07256461232604373,1.7083663534473
decile,2025-08,responded_strict,0.19,2012,383,53,0.13838120104438642,0.363013698630137,0.07256461232604373,1.907006688365106
decile,2025-08,responded_strict,0.2,2012,403,54,0.13399503722084366,0.3698630136986301,0.07256461232604373,1.8465617458105306
decile,2025-08,responded_strict,0.21,2012,423,55,0.13002364066193853,0.3767123287671233,0.07256461232604373,1.7918326370672626
decile,2025-08,responded_strict,0.22,2012,443,58,0.1309255079006772,0.3972602739726027,0.07256461232604373,1.8042611088778255
decile,2025-08,responded_strict,0.23,2012,463,62,0.13390928725701945,0.4246575342465753,0.07256461232604373,1.8453800408296106
decile,2025-08,responded_strict,0.24,2012,483,64,0.13250517598343686,0.4383561643835616,0.07256461232604373,1.826030233415582
decile,2025-08,responded_strict,0.25,2012,503,67,0.13320079522862824,0.4589041095890411,0.07256461232604373,1.8356164383561646
decile,2025-08,responded_strict,0.26,2012,524,70,0.13358778625954199,0.4794520547945205,0.07256461232604373,1.8409494928369758
decile,2025-08,responded_strict,0.27,2012,544,72,0.1323529411764706,0.4931506849315068,0.07256461232604373,1.823932312651088
decile,2025-08,responded_strict,0.28,2012,564,74,0.13120567375886524,0.5068493150684932,0.07256461232604373,1.808122024676965
decile,2025-08,responded_strict,0.29,2012,584,75,0.1284246575342466,0.5136986301369864,0.07256461232604373,1.7697973353349599
decile,2025-08,responded_strict,0.3,2012,604,77,0.12748344370860928,0.5273972602739726,0.07256461232604373,1.7568266352172732
decile,2025-08,responded_strict,0.31,2012,624,80,0.1282051282051282,0.547945205479452,0.07256461232604373,1.7667720407446434
decile,2025-08,responded_strict,0.32,2012,644,81,0.12577639751552794,0.5547945205479452,0.07256461232604373,1.7333021356249467
decile,2025-08,responded_strict,0.33,2012,664,83,0.125,0.5684931506849316,0.07256461232604373,1.7226027397260275
decile,2025-08,responded_strict,0.34,2012,685,85,0.12408759124087591,0.5821917808219178,0.07256461232604373,1.71002899710029
decile,2025-08,responded_strict,0.35,2012,705,86,0.12198581560283688,0.589041095890411,0.07256461232604373,1.6810648013212863
decile,2025-08,responded_strict,0.36,2012,725,87,0.12,0.5958904109589042,0.07256461232604373,1.6536986301369863
decile,2025-08,responded_strict,0.37,2012,745,89,0.11946308724832215,0.6095890410958904,0.07256461232604373,1.6462995311207136
decile,2025-08,responded_strict,0.38,2012,765,89,0.11633986928104575,0.6095890410958904,0.07256461232604373,1.6032590205031785
decile,2025-08,responded_strict,0.39,2012,785,93,0.11847133757961784,0.636986301369863,0.07256461232604373,1.632632405549254
decile,2025-08,responded_strict,0.4,2012,805,94,0.11677018633540373,0.6438356164383562,0.07256461232604373,1.6091891431974816
decile,2025-08,responded_strict,0.41,2012,825,96,0.11636363636363636,0.6575342465753424,0.07256461232604373,1.6035865504358655
decile,2025-08,responded_strict,0.42,2012,846,97,0.11465721040189125,0.6643835616438356,0.07256461232604373,1.5800705981411316
decile,2025-08,responded_strict,0.43,2012,866,100,0.11547344110854503,0.684931506849315,0.07256461232604373,1.591318928153374
decile,2025-08,responded_strict,0.44,2012,886,100,0.11286681715575621,0.684931506849315,0.07256461232604373,1.555397507653298
decile,2025-08,responded_strict,0.45,2012,906,101,0.11147902869757174,0.6917808219178082,0.07256461232604373,1.5362726420514683
decile,2025-08,responded_strict,0.46,2012,926,102,0.1101511879049676,0.6986301369863014,0.07256461232604373,1.517973904553389
decile,2025-08,responded_strict,0.47,2012,946,103,0.10887949260042283,0.7054794520547946,0.07256461232604373,1.5004488980277448
decile,2025-08,responded_strict,0.48,2012,966,104,0.10766045548654245,0.7123287671232876,0.07256461232604373,1.4836495646501604
decile,2025-08,responded_strict,0.49,2012,986,106,0.1075050709939148,0.726027397260274,0.07256461232604373,1.48150823862847
decile,2025-08,responded_strict,0.5,2012,1006,107,0.10636182902584493,0.7328767123287672,0.07256461232604373,1.4657534246575343
decile,2025-08,responded_strict,0.51,2012,1027,109,0.10613437195715676,0.7465753424657534,0.07256461232604373,1.462618879299996
decile,2025-08,responded_strict,0.52,2012,1047,109,0.1041069723018147,0.7465753424657534,0.07256461232604373,1.4346796456935014
decile,2025-08,responded_strict,0.53,2012,1067,112,0.1049671977507029,0.7671232876712328,0.07256461232604373,1.4465342594137962
decile,2025-08,responded_strict,0.54,2012,1087,116,0.10671573137074516,0.7945205479452054,0.07256461232604373,1.470630489848899
decile,2025-08,responded_strict,0.55,2012,1107,116,0.10478771454381211,0.7945205479452054,0.07256461232604373,1.4440608333023972
decile,2025-08,responded_strict,0.56,2012,1127,119,0.10559006211180125,0.815068493150685,0.07256461232604373,1.455117842253042
decile,2025-08,responded_strict,0.57,2012,1147,120,0.1046207497820401,0.821917808219178,0.07256461232604373,1.4417599216538677
decile,2025-08,responded_strict,0.58,2012,1167,122,0.10454155955441302,0.8356164383561644,0.07256461232604373,1.4406686152293082
decile,2025-08,responded_strict,0.59,2012,1188,123,0.10353535353535354,0.8424657534246576,0.07256461232604373,1.4268022692680227
decile,2025-08,responded_strict,0.6,2012,1208,125,0.10347682119205298,0.8561643835616438,0.07256461232604373,1.4259956454685658
decile,2025-08,responded_strict,0.61,2012,1228,126,0.10260586319218241,0.863013698630137,0.07256461232604373,1.4139931283744591
decile,2025-08,responded_strict,0.62,2012,1248,126,0.10096153846153846,0.863013698630137,0.07256461232604373,1.3913329820864069
decile,2025-08,responded_strict,0.63,2012,1268,126,0.09936908517350158,0.863013698630137,0.07256461232604373,1.3693876669115423
decile,2025-08,responded_strict,0.64,2012,1288,127,0.0986024844720497,0.8698630136986302,0.07256461232604373,1.358823279162767
decile,2025-08,responded_strict,0.65,2012,1308,128,0.09785932721712538,0.8767123287671232,0.07256461232604373,1.348581961375728
decile,2025-08,responded_strict,0.66,2012,1328,129,0.09713855421686747,0.8835616438356164,0.07256461232604373,1.3386491170160093
decile,2025-08,responded_strict,0.67,2012,1349,129,0.09562638991845812,0.8835616438356164,0.07256461232604373,1.3178102501091626
decile,2025-08,responded_strict,0.68,2012,1369,131,0.09569028487947406,0.8972602739726028,0.07256461232604373,1.3186907751883687
decile,2025-08,responded_strict,0.69,2012,1389,131,0.09431245500359971,0.8972602739726028,0.07256461232604373,1.2997031470359084
decile,2025-08,responded_strict,0.7,2012,1409,132,0.0936834634492548,0.9041095890410958,0.07256461232604373,1.2910351264376758
decile,2025-08,responded_strict,0.71,2012,1429,133,0.09307207837648705,0.910958904109589,0.07256461232604373,1.2826097376266572
decile,2025-08,responded_strict,0.72,2012,1449,134,0.0924775707384403,0.9178082191780822,0.07256461232604373,1.2744169337379583
decile,2025-08,responded_strict,0.73,2012,1469,134,0.09121851599727705,0.9178082191780822,0.07256461232604373,1.2570661245652153
decile,2025-08,responded_strict,0.74,2012,1489,135,0.09066487575554064,0.9246575342465754,0.07256461232604373,1.2494365069873135
decile,2025-08,responded_strict,0.75,2012,1509,136,0.09012591119946985,0.9315068493150684,0.07256461232604373,1.2420091324200913
decile,2025-08,responded_strict,0.76,2012,1530,136,0.08888888888888889,0.9315068493150684,0.07256461232604373,1.2249619482496197
decile,2025-08,responded_strict,0.77,2012,1550,136,0.08774193548387096,0.9315068493150684,0.07256461232604373,1.2091559876270437
decile,2025-08,responded_strict,0.78,2012,1570,136,0.08662420382165605,0.9315068493150684,0.07256461232604373,1.1937527266381642
decile,2025-08,responded_strict,0.79,2012,1590,136,0.08553459119496855,0.9315068493150684,0.07256461232604373,1.1787369690703886
decile,2025-08,responded_strict,0.8,2012,1610,136,0.084472049689441,0.9315068493150684,0.07256461232604373,1.1640942738024336
decile,2025-08,responded_strict,0.81,2012,1630,137,0.08404907975460123,0.9383561643835616,0.07256461232604373,1.1582654004538198
decile,2025-08,responded_strict,0.82,2012,1650,137,0.08303030303030302,0.9383561643835616,0.07256461232604373,1.1442258198422581
decile,2025-08,responded_strict,0.83,2012,1670,138,0.08263473053892216,0.9452054794520548,0.07256461232604373,1.1387745057829548
decile,2025-08,responded_strict,0.84,2012,1691,138,0.08160851567120048,0.9452054794520548,0.07256461232604373,1.1246324214414751
decile,2025-08,responded_strict,0.85,2012,1711,140,0.08182349503214495,0.958904109589041,0.07256461232604373,1.1275950137306552
decile,2025-08,responded_strict,0.86,2012,1731,141,0.08145580589254767,0.9657534246575342,0.07256461232604373,1.1225279551767529
decile,2025-08,responded_strict,0.87,2012,1751,141,0.08052541404911479,0.9657534246575342,0.07256461232604373,1.1097063908686229
decile,2025-08,responded_strict,0.88,2012,1771,142,0.08018068887634106,0.9726027397260274,0.07256461232604373,1.1049557946520425
decile,2025-08,responded_strict,0.89,2012,1791,142,0.07928531546621999,0.9726027397260274,0.07256461232604373,1.0926168131372234
decile,2025-08,responded_strict,0.9,2012,1811,142,0.07840971838763114,0.9726027397260274,0.07256461232604373,1.0805503657254374
decile,2025-08,responded_strict,0.91,2012,1831,143,0.0780993992353905,0.9794520547945206,0.07256461232604373,1.076273912750724
decile,2025-08,responded_strict,0.92,2012,1852,143,0.07721382289416846,0.9794520547945206,0.07256461232604373,1.064069942897719
decile,2025-08,responded_strict,0.93,2012,1872,143,0.0763888888888889,0.9794520547945206,0.07256461232604373,1.0527016742770168
decile,2025-08,responded_strict,0.94,2012,1892,143,0.0755813953488372,0.9794520547945206,0.07256461232604373,1.041573749601784
decile,2025-08,responded_strict,0.95,2012,1912,143,0.07479079497907949,0.9794520547945206,0.07256461232604373,1.0306786266979997
decile,2025-08,responded_strict,0.96,2012,1932,143,0.07401656314699794,0.9794520547945206,0.07256461232604373,1.0200090756969853
decile,2025-08,responded_strict,0.97,2012,1952,143,0.07325819672131148,0.9794520547945206,0.07256461232604373,1.0095581630361554
decile,2025-08,responded_strict,0.98,2012,1972,144,0.07302231237322515,0.9863013698630136,0.07256461232604373,1.0063074828419796
decile,2025-08,responded_strict,0.99,2012,1992,145,0.07279116465863454,0.9931506849315068,0.07256461232604373,1.003122077350498
decile,2025-08,responded_strict,1.0,2012,2012,146,0.07256461232604373,1.0,0.07256461232604373,1.0
decile,2025-09,responded_strict,0.01,2038,21,5,0.23809523809523808,0.03225806451612903,0.0760549558390579,3.1305683563748077
decile,2025-09,responded_strict,0.02,2038,41,8,0.1951219512195122,0.05161290322580645,0.0760549558390579,2.5655389457120377
decile,2025-09,responded_strict,0.03,2038,62,11,0.1774193548387097,0.07096774193548387,0.0760549558390579,2.3327783558792925
decile,2025-09,responded_strict,0.04,2038,82,12,0.14634146341463414,0.07741935483870968,0.0760549558390579,1.9241542092840282
decile,2025-09,responded_strict,0.05,2038,102,17,0.16666666666666666,0.10967741935483871,0.0760549558390579,2.1913978494623656
decile,2025-09,responded_strict,0.06,2038,123,19,0.15447154471544716,0.12258064516129032,0.0760549558390579,2.0310516653553634
decile,2025-09,responded_strict,0.07,2038,143,26,0.18181818181818182,0.16774193548387098,0.0760549558390579,2.390615835777126
decile,2025-09,responded_strict,0.08,2038,164,31,0.18902439024390244,0.2,0.0760549558390579,2.4853658536585366
decile,2025-09,responded_strict,0.09,2038,184,34,0.18478260869565216,0.21935483870967742,0.0760549558390579,2.4295932678821877
decile,2025-09,responded_strict,0.1,2038,204,37,0.18137254901960784,0.23870967741935484,0.0760549558390579,2.3847564832384567
decile,2025-09,responded_strict,0.11,2038,225,42,0.18666666666666668,0.2709677419354839,0.0760549558390579,2.4543655913978495
decile,2025-09,responded_strict,0.12,2038,245,44,0.17959183673469387,0.2838709677419355,0.0760549558390579,2.3613429888084263
decile,2025-09,responded_strict,0.13,2038,265,46,0.17358490566037735,0.2967741935483871,0.0760549558390579,2.282361533779671
decile,2025-09,responded_strict,0.14,2038,286,51,0.17832167832167833,0.32903225806451614,0.0760549558390579,2.3446424543198736
decile,2025-09,responded_strict,0.15,2038,306,53,0.17320261437908496,0.3419354838709677,0.0760549558390579,2.277335020029517
decile,2025-09,responded_strict,0.16,2038,327,55,0.16819571865443425,0.3548387096774194,0.0760549558390579,2.2115024168886257
decile,2025-09,responded_strict,0.17,2038,347,61,0.17579250720461095,0.3935483870967742,0.0760549558390579,2.311387933438691
decile,2025-09,responded_strict,0.18,2038,367,62,0.16893732970027248,0.4,0.0760549558390579,2.2212534059945503
decile,2025-09,responded_strict,0.19,2038,388,63,0.16237113402061856,0.4064516129032258,0.0760549558390579,2.1349185234452945
decile,2025-09,responded_strict,0.2,2038,408,68,0.16666666666666666,0.43870967741935485,0.0760549558390579,2.1913978494623656
decile,2025-09,responded_strict,0.21,2038,428,69,0.16121495327102803,0.44516129032258067,0.0760549558390579,2.1197166113958397
decile,2025-09,responded_strict,0.22,2038,449,72,0.1603563474387528,0.4645161290322581,0.0760549558390579,2.108427329549537
decile,2025-09,responded_strict,0.23,2038,469,75,0.15991471215351813,0.4838709677419355,0.0760549558390579,2.102620537863677
decile,2025-09,responded_strict,0.24,2038,490,77,0.15714285714285714,0.4967741935483871,0.0760549558390579,2.0661751152073733
decile,2025-09,responded_strict,0.25,2038,510,80,0.1568627450980392,0.5161290322580645,0.0760549558390579,2.062492093611638
decile,2025-09,responded_strict,0.26,2038,530,81,0.15283018867924528,0.5225806451612903,0.0760549558390579,2.009470480827754
decile,2025-09,responded_strict,0.27,2038,551,83,0.15063520871143377,0.535483870967742,0.0760549558390579,1.9806100345413034
decile,2025-09,responded_strict,0.28,2038,571,86,0.15061295971978983,0.5548387096774193,0.0760549558390579,1.9803174961866559
decile,2025-09,responded_strict,0.29,2038,592,87,0.14695945945945946,0.5612903225806452,0.0760549558390579,1.932279860505667
decile,2025-09,responded_strict,0.3,2038,612,89,0.1454248366013072,0.5741935483870968,0.0760549558390579,1.912102045119123
decile,2025-09,responded_strict,0.31,2038,632,91,0.1439873417721519,0.5870967741935483,0.0760549558390579,1.8932013066557778
decile,2025-09,responded_strict,0.32,2038,653,94,0.1439509954058193,0.6064516129032258,0.0760549558390579,1.8927234105616757
decile,2025-09,responded_strict,0.33,2038,673,96,0.1426448736998514,0.6193548387096774,0.0760549558390579,1.8755500167761108
decile,2025-09,responded_strict,0.34,2038,693,97,0.13997113997113997,0.6258064516129033,0.0760549558390579,1.8403947307173114
decile,2025-09,responded_strict,0.35,2038,714,99,0.13865546218487396,0.6387096774193548,0.0760549558390579,1.8230956898888588
decile,2025-09,responded_strict,0.36,2038,734,102,0.13896457765667575,0.6580645161290323,0.0760549558390579,1.8271600597697109
decile,2025-09,responded_strict,0.37,2038,755,106,0.1403973509933775,0.6838709677419355,0.0760549558390579,1.845998718222602
decile,2025-09,responded_strict,0.38,2038,775,107,0.13806451612903226,0.6903225806451613,0.0760549558390579,1.8153257023933402
decile,2025-09,responded_strict,0.39,2038,795,108,0.13584905660377358,0.6967741935483871,0.0760549558390579,1.7861959829580036
decile,2025-09,responded_strict,0.4,2038,816,111,0.13602941176470587,0.7161290322580646,0.0760549558390579,1.7885673624288423
decile,2025-09,responded_strict,0.41,2038,836,114,0.13636363636363635,0.7354838709677419,0.0760549558390579,1.7929618768328444
decile,2025-09,responded_strict,0.42,2038,856,116,0.13551401869158877,0.7483870967741936,0.0760549558390579,1.7817907747965027
decile,2025-09,responded_strict,0.43,2038,877,117,0.13340935005701254,0.7548387096774194,0.0760549558390579,1.7541177768786553
decile,2025-09,responded_strict,0.44,2038,897,118,0.13154960981047936,0.7612903225806451,0.0760549558390579,1.7296651922177868
decile,2025-09,responded_strict,0.45,2038,918,120,0.13071895424836602,0.7741935483870968,0.0760549558390579,1.718743411343032
decile,2025-09,responded_strict,0.46,2038,938,120,0.1279317697228145,0.7741935483870968,0.0760549558390579,1.6820964302909416
decile,2025-09,responded_strict,0.47,2038,958,120,0.12526096033402923,0.7741935483870968,0.0760549558390579,1.646979594585494
decile,2025-09,responded_strict,0.48,2038,979,122,0.12461695607763024,0.7870967741935484,0.0760549558390579,1.6385119773303898
decile,2025-09,responded_strict,0.49,2038,999,122,0.12212212212212212,0.7870967741935484,0.0760549558390579,1.6057089347411928
decile,2025-09,responded_strict,0.5,2038,1019,123,0.12070657507360157,0.7935483870967742,0.0760549558390579,1.5870967741935482
decile,2025-09,responded_strict,0.51,2038,1040,126,0.12115384615384615,0.8129032258064516,0.0760549558390579,1.5929776674937965
decile,2025-09,responded_strict,0.52,2038,1060,128,0.12075471698113208,0.8258064516129032,0.0760549558390579,1.5877297626293365
decile,2025-09,responded_strict,0.53,2038,1081,128,0.11840888066604996,0.8258064516129032,0.0760549558390579,1.5568857986929665
decile,2025-09,responded_strict,0.54,2038,1101,128,0.11625794732061762,0.8258064516129032,0.0760549558390579,1.5286044944478625
decile,2025-09,responded_strict,0.55,2038,1121,129,0.11507582515611062,0.832258064516129,0.0760549558390579,1.513061494633248
decile,2025-09,responded_strict,0.56,2038,1142,129,0.11295971978984239,0.832258064516129,0.0760549558390579,1.4852381221399922
decile,2025-09,responded_strict,0.57,2038,1162,130,0.11187607573149742,0.8387096774193549,0.0760549558390579,1.4709899505857533
decile,2025-09,responded_strict,0.58,2038,1183,132,0.11158072696534235,0.8516129032258064,0.0760549558390579,1.4671065906797918
decile,2025-09,responded_strict,0.59,2038,1203,132,0.10972568578553615,0.8516129032258064,0.0760549558390579,1.442715791167243
decile,2025-09,responded_strict,0.6,2038,1223,132,0.10793131643499591,0.8516129032258064,0.0760549558390579,1.4191227283517527
decile,2025-09,responded_strict,0.61,2038,1244,134,0.10771704180064309,0.864516129032258,0.0760549558390579,1.416305362514262
decile,2025-09,responded_strict,0.62,2038,1264,134,0.1060126582278481,0.864516129032258,0.0760549558390579,1.3938954675377704
decile,2025-09,responded_strict,0.63,2038,1284,135,0.10514018691588785,0.8709677419354839,0.0760549558390579,1.3824238769972867
decile,2025-09,responded_strict,0.64,2038,1305,138,0.10574712643678161,0.8903225806451613,0.0760549558390579,1.3904041527623285
decile,2025-09,responded_strict,0.65,2038,1325,139,0.10490566037735849,0.896774193548387,0.0760549558390579,1.3793402312842362
decile,2025-09,responded_strict,0.66,2038,1346,139,0.10326894502228826,0.896774193548387,0.0760549558390579,1.3578200642285385
decile,2025-09,responded_strict,0.67,2038,1366,139,0.10175695461200586,0.896774193548387,0.0760549558390579,1.337939829027535
decile,2025-09,responded_strict,0.68,2038,1386,140,0.10101010101010101,0.9032258064516129,0.0760549558390579,1.3281199087650701
decile,2025-09,responded_strict,0.69,2038,1407,141,0.10021321961620469,0.9096774193548387,0.0760549558390579,1.3176422037279043
decile,2025-09,responded_strict,0.7,2038,1427,141,0.09880868955851436,0.9096774193548387,0.0760549558390579,1.2991748988403373
decile,2025-09,responded_strict,0.71,2038,1447,141,0.09744298548721493,0.9096774193548387,0.0760549558390579,1.2812180930512518
decile,2025-09,responded_strict,0.72,2038,1468,143,0.09741144414168937,0.9225806451612903,0.0760549558390579,1.2808033752307286
decile,2025-09,responded_strict,0.73,2038,1488,143,0.0961021505376344,0.9225806451612903,0.0760549558390579,1.2635882761012833
decile,2025-09,responded_strict,0.74,2038,1509,146,0.09675281643472498,0.9419354838709677,0.0760549558390579,1.2721434831869
decile,2025-09,responded_strict,0.75,2038,1529,146,0.09548724656638326,0.9419354838709677,0.0760549558390579,1.2555032806599296
decile,2025-09,responded_strict,0.76,2038,1549,146,0.09425435765009683,0.9419354838709677,0.0760549558390579,1.2392927799412732
decile,2025-09,responded_strict,0.77,2038,1570,149,0.09490445859872612,0.9612903225806452,0.0760549558390579,1.2478405588658312
decile,2025-09,responded_strict,0.78,2038,1590,150,0.09433962264150944,0.967741935483871,0.0760549558390579,1.2404138770541693
decile,2025-09,responded_strict,0.79,2038,1611,150,0.0931098696461825,0.967741935483871,0.0760549558390579,1.224244608638193
decile,2025-09,responded_strict,0.8,2038,1631,152,0.0931943592887799,0.9806451612903225,0.0760549558390579,1.2253555111647318
decile,2025-09,responded_strict,0.81,2038,1651,152,0.09206541490006057,0.9806451612903225,0.0760549558390579,1.210511713331119
decile,2025-09,responded_strict,0.82,2038,1672,152,0.09090909090909091,0.9806451612903225,0.0760549558390579,1.195307917888563
decile,2025-09,responded_strict,0.83,2038,1692,152,0.08983451536643026,0.9806451612903225,0.0760549558390579,1.1811789826889347
decile,2025-09,responded_strict,0.84,2038,1712,152,0.08878504672897196,0.9806451612903225,0.0760549558390579,1.1673801627977087
decile,2025-09,responded_strict,0.85,2038,1733,152,0.08770917484131564,0.9806451612903225,0.0760549558390579,1.1532341827522663
decile,2025-09,responded_strict,0.86,2038,1753,152,0.08670849971477468,0.9806451612903225,0.0760549558390579,1.1400769188303923
decile,2025-09,responded_strict,0.87,2038,1774,153,0.08624577226606539,0.9870967741935484,0.0760549558390579,1.1339927992144598
decile,2025-09,responded_strict,0.88,2038,1794,153,0.08528428093645485,0.9870967741935484,0.0760549558390579,1.1213507390225483
decile,2025-09,responded_strict,0.89,2038,1814,153,0.08434399117971333,0.9870967741935484,0.0760549558390579,1.1089874453177793
decile,2025-09,responded_strict,0.9,2038,1835,153,0.08337874659400545,0.9870967741935484,0.0760549558390579,1.0962960358618263
decile,2025-09,responded_strict,0.91,2038,1855,154,0.0830188679245283,0.9935483870967742,0.0760549558390579,1.091564211807669
decile,2025-09,responded_strict,0.92,2038,1875,154,0.08213333333333334,0.9935483870967742,0.0760549558390579,1.0799208602150538
decile,2025-09,responded_strict,0.93,2038,1896,154,0.08122362869198312,0.9935483870967742,0.0760549558390579,1.0679597114468489
decile,2025-09,responded_strict,0.94,2038,1916,154,0.08037578288100208,0.9935483870967742,0.0760549558390579,1.056811906525692
decile,2025-09,responded_strict,0.95,2038,1937,155,0.08002065049044915,1.0,0.0760549558390579,1.052142488384099
decile,2025-09,responded_strict,0.96,2038,1957,155,0.07920286152273888,1.0,0.0760549558390579,1.041389882473173
decile,2025-09,responded_strict,0.97,2038,1977,155,0.07840161861406171,1.0,0.0760549558390579,1.0308548305513405
decile,2025-09,responded_strict,0.98,2038,1998,155,0.07757757757757758,1.0,0.0760549558390579,1.02002002002002
decile,2025-09,responded_strict,0.99,2038,2018,155,0.07680872150644202,1.0,0.0760549558390579,1.0099108027750248
decile,2025-09,responded_strict,1.0,2038,2038,155,0.0760549558390579,1.0,0.0760549558390579,1.0
core_logistic,2025-07,responded_strict,0.01,2025,21,9,0.42857142857142855,0.06,0.07407407407407407,5.785714285714286
core_logistic,2025-07,responded_strict,0.02,2025,41,15,0.36585365853658536,0.1,0.07407407407407407,4.939024390243903
core_logistic,2025-07,responded_strict,0.03,2025,61,21,0.3442622950819672,0.14,0.07407407407407407,4.647540983606557
core_logistic,2025-07,responded_strict,0.04,2025,81,26,0.32098765432098764,0.17333333333333334,0.07407407407407407,4.333333333333333
core_logistic,2025-07,responded_strict,0.05,2025,102,29,0.28431372549019607,0.19333333333333333,0.07407407407407407,3.838235294117647
core_logistic,2025-07,responded_strict,0.06,2025,122,36,0.29508196721311475,0.24,0.07407407407407407,3.9836065573770494
core_logistic,2025-07,responded_strict,0.07,2025,142,39,0.2746478873239437,0.26,0.07407407407407407,3.70774647887324
core_logistic,2025-07,responded_strict,0.08,2025,162,47,0.29012345679012347,0.31333333333333335,0.07407407407407407,3.916666666666667
core_logistic,2025-07,responded_strict,0.09,2025,183,51,0.2786885245901639,0.34,0.07407407407407407,3.762295081967213
core_logistic,2025-07,responded_strict,0.1,2025,203,53,0.26108374384236455,0.35333333333333333,0.07407407407407407,3.5246305418719217
core_logistic,2025-07,responded_strict,0.11,2025,223,55,0.24663677130044842,0.36666666666666664,0.07407407407407407,3.3295964125560538
core_logistic,2025-07,responded_strict,0.12,2025,243,58,0.23868312757201646,0.38666666666666666,0.07407407407407407,3.2222222222222223
core_logistic,2025-07,responded_strict,0.13,2025,264,62,0.23484848484848486,0.41333333333333333,0.07407407407407407,3.170454545454546
core_logistic,2025-07,responded_strict,0.14,2025,284,65,0.22887323943661972,0.43333333333333335,0.07407407407407407,3.0897887323943665
core_logistic,2025-07,responded_strict,0.15,2025,304,68,0.2236842105263158,0.4533333333333333,0.07407407407407407,3.0197368421052633
core_logistic,2025-07,responded_strict,0.16,2025,324,72,0.2222222222222222,0.48,0.07407407407407407,3.0
core_logistic,2025-07,responded_strict,0.17,2025,345,73,0.21159420289855072,0.4866666666666667,0.07407407407407407,2.856521739130435
core_logistic,2025-07,responded_strict,0.18,2025,365,76,0.20821917808219179,0.5066666666666667,0.07407407407407407,2.8109589041095893
core_logistic,2025-07,responded_strict,0.19,2025,385,79,0.2051948051948052,0.5266666666666666,0.07407407407407407,2.7701298701298707
core_logistic,2025-07,responded_strict,0.2,2025,405,81,0.2,0.54,0.07407407407407407,2.7
core_logistic,2025-07,responded_strict,0.21,2025,426,86,0.20187793427230047,0.5733333333333334,0.07407407407407407,2.7253521126760565
core_logistic,2025-07,responded_strict,0.22,2025,446,87,0.19506726457399104,0.58,0.07407407407407407,2.633408071748879
core_logistic,2025-07,responded_strict,0.23,2025,466,90,0.19313304721030042,0.6,0.07407407407407407,2.607296137339056
core_logistic,2025-07,responded_strict,0.24,2025,486,93,0.19135802469135801,0.62,0.07407407407407407,2.5833333333333335
core_logistic,2025-07,responded_strict,0.25,2025,507,95,0.1873767258382643,0.6333333333333333,0.07407407407407407,2.5295857988165684
core_logistic,2025-07,responded_strict,0.26,2025,527,98,0.1859582542694497,0.6533333333333333,0.07407407407407407,2.510436432637571
core_logistic,2025-07,responded_strict,0.27,2025,547,98,0.17915904936014626,0.6533333333333333,0.07407407407407407,2.418647166361975
core_logistic,2025-07,responded_strict,0.28,2025,567,100,0.1763668430335097,0.6666666666666666,0.07407407407407407,2.380952380952381
core_logistic,2025-07,responded_strict,0.29,2025,588,101,0.1717687074829932,0.6733333333333333,0.07407407407407407,2.318877551020408
core_logistic,2025-07,responded_strict,0.3,2025,608,103,0.16940789473684212,0.6866666666666666,0.07407407407407407,2.2870065789473686
core_logistic,2025-07,responded_strict,0.31,2025,628,106,0.16878980891719744,0.7066666666666667,0.07407407407407407,2.2786624203821657
core_logistic,2025-07,responded_strict,0.32,2025,648,107,0.16512345679012347,0.7133333333333334,0.07407407407407407,2.229166666666667
core_logistic,2025-07,responded_strict,0.33,2025,669,108,0.16143497757847533,0.72,0.07407407407407407,2.179372197309417
core_logistic,2025-07,responded_strict,0.34,2025,689,110,0.15965166908563136,0.7333333333333333,0.07407407407407407,2.1552975326560233
core_logistic,2025-07,responded_strict,0.35,2025,709,111,0.15655853314527504,0.74,0.07407407407407407,2.113540197461213
core_logistic,2025-07,responded_strict,0.36,2025,729,113,0.1550068587105624,0.7533333333333333,0.07407407407407407,2.0925925925925926
core_logistic,2025-07,responded_strict,0.37,2025,750,116,0.15466666666666667,0.7733333333333333,0.07407407407407407,2.088
core_logistic,2025-07,responded_strict,0.38,2025,770,117,0.15194805194805194,0.78,0.07407407407407407,2.0512987012987014
core_logistic,2025-07,responded_strict,0.39,2025,790,119,0.15063291139240506,0.7933333333333333,0.07407407407407407,2.0335443037974685
core_logistic,2025-07,responded_strict,0.4,2025,810,121,0.14938271604938272,0.8066666666666666,0.07407407407407407,2.0166666666666666
core_logistic,2025-07,responded_strict,0.41,2025,831,126,0.15162454873646208,0.84,0.07407407407407407,2.046931407942238
core_logistic,2025-07,responded_strict,0.42,2025,851,128,0.15041128084606345,0.8533333333333334,0.07407407407407407,2.0305522914218566
core_logistic,2025-07,responded_strict,0.43,2025,871,129,0.14810562571756603,0.86,0.07407407407407407,1.9994259471871414
core_logistic,2025-07,responded_strict,0.44,2025,891,130,0.14590347923681257,0.8666666666666667,0.07407407407407407,1.9696969696969697
core_logistic,2025-07,responded_strict,0.45,2025,912,131,0.14364035087719298,0.8733333333333333,0.07407407407407407,1.9391447368421053
core_logistic,2025-07,responded_strict,0.46,2025,932,132,0.14163090128755365,0.88,0.07407407407407407,1.9120171673819744
core_logistic,2025-07,responded_strict,0.47,2025,952,134,0.1407563025210084,0.8933333333333333,0.07407407407407407,1.9002100840336136
core_logistic,2025-07,responded_strict,0.48,2025,972,134,0.13786008230452676,0.8933333333333333,0.07407407407407407,1.8611111111111114
core_logistic,2025-07,responded_strict,0.49,2025,993,134,0.13494461228600202,0.8933333333333333,0.07407407407407407,1.8217522658610275
core_logistic,2025-07,responded_strict,0.5,2025,1013,134,0.13228035538005922,0.8933333333333333,0.07407407407407407,1.7857847976307997
core_logistic,2025-07,responded_strict,0.51,2025,1033,135,0.13068731848983542,0.9,0.07407407407407407,1.7642787996127782
core_logistic,2025-07,responded_strict,0.52,2025,1053,136,0.1291547958214625,0.9066666666666666,0.07407407407407407,1.7435897435897438
core_logistic,2025-07,responded_strict,0.53,2025,1074,136,0.1266294227188082,0.9066666666666666,0.07407407407407407,1.7094972067039107
core_logistic,2025-07,responded_strict,0.54,2025,1094,136,0.12431444241316271,0.9066666666666666,0.07407407407407407,1.6782449725776967
core_logistic,2025-07,responded_strict,0.55,2025,1114,137,0.1229802513464991,0.9133333333333333,0.07407407407407407,1.660233393177738
core_logistic,2025-07,responded_strict,0.56,2025,1134,137,0.12081128747795414,0.9133333333333333,0.07407407407407407,1.630952380952381
core_logistic,2025-07,responded_strict,0.57,2025,1155,138,0.11948051948051948,0.92,0.07407407407407407,1.612987012987013
core_logistic,2025-07,responded_strict,0.58,2025,1175,138,0.1174468085106383,0.92,0.07407407407407407,1.5855319148936171
core_logistic,2025-07,responded_strict,0.59,2025,1195,140,0.11715481171548117,0.9333333333333333,0.07407407407407407,1.5815899581589958
core_logistic,2025-07,responded_strict,0.6,2025,1215,141,0.11604938271604938,0.94,0.07407407407407407,1.5666666666666667
core_logistic,2025-07,responded_strict,0.61,2025,1236,142,0.11488673139158576,0.9466666666666667,0.07407407407407407,1.5509708737864079
core_logistic,2025-07,responded_strict,0.62,2025,1256,143,0.11385350318471338,0.9533333333333334,0.07407407407407407,1.5370222929936308
core_logistic,2025-07,responded_strict,0.63,2025,1276,143,0.11206896551724138,0.9533333333333334,0.07407407407407407,1.5129310344827587
core_logistic,2025-07,responded_strict,0.64,2025,1296,143,0.11033950617283951,0.9533333333333334,0.07407407407407407,1.4895833333333335
core_logistic,2025-07,responded_strict,0.65,2025,1317,143,0.10858010630220197,0.9533333333333334,0.07407407407407407,1.4658314350797266
core_logistic,2025-07,responded_strict,0.66,2025,1337,143,0.10695587135377711,0.9533333333333334,0.07407407407407407,1.443904263275991
core_logistic,2025-07,responded_strict,0.67,2025,1357,144,0.10611643330876934,0.96,0.07407407407407407,1.4325718496683861
core_logistic,2025-07,responded_strict,0.68,2025,1377,144,0.10457516339869281,0.96,0.07407407407407407,1.411764705882353
core_logistic,2025-07,responded_strict,0.69,2025,1398,145,0.10371959942775394,0.9666666666666667,0.07407407407407407,1.4002145922746783
core_logistic,2025-07,responded_strict,0.7,2025,1418,145,0.10225669957686882,0.9666666666666667,0.07407407407407407,1.380465444287729
core_logistic,2025-07,responded_strict,0.71,2025,1438,145,0.10083449235048679,0.9666666666666667,0.07407407407407407,1.3612656467315718
core_logistic,2025-07,responded_strict,0.72,2025,1458,145,0.09945130315500686,0.9666666666666667,0.07407407407407407,1.3425925925925928
core_logistic,2025-07,responded_strict,0.73,2025,1479,145,0.09803921568627451,0.9666666666666667,0.07407407407407407,1.3235294117647058
core_logistic,2025-07,responded_strict,0.74,2025,1499,145,0.09673115410273515,0.9666666666666667,0.07407407407407407,1.3058705803869246
core_logistic,2025-07,responded_strict,0.75,2025,1519,145,0.09545753785385122,0.9666666666666667,0.07407407407407407,1.2886767610269916
core_logistic,2025-07,responded_strict,0.76,2025,1539,146,0.09486679662118258,0.9733333333333334,0.07407407407407407,1.280701754385965
core_logistic,2025-07,responded_strict,0.77,2025,1560,147,0.09423076923076923,0.98,0.07407407407407407,1.2721153846153848
core_logistic,2025-07,responded_strict,0.78,2025,1580,147,0.0930379746835443,0.98,0.07407407407407407,1.2560126582278481
core_logistic,2025-07,responded_strict,0.79,2025,1600,148,0.0925,0.9866666666666667,0.07407407407407407,1.24875
core_logistic,2025-07,responded_strict,0.8,2025,1620,148,0.09135802469135802,0.9866666666666667,0.07407407407407407,1.2333333333333334
core_logistic,2025-07,responded_strict,0.81,2025,1641,148,0.09018890920170627,0.9866666666666667,0.07407407407407407,1.2175502742230349
core_logistic,2025-07,responded_strict,0.82,2025,1661,148,0.08910295003010235,0.9866666666666667,0.07407407407407407,1.2028898254063818
core_logistic,2025-07,responded_strict,0.83,2025,1681,149,0.08863771564544913,0.9933333333333333,0.07407407407407407,1.1966091612135634
core_logistic,2025-07,responded_strict,0.84,2025,1701,149,0.08759553203997648,0.9933333333333333,0.07407407407407407,1.1825396825396826
core_logistic,2025-07,responded_strict,0.85,2025,1722,150,0.08710801393728224,1.0,0.07407407407407407,1.1759581881533103
core_logistic,2025-07,responded_strict,0.86,2025,1742,150,0.08610792192881746,1.0,0.07407407407407407,1.1624569460390357
core_logistic,2025-07,responded_strict,0.87,2025,1762,150,0.0851305334846765,1.0,0.07407407407407407,1.149262202043133
core_logistic,2025-07,responded_strict,0.88,2025,1782,150,0.08417508417508418,1.0,0.07407407407407407,1.1363636363636365
core_logistic,2025-07,responded_strict,0.89,2025,1803,150,0.08319467554076539,1.0,0.07407407407407407,1.1231281198003327
core_logistic,2025-07,responded_strict,0.9,2025,1823,150,0.08228195282501372,1.0,0.07407407407407407,1.1108063631376852
core_logistic,2025-07,responded_strict,0.91,2025,1843,150,0.08138903960933261,1.0,0.07407407407407407,1.0987520347259903
core_logistic,2025-07,responded_strict,0.92,2025,1863,150,0.08051529790660225,1.0,0.07407407407407407,1.0869565217391304
core_logistic,2025-07,responded_strict,0.93,2025,1884,150,0.07961783439490445,1.0,0.07407407407407407,1.0748407643312101
core_logistic,2025-07,responded_strict,0.94,2025,1904,150,0.07878151260504201,1.0,0.07407407407407407,1.0635504201680672
core_logistic,2025-07,responded_strict,0.95,2025,1924,150,0.07796257796257797,1.0,0.07407407407407407,1.0524948024948027
core_logistic,2025-07,responded_strict,0.96,2025,1944,150,0.07716049382716049,1.0,0.07407407407407407,1.0416666666666667
core_logistic,2025-07,responded_strict,0.97,2025,1965,150,0.07633587786259542,1.0,0.07407407407407407,1.0305343511450382
core_logistic,2025-07,responded_strict,0.98,2025,1985,150,0.07556675062972293,1.0,0.07407407407407407,1.0201511335012596
core_logistic,2025-07,responded_strict,0.99,2025,2005,150,0.07481296758104738,1.0,0.07407407407407407,1.0099750623441397
core_logistic,2025-07,responded_strict,1.0,2025,2025,150,0.07407407407407407,1.0,0.07407407407407407,1.0
core_logistic,2025-08,responded_strict,0.01,2012,21,5,0.23809523809523808,0.03424657534246575,0.07256461232604373,3.2811480756686238
core_logistic,2025-08,responded_strict,0.02,2012,41,8,0.1951219512195122,0.0547945205479452,0.07256461232604373,2.68894086201136
core_logistic,2025-08,responded_strict,0.03,2012,61,18,0.29508196721311475,0.1232876712328767,0.07256461232604373,4.066472041320458
core_logistic,2025-08,responded_strict,0.04,2012,81,22,0.2716049382716049,0.1506849315068493,0.07256461232604373,3.7429392863182818
core_logistic,2025-08,responded_strict,0.05,2012,101,26,0.25742574257425743,0.1780821917808219,0.07256461232604373,3.5475383154753835
core_logistic,2025-08,responded_strict,0.06,2012,121,29,0.2396694214876033,0.19863013698630136,0.07256461232604373,3.30284161666478
core_logistic,2025-08,responded_strict,0.07,2012,141,33,0.23404255319148937,0.22602739726027396,0.07256461232604373,3.225298746721073
core_logistic,2025-08,responded_strict,0.08,2012,161,40,0.2484472049689441,0.273972602739726,0.07256461232604373,3.423806687654216
core_logistic,2025-08,responded_strict,0.09,2012,182,42,0.23076923076923078,0.2876712328767123,0.07256461232604373,3.1801896733403585
core_logistic,2025-08,responded_strict,0.1,2012,202,47,0.23267326732673269,0.3219178082191781,0.07256461232604373,3.206428862064289
core_logistic,2025-08,responded_strict,0.11,2012,222,50,0.22522522522522523,0.3424657534246575,0.07256461232604373,3.1037887202270764
core_logistic,2025-08,responded_strict,0.12,2012,242,55,0.22727272727272727,0.3767123287671233,0.07256461232604373,3.13200498132005
core_logistic,2025-08,responded_strict,0.13,2012,262,58,0.22137404580152673,0.3972602739726027,0.07256461232604373,3.05071630241556
core_logistic,2025-08,responded_strict,0.14,2012,282,63,0.22340425531914893,0.4315068493150685,0.07256461232604373,3.078694258233751
core_logistic,2025-08,responded_strict,0.15,2012,302,63,0.20860927152317882,0.4315068493150685,0.07256461232604373,2.874807221264629
core_logistic,2025-08,responded_strict,0.16,2012,322,64,0.19875776397515527,0.4383561643835616,0.07256461232604373,2.739045350123373
core_logistic,2025-08,responded_strict,0.17,2012,343,66,0.1924198250728863,0.4520547945205479,0.07256461232604373,2.651703342785255
core_logistic,2025-08,responded_strict,0.18,2012,363,70,0.1928374655647383,0.4794520547945205,0.07256461232604373,2.657458772029133
core_logistic,2025-08,responded_strict,0.19,2012,383,72,0.18798955613577023,0.4931506849315068,0.07256461232604373,2.590650595514861
core_logistic,2025-08,responded_strict,0.2,2012,403,75,0.18610421836228289,0.5136986301369864,0.07256461232604373,2.564669091403515
core_logistic,2025-08,responded_strict,0.21,2012,423,77,0.18203309692671396,0.5273972602739726,0.07256461232604373,2.5085656918941677
core_logistic,2025-08,responded_strict,0.22,2012,443,80,0.18058690744920994,0.547945205479452,0.07256461232604373,2.488636012245277
core_logistic,2025-08,responded_strict,0.23,2012,463,82,0.1771058315334773,0.5616438356164384,0.07256461232604373,2.4406639249681943
core_logistic,2025-08,responded_strict,0.24,2012,483,84,0.17391304347826086,0.5753424657534246,0.07256461232604373,2.3966646813579513
core_logistic,2025-08,responded_strict,0.25,2012,503,88,0.1749502982107356,0.6027397260273972,0.07256461232604373,2.4109589041095894
core_logistic,2025-08,responded_strict,0.26,2012,524,88,0.16793893129770993,0.6027397260273972,0.07256461232604373,2.3143365052807696
core_logistic,2025-08,responded_strict,0.27,2012,544,89,0.1636029411764706,0.6095890410958904,0.07256461232604373,2.254582997582595
core_logistic,2025-08,responded_strict,0.28,2012,564,89,0.15780141843971632,0.6095890410958904,0.07256461232604373,2.1746332458952686
core_logistic,2025-08,responded_strict,0.29,2012,584,92,0.15753424657534246,0.6301369863013698,0.07256461232604373,2.170951398010884
core_logistic,2025-08,responded_strict,0.3,2012,604,93,0.15397350993377484,0.636986301369863,0.07256461232604373,2.121881520457226
core_logistic,2025-08,responded_strict,0.31,2012,624,94,0.15064102564102563,0.6438356164383562,0.07256461232604373,2.075957147874956
core_logistic,2025-08,responded_strict,0.32,2012,644,98,0.15217391304347827,0.6712328767123288,0.07256461232604373,2.0970815961882074
core_logistic,2025-08,responded_strict,0.33,2012,664,102,0.1536144578313253,0.6986301369863014,0.07256461232604373,2.1169334873741543
core_logistic,2025-08,responded_strict,0.34,2012,685,105,0.15328467153284672,0.7191780821917808,0.07256461232604373,2.1123887611238876
core_logistic,2025-08,responded_strict,0.35,2012,705,106,0.150354609929078,0.726027397260274,0.07256461232604373,2.0720101039541436
core_logistic,2025-08,responded_strict,0.36,2012,725,107,0.14758620689655172,0.7328767123287672,0.07256461232604373,2.0338592347661786
core_logistic,2025-08,responded_strict,0.37,2012,745,109,0.14630872483221477,0.7465753424657534,0.07256461232604373,2.016254481934357
core_logistic,2025-08,responded_strict,0.38,2012,765,111,0.1450980392156863,0.7602739726027398,0.07256461232604373,1.9995702390545262
core_logistic,2025-08,responded_strict,0.39,2012,785,112,0.14267515923566879,0.7671232876712328,0.07256461232604373,1.9661809615216823
core_logistic,2025-08,responded_strict,0.4,2012,805,112,0.1391304347826087,0.7671232876712328,0.07256461232604373,1.917331745086361
core_logistic,2025-08,responded_strict,0.41,2012,825,114,0.13818181818181818,0.7808219178082192,0.07256461232604373,1.9042590286425904
core_logistic,2025-08,responded_strict,0.42,2012,846,114,0.1347517730496454,0.7808219178082192,0.07256461232604373,1.8569901875060721
core_logistic,2025-08,responded_strict,0.43,2012,866,115,0.13279445727482678,0.7876712328767124,0.07256461232604373,1.83001676737638
core_logistic,2025-08,responded_strict,0.44,2012,886,117,0.13205417607223477,0.8013698630136986,0.07256461232604373,1.8198150839543588
core_logistic,2025-08,responded_strict,0.45,2012,906,118,0.13024282560706402,0.8082191780821918,0.07256461232604373,1.7948531857631014
core_logistic,2025-08,responded_strict,0.46,2012,926,118,0.12742980561555076,0.8082191780821918,0.07256461232604373,1.7560874582088228
core_logistic,2025-08,responded_strict,0.47,2012,946,119,0.12579281183932348,0.815068493150685,0.07256461232604373,1.7335283384980742
core_logistic,2025-08,responded_strict,0.48,2012,966,119,0.12318840579710146,0.815068493150685,0.07256461232604373,1.697637482628549
core_logistic,2025-08,responded_strict,0.49,2012,986,119,0.1206896551724138,0.815068493150685,0.07256461232604373,1.6632026452527162
core_logistic,2025-08,responded_strict,0.5,2012,1006,120,0.11928429423459244,0.821917808219178,0.07256461232604373,1.6438356164383563
core_logistic,2025-08,responded_strict,0.51,2012,1027,120,0.11684518013631938,0.821917808219178,0.07256461232604373,1.6102226194128397
core_logistic,2025-08,responded_strict,0.52,2012,1047,120,0.11461318051575932,0.821917808219178,0.07256461232604373,1.579463830121286
core_logistic,2025-08,responded_strict,0.53,2012,1067,120,0.11246485473289597,0.821917808219178,0.07256461232604373,1.5498581350862102
core_logistic,2025-08,responded_strict,0.54,2012,1087,121,0.11131554737810488,0.8287671232876712,0.07256461232604373,1.534019735101007
core_logistic,2025-08,responded_strict,0.55,2012,1107,122,0.1102077687443541,0.8356164383561644,0.07256461232604373,1.5187536350249347
core_logistic,2025-08,responded_strict,0.56,2012,1127,122,0.10825199645075421,0.8356164383561644,0.07256461232604373,1.4918014853350514
core_logistic,2025-08,responded_strict,0.57,2012,1147,123,0.10723626852659111,0.8424657534246576,0.07256461232604373,1.4778039196952146
core_logistic,2025-08,responded_strict,0.58,2012,1167,124,0.1062553556126821,0.8493150684931506,0.07256461232604373,1.464286133511756
core_logistic,2025-08,responded_strict,0.59,2012,1188,126,0.10606060606060606,0.863013698630137,0.07256461232604373,1.4616023246160235
core_logistic,2025-08,responded_strict,0.6,2012,1208,127,0.10513245033112582,0.8698630136986302,0.07256461232604373,1.4488115757960627
core_logistic,2025-08,responded_strict,0.61,2012,1228,129,0.10504885993485343,0.8835616438356164,0.07256461232604373,1.4476596314309937
core_logistic,2025-08,responded_strict,0.62,2012,1248,130,0.10416666666666667,0.8904109589041096,0.07256461232604373,1.435502283105023
core_logistic,2025-08,responded_strict,0.63,2012,1268,130,0.10252365930599369,0.8904109589041096,0.07256461232604373,1.4128602912579404
core_logistic,2025-08,responded_strict,0.64,2012,1288,130,0.10093167701863354,0.8904109589041096,0.07256461232604373,1.3909214668595253
core_logistic,2025-08,responded_strict,0.65,2012,1308,131,0.10015290519877676,0.8972602739726028,0.07256461232604373,1.3801893510954715
core_logistic,2025-08,responded_strict,0.66,2012,1328,132,0.09939759036144578,0.9041095890410958,0.07256461232604373,1.3697804918303351
core_logistic,2025-08,responded_strict,0.67,2012,1349,132,0.09785025945144551,0.9041095890410958,0.07256461232604373,1.3484570001117013
core_logistic,2025-08,responded_strict,0.68,2012,1369,134,0.09788166544923302,0.9178082191780822,0.07256461232604373,1.348889800574362
core_logistic,2025-08,responded_strict,0.69,2012,1389,134,0.0964722822174226,0.9178082191780822,0.07256461232604373,1.3294673412428375
core_logistic,2025-08,responded_strict,0.7,2012,1409,134,0.09510290986515259,0.9178082191780822,0.07256461232604373,1.3105962647170344
core_logistic,2025-08,responded_strict,0.71,2012,1429,134,0.09377186843946816,0.9178082191780822,0.07256461232604373,1.2922534198644517
core_logistic,2025-08,responded_strict,0.72,2012,1449,136,0.09385783298826778,0.9315068493150684,0.07256461232604373,1.2934380820027038
core_logistic,2025-08,responded_strict,0.73,2012,1469,136,0.09257998638529612,0.9315068493150684,0.07256461232604373,1.2758283055288753
core_logistic,2025-08,responded_strict,0.74,2012,1489,137,0.09200805910006717,0.9383561643835616,0.07256461232604373,1.2679466774611996
core_logistic,2025-08,responded_strict,0.75,2012,1509,138,0.09145129224652088,0.9452054794520548,0.07256461232604373,1.2602739726027399
core_logistic,2025-08,responded_strict,0.76,2012,1530,139,0.09084967320261438,0.952054794520548,0.07256461232604373,1.2519831676963022
core_logistic,2025-08,responded_strict,0.77,2012,1550,139,0.08967741935483871,0.952054794520548,0.07256461232604373,1.2358285461776404
core_logistic,2025-08,responded_strict,0.78,2012,1570,140,0.08917197452229299,0.958904109589041,0.07256461232604373,1.2288631009510513
core_logistic,2025-08,responded_strict,0.79,2012,1590,140,0.0880503144654088,0.958904109589041,0.07256461232604373,1.2134057034548118
core_logistic,2025-08,responded_strict,0.8,2012,1610,140,0.08695652173913043,0.958904109589041,0.07256461232604373,1.1983323406789756
core_logistic,2025-08,responded_strict,0.81,2012,1630,141,0.08650306748466258,0.9657534246575342,0.07256461232604373,1.1920833683502816
core_logistic,2025-08,responded_strict,0.82,2012,1650,141,0.08545454545454545,0.9657534246575342,0.07256461232604373,1.1776338729763387
core_logistic,2025-08,responded_strict,0.83,2012,1670,141,0.0844311377245509,0.9657534246575342,0.07256461232604373,1.1635304732999754
core_logistic,2025-08,responded_strict,0.84,2012,1691,142,0.08397397989355411,0.9726027397260274,0.07256461232604373,1.1572304626426773
core_logistic,2025-08,responded_strict,0.85,2012,1711,142,0.08299240210403273,0.9726027397260274,0.07256461232604373,1.1437035139268072
core_logistic,2025-08,responded_strict,0.86,2012,1731,142,0.08203350664355864,0.9726027397260274,0.07256461232604373,1.1304891463482192
core_logistic,2025-08,responded_strict,0.87,2012,1751,142,0.08109651627641348,0.9726027397260274,0.07256461232604373,1.11757664895989
core_logistic,2025-08,responded_strict,0.88,2012,1771,142,0.08018068887634106,0.9726027397260274,0.07256461232604373,1.1049557946520425
core_logistic,2025-08,responded_strict,0.89,2012,1791,142,0.07928531546621999,0.9726027397260274,0.07256461232604373,1.0926168131372234
core_logistic,2025-08,responded_strict,0.9,2012,1811,142,0.07840971838763114,0.9726027397260274,0.07256461232604373,1.0805503657254374
core_logistic,2025-08,responded_strict,0.91,2012,1831,144,0.07864554888039323,0.9863013698630136,0.07256461232604373,1.0838003037489807
core_logistic,2025-08,responded_strict,0.92,2012,1852,144,0.07775377969762419,0.9863013698630136,0.07256461232604373,1.0715109914494512
core_logistic,2025-08,responded_strict,0.93,2012,1872,145,0.07745726495726496,0.9931506849315068,0.07256461232604373,1.0674247746165555
core_logistic,2025-08,responded_strict,0.94,2012,1892,145,0.07663847780126849,0.9931506849315068,0.07256461232604373,1.0561412146311795
core_logistic,2025-08,responded_strict,0.95,2012,1912,145,0.075836820083682,0.9931506849315068,0.07256461232604373,1.0450937123860835
core_logistic,2025-08,responded_strict,0.96,2012,1932,145,0.07505175983436853,0.9931506849315068,0.07256461232604373,1.0342749368955444
core_logistic,2025-08,responded_strict,0.97,2012,1952,146,0.07479508196721311,1.0,0.07256461232604373,1.0307377049180328
core_logistic,2025-08,responded_strict,0.98,2012,1972,146,0.07403651115618662,1.0,0.07256461232604373,1.0202839756592292
core_logistic,2025-08,responded_strict,0.99,2012,1992,146,0.07329317269076305,1.0,0.07256461232604373,1.0100401606425702
core_logistic,2025-08,responded_strict,1.0,2012,2012,146,0.07256461232604373,1.0,0.07256461232604373,1.0
core_logistic,2025-09,responded_strict,0.01,2038,21,9,0.42857142857142855,0.05806451612903226,0.0760549558390579,5.635023041474654
core_logistic,2025-09,responded_strict,0.02,2038,41,19,0.4634146341463415,0.12258064516129032,0.0760549558390579,6.09315499606609
core_logistic,2025-09,responded_strict,0.03,2038,62,23,0.3709677419354839,0.14838709677419354,0.0760549558390579,4.877627471383975
core_logistic,2025-09,responded_strict,0.04,2038,82,28,0.34146341463414637,0.18064516129032257,0.0760549558390579,4.489693154996067
core_logistic,2025-09,responded_strict,0.05,2038,102,32,0.3137254901960784,0.2064516129032258,0.0760549558390579,4.124984187223276
core_logistic,2025-09,responded_strict,0.06,2038,123,39,0.3170731707317073,0.25161290322580643,0.0760549558390579,4.169000786782061
core_logistic,2025-09,responded_strict,0.07,2038,143,44,0.3076923076923077,0.2838709677419355,0.0760549558390579,4.045657568238213
core_logistic,2025-09,responded_strict,0.08,2038,164,46,0.2804878048780488,0.2967741935483871,0.0760549558390579,3.6879622344610548
core_logistic,2025-09,responded_strict,0.09,2038,184,50,0.2717391304347826,0.3225806451612903,0.0760549558390579,3.572931276297335
core_logistic,2025-09,responded_strict,0.1,2038,204,53,0.25980392156862747,0.3419354838709677,0.0760549558390579,3.4160025300442762
core_logistic,2025-09,responded_strict,0.11,2038,225,58,0.2577777777777778,0.3741935483870968,0.0760549558390579,3.389362007168459
core_logistic,2025-09,responded_strict,0.12,2038,245,61,0.24897959183673468,0.3935483870967742,0.0760549558390579,3.2736800526662275
core_logistic,2025-09,responded_strict,0.13,2038,265,64,0.24150943396226415,0.4129032258064516,0.0760549558390579,3.175459525258673
core_logistic,2025-09,responded_strict,0.14,2038,286,67,0.23426573426573427,0.432258064516129,0.0760549558390579,3.0802165576359126
core_logistic,2025-09,responded_strict,0.15,2038,306,70,0.22875816993464052,0.45161290322580644,0.0760549558390579,3.0078009698503054
core_logistic,2025-09,responded_strict,0.16,2038,327,71,0.21712538226299694,0.45806451612903226,0.0760549558390579,2.8548485745289534
core_logistic,2025-09,responded_strict,0.17,2038,347,73,0.21037463976945245,0.47096774193548385,0.0760549558390579,2.766087199033188
core_logistic,2025-09,responded_strict,0.18,2038,367,78,0.2125340599455041,0.5032258064516129,0.0760549558390579,2.794480091412499
core_logistic,2025-09,responded_strict,0.19,2038,388,79,0.2036082474226804,0.5096774193548387,0.0760549558390579,2.6771200532091783
core_logistic,2025-09,responded_strict,0.2,2038,408,81,0.19852941176470587,0.5225806451612903,0.0760549558390579,2.6103415559772296
core_logistic,2025-09,responded_strict,0.21,2038,428,83,0.1939252336448598,0.535483870967742,0.0760549558390579,2.5498040397949953
core_logistic,2025-09,responded_strict,0.22,2038,449,90,0.20044543429844097,0.5806451612903226,0.0760549558390579,2.6355341619369206
core_logistic,2025-09,responded_strict,0.23,2038,469,93,0.19829424307036247,0.6,0.0760549558390579,2.6072494669509596
core_logistic,2025-09,responded_strict,0.24,2038,490,95,0.19387755102040816,0.6129032258064516,0.0760549558390579,2.549177090190915
core_logistic,2025-09,responded_strict,0.25,2038,510,96,0.18823529411764706,0.6193548387096774,0.0760549558390579,2.474990512333966
core_logistic,2025-09,responded_strict,0.26,2038,530,99,0.18679245283018867,0.6387096774193548,0.0760549558390579,2.456019476567255
core_logistic,2025-09,responded_strict,0.27,2038,551,104,0.18874773139745918,0.6709677419354839,0.0760549558390579,2.4817282360517536
core_logistic,2025-09,responded_strict,0.28,2038,571,104,0.18213660245183888,0.6709677419354839,0.0760549558390579,2.3948025535280495
core_logistic,2025-09,responded_strict,0.29,2038,592,106,0.17905405405405406,0.6838709677419355,0.0760549558390579,2.3542720139494335
core_logistic,2025-09,responded_strict,0.3,2038,612,107,0.17483660130718953,0.6903225806451613,0.0760549558390579,2.298819312671305
core_logistic,2025-09,responded_strict,0.31,2038,632,109,0.17246835443037975,0.7032258064516129,0.0760549558390579,2.2676806859942835
core_logistic,2025-09,responded_strict,0.32,2038,653,109,0.1669218989280245,0.7032258064516129,0.0760549558390579,2.1947537420342833
core_logistic,2025-09,responded_strict,0.33,2038,673,110,0.16344725111441308,0.7096774193548387,0.0760549558390579,2.1490677275559604
core_logistic,2025-09,responded_strict,0.34,2038,693,111,0.16017316017316016,0.7161290322580646,0.0760549558390579,2.106018712470325
core_logistic,2025-09,responded_strict,0.35,2038,714,115,0.16106442577030813,0.7419354838709677,0.0760549558390579,2.1177374175476644
core_logistic,2025-09,responded_strict,0.36,2038,734,115,0.1566757493188011,0.7419354838709677,0.0760549558390579,2.0600334007207524
core_logistic,2025-09,responded_strict,0.37,2038,755,116,0.15364238410596026,0.7483870967741936,0.0760549558390579,2.0201495406964325
core_logistic,2025-09,responded_strict,0.38,2038,775,117,0.15096774193548387,0.7548387096774194,0.0760549558390579,1.9849823100936526
core_logistic,2025-09,responded_strict,0.39,2038,795,119,0.14968553459119496,0.7677419354838709,0.0760549558390579,1.968123351592615
core_logistic,2025-09,responded_strict,0.4,2038,816,119,0.14583333333333334,0.7677419354838709,0.0760549558390579,1.9174731182795701
core_logistic,2025-09,responded_strict,0.41,2038,836,125,0.14952153110047847,0.8064516129032258,0.0760549558390579,1.9659669702114524
core_logistic,2025-09,responded_strict,0.42,2038,856,126,0.14719626168224298,0.8129032258064516,0.0760549558390579,1.9353934277962013
core_logistic,2025-09,responded_strict,0.43,2038,877,127,0.14481185860889395,0.8193548387096774,0.0760549558390579,1.9040423731930702
core_logistic,2025-09,responded_strict,0.44,2038,897,129,0.14381270903010032,0.832258064516129,0.0760549558390579,1.8909051677635127
core_logistic,2025-09,responded_strict,0.45,2038,918,129,0.14052287581699346,0.832258064516129,0.0760549558390579,1.8476491671937592
core_logistic,2025-09,responded_strict,0.46,2038,938,131,0.1396588486140725,0.8451612903225807,0.0760549558390579,1.836288603067611
core_logistic,2025-09,responded_strict,0.47,2038,958,131,0.13674321503131523,0.8451612903225807,0.0760549558390579,1.7979527240891642
core_logistic,2025-09,responded_strict,0.48,2038,979,131,0.1338100102145046,0.8451612903225807,0.0760549558390579,1.7593858117236152
core_logistic,2025-09,responded_strict,0.49,2038,999,132,0.13213213213213212,0.8516129032258064,0.0760549558390579,1.7373244211953889
core_logistic,2025-09,responded_strict,0.5,2038,1019,134,0.13150147203140333,0.864516129032258,0.0760549558390579,1.729032258064516
core_logistic,2025-09,responded_strict,0.51,2038,1040,134,0.12884615384615383,0.864516129032258,0.0760549558390579,1.6941191066997516
core_logistic,2025-09,responded_strict,0.52,2038,1060,135,0.12735849056603774,0.8709677419354839,0.0760549558390579,1.6745587340231285
core_logistic,2025-09,responded_strict,0.53,2038,1081,136,0.12580943570767808,0.8774193548387097,0.0760549558390579,1.654191161111277
core_logistic,2025-09,responded_strict,0.54,2038,1101,137,0.12443233424159855,0.8838709677419355,0.0760549558390579,1.6360844979637281
core_logistic,2025-09,responded_strict,0.55,2038,1121,137,0.12221231043710973,0.8838709677419355,0.0760549558390579,1.6068947656182557
core_logistic,2025-09,responded_strict,0.56,2038,1142,137,0.11996497373029773,0.8838709677419355,0.0760549558390579,1.5773459126603018
core_logistic,2025-09,responded_strict,0.57,2038,1162,137,0.11790017211703958,0.8838709677419355,0.0760549558390579,1.5501971017711398
core_logistic,2025-09,responded_strict,0.58,2038,1183,138,0.11665257819103973,0.8903225806451613,0.0760549558390579,1.5337932538925094
core_logistic,2025-09,responded_strict,0.59,2038,1203,139,0.11554447215295095,0.896774193548387,0.0760549558390579,1.5192234467594454
core_logistic,2025-09,responded_strict,0.6,2038,1223,140,0.11447260834014718,0.9032258064516129,0.0760549558390579,1.5051301664336771
core_logistic,2025-09,responded_strict,0.61,2038,1244,141,0.11334405144694534,0.9096774193548387,0.0760549558390579,1.4902914635411264
core_logistic,2025-09,responded_strict,0.62,2038,1264,142,0.11234177215189874,0.9161290322580645,0.0760549558390579,1.4771131073907717
core_logistic,2025-09,responded_strict,0.63,2038,1284,142,0.11059190031152648,0.9161290322580645,0.0760549558390579,1.4541051150638127
core_logistic,2025-09,responded_strict,0.64,2038,1305,144,0.1103448275862069,0.9290322580645162,0.0760549558390579,1.4508565072302557
core_logistic,2025-09,responded_strict,0.65,2038,1325,146,0.11018867924528301,0.9419354838709677,0.0760549558390579,1.4488034083992696
core_logistic,2025-09,responded_strict,0.66,2038,1346,146,0.10846953937592868,0.9419354838709677,0.0760549558390579,1.426199491923501
core_logistic,2025-09,responded_strict,0.67,2038,1366,146,0.10688140556368961,0.9419354838709677,0.0760549558390579,1.405318093798706
core_logistic,2025-09,responded_strict,0.68,2038,1386,146,0.10533910533910534,0.9419354838709677,0.0760549558390579,1.3850393334264302
core_logistic,2025-09,responded_strict,0.69,2038,1407,146,0.10376687988628287,0.9419354838709677,0.0760549558390579,1.3643671045693193
core_logistic,2025-09,responded_strict,0.7,2038,1427,148,0.10371408549404344,0.9548387096774194,0.0760549558390579,1.3636729434636163
core_logistic,2025-09,responded_strict,0.71,2038,1447,149,0.10297166551485833,0.9612903225806452,0.0760549558390579,1.3539113181889113
core_logistic,2025-09,responded_strict,0.72,2038,1468,149,0.10149863760217984,0.9612903225806452,0.0760549558390579,1.3345433769886614
core_logistic,2025-09,responded_strict,0.73,2038,1488,150,0.10080645161290322,0.967741935483871,0.0760549558390579,1.3254422476586887
core_logistic,2025-09,responded_strict,0.74,2038,1509,150,0.09940357852882704,0.967741935483871,0.0760549558390579,1.3069967293016098
core_logistic,2025-09,responded_strict,0.75,2038,1529,150,0.09810333551340746,0.967741935483871,0.0760549558390579,1.289900630814996
core_logistic,2025-09,responded_strict,0.76,2038,1549,150,0.09683666881859264,0.967741935483871,0.0760549558390579,1.2732460067889793
core_logistic,2025-09,responded_strict,0.77,2038,1570,150,0.09554140127388536,0.967741935483871,0.0760549558390579,1.2562153277172796
core_logistic,2025-09,responded_strict,0.78,2038,1590,150,0.09433962264150944,0.967741935483871,0.0760549558390579,1.2404138770541693
core_logistic,2025-09,responded_strict,0.79,2038,1611,150,0.0931098696461825,0.967741935483871,0.0760549558390579,1.224244608638193
core_logistic,2025-09,responded_strict,0.8,2038,1631,150,0.09196811771919068,0.967741935483871,0.0760549558390579,1.209232412333617
core_logistic,2025-09,responded_strict,0.81,2038,1651,151,0.09145972138098123,0.9741935483870968,0.0760549558390579,1.2025478204802564
core_logistic,2025-09,responded_strict,0.82,2038,1672,152,0.09090909090909091,0.9806451612903225,0.0760549558390579,1.195307917888563
core_logistic,2025-09,responded_strict,0.83,2038,1692,152,0.08983451536643026,0.9806451612903225,0.0760549558390579,1.1811789826889347
core_logistic,2025-09,responded_strict,0.84,2038,1712,152,0.08878504672897196,0.9806451612903225,0.0760549558390579,1.1673801627977087
core_logistic,2025-09,responded_strict,0.85,2038,1733,152,0.08770917484131564,0.9806451612903225,0.0760549558390579,1.1532341827522663
core_logistic,2025-09,responded_strict,0.86,2038,1753,152,0.08670849971477468,0.9806451612903225,0.0760549558390579,1.1400769188303923
core_logistic,2025-09,responded_strict,0.87,2038,1774,153,0.08624577226606539,0.9870967741935484,0.0760549558390579,1.1339927992144598
core_logistic,2025-09,responded_strict,0.88,2038,1794,153,0.08528428093645485,0.9870967741935484,0.0760549558390579,1.1213507390225483
core_logistic,2025-09,responded_strict,0.89,2038,1814,154,0.08489525909592062,0.9935483870967742,0.0760549558390579,1.1162357292741047
core_logistic,2025-09,responded_strict,0.9,2038,1835,154,0.08392370572207085,0.9935483870967742,0.0760549558390579,1.103461369429551
core_logistic,2025-09,responded_strict,0.91,2038,1855,154,0.0830188679245283,0.9935483870967742,0.0760549558390579,1.091564211807669
core_logistic,2025-09,responded_strict,0.92,2038,1875,154,0.08213333333333334,0.9935483870967742,0.0760549558390579,1.0799208602150538
core_logistic,2025-09,responded_strict,0.93,2038,1896,154,0.08122362869198312,0.9935483870967742,0.0760549558390579,1.0679597114468489
core_logistic,2025-09,responded_strict,0.94,2038,1916,154,0.08037578288100208,0.9935483870967742,0.0760549558390579,1.056811906525692
core_logistic,2025-09,responded_strict,0.95,2038,1937,154,0.07950438822922044,0.9935483870967742,0.0760549558390579,1.045354472330008
core_logistic,2025-09,responded_strict,0.96,2038,1957,154,0.07869187531936638,0.9935483870967742,0.0760549558390579,1.0346712380701204
core_logistic,2025-09,responded_strict,0.97,2038,1977,155,0.07840161861406171,1.0,0.0760549558390579,1.0308548305513405
core_logistic,2025-09,responded_strict,0.98,2038,1998,155,0.07757757757757758,1.0,0.0760549558390579,1.02002002002002
core_logistic,2025-09,responded_strict,0.99,2038,2018,155,0.07680872150644202,1.0,0.0760549558390579,1.0099108027750248
core_logistic,2025-09,responded_strict,1.0,2038,2038,155,0.0760549558390579,1.0,0.0760549558390579,1.0
extended_logistic,2025-07,responded_strict,0.01,2025,21,11,0.5238095238095238,0.07333333333333333,0.07407407407407407,7.071428571428572
extended_logistic,2025-07,responded_strict,0.02,2025,41,18,0.43902439024390244,0.12,0.07407407407407407,5.926829268292683
extended_logistic,2025-07,responded_strict,0.03,2025,61,22,0.36065573770491804,0.14666666666666667,0.07407407407407407,4.868852459016394
extended_logistic,2025-07,responded_strict,0.04,2025,81,28,0.345679012345679,0.18666666666666668,0.07407407407407407,4.666666666666667
extended_logistic,2025-07,responded_strict,0.05,2025,102,31,0.30392156862745096,0.20666666666666667,0.07407407407407407,4.102941176470588
extended_logistic,2025-07,responded_strict,0.06,2025,122,36,0.29508196721311475,0.24,0.07407407407407407,3.9836065573770494
extended_logistic,2025-07,responded_strict,0.07,2025,142,42,0.29577464788732394,0.28,0.07407407407407407,3.9929577464788735
extended_logistic,2025-07,responded_strict,0.08,2025,162,47,0.29012345679012347,0.31333333333333335,0.07407407407407407,3.916666666666667
extended_logistic,2025-07,responded_strict,0.09,2025,183,53,0.2896174863387978,0.35333333333333333,0.07407407407407407,3.9098360655737707
extended_logistic,2025-07,responded_strict,0.1,2025,203,56,0.27586206896551724,0.37333333333333335,0.07407407407407407,3.724137931034483
extended_logistic,2025-07,responded_strict,0.11,2025,223,62,0.27802690582959644,0.41333333333333333,0.07407407407407407,3.753363228699552
extended_logistic,2025-07,responded_strict,0.12,2025,243,65,0.2674897119341564,0.43333333333333335,0.07407407407407407,3.611111111111111
extended_logistic,2025-07,responded_strict,0.13,2025,264,66,0.25,0.44,0.07407407407407407,3.375
extended_logistic,2025-07,responded_strict,0.14,2025,284,69,0.24295774647887325,0.46,0.07407407407407407,3.279929577464789
extended_logistic,2025-07,responded_strict,0.15,2025,304,73,0.24013157894736842,0.4866666666666667,0.07407407407407407,3.241776315789474
extended_logistic,2025-07,responded_strict,0.16,2025,324,73,0.22530864197530864,0.4866666666666667,0.07407407407407407,3.041666666666667
extended_logistic,2025-07,responded_strict,0.17,2025,345,77,0.22318840579710145,0.5133333333333333,0.07407407407407407,3.0130434782608697
extended_logistic,2025-07,responded_strict,0.18,2025,365,80,0.2191780821917808,0.5333333333333333,0.07407407407407407,2.958904109589041
extended_logistic,2025-07,responded_strict,0.19,2025,385,82,0.21298701298701297,0.5466666666666666,0.07407407407407407,2.8753246753246753
extended_logistic,2025-07,responded_strict,0.2,2025,405,85,0.20987654320987653,0.5666666666666667,0.07407407407407407,2.8333333333333335
extended_logistic,2025-07,responded_strict,0.21,2025,426,85,0.19953051643192488,0.5666666666666667,0.07407407407407407,2.693661971830986
extended_logistic,2025-07,responded_strict,0.22,2025,446,87,0.19506726457399104,0.58,0.07407407407407407,2.633408071748879
extended_logistic,2025-07,responded_strict,0.23,2025,466,89,0.19098712446351931,0.5933333333333334,0.07407407407407407,2.578326180257511
extended_logistic,2025-07,responded_strict,0.24,2025,486,91,0.18724279835390947,0.6066666666666667,0.07407407407407407,2.527777777777778
extended_logistic,2025-07,responded_strict,0.25,2025,507,93,0.1834319526627219,0.62,0.07407407407407407,2.4763313609467454
extended_logistic,2025-07,responded_strict,0.26,2025,527,96,0.18216318785578747,0.64,0.07407407407407407,2.459203036053131
extended_logistic,2025-07,responded_strict,0.27,2025,547,97,0.1773308957952468,0.6466666666666666,0.07407407407407407,2.393967093235832
extended_logistic,2025-07,responded_strict,0.28,2025,567,99,0.1746031746031746,0.66,0.07407407407407407,2.357142857142857
extended_logistic,2025-07,responded_strict,0.29,2025,588,102,0.17346938775510204,0.68,0.07407407407407407,2.3418367346938775
extended_logistic,2025-07,responded_strict,0.3,2025,608,103,0.16940789473684212,0.6866666666666666,0.07407407407407407,2.2870065789473686
extended_logistic,2025-07,responded_strict,0.31,2025,628,105,0.16719745222929935,0.7,0.07407407407407407,2.2571656050955413
extended_logistic,2025-07,responded_strict,0.32,2025,648,107,0.16512345679012347,0.7133333333333334,0.07407407407407407,2.229166666666667
extended_logistic,2025-07,responded_strict,0.33,2025,669,107,0.15994020926756353,0.7133333333333334,0.07407407407407407,2.1591928251121075
extended_logistic,2025-07,responded_strict,0.34,2025,689,108,0.1567489114658926,0.72,0.07407407407407407,2.11611030478955
extended_logistic,2025-07,responded_strict,0.35,2025,709,113,0.15937940761636107,0.7533333333333333,0.07407407407407407,2.151622002820875
extended_logistic,2025-07,responded_strict,0.36,2025,729,115,0.15775034293552812,0.7666666666666667,0.07407407407407407,2.1296296296296298
extended_logistic,2025-07,responded_strict,0.37,2025,750,117,0.156,0.78,0.07407407407407407,2.1060000000000003
extended_logistic,2025-07,responded_strict,0.38,2025,770,120,0.15584415584415584,0.8,0.07407407407407407,2.103896103896104
extended_logistic,2025-07,responded_strict,0.39,2025,790,123,0.15569620253164557,0.82,0.07407407407407407,2.1018987341772153
extended_logistic,2025-07,responded_strict,0.4,2025,810,124,0.15308641975308643,0.8266666666666667,0.07407407407407407,2.066666666666667
extended_logistic,2025-07,responded_strict,0.41,2025,831,125,0.15042117930204574,0.8333333333333334,0.07407407407407407,2.0306859205776178
extended_logistic,2025-07,responded_strict,0.42,2025,851,127,0.1492361927144536,0.8466666666666667,0.07407407407407407,2.0146886016451235
extended_logistic,2025-07,responded_strict,0.43,2025,871,127,0.14580941446613088,0.8466666666666667,0.07407407407407407,1.968427095292767
extended_logistic,2025-07,responded_strict,0.44,2025,891,129,0.1447811447811448,0.86,0.07407407407407407,1.9545454545454548
extended_logistic,2025-07,responded_strict,0.45,2025,912,132,0.14473684210526316,0.88,0.07407407407407407,1.9539473684210529
extended_logistic,2025-07,responded_strict,0.46,2025,932,134,0.14377682403433475,0.8933333333333333,0.07407407407407407,1.9409871244635193
extended_logistic,2025-07,responded_strict,0.47,2025,952,134,0.1407563025210084,0.8933333333333333,0.07407407407407407,1.9002100840336136
extended_logistic,2025-07,responded_strict,0.48,2025,972,134,0.13786008230452676,0.8933333333333333,0.07407407407407407,1.8611111111111114
extended_logistic,2025-07,responded_strict,0.49,2025,993,134,0.13494461228600202,0.8933333333333333,0.07407407407407407,1.8217522658610275
extended_logistic,2025-07,responded_strict,0.5,2025,1013,135,0.1332675222112537,0.9,0.07407407407407407,1.7991115498519252
extended_logistic,2025-07,responded_strict,0.51,2025,1033,135,0.13068731848983542,0.9,0.07407407407407407,1.7642787996127782
extended_logistic,2025-07,responded_strict,0.52,2025,1053,136,0.1291547958214625,0.9066666666666666,0.07407407407407407,1.7435897435897438
extended_logistic,2025-07,responded_strict,0.53,2025,1074,136,0.1266294227188082,0.9066666666666666,0.07407407407407407,1.7094972067039107
extended_logistic,2025-07,responded_strict,0.54,2025,1094,136,0.12431444241316271,0.9066666666666666,0.07407407407407407,1.6782449725776967
extended_logistic,2025-07,responded_strict,0.55,2025,1114,136,0.12208258527827648,0.9066666666666666,0.07407407407407407,1.6481149012567327
extended_logistic,2025-07,responded_strict,0.56,2025,1134,137,0.12081128747795414,0.9133333333333333,0.07407407407407407,1.630952380952381
extended_logistic,2025-07,responded_strict,0.57,2025,1155,138,0.11948051948051948,0.92,0.07407407407407407,1.612987012987013
extended_logistic,2025-07,responded_strict,0.58,2025,1175,139,0.11829787234042553,0.9266666666666666,0.07407407407407407,1.5970212765957448
extended_logistic,2025-07,responded_strict,0.59,2025,1195,139,0.11631799163179916,0.9266666666666666,0.07407407407407407,1.5702928870292887
extended_logistic,2025-07,responded_strict,0.6,2025,1215,139,0.11440329218106995,0.9266666666666666,0.07407407407407407,1.5444444444444445
extended_logistic,2025-07,responded_strict,0.61,2025,1236,139,0.11245954692556634,0.9266666666666666,0.07407407407407407,1.5182038834951457
extended_logistic,2025-07,responded_strict,0.62,2025,1256,140,0.11146496815286625,0.9333333333333333,0.07407407407407407,1.5047770700636944
extended_logistic,2025-07,responded_strict,0.63,2025,1276,140,0.109717868338558,0.9333333333333333,0.07407407407407407,1.481191222570533
extended_logistic,2025-07,responded_strict,0.64,2025,1296,140,0.10802469135802469,0.9333333333333333,0.07407407407407407,1.4583333333333333
extended_logistic,2025-07,responded_strict,0.65,2025,1317,140,0.10630220197418375,0.9333333333333333,0.07407407407407407,1.4350797266514808
extended_logistic,2025-07,responded_strict,0.66,2025,1337,141,0.10545998504113688,0.94,0.07407407407407407,1.423709798055348
extended_logistic,2025-07,responded_strict,0.67,2025,1357,141,0.10390567428150331,0.94,0.07407407407407407,1.4027266028002947
extended_logistic,2025-07,responded_strict,0.68,2025,1377,144,0.10457516339869281,0.96,0.07407407407407407,1.411764705882353
extended_logistic,2025-07,responded_strict,0.69,2025,1398,144,0.10300429184549356,0.96,0.07407407407407407,1.3905579399141632
extended_logistic,2025-07,responded_strict,0.7,2025,1418,144,0.10155148095909731,0.96,0.07407407407407407,1.370944992947814
extended_logistic,2025-07,responded_strict,0.71,2025,1438,144,0.10013908205841446,0.96,0.07407407407407407,1.3518776077885952
extended_logistic,2025-07,responded_strict,0.72,2025,1458,145,0.09945130315500686,0.9666666666666667,0.07407407407407407,1.3425925925925928
extended_logistic,2025-07,responded_strict,0.73,2025,1479,145,0.09803921568627451,0.9666666666666667,0.07407407407407407,1.3235294117647058
extended_logistic,2025-07,responded_strict,0.74,2025,1499,145,0.09673115410273515,0.9666666666666667,0.07407407407407407,1.3058705803869246
extended_logistic,2025-07,responded_strict,0.75,2025,1519,145,0.09545753785385122,0.9666666666666667,0.07407407407407407,1.2886767610269916
extended_logistic,2025-07,responded_strict,0.76,2025,1539,145,0.09421702404158544,0.9666666666666667,0.07407407407407407,1.2719298245614035
extended_logistic,2025-07,responded_strict,0.77,2025,1560,147,0.09423076923076923,0.98,0.07407407407407407,1.2721153846153848
extended_logistic,2025-07,responded_strict,0.78,2025,1580,147,0.0930379746835443,0.98,0.07407407407407407,1.2560126582278481
extended_logistic,2025-07,responded_strict,0.79,2025,1600,147,0.091875,0.98,0.07407407407407407,1.2403125000000002
extended_logistic,2025-07,responded_strict,0.8,2025,1620,148,0.09135802469135802,0.9866666666666667,0.07407407407407407,1.2333333333333334
extended_logistic,2025-07,responded_strict,0.81,2025,1641,148,0.09018890920170627,0.9866666666666667,0.07407407407407407,1.2175502742230349
extended_logistic,2025-07,responded_strict,0.82,2025,1661,148,0.08910295003010235,0.9866666666666667,0.07407407407407407,1.2028898254063818
extended_logistic,2025-07,responded_strict,0.83,2025,1681,149,0.08863771564544913,0.9933333333333333,0.07407407407407407,1.1966091612135634
extended_logistic,2025-07,responded_strict,0.84,2025,1701,149,0.08759553203997648,0.9933333333333333,0.07407407407407407,1.1825396825396826
extended_logistic,2025-07,responded_strict,0.85,2025,1722,149,0.08652729384436701,0.9933333333333333,0.07407407407407407,1.1681184668989548
extended_logistic,2025-07,responded_strict,0.86,2025,1742,149,0.08553386911595867,0.9933333333333333,0.07407407407407407,1.1547072330654422
extended_logistic,2025-07,responded_strict,0.87,2025,1762,150,0.0851305334846765,1.0,0.07407407407407407,1.149262202043133
extended_logistic,2025-07,responded_strict,0.88,2025,1782,150,0.08417508417508418,1.0,0.07407407407407407,1.1363636363636365
extended_logistic,2025-07,responded_strict,0.89,2025,1803,150,0.08319467554076539,1.0,0.07407407407407407,1.1231281198003327
extended_logistic,2025-07,responded_strict,0.9,2025,1823,150,0.08228195282501372,1.0,0.07407407407407407,1.1108063631376852
extended_logistic,2025-07,responded_strict,0.91,2025,1843,150,0.08138903960933261,1.0,0.07407407407407407,1.0987520347259903
extended_logistic,2025-07,responded_strict,0.92,2025,1863,150,0.08051529790660225,1.0,0.07407407407407407,1.0869565217391304
extended_logistic,2025-07,responded_strict,0.93,2025,1884,150,0.07961783439490445,1.0,0.07407407407407407,1.0748407643312101
extended_logistic,2025-07,responded_strict,0.94,2025,1904,150,0.07878151260504201,1.0,0.07407407407407407,1.0635504201680672
extended_logistic,2025-07,responded_strict,0.95,2025,1924,150,0.07796257796257797,1.0,0.07407407407407407,1.0524948024948027
extended_logistic,2025-07,responded_strict,0.96,2025,1944,150,0.07716049382716049,1.0,0.07407407407407407,1.0416666666666667
extended_logistic,2025-07,responded_strict,0.97,2025,1965,150,0.07633587786259542,1.0,0.07407407407407407,1.0305343511450382
extended_logistic,2025-07,responded_strict,0.98,2025,1985,150,0.07556675062972293,1.0,0.07407407407407407,1.0201511335012596
extended_logistic,2025-07,responded_strict,0.99,2025,2005,150,0.07481296758104738,1.0,0.07407407407407407,1.0099750623441397
extended_logistic,2025-07,responded_strict,1.0,2025,2025,150,0.07407407407407407,1.0,0.07407407407407407,1.0
extended_logistic,2025-08,responded_strict,0.01,2012,21,7,0.3333333333333333,0.04794520547945205,0.07256461232604373,4.593607305936073
extended_logistic,2025-08,responded_strict,0.02,2012,41,13,0.3170731707317073,0.08904109589041095,0.07256461232604373,4.36952890076846
extended_logistic,2025-08,responded_strict,0.03,2012,61,17,0.2786885245901639,0.11643835616438356,0.07256461232604373,3.8405569279137657
extended_logistic,2025-08,responded_strict,0.04,2012,81,21,0.25925925925925924,0.14383561643835616,0.07256461232604373,3.5728056823947236
extended_logistic,2025-08,responded_strict,0.05,2012,101,27,0.26732673267326734,0.18493150684931506,0.07256461232604373,3.6839820968398214
extended_logistic,2025-08,responded_strict,0.06,2012,121,34,0.2809917355371901,0.2328767123287671,0.07256461232604373,3.87229706781388
extended_logistic,2025-08,responded_strict,0.07,2012,141,37,0.2624113475177305,0.2534246575342466,0.07256461232604373,3.61624404935393
extended_logistic,2025-08,responded_strict,0.08,2012,161,39,0.2422360248447205,0.2671232876712329,0.07256461232604373,3.338211520462861
extended_logistic,2025-08,responded_strict,0.09,2012,182,43,0.23626373626373626,0.2945205479452055,0.07256461232604373,3.2559084750865575
extended_logistic,2025-08,responded_strict,0.1,2012,202,46,0.22772277227722773,0.3150684931506849,0.07256461232604373,3.13820697138207
extended_logistic,2025-08,responded_strict,0.11,2012,222,51,0.22972972972972974,0.3493150684931507,0.07256461232604373,3.1658644946316183
extended_logistic,2025-08,responded_strict,0.12,2012,242,57,0.23553719008264462,0.3904109589041096,0.07256461232604373,3.2458960715498697
extended_logistic,2025-08,responded_strict,0.13,2012,262,59,0.22519083969465647,0.4041095890410959,0.07256461232604373,3.1033148593537594
extended_logistic,2025-08,responded_strict,0.14,2012,282,63,0.22340425531914893,0.4315068493150685,0.07256461232604373,3.078694258233751
extended_logistic,2025-08,responded_strict,0.15,2012,302,64,0.2119205298013245,0.4383561643835616,0.07256461232604373,2.9204390819196226
extended_logistic,2025-08,responded_strict,0.16,2012,322,68,0.2111801242236025,0.4657534246575342,0.07256461232604373,2.910235684506084
extended_logistic,2025-08,responded_strict,0.17,2012,343,71,0.20699708454810495,0.4863013698630137,0.07256461232604373,2.852589959662926
extended_logistic,2025-08,responded_strict,0.18,2012,363,74,0.20385674931129477,0.5068493150684932,0.07256461232604373,2.8093135590022267
extended_logistic,2025-08,responded_strict,0.19,2012,383,78,0.20365535248041775,0.5342465753424658,0.07256461232604373,2.8065381451410993
extended_logistic,2025-08,responded_strict,0.2,2012,403,79,0.19602977667493796,0.541095890410959,0.07256461232604373,2.7014514429450354
extended_logistic,2025-08,responded_strict,0.21,2012,423,80,0.18912529550827423,0.547945205479452,0.07256461232604373,2.606302017552382
extended_logistic,2025-08,responded_strict,0.22,2012,443,83,0.1873589164785553,0.5684931506849316,0.07256461232604373,2.5819598627044744
extended_logistic,2025-08,responded_strict,0.23,2012,463,86,0.1857451403887689,0.589041095890411,0.07256461232604373,2.5597207017959116
extended_logistic,2025-08,responded_strict,0.24,2012,483,86,0.17805383022774326,0.589041095890411,0.07256461232604373,2.453728126152188
extended_logistic,2025-08,responded_strict,0.25,2012,503,87,0.17296222664015903,0.5958904109589042,0.07256461232604373,2.383561643835616
extended_logistic,2025-08,responded_strict,0.26,2012,524,88,0.16793893129770993,0.6027397260273972,0.07256461232604373,2.3143365052807696
extended_logistic,2025-08,responded_strict,0.27,2012,544,90,0.16544117647058823,0.6164383561643836,0.07256461232604373,2.27991539081386
extended_logistic,2025-08,responded_strict,0.28,2012,564,90,0.1595744680851064,0.6164383561643836,0.07256461232604373,2.1990673273098222
extended_logistic,2025-08,responded_strict,0.29,2012,584,91,0.1558219178082192,0.6232876712328768,0.07256461232604373,2.147354100206418
extended_logistic,2025-08,responded_strict,0.3,2012,604,91,0.15066225165562913,0.6232876712328768,0.07256461232604373,2.0762496598022318
extended_logistic,2025-08,responded_strict,0.31,2012,624,92,0.14743589743589744,0.6301369863013698,0.07256461232604373,2.03178784685634
extended_logistic,2025-08,responded_strict,0.32,2012,644,95,0.14751552795031056,0.6506849315068494,0.07256461232604373,2.032885220794691
extended_logistic,2025-08,responded_strict,0.33,2012,664,99,0.14909638554216867,0.678082191780822,0.07256461232604373,2.0546707377455027
extended_logistic,2025-08,responded_strict,0.34,2012,685,104,0.15182481751824817,0.7123287671232876,0.07256461232604373,2.0922707729227077
extended_logistic,2025-08,responded_strict,0.35,2012,705,104,0.1475177304964539,0.7123287671232876,0.07256461232604373,2.032915573690858
extended_logistic,2025-08,responded_strict,0.36,2012,725,105,0.14482758620689656,0.7191780821917808,0.07256461232604373,1.9958431743032596
extended_logistic,2025-08,responded_strict,0.37,2012,745,107,0.1436241610738255,0.7328767123287672,0.07256461232604373,1.9792589868529926
extended_logistic,2025-08,responded_strict,0.38,2012,765,108,0.1411764705882353,0.7397260273972602,0.07256461232604373,1.9455278001611604
extended_logistic,2025-08,responded_strict,0.39,2012,785,109,0.13885350318471337,0.7465753424657534,0.07256461232604373,1.9135154000523515
extended_logistic,2025-08,responded_strict,0.4,2012,805,111,0.13788819875776398,0.7602739726027398,0.07256461232604373,1.90021271164809
extended_logistic,2025-08,responded_strict,0.41,2012,825,111,0.13454545454545455,0.7602739726027398,0.07256461232604373,1.8541469489414697
extended_logistic,2025-08,responded_strict,0.42,2012,846,113,0.13356973995271867,0.773972602739726,0.07256461232604373,1.8407007998963698
extended_logistic,2025-08,responded_strict,0.43,2012,866,114,0.13163972286374134,0.7808219178082192,0.07256461232604373,1.8141035780948465
extended_logistic,2025-08,responded_strict,0.44,2012,886,116,0.1309255079006772,0.7945205479452054,0.07256461232604373,1.8042611088778255
extended_logistic,2025-08,responded_strict,0.45,2012,906,116,0.1280353200883002,0.7945205479452054,0.07256461232604373,1.7644319453264385
extended_logistic,2025-08,responded_strict,0.46,2012,926,120,0.12958963282937366,0.821917808219178,0.07256461232604373,1.7858516524157522
extended_logistic,2025-08,responded_strict,0.47,2012,946,120,0.12684989429175475,0.821917808219178,0.07256461232604373,1.7480958035274696
extended_logistic,2025-08,responded_strict,0.48,2012,966,121,0.12525879917184266,0.8287671232876712,0.07256461232604373,1.7261692050256674
extended_logistic,2025-08,responded_strict,0.49,2012,986,122,0.12373225152129817,0.8356164383561644,0.07256461232604373,1.7051321237044652
extended_logistic,2025-08,responded_strict,0.5,2012,1006,122,0.12127236580516898,0.8356164383561644,0.07256461232604373,1.6712328767123288
extended_logistic,2025-08,responded_strict,0.51,2012,1027,122,0.11879259980525804,0.8356164383561644,0.07256461232604373,1.6370596630697205
extended_logistic,2025-08,responded_strict,0.52,2012,1047,123,0.1174785100286533,0.8424657534246576,0.07256461232604373,1.6189504258743181
extended_logistic,2025-08,responded_strict,0.53,2012,1067,124,0.1162136832239925,0.8493150684931506,0.07256461232604373,1.6015200729224173
extended_logistic,2025-08,responded_strict,0.54,2012,1087,125,0.11499540018399264,0.8561643835616438,0.07256461232604373,1.584731131302693
extended_logistic,2025-08,responded_strict,0.55,2012,1107,125,0.11291779584462511,0.8561643835616438,0.07256461232604373,1.5561000358862036
extended_logistic,2025-08,responded_strict,0.56,2012,1127,126,0.11180124223602485,0.863013698630137,0.07256461232604373,1.5407130094443973
extended_logistic,2025-08,responded_strict,0.57,2012,1147,126,0.10985178727114212,0.863013698630137,0.07256461232604373,1.5138479177365614
extended_logistic,2025-08,responded_strict,0.58,2012,1167,127,0.10882604970008569,0.8698630136986302,0.07256461232604373,1.4997124109354276
extended_logistic,2025-08,responded_strict,0.59,2012,1188,128,0.10774410774410774,0.8767123287671232,0.07256461232604373,1.4848023615146904
extended_logistic,2025-08,responded_strict,0.6,2012,1208,129,0.10678807947019868,0.8835616438356164,0.07256461232604373,1.47162750612356
extended_logistic,2025-08,responded_strict,0.61,2012,1228,130,0.10586319218241043,0.8904109589041096,0.07256461232604373,1.4588817991165055
extended_logistic,2025-08,responded_strict,0.62,2012,1248,130,0.10416666666666667,0.8904109589041096,0.07256461232604373,1.435502283105023
extended_logistic,2025-08,responded_strict,0.63,2012,1268,130,0.10252365930599369,0.8904109589041096,0.07256461232604373,1.4128602912579404
extended_logistic,2025-08,responded_strict,0.64,2012,1288,131,0.10170807453416149,0.8972602739726028,0.07256461232604373,1.4016208627584448
extended_logistic,2025-08,responded_strict,0.65,2012,1308,134,0.10244648318042814,0.9178082191780822,0.07256461232604373,1.4117967408152152
extended_logistic,2025-08,responded_strict,0.66,2012,1328,134,0.10090361445783133,0.9178082191780822,0.07256461232604373,1.3905347417065523
extended_logistic,2025-08,responded_strict,0.67,2012,1349,134,0.09933283914010378,0.9178082191780822,0.07256461232604373,1.3688881667800603
extended_logistic,2025-08,responded_strict,0.68,2012,1369,134,0.09788166544923302,0.9178082191780822,0.07256461232604373,1.348889800574362
extended_logistic,2025-08,responded_strict,0.69,2012,1389,136,0.09791216702663787,0.9315068493150684,0.07256461232604373,1.3493101373807903
extended_logistic,2025-08,responded_strict,0.7,2012,1409,137,0.09723207948899928,0.9383561643835616,0.07256461232604373,1.3399379721360725
extended_logistic,2025-08,responded_strict,0.71,2012,1429,137,0.09587123862841147,0.9383561643835616,0.07256461232604373,1.321184466577835
extended_logistic,2025-08,responded_strict,0.72,2012,1449,138,0.09523809523809523,0.9452054794520548,0.07256461232604373,1.3124592302674494
extended_logistic,2025-08,responded_strict,0.73,2012,1469,138,0.09394145677331518,0.9452054794520548,0.07256461232604373,1.2945904864925353
extended_logistic,2025-08,responded_strict,0.74,2012,1489,138,0.09267965077233042,0.9452054794520548,0.07256461232604373,1.2772017626981427
extended_logistic,2025-08,responded_strict,0.75,2012,1509,138,0.09145129224652088,0.9452054794520548,0.07256461232604373,1.2602739726027399
extended_logistic,2025-08,responded_strict,0.76,2012,1530,138,0.09019607843137255,0.9452054794520548,0.07256461232604373,1.242976094547408
extended_logistic,2025-08,responded_strict,0.77,2012,1550,138,0.08903225806451613,0.9452054794520548,0.07256461232604373,1.2269376933274416
extended_logistic,2025-08,responded_strict,0.78,2012,1570,138,0.08789808917197452,0.9452054794520548,0.07256461232604373,1.2113079137946077
extended_logistic,2025-08,responded_strict,0.79,2012,1590,139,0.08742138364779874,0.952054794520548,0.07256461232604373,1.204738519858706
extended_logistic,2025-08,responded_strict,0.8,2012,1610,139,0.08633540372670807,0.952054794520548,0.07256461232604373,1.1897728239598402
extended_logistic,2025-08,responded_strict,0.81,2012,1630,140,0.08588957055214724,0.958904109589041,0.07256461232604373,1.1836288763761662
extended_logistic,2025-08,responded_strict,0.82,2012,1650,141,0.08545454545454545,0.9657534246575342,0.07256461232604373,1.1776338729763387
extended_logistic,2025-08,responded_strict,0.83,2012,1670,141,0.0844311377245509,0.9657534246575342,0.07256461232604373,1.1635304732999754
extended_logistic,2025-08,responded_strict,0.84,2012,1691,142,0.08397397989355411,0.9726027397260274,0.07256461232604373,1.1572304626426773
extended_logistic,2025-08,responded_strict,0.85,2012,1711,142,0.08299240210403273,0.9726027397260274,0.07256461232604373,1.1437035139268072
extended_logistic,2025-08,responded_strict,0.86,2012,1731,142,0.08203350664355864,0.9726027397260274,0.07256461232604373,1.1304891463482192
extended_logistic,2025-08,responded_strict,0.87,2012,1751,142,0.08109651627641348,0.9726027397260274,0.07256461232604373,1.11757664895989
extended_logistic,2025-08,responded_strict,0.88,2012,1771,143,0.08074534161490683,0.9794520547945206,0.07256461232604373,1.1127371734876201
extended_logistic,2025-08,responded_strict,0.89,2012,1791,144,0.08040201005025126,0.9863013698630136,0.07256461232604373,1.1080057823363394
extended_logistic,2025-08,responded_strict,0.9,2012,1811,144,0.07951408061844285,0.9863013698630136,0.07256461232604373,1.095769384961007
extended_logistic,2025-08,responded_strict,0.91,2012,1831,145,0.07919169852539595,0.9931506849315068,0.07256461232604373,1.0913266947472375
extended_logistic,2025-08,responded_strict,0.92,2012,1852,145,0.07829373650107992,0.9931506849315068,0.07256461232604373,1.0789520400011836
extended_logistic,2025-08,responded_strict,0.93,2012,1872,145,0.07745726495726496,0.9931506849315068,0.07256461232604373,1.0674247746165555
extended_logistic,2025-08,responded_strict,0.94,2012,1892,146,0.07716701902748414,1.0,0.07256461232604373,1.0634249471458774
extended_logistic,2025-08,responded_strict,0.95,2012,1912,146,0.07635983263598327,1.0,0.07256461232604373,1.0523012552301256
extended_logistic,2025-08,responded_strict,0.96,2012,1932,146,0.07556935817805382,1.0,0.07256461232604373,1.041407867494824
extended_logistic,2025-08,responded_strict,0.97,2012,1952,146,0.07479508196721311,1.0,0.07256461232604373,1.0307377049180328
extended_logistic,2025-08,responded_strict,0.98,2012,1972,146,0.07403651115618662,1.0,0.07256461232604373,1.0202839756592292
extended_logistic,2025-08,responded_strict,0.99,2012,1992,146,0.07329317269076305,1.0,0.07256461232604373,1.0100401606425702
extended_logistic,2025-08,responded_strict,1.0,2012,2012,146,0.07256461232604373,1.0,0.07256461232604373,1.0
extended_logistic,2025-09,responded_strict,0.01,2038,21,11,0.5238095238095238,0.07096774193548387,0.0760549558390579,6.887250384024578
extended_logistic,2025-09,responded_strict,0.02,2038,41,18,0.43902439024390244,0.11612903225806452,0.0760549558390579,5.772462627852085
extended_logistic,2025-09,responded_strict,0.03,2038,62,26,0.41935483870967744,0.16774193548387098,0.0760549558390579,5.5138397502601455
extended_logistic,2025-09,responded_strict,0.04,2038,82,34,0.4146341463414634,0.21935483870967742,0.0760549558390579,5.45177025963808
extended_logistic,2025-09,responded_strict,0.05,2038,102,38,0.37254901960784315,0.24516129032258063,0.0760549558390579,4.898418722327641
extended_logistic,2025-09,responded_strict,0.06,2038,123,40,0.3252032520325203,0.25806451612903225,0.0760549558390579,4.275898242853396
extended_logistic,2025-09,responded_strict,0.07,2038,143,47,0.32867132867132864,0.3032258064516129,0.0760549558390579,4.321497856981727
extended_logistic,2025-09,responded_strict,0.08,2038,164,51,0.31097560975609756,0.32903225806451614,0.0760549558390579,4.08882769472856
extended_logistic,2025-09,responded_strict,0.09,2038,184,56,0.30434782608695654,0.36129032258064514,0.0760549558390579,4.001683029453016
extended_logistic,2025-09,responded_strict,0.1,2038,204,59,0.28921568627450983,0.38064516129032255,0.0760549558390579,3.8027197975964584
extended_logistic,2025-09,responded_strict,0.11,2038,225,61,0.27111111111111114,0.3935483870967742,0.0760549558390579,3.5646738351254483
extended_logistic,2025-09,responded_strict,0.12,2038,245,64,0.2612244897959184,0.4129032258064516,0.0760549558390579,3.4346807109940753
extended_logistic,2025-09,responded_strict,0.13,2038,265,67,0.2528301886792453,0.432258064516129,0.0760549558390579,3.3243091905051734
extended_logistic,2025-09,responded_strict,0.14,2038,286,70,0.24475524475524477,0.45161290322580644,0.0760549558390579,3.21813670200767
extended_logistic,2025-09,responded_strict,0.15,2038,306,73,0.238562091503268,0.47096774193548385,0.0760549558390579,3.1367067257010333
extended_logistic,2025-09,responded_strict,0.16,2038,327,75,0.22935779816513763,0.4838709677419355,0.0760549558390579,3.0156851139390355
extended_logistic,2025-09,responded_strict,0.17,2038,347,79,0.2276657060518732,0.5096774193548387,0.0760549558390579,2.993436831830436
extended_logistic,2025-09,responded_strict,0.18,2038,367,82,0.22343324250681199,0.5290322580645161,0.0760549558390579,2.937786762766986
extended_logistic,2025-09,responded_strict,0.19,2038,388,84,0.21649484536082475,0.5419354838709678,0.0760549558390579,2.8465580312603924
extended_logistic,2025-09,responded_strict,0.2,2038,408,87,0.21323529411764705,0.5612903225806452,0.0760549558390579,2.8037001897533207
extended_logistic,2025-09,responded_strict,0.21,2038,428,89,0.20794392523364486,0.5741935483870968,0.0760549558390579,2.7341272233946334
extended_logistic,2025-09,responded_strict,0.22,2038,449,92,0.20489977728285078,0.5935483870967742,0.0760549558390579,2.694101587757741
extended_logistic,2025-09,responded_strict,0.23,2038,469,93,0.19829424307036247,0.6,0.0760549558390579,2.6072494669509596
extended_logistic,2025-09,responded_strict,0.24,2038,490,95,0.19387755102040816,0.6129032258064516,0.0760549558390579,2.549177090190915
extended_logistic,2025-09,responded_strict,0.25,2038,510,95,0.18627450980392157,0.6129032258064516,0.0760549558390579,2.4492093611638204
extended_logistic,2025-09,responded_strict,0.26,2038,530,96,0.1811320754716981,0.6193548387096774,0.0760549558390579,2.3815946439440046
extended_logistic,2025-09,responded_strict,0.27,2038,551,99,0.17967332123411978,0.6387096774193548,0.0760549558390579,2.362414378549265
extended_logistic,2025-09,responded_strict,0.28,2038,571,100,0.17513134851138354,0.6451612903225806,0.0760549558390579,2.30269476300774
extended_logistic,2025-09,responded_strict,0.29,2038,592,102,0.17229729729729729,0.6580645161290323,0.0760549558390579,2.265431560592851
extended_logistic,2025-09,responded_strict,0.3,2038,612,103,0.16830065359477125,0.6645161290322581,0.0760549558390579,2.212882142104154
extended_logistic,2025-09,responded_strict,0.31,2038,632,106,0.16772151898734178,0.6838709677419355,0.0760549558390579,2.2052674561045325
extended_logistic,2025-09,responded_strict,0.32,2038,653,109,0.1669218989280245,0.7032258064516129,0.0760549558390579,2.1947537420342833
extended_logistic,2025-09,responded_strict,0.33,2038,673,111,0.1649331352154532,0.7161290322580646,0.0760549558390579,2.168604706897378
extended_logistic,2025-09,responded_strict,0.34,2038,693,114,0.1645021645021645,0.7354838709677419,0.0760549558390579,2.1629381371316856
extended_logistic,2025-09,responded_strict,0.35,2038,714,116,0.16246498599439776,0.7483870967741936,0.0760549558390579,2.13615252552634
extended_logistic,2025-09,responded_strict,0.36,2038,734,116,0.15803814713896458,0.7483870967741936,0.0760549558390579,2.0779467346400633
extended_logistic,2025-09,responded_strict,0.37,2038,755,117,0.15496688741721854,0.7548387096774194,0.0760549558390579,2.0375646229438154
extended_logistic,2025-09,responded_strict,0.38,2038,775,118,0.15225806451612903,0.7612903225806451,0.0760549558390579,2.0019479708636836
extended_logistic,2025-09,responded_strict,0.39,2038,795,121,0.15220125786163521,0.7806451612903226,0.0760549558390579,2.001201054980726
extended_logistic,2025-09,responded_strict,0.4,2038,816,123,0.15073529411764705,0.7935483870967742,0.0760549558390579,1.9819259962049334
extended_logistic,2025-09,responded_strict,0.41,2038,836,125,0.14952153110047847,0.8064516129032258,0.0760549558390579,1.9659669702114524
extended_logistic,2025-09,responded_strict,0.42,2038,856,125,0.14602803738317757,0.8064516129032258,0.0760549558390579,1.9200331624962315
extended_logistic,2025-09,responded_strict,0.43,2038,877,126,0.14367160775370583,0.8129032258064516,0.0760549558390579,1.8890499135616288
extended_logistic,2025-09,responded_strict,0.44,2038,897,127,0.1415830546265329,0.8193548387096774,0.0760549558390579,1.861588808573381
extended_logistic,2025-09,responded_strict,0.45,2038,918,128,0.1394335511982571,0.8258064516129032,0.0760549558390579,1.8333263054325675
extended_logistic,2025-09,responded_strict,0.46,2038,938,128,0.13646055437100213,0.8258064516129032,0.0760549558390579,1.7942361923103376
extended_logistic,2025-09,responded_strict,0.47,2038,958,130,0.13569937369519833,0.8387096774193549,0.0760549558390579,1.784227894134285
extended_logistic,2025-09,responded_strict,0.48,2038,979,130,0.13278855975485188,0.8387096774193549,0.0760549558390579,1.7459553856799235
extended_logistic,2025-09,responded_strict,0.49,2038,999,132,0.13213213213213212,0.8516129032258064,0.0760549558390579,1.7373244211953889
extended_logistic,2025-09,responded_strict,0.5,2038,1019,132,0.1295387634936212,0.8516129032258064,0.0760549558390579,1.703225806451613
extended_logistic,2025-09,responded_strict,0.51,2038,1040,133,0.12788461538461537,0.8580645161290322,0.0760549558390579,1.6814764267990072
extended_logistic,2025-09,responded_strict,0.52,2038,1060,135,0.12735849056603774,0.8709677419354839,0.0760549558390579,1.6745587340231285
extended_logistic,2025-09,responded_strict,0.53,2038,1081,136,0.12580943570767808,0.8774193548387097,0.0760549558390579,1.654191161111277
extended_logistic,2025-09,responded_strict,0.54,2038,1101,136,0.12352406902815623,0.8774193548387097,0.0760549558390579,1.624142275350854
extended_logistic,2025-09,responded_strict,0.55,2038,1121,137,0.12221231043710973,0.8838709677419355,0.0760549558390579,1.6068947656182557
extended_logistic,2025-09,responded_strict,0.56,2038,1142,138,0.12084063047285463,0.8903225806451613,0.0760549558390579,1.5888593864753402
extended_logistic,2025-09,responded_strict,0.57,2038,1162,138,0.11876075731497418,0.8903225806451613,0.0760549558390579,1.5615124090833379
extended_logistic,2025-09,responded_strict,0.58,2038,1183,139,0.11749788672865596,0.896774193548387,0.0760549558390579,1.5449076977612959
extended_logistic,2025-09,responded_strict,0.59,2038,1203,140,0.11637572734829593,0.9032258064516129,0.0760549558390579,1.530153111844046
extended_logistic,2025-09,responded_strict,0.6,2038,1223,142,0.116107931316435,0.9161290322580645,0.0760549558390579,1.5266320259541584
extended_logistic,2025-09,responded_strict,0.61,2038,1244,143,0.11495176848874598,0.9225806451612903,0.0760549558390579,1.511430349548802
extended_logistic,2025-09,responded_strict,0.62,2038,1264,143,0.11313291139240507,0.9225806451612903,0.0760549558390579,1.487515312372397
extended_logistic,2025-09,responded_strict,0.63,2038,1284,144,0.11214953271028037,0.9290322580645162,0.0760549558390579,1.4745854687971058
extended_logistic,2025-09,responded_strict,0.64,2038,1305,145,0.1111111111111111,0.9354838709677419,0.0760549558390579,1.460931899641577
extended_logistic,2025-09,responded_strict,0.65,2038,1325,145,0.10943396226415095,0.9354838709677419,0.0760549558390579,1.4388800973828364
extended_logistic,2025-09,responded_strict,0.66,2038,1346,145,0.10772659732540862,0.9354838709677419,0.0760549558390579,1.4164310022527922
extended_logistic,2025-09,responded_strict,0.67,2038,1366,145,0.1061493411420205,0.9354838709677419,0.0760549558390579,1.3956926274028243
extended_logistic,2025-09,responded_strict,0.68,2038,1386,145,0.10461760461760462,0.9354838709677419,0.0760549558390579,1.375552762649537
extended_logistic,2025-09,responded_strict,0.69,2038,1407,145,0.10305614783226724,0.9354838709677419,0.0760549558390579,1.3550221244010363
extended_logistic,2025-09,responded_strict,0.7,2038,1427,147,0.10301331464611072,0.9483870967741935,0.0760549558390579,1.3544589370888622
extended_logistic,2025-09,responded_strict,0.71,2038,1447,147,0.10158949550794748,0.9483870967741935,0.0760549558390579,1.3357380119044966
extended_logistic,2025-09,responded_strict,0.72,2038,1468,147,0.10013623978201634,0.9483870967741935,0.0760549558390579,1.3166300430693503
extended_logistic,2025-09,responded_strict,0.73,2038,1488,148,0.09946236559139784,0.9548387096774194,0.0760549558390579,1.307769684356573
extended_logistic,2025-09,responded_strict,0.74,2038,1509,150,0.09940357852882704,0.967741935483871,0.0760549558390579,1.3069967293016098
extended_logistic,2025-09,responded_strict,0.75,2038,1529,151,0.0987573577501635,0.9741935483870968,0.0760549558390579,1.2984999683537628
extended_logistic,2025-09,responded_strict,0.76,2038,1549,151,0.0974822466107166,0.9741935483870968,0.0760549558390579,1.281734313500906
extended_logistic,2025-09,responded_strict,0.77,2038,1570,151,0.09617834394904459,0.9741935483870968,0.0760549558390579,1.2645900965687282
extended_logistic,2025-09,responded_strict,0.78,2038,1590,151,0.0949685534591195,0.9741935483870968,0.0760549558390579,1.248683302901197
extended_logistic,2025-09,responded_strict,0.79,2038,1611,151,0.09373060211049038,0.9741935483870968,0.0760549558390579,1.2324062393624478
extended_logistic,2025-09,responded_strict,0.8,2038,1631,151,0.09258123850398528,0.9741935483870968,0.0760549558390579,1.2172939617491743
extended_logistic,2025-09,responded_strict,0.81,2038,1651,151,0.09145972138098123,0.9741935483870968,0.0760549558390579,1.2025478204802564
extended_logistic,2025-09,responded_strict,0.82,2038,1672,151,0.090311004784689,0.9741935483870968,0.0760549558390579,1.1874440500077172
extended_logistic,2025-09,responded_strict,0.83,2038,1692,151,0.08924349881796691,0.9741935483870968,0.0760549558390579,1.173408068329139
extended_logistic,2025-09,responded_strict,0.84,2038,1712,152,0.08878504672897196,0.9806451612903225,0.0760549558390579,1.1673801627977087
extended_logistic,2025-09,responded_strict,0.85,2038,1733,152,0.08770917484131564,0.9806451612903225,0.0760549558390579,1.1532341827522663
extended_logistic,2025-09,responded_strict,0.86,2038,1753,152,0.08670849971477468,0.9806451612903225,0.0760549558390579,1.1400769188303923
extended_logistic,2025-09,responded_strict,0.87,2038,1774,153,0.08624577226606539,0.9870967741935484,0.0760549558390579,1.1339927992144598
extended_logistic,2025-09,responded_strict,0.88,2038,1794,153,0.08528428093645485,0.9870967741935484,0.0760549558390579,1.1213507390225483
extended_logistic,2025-09,responded_strict,0.89,2038,1814,153,0.08434399117971333,0.9870967741935484,0.0760549558390579,1.1089874453177793
extended_logistic,2025-09,responded_strict,0.9,2038,1835,153,0.08337874659400545,0.9870967741935484,0.0760549558390579,1.0962960358618263
extended_logistic,2025-09,responded_strict,0.91,2038,1855,154,0.0830188679245283,0.9935483870967742,0.0760549558390579,1.091564211807669
extended_logistic,2025-09,responded_strict,0.92,2038,1875,154,0.08213333333333334,0.9935483870967742,0.0760549558390579,1.0799208602150538
extended_logistic,2025-09,responded_strict,0.93,2038,1896,154,0.08122362869198312,0.9935483870967742,0.0760549558390579,1.0679597114468489
extended_logistic,2025-09,responded_strict,0.94,2038,1916,155,0.08089770354906055,1.0,0.0760549558390579,1.0636743215031317
extended_logistic,2025-09,responded_strict,0.95,2038,1937,155,0.08002065049044915,1.0,0.0760549558390579,1.052142488384099
extended_logistic,2025-09,responded_strict,0.96,2038,1957,155,0.07920286152273888,1.0,0.0760549558390579,1.041389882473173
extended_logistic,2025-09,responded_strict,0.97,2038,1977,155,0.07840161861406171,1.0,0.0760549558390579,1.0308548305513405
extended_logistic,2025-09,responded_strict,0.98,2038,1998,155,0.07757757757757758,1.0,0.0760549558390579,1.02002002002002
extended_logistic,2025-09,responded_strict,0.99,2038,2018,155,0.07680872150644202,1.0,0.0760549558390579,1.0099108027750248
extended_logistic,2025-09,responded_strict,1.0,2038,2038,155,0.0760549558390579,1.0,0.0760549558390579,1.0
extended_boosting,2025-07,responded_strict,0.01,2025,21,12,0.5714285714285714,0.08,0.07407407407407407,7.714285714285714
extended_boosting,2025-07,responded_strict,0.02,2025,41,18,0.43902439024390244,0.12,0.07407407407407407,5.926829268292683
extended_boosting,2025-07,responded_strict,0.03,2025,61,21,0.3442622950819672,0.14,0.07407407407407407,4.647540983606557
extended_boosting,2025-07,responded_strict,0.04,2025,81,26,0.32098765432098764,0.17333333333333334,0.07407407407407407,4.333333333333333
extended_boosting,2025-07,responded_strict,0.05,2025,102,33,0.3235294117647059,0.22,0.07407407407407407,4.36764705882353
extended_boosting,2025-07,responded_strict,0.06,2025,122,38,0.3114754098360656,0.25333333333333335,0.07407407407407407,4.204918032786885
extended_boosting,2025-07,responded_strict,0.07,2025,142,44,0.30985915492957744,0.29333333333333333,0.07407407407407407,4.183098591549296
extended_boosting,2025-07,responded_strict,0.08,2025,162,49,0.30246913580246915,0.32666666666666666,0.07407407407407407,4.083333333333334
extended_boosting,2025-07,responded_strict,0.09,2025,183,52,0.28415300546448086,0.3466666666666667,0.07407407407407407,3.8360655737704916
extended_boosting,2025-07,responded_strict,0.1,2025,203,55,0.270935960591133,0.36666666666666664,0.07407407407407407,3.657635467980296
extended_boosting,2025-07,responded_strict,0.11,2025,223,58,0.2600896860986547,0.38666666666666666,0.07407407407407407,3.5112107623318383
extended_boosting,2025-07,responded_strict,0.12,2025,243,64,0.26337448559670784,0.4266666666666667,0.07407407407407407,3.5555555555555562
extended_boosting,2025-07,responded_strict,0.13,2025,264,67,0.2537878787878788,0.44666666666666666,0.07407407407407407,3.4261363636363638
extended_boosting,2025-07,responded_strict,0.14,2025,284,68,0.23943661971830985,0.4533333333333333,0.07407407407407407,3.232394366197183
extended_boosting,2025-07,responded_strict,0.15,2025,304,72,0.23684210526315788,0.48,0.07407407407407407,3.1973684210526314
extended_boosting,2025-07,responded_strict,0.16,2025,324,74,0.22839506172839505,0.49333333333333335,0.07407407407407407,3.0833333333333335
extended_boosting,2025-07,responded_strict,0.17,2025,345,77,0.22318840579710145,0.5133333333333333,0.07407407407407407,3.0130434782608697
extended_boosting,2025-07,responded_strict,0.18,2025,365,79,0.21643835616438356,0.5266666666666666,0.07407407407407407,2.9219178082191783
extended_boosting,2025-07,responded_strict,0.19,2025,385,81,0.21038961038961038,0.54,0.07407407407407407,2.8402597402597403
extended_boosting,2025-07,responded_strict,0.2,2025,405,86,0.2123456790123457,0.5733333333333334,0.07407407407407407,2.866666666666667
extended_boosting,2025-07,responded_strict,0.21,2025,426,89,0.20892018779342722,0.5933333333333334,0.07407407407407407,2.8204225352112675
extended_boosting,2025-07,responded_strict,0.22,2025,446,90,0.20179372197309417,0.6,0.07407407407407407,2.7242152466367715
extended_boosting,2025-07,responded_strict,0.23,2025,466,93,0.19957081545064378,0.62,0.07407407407407407,2.6942060085836914
extended_boosting,2025-07,responded_strict,0.24,2025,486,97,0.19958847736625515,0.6466666666666666,0.07407407407407407,2.6944444444444446
extended_boosting,2025-07,responded_strict,0.25,2025,507,98,0.1932938856015779,0.6533333333333333,0.07407407407407407,2.6094674556213016
extended_boosting,2025-07,responded_strict,0.26,2025,527,100,0.18975332068311196,0.6666666666666666,0.07407407407407407,2.5616698292220117
extended_boosting,2025-07,responded_strict,0.27,2025,547,101,0.1846435100548446,0.6733333333333333,0.07407407407407407,2.4926873857404024
extended_boosting,2025-07,responded_strict,0.28,2025,567,101,0.1781305114638448,0.6733333333333333,0.07407407407407407,2.4047619047619047
extended_boosting,2025-07,responded_strict,0.29,2025,588,104,0.17687074829931973,0.6933333333333334,0.07407407407407407,2.3877551020408165
extended_boosting,2025-07,responded_strict,0.3,2025,608,106,0.17434210526315788,0.7066666666666667,0.07407407407407407,2.3536184210526314
extended_boosting,2025-07,responded_strict,0.31,2025,628,110,0.1751592356687898,0.7333333333333333,0.07407407407407407,2.3646496815286624
extended_boosting,2025-07,responded_strict,0.32,2025,648,112,0.1728395061728395,0.7466666666666667,0.07407407407407407,2.3333333333333335
extended_boosting,2025-07,responded_strict,0.33,2025,669,113,0.16890881913303438,0.7533333333333333,0.07407407407407407,2.280269058295964
extended_boosting,2025-07,responded_strict,0.34,2025,689,113,0.16400580551523947,0.7533333333333333,0.07407407407407407,2.214078374455733
extended_boosting,2025-07,responded_strict,0.35,2025,709,114,0.1607898448519041,0.76,0.07407407407407407,2.170662905500705
extended_boosting,2025-07,responded_strict,0.36,2025,729,115,0.15775034293552812,0.7666666666666667,0.07407407407407407,2.1296296296296298
extended_boosting,2025-07,responded_strict,0.37,2025,750,116,0.15466666666666667,0.7733333333333333,0.07407407407407407,2.088
extended_boosting,2025-07,responded_strict,0.38,2025,770,116,0.15064935064935064,0.7733333333333333,0.07407407407407407,2.033766233766234
extended_boosting,2025-07,responded_strict,0.39,2025,790,120,0.1518987341772152,0.8,0.07407407407407407,2.0506329113924053
extended_boosting,2025-07,responded_strict,0.4,2025,810,125,0.15432098765432098,0.8333333333333334,0.07407407407407407,2.0833333333333335
extended_boosting,2025-07,responded_strict,0.41,2025,831,127,0.15282791817087846,0.8466666666666667,0.07407407407407407,2.063176895306859
extended_boosting,2025-07,responded_strict,0.42,2025,851,127,0.1492361927144536,0.8466666666666667,0.07407407407407407,2.0146886016451235
extended_boosting,2025-07,responded_strict,0.43,2025,871,127,0.14580941446613088,0.8466666666666667,0.07407407407407407,1.968427095292767
extended_boosting,2025-07,responded_strict,0.44,2025,891,129,0.1447811447811448,0.86,0.07407407407407407,1.9545454545454548
extended_boosting,2025-07,responded_strict,0.45,2025,912,130,0.1425438596491228,0.8666666666666667,0.07407407407407407,1.924342105263158
extended_boosting,2025-07,responded_strict,0.46,2025,932,131,0.1405579399141631,0.8733333333333333,0.07407407407407407,1.897532188841202
extended_boosting,2025-07,responded_strict,0.47,2025,952,131,0.13760504201680673,0.8733333333333333,0.07407407407407407,1.857668067226891
extended_boosting,2025-07,responded_strict,0.48,2025,972,132,0.13580246913580246,0.88,0.07407407407407407,1.8333333333333333
extended_boosting,2025-07,responded_strict,0.49,2025,993,134,0.13494461228600202,0.8933333333333333,0.07407407407407407,1.8217522658610275
extended_boosting,2025-07,responded_strict,0.5,2025,1013,136,0.13425468904244817,0.9066666666666666,0.07407407407407407,1.8124383020730503
extended_boosting,2025-07,responded_strict,0.51,2025,1033,136,0.13165537270087124,0.9066666666666666,0.07407407407407407,1.777347531461762
extended_boosting,2025-07,responded_strict,0.52,2025,1053,136,0.1291547958214625,0.9066666666666666,0.07407407407407407,1.7435897435897438
extended_boosting,2025-07,responded_strict,0.53,2025,1074,137,0.12756052141527002,0.9133333333333333,0.07407407407407407,1.7220670391061454
extended_boosting,2025-07,responded_strict,0.54,2025,1094,137,0.12522851919561243,0.9133333333333333,0.07407407407407407,1.690585009140768
extended_boosting,2025-07,responded_strict,0.55,2025,1114,137,0.1229802513464991,0.9133333333333333,0.07407407407407407,1.660233393177738
extended_boosting,2025-07,responded_strict,0.56,2025,1134,137,0.12081128747795414,0.9133333333333333,0.07407407407407407,1.630952380952381
extended_boosting,2025-07,responded_strict,0.57,2025,1155,137,0.11861471861471862,0.9133333333333333,0.07407407407407407,1.6012987012987014
extended_boosting,2025-07,responded_strict,0.58,2025,1175,138,0.1174468085106383,0.92,0.07407407407407407,1.5855319148936171
extended_boosting,2025-07,responded_strict,0.59,2025,1195,139,0.11631799163179916,0.9266666666666666,0.07407407407407407,1.5702928870292887
extended_boosting,2025-07,responded_strict,0.6,2025,1215,140,0.11522633744855967,0.9333333333333333,0.07407407407407407,1.5555555555555556
extended_boosting,2025-07,responded_strict,0.61,2025,1236,140,0.11326860841423948,0.9333333333333333,0.07407407407407407,1.529126213592233
extended_boosting,2025-07,responded_strict,0.62,2025,1256,140,0.11146496815286625,0.9333333333333333,0.07407407407407407,1.5047770700636944
extended_boosting,2025-07,responded_strict,0.63,2025,1276,141,0.11050156739811912,0.94,0.07407407407407407,1.4917711598746082
extended_boosting,2025-07,responded_strict,0.64,2025,1296,141,0.1087962962962963,0.94,0.07407407407407407,1.46875
extended_boosting,2025-07,responded_strict,0.65,2025,1317,141,0.1070615034168565,0.94,0.07407407407407407,1.4453302961275627
extended_boosting,2025-07,responded_strict,0.66,2025,1337,143,0.10695587135377711,0.9533333333333334,0.07407407407407407,1.443904263275991
extended_boosting,2025-07,responded_strict,0.67,2025,1357,145,0.10685335298452468,0.9666666666666667,0.07407407407407407,1.4425202652910833
extended_boosting,2025-07,responded_strict,0.68,2025,1377,145,0.10530137981118373,0.9666666666666667,0.07407407407407407,1.4215686274509804
extended_boosting,2025-07,responded_strict,0.69,2025,1398,145,0.10371959942775394,0.9666666666666667,0.07407407407407407,1.4002145922746783
extended_boosting,2025-07,responded_strict,0.7,2025,1418,145,0.10225669957686882,0.9666666666666667,0.07407407407407407,1.380465444287729
extended_boosting,2025-07,responded_strict,0.71,2025,1438,145,0.10083449235048679,0.9666666666666667,0.07407407407407407,1.3612656467315718
extended_boosting,2025-07,responded_strict,0.72,2025,1458,145,0.09945130315500686,0.9666666666666667,0.07407407407407407,1.3425925925925928
extended_boosting,2025-07,responded_strict,0.73,2025,1479,145,0.09803921568627451,0.9666666666666667,0.07407407407407407,1.3235294117647058
extended_boosting,2025-07,responded_strict,0.74,2025,1499,146,0.09739826551034023,0.9733333333333334,0.07407407407407407,1.314876584389593
extended_boosting,2025-07,responded_strict,0.75,2025,1519,146,0.09611586570111916,0.9733333333333334,0.07407407407407407,1.2975641869651087
extended_boosting,2025-07,responded_strict,0.76,2025,1539,146,0.09486679662118258,0.9733333333333334,0.07407407407407407,1.280701754385965
extended_boosting,2025-07,responded_strict,0.77,2025,1560,146,0.09358974358974359,0.9733333333333334,0.07407407407407407,1.2634615384615386
extended_boosting,2025-07,responded_strict,0.78,2025,1580,146,0.09240506329113925,0.9733333333333334,0.07407407407407407,1.24746835443038
extended_boosting,2025-07,responded_strict,0.79,2025,1600,147,0.091875,0.98,0.07407407407407407,1.2403125000000002
extended_boosting,2025-07,responded_strict,0.8,2025,1620,147,0.09074074074074075,0.98,0.07407407407407407,1.225
extended_boosting,2025-07,responded_strict,0.81,2025,1641,147,0.08957952468007313,0.98,0.07407407407407407,1.2093235831809874
extended_boosting,2025-07,responded_strict,0.82,2025,1661,147,0.0885009030704395,0.98,0.07407407407407407,1.1947621914509332
extended_boosting,2025-07,responded_strict,0.83,2025,1681,147,0.0874479476502082,0.98,0.07407407407407407,1.180547293277811
extended_boosting,2025-07,responded_strict,0.84,2025,1701,147,0.08641975308641975,0.98,0.07407407407407407,1.1666666666666667
extended_boosting,2025-07,responded_strict,0.85,2025,1722,147,0.08536585365853659,0.98,0.07407407407407407,1.152439024390244
extended_boosting,2025-07,responded_strict,0.86,2025,1742,148,0.08495981630309989,0.9866666666666667,0.07407407407407407,1.1469575200918485
extended_boosting,2025-07,responded_strict,0.87,2025,1762,148,0.08399545970488081,0.9866666666666667,0.07407407407407407,1.133938706015891
extended_boosting,2025-07,responded_strict,0.88,2025,1782,149,0.08361391694725027,0.9933333333333333,0.07407407407407407,1.1287878787878787
extended_boosting,2025-07,responded_strict,0.89,2025,1803,149,0.08264004437049362,0.9933333333333333,0.07407407407407407,1.1156405990016638
extended_boosting,2025-07,responded_strict,0.9,2025,1823,149,0.08173340647284695,0.9933333333333333,0.07407407407407407,1.1034009873834338
extended_boosting,2025-07,responded_strict,0.91,2025,1843,149,0.08084644601193706,0.9933333333333333,0.07407407407407407,1.0914270211611505
extended_boosting,2025-07,responded_strict,0.92,2025,1863,149,0.07997852925389157,0.9933333333333333,0.07407407407407407,1.0797101449275361
extended_boosting,2025-07,responded_strict,0.93,2025,1884,150,0.07961783439490445,1.0,0.07407407407407407,1.0748407643312101
extended_boosting,2025-07,responded_strict,0.94,2025,1904,150,0.07878151260504201,1.0,0.07407407407407407,1.0635504201680672
extended_boosting,2025-07,responded_strict,0.95,2025,1924,150,0.07796257796257797,1.0,0.07407407407407407,1.0524948024948027
extended_boosting,2025-07,responded_strict,0.96,2025,1944,150,0.07716049382716049,1.0,0.07407407407407407,1.0416666666666667
extended_boosting,2025-07,responded_strict,0.97,2025,1965,150,0.07633587786259542,1.0,0.07407407407407407,1.0305343511450382
extended_boosting,2025-07,responded_strict,0.98,2025,1985,150,0.07556675062972293,1.0,0.07407407407407407,1.0201511335012596
extended_boosting,2025-07,responded_strict,0.99,2025,2005,150,0.07481296758104738,1.0,0.07407407407407407,1.0099750623441397
extended_boosting,2025-07,responded_strict,1.0,2025,2025,150,0.07407407407407407,1.0,0.07407407407407407,1.0
extended_boosting,2025-08,responded_strict,0.01,2012,21,7,0.3333333333333333,0.04794520547945205,0.07256461232604373,4.593607305936073
extended_boosting,2025-08,responded_strict,0.02,2012,41,12,0.2926829268292683,0.0821917808219178,0.07256461232604373,4.03341129301704
extended_boosting,2025-08,responded_strict,0.03,2012,61,18,0.29508196721311475,0.1232876712328767,0.07256461232604373,4.066472041320458
extended_boosting,2025-08,responded_strict,0.04,2012,81,23,0.2839506172839506,0.15753424657534246,0.07256461232604373,3.91307289024184
extended_boosting,2025-08,responded_strict,0.05,2012,101,28,0.27722772277227725,0.1917808219178082,0.07256461232604373,3.8204258782042593
extended_boosting,2025-08,responded_strict,0.06,2012,121,30,0.24793388429752067,0.2054794520547945,0.07256461232604373,3.4167327068946
extended_boosting,2025-08,responded_strict,0.07,2012,141,36,0.2553191489361702,0.2465753424657534,0.07256461232604373,3.5185077236957154
extended_boosting,2025-08,responded_strict,0.08,2012,161,41,0.2546583850931677,0.2808219178082192,0.07256461232604373,3.509401854845571
extended_boosting,2025-08,responded_strict,0.09,2012,182,44,0.24175824175824176,0.3013698630136986,0.07256461232604373,3.3316272768327564
extended_boosting,2025-08,responded_strict,0.1,2012,202,47,0.23267326732673269,0.3219178082191781,0.07256461232604373,3.206428862064289
extended_boosting,2025-08,responded_strict,0.11,2012,222,50,0.22522522522522523,0.3424657534246575,0.07256461232604373,3.1037887202270764
extended_boosting,2025-08,responded_strict,0.12,2012,242,54,0.2231404958677686,0.3698630136986301,0.07256461232604373,3.07505943620514
extended_boosting,2025-08,responded_strict,0.13,2012,262,56,0.21374045801526717,0.3835616438356164,0.07256461232604373,2.9455191885391616
extended_boosting,2025-08,responded_strict,0.14,2012,282,60,0.2127659574468085,0.410958904109589,0.07256461232604373,2.9320897697464297
extended_boosting,2025-08,responded_strict,0.15,2012,302,65,0.2152317880794702,0.4452054794520548,0.07256461232604373,2.966070942574617
extended_boosting,2025-08,responded_strict,0.16,2012,322,69,0.21428571428571427,0.4726027397260274,0.07256461232604373,2.9530332681017613
extended_boosting,2025-08,responded_strict,0.17,2012,343,71,0.20699708454810495,0.4863013698630137,0.07256461232604373,2.852589959662926
extended_boosting,2025-08,responded_strict,0.18,2012,363,73,0.20110192837465565,0.5,0.07256461232604373,2.7713498622589534
extended_boosting,2025-08,responded_strict,0.19,2012,383,75,0.195822454308094,0.5136986301369864,0.07256461232604373,2.6985943703279807
extended_boosting,2025-08,responded_strict,0.2,2012,403,77,0.19106699751861042,0.5273972602739726,0.07256461232604373,2.633060267174275
extended_boosting,2025-08,responded_strict,0.21,2012,423,79,0.1867612293144208,0.541095890410959,0.07256461232604373,2.573723242332977
extended_boosting,2025-08,responded_strict,0.22,2012,443,81,0.18284424379232506,0.5547945205479452,0.07256461232604373,2.519743962398343
extended_boosting,2025-08,responded_strict,0.23,2012,463,84,0.18142548596112312,0.5753424657534246,0.07256461232604373,2.500192313382053
extended_boosting,2025-08,responded_strict,0.24,2012,483,84,0.17391304347826086,0.5753424657534246,0.07256461232604373,2.3966646813579513
extended_boosting,2025-08,responded_strict,0.25,2012,503,85,0.16898608349900596,0.5821917808219178,0.07256461232604373,2.328767123287671
extended_boosting,2025-08,responded_strict,0.26,2012,524,87,0.16603053435114504,0.5958904109589042,0.07256461232604373,2.28803722681167
extended_boosting,2025-08,responded_strict,0.27,2012,544,88,0.16176470588235295,0.6027397260273972,0.07256461232604373,2.22925060435133
extended_boosting,2025-08,responded_strict,0.28,2012,564,92,0.16312056737588654,0.6301369863013698,0.07256461232604373,2.2479354901389295
extended_boosting,2025-08,responded_strict,0.29,2012,584,94,0.16095890410958905,0.6438356164383562,0.07256461232604373,2.2181459936198165
extended_boosting,2025-08,responded_strict,0.3,2012,604,94,0.15562913907284767,0.6438356164383562,0.07256461232604373,2.1446974507847227
extended_boosting,2025-08,responded_strict,0.31,2012,624,95,0.15224358974358973,0.6506849315068494,0.07256461232604373,2.098041798384264
extended_boosting,2025-08,responded_strict,0.32,2012,644,97,0.15062111801242237,0.6643835616438356,0.07256461232604373,2.0756828043903686
extended_boosting,2025-08,responded_strict,0.33,2012,664,98,0.14759036144578314,0.6712328767123288,0.07256461232604373,2.0339164878692855
extended_boosting,2025-08,responded_strict,0.34,2012,685,99,0.14452554744525548,0.678082191780822,0.07256461232604373,1.9916808319168084
extended_boosting,2025-08,responded_strict,0.35,2012,705,100,0.14184397163120568,0.684931506849315,0.07256461232604373,1.9547265131642866
extended_boosting,2025-08,responded_strict,0.36,2012,725,103,0.14206896551724138,0.7054794520547946,0.07256461232604373,1.9578271138403402
extended_boosting,2025-08,responded_strict,0.37,2012,745,105,0.14093959731543623,0.7191780821917808,0.07256461232604373,1.9422634917716282
extended_boosting,2025-08,responded_strict,0.38,2012,765,107,0.13986928104575164,0.7328767123287672,0.07256461232604373,1.927513653863372
extended_boosting,2025-08,responded_strict,0.39,2012,785,109,0.13885350318471337,0.7465753424657534,0.07256461232604373,1.9135154000523515
extended_boosting,2025-08,responded_strict,0.4,2012,805,110,0.13664596273291926,0.7534246575342466,0.07256461232604373,1.8830936782098189
extended_boosting,2025-08,responded_strict,0.41,2012,825,111,0.13454545454545455,0.7602739726027398,0.07256461232604373,1.8541469489414697
extended_boosting,2025-08,responded_strict,0.42,2012,846,112,0.13238770685579196,0.7671232876712328,0.07256461232604373,1.8244114122866673
extended_boosting,2025-08,responded_strict,0.43,2012,866,112,0.12933025404157045,0.7671232876712328,0.07256461232604373,1.7822771995317792
extended_boosting,2025-08,responded_strict,0.44,2012,886,114,0.12866817155756208,0.7808219178082192,0.07256461232604373,1.7731531587247598
extended_boosting,2025-08,responded_strict,0.45,2012,906,116,0.1280353200883002,0.7945205479452054,0.07256461232604373,1.7644319453264385
extended_boosting,2025-08,responded_strict,0.46,2012,926,119,0.1285097192224622,0.815068493150685,0.07256461232604373,1.7709695553122875
extended_boosting,2025-08,responded_strict,0.47,2012,946,120,0.12684989429175475,0.821917808219178,0.07256461232604373,1.7480958035274696
extended_boosting,2025-08,responded_strict,0.48,2012,966,120,0.12422360248447205,0.821917808219178,0.07256461232604373,1.711903343827108
extended_boosting,2025-08,responded_strict,0.49,2012,986,122,0.12373225152129817,0.8356164383561644,0.07256461232604373,1.7051321237044652
extended_boosting,2025-08,responded_strict,0.5,2012,1006,122,0.12127236580516898,0.8356164383561644,0.07256461232604373,1.6712328767123288
extended_boosting,2025-08,responded_strict,0.51,2012,1027,122,0.11879259980525804,0.8356164383561644,0.07256461232604373,1.6370596630697205
extended_boosting,2025-08,responded_strict,0.52,2012,1047,122,0.11652340019102196,0.8356164383561644,0.07256461232604373,1.605788227289974
extended_boosting,2025-08,responded_strict,0.53,2012,1067,123,0.11527647610121837,0.8424657534246576,0.07256461232604373,1.5886045884633655
extended_boosting,2025-08,responded_strict,0.54,2012,1087,124,0.1140754369825207,0.8493150684931506,0.07256461232604373,1.5720532822522717
extended_boosting,2025-08,responded_strict,0.55,2012,1107,125,0.11291779584462511,0.8561643835616438,0.07256461232604373,1.5561000358862036
extended_boosting,2025-08,responded_strict,0.56,2012,1127,125,0.11091393078970718,0.8561643835616438,0.07256461232604373,1.5284851284170606
extended_boosting,2025-08,responded_strict,0.57,2012,1147,125,0.10897994768962511,0.8561643835616438,0.07256461232604373,1.501833251722779
extended_boosting,2025-08,responded_strict,0.58,2012,1167,125,0.10711225364181662,0.8561643835616438,0.07256461232604373,1.4760948926529798
extended_boosting,2025-08,responded_strict,0.59,2012,1188,126,0.10606060606060606,0.863013698630137,0.07256461232604373,1.4616023246160235
extended_boosting,2025-08,responded_strict,0.6,2012,1208,127,0.10513245033112582,0.8698630136986302,0.07256461232604373,1.4488115757960627
extended_boosting,2025-08,responded_strict,0.61,2012,1228,128,0.10423452768729642,0.8767123287671232,0.07256461232604373,1.4364374637454822
extended_boosting,2025-08,responded_strict,0.62,2012,1248,129,0.10336538461538461,0.8835616438356164,0.07256461232604373,1.4244599578503687
extended_boosting,2025-08,responded_strict,0.63,2012,1268,129,0.10173501577287067,0.8835616438356164,0.07256461232604373,1.4019921351713411
extended_boosting,2025-08,responded_strict,0.64,2012,1288,130,0.10093167701863354,0.8904109589041096,0.07256461232604373,1.3909214668595253
extended_boosting,2025-08,responded_strict,0.65,2012,1308,131,0.10015290519877676,0.8972602739726028,0.07256461232604373,1.3801893510954715
extended_boosting,2025-08,responded_strict,0.66,2012,1328,131,0.09864457831325302,0.8972602739726028,0.07256461232604373,1.3594033668922265
extended_boosting,2025-08,responded_strict,0.67,2012,1349,133,0.09859154929577464,0.910958904109589,0.07256461232604373,1.3586725834458808
extended_boosting,2025-08,responded_strict,0.68,2012,1369,134,0.09788166544923302,0.9178082191780822,0.07256461232604373,1.348889800574362
extended_boosting,2025-08,responded_strict,0.69,2012,1389,134,0.0964722822174226,0.9178082191780822,0.07256461232604373,1.3294673412428375
extended_boosting,2025-08,responded_strict,0.7,2012,1409,135,0.09581263307310149,0.9246575342465754,0.07256461232604373,1.3203768338567137
extended_boosting,2025-08,responded_strict,0.71,2012,1429,135,0.09447165850244926,0.9246575342465754,0.07256461232604373,1.301897102102246
extended_boosting,2025-08,responded_strict,0.72,2012,1449,136,0.09385783298826778,0.9315068493150684,0.07256461232604373,1.2934380820027038
extended_boosting,2025-08,responded_strict,0.73,2012,1469,137,0.09326072157930565,0.9383561643835616,0.07256461232604373,1.2852093960107054
extended_boosting,2025-08,responded_strict,0.74,2012,1489,137,0.09200805910006717,0.9383561643835616,0.07256461232604373,1.2679466774611996
extended_boosting,2025-08,responded_strict,0.75,2012,1509,137,0.09078860172299535,0.9383561643835616,0.07256461232604373,1.2511415525114156
extended_boosting,2025-08,responded_strict,0.76,2012,1530,137,0.08954248366013072,0.9383561643835616,0.07256461232604373,1.2339690213985137
extended_boosting,2025-08,responded_strict,0.77,2012,1550,137,0.08838709677419355,0.9383561643835616,0.07256461232604373,1.2180468404772427
extended_boosting,2025-08,responded_strict,0.78,2012,1570,138,0.08789808917197452,0.9452054794520548,0.07256461232604373,1.2113079137946077
extended_boosting,2025-08,responded_strict,0.79,2012,1590,140,0.0880503144654088,0.958904109589041,0.07256461232604373,1.2134057034548118
extended_boosting,2025-08,responded_strict,0.8,2012,1610,140,0.08695652173913043,0.958904109589041,0.07256461232604373,1.1983323406789756
extended_boosting,2025-08,responded_strict,0.81,2012,1630,140,0.08588957055214724,0.958904109589041,0.07256461232604373,1.1836288763761662
extended_boosting,2025-08,responded_strict,0.82,2012,1650,140,0.08484848484848485,0.958904109589041,0.07256461232604373,1.1692818596928187
extended_boosting,2025-08,responded_strict,0.83,2012,1670,141,0.0844311377245509,0.9657534246575342,0.07256461232604373,1.1635304732999754
extended_boosting,2025-08,responded_strict,0.84,2012,1691,141,0.0833826138379657,0.9657534246575342,0.07256461232604373,1.1490809523423768
extended_boosting,2025-08,responded_strict,0.85,2012,1711,141,0.08240794856808883,0.9657534246575342,0.07256461232604373,1.1356492638287312
extended_boosting,2025-08,responded_strict,0.86,2012,1731,141,0.08145580589254767,0.9657534246575342,0.07256461232604373,1.1225279551767529
extended_boosting,2025-08,responded_strict,0.87,2012,1751,142,0.08109651627641348,0.9726027397260274,0.07256461232604373,1.11757664895989
extended_boosting,2025-08,responded_strict,0.88,2012,1771,143,0.08074534161490683,0.9794520547945206,0.07256461232604373,1.1127371734876201
extended_boosting,2025-08,responded_strict,0.89,2012,1791,143,0.07984366275823562,0.9794520547945206,0.07256461232604373,1.1003112977367813
extended_boosting,2025-08,responded_strict,0.9,2012,1811,143,0.078961899503037,0.9794520547945206,0.07256461232604373,1.0881598753432222
extended_boosting,2025-08,responded_strict,0.91,2012,1831,144,0.07864554888039323,0.9863013698630136,0.07256461232604373,1.0838003037489807
extended_boosting,2025-08,responded_strict,0.92,2012,1852,144,0.07775377969762419,0.9863013698630136,0.07256461232604373,1.0715109914494512
extended_boosting,2025-08,responded_strict,0.93,2012,1872,145,0.07745726495726496,0.9931506849315068,0.07256461232604373,1.0674247746165555
extended_boosting,2025-08,responded_strict,0.94,2012,1892,146,0.07716701902748414,1.0,0.07256461232604373,1.0634249471458774
extended_boosting,2025-08,responded_strict,0.95,2012,1912,146,0.07635983263598327,1.0,0.07256461232604373,1.0523012552301256
extended_boosting,2025-08,responded_strict,0.96,2012,1932,146,0.07556935817805382,1.0,0.07256461232604373,1.041407867494824
extended_boosting,2025-08,responded_strict,0.97,2012,1952,146,0.07479508196721311,1.0,0.07256461232604373,1.0307377049180328
extended_boosting,2025-08,responded_strict,0.98,2012,1972,146,0.07403651115618662,1.0,0.07256461232604373,1.0202839756592292
extended_boosting,2025-08,responded_strict,0.99,2012,1992,146,0.07329317269076305,1.0,0.07256461232604373,1.0100401606425702
extended_boosting,2025-08,responded_strict,1.0,2012,2012,146,0.07256461232604373,1.0,0.07256461232604373,1.0
extended_boosting,2025-09,responded_strict,0.01,2038,21,11,0.5238095238095238,0.07096774193548387,0.0760549558390579,6.887250384024578
extended_boosting,2025-09,responded_strict,0.02,2038,41,19,0.4634146341463415,0.12258064516129032,0.0760549558390579,6.09315499606609
extended_boosting,2025-09,responded_strict,0.03,2038,62,24,0.3870967741935484,0.15483870967741936,0.0760549558390579,5.089698231009365
extended_boosting,2025-09,responded_strict,0.04,2038,82,28,0.34146341463414637,0.18064516129032257,0.0760549558390579,4.489693154996067
extended_boosting,2025-09,responded_strict,0.05,2038,102,35,0.3431372549019608,0.22580645161290322,0.0760549558390579,4.511701454775459
extended_boosting,2025-09,responded_strict,0.06,2038,123,44,0.35772357723577236,0.2838709677419355,0.0760549558390579,4.703488067138736
extended_boosting,2025-09,responded_strict,0.07,2038,143,48,0.3356643356643357,0.3096774193548387,0.0760549558390579,4.413444619896233
extended_boosting,2025-09,responded_strict,0.08,2038,164,52,0.3170731707317073,0.33548387096774196,0.0760549558390579,4.169000786782061
extended_boosting,2025-09,responded_strict,0.09,2038,184,56,0.30434782608695654,0.36129032258064514,0.0760549558390579,4.001683029453016
extended_boosting,2025-09,responded_strict,0.1,2038,204,58,0.28431372549019607,0.3741935483870968,0.0760549558390579,3.7382669196710943
extended_boosting,2025-09,responded_strict,0.11,2038,225,63,0.28,0.4064516129032258,0.0760549558390579,3.6815483870967745
extended_boosting,2025-09,responded_strict,0.12,2038,245,66,0.2693877551020408,0.4258064516129032,0.0760549558390579,3.54201448321264
extended_boosting,2025-09,responded_strict,0.13,2038,265,67,0.2528301886792453,0.432258064516129,0.0760549558390579,3.3243091905051734
extended_boosting,2025-09,responded_strict,0.14,2038,286,70,0.24475524475524477,0.45161290322580644,0.0760549558390579,3.21813670200767
extended_boosting,2025-09,responded_strict,0.15,2038,306,74,0.24183006535947713,0.4774193548387097,0.0760549558390579,3.1796753109846088
extended_boosting,2025-09,responded_strict,0.16,2038,327,78,0.23853211009174313,0.5032258064516129,0.0760549558390579,3.136312518496597
extended_boosting,2025-09,responded_strict,0.17,2038,347,80,0.23054755043227665,0.5161290322580645,0.0760549558390579,3.031328437296644
extended_boosting,2025-09,responded_strict,0.18,2038,367,80,0.21798365122615804,0.5161290322580645,0.0760549558390579,2.8661334270897423
extended_boosting,2025-09,responded_strict,0.19,2038,388,81,0.20876288659793815,0.5225806451612903,0.0760549558390579,2.744895244429664
extended_boosting,2025-09,responded_strict,0.2,2038,408,87,0.21323529411764705,0.5612903225806452,0.0760549558390579,2.8037001897533207
extended_boosting,2025-09,responded_strict,0.21,2038,428,91,0.21261682242990654,0.5870967741935483,0.0760549558390579,2.795568284594513
extended_boosting,2025-09,responded_strict,0.22,2038,449,94,0.20935412026726058,0.6064516129032258,0.0760549558390579,2.752669013578562
extended_boosting,2025-09,responded_strict,0.23,2038,469,97,0.2068230277185501,0.6258064516129033,0.0760549558390579,2.7193892289703556
extended_boosting,2025-09,responded_strict,0.24,2038,490,99,0.20204081632653062,0.6387096774193548,0.0760549558390579,2.65651086240948
extended_boosting,2025-09,responded_strict,0.25,2038,510,99,0.19411764705882353,0.6387096774193548,0.0760549558390579,2.552333965844402
extended_boosting,2025-09,responded_strict,0.26,2038,530,101,0.19056603773584907,0.6516129032258065,0.0760549558390579,2.505636031649422
extended_boosting,2025-09,responded_strict,0.27,2038,551,102,0.1851179673321234,0.6580645161290323,0.0760549558390579,2.434002693050758
extended_boosting,2025-09,responded_strict,0.28,2038,571,103,0.18038528896672504,0.6645161290322581,0.0760549558390579,2.3717756058979718
extended_boosting,2025-09,responded_strict,0.29,2038,592,103,0.17398648648648649,0.6645161290322581,0.0760549558390579,2.2876416739319967
extended_boosting,2025-09,responded_strict,0.3,2038,612,106,0.17320261437908496,0.6838709677419355,0.0760549558390579,2.277335020029517
extended_boosting,2025-09,responded_strict,0.31,2038,632,107,0.16930379746835442,0.6903225806451613,0.0760549558390579,2.2260718660677825
extended_boosting,2025-09,responded_strict,0.32,2038,653,108,0.16539050535987748,0.6967741935483871,0.0760549558390579,2.174618386602776
extended_boosting,2025-09,responded_strict,0.33,2038,673,110,0.16344725111441308,0.7096774193548387,0.0760549558390579,2.1490677275559604
extended_boosting,2025-09,responded_strict,0.34,2038,693,116,0.1673881673881674,0.7483870967741936,0.0760549558390579,2.200884420239259
extended_boosting,2025-09,responded_strict,0.35,2038,714,118,0.16526610644257703,0.7612903225806451,0.0760549558390579,2.17298274148369
extended_boosting,2025-09,responded_strict,0.36,2038,734,118,0.16076294277929154,0.7612903225806451,0.0760549558390579,2.1137734024786847
extended_boosting,2025-09,responded_strict,0.37,2038,755,119,0.1576158940397351,0.7677419354838709,0.0760549558390579,2.0723947874385815
extended_boosting,2025-09,responded_strict,0.38,2038,775,121,0.15612903225806452,0.7806451612903226,0.0760549558390579,2.052844953173777
extended_boosting,2025-09,responded_strict,0.39,2038,795,121,0.15220125786163521,0.7806451612903226,0.0760549558390579,2.001201054980726
extended_boosting,2025-09,responded_strict,0.4,2038,816,121,0.1482843137254902,0.7806451612903226,0.0760549558390579,1.9496995572422517
extended_boosting,2025-09,responded_strict,0.41,2038,836,122,0.145933014354067,0.7870967741935484,0.0760549558390579,1.9187837629263778
extended_boosting,2025-09,responded_strict,0.42,2038,856,123,0.14369158878504673,0.7935483870967742,0.0760549558390579,1.8893126318962918
extended_boosting,2025-09,responded_strict,0.43,2038,877,125,0.14253135689851767,0.8064516129032258,0.0760549558390579,1.8740574539301873
extended_boosting,2025-09,responded_strict,0.44,2038,897,127,0.1415830546265329,0.8193548387096774,0.0760549558390579,1.861588808573381
extended_boosting,2025-09,responded_strict,0.45,2038,918,128,0.1394335511982571,0.8258064516129032,0.0760549558390579,1.8333263054325675
extended_boosting,2025-09,responded_strict,0.46,2038,938,130,0.13859275053304904,0.8387096774193549,0.0760549558390579,1.8222711328151866
extended_boosting,2025-09,responded_strict,0.47,2038,958,131,0.13674321503131523,0.8451612903225807,0.0760549558390579,1.7979527240891642
extended_boosting,2025-09,responded_strict,0.48,2038,979,131,0.1338100102145046,0.8451612903225807,0.0760549558390579,1.7593858117236152
extended_boosting,2025-09,responded_strict,0.49,2038,999,131,0.13113113113113112,0.8451612903225807,0.0760549558390579,1.7241628725499691
extended_boosting,2025-09,responded_strict,0.5,2038,1019,131,0.12855740922473013,0.8451612903225807,0.0760549558390579,1.6903225806451614
extended_boosting,2025-09,responded_strict,0.51,2038,1040,132,0.12692307692307692,0.8516129032258064,0.0760549558390579,1.668833746898263
extended_boosting,2025-09,responded_strict,0.52,2038,1060,133,0.12547169811320755,0.8580645161290322,0.0760549558390579,1.649750456482045
extended_boosting,2025-09,responded_strict,0.53,2038,1081,137,0.1267345050878816,0.8838709677419355,0.0760549558390579,1.6663543314135656
extended_boosting,2025-09,responded_strict,0.54,2038,1101,138,0.12534059945504086,0.8903225806451613,0.0760549558390579,1.6480267205766017
extended_boosting,2025-09,responded_strict,0.55,2038,1121,139,0.1239964317573595,0.896774193548387,0.0760549558390579,1.6303530833645075
extended_boosting,2025-09,responded_strict,0.56,2038,1142,139,0.12171628721541156,0.896774193548387,0.0760549558390579,1.600372860290379
extended_boosting,2025-09,responded_strict,0.57,2038,1162,139,0.11962134251290878,0.896774193548387,0.0760549558390579,1.572827716395536
extended_boosting,2025-09,responded_strict,0.58,2038,1183,139,0.11749788672865596,0.896774193548387,0.0760549558390579,1.5449076977612959
extended_boosting,2025-09,responded_strict,0.59,2038,1203,139,0.11554447215295095,0.896774193548387,0.0760549558390579,1.5192234467594454
extended_boosting,2025-09,responded_strict,0.6,2038,1223,139,0.11365494685200327,0.896774193548387,0.0760549558390579,1.4943792366734365
extended_boosting,2025-09,responded_strict,0.61,2038,1244,140,0.11254019292604502,0.9032258064516129,0.0760549558390579,1.4797220205372887
extended_boosting,2025-09,responded_strict,0.62,2038,1264,140,0.11075949367088607,0.9032258064516129,0.0760549558390579,1.4563086974275214
extended_boosting,2025-09,responded_strict,0.63,2038,1284,141,0.10981308411214953,0.9096774193548387,0.0760549558390579,1.443864938197166
extended_boosting,2025-09,responded_strict,0.64,2038,1305,142,0.10881226053639846,0.9161290322580645,0.0760549558390579,1.4307057224076134
extended_boosting,2025-09,responded_strict,0.65,2038,1325,142,0.10716981132075472,0.9161290322580645,0.0760549558390579,1.4091101643335362
extended_boosting,2025-09,responded_strict,0.66,2038,1346,144,0.10698365527488855,0.9290322580645162,0.0760549558390579,1.406662512582083
extended_boosting,2025-09,responded_strict,0.67,2038,1366,144,0.1054172767203514,0.9290322580645162,0.0760549558390579,1.3860671610069428
extended_boosting,2025-09,responded_strict,0.68,2038,1386,144,0.1038961038961039,0.9290322580645162,0.0760549558390579,1.3660661918726436
extended_boosting,2025-09,responded_strict,0.69,2038,1407,145,0.10305614783226724,0.9354838709677419,0.0760549558390579,1.3550221244010363
extended_boosting,2025-09,responded_strict,0.7,2038,1427,145,0.10161177295024527,0.9354838709677419,0.0760549558390579,1.336030924339354
extended_boosting,2025-09,responded_strict,0.71,2038,1447,146,0.10089841050449205,0.9419354838709677,0.0760549558390579,1.326651358762289
extended_boosting,2025-09,responded_strict,0.72,2038,1468,148,0.1008174386920981,0.9548387096774194,0.0760549558390579,1.325586710029006
extended_boosting,2025-09,responded_strict,0.73,2038,1488,148,0.09946236559139784,0.9548387096774194,0.0760549558390579,1.307769684356573
extended_boosting,2025-09,responded_strict,0.74,2038,1509,150,0.09940357852882704,0.967741935483871,0.0760549558390579,1.3069967293016098
extended_boosting,2025-09,responded_strict,0.75,2038,1529,150,0.09810333551340746,0.967741935483871,0.0760549558390579,1.289900630814996
extended_boosting,2025-09,responded_strict,0.76,2038,1549,152,0.09812782440284054,0.9806451612903225,0.0760549558390579,1.2902226202128324
extended_boosting,2025-09,responded_strict,0.77,2038,1570,152,0.09681528662420383,0.9806451612903225,0.0760549558390579,1.2729648654201768
extended_boosting,2025-09,responded_strict,0.78,2038,1590,152,0.09559748427672957,0.9806451612903225,0.0760549558390579,1.256952728748225
extended_boosting,2025-09,responded_strict,0.79,2038,1611,152,0.09435133457479826,0.9806451612903225,0.0760549558390579,1.2405678700867022
extended_boosting,2025-09,responded_strict,0.8,2038,1631,152,0.0931943592887799,0.9806451612903225,0.0760549558390579,1.2253555111647318
extended_boosting,2025-09,responded_strict,0.81,2038,1651,153,0.09267110841913992,0.9870967741935484,0.0760549558390579,1.2184756061819817
extended_boosting,2025-09,responded_strict,0.82,2038,1672,153,0.09150717703349283,0.9870967741935484,0.0760549558390579,1.2031717857694089
extended_boosting,2025-09,responded_strict,0.83,2038,1692,153,0.09042553191489362,0.9870967741935484,0.0760549558390579,1.1889498970487304
extended_boosting,2025-09,responded_strict,0.84,2038,1712,153,0.08936915887850468,0.9870967741935484,0.0760549558390579,1.1750602954476936
extended_boosting,2025-09,responded_strict,0.85,2038,1733,153,0.0882862088863243,0.9870967741935484,0.0760549558390579,1.1608212497440575
extended_boosting,2025-09,responded_strict,0.86,2038,1753,153,0.08727895037079293,0.9870967741935484,0.0760549558390579,1.147577424875329
extended_boosting,2025-09,responded_strict,0.87,2038,1774,153,0.08624577226606539,0.9870967741935484,0.0760549558390579,1.1339927992144598
extended_boosting,2025-09,responded_strict,0.88,2038,1794,153,0.08528428093645485,0.9870967741935484,0.0760549558390579,1.1213507390225483
extended_boosting,2025-09,responded_strict,0.89,2038,1814,153,0.08434399117971333,0.9870967741935484,0.0760549558390579,1.1089874453177793
extended_boosting,2025-09,responded_strict,0.9,2038,1835,153,0.08337874659400545,0.9870967741935484,0.0760549558390579,1.0962960358618263
extended_boosting,2025-09,responded_strict,0.91,2038,1855,153,0.08247978436657682,0.9870967741935484,0.0760549558390579,1.0844761325102166
extended_boosting,2025-09,responded_strict,0.92,2038,1875,153,0.0816,0.9870967741935484,0.0760549558390579,1.0729083870967742
extended_boosting,2025-09,responded_strict,0.93,2038,1896,153,0.08069620253164557,0.9870967741935484,0.0760549558390579,1.0610249081257657
extended_boosting,2025-09,responded_strict,0.94,2038,1916,153,0.07985386221294363,0.9870967741935484,0.0760549558390579,1.0499494915482523
extended_boosting,2025-09,responded_strict,0.95,2038,1937,154,0.07950438822922044,0.9935483870967742,0.0760549558390579,1.045354472330008
extended_boosting,2025-09,responded_strict,0.96,2038,1957,154,0.07869187531936638,0.9935483870967742,0.0760549558390579,1.0346712380701204
extended_boosting,2025-09,responded_strict,0.97,2038,1977,155,0.07840161861406171,1.0,0.0760549558390579,1.0308548305513405
extended_boosting,2025-09,responded_strict,0.98,2038,1998,155,0.07757757757757758,1.0,0.0760549558390579,1.02002002002002
extended_boosting,2025-09,responded_strict,0.99,2038,2018,155,0.07680872150644202,1.0,0.0760549558390579,1.0099108027750248
extended_boosting,2025-09,responded_strict,1.0,2038,2038,155,0.0760549558390579,1.0,0.0760549558390579,1.0
