hcp_id,period,responded_strict,selected_score,decile_score
100225,2025-12,0,0.35283736744865457,0.9
101744,2025-11,0,0.004876973175315432,0.3
100066,2025-11,0,0.26426871254708567,1.0
100983,2025-10,0,0.011555655011319233,0.2
102015,2025-10,0,0.02188973245078328,0.6
100936,2025-11,0,0.036862335533219416,1.0
101982,2025-11,0,0.1261749434611883,0.9
100868,2025-11,0,0.02807417575086342,0.8
100995,2025-10,0,0.04542511563474217,0.8
100469,2025-11,0,0.04534397822167462,0.6
100052,2025-12,0,0.17544063367697424,0.9
102020,2025-12,0,0.02709480424629439,0.3
101747,2025-12,0,0.03387735958801022,0.3
101070,2025-12,0,0.05972835395341549,0.5
101684,2025-12,0,0.09297169162875543,1.0
101668,2025-10,1,0.057593854047737016,0.6
101477,2025-10,0,0.03829704816059818,0.5
100409,2025-12,0,0.05092178422212199,0.6
101763,2025-12,1,0.15280365460666395,0.9
101706,2025-12,0,0.039775149636541725,0.5
101955,2025-10,0,0.028326798333674946,0.3
101431,2025-11,0,0.16424110062227235,0.9
100384,2025-11,0,0.018640920019864452,0.2
100880,2025-12,0,0.05558364837589996,0.9
100869,2025-11,0,0.18918215879947944,0.7
100025,2025-12,0,0.1400525892610532,0.7
100350,2025-12,0,0.09132127213246474,0.5
100647,2025-11,0,0.1506516377079678,0.7
101087,2025-12,1,0.20873351432584772,1.0
101845,2025-11,0,0.014141709256561996,0.2
101549,2025-10,0,0.043815986152384294,0.8
100363,2025-10,0,0.08778177883903188,0.8
101975,2025-10,0,0.0038234796588227818,0.1
101722,2025-11,1,0.02535386690333018,0.4
101946,2025-11,1,0.19618661834947873,0.8
101865,2025-10,0,0.0021269703376761606,0.1
101696,2025-12,0,0.12026719052020259,0.8
100524,2025-10,0,0.11367106944937477,0.9
100805,2025-11,0,0.01283376600326687,0.4
101444,2025-11,0,0.017241132130153974,0.1
101866,2025-10,1,0.15544429235218152,0.8
100777,2025-11,0,0.09666348244199537,1.0
101555,2025-10,0,0.05663258464639426,0.2
100850,2025-11,0,0.025076339451814058,0.1
100126,2025-12,0,0.10187869150934206,0.4
100983,2025-11,0,0.040250316289449015,0.2
101628,2025-11,0,0.1295116875329617,0.9
100148,2025-10,0,0.16402270228287696,1.0
101488,2025-12,0,0.06283133557178243,0.7
101624,2025-10,1,0.1857961303351832,0.9
101789,2025-10,0,0.007124809275566854,0.4
101945,2025-11,0,0.15101373834374085,1.0
101649,2025-11,0,0.030065396090168343,0.3
101969,2025-11,0,0.012058349637627348,0.2
100407,2025-10,0,0.12404230466379301,0.9
101921,2025-10,0,0.0196926536660933,0.1
100474,2025-12,0,0.05419628143395809,0.6
101523,2025-12,0,0.04531543318957956,0.7
100276,2025-11,0,0.13005148959990248,1.0
100239,2025-11,1,0.09774032348435012,0.9
101367,2025-12,0,0.36852133804620657,1.0
101489,2025-10,0,0.34141836909414536,1.0
100260,2025-11,0,0.04410905490083201,0.5
101244,2025-12,0,0.10475348721995036,0.5
101268,2025-12,0,0.03697449978152555,0.5
101725,2025-11,0,0.09938558356508635,0.4
100490,2025-11,0,0.04049463240349204,0.3
100642,2025-12,0,0.019405621291769166,0.1
100210,2025-11,0,0.059611196310678335,0.8
100112,2025-11,1,0.15762542390866485,0.7
100786,2025-11,0,0.0746124122420036,0.6
101593,2025-12,0,0.014233812221942572,0.1
100633,2025-12,0,0.10194499047920685,0.6
101507,2025-11,1,0.18306250066725702,0.9
100216,2025-11,0,0.1256721168625259,1.0
100208,2025-12,0,0.008546373921800299,0.2
101160,2025-10,0,0.20333660592042163,1.0
101009,2025-11,0,0.10301637112809199,0.9
101688,2025-11,0,0.014253027303442687,0.3
101809,2025-12,0,0.10022249015435183,0.9
100719,2025-10,0,0.035885376181259254,0.5
100010,2025-12,0,0.20131806422215096,0.8
100185,2025-11,0,0.09725790230710024,0.6
101276,2025-12,0,0.0910196341447054,1.0
101495,2025-11,0,0.048560483593669615,0.5
100509,2025-10,0,0.18181072249521038,0.8
101716,2025-11,0,0.07721417228827927,0.3
100960,2025-12,1,0.035403059768384405,0.4
101865,2025-12,0,0.019747258505653505,0.1
101149,2025-10,0,0.008556025530686916,0.1
101965,2025-12,0,0.11933407375923061,1.0
101424,2025-11,0,0.00648139097994398,0.1
100670,2025-11,0,0.3606608809708927,1.0
101081,2025-11,0,0.015019232779704433,0.3
101783,2025-12,0,0.21765317315486735,1.0
101427,2025-12,0,0.04774484068340199,0.3
101001,2025-12,0,0.18128366185952832,0.9
102014,2025-10,0,0.025063366798232074,0.4
101929,2025-12,0,0.08932136648229547,0.7
101340,2025-12,0,0.008684178908448786,0.1
101422,2025-12,0,0.022232684217233116,0.2
100529,2025-10,0,0.18305898122777423,0.6
101637,2025-10,0,0.027688801853335894,0.4
101041,2025-11,0,0.017714774390709342,0.4
100578,2025-12,0,0.0341153719129361,0.9
100011,2025-10,0,0.04806945755478331,0.5
101991,2025-11,0,0.12336583571358424,0.5
100042,2025-11,0,0.036151987792656506,0.2
101335,2025-10,0,0.0476056883978633,0.6
102009,2025-12,0,0.15738782982164265,0.6
100084,2025-12,0,0.031240864817019896,0.2
101596,2025-12,0,0.04858751116521003,0.7
102074,2025-10,0,0.05727001336958733,0.5
101438,2025-10,0,0.04307824375903609,0.5
101678,2025-10,0,0.024555508358667374,0.3
101914,2025-12,0,0.06054277397788542,0.7
100070,2025-11,0,0.03810814291653427,0.3
101091,2025-12,0,0.010871677517963045,0.2
102075,2025-12,0,0.24101418226972957,0.9
101449,2025-12,0,0.19653239646977533,1.0
101294,2025-10,1,0.16859879722500398,0.7
100058,2025-12,0,0.08103097736892273,0.6
101510,2025-10,0,0.11417631084593562,0.6
100596,2025-11,0,0.016075856728635814,0.3
101321,2025-10,0,0.12067883980961931,0.5
100975,2025-10,0,0.04971996707599154,0.9
102026,2025-12,0,0.050707697268058634,0.6
100056,2025-12,0,0.17239572997995015,1.0
100228,2025-10,0,0.07705475716189245,0.5
101640,2025-12,0,0.02331784691610495,0.4
100638,2025-11,0,0.015613687640003223,0.3
101790,2025-12,0,0.23944744028008688,0.9
100594,2025-12,0,0.02630044452699406,0.4
101409,2025-11,0,0.10395747130143444,0.8
100633,2025-10,0,0.1782316872796539,0.6
101659,2025-10,0,0.011918068945379985,0.2
101293,2025-11,0,0.0408963612920654,0.1
101643,2025-10,0,0.03456798515177655,0.4
100890,2025-10,0,0.0586459098455335,0.3
102010,2025-10,0,0.07701448103383239,0.6
100447,2025-10,0,0.04972583938009546,0.5
101046,2025-12,1,0.14154977159365412,0.7
100348,2025-11,0,0.02599839764463578,0.2
100262,2025-12,0,0.03399351103169827,0.6
101937,2025-12,0,0.03596775598503779,0.5
101191,2025-10,0,0.05768860424433703,0.7
100837,2025-11,0,0.014741831759352909,0.1
100494,2025-10,0,0.22415422985764513,0.7
101068,2025-12,0,0.1365400575676695,0.6
100594,2025-11,0,0.02498924999681894,0.4
101634,2025-12,0,0.03159897767936576,0.8
100277,2025-12,0,0.028836018485957886,0.2
100069,2025-11,0,0.005973876680901475,0.1
101912,2025-11,0,0.0764773037331987,0.1
100801,2025-12,0,0.04885746994736591,0.4
101498,2025-11,0,0.03514728549821394,0.2
100834,2025-10,0,0.02095409130652703,0.1
101881,2025-12,0,0.16949849884566862,0.9
100484,2025-11,0,0.24991425221999006,0.9
100737,2025-12,0,0.016831030093908465,0.3
101650,2025-12,0,0.07910717639544754,0.6
101408,2025-12,0,0.06101516591692527,0.6
101802,2025-12,0,0.017385061568831166,0.4
100935,2025-10,0,0.10972319427368275,0.9
100344,2025-10,0,0.042406971776787455,0.3
100484,2025-10,0,0.09907544986281523,0.9
100892,2025-10,1,0.26225164313423505,1.0
100540,2025-11,0,0.07744487714208222,0.7
101445,2025-12,0,0.005659190333536011,0.1
100780,2025-12,0,0.042335255167913276,0.6
100712,2025-12,0,0.008800894246259681,0.1
100415,2025-10,1,0.09354294465001642,0.7
101750,2025-10,0,0.020996162599565805,0.3
101435,2025-10,0,0.0665353430298132,0.6
100345,2025-10,1,0.111486037560065,0.9
100065,2025-10,0,0.024918663046332657,0.4
101054,2025-10,0,0.06297703514219491,0.6
101090,2025-12,0,0.004245327804071494,0.1
100875,2025-12,1,0.3626383439006504,0.9
100273,2025-11,0,0.06801804353106934,0.4
100512,2025-11,0,0.05585819441878305,0.7
101393,2025-10,0,0.09363193323791989,0.9
101900,2025-10,0,0.010289572734083315,0.1
101181,2025-11,0,0.11062075378132923,0.9
100884,2025-10,1,0.0775925172567715,0.9
100065,2025-12,0,0.017772544807531314,0.4
100662,2025-12,0,0.23398400407595993,0.9
100174,2025-12,0,0.03172138780697648,0.5
101595,2025-10,0,0.043659491289234804,0.6
100516,2025-10,0,0.03662233331443173,0.2
101230,2025-11,0,0.02580524594039897,0.4
101845,2025-12,0,0.021078938876797914,0.2
100327,2025-12,0,0.025535967216821952,0.6
102079,2025-12,0,0.242989374428031,1.0
101932,2025-12,0,0.04993881359456967,0.7
100614,2025-12,0,0.015749107930031897,0.2
101140,2025-10,0,0.10292399819358747,1.0
100164,2025-12,0,0.005319913861421045,0.1
102096,2025-11,0,0.328921487108103,1.0
101480,2025-10,0,0.1685006357245913,0.6
102073,2025-12,0,0.06492171206234801,0.5
101593,2025-11,0,0.009968992494806221,0.1
101512,2025-11,0,0.2557997249729876,0.9
102029,2025-11,0,0.16504576279861977,1.0
101280,2025-12,1,0.3268430807670653,1.0
102061,2025-11,0,0.010468061195534851,0.3
100086,2025-12,0,0.0564048453579953,0.4
100108,2025-12,0,0.06688854973183021,0.9
101815,2025-12,0,0.024880982197985377,0.3
100770,2025-12,0,0.0427695749766564,0.5
101654,2025-10,0,0.017678471086925246,0.1
100373,2025-11,0,0.002937176474942107,0.1
100742,2025-12,0,0.01117046073951,0.1
102042,2025-10,0,0.049935610305408246,0.3
101212,2025-10,0,0.03694745540025318,0.2
101901,2025-12,0,0.15963292197133883,0.8
101164,2025-11,1,0.13447645744365413,0.9
101150,2025-11,0,0.28859512689700956,0.8
102064,2025-12,0,0.020263108296195702,0.2
100755,2025-11,0,0.024880277823521573,0.6
101176,2025-11,0,0.04310442849771723,0.5
100499,2025-12,0,0.056195059595971444,0.6
100984,2025-10,0,0.05340161531016854,0.7
101017,2025-11,0,0.010648500230973381,0.1
100621,2025-12,0,0.009706425402553707,0.1
100121,2025-10,0,0.008973748442398403,0.1
101899,2025-12,0,0.07797592090733267,0.4
100849,2025-12,1,0.3216453992447448,0.9
101099,2025-12,0,0.04386983777464044,0.5
101622,2025-12,0,0.07287752604145227,0.4
101972,2025-10,0,0.05312952207088912,0.3
100955,2025-10,1,0.07757197377830259,0.4
100334,2025-11,0,0.2199125902644523,1.0
101821,2025-10,0,0.02637547071766649,0.7
100978,2025-12,0,0.03704818995413845,0.7
100336,2025-10,0,0.004073734367183266,0.1
100077,2025-11,0,0.019567200085349366,0.3
101569,2025-12,0,0.2702624340444115,1.0
100709,2025-12,0,0.06256996623273083,0.3
101904,2025-10,0,0.022251373831250226,0.3
100199,2025-12,0,0.053612329711221936,0.3
101623,2025-11,0,0.16285819328969203,0.9
100882,2025-10,1,0.22920245413603585,1.0
101385,2025-12,0,0.009361863520857622,0.2
101909,2025-11,0,0.16908804224520405,1.0
101700,2025-10,0,0.03726182586397445,0.3
102091,2025-12,0,0.048052982379408374,0.5
101644,2025-10,0,0.06921410392420589,0.3
100079,2025-10,0,0.11314673108625045,0.8
100552,2025-12,0,0.013078856142471978,0.1
100800,2025-10,0,0.003958321616328598,0.2
101190,2025-12,0,0.019216463965107417,0.1
100289,2025-12,0,0.09237007154568788,0.8
100554,2025-12,0,0.029576375079696533,0.5
100788,2025-12,0,0.07034006413292201,0.8
101548,2025-11,0,0.026651664077212263,0.2
101249,2025-10,0,0.035760298107167104,0.6
101892,2025-12,0,0.08960360044364858,0.8
101408,2025-10,0,0.04286339568467078,0.6
101223,2025-11,0,0.123658987642412,0.8
100532,2025-12,0,0.06534658809096512,0.4
100300,2025-11,0,0.15020946364854543,1.0
101826,2025-12,0,0.17028087143842935,0.8
100683,2025-11,0,0.013736540788604326,0.1
101386,2025-11,0,0.03410897533069632,0.6
102048,2025-10,1,0.10308060602739479,0.8
101211,2025-10,0,0.02902347497942797,0.2
100105,2025-11,0,0.11312420820468069,0.5
100151,2025-12,0,0.15672327268854325,0.7
100954,2025-10,0,0.05872633747303581,0.7
101686,2025-11,0,0.029872969590316857,0.2
101449,2025-10,1,0.3523722374927893,1.0
101917,2025-10,0,0.1515546778002486,0.8
100691,2025-10,0,0.07147073385359817,0.2
101253,2025-11,0,0.06540382362745793,0.6
101437,2025-11,0,0.30656286167604596,1.0
100236,2025-12,0,0.010030364771773414,0.2
102035,2025-10,0,0.039372175927588314,0.5
101806,2025-10,0,0.27075220300643676,0.9
100414,2025-12,0,0.027920847247691286,0.8
100722,2025-11,0,0.03970423637663109,0.5
100269,2025-10,0,0.2199130999553484,0.9
101693,2025-10,0,0.00592183931179648,0.1
100405,2025-11,0,0.014004180923420689,0.1
100182,2025-12,0,0.021785369780791805,0.3
100186,2025-11,0,0.09195535350876058,0.5
100025,2025-10,1,0.1329315438299935,0.7
100396,2025-10,0,0.10284502614520204,0.5
101648,2025-12,0,0.02849829972482061,0.3
101256,2025-12,0,0.18759240425479065,0.7
101317,2025-11,0,0.11101286597525772,0.9
100772,2025-10,0,0.03733962859252648,0.8
101330,2025-11,0,0.04887642916310039,0.6
100839,2025-12,0,0.022752486536057638,0.5
100681,2025-10,0,0.14241580021826644,0.9
102071,2025-11,0,0.014119086438805996,0.5
101817,2025-11,1,0.0916635552994845,0.8
101060,2025-11,0,0.03865753754127131,0.2
101357,2025-10,0,0.08682014940590446,0.9
101611,2025-10,0,0.1105955121163995,0.5
102056,2025-11,0,0.01327616521831648,0.3
100310,2025-10,0,0.052226030974862864,0.5
100976,2025-10,0,0.019783223224083483,0.3
100353,2025-12,0,0.047884459074436996,0.4
100389,2025-12,0,0.02998915993121901,0.6
100175,2025-10,1,0.1295947211917871,1.0
100893,2025-10,0,0.03719125121493989,0.1
100190,2025-12,0,0.07527751798307339,0.5
101966,2025-12,0,0.028101840711138356,0.3
100600,2025-12,0,0.009517251043251213,0.2
100777,2025-10,0,0.04564763494209065,1.0
101302,2025-12,0,0.17966397048351404,0.9
100358,2025-10,0,0.08761589518447659,0.7
100977,2025-12,0,0.13723297229293213,1.0
101897,2025-12,0,0.059277450461937366,0.6
101994,2025-10,0,0.021906955153548874,0.3
101334,2025-10,0,0.14486743565672797,0.8
100919,2025-11,0,0.15420545679943826,1.0
101970,2025-10,0,0.05909319689262826,0.3
101901,2025-10,0,0.023920107725045714,0.8
101062,2025-10,0,0.07213541372112181,0.4
100455,2025-12,0,0.01034581485611017,0.2
100974,2025-10,0,0.007660000587704224,0.2
100900,2025-10,0,0.07251151540448271,0.6
100781,2025-10,0,0.01989296537568533,0.3
100588,2025-10,0,0.041058578286128376,0.5
100985,2025-10,0,0.07957427499183274,0.9
100519,2025-12,0,0.1541718782674644,1.0
100911,2025-10,0,0.10301252285824845,0.5
102092,2025-11,0,0.01891765211528192,0.3
100731,2025-11,0,0.14586482603194975,0.5
100154,2025-11,0,0.012010516774463475,0.6
102068,2025-12,0,0.06628702861623567,0.5
100575,2025-11,0,0.011240219009867039,0.2
100623,2025-11,0,0.10751756727667396,0.8
101738,2025-12,1,0.28720866929988054,1.0
101718,2025-10,0,0.10849145342626632,0.3
101156,2025-11,0,0.11248593978802075,0.7
100466,2025-12,0,0.18989145727872206,0.6
100195,2025-10,0,0.03249947829584975,0.5
101765,2025-12,0,0.02076614708406794,0.1
100187,2025-10,0,0.3099752189289563,0.9
101973,2025-10,0,0.027914144628772865,0.1
101105,2025-12,0,0.08783141111523135,0.5
101546,2025-11,0,0.03535561368533288,0.2
101548,2025-10,0,0.011558480875346274,0.2
100046,2025-10,0,0.010392115867564784,0.2
101283,2025-11,0,0.025074097748835837,0.4
101843,2025-12,0,0.024008947284262935,0.7
100249,2025-12,0,0.024452239407342775,0.5
100855,2025-11,0,0.025532417766896163,0.7
101660,2025-11,0,0.1804100932841114,1.0
101323,2025-11,0,0.04987038428060443,0.7
100184,2025-11,0,0.016346672374678618,0.1
100005,2025-10,0,0.03996223129149246,0.8
101132,2025-10,0,0.05146970333973785,0.6
101844,2025-11,0,0.031238662971287242,0.1
101545,2025-10,0,0.048161228390555734,0.5
101737,2025-10,1,0.08555501792454377,0.8
100536,2025-11,0,0.19563624548627656,0.8
101124,2025-11,0,0.2211927864401671,1.0
101611,2025-12,0,0.07852677774871203,0.5
100024,2025-11,0,0.11661672127171357,0.8
101592,2025-12,0,0.10942871316295343,0.8
100595,2025-10,0,0.06276204912808542,0.6
100879,2025-12,0,0.017617676607408466,0.4
100391,2025-11,0,0.021452414782604203,0.7
100099,2025-10,0,0.043488238281620406,0.5
100626,2025-12,0,0.19489254852225538,0.7
100141,2025-10,0,0.03755038940267692,0.3
101149,2025-11,0,0.028013822576420065,0.1
100269,2025-11,0,0.11538321868215307,0.9
101769,2025-10,0,0.12363932793242118,0.9
101215,2025-10,0,0.1451741011528042,0.9
101746,2025-12,0,0.13497341799324886,1.0
100764,2025-11,0,0.08027649127322775,0.6
101759,2025-12,0,0.07843886292406722,0.5
101256,2025-10,0,0.24376526017244182,0.7
101955,2025-11,0,0.012929271054351483,0.3
101100,2025-10,0,0.10116221226346404,0.7
100613,2025-12,0,0.10890627204841086,0.6
100861,2025-11,0,0.039491780690741565,0.2
101907,2025-10,0,0.08223363985451963,0.9
100639,2025-10,0,0.04062135162941322,0.2
101061,2025-12,0,0.012226412568008122,0.2
100786,2025-12,0,0.033613245902575556,0.6
100252,2025-10,0,0.12906626828891968,0.7
101201,2025-12,0,0.03507682695961247,0.2
100267,2025-10,0,0.10133603683483824,1.0
101602,2025-11,0,0.017981872190978646,0.5
101730,2025-11,0,0.014669945837379067,0.4
101069,2025-10,0,0.06584369873232228,0.7
100603,2025-11,0,0.09110443384335908,0.8
101332,2025-11,0,0.1604582994991709,0.8
101956,2025-10,0,0.050322634251106835,0.9
101315,2025-12,0,0.004099198746538118,0.1
100172,2025-10,0,0.07200109028199461,0.6
101816,2025-10,0,0.0699670289071949,0.3
101005,2025-10,0,0.15101127652926916,1.0
100461,2025-11,0,0.10697617979189424,0.9
100136,2025-12,0,0.09374348759554413,0.5
101732,2025-12,0,0.011162804656205918,0.1
100907,2025-11,0,0.18156671236550226,0.9
101427,2025-11,0,0.031611117575203324,0.3
100969,2025-10,0,0.03643756688049529,0.1
101187,2025-10,0,0.035208979254390184,0.1
101068,2025-11,0,0.05781976666691798,0.6
100470,2025-12,0,0.02420138521504575,0.7
101060,2025-12,0,0.0315027875826983,0.2
100407,2025-11,0,0.14427224825248172,0.9
101135,2025-12,0,0.10954283070923178,0.8
100703,2025-12,0,0.048593912594507474,0.5
101460,2025-10,0,0.12716177443309967,0.5
100937,2025-10,0,0.10294079411576901,0.7
100064,2025-12,0,0.09709019894006984,0.6
101111,2025-12,0,0.017017245115150004,0.3
101440,2025-10,0,0.019680552561073792,0.2
101089,2025-11,0,0.07742326829619176,0.6
102039,2025-10,0,0.019831003936944022,0.3
101545,2025-11,0,0.08847118024081484,0.5
101777,2025-10,0,0.10015710738714642,0.8
102087,2025-12,0,0.012130693055215674,0.1
101129,2025-10,0,0.06729585163522171,0.4
100252,2025-11,0,0.13606236989786633,0.7
100410,2025-12,0,0.012423323003141522,0.1
101995,2025-12,0,0.033565683424679395,0.3
101287,2025-11,0,0.17410647639284407,0.8
101270,2025-10,0,0.18366172713624285,0.7
101828,2025-12,0,0.07666686815949504,0.8
100161,2025-10,0,0.0873175588506824,1.0
100025,2025-11,0,0.12798202597995315,0.7
100107,2025-12,0,0.021233190874080692,0.4
100671,2025-12,0,0.038972804990687275,0.2
101868,2025-10,0,0.014310651299713916,0.3
101161,2025-10,0,0.046775121880946686,0.5
101681,2025-12,0,0.11032047914060349,0.8
101034,2025-12,0,0.01220838506725986,0.1
101108,2025-11,0,0.06698495964752867,0.4
101008,2025-12,0,0.04011812192333829,0.3
101112,2025-12,0,0.14382071171210248,0.6
101535,2025-11,1,0.10544842914880206,0.6
100496,2025-12,0,0.27912216377955784,1.0
101755,2025-11,0,0.019600129718310086,0.4
101362,2025-12,0,0.06191365967027143,0.6
100098,2025-12,0,0.032418463458995586,0.2
101898,2025-12,0,0.09816814194703115,0.6
101018,2025-10,0,0.13799615471704185,0.8
100847,2025-12,0,0.02583345725269538,0.5
100037,2025-12,1,0.014528017582116684,0.2
100945,2025-12,0,0.13543952338571733,0.8
100572,2025-12,0,0.10894585047156607,0.8
101306,2025-12,0,0.007146669969030087,0.3
100335,2025-12,0,0.04429202516260099,0.8
101164,2025-10,0,0.12958687458114482,0.9
100282,2025-12,0,0.012721454126425773,0.2
101896,2025-10,1,0.0856068531687709,0.5
101682,2025-11,0,0.00823046691421298,0.1
100806,2025-11,0,0.0835641540970794,0.7
100668,2025-11,0,0.04563785408638282,0.7
101090,2025-11,0,0.007302129507248651,0.1
100206,2025-11,0,0.1672826028014001,0.8
100291,2025-10,0,0.07139934740074631,0.7
102042,2025-11,0,0.023727686690875903,0.3
100388,2025-11,0,0.046812041390614866,0.6
100688,2025-11,0,0.05632878126880753,0.3
102064,2025-10,0,0.02823925739350428,0.2
101589,2025-10,0,0.13840906963201532,0.7
100675,2025-11,0,0.0032078788711344497,0.1
100564,2025-10,0,0.16125141669408055,1.0
101389,2025-10,0,0.036008009709110916,0.3
100941,2025-12,0,0.03287071211398682,0.6
101225,2025-11,1,0.0350045543136147,0.3
100335,2025-10,0,0.0775756838506318,0.8
101900,2025-12,0,0.028028942202671627,0.1
101270,2025-11,0,0.14539858494586957,0.7
100702,2025-11,0,0.05578075716578696,1.0
101723,2025-11,0,0.029668584174357117,0.8
100146,2025-10,0,0.0522174937886909,0.6
100643,2025-10,0,0.024412007395249524,0.7
100110,2025-10,0,0.016072276190209202,0.4
100971,2025-12,0,0.08436442599224102,0.9
100251,2025-12,0,0.007710471734515134,0.2
100807,2025-12,1,0.13341225634643608,0.7
100087,2025-10,0,0.0328142446988673,0.4
100605,2025-12,0,0.17756679217342092,0.9
100837,2025-10,0,0.011964286527766885,0.1
100486,2025-11,0,0.07025157786943362,0.8
100367,2025-12,0,0.07385853373793973,0.3
101690,2025-10,1,0.34746907462089593,1.0
102019,2025-10,0,0.19167000402267162,1.0
101196,2025-12,0,0.08226356835269659,0.7
101323,2025-12,1,0.1341105995454685,0.7
101404,2025-12,0,0.0350261393206827,0.2
101025,2025-11,0,0.0635702951619417,0.3
100512,2025-10,0,0.042608666886341975,0.7
101698,2025-12,0,0.072817199893932,0.6
100537,2025-10,0,0.053863719940678095,0.4
101529,2025-10,1,0.08902237396111555,0.9
101494,2025-12,0,0.03758548232026779,0.6
101181,2025-12,0,0.21263781051403005,0.9
100852,2025-12,0,0.1154007194416289,0.8
100026,2025-12,1,0.04814734082095006,0.6
100068,2025-10,0,0.06704792401510552,0.5
100877,2025-10,0,0.14354253920022492,1.0
101426,2025-12,0,0.00523298947781628,0.1
101431,2025-12,1,0.27365050600367447,0.9
100258,2025-12,0,0.08021109515743412,0.6
100043,2025-12,0,0.03344295840777107,0.3
100745,2025-12,0,0.2451709286686459,1.0
100219,2025-11,0,0.16933995709192232,0.7
101919,2025-10,1,0.257764746352031,0.9
100507,2025-12,0,0.017642352406376287,0.2
100101,2025-10,0,0.003633613092512248,0.2
100558,2025-10,0,0.09702263032213394,0.5
101745,2025-12,0,0.039516114403925946,0.1
102036,2025-11,0,0.0315866910411443,0.4
101998,2025-11,0,0.015267257219279694,0.2
100739,2025-11,0,0.03949574809535969,0.4
100267,2025-11,0,0.3018880156687418,1.0
101482,2025-12,0,0.06793858716190943,0.9
100266,2025-10,0,0.03546955060527767,0.4
100753,2025-12,0,0.02557479889845213,0.6
101673,2025-10,0,0.13600208714149223,0.8
100632,2025-11,0,0.07904593280770791,0.6
101616,2025-10,0,0.023476658180290596,0.4
100677,2025-12,0,0.028736009263322586,0.3
101497,2025-11,0,0.01072738947958387,0.5
100992,2025-10,0,0.31947338528365765,1.0
101637,2025-12,0,0.04986756611928181,0.4
100880,2025-11,0,0.19661764953804492,0.9
100858,2025-12,0,0.05106935739061434,0.8
100642,2025-10,0,0.017219358090305573,0.1
101268,2025-11,0,0.07633730187599906,0.5
100922,2025-12,0,0.03125875466683799,0.3
100915,2025-10,0,0.21191094637019023,0.8
101161,2025-12,0,0.008597764441927764,0.5
101429,2025-11,0,0.0448389910794776,0.4
101527,2025-12,1,0.3060680681880842,1.0
101038,2025-10,0,0.026818216815000517,0.6
101667,2025-11,0,0.05032957226089662,0.3
101499,2025-11,0,0.16126572383014717,0.9
100787,2025-11,0,0.24209445816879324,0.8
101119,2025-12,0,0.22882956747918243,0.9
101984,2025-10,0,0.043669686504652375,0.1
100379,2025-11,0,0.07327604076704118,0.8
100308,2025-11,1,0.1862684390745973,0.8
101396,2025-12,0,0.016169113947123923,0.1
101166,2025-11,0,0.00907925580928223,0.2
101322,2025-11,0,0.12892441667804247,0.9
100629,2025-11,0,0.15627892044464423,0.7
100221,2025-10,0,0.04166404463652729,0.3
100502,2025-11,1,0.06890929691537609,0.5
101269,2025-10,0,0.0071232927289494145,0.2
100594,2025-10,0,0.06346099698981111,0.4
100343,2025-11,0,0.05213138574833294,0.4
100782,2025-10,0,0.06652562622405393,0.5
100576,2025-11,0,0.02446094529643473,0.2
100162,2025-10,0,0.06911499505314576,0.8
100071,2025-10,0,0.026632541910010948,0.5
100718,2025-10,0,0.06484193403321069,0.1
100105,2025-10,0,0.08517218273299136,0.5
100398,2025-12,0,0.031219713498770136,0.3
100219,2025-12,0,0.11493660556207222,0.7
100568,2025-10,0,0.046877001543854664,0.4
100767,2025-12,0,0.03553186612752232,0.5
100807,2025-11,0,0.08186700242893796,0.7
101644,2025-12,0,0.04938319971034214,0.3
101626,2025-10,0,0.24106713848721617,0.9
100593,2025-10,0,0.06602506805113835,0.8
101647,2025-11,0,0.1459122117318502,0.9
100306,2025-12,0,0.011548429500076257,0.4
101631,2025-10,0,0.09884304933120455,0.5
101161,2025-11,0,0.01100758691833097,0.5
101636,2025-11,0,0.28730177298092796,0.9
100133,2025-11,0,0.023866962771579077,0.1
101426,2025-10,0,0.027500278996996162,0.1
100687,2025-11,1,0.04245377612890792,0.3
101825,2025-11,0,0.29932313518258474,0.9
100903,2025-11,0,0.04999778874983607,0.7
100222,2025-10,0,0.14090029816371258,0.8
100848,2025-10,0,0.11805047389984859,0.7
100712,2025-11,0,0.028580206814338087,0.1
101278,2025-12,0,0.019778647996323534,0.3
101446,2025-12,0,0.15833726382714794,0.8
100936,2025-12,0,0.27008615534092656,1.0
101641,2025-12,0,0.02638005318828054,0.2
101247,2025-11,0,0.11995079292976939,0.6
101300,2025-12,0,0.012011791043840096,0.2
100598,2025-12,0,0.020447182045324534,0.3
101378,2025-10,1,0.17469330845755637,1.0
100652,2025-12,0,0.028158365386028655,0.4
101658,2025-12,0,0.024583706732486835,0.2
100441,2025-11,0,0.16917107589156422,0.7
100028,2025-12,0,0.01981807506332453,0.2
100198,2025-12,0,0.06447992322402898,0.5
100124,2025-10,0,0.11958609642127917,0.6
101448,2025-10,0,0.4352407931136159,1.0
101553,2025-10,0,0.033003334488955254,0.5
100492,2025-10,0,0.12813254272509667,0.7
100046,2025-11,0,0.03308378100535728,0.2
100364,2025-12,0,0.06751889533681571,0.7
100537,2025-11,0,0.021377347689202172,0.4
100719,2025-12,0,0.11493937179837516,0.5
101503,2025-10,0,0.02112487468089578,0.1
100829,2025-12,0,0.10855628658811507,1.0
100605,2025-10,0,0.1595328280458473,0.9
101894,2025-10,0,0.012244974722688548,0.4
101136,2025-12,0,0.04154551295841187,0.4
101655,2025-10,0,0.03363179039255969,0.4
101252,2025-10,0,0.0916656549781963,0.6
100215,2025-12,0,0.1504842054013076,1.0
100043,2025-11,0,0.07634514756855797,0.3
100226,2025-10,0,0.043282727822471105,0.5
100904,2025-10,0,0.06260080541347232,0.3
100520,2025-11,0,0.04717297099496491,0.8
100967,2025-10,0,0.20398440029376186,0.9
100150,2025-11,0,0.08523242719366593,0.8
100416,2025-10,0,0.02667663675630308,0.1
101605,2025-12,0,0.1041460419427897,0.8
100031,2025-10,0,0.09574433864368756,0.6
101214,2025-12,0,0.079968630890155,0.3
101262,2025-11,0,0.019922434026754136,0.4
102023,2025-10,0,0.012641074287136869,0.4
101102,2025-11,0,0.07454947097809553,0.9
101358,2025-11,0,0.0566059527134471,0.5
101370,2025-12,0,0.004015429180708768,0.1
101219,2025-11,0,0.14206416749870687,0.8
100630,2025-11,0,0.028939964855283964,0.5
100371,2025-10,0,0.05528146309699027,0.3
101843,2025-10,0,0.04554371763003781,0.7
100456,2025-10,0,0.059135123617252344,0.6
100100,2025-11,0,0.04645525570312202,0.3
101055,2025-12,0,0.11966230571539788,0.6
100432,2025-10,0,0.016191999796012234,0.5
101528,2025-11,0,0.010467398693721744,0.2
100485,2025-10,0,0.17142284212850706,1.0
101117,2025-10,0,0.06054562339176782,0.9
102000,2025-12,0,0.005022207078087763,0.3
100427,2025-10,0,0.329167534360644,0.9
100872,2025-10,0,0.03328274168977188,0.4
100579,2025-10,0,0.2011996441824449,1.0
100017,2025-11,0,0.20400628621807107,1.0
101704,2025-11,1,0.34721532190018506,1.0
100221,2025-11,0,0.04291293354984786,0.3
101401,2025-11,0,0.01690037164098234,0.4
100383,2025-11,0,0.1109044674721299,1.0
100983,2025-12,0,0.03365840573242543,0.2
101145,2025-11,0,0.20343116349496307,0.9
101115,2025-11,0,0.007605578142337251,0.3
100178,2025-10,0,0.07584930696623013,0.8
101496,2025-11,0,0.049379504389744415,0.3
100914,2025-10,0,0.006361204923902448,0.2
102067,2025-11,0,0.1509647049258847,1.0
101934,2025-10,0,0.009663183657977517,0.1
101412,2025-10,0,0.04149496518412405,1.0
100450,2025-12,0,0.01499231976362064,0.1
100213,2025-11,0,0.028225943625357047,0.6
101664,2025-12,0,0.07175343003257788,0.3
101123,2025-12,0,0.09390806434434257,0.8
100483,2025-10,0,0.03224016930207118,0.4
101713,2025-10,0,0.02809852495398601,0.7
101363,2025-11,0,0.0505570690638525,0.4
100353,2025-11,0,0.02942744669527787,0.4
100127,2025-12,0,0.03793201182584578,0.4
101954,2025-10,0,0.0420556925390126,0.1
101134,2025-10,0,0.01083151327180097,0.1
100512,2025-12,0,0.02475437072758473,0.7
100529,2025-11,0,0.050999057437815874,0.6
101757,2025-11,0,0.025917130792750567,0.5
101665,2025-10,0,0.09240911298649887,0.7
102059,2025-10,0,0.07384256547722085,0.9
100823,2025-10,1,0.2570268059829286,1.0
101020,2025-11,1,0.051916129170587,0.3
101908,2025-12,0,0.044755818941621756,0.3
101936,2025-11,0,0.1669200175028567,0.9
100698,2025-11,0,0.25790451924861485,1.0
101005,2025-12,0,0.09527763980282475,1.0
101528,2025-10,0,0.01355841235491004,0.2
101992,2025-10,0,0.06871890910323383,0.5
101130,2025-12,1,0.014268808507608867,0.1
100514,2025-12,1,0.0635262176410647,0.7
100133,2025-10,0,0.021224155795917174,0.1
100991,2025-10,0,0.029559989160627298,0.9
100706,2025-10,1,0.03359687027983198,0.5
101794,2025-10,0,0.008038906709097723,0.3
101627,2025-10,0,0.03374284099212122,0.4
100117,2025-10,0,0.14444067114169684,0.8
101934,2025-12,0,0.01164061957401512,0.1
100921,2025-12,0,0.026968971699515655,0.4
101924,2025-11,0,0.023079423901581207,0.4
101620,2025-10,0,0.08129422656587264,1.0
100119,2025-11,0,0.05618009364712215,0.5
101210,2025-11,0,0.015264081631130196,0.2
100721,2025-11,0,0.02540343961877552,0.2
101777,2025-11,0,0.09818359747466676,0.8
100577,2025-12,0,0.1401939199086025,0.9
101857,2025-12,1,0.31282836040223033,1.0
101285,2025-10,0,0.05512837351757585,0.9
102093,2025-10,0,0.0069209555141682534,0.2
100711,2025-11,0,0.04575758588858768,0.6
101650,2025-10,0,0.06714242645322878,0.6
100104,2025-10,0,0.1565608261669554,1.0
101498,2025-10,0,0.020656076229974868,0.2
101699,2025-10,0,0.108293674990193,0.6
101392,2025-11,0,0.060650905875817576,0.6
101832,2025-12,0,0.0894669773944662,0.9
101216,2025-11,0,0.12941603833292017,0.7
100156,2025-11,0,0.037261123425208535,0.6
101018,2025-11,0,0.08318249626067202,0.8
101947,2025-12,0,0.10592955627323966,0.7
101320,2025-11,0,0.17076337593148092,1.0
100388,2025-12,0,0.08974524551861551,0.6
100448,2025-10,0,0.17324716381974864,0.9
101629,2025-10,0,0.2159524605619528,0.9
101660,2025-12,1,0.2701984367568141,1.0
100395,2025-11,0,0.008160402817473931,0.3
102029,2025-12,0,0.35009374017801376,1.0
101417,2025-12,0,0.0335625315365186,0.7
100132,2025-12,0,0.049316139825921285,0.6
101963,2025-11,0,0.006362569289597829,0.3
101183,2025-11,0,0.05991567615218292,0.4
100414,2025-11,0,0.06723506046968623,0.8
101787,2025-11,0,0.03305600698908583,0.9
101057,2025-12,0,0.1004218093082771,0.8
102045,2025-10,0,0.1987274237874937,0.9
101830,2025-11,0,0.026674276316842244,0.2
101831,2025-10,0,0.10650581221240042,0.7
101772,2025-10,0,0.17629078383374364,1.0
101029,2025-12,0,0.05785762943395225,0.8
100713,2025-12,0,0.02306400591574671,0.4
100771,2025-11,0,0.04030970674387788,0.5
101918,2025-11,0,0.03216667394687792,0.3
101667,2025-12,0,0.025409725770440032,0.3
100075,2025-12,0,0.024198818898503133,0.2
100109,2025-11,1,0.02733225877089108,0.3
101406,2025-10,0,0.13314613617637844,1.0
100018,2025-11,0,0.029421957526405793,0.5
100654,2025-12,0,0.0700307583824575,0.5
101199,2025-10,0,0.009140401703500447,0.1
100714,2025-10,0,0.09976681444145259,0.8
100940,2025-12,0,0.04501486383107137,0.2
102020,2025-11,0,0.05420457794061014,0.3
100804,2025-12,0,0.06329071239652184,0.6
101379,2025-10,0,0.13191253034268824,1.0
101816,2025-11,0,0.060480935360309844,0.3
101499,2025-10,0,0.11064671891689412,0.9
101803,2025-12,0,0.03230290861676692,0.5
101288,2025-10,0,0.02831155001926701,0.5
101738,2025-10,0,0.2637200596818936,1.0
100942,2025-12,0,0.048077089765797096,0.7
100087,2025-11,0,0.05093975131906978,0.4
101413,2025-12,0,0.09829050539780075,0.7
100110,2025-12,0,0.062067416846189216,0.4
101878,2025-10,0,0.08199581758295449,1.0
100355,2025-11,0,0.05977862617185801,0.5
101950,2025-10,0,0.0433458041776384,0.7
102056,2025-12,0,0.014415072863583997,0.3
100796,2025-12,0,0.05580085877727014,0.9
101577,2025-12,0,0.060169026974514005,0.6
101639,2025-12,0,0.24039038881377822,1.0
100811,2025-12,1,0.07834830024666058,0.4
100165,2025-12,0,0.0058306570812821775,0.1
101070,2025-11,0,0.193334116422362,0.5
102030,2025-12,0,0.019901336888394298,0.3
101106,2025-10,0,0.055634801084160614,0.5
100179,2025-11,0,0.03929260492763772,0.5
100423,2025-12,0,0.12119027338103909,0.8
102047,2025-11,0,0.03046633785571575,0.1
100666,2025-12,0,0.06867834782149705,0.4
100861,2025-10,0,0.03984812781000907,0.2
101467,2025-10,0,0.02950594091675789,0.3
101851,2025-12,0,0.08050627477149137,0.5
101721,2025-11,0,0.245930055318067,0.8
100824,2025-10,0,0.07423604674915317,0.5
100485,2025-12,0,0.391981490287588,1.0
100245,2025-10,0,0.22712519819411986,0.9
101418,2025-11,0,0.0981711636683783,0.6
101571,2025-10,0,0.3213360975769297,0.9
100293,2025-10,0,0.011306245059136558,0.1
100452,2025-12,0,0.08266566555597754,0.7
102041,2025-12,0,0.05393818611131046,0.4
101293,2025-10,0,0.005658566500892755,0.1
102062,2025-11,1,0.19354892237233798,0.9
100673,2025-11,0,0.026687284878054194,0.4
100940,2025-11,0,0.02451358868188056,0.2
101315,2025-11,0,0.0115588973091885,0.1
101662,2025-10,0,0.004474813456464613,0.1
101707,2025-12,0,0.06839358164419995,0.5
102060,2025-11,0,0.06917382811365015,0.4
100531,2025-11,0,0.11682156254016357,0.9
101694,2025-12,0,0.019656832038790636,0.3
101047,2025-11,0,0.023855104132538673,0.3
100451,2025-12,0,0.011000964868928733,0.1
100693,2025-11,0,0.13371417252806408,0.8
100670,2025-10,0,0.2483754175231921,1.0
101685,2025-11,0,0.048698191842258494,0.6
100785,2025-11,0,0.05341581907180082,0.7
100281,2025-10,0,0.034884000443125465,0.3
101537,2025-11,0,0.052245635365639954,0.8
101640,2025-11,0,0.06287018721904229,0.4
101870,2025-12,1,0.09250828741448021,0.9
101175,2025-10,0,0.2528685478632963,0.9
100775,2025-12,1,0.2990958949099006,1.0
102033,2025-10,0,0.04020764803628485,0.5
101635,2025-10,0,0.06633027554852654,0.3
100893,2025-12,0,0.02048739054501897,0.1
100112,2025-10,0,0.04779732790024469,0.7
101123,2025-11,0,0.21594797447939007,0.8
101060,2025-10,0,0.02705450969406059,0.2
102089,2025-10,1,0.2940243603225343,1.0
101980,2025-11,0,0.07940660226760696,0.7
100761,2025-12,0,0.03078951020196067,0.6
101185,2025-11,0,0.026493596998185404,0.5
100758,2025-10,0,0.257431244516781,1.0
101065,2025-10,0,0.009062684761663815,0.1
101650,2025-11,0,0.05795787565854866,0.6
100120,2025-11,0,0.025196313712361307,0.2
100663,2025-11,0,0.017518634890492983,0.3
101242,2025-10,0,0.02126266143503157,0.1
100047,2025-12,0,0.016446841607108968,0.2
101444,2025-12,0,0.012303871843042997,0.1
100051,2025-11,0,0.03268377596069786,0.2
101292,2025-12,1,0.11460436102369277,0.6
100250,2025-12,0,0.11856923450901191,0.7
101510,2025-12,0,0.02384734023322858,0.6
100421,2025-10,0,0.042606545187692225,0.3
101244,2025-11,0,0.07794929219046319,0.5
101560,2025-10,0,0.06663444188459057,0.7
101971,2025-12,0,0.23546742110250815,1.0
101473,2025-12,0,0.016428496302607936,0.2
101382,2025-12,0,0.18930076011353697,1.0
100183,2025-11,0,0.11872030895297099,0.6
100200,2025-10,0,0.020205244249897173,0.3
101442,2025-12,0,0.04973452845494364,0.5
101584,2025-10,0,0.08275612760389271,0.5
101730,2025-12,0,0.02811126374473234,0.4
100608,2025-10,0,0.03636120330081294,1.0
101333,2025-10,0,0.09064930141041415,0.5
101044,2025-10,0,0.08336944459632746,1.0
101566,2025-10,0,0.038591544800928725,0.2
100367,2025-10,0,0.03915549084718656,0.3
100992,2025-11,0,0.16466343394771255,1.0
102093,2025-11,0,0.024343501177965892,0.2
100163,2025-10,0,0.008924896237058402,0.1
101676,2025-12,0,0.13018600153376217,1.0
100338,2025-10,0,0.03794835171501824,0.5
100901,2025-11,0,0.09604665997655346,1.0
100111,2025-11,0,0.013852211990490939,0.2
101227,2025-10,0,0.18498764061333414,0.7
100322,2025-12,0,0.2953070943735333,1.0
100596,2025-10,0,0.031587448865630884,0.3
101625,2025-10,0,0.12123704932936731,0.4
101245,2025-10,0,0.09801200871728317,0.8
101905,2025-11,0,0.06793769094604278,0.7
101601,2025-10,0,0.1691366835665518,1.0
101287,2025-12,0,0.19688662177266364,0.8
100583,2025-11,0,0.06276540607804329,0.8
100302,2025-10,0,0.07352484134262505,0.5
101687,2025-11,0,0.005514945612721086,0.4
100552,2025-11,0,0.006118879108269847,0.1
100147,2025-10,0,0.3653569454533248,0.9
101856,2025-11,0,0.04180324385213479,0.5
101422,2025-11,0,0.032091777573501706,0.2
102031,2025-10,0,0.027555447288349962,0.4
100009,2025-12,0,0.06753378067220996,0.8
101719,2025-12,0,0.1597422271487304,0.9
101655,2025-12,0,0.045422105486276496,0.4
100213,2025-10,0,0.09152607471430672,0.6
100040,2025-12,0,0.04589844861384699,0.2
101564,2025-11,0,0.09001798905839867,0.5
100474,2025-11,0,0.017357666724024362,0.6
102097,2025-12,0,0.015138685869495537,0.3
101930,2025-10,0,0.012485137764122314,0.1
101406,2025-12,0,0.10413933278386102,1.0
101873,2025-11,0,0.05461386944504147,0.6
101749,2025-10,0,0.1814369541963393,0.7
101820,2025-12,0,0.023170448784275027,0.8
101702,2025-10,0,0.07778941255992017,0.9
102027,2025-10,0,0.11803462979905477,0.9
101540,2025-12,0,0.03389558395885778,0.3
100017,2025-12,1,0.2677300524586281,1.0
101053,2025-10,0,0.1764214193160019,0.6
101879,2025-10,0,0.03350005913794371,0.3
101298,2025-12,0,0.18169067033917233,0.9
101257,2025-12,0,0.12375513199486549,0.5
102011,2025-11,0,0.05133829286948702,0.4
101681,2025-10,0,0.05042598381149465,0.8
101854,2025-12,0,0.2137257499013154,0.9
101903,2025-12,0,0.04670314985919344,0.9
101457,2025-11,0,0.08928733082652604,0.6
101005,2025-11,0,0.07508267309764341,1.0
100716,2025-11,0,0.09976343482584858,0.7
101313,2025-12,0,0.03259593401219309,0.6
100536,2025-10,1,0.1648143092475465,0.8
101228,2025-11,0,0.07107050833608604,1.0
100094,2025-11,0,0.03435082106446357,0.1
100856,2025-10,0,0.08323359061232723,0.9
101447,2025-10,0,0.08229840629115397,1.0
101822,2025-11,0,0.003918318815310236,0.1
101895,2025-10,1,0.11850485404401889,0.9
100634,2025-11,0,0.08756020178057305,0.5
100621,2025-11,0,0.0071849553819582825,0.1
100450,2025-11,0,0.020954650151604838,0.1
100976,2025-11,0,0.00873676899533898,0.3
101218,2025-11,0,0.060417008219164715,0.5
100280,2025-12,0,0.004381129279162338,0.2
100913,2025-12,0,0.18638795134022895,0.9
101860,2025-12,0,0.07904868778199804,0.6
101902,2025-10,0,0.08412597030233004,0.7
100794,2025-10,0,0.09486831027750048,0.8
100596,2025-12,0,0.0464500834516499,0.3
101461,2025-10,0,0.13025862100791924,0.7
102086,2025-12,0,0.011349227496225314,0.2
101710,2025-11,0,0.08175647787780663,0.6
100720,2025-12,1,0.04631949539424004,0.3
100870,2025-11,0,0.09458241987483239,0.9
101719,2025-11,0,0.1834023601441726,0.9
100548,2025-11,0,0.10479494836023251,0.7
101012,2025-12,0,0.01253412042826003,0.3
101974,2025-11,0,0.08643891635575182,0.5
100899,2025-12,0,0.21262383351959296,0.9
100444,2025-12,0,0.045472383869283865,0.2
101401,2025-12,0,0.01700204096653499,0.4
100684,2025-12,0,0.10315321238737656,1.0
101533,2025-10,0,0.06644786607016599,0.7
101780,2025-10,1,0.13468665224795554,0.8
101363,2025-10,0,0.022807022797907025,0.4
102035,2025-12,0,0.01454284761177349,0.5
101706,2025-11,0,0.010955108711422856,0.5
100129,2025-12,0,0.036123482939430275,0.3
101239,2025-12,0,0.03467505090275835,0.5
100718,2025-11,0,0.037321418429859005,0.1
100204,2025-10,0,0.049661503858230184,0.5
100617,2025-11,0,0.03736757187457803,0.3
100396,2025-11,0,0.10435141616479718,0.5
100821,2025-12,0,0.049121246139601386,0.3
101554,2025-12,0,0.06955584705969092,0.7
100970,2025-11,1,0.03978852434141331,0.3
100844,2025-11,0,0.019231211881916167,0.3
101308,2025-12,1,0.06570626799910252,0.4
101343,2025-10,0,0.23370647214100654,0.9
101244,2025-10,0,0.03638153178479519,0.5
100266,2025-11,0,0.039122465747009026,0.4
100783,2025-12,0,0.04345072309694614,0.6
101481,2025-10,0,0.05800516944637673,0.3
101359,2025-11,0,0.05511222044121898,0.5
100547,2025-11,0,0.03306069079916044,0.3
100325,2025-10,0,0.01932609898577868,0.3
100073,2025-11,0,0.17500060651650196,1.0
101064,2025-10,0,0.016230270648870265,0.1
100471,2025-10,0,0.17553366391679653,0.7
101385,2025-11,0,0.00849410468509417,0.2
100204,2025-11,0,0.1027100313236704,0.5
100497,2025-12,0,0.12589387446438532,0.8
100243,2025-11,0,0.08789494239504486,0.8
100326,2025-12,0,0.022318765605390586,0.4
101404,2025-10,0,0.016490356470942567,0.2
100460,2025-10,0,0.04179073109314535,0.3
100945,2025-11,1,0.18692636325852918,0.8
101077,2025-10,0,0.2279768118854289,1.0
102076,2025-12,0,0.034498789524869476,0.2
100001,2025-12,1,0.11150599814482853,0.8
101610,2025-12,0,0.24901713110648024,0.9
101142,2025-12,0,0.011017430873746095,0.4
101343,2025-11,0,0.0703454818333501,0.9
100036,2025-10,0,0.0266298807624382,0.4
100520,2025-12,0,0.08319941616128927,0.8
100501,2025-11,0,0.17321520120557662,0.7
102010,2025-12,0,0.05204845185221619,0.6
100669,2025-12,0,0.046892023493801165,0.6
102085,2025-10,0,0.07420966112264238,0.8
101360,2025-10,0,0.028753493219366367,0.1
101597,2025-11,0,0.05145624674846244,0.6
101925,2025-11,0,0.04845667927373979,0.4
101677,2025-10,0,0.012553809636411105,0.1
100955,2025-12,0,0.11425352134446688,0.4
101830,2025-10,0,0.020633690450647987,0.2
102021,2025-11,0,0.03107276564890598,0.2
101874,2025-11,0,0.01910912296698252,0.5
101172,2025-10,0,0.020371850491167475,0.3
100197,2025-11,0,0.26274994023278186,1.0
100125,2025-11,0,0.022807562582585265,0.3
101328,2025-11,0,0.018134199994565035,0.1
102095,2025-12,0,0.024600643450055134,0.7
101020,2025-12,0,0.01413388533400977,0.3
101223,2025-10,0,0.17126695271357428,0.8
101180,2025-10,0,0.015951715915677372,0.1
100506,2025-12,0,0.03197760367739346,0.4
100505,2025-11,0,0.11452206338832963,0.6
100625,2025-10,0,0.0063948960363011086,0.2
101598,2025-11,0,0.19527489409541307,1.0
101312,2025-10,0,0.2529282806956841,0.9
100637,2025-12,0,0.059814349625468825,0.6
101717,2025-11,0,0.030154572395611656,0.2
101657,2025-10,0,0.12229449692956672,0.7
101362,2025-11,0,0.07751337524531496,0.6
101542,2025-12,0,0.12752636187583352,0.7
101822,2025-10,0,0.009030465437590202,0.1
100428,2025-12,0,0.006305088166536415,0.1
100977,2025-10,0,0.173236261601469,1.0
100378,2025-11,0,0.06497276692578394,0.4
100253,2025-10,0,0.06452088951141753,0.9
100844,2025-12,0,0.024864137607150304,0.3
100256,2025-12,1,0.09953780097799891,1.0
102048,2025-12,0,0.12475992470471785,0.8
100526,2025-11,0,0.11917868222304726,0.9
101914,2025-11,0,0.1250151793491997,0.7
100873,2025-10,0,0.06930189090118632,0.7
100617,2025-10,0,0.016409909490673252,0.3
101069,2025-11,0,0.06436418423341898,0.7
100402,2025-11,0,0.07693354334267938,0.6
101380,2025-12,0,0.057535771570924384,0.4
100626,2025-10,0,0.22002397486639164,0.7
101792,2025-12,0,0.13415906069275813,0.8
100247,2025-10,0,0.026264025892499498,0.5
101274,2025-11,0,0.03800950360282007,0.6
100760,2025-10,0,0.047751308642966145,0.3
100523,2025-12,0,0.14148908229391038,0.7
100832,2025-12,0,0.11371976118376281,0.6
100772,2025-11,1,0.2262918564891556,0.8
101642,2025-12,1,0.17817589340597675,1.0
101683,2025-11,0,0.008007990134376345,0.3
101328,2025-10,0,0.028516503979391535,0.1
101497,2025-12,1,0.04272244858042411,0.5
100543,2025-10,0,0.08057568352894288,0.8
101381,2025-12,0,0.040232375043714956,0.3
101061,2025-10,0,0.004098268773619709,0.2
101514,2025-12,0,0.0465788450382436,0.6
100449,2025-12,0,0.05971256551793781,0.8
101959,2025-11,0,0.022497382525906277,0.4
100006,2025-12,0,0.06726877234008773,0.7
101938,2025-11,0,0.01928472954709881,0.5
101705,2025-10,0,0.04214670054916607,0.4
100472,2025-11,0,0.011986702443888097,0.1
101267,2025-11,0,0.05229699718304787,0.4
101202,2025-11,1,0.2449941433711443,1.0
101471,2025-12,1,0.36810253435576024,1.0
101744,2025-10,0,0.0077031554869648345,0.3
101858,2025-12,0,0.05184943006408552,0.8
101917,2025-11,0,0.11215312935421777,0.8
101086,2025-10,0,0.13250759832989875,0.8
101015,2025-10,0,0.02640405535615696,0.3
100070,2025-10,0,0.041313987543733374,0.3
101653,2025-11,0,0.007783847047168986,0.3
100708,2025-10,0,0.0989799188970436,1.0
101750,2025-12,0,0.029258479925500003,0.3
100969,2025-11,0,0.025316644328575614,0.1
100968,2025-12,0,0.3761178054104146,1.0
101050,2025-10,0,0.09786785232946477,0.7
100288,2025-11,0,0.10223386337256411,0.9
100276,2025-10,1,0.3788003918723993,1.0
100577,2025-10,0,0.10852355020142015,0.9
100260,2025-10,0,0.0656971939014823,0.5
101518,2025-10,1,0.06704548292425738,0.5
101459,2025-11,0,0.007804212090143837,0.4
100446,2025-12,0,0.2608317092546511,0.9
100311,2025-12,0,0.16495576990870123,0.8
100347,2025-11,0,0.020272840436606477,0.4
101889,2025-11,0,0.031302964276877746,0.2
101465,2025-10,1,0.17340728171583566,0.6
100625,2025-12,0,0.01707425420510268,0.2
100362,2025-10,0,0.023533626306588146,0.5
100914,2025-11,0,0.02696060876838052,0.2
100842,2025-10,0,0.007805996628084945,0.2
101037,2025-10,0,0.006661295869881661,0.2
100974,2025-11,0,0.012019037948848068,0.2
101619,2025-10,0,0.15285850810516347,0.6
101169,2025-10,1,0.19866445955934087,0.7
100240,2025-12,0,0.03823051747872298,0.5
101791,2025-12,0,0.06887906839024582,0.5
100441,2025-10,1,0.11432425828852961,0.7
101610,2025-11,1,0.27845306819836313,0.9
102073,2025-11,0,0.04527001657057362,0.5
101303,2025-11,0,0.01783492555589327,0.5
101531,2025-11,0,0.020835992570534263,0.6
101875,2025-11,0,0.12771631349209167,0.7
100689,2025-10,0,0.040691204722596706,0.3
100118,2025-10,0,0.0476776776502615,0.5
100787,2025-12,0,0.2524139879123304,0.8
101592,2025-11,0,0.04989267842070178,0.8
101263,2025-12,0,0.027937599058252636,0.3
100053,2025-12,0,0.09027853174205921,0.7
100551,2025-10,0,0.07597723352065346,0.5
101326,2025-10,0,0.018909779681470194,0.2
100360,2025-10,0,0.0036908629557035584,0.2
100752,2025-12,0,0.23512645368977714,1.0
101234,2025-12,0,0.02735129822988725,0.3
101565,2025-11,0,0.05074946718898116,0.5
101500,2025-12,0,0.13125746894323678,0.8
100748,2025-12,1,0.12387561140677897,0.6
100799,2025-10,0,0.024289977788290056,0.3
100531,2025-12,0,0.1472188692124674,0.9
101373,2025-10,0,0.06770901111083305,0.7
101653,2025-12,0,0.02085506580407251,0.3
100876,2025-12,1,0.17423396166334315,1.0
100208,2025-11,0,0.030074778372989535,0.2
100474,2025-10,0,0.041631654124430935,0.6
100371,2025-12,0,0.03591529377922635,0.3
100939,2025-10,0,0.04851011319985145,0.4
101209,2025-12,0,0.006595265703849002,0.2
100568,2025-11,0,0.025495241061341267,0.4
102019,2025-11,0,0.06191647752218188,1.0
101594,2025-12,0,0.0855115294316915,0.9
101188,2025-11,0,0.010071179974859321,0.4
100897,2025-12,0,0.03211726425755602,0.3
101153,2025-11,0,0.02367279034114666,0.3
100772,2025-12,0,0.13938693046841544,0.8
100874,2025-12,1,0.11189517881236896,0.5
100457,2025-10,0,0.038213106723939204,0.4
101732,2025-11,0,0.03723567467677769,0.1
100448,2025-12,0,0.18445812524937302,0.9
100827,2025-12,0,0.07005584429521994,0.4
101177,2025-12,0,0.017415785193455692,0.4
100231,2025-11,0,0.036427639849626256,0.5
101269,2025-12,0,0.019855806966757133,0.2
101697,2025-10,1,0.09590816764246723,0.8
101312,2025-11,1,0.32724429701992175,0.9
100847,2025-10,0,0.0168284321281451,0.5
100086,2025-11,0,0.08098399971650629,0.4
100900,2025-11,0,0.03846932675090062,0.6
101291,2025-11,0,0.03678275212071584,0.1
101195,2025-11,0,0.14828083151111365,0.7
100937,2025-12,0,0.07737226004914957,0.7
101033,2025-12,0,0.053823565613751866,0.5
101470,2025-11,0,0.027074506028182996,0.7
101794,2025-11,0,0.018802401554209015,0.3
100418,2025-12,0,0.023678960920891907,0.4
101403,2025-12,0,0.008692731891208056,0.6
100810,2025-11,0,0.11387730774914044,0.6
100212,2025-12,0,0.04176310425167949,0.2
101195,2025-12,0,0.12630113990163563,0.7
101494,2025-10,1,0.02418424494967795,0.6
100437,2025-10,1,0.030833945465710885,0.5
100493,2025-11,0,0.007246976946166762,0.3
100422,2025-10,0,0.18990409007504458,1.0
100703,2025-10,0,0.09048322001507436,0.5
100756,2025-10,1,0.0579970049274447,0.5
101394,2025-10,0,0.02470248916709938,0.2
101115,2025-12,0,0.021508263267505993,0.3
100122,2025-11,0,0.1335436080950284,0.5
100101,2025-11,0,0.035912360082117914,0.2
100824,2025-11,0,0.06711487026782056,0.5
100278,2025-11,0,0.11678493664705986,0.7
101823,2025-10,0,0.1428293346379125,0.9
101121,2025-11,0,0.00711447178270983,0.2
101905,2025-12,0,0.17043873434507945,0.7
102089,2025-11,1,0.2847711197263138,1.0
100161,2025-11,0,0.2219835489056313,1.0
100092,2025-11,0,0.09256260460450255,0.5
101185,2025-12,0,0.08419734283585252,0.5
102017,2025-12,0,0.0485863044430523,0.4
100230,2025-10,0,0.06756870614068668,0.5
101868,2025-11,0,0.016129856077258392,0.3
101869,2025-11,1,0.10455331712254054,0.9
101247,2025-10,0,0.1347912116198897,0.6
101121,2025-12,0,0.03648946554328616,0.2
101807,2025-12,0,0.01113254090218933,0.6
100907,2025-12,0,0.14676593691736867,0.9
101876,2025-12,0,0.11661028537290394,0.7
101447,2025-11,0,0.20429243350889773,1.0
100854,2025-12,0,0.26344639418331484,1.0
101099,2025-11,0,0.05820516204237845,0.5
101703,2025-12,0,0.00977403657547527,0.1
100773,2025-11,0,0.22022097762522877,1.0
101532,2025-12,0,0.02687861463811232,0.2
101364,2025-11,0,0.06704529335218444,0.6
100616,2025-12,0,0.09947667949688042,1.0
100027,2025-10,0,0.01577219771974837,0.5
101898,2025-11,0,0.054559646205917495,0.6
100495,2025-11,0,0.039160835406031984,0.6
101823,2025-12,1,0.18857803304261883,0.9
102037,2025-12,0,0.34265240666276636,1.0
101195,2025-10,0,0.06374476474564998,0.7
101947,2025-11,0,0.03453129895026064,0.7
101415,2025-10,0,0.07599196202274883,0.9
101027,2025-12,0,0.047307390281168475,0.3
100402,2025-10,0,0.11642866305794151,0.6
100412,2025-12,0,0.027403016143232848,0.3
101365,2025-11,0,0.21245533121015356,1.0
100582,2025-11,0,0.057564446787024603,0.5
101341,2025-12,0,0.13124485288368978,0.7
100930,2025-11,0,0.06905079954052513,0.5
100036,2025-11,0,0.03542077109481541,0.4
100351,2025-12,0,0.014802276515365182,0.4
100937,2025-11,0,0.06965199226895363,0.7
100726,2025-11,0,0.14210259891376345,0.7
101184,2025-12,0,0.04186137705749956,0.7
100565,2025-10,0,0.017228401444375662,0.6
100364,2025-10,0,0.049728554572420744,0.7
100616,2025-10,0,0.13298420579369644,1.0
100174,2025-11,0,0.028525218598335983,0.5
101238,2025-11,0,0.016041909568219305,0.3
100131,2025-11,0,0.11605837196447195,0.7
102089,2025-12,0,0.21027979312642106,1.0
101711,2025-12,0,0.020285262799846264,0.5
101781,2025-10,0,0.027460922289082264,0.1
101627,2025-11,0,0.030202569912908775,0.4
100199,2025-11,0,0.025713908810003308,0.3
101324,2025-12,0,0.029026992500556147,0.3
101880,2025-12,0,0.028723438685991864,0.4
100580,2025-11,0,0.10409827240877292,0.6
101173,2025-12,0,0.3097844682811968,1.0
100906,2025-10,0,0.024379292327637584,0.4
100882,2025-12,0,0.277669093428299,1.0
101581,2025-10,0,0.01083190382489923,0.4
101762,2025-10,0,0.05465281488817845,0.2
100606,2025-10,0,0.01597053371461639,0.1
101490,2025-10,0,0.00485123699754138,0.1
101783,2025-10,0,0.09094360911703685,1.0
100384,2025-12,0,0.030076708686098227,0.2
100829,2025-11,0,0.26218222375369526,1.0
100015,2025-11,0,0.171676868078825,1.0
100115,2025-11,0,0.10938641839011612,1.0
100511,2025-12,0,0.015443908245287201,0.2
100838,2025-10,0,0.06358495949054731,0.5
101850,2025-10,0,0.019380840132427274,0.6
100849,2025-11,1,0.3189318926190613,0.9
101809,2025-10,0,0.07130797991738101,0.9
100013,2025-10,0,0.041242040444255876,0.3
101867,2025-11,0,0.07359284334686071,0.4
101380,2025-10,0,0.0332324384100963,0.4
100857,2025-10,0,0.08403156665393154,0.6
101718,2025-12,0,0.07687079908372785,0.3
101379,2025-12,0,0.3153105271735719,1.0
100720,2025-11,0,0.026065486129248958,0.3
101973,2025-11,0,0.020242150352806892,0.1
100984,2025-12,0,0.04289959881088039,0.7
101383,2025-12,0,0.017116575120868994,0.1
101659,2025-12,0,0.01016503749389749,0.2
100047,2025-11,0,0.025240584489465527,0.2
101366,2025-11,0,0.02434840923615749,0.3
100961,2025-10,0,0.024193278441002018,0.5
102050,2025-11,0,0.036879596083315425,0.6
101457,2025-10,0,0.04192745921115298,0.6
100224,2025-12,0,0.22123800348754938,0.9
101992,2025-12,0,0.043227345724039676,0.5
100852,2025-11,0,0.1256834849333422,0.8
100315,2025-12,0,0.010941640605238754,0.3
100583,2025-12,0,0.04236196741567356,0.8
100120,2025-10,0,0.02917194220107529,0.2
101642,2025-11,0,0.2925614269916942,1.0
101263,2025-11,0,0.03689193096064169,0.3
100053,2025-11,0,0.026530407854867648,0.7
100763,2025-10,0,0.23405774103671484,0.7
100841,2025-12,0,0.06005540872120617,0.5
100918,2025-10,0,0.004377289842574614,0.1
101833,2025-10,0,0.027664331937450295,0.3
101260,2025-11,0,0.04963313200679512,0.5
100894,2025-10,0,0.020860710568729936,0.5
101848,2025-10,0,0.034055724170777096,0.5
100677,2025-10,0,0.01420972352074097,0.3
100581,2025-10,0,0.1713910420900748,0.8
100821,2025-10,0,0.01978345380305911,0.3
101011,2025-12,0,0.3479754682730702,0.9
100303,2025-12,0,0.1834357513932983,0.9
101647,2025-10,0,0.10557751281234358,0.9
100686,2025-12,0,0.2615544090223946,1.0
101691,2025-10,0,0.06766237462063675,0.8
102083,2025-11,0,0.0133922591185509,0.1
101310,2025-12,0,0.02453869482708532,0.5
100657,2025-11,0,0.04553877661128471,0.5
100692,2025-12,0,0.019842473048800727,0.4
100798,2025-10,0,0.17616586519534264,0.7
100667,2025-10,0,0.02749767368021964,0.3
100081,2025-11,0,0.044933178544049185,0.4
101666,2025-12,0,0.07556903842395693,0.6
101923,2025-11,0,0.018909748640988044,0.4
100328,2025-12,0,0.05056953894098853,0.7
101113,2025-10,0,0.07110062544205374,0.6
100311,2025-10,0,0.029715674655606893,0.8
101983,2025-10,0,0.08436042761351861,0.7
100470,2025-10,0,0.14229599317656294,0.7
101292,2025-11,0,0.07416356537641428,0.6
102038,2025-12,0,0.10318535900422786,0.6
100965,2025-11,0,0.02125824765634187,0.1
101319,2025-11,0,0.3088373411267079,1.0
100353,2025-10,0,0.019415051193039552,0.4
100770,2025-11,0,0.05522966379930827,0.5
100813,2025-12,0,0.03170935550212914,0.4
101331,2025-10,0,0.012073066363429889,0.5
101823,2025-11,0,0.0641820194257448,0.9
101482,2025-11,0,0.1248003316471175,0.9
100828,2025-11,0,0.06913150310553648,0.8
101754,2025-10,0,0.04627835018474006,1.0
100160,2025-10,0,0.03828829827149122,0.2
102081,2025-10,0,0.23980319143400278,1.0
100369,2025-11,0,0.1528199924103324,0.6
101840,2025-10,0,0.025280841111940205,0.2
100979,2025-12,0,0.00497383063634943,0.2
100415,2025-11,0,0.11319318925166892,0.7
101257,2025-11,0,0.06914948371866143,0.5
100867,2025-11,0,0.0702592074153368,0.7
100916,2025-11,0,0.03523124758225119,0.1
100895,2025-10,0,0.03525249789196716,0.4
101799,2025-10,0,0.03053893734766793,0.7
100438,2025-10,1,0.017475841553206004,0.3
100760,2025-11,0,0.03319325914869364,0.3
100372,2025-10,0,0.07522849412564196,0.8
100078,2025-11,1,0.1846658733782586,1.0
100963,2025-11,0,0.04963661755006036,0.5
100286,2025-12,1,0.18645475280924162,0.7
100496,2025-10,0,0.08388082178560469,1.0
100998,2025-10,0,0.03404254865692252,0.4
101040,2025-12,0,0.014984204483704059,0.1
101458,2025-12,0,0.03681761676843661,0.3
102065,2025-12,0,0.018040576609776048,0.3
101997,2025-12,0,0.027923543765187332,0.4
100027,2025-12,0,0.10697410246475103,0.5
101788,2025-10,0,0.057639541534902416,1.0
100195,2025-12,0,0.031058611763383565,0.5
100753,2025-11,0,0.08181222272279066,0.6
101458,2025-11,1,0.03355703982818481,0.3
101919,2025-11,1,0.17694506140133545,0.9
100604,2025-12,0,0.06069904859580682,0.3
100533,2025-11,1,0.013943656497340189,0.3
100365,2025-10,1,0.19119020501159179,0.8
101959,2025-10,0,0.07367251604377201,0.4
101920,2025-12,0,0.00975003938980513,0.1
101772,2025-11,0,0.15320439119117588,1.0
100778,2025-12,0,0.004422166110339191,0.3
100465,2025-11,0,0.010447098575857653,0.1
100137,2025-12,0,0.01244127197079465,0.2
101911,2025-12,0,0.12943149831459688,0.5
100975,2025-11,0,0.06692119942673885,0.9
100351,2025-10,0,0.011665391117507478,0.4
101049,2025-11,0,0.00835319397090685,0.1
101190,2025-10,0,0.0373802946343519,0.1
100164,2025-11,0,0.002737741759644197,0.1
100986,2025-11,0,0.07496866653358039,0.9
100539,2025-10,0,0.12732023411727364,0.7
100398,2025-11,0,0.02772866109737167,0.3
100406,2025-10,0,0.04129698896628738,0.5
100979,2025-11,0,0.015495913825420211,0.2
100730,2025-11,0,0.0956259311956291,0.8
100351,2025-11,0,0.03491341183503168,0.4
101051,2025-10,0,0.0227135240807996,0.2
100187,2025-12,0,0.09016983674806835,0.9
101888,2025-11,0,0.17833695947176903,1.0
100888,2025-10,0,0.060284383069981295,0.5
101372,2025-10,0,0.02051313525951427,0.7
101218,2025-12,0,0.026102236549865147,0.5
100570,2025-12,0,0.012582486903134456,0.4
101955,2025-12,0,0.03453883665140072,0.3
101101,2025-10,0,0.01789404010745148,0.8
101792,2025-11,0,0.07153325079724596,0.8
100737,2025-10,0,0.01207017660780739,0.3
100595,2025-11,0,0.08937851319779738,0.6
101227,2025-12,0,0.12100855203255098,0.7
101805,2025-11,0,0.19694062441558,0.9
100646,2025-10,0,0.02963309277985266,0.1
100875,2025-11,0,0.32230348965053146,0.9
101229,2025-12,0,0.13473411369857824,0.7
101744,2025-12,0,0.02915981997765317,0.3
100973,2025-10,0,0.032069766918532173,0.7
100855,2025-12,0,0.06621492592317658,0.7
100181,2025-11,0,0.010458601128456294,0.1
100544,2025-12,0,0.020729292979516513,0.1
100879,2025-11,0,0.018182286119399895,0.4
100505,2025-12,0,0.12668776641113738,0.6
100228,2025-12,0,0.06840078790917796,0.5
101993,2025-10,0,0.01589444356997117,0.2
100472,2025-10,0,0.011704634864790484,0.1
101764,2025-11,0,0.03433087909919855,0.3
100856,2025-12,0,0.10172374405881413,0.9
100314,2025-12,1,0.12566177397817066,0.9
101107,2025-11,1,0.23966576035127837,0.7
100495,2025-10,1,0.045915916109256494,0.6
101154,2025-11,0,0.2965154719781196,1.0
100036,2025-12,0,0.05208984530134884,0.4
101290,2025-11,0,0.021168224258398028,0.2
101646,2025-10,0,0.08786408417836956,0.5
101114,2025-12,0,0.09365508390001907,0.3
101042,2025-12,0,0.030797707531878892,0.4
100894,2025-12,0,0.05086237908491496,0.5
101565,2025-12,0,0.11034473088764149,0.5
100285,2025-10,0,0.05929889196084184,0.6
100467,2025-11,0,0.04569181232725458,0.7
101509,2025-10,0,0.10700178257855032,0.8
101449,2025-11,0,0.44843051036358045,1.0
101008,2025-11,0,0.015880439965318783,0.3
101258,2025-11,1,0.03521152715073327,0.2
100290,2025-12,0,0.06461026116009452,0.4
100780,2025-11,0,0.033403687451462404,0.6
100211,2025-10,0,0.08031147811786801,0.7
101138,2025-10,0,0.06436276858565526,0.3
101859,2025-12,0,0.09620832289930453,0.3
101591,2025-12,0,0.12659560055850536,0.9
101926,2025-10,0,0.05383313840092187,0.2
100869,2025-10,0,0.15214599528469205,0.7
101522,2025-11,0,0.0404629315709021,0.4
101565,2025-10,0,0.05849071550280284,0.5
100272,2025-10,0,0.06998933702782924,0.5
100463,2025-12,0,0.030961331665782833,0.2
101755,2025-12,0,0.03841674548330443,0.4
100695,2025-12,0,0.05872584245545531,0.8
101039,2025-10,0,0.1750542270252054,0.7
101887,2025-11,0,0.09428734905946695,0.7
100494,2025-11,0,0.08369664286543382,0.7
101384,2025-10,0,0.14398256493827555,0.7
101291,2025-12,0,0.03139969949356017,0.1
101814,2025-12,0,0.03657157035526325,0.3
101205,2025-10,0,0.08313875291591372,0.4
101661,2025-10,0,0.030631475543774437,0.3
100080,2025-12,0,0.07623466190121565,0.5
101542,2025-10,0,0.16317461689028323,0.7
101946,2025-10,0,0.06855163511924149,0.8
100522,2025-10,0,0.04800877068581947,0.3
100215,2025-11,1,0.2768046706900026,1.0
101058,2025-11,0,0.04685860993867879,0.7
101011,2025-10,0,0.23719625964572333,0.9
101475,2025-12,0,0.007210080272901543,0.2
101056,2025-12,0,0.03492714273499727,0.3
100959,2025-12,0,0.139884568050957,0.9
101297,2025-12,0,0.02831313824721853,0.1
101100,2025-12,0,0.05855414758913226,0.7
100418,2025-11,0,0.029964039928102367,0.4
101380,2025-11,0,0.04200506715724223,0.4
101491,2025-11,0,0.07549137109510516,0.4
100704,2025-10,1,0.23513696336380235,1.0
101075,2025-12,0,0.04405314943578915,0.7
101522,2025-12,0,0.040467091435461414,0.4
100636,2025-12,0,0.20007388774019833,1.0
100430,2025-12,0,0.045971313248404685,0.1
100996,2025-12,0,0.027060355433702755,0.3
100318,2025-11,0,0.029979295465905546,0.3
100391,2025-10,0,0.07467560973048216,0.7
100316,2025-12,0,0.011249729741061337,0.4
101306,2025-11,0,0.008152103782002025,0.3
100005,2025-12,0,0.13034817328458087,0.8
101993,2025-12,0,0.008508166545541988,0.2
102015,2025-12,1,0.11434915101351757,0.6
101131,2025-12,0,0.08516376013054996,0.5
101030,2025-12,0,0.12772245581137354,0.9
101332,2025-10,0,0.1791019402548922,0.8
101066,2025-12,0,0.062002818388413074,0.4
100488,2025-10,0,0.2269729381896089,0.9
101208,2025-10,0,0.04973741094238209,0.5
101468,2025-10,0,0.015904675422502696,0.2
100785,2025-12,0,0.05111529784437454,0.7
100013,2025-11,0,0.03964803560729705,0.3
101856,2025-12,0,0.06836286038829631,0.5
101074,2025-12,0,0.0540623594158626,0.4
101384,2025-12,0,0.04932355687764036,0.7
100789,2025-11,1,0.14420982214544692,0.8
100966,2025-10,0,0.05550997079066715,0.8
100678,2025-12,0,0.05608979285669587,1.0
101720,2025-12,0,0.0641791937325437,0.8
101333,2025-11,0,0.05527023675720638,0.5
101076,2025-12,0,0.12676555884674479,0.7
100663,2025-10,0,0.003319120136387856,0.3
101483,2025-11,0,0.048040056950184144,0.6
101581,2025-12,0,0.04550378988330068,0.4
100281,2025-12,0,0.03456011897952969,0.3
100584,2025-12,0,0.04978458172644627,0.4
100956,2025-10,0,0.019323523554525993,0.3
100202,2025-10,0,0.03473811765990796,0.2
101924,2025-12,0,0.013913797581633405,0.4
101293,2025-12,0,0.024396285186732307,0.1
101923,2025-10,0,0.07847178208504665,0.4
100610,2025-11,0,0.28423802486917543,1.0
100478,2025-11,0,0.016287664022355357,0.1
102012,2025-11,0,0.13738628138996506,0.8
101867,2025-10,0,0.012849347768347449,0.4
101893,2025-12,0,0.043675226202120575,0.5
101453,2025-10,0,0.04871875444570833,0.5
100198,2025-10,0,0.030982171373401656,0.5
100598,2025-10,0,0.005742748755129766,0.3
101885,2025-11,1,0.20792820920581362,0.8
100808,2025-10,0,0.01914268758720661,0.3
101220,2025-10,0,0.0751544826483237,0.8
101561,2025-10,0,0.06683004447512857,0.7
101981,2025-12,0,0.05679723985760294,0.9
101844,2025-10,0,0.04352641300985876,0.1
101631,2025-11,0,0.060045102637971776,0.5
100477,2025-10,0,0.1805477952673406,1.0
100274,2025-10,0,0.043879414551420984,0.2
100293,2025-11,0,0.020090646116869185,0.1
101048,2025-11,0,0.06055723437017135,0.3
101433,2025-11,0,0.012695633962676511,0.4
101877,2025-10,0,0.06313563332776963,0.8
100567,2025-12,0,0.06757978907943749,0.5
101137,2025-12,0,0.2043378349914179,0.9
100413,2025-10,0,0.012452594499022016,0.1
101789,2025-11,0,0.007989358048229603,0.4
101987,2025-10,0,0.19543694079126406,0.9
101243,2025-12,0,0.005883827940940062,0.1
100875,2025-10,0,0.09902440283251113,0.9
101871,2025-10,1,0.19535387139115523,1.0
100571,2025-12,0,0.006748667517132984,0.1
100819,2025-12,0,0.08035869329177102,0.7
101613,2025-12,1,0.3621660127843587,1.0
100229,2025-12,0,0.15962882191982375,1.0
101279,2025-10,0,0.051514722326257006,0.4
100572,2025-10,0,0.06897435668152233,0.8
100468,2025-10,0,0.032116790839480554,0.2
101151,2025-12,0,0.011001824493581561,0.2
100618,2025-11,0,0.03924711096643864,0.2
101918,2025-12,0,0.030449293729670413,0.3
100449,2025-11,0,0.0722635550236997,0.8
101070,2025-10,0,0.07124201438757545,0.5
101984,2025-11,0,0.04127213221981297,0.1
100330,2025-11,0,0.06723377261027506,0.6
101711,2025-10,0,0.052383841415999416,0.5
100607,2025-11,0,0.04480141671345721,0.6
101843,2025-11,0,0.08226510889409931,0.7
100882,2025-11,0,0.09794425384062584,1.0
101948,2025-12,1,0.16215241295759633,0.7
100307,2025-12,0,0.024607165176656065,0.1
101917,2025-12,1,0.09513293376140512,0.8
100090,2025-10,0,0.07803593870263223,0.6
100570,2025-11,0,0.045394810974789264,0.4
101520,2025-11,0,0.038003485722116266,0.4
100567,2025-11,0,0.08476544748006702,0.5
101101,2025-11,1,0.037708319992458716,0.8
101728,2025-10,0,0.008146771101621339,0.1
100962,2025-10,0,0.051981334504093944,0.2
101889,2025-12,0,0.01062312087151043,0.2
100737,2025-11,0,0.0634084465634728,0.3
100018,2025-10,0,0.06049371535508933,0.5
100871,2025-12,0,0.020023393632184142,0.3
101558,2025-12,0,0.006860608488837856,0.2
102038,2025-11,0,0.04922752636857881,0.6
100553,2025-11,0,0.030693227249770316,0.1
101535,2025-10,0,0.1192650053759182,0.6
100764,2025-10,0,0.06619197779986667,0.6
101069,2025-12,0,0.13445758899107033,0.7
100111,2025-10,0,0.014142300745540197,0.2
100146,2025-11,0,0.028440472588862502,0.6
101394,2025-12,0,0.009192246935395977,0.2
100514,2025-10,1,0.09646839547329408,0.7
100092,2025-10,0,0.15794625967191803,0.5
101638,2025-11,0,0.1490952350460532,1.0
101983,2025-11,0,0.0846295059447711,0.7
101694,2025-11,0,0.042743995355398204,0.3
101235,2025-10,0,0.039122383360774685,0.4
100375,2025-10,0,0.0649510669763535,0.9
100412,2025-11,0,0.0332032042956008,0.3
100480,2025-10,0,0.026610637174385422,0.5
101551,2025-10,1,0.11961326031871398,0.7
101002,2025-10,0,0.016185283711237147,0.2
101292,2025-10,0,0.021302825440418834,0.6
100923,2025-10,0,0.1950696251581002,0.9
101254,2025-12,0,0.0429061641061214,0.6
100845,2025-11,0,0.08706342603178671,0.6
100579,2025-11,1,0.17709354656723778,1.0
101375,2025-12,0,0.06373601456291499,0.3
100743,2025-11,0,0.022598097883160514,0.4
101327,2025-11,1,0.14272732334635493,0.8
101918,2025-10,0,0.02837692646704059,0.3
100732,2025-10,0,0.31576383799240054,0.9
101468,2025-12,0,0.009098158071030323,0.2
100995,2025-12,0,0.03918789718813523,0.8
101028,2025-10,0,0.09376619881679804,0.6
101683,2025-12,0,0.023268784582607418,0.3
101109,2025-11,0,0.04031058607974761,0.4
100424,2025-11,0,0.005333583111527888,0.1
100659,2025-10,0,0.05154903787819086,0.5
101339,2025-12,0,0.06003578671715206,0.5
100587,2025-11,0,0.13499226985134052,1.0
102023,2025-12,0,0.037895909532315065,0.4
102072,2025-10,0,0.03801208534633394,0.3
101167,2025-11,0,0.05742959716703985,0.9
101441,2025-10,0,0.11791050058927045,0.8
101473,2025-11,0,0.03901305216914867,0.2
101628,2025-12,0,0.21818294067291255,0.9
100392,2025-10,0,0.03191246939227757,0.2
102018,2025-10,0,0.014047983950511867,0.1
100413,2025-12,0,0.009726211873336986,0.1
101604,2025-10,1,0.10959509601192345,0.6
100569,2025-10,1,0.08978560383029283,0.5
100060,2025-11,0,0.00893755965027467,0.4
100854,2025-11,0,0.2038026034106823,1.0
101188,2025-10,0,0.06729524241356982,0.4
101222,2025-12,0,0.0637391873600836,1.0
100401,2025-11,1,0.10085329063870573,0.4
101728,2025-11,0,0.014607945739880805,0.1
100537,2025-12,1,0.048239559238321836,0.4
101974,2025-10,0,0.034065485271948234,0.5
100463,2025-11,0,0.018182931446190806,0.2
102059,2025-11,0,0.061992001341699,0.9
100069,2025-12,0,0.01285797765954046,0.1
101665,2025-11,0,0.08865156672418924,0.7
100378,2025-12,0,0.04205855883414759,0.4
100420,2025-10,0,0.0335631343931771,0.7
100661,2025-10,1,0.33136720821970767,1.0
100093,2025-10,0,0.038412149160262095,0.3
101770,2025-12,0,0.009868232356679893,0.3
100506,2025-10,0,0.00988760975296214,0.4
100886,2025-10,0,0.018508464040826816,0.4
101309,2025-10,0,0.09689227736048853,1.0
101021,2025-11,0,0.04159203497671142,0.4
101846,2025-12,0,0.1364454769696511,0.7
100511,2025-11,0,0.006773489915778449,0.2
100557,2025-11,0,0.08056410336854396,0.5
100606,2025-11,0,0.014130563144785935,0.1
100559,2025-12,0,0.08431841013257423,1.0
101157,2025-11,0,0.03664118348281664,0.6
100035,2025-11,0,0.10243283993552782,0.6
101949,2025-11,0,0.019002016351352465,0.2
101680,2025-12,0,0.14282998498431593,0.9
101248,2025-12,1,0.11794040692676928,0.5
100233,2025-11,0,0.0834707451542583,0.9
100127,2025-11,0,0.0347499562220237,0.4
101474,2025-11,0,0.40190623849549867,0.9
100550,2025-10,0,0.16750955410103874,0.7
101072,2025-10,0,0.009339335511639901,0.3
100800,2025-11,0,0.010849472951573581,0.2
101752,2025-12,0,0.07416169733616582,1.0
101490,2025-12,0,0.012813187359171337,0.1
100658,2025-10,0,0.03236767325088306,0.6
100377,2025-11,0,0.16662827488172702,0.6
100333,2025-10,0,0.007987152007124512,0.4
100146,2025-12,0,0.12059975102742489,0.6
100555,2025-12,0,0.03628129394403222,0.6
101242,2025-11,0,0.011403092594208228,0.1
100480,2025-12,0,0.021219172695344252,0.5
100033,2025-10,0,0.022117458233733574,0.8
101642,2025-10,0,0.19234287364736424,1.0
101958,2025-11,0,0.09273099254849952,0.9
100012,2025-10,0,0.04376188506788015,0.3
100957,2025-12,0,0.0386799899074921,0.1
100605,2025-11,0,0.20330907232274245,0.9
101819,2025-11,0,0.07114778699364979,0.6
100624,2025-12,0,0.14175904161369265,1.0
100970,2025-12,0,0.026324771017386676,0.3
100779,2025-11,0,0.08145615827391015,0.6
101780,2025-12,0,0.047360658383675945,0.8
100886,2025-12,0,0.03373483787216193,0.4
101578,2025-12,0,0.05863992516828079,1.0
101795,2025-12,0,0.018524871339827904,0.4
100732,2025-11,0,0.21761325419185984,0.9
100516,2025-12,0,0.004296337564209395,0.2
101978,2025-11,0,0.03414449594407851,0.2
100043,2025-10,0,0.05896222526094693,0.3
100771,2025-12,0,0.12598165575325018,0.5
100322,2025-11,0,0.09344976179335873,1.0
100729,2025-10,0,0.07404731511575494,0.9
100797,2025-12,0,0.04677860707600666,0.5
100224,2025-11,0,0.2011802824114025,0.9
100515,2025-10,0,0.008966180078075203,0.3
102078,2025-12,0,0.17582086136027886,1.0
100308,2025-10,0,0.11547694024640424,0.8
100420,2025-12,1,0.10004078486507821,0.7
101301,2025-10,0,0.27411588956034777,1.0
102002,2025-10,0,0.03369041585589325,0.2
101991,2025-10,0,0.026152806414434113,0.5
102026,2025-10,0,0.11060525016750743,0.6
100608,2025-11,0,0.2330488761321183,1.0
100082,2025-12,0,0.11227723323717384,0.7
101996,2025-11,0,0.12644057485595966,0.7
100779,2025-12,0,0.07803518199076648,0.6
100851,2025-12,0,0.04980943654045526,0.3
100532,2025-10,1,0.051671761617972246,0.4
101837,2025-11,0,0.22855409047834477,1.0
101634,2025-11,0,0.021893686959463525,0.8
101436,2025-12,1,0.25554435769642975,0.9
100368,2025-10,0,0.03053945417139957,0.1
100947,2025-12,0,0.10722464190873243,0.7
101388,2025-12,0,0.033474452510302996,0.1
101891,2025-10,0,0.08715249527150146,0.3
100399,2025-10,1,0.17492140436692882,0.9
100917,2025-11,0,0.11388261274804208,0.6
100205,2025-11,0,0.04791480947211657,0.5
100911,2025-11,0,0.035400642467313344,0.5
100607,2025-10,0,0.07935975113548703,0.6
101141,2025-11,0,0.024332405022153294,0.1
100662,2025-10,0,0.13000161851123967,0.9
101699,2025-11,1,0.1125987764885336,0.6
100102,2025-10,1,0.17201904557099373,0.5
101316,2025-11,0,0.05205760271260323,0.4
101039,2025-12,1,0.08465817006013654,0.7
101625,2025-11,0,0.11914829566134699,0.4
101675,2025-10,0,0.013953331384310447,0.2
101556,2025-10,0,0.12234975208470868,0.9
100113,2025-11,0,0.11116664810460061,0.9
101034,2025-10,0,0.007314157590627166,0.1
100350,2025-11,0,0.11853843687551188,0.5
101010,2025-12,0,0.019610829308379985,0.1
102052,2025-11,0,0.02662824655137452,0.5
100826,2025-10,0,0.20981987722426354,0.9
100722,2025-12,0,0.037166233663966916,0.5
100272,2025-11,0,0.051005816602597655,0.5
100676,2025-11,0,0.20797987501182438,0.8
100636,2025-11,0,0.18486847390380395,1.0
100003,2025-10,0,0.17224367551014685,0.8
101067,2025-11,0,0.2142743680608831,1.0
101513,2025-10,0,0.0041857024275592965,0.1
100375,2025-12,0,0.10710388415003179,0.9
100521,2025-12,0,0.0360923801095293,0.7
100401,2025-10,0,0.02473905866343465,0.4
101786,2025-12,0,0.020395768030076627,0.1
101859,2025-11,0,0.049563245556798946,0.3
100389,2025-11,0,0.033977906769278636,0.6
102017,2025-10,0,0.034985783754808535,0.4
101175,2025-11,1,0.39782189612138547,0.9
101562,2025-12,0,0.017576864949971814,0.1
100655,2025-12,0,0.12930675452095355,0.6
100335,2025-11,0,0.07067411648510788,0.8
100285,2025-12,0,0.06503160940565691,0.6
100553,2025-10,0,0.011974263203873972,0.1
102041,2025-11,0,0.02882711047215707,0.4
100747,2025-10,0,0.11355315895922176,0.7
101189,2025-10,0,0.06376484527552846,0.7
101178,2025-12,0,0.1289174658247672,0.5
100907,2025-10,0,0.1853702707111034,0.9
100932,2025-12,0,0.023671057323494494,0.6
101189,2025-11,0,0.019224228632162024,0.7
100522,2025-12,0,0.0410035802062451,0.3
101895,2025-11,1,0.06807665795483242,0.9
101894,2025-11,0,0.045671266567963116,0.4
101520,2025-10,0,0.048273642333170226,0.4
100731,2025-10,0,0.04105466585517189,0.5
100274,2025-12,0,0.017459893439115505,0.2
101044,2025-12,1,0.18768814285238028,1.0
101875,2025-10,0,0.060130834172931885,0.7
101943,2025-11,0,0.08784232169123038,0.4
100110,2025-11,0,0.01597277152046003,0.4
100098,2025-11,0,0.006864540540429959,0.2
101310,2025-10,0,0.08022145744375163,0.5
100445,2025-12,0,0.01099360716363008,0.1
100501,2025-12,0,0.05200584392025682,0.7
100837,2025-12,0,0.020952210153915327,0.1
100087,2025-12,0,0.040109767614670604,0.4
100570,2025-10,0,0.04760212760059198,0.4
100017,2025-10,0,0.08680706254550317,1.0
101618,2025-10,0,0.047144334271229986,0.6
100400,2025-12,0,0.02071960194081881,0.3
101504,2025-12,0,0.027559720693726728,0.3
100196,2025-12,0,0.029339105058896517,0.6
101305,2025-12,0,0.1260354301222789,1.0
101724,2025-11,1,0.2572429282144526,1.0
101428,2025-11,0,0.040989735513856936,0.8
100059,2025-10,0,0.020502665522868505,0.2
101774,2025-12,0,0.06501310720758563,0.9
101236,2025-12,1,0.010696139461002873,0.2
100582,2025-10,0,0.0670235660530937,0.5
100918,2025-12,0,0.010222343805279482,0.1
100254,2025-10,0,0.027818308324010676,0.2
100296,2025-12,0,0.23148750812197863,1.0
100118,2025-12,0,0.07101287384173836,0.5
101942,2025-10,0,0.009320375581923526,0.1
101197,2025-10,0,0.040794191475771735,0.6
101257,2025-10,0,0.04361729445095271,0.5
101423,2025-10,0,0.23227748503245174,0.8
102014,2025-11,0,0.025535425896902945,0.4
101367,2025-11,0,0.11217007610207895,1.0
100970,2025-10,0,0.029331716677983115,0.3
100361,2025-11,0,0.2766611580148522,1.0
102052,2025-10,0,0.0442393241882561,0.5
101731,2025-11,1,0.19377378732203293,0.6
101002,2025-12,0,0.024246717173175655,0.2
101707,2025-10,0,0.04472028792696828,0.5
100674,2025-11,0,0.020574465584712674,0.2
100346,2025-10,0,0.03649678583090214,0.1
100317,2025-12,0,0.00679446248535677,0.1
100949,2025-11,0,0.06871991875913201,0.6
100964,2025-12,0,0.06115776360201049,0.1
101671,2025-10,0,0.06215471676758883,0.7
101749,2025-12,0,0.15549057338369912,0.7
101082,2025-11,0,0.029470513404007574,0.1
101048,2025-10,0,0.05857991961525948,0.3
101329,2025-10,0,0.02385919718839044,0.2
100417,2025-12,0,0.05534025513487655,0.5
102041,2025-10,0,0.07167449824730676,0.4
101171,2025-11,0,0.012649771670592239,0.1
100817,2025-11,1,0.16300417744300508,1.0
100962,2025-12,0,0.06258787295363297,0.2
102010,2025-11,0,0.06849002094041212,0.6
100643,2025-11,0,0.09038287738366692,0.7
101495,2025-12,0,0.023539324038147767,0.5
101543,2025-10,0,0.27972333724898985,1.0
100863,2025-12,0,0.035450986997466974,0.6
101084,2025-11,0,0.26274980671232967,1.0
101383,2025-11,0,0.008011748449738083,0.1
101847,2025-11,0,0.01561412246788823,0.3
101359,2025-10,0,0.032968903419128275,0.5
102003,2025-11,0,0.009295013577634414,0.1
101308,2025-10,0,0.05578634325865634,0.4
101396,2025-11,0,0.009624193527703592,0.1
100162,2025-12,0,0.11341947366451627,0.8
100308,2025-12,0,0.15911738179985901,0.8
101775,2025-10,0,0.023634294692408023,0.3
101727,2025-10,1,0.27405706422215864,1.0
101163,2025-11,0,0.10014350454295917,0.6
101969,2025-12,0,0.030264395738384693,0.2
100416,2025-12,0,0.02943959318317193,0.1
100419,2025-12,0,0.029226668796218505,0.4
100293,2025-12,0,0.005634782619760346,0.1
101550,2025-10,0,0.08946653198971073,0.7
101824,2025-11,0,0.07555686668596552,0.6
100692,2025-11,0,0.041827131962731356,0.4
101796,2025-12,0,0.025544224310988572,0.1
100628,2025-10,0,0.09881901841652868,0.7
100439,2025-10,0,0.014878172451241262,0.4
101102,2025-12,0,0.21726306658738948,0.9
100905,2025-11,0,0.22545148678245525,0.7
100384,2025-10,0,0.02420909065847615,0.2
100989,2025-11,0,0.030798306786912234,0.3
100985,2025-11,0,0.14947388786703628,0.9
100843,2025-12,0,0.06508946723080375,0.6
101634,2025-10,0,0.09027198364511768,0.8
101768,2025-11,0,0.08330486979125193,0.8
100563,2025-10,0,0.006228106105852925,0.2
101980,2025-12,0,0.059272148483521546,0.7
101761,2025-11,1,0.29144394731597006,1.0
101313,2025-10,0,0.017240588851906505,0.6
101489,2025-12,0,0.31583721285135086,1.0
101387,2025-10,0,0.04659679257847602,0.4
102087,2025-11,0,0.01371370753220234,0.1
100609,2025-10,0,0.08724977857614322,1.0
100639,2025-11,0,0.03182007105507225,0.2
100468,2025-11,0,0.019576489915364627,0.2
100113,2025-10,0,0.07913041685679369,0.9
101713,2025-11,0,0.0707708009285348,0.7
102024,2025-10,0,0.018655656597817594,0.6
101056,2025-10,0,0.02431746812988738,0.3
101047,2025-10,0,0.008879385110608037,0.3
101895,2025-12,0,0.14816824570573248,0.9
100126,2025-11,0,0.03718495093207782,0.4
100095,2025-10,0,0.12282747996397968,0.6
100874,2025-11,0,0.08247529004513555,0.5
100950,2025-11,0,0.10952531091566542,0.8
100310,2025-12,0,0.11008299083786607,0.5
100054,2025-12,0,0.011375946872419261,0.4
102012,2025-12,0,0.2093054532248811,0.8
100034,2025-11,0,0.15151770900099687,0.9
101997,2025-11,0,0.033889572755925926,0.4
101804,2025-10,1,0.2873583316968808,0.8
100189,2025-12,0,0.2313227403065085,0.8
100324,2025-12,1,0.15392277470800608,0.8
100411,2025-12,1,0.09186510430274798,0.8
101585,2025-10,0,0.07552986076249493,0.7
101072,2025-12,0,0.015184739836735878,0.3
100672,2025-12,0,0.23064495468961999,1.0
101927,2025-10,0,0.16649692716677136,0.8
102070,2025-10,0,0.012793488148597975,0.3
101901,2025-11,0,0.16534253766065204,0.8
100439,2025-11,0,0.06677190900660998,0.4
101944,2025-12,0,0.1862040560591908,0.9
100585,2025-11,0,0.09154101369428891,1.0
100134,2025-10,0,0.08255696764264511,0.8
100395,2025-10,0,0.02139882708953134,0.3
101614,2025-10,0,0.04527996284794665,0.3
100378,2025-10,0,0.009978469773079498,0.4
100963,2025-10,0,0.04686712650127676,0.5
101420,2025-10,0,0.06580197519986207,0.5
100301,2025-11,0,0.08112596247674825,0.4
100066,2025-10,0,0.29947928205172936,1.0
102006,2025-12,0,0.05835766749178545,0.7
100004,2025-12,0,0.07490767495717782,0.6
101818,2025-10,0,0.07550261508995114,0.2
100352,2025-10,0,0.0199602763146873,0.2
100860,2025-12,0,0.06291113465734162,0.4
100427,2025-12,0,0.2576421543533674,0.9
101071,2025-12,0,0.08488096001157712,1.0
101862,2025-11,0,0.02440245657585479,0.2
101178,2025-11,0,0.03310395444216804,0.5
101325,2025-12,1,0.18408481871651058,0.7
101174,2025-11,0,0.06257660151853957,0.8
101232,2025-10,1,0.2179209673978877,0.9
100135,2025-10,0,0.06042508974632011,0.3
100294,2025-12,0,0.03976400231553374,0.7
101068,2025-10,0,0.14447746015901347,0.6
100149,2025-10,0,0.23691516832220338,0.8
100338,2025-11,0,0.06908076194348971,0.5
100186,2025-10,0,0.038608780811969924,0.5
100071,2025-12,0,0.0141945326628385,0.5
100240,2025-10,0,0.0647210678196332,0.5
100320,2025-10,0,0.08976755511281409,0.9
100688,2025-12,0,0.018293796531162282,0.3
100709,2025-11,0,0.0380378858578683,0.3
100115,2025-12,0,0.15358293452488508,1.0
100403,2025-10,0,0.015593855243985481,0.3
100279,2025-10,0,0.023749189456031918,0.4
101463,2025-11,0,0.012372377586139205,0.3
100797,2025-10,0,0.0154561959996029,0.5
100823,2025-12,1,0.37913114422286665,1.0
100461,2025-10,0,0.06985713802839419,0.9
101049,2025-10,0,0.03362926583307945,0.1
101198,2025-12,0,0.03034658280501291,0.4
100819,2025-10,0,0.03385986642281642,0.7
100856,2025-11,0,0.10259751358928401,0.9
101488,2025-10,0,0.05718555899656527,0.7
101915,2025-12,0,0.01644261324052416,0.2
100083,2025-12,0,0.14387703844705482,0.9
101501,2025-10,0,0.010902509711983418,0.4
100889,2025-12,0,0.03825773204591646,0.3
100493,2025-12,0,0.020485143195904162,0.3
101028,2025-12,0,0.03212170955784321,0.6
101018,2025-12,0,0.08330066400701229,0.8
101321,2025-11,0,0.08270883765339304,0.5
101356,2025-11,0,0.05405654765810279,0.8
100877,2025-11,0,0.14754413340048425,1.0
100816,2025-12,0,0.01456160791965914,0.1
101455,2025-11,0,0.09782915244996647,1.0
100619,2025-10,0,0.011155837941106304,0.1
100321,2025-11,1,0.08292365090658375,0.4
100548,2025-10,1,0.17050021265495435,0.7
101306,2025-10,0,0.010880348212287849,0.3
100258,2025-11,0,0.0644877698921085,0.6
102005,2025-10,0,0.2575851685730132,0.9
101236,2025-10,0,0.007138651434185926,0.2
101508,2025-10,0,0.022482323724216272,0.5
100982,2025-10,0,0.018954561136596864,0.1
101654,2025-11,0,0.007553693090885025,0.1
100355,2025-10,0,0.021811972962046438,0.5
100912,2025-11,1,0.2765035555293785,1.0
100339,2025-11,0,0.014862346911139785,0.3
100770,2025-10,0,0.013443381093089526,0.5
100651,2025-12,0,0.11365994340904415,0.8
101637,2025-11,0,0.02050578387164429,0.4
100019,2025-12,0,0.03221285259398438,0.3
100425,2025-10,0,0.0662276234559808,0.9
101961,2025-10,1,0.08881679766248073,0.8
101246,2025-11,0,0.0874298422081339,1.0
102080,2025-10,0,0.09781061029372727,0.8
101388,2025-10,0,0.014405718970662897,0.1
101248,2025-10,0,0.08193775418266101,0.5
100158,2025-11,0,0.008666666346053675,0.2
100990,2025-10,0,0.059847585848688954,1.0
101028,2025-11,0,0.06302173281083717,0.6
101362,2025-10,0,0.06267288152363414,0.6
102018,2025-12,0,0.0025123597199036944,0.1
102004,2025-12,0,0.07133578410357062,0.4
100238,2025-11,0,0.12072171674657206,0.9
100130,2025-12,0,0.3384951800019839,0.9
100738,2025-10,0,0.020582194175116395,0.5
101075,2025-11,0,0.05472163521410533,0.7
101441,2025-11,0,0.16484505141433722,0.8
100561,2025-12,0,0.014277662334400068,0.3
100097,2025-12,0,0.0036089740187430657,0.1
100723,2025-12,0,0.16053342032081472,0.6
100992,2025-12,1,0.35093288942940243,1.0
101836,2025-12,0,0.03313773370886373,0.1
101742,2025-11,0,0.021970981944401058,0.7
100201,2025-11,0,0.0116587501630822,0.1
101104,2025-11,0,0.21371501831925038,0.8
101646,2025-11,0,0.09086782344662912,0.5
101311,2025-12,0,0.04527097927733409,0.7
100156,2025-12,0,0.05606912046309441,0.6
100399,2025-12,0,0.11062482142872106,0.9
101081,2025-10,1,0.034952071472822484,0.3
101708,2025-12,0,0.013341681325577682,0.5
100144,2025-12,0,0.053016227081762575,0.7
101870,2025-10,0,0.11981622586255157,0.9
101632,2025-11,0,0.03994672481870071,0.2
100143,2025-12,0,0.12199482343968285,0.8
101567,2025-10,0,0.005839652350626991,0.2
101657,2025-11,0,0.029600519175481444,0.7
101462,2025-12,0,0.11178827943923654,0.6
101259,2025-11,0,0.2644668161572767,1.0
100626,2025-11,0,0.1591474437913413,0.7
100818,2025-11,0,0.16412441712506565,0.8
100390,2025-11,0,0.13773894580448348,0.8
100450,2025-10,0,0.0066635374057117175,0.1
101978,2025-10,0,0.007610019972706223,0.2
101956,2025-11,0,0.13122395815309995,0.9
101872,2025-11,0,0.09083133888607467,0.8
101978,2025-12,0,0.01003332449615914,0.2
101399,2025-10,0,0.009949108926709216,0.2
100406,2025-12,0,0.04329043898303905,0.5
101604,2025-11,0,0.11510976517775373,0.6
100349,2025-10,0,0.04880934326549581,0.8
101151,2025-10,0,0.003957913178945037,0.2
100558,2025-12,0,0.03690329997032014,0.5
101045,2025-11,1,0.330202602793108,0.9
100289,2025-11,0,0.0497915924396011,0.8
100641,2025-10,1,0.07491462383130824,0.5
101882,2025-10,0,0.3918584912434889,0.9
100545,2025-10,0,0.02913256570495223,0.2
101526,2025-12,0,0.00878333704657995,0.3
102027,2025-12,0,0.20901192436016272,0.9
100456,2025-12,0,0.10797040733748568,0.6
101852,2025-10,0,0.08859294618714082,0.5
101470,2025-10,0,0.12367996036728145,0.7
100924,2025-12,1,0.09288222114309871,0.9
101733,2025-11,0,0.02066822450305352,0.4
101799,2025-11,1,0.1302656476387881,0.7
101456,2025-12,0,0.008008071175357467,0.1
100460,2025-12,0,0.017541725070919365,0.3
100294,2025-11,0,0.12619986080818288,0.7
101809,2025-11,0,0.08925903145463583,0.9
100517,2025-12,0,0.019094263672927422,0.5
100925,2025-12,0,0.09922169959174704,1.0
100318,2025-12,0,0.017305137213420824,0.3
100194,2025-10,0,0.0403575407224079,0.8
100078,2025-12,0,0.07821306806775787,1.0
101464,2025-10,0,0.11452154144055576,0.9
101717,2025-12,0,0.006909320635283828,0.2
100653,2025-10,0,0.24832083141323835,0.9
100948,2025-11,0,0.10899752896138819,0.8
101905,2025-10,0,0.08614756718743265,0.7
101226,2025-11,0,0.23011980309792565,0.9
100836,2025-11,0,0.009113198326975908,0.4
101264,2025-11,1,0.22072252745093818,0.9
101491,2025-12,0,0.07053425146091152,0.4
101777,2025-12,0,0.13116375617958853,0.8
100898,2025-12,0,0.14242197913694432,0.9
101600,2025-10,0,0.15031617761859406,0.7
101289,2025-10,0,0.00920827515286123,0.1
101494,2025-11,0,0.036844637714545915,0.6
101140,2025-12,1,0.19959951328796596,1.0
101927,2025-12,1,0.20274228556844,0.8
101872,2025-10,0,0.18917914398997188,0.8
101838,2025-11,0,0.1280223745188514,0.7
100842,2025-11,0,0.00917072253343297,0.2
101250,2025-10,0,0.1047952028050573,0.5
101524,2025-10,1,0.05890356196687057,0.6
101421,2025-11,1,0.16467365229562336,0.9
100139,2025-12,0,0.048511073918002794,0.9
100733,2025-11,0,0.06895046578446465,0.6
100445,2025-10,0,0.01158820151074286,0.1
100743,2025-10,0,0.02355341995504341,0.4
101130,2025-11,0,0.03261939173574375,0.1
101277,2025-10,0,0.2704202870134019,0.8
100206,2025-12,0,0.20047904019069926,0.8
100405,2025-10,0,0.021884460697233883,0.1
100341,2025-10,0,0.08859942342215586,0.7
100665,2025-12,0,0.24312630331690172,1.0
101153,2025-12,0,0.011881937089714583,0.3
101465,2025-11,1,0.1440342800680953,0.6
100620,2025-12,0,0.09722448427038874,0.8
100998,2025-11,0,0.02908565825980561,0.4
101516,2025-10,0,0.08389072946273085,1.0
101178,2025-10,0,0.08767740998723135,0.5
100394,2025-12,0,0.0208450890058297,0.2
100052,2025-11,0,0.138372282924585,0.9
100438,2025-11,0,0.033253705266405496,0.3
101190,2025-11,0,0.017444453288076044,0.1
101521,2025-11,0,0.030683076458244796,0.2
101876,2025-11,0,0.14758368842399402,0.7
101284,2025-12,0,0.026370185252123143,0.1
101745,2025-10,0,0.02195541097290076,0.1
100055,2025-10,0,0.06471573784627441,0.5
100106,2025-11,1,0.25365473436789476,0.9
100242,2025-10,0,0.12024710231532988,1.0
101563,2025-11,0,0.004792758852425778,0.2
101054,2025-12,0,0.11012899132045623,0.6
101403,2025-10,0,0.01863529382277215,0.6
100597,2025-10,0,0.07872529609816546,0.3
101645,2025-12,0,0.09357407713719554,1.0
101208,2025-12,1,0.06710213786744755,0.5
101085,2025-10,0,0.05474214346881635,0.4
102024,2025-12,0,0.031883548859222836,0.6
101950,2025-11,1,0.2372880941485687,0.7
100750,2025-10,0,0.054941529897763484,0.4
100205,2025-10,0,0.08179828127226606,0.5
101633,2025-12,0,0.03377107395964537,0.2
100591,2025-12,0,0.09524447480404993,0.9
100113,2025-12,0,0.09816826920810284,0.9
100727,2025-12,1,0.15491586831308157,0.9
100256,2025-10,0,0.13349406250300855,1.0
101267,2025-12,0,0.09500776877902195,0.4
102047,2025-10,0,0.019779408457660363,0.1
100896,2025-12,0,0.03298515443270573,0.3
100300,2025-10,0,0.27404535401075447,1.0
101772,2025-12,0,0.28306992202573494,1.0
101304,2025-12,0,0.029537888831802913,0.6
100030,2025-10,0,0.032422482931023844,0.3
100868,2025-12,0,0.10421464486638703,0.8
100366,2025-10,0,0.024232329968097783,0.8
100922,2025-10,0,0.04356534709337408,0.3
101558,2025-10,0,0.0360812828236841,0.2
101898,2025-10,0,0.08517737887074162,0.6
100468,2025-12,0,0.005293733864993865,0.2
100684,2025-11,0,0.22265886977434926,1.0
101639,2025-10,0,0.2732501361557752,1.0
101624,2025-12,0,0.03847823990268337,0.9
100680,2025-10,0,0.06778770423535911,0.4
101288,2025-12,0,0.01130639099815684,0.5
100765,2025-10,0,0.16194477472526284,0.7
101000,2025-10,0,0.0171148859323524,0.3
101515,2025-10,0,0.005131489913844564,0.1
100746,2025-11,0,0.0992680503113632,0.9
101560,2025-11,0,0.03215054360464711,0.7
101062,2025-11,0,0.05440583900364713,0.4
101854,2025-11,0,0.13232627874157113,0.9
100492,2025-12,0,0.03613098756638374,0.7
100094,2025-12,0,0.019611947022661516,0.1
101022,2025-10,0,0.07518701621132341,0.6
101517,2025-12,0,0.004172584659835659,0.4
101651,2025-11,0,0.003774101533689817,0.1
100966,2025-11,0,0.047519514819637176,0.8
100372,2025-12,0,0.09855190767099248,0.8
100757,2025-11,0,0.07062586945675524,0.9
101467,2025-11,0,0.033482184398164576,0.3
101846,2025-11,0,0.09567161988882085,0.7
100206,2025-10,0,0.05221996769332429,0.8
101412,2025-12,0,0.06914636901820041,1.0
101831,2025-11,0,0.1385136154075776,0.7
101297,2025-11,0,0.01432590994200307,0.1
100299,2025-11,0,0.13003204220889508,0.6
101908,2025-11,0,0.047026087624806236,0.3
100259,2025-10,0,0.08406579865906874,0.7
101861,2025-11,0,0.03193959973265625,0.6
101709,2025-10,0,0.14459129511508126,1.0
100576,2025-10,0,0.028030899312427648,0.2
100948,2025-12,0,0.03952442367360438,0.8
101692,2025-11,0,0.17681731239981957,1.0
100140,2025-10,0,0.007431430469386638,0.1
101065,2025-11,0,0.01197065531821429,0.1
100923,2025-12,0,0.20659498620149888,0.9
101716,2025-12,0,0.07523128162125094,0.3
100030,2025-12,0,0.03771733609762005,0.3
100681,2025-12,0,0.06488888188890589,0.9
100229,2025-10,0,0.16622299136908475,1.0
100354,2025-12,0,0.029934407877424258,0.1
101647,2025-12,0,0.22575166953072698,0.9
102020,2025-10,0,0.01388304874942995,0.3
100029,2025-10,0,0.11498869377242,0.9
100082,2025-10,0,0.044594319003884456,0.7
101100,2025-11,0,0.08171549687898375,0.7
101476,2025-12,0,0.01896796767882125,0.1
101691,2025-11,0,0.04842261159828752,0.8
100916,2025-12,0,0.01059724857339567,0.1
101758,2025-10,0,0.037301344874707834,0.5
101594,2025-11,0,0.22833678321079112,0.9
100166,2025-12,0,0.04081390575317928,1.0
100987,2025-10,0,0.05624879738284254,0.6
102099,2025-12,0,0.0467432368143646,0.8
101657,2025-12,0,0.0628264315586199,0.7
101999,2025-10,0,0.117269631653132,0.7
101435,2025-11,0,0.1556217524093626,0.6
100768,2025-11,0,0.2019022080937899,0.9
100887,2025-12,0,0.028611267204524,0.5
101612,2025-12,0,0.07426898194620242,0.7
101285,2025-12,0,0.2824143099463323,0.9
100783,2025-10,0,0.08601280914332404,0.6
100673,2025-12,0,0.08725364802700196,0.4
100739,2025-12,0,0.03985369053395801,0.4
100177,2025-12,0,0.07662103370487866,0.9
101198,2025-10,0,0.022560599055925588,0.4
101569,2025-11,0,0.05419611184688462,1.0
101587,2025-11,0,0.006687149757772021,0.1
101607,2025-10,1,0.27564140515710206,1.0
101296,2025-10,0,0.18645032318041985,0.8
101284,2025-10,0,0.024911559952738003,0.1
100890,2025-12,0,0.07980647698356835,0.3
101743,2025-11,0,0.10134648499599656,0.4
101785,2025-11,0,0.01663919037534465,0.3
101708,2025-11,0,0.08391132868351425,0.5
101282,2025-10,0,0.19254887361951822,1.0
101783,2025-11,0,0.20571717712321022,1.0
101993,2025-11,0,0.014888992367278413,0.2
101596,2025-11,1,0.08826360192883066,0.7
101930,2025-11,0,0.004437399700769498,0.1
101873,2025-12,0,0.041565163622698395,0.6
101538,2025-11,0,0.02561011684708135,0.2
101620,2025-11,0,0.09142466792930086,1.0
101274,2025-10,0,0.05857672493875388,0.6
100397,2025-11,1,0.057498662177690056,0.3
101495,2025-10,0,0.0557258891186048,0.5
100131,2025-12,0,0.11504632144287036,0.7
101218,2025-10,0,0.010309145368821878,0.5
100337,2025-10,0,0.06396405781622871,0.9
100014,2025-11,0,0.06792017997933325,0.8
101960,2025-12,0,0.0816896649895532,0.4
100788,2025-11,1,0.1896478029705635,0.8
100223,2025-12,0,0.017349875056507723,0.3
101233,2025-10,0,0.0791450024644957,0.8
100155,2025-11,0,0.022673849863636082,0.7
100910,2025-10,0,0.04595405775140699,0.9
100190,2025-10,0,0.09400057057368269,0.5
100485,2025-11,0,0.09834165151379591,1.0
100375,2025-11,0,0.23204617954498366,0.9
100749,2025-12,0,0.048830337379045866,0.6
100668,2025-10,0,0.029776589022842723,0.7
101557,2025-12,0,0.020280564390361088,0.6
101215,2025-11,0,0.11837600993104026,0.9
101909,2025-10,1,0.20813722492237663,1.0
101774,2025-11,0,0.12536542133500722,0.9
101099,2025-10,0,0.08162559667932776,0.5
101017,2025-12,0,0.03763321723688962,0.1
101517,2025-11,0,0.005958894375415132,0.4
101339,2025-10,0,0.08937578017609459,0.5
100130,2025-10,0,0.09514822538511242,0.9
100654,2025-11,1,0.03648384005196256,0.5
100271,2025-11,1,0.11514887101498585,0.8
100169,2025-12,0,0.03202419365692284,0.3
101932,2025-11,0,0.216982722719177,0.7
100062,2025-10,0,0.007930225598655966,0.2
101317,2025-12,0,0.0818339094699158,0.9
100762,2025-12,0,0.05949633955333038,0.9
100528,2025-10,0,0.013629083356967605,0.4
101636,2025-12,0,0.17372281399555978,0.9
101879,2025-11,0,0.02598395684753828,0.3
100762,2025-11,0,0.07828240977912158,0.9
100988,2025-10,1,0.01873173864091115,0.3
101672,2025-11,0,0.2702347803677961,1.0
101885,2025-12,0,0.14867902677236228,0.8
101999,2025-12,0,0.04136083435425524,0.7
101388,2025-11,0,0.019144245767060482,0.1
100705,2025-12,0,0.10034217162393921,0.5
101177,2025-10,0,0.050761456474818216,0.4
100160,2025-12,0,0.04174994478856347,0.2
101125,2025-12,0,0.15823763117136697,0.7
100404,2025-11,0,0.013805239193831694,0.2
101348,2025-10,0,0.03420020497719532,0.6
100181,2025-12,0,0.005202320910970532,0.1
101561,2025-12,0,0.1580115798933138,0.7
100925,2025-11,1,0.1731817171965329,1.0
101761,2025-10,0,0.10913781650550501,1.0
100404,2025-10,0,0.01835130694663368,0.2
100928,2025-11,0,0.12562466512142795,0.7
101723,2025-12,0,0.17966008673129638,0.8
101613,2025-10,0,0.21861585683947315,1.0
101818,2025-12,0,0.06397701026625846,0.2
100942,2025-11,0,0.03878101469797029,0.7
101509,2025-12,0,0.24608005890438878,0.8
100866,2025-11,0,0.04284031366624231,0.4
102072,2025-12,0,0.0340885167268775,0.3
101110,2025-12,0,0.0643455713844788,0.5
100125,2025-12,0,0.007951761645823922,0.3
100747,2025-11,0,0.06063588105312167,0.7
100930,2025-10,0,0.028185644442155537,0.5
101402,2025-11,0,0.0328575952704102,0.2
100860,2025-10,0,0.06495063407104423,0.4
100808,2025-12,0,0.01145005185575889,0.3
100701,2025-12,1,0.06932848737628228,0.5
100852,2025-10,0,0.18806662135369576,0.8
100217,2025-10,0,0.02281065215285516,0.1
101067,2025-12,0,0.12252772783694822,1.0
101138,2025-11,0,0.07170404462050534,0.3
101216,2025-10,1,0.14041545998064492,0.7
102074,2025-12,0,0.09095314550194414,0.5
100603,2025-10,0,0.023543225337168995,0.8
101399,2025-11,0,0.0049491392569700355,0.2
101544,2025-11,0,0.11487358650110203,0.7
100365,2025-11,0,0.11693333736450498,0.8
101316,2025-10,0,0.009084333290693037,0.4
101093,2025-10,0,0.0395128341846582,0.3
100744,2025-11,0,0.13181072047756895,1.0
101505,2025-10,0,0.28579836548484716,1.0
100234,2025-12,0,0.11964044123499407,0.7
100386,2025-12,0,0.04881259758586531,0.7
101885,2025-10,0,0.0876359254259273,0.8
100855,2025-10,0,0.10140447206302498,0.7
100885,2025-12,0,0.013136611087718306,0.2
100314,2025-11,0,0.08783974859054053,0.9
100085,2025-12,0,0.014138844902666148,0.1
100272,2025-12,0,0.1577873775637808,0.5
100309,2025-11,0,0.015366331378217,0.4
100182,2025-10,0,0.016527470686631032,0.3
100127,2025-10,0,0.07215391955228036,0.4
101458,2025-10,0,0.02595018674166549,0.3
101902,2025-11,0,0.04481138342575731,0.7
100449,2025-10,0,0.1865406134502642,0.8
101605,2025-10,0,0.07522637063754675,0.8
100796,2025-10,0,0.12019089622854143,0.9
100866,2025-10,0,0.028166020342099876,0.4
100501,2025-10,0,0.07589600306893941,0.7
101050,2025-12,0,0.02889038284781225,0.7
100041,2025-10,0,0.08948174504938865,1.0
101576,2025-11,0,0.08601590628601344,0.8
100473,2025-11,0,0.08880336848556981,0.4
100285,2025-11,0,0.08489342827056028,0.6
102079,2025-11,0,0.18919412100682723,1.0
101757,2025-10,0,0.038482854360216576,0.5
100464,2025-11,0,0.01108050082867667,0.1
101644,2025-11,0,0.025834329703585967,0.3
101391,2025-10,0,0.10246038496844645,0.9
101707,2025-11,0,0.02461537286224139,0.5
101139,2025-12,0,0.2045842948906553,0.8
101480,2025-12,0,0.023843292258263944,0.6
101826,2025-11,0,0.07540734174489559,0.8
101679,2025-10,0,0.06002315018488003,0.6
100804,2025-11,0,0.07955096812983203,0.6
100186,2025-12,0,0.09197049606024336,0.5
100004,2025-10,0,0.06453532064679965,0.6
102075,2025-10,0,0.15087228886970364,0.9
101324,2025-11,0,0.040123076769123626,0.3
100225,2025-10,0,0.15728855454938048,0.9
100504,2025-11,0,0.009198381752875745,0.4
100735,2025-11,0,0.06264974567321267,0.6
101890,2025-10,0,0.3081948195750339,1.0
100578,2025-11,0,0.07431715226205621,0.9
101105,2025-11,1,0.08086548615650621,0.5
101007,2025-10,0,0.01285187159033224,0.1
100182,2025-11,0,0.04358760006137347,0.3
101972,2025-12,0,0.07893858957224256,0.3
100023,2025-10,0,0.03654037746103114,0.5
101621,2025-10,0,0.00886715045854689,0.2
100386,2025-10,0,0.10841114239971364,0.7
100940,2025-10,0,0.01896752990016289,0.2
100370,2025-10,0,0.020292414929235798,0.2
101616,2025-11,0,0.026520478162393148,0.4
101515,2025-12,0,0.03469408430980131,0.1
100677,2025-11,0,0.035501094045001604,0.3
101533,2025-12,0,0.10427453028182009,0.7
101406,2025-11,0,0.23407765824937624,1.0
101624,2025-11,0,0.11911270122400484,0.9
101903,2025-11,0,0.1479865194919061,0.9
100758,2025-11,0,0.10262610054163619,1.0
101622,2025-10,0,0.09579489560877426,0.4
100513,2025-12,0,0.019047472856853584,0.1
100561,2025-11,0,0.010279050144934961,0.3
100653,2025-12,0,0.16405042056401709,0.9
101599,2025-11,0,0.028299431740443415,0.7
101579,2025-12,0,0.1663007035972353,0.7
100034,2025-12,0,0.38074077493135233,0.9
101572,2025-11,1,0.19966516993210157,0.8
101142,2025-11,0,0.021686209661472364,0.4
100892,2025-12,0,0.08510569381864132,1.0
100906,2025-12,0,0.07636411092730316,0.4
101445,2025-11,0,0.005150485833299098,0.1
101722,2025-12,0,0.03772669652685866,0.4
100123,2025-11,0,0.12077865980562046,1.0
101989,2025-12,0,0.043056375932383636,0.4
102092,2025-10,0,0.009381810280122674,0.3
100708,2025-11,0,0.10467502751758656,1.0
100959,2025-10,0,0.0697242683254556,0.9
101758,2025-11,0,0.057235406302983724,0.5
101071,2025-11,0,0.21844228756031941,1.0
101553,2025-11,0,0.057351811094557135,0.5
100080,2025-11,0,0.062052030596722756,0.5
101214,2025-11,0,0.07275844827089387,0.3
101446,2025-11,0,0.07231781491623591,0.8
100977,2025-11,1,0.13081511585980918,1.0
101559,2025-10,0,0.01236797145612898,0.3
100193,2025-10,1,0.4476275335232487,1.0
100014,2025-10,0,0.06700745182702462,0.8
100264,2025-12,0,0.09707391296851926,0.9
101465,2025-12,0,0.047981020156832845,0.6
100994,2025-11,0,0.008380084163371639,0.1
101751,2025-10,0,0.05931958192915291,0.6
100323,2025-12,0,0.09235843267950274,0.7
101928,2025-12,0,0.28136478571413714,1.0
100175,2025-11,0,0.11486522844762098,1.0
100933,2025-12,0,0.0938867139993037,0.7
101752,2025-10,0,0.22699280182900491,1.0
101469,2025-10,0,0.0803054152889907,0.6
100203,2025-11,0,0.2322219367145017,0.9
100649,2025-12,0,0.12883709579059183,0.6
101857,2025-10,1,0.40286656815271116,1.0
100140,2025-11,0,0.0029469075910155238,0.1
100706,2025-11,0,0.032481673992308835,0.5
100895,2025-11,0,0.032331223682106704,0.4
100268,2025-10,0,0.0582532342988504,0.5
100761,2025-11,0,0.13323914484473462,0.6
101986,2025-10,0,0.1941075419969875,0.9
101534,2025-10,0,0.1577807932700757,0.9
100284,2025-10,0,0.01518164836852845,0.2
100972,2025-12,0,0.030451655947647684,0.2
100343,2025-12,1,0.05579124231924739,0.4
100556,2025-10,0,0.014429929382210934,0.3
100475,2025-12,1,0.05469822892470191,0.6
101354,2025-12,0,0.03859037136457141,0.5
101567,2025-12,0,0.00876117008223816,0.2
100021,2025-12,0,0.015505185395404282,0.2
100121,2025-12,0,0.011366323369109171,0.1
100003,2025-11,0,0.07205727204757369,0.8
101726,2025-12,1,0.2755861043399144,1.0
101305,2025-10,0,0.0718365490910902,1.0
100994,2025-12,0,0.016277834486680475,0.1
101969,2025-10,0,0.014103413548191193,0.2
101411,2025-10,0,0.06160101201131403,0.8
101705,2025-12,0,0.05345549469691921,0.4
100457,2025-12,0,0.023081103905585886,0.4
100707,2025-12,0,0.010251971263447991,0.2
101110,2025-10,0,0.12096554504997604,0.5
101407,2025-10,0,0.007253946353511725,0.3
101803,2025-10,0,0.025812523346700134,0.5
101808,2025-12,0,0.05967834132253867,0.7
101454,2025-12,0,0.013355935373895707,0.6
102094,2025-12,0,0.08095456225280988,1.0
101321,2025-12,0,0.049216157149217815,0.5
100327,2025-11,0,0.04924965589663473,0.6
101126,2025-11,0,0.03450890422984659,0.3
100158,2025-12,0,0.01943157817052664,0.2
100380,2025-10,0,0.08758974354838153,0.8
101728,2025-12,0,0.007423981173421711,0.1
100201,2025-12,0,0.03248213997095265,0.1
100237,2025-12,0,0.032951071241938294,0.4
100530,2025-10,0,0.24614747850087476,1.0
101255,2025-11,0,0.09053399439301013,0.4
101578,2025-10,0,0.1763764119797413,1.0
100545,2025-11,0,0.012266261815848565,0.2
101326,2025-12,0,0.009206711475997059,0.2
101709,2025-11,0,0.05002196725812988,1.0
101059,2025-10,0,0.04040633808451089,0.6
100962,2025-11,0,0.02270430061824516,0.2
100834,2025-12,0,0.0036012055408576604,0.1
100541,2025-11,0,0.08290087493207152,0.7
101376,2025-11,0,0.011657471438053872,0.1
101652,2025-12,0,0.024838717395638258,0.3
100867,2025-12,0,0.135720029260372,0.7
100381,2025-11,0,0.036273934987165565,0.7
100853,2025-11,0,0.06545732443183393,0.6
101671,2025-12,0,0.08730156968446903,0.7
101639,2025-11,0,0.10539891686699542,1.0
100963,2025-12,0,0.01991689459987699,0.5
101687,2025-10,0,0.012838268667380921,0.4
100631,2025-11,0,0.03609647748594867,0.7
101922,2025-11,0,0.10297826789619925,1.0
101276,2025-10,0,0.22910883706523408,1.0
100252,2025-12,0,0.054903078320591436,0.7
101319,2025-10,0,0.3662412855526162,1.0
100526,2025-10,1,0.22332226020078133,0.9
100295,2025-11,0,0.1205682426395472,0.5
101207,2025-12,0,0.05906506185829815,0.8
101079,2025-10,0,0.03985683413671133,0.2
101736,2025-11,0,0.06080878531866913,0.7
100189,2025-10,0,0.10771767433314429,0.8
100447,2025-11,0,0.08769909994823454,0.5
100790,2025-12,0,0.0811766725549681,0.7
100902,2025-11,0,0.07916732864065672,0.8
100047,2025-10,0,0.03579934025337337,0.2
102035,2025-11,0,0.017360460896497138,0.5
100392,2025-12,0,0.07369949826178436,0.2
101916,2025-10,0,0.11580184926538606,1.0
100340,2025-10,0,0.06427093667724999,1.0
102051,2025-12,0,0.08195194061267938,1.0
101106,2025-11,0,0.055813869072808095,0.5
101351,2025-11,0,0.036626454148647465,0.2
100264,2025-11,0,0.18040979252472716,0.9
100862,2025-10,0,0.012862393433484259,0.3
102083,2025-12,0,0.019889945958393232,0.1
101166,2025-12,0,0.003423793199475779,0.2
101695,2025-11,0,0.017180285347300525,0.3
101129,2025-11,0,0.05402522308639542,0.4
101614,2025-11,0,0.02387886115884665,0.3
101361,2025-10,0,0.004943114833850431,0.1
101734,2025-12,0,0.07488564189281635,0.7
100608,2025-12,0,0.23728864939405023,1.0
101116,2025-11,0,0.06040116424846268,0.6
101010,2025-10,0,0.027754383105265613,0.1
100195,2025-11,0,0.03303450272913828,0.5
100180,2025-11,0,0.12741525898520853,0.6
101134,2025-11,0,0.01331810384316758,0.1
101429,2025-12,0,0.036944327532598555,0.4
101702,2025-11,0,0.1304972320547635,0.9
101935,2025-10,0,0.0524501163364949,0.8
101505,2025-11,0,0.3407612482685315,1.0
100833,2025-10,0,0.12025214838969099,0.9
100144,2025-10,0,0.06209588387930392,0.7
100930,2025-12,0,0.07225487143405382,0.5
100284,2025-12,0,0.01796038216612119,0.2
101755,2025-10,0,0.03227370646088565,0.4
100665,2025-11,0,0.14416657990765974,1.0
101926,2025-11,0,0.028022103683104944,0.2
100166,2025-10,0,0.11283544621191599,1.0
101344,2025-10,0,0.005191807662762687,0.1
101475,2025-10,1,0.01312796475916707,0.2
100674,2025-12,0,0.007719197635758282,0.2
101968,2025-12,0,0.04873005856831929,0.1
100968,2025-11,0,0.27189161943904655,1.0
100581,2025-11,0,0.16357183023737332,0.8
100123,2025-12,0,0.37739160131954624,1.0
100839,2025-11,1,0.07584578878176851,0.5
100059,2025-12,0,0.030335476136601133,0.2
100722,2025-10,0,0.07979608174044756,0.5
100466,2025-11,0,0.1726742841402674,0.6
102019,2025-12,0,0.10689565548918381,1.0
100138,2025-12,0,0.04362667631885091,0.5
101029,2025-10,0,0.13248906921080483,0.8
101633,2025-10,0,0.025029671055463745,0.2
101749,2025-11,0,0.08295923623913624,0.7
100137,2025-11,0,0.021185850021351364,0.2
100264,2025-10,0,0.1452108456405256,0.9
101903,2025-10,0,0.10398289629917466,0.9
101629,2025-12,0,0.2712437423304589,0.9
100196,2025-10,0,0.023757118089560627,0.6
102015,2025-11,0,0.07470855082142355,0.6
101996,2025-12,0,0.06003014229224012,0.7
100579,2025-12,0,0.06142515747273436,1.0
101711,2025-11,0,0.01849160228514082,0.5
100161,2025-12,1,0.3740518223299923,1.0
100504,2025-12,0,0.02985571412191192,0.4
101238,2025-12,0,0.027621475623798502,0.3
101154,2025-12,1,0.22034698006527403,1.0
101416,2025-12,0,0.01987146710621789,0.5
101136,2025-11,0,0.047420804366494054,0.4
100409,2025-10,0,0.04341276859512766,0.6
101172,2025-11,0,0.02638628999308863,0.3
100946,2025-11,0,0.1585143291450493,0.7
100816,2025-11,1,0.020076908701158823,0.1
101800,2025-12,0,0.06383831425755541,0.6
101588,2025-12,0,0.018458418952191184,0.2
100352,2025-12,0,0.022346393377385976,0.2
100725,2025-12,0,0.004940290174572757,0.1
101486,2025-10,0,0.025936714352575385,0.5
100364,2025-11,0,0.03853459112944979,0.7
100760,2025-12,0,0.020192028291978602,0.3
102033,2025-12,0,0.02477664641510492,0.5
100727,2025-11,0,0.21832350268318504,0.9
100916,2025-10,0,0.015055010186215632,0.1
100301,2025-10,0,0.07300554894242176,0.4
100301,2025-12,0,0.029608881207496954,0.4
101506,2025-12,0,0.07372641298777854,0.8
101967,2025-12,0,0.028109280099969446,0.2
100004,2025-11,0,0.05822343630155147,0.6
101389,2025-12,0,0.04098430726936954,0.3
102036,2025-10,0,0.09653159299027249,0.4
101540,2025-11,0,0.010509286162578764,0.3
101108,2025-10,0,0.05645523658135776,0.4
100282,2025-11,0,0.01811869374166641,0.2
100829,2025-10,0,0.2576333515181045,1.0
100591,2025-10,0,0.11207047643282626,0.9
101940,2025-10,0,0.027087295852095867,0.7
100459,2025-10,0,0.10699008927572731,0.8
102044,2025-11,0,0.04660480846349178,1.0
101574,2025-12,0,0.016330395482931994,0.1
101436,2025-11,0,0.15724948655073148,0.9
101421,2025-10,0,0.13910516788446636,0.9
100359,2025-11,0,0.014039909939021867,0.3
101023,2025-10,0,0.02822145191369298,0.6
100074,2025-12,0,0.06337435138665878,0.8
101781,2025-11,0,0.030212528730600693,0.1
100525,2025-11,0,0.03431478486237225,0.3
101159,2025-12,0,0.024799685562167308,0.2
101909,2025-12,0,0.25226802890130434,1.0
101266,2025-10,0,0.17472628702730508,0.9
102061,2025-12,1,0.0476038129885039,0.3
100200,2025-12,0,0.024792223878923766,0.3
100929,2025-10,0,0.1375430246032276,0.9
101428,2025-12,0,0.08574967761147717,0.8
101874,2025-12,0,0.012692227197988614,0.5
101200,2025-11,0,0.07596213734843611,0.3
101017,2025-10,0,0.011753507358357791,0.1
101350,2025-10,0,0.03852009521209723,1.0
100500,2025-11,0,0.038859749105022094,0.4
101395,2025-10,0,0.32968994434154325,0.9
101621,2025-12,0,0.015420839790564866,0.2
101058,2025-12,0,0.01932605508623108,0.7
100471,2025-12,0,0.13568350211868568,0.7
101573,2025-10,0,0.07841152360901374,0.9
101430,2025-12,0,0.11452855268417646,0.6
101240,2025-12,0,0.09710995641375937,0.8
100306,2025-11,1,0.04795377028825722,0.4
101075,2025-10,0,0.10574532033768691,0.7
101318,2025-11,0,0.06021334436336053,0.5
100051,2025-12,0,0.01216614307216705,0.2
100083,2025-11,0,0.11956515894365713,0.9
100864,2025-12,0,0.009027675723906047,0.3
100841,2025-10,0,0.052921904132567366,0.5
102045,2025-12,1,0.24645731821200784,0.9
101893,2025-11,0,0.01984881567135229,0.5
100394,2025-11,0,0.029348665804801576,0.2
100265,2025-10,0,0.01686618572533285,0.4
100833,2025-12,0,0.10018459556085525,0.9
101484,2025-10,0,0.10871436443344794,0.6
100580,2025-12,0,0.02293035644323024,0.6
102007,2025-10,0,0.11132650584289897,0.6
100917,2025-12,0,0.04812954609838562,0.6
101740,2025-11,0,0.029569245959539525,0.1
100165,2025-11,0,0.006428249353351337,0.1
101319,2025-12,0,0.14960709039490788,1.0
101820,2025-11,0,0.061373396838981346,0.8
101101,2025-12,0,0.07501446808969649,0.8
100676,2025-12,0,0.11562400396625111,0.8
100693,2025-12,0,0.06833402453865349,0.8
101774,2025-10,1,0.09407392434888907,0.9
100462,2025-10,0,0.08388688318109684,0.7
102030,2025-11,0,0.058222817944902645,0.3
101841,2025-12,0,0.06670485195673813,0.7
102082,2025-11,1,0.09122294429785792,0.6
100075,2025-11,0,0.015953697884117796,0.2
101014,2025-11,0,0.049932478164091375,0.4
100744,2025-12,0,0.16824647715953403,1.0
101122,2025-10,1,0.10624974242212841,0.7
100202,2025-11,0,0.025011394434868942,0.2
100913,2025-10,0,0.1692788588650218,0.9
100797,2025-11,0,0.03252799986717366,0.5
100927,2025-11,0,0.07912802587177632,0.5
101727,2025-11,1,0.23824898477684378,1.0
101716,2025-10,0,0.03798351964742789,0.3
101572,2025-10,0,0.039632673293550365,0.8
100971,2025-11,1,0.09297028982601199,0.9
100678,2025-10,0,0.10447587032239618,1.0
100312,2025-10,0,0.01199464931300463,0.1
102063,2025-12,0,0.09087547955691097,1.0
101760,2025-11,0,0.026400759444239308,0.2
100487,2025-12,0,0.19996742838282616,1.0
100342,2025-12,0,0.07581715603850918,0.7
101228,2025-10,1,0.35575739810772444,1.0
100009,2025-10,0,0.09882679787759482,0.8
101168,2025-12,0,0.1212791595924493,0.6
101688,2025-10,0,0.033090158403019154,0.3
101601,2025-12,0,0.13064932720751418,1.0
101175,2025-12,1,0.21834602438253867,0.9
101839,2025-10,1,0.35676358277323333,1.0
100731,2025-12,0,0.09364566384121989,0.5
100105,2025-12,0,0.04936143399521365,0.5
101065,2025-12,0,0.023391080710575413,0.1
100437,2025-11,0,0.0518444363222065,0.5
101186,2025-11,0,0.051639195318722,0.6
100534,2025-11,0,0.012424936507883443,0.4
101329,2025-11,0,0.03295027295396177,0.2
101666,2025-11,0,0.046456201182970114,0.6
100650,2025-10,0,0.12456307368313674,1.0
100055,2025-12,0,0.06082589510289015,0.5
100429,2025-10,0,0.05239677963318116,0.9
101118,2025-12,0,0.00897306901602736,0.1
100830,2025-10,0,0.03762960587249903,0.7
100775,2025-10,0,0.18038600991333378,1.0
101210,2025-12,0,0.015192508090547873,0.2
101451,2025-11,0,0.020243606479084197,0.2
101573,2025-12,0,0.1873228452797852,0.9
101951,2025-11,0,0.2515923666164576,0.9
101351,2025-10,0,0.02285854444639462,0.2
101769,2025-11,0,0.09902993370772097,0.9
101464,2025-12,1,0.2059818901270607,0.9
101712,2025-10,0,0.1062392691515748,0.8
100345,2025-12,0,0.036826563034119006,0.9
101682,2025-10,0,0.009457786847865713,0.1
100304,2025-12,0,0.11837436056577709,0.7
101401,2025-10,0,0.03668980562274982,0.4
102065,2025-11,0,0.03501188452010755,0.3
102070,2025-11,0,0.0224191664859581,0.3
100438,2025-12,0,0.021181398246769692,0.3
100929,2025-12,1,0.18903332518713434,0.9
100780,2025-10,0,0.09352403167396463,0.6
100700,2025-12,0,0.07972746139606683,0.7
100539,2025-12,0,0.1322598026540992,0.7
100298,2025-10,0,0.41989606257055523,1.0
101414,2025-10,0,0.10553073097869077,1.0
101421,2025-12,0,0.14810261441042147,0.9
100224,2025-10,0,0.10299836540559038,0.9
100376,2025-12,0,0.03744110469450779,0.9
101438,2025-11,0,0.030743967140989623,0.5
100788,2025-10,0,0.16407543159320997,0.8
101538,2025-12,0,0.007367930629269734,0.2
100383,2025-10,0,0.06666150088047118,1.0
101587,2025-10,0,0.005276343300930935,0.1
101959,2025-12,0,0.018986606298101456,0.4
101135,2025-11,0,0.07305924613862587,0.8
100781,2025-11,0,0.02913371448055766,0.3
101686,2025-10,0,0.029845579941015273,0.2
100076,2025-10,0,0.035585339753947606,0.5
101829,2025-12,0,0.21324229474282952,0.9
100323,2025-10,0,0.02393297154311038,0.7
100782,2025-12,0,0.03436349093019554,0.5
100939,2025-11,0,0.07765643248729279,0.4
101869,2025-12,0,0.06180886464663664,0.9
101283,2025-10,0,0.009620607016110647,0.4
100754,2025-10,0,0.027864312015721298,0.4
100577,2025-11,0,0.08243754030299814,0.9
101024,2025-10,0,0.01584456089350681,0.4
101721,2025-12,0,0.2543111093550905,0.8
101631,2025-12,0,0.0590738140792819,0.5
101136,2025-10,0,0.03877522669356139,0.4
101773,2025-12,0,0.08647544732466379,0.4
100682,2025-10,0,0.008463865264515313,0.5
101046,2025-11,0,0.11766850946761276,0.7
100915,2025-12,0,0.08667916915428021,0.8
102004,2025-11,0,0.0192949813184318,0.4
101912,2025-12,0,0.013743089501414663,0.1
101163,2025-10,1,0.07883736561421237,0.6
100085,2025-10,0,0.00733176746567388,0.1
101020,2025-10,0,0.01397535345873736,0.3
101801,2025-10,0,0.051534059307576076,0.3
100151,2025-11,0,0.06892573273872492,0.7
101833,2025-11,0,0.03340528596687626,0.3
101282,2025-12,0,0.15455269730932558,1.0
100939,2025-12,1,0.10191782393758758,0.4
101788,2025-12,0,0.10247031081521021,1.0
101370,2025-10,0,0.0074284062102510946,0.1
101264,2025-12,0,0.08899598427632034,0.9
101685,2025-10,0,0.010884155992196451,0.6
100672,2025-11,0,0.05182806129817693,1.0
102000,2025-11,0,0.06242557721425226,0.3
100091,2025-12,0,0.0387512356343825,0.2
100498,2025-12,0,0.022820599541286245,0.1
100432,2025-12,0,0.022735291702465157,0.5
100288,2025-12,0,0.16205073362329858,0.9
101254,2025-10,0,0.028094235737224017,0.6
100920,2025-10,0,0.08991800156894628,0.6
100088,2025-12,0,0.025439339233082826,0.3
101685,2025-12,0,0.10113398027830874,0.6
101504,2025-10,0,0.01387145626277195,0.3
101653,2025-10,0,0.02718270655740518,0.3
101354,2025-11,0,0.07181399598996648,0.5
101621,2025-11,0,0.007817529523702621,0.2
100040,2025-10,0,0.034552067532023195,0.2
102040,2025-10,0,0.2735750797692609,1.0
100317,2025-10,0,0.006288690000181602,0.1
100055,2025-11,0,0.029608132257980594,0.5
101147,2025-11,0,0.02483111417200475,0.2
101149,2025-12,0,0.00897656601333061,0.1
100289,2025-10,1,0.10267743731498656,0.8
100102,2025-11,0,0.07343597050072863,0.5
101664,2025-10,0,0.040031770399688874,0.3
100431,2025-12,0,0.035989819015860194,0.4
100406,2025-11,0,0.011455262373758685,0.5
100339,2025-10,0,0.0481100318831744,0.3
101916,2025-11,0,0.10178071406934602,1.0
101488,2025-11,0,0.04477225104349849,0.7
100139,2025-10,0,0.21209778709764238,0.9
100873,2025-11,0,0.07916333633685675,0.7
101703,2025-10,0,0.009497792467641696,0.1
100612,2025-10,0,0.05615809694476845,0.8
100423,2025-11,0,0.12469138855345054,0.8
100845,2025-12,0,0.05311926925017505,0.6
100072,2025-11,0,0.0825735855666406,0.7
100934,2025-12,0,0.013554244960191928,0.1
100231,2025-12,0,0.05644096457189494,0.5
100761,2025-10,0,0.07419992892529027,0.6
100092,2025-12,0,0.1182811384088794,0.5
101646,2025-12,0,0.035542462468915466,0.5
100109,2025-10,0,0.021772151867119893,0.3
100369,2025-10,0,0.037447650784979365,0.6
100215,2025-10,0,0.19488201971735905,1.0
101158,2025-12,0,0.02220002478491983,0.2
101194,2025-10,0,0.015726343951502752,0.2
101899,2025-10,0,0.0721536324575131,0.4
101586,2025-12,0,0.04159860971615449,0.3
100706,2025-12,0,0.05564161015117468,0.5
100656,2025-10,0,0.12942241033145352,0.9
100696,2025-12,0,0.14507100668146408,0.8
101374,2025-12,0,0.06907500720123846,0.2
100615,2025-11,0,0.023356164118186366,0.6
101550,2025-11,0,0.13203062895830933,0.7
102037,2025-11,0,0.20820448077639228,1.0
101231,2025-11,0,0.008052338258427272,0.4
101523,2025-11,0,0.03181352022337378,0.7
102090,2025-12,0,0.1996193205869812,1.0
101260,2025-12,0,0.04713652265742807,0.5
100072,2025-12,0,0.033851584341515986,0.7
100145,2025-11,0,0.1573090385153882,1.0
100530,2025-12,0,0.36494361132064146,1.0
101677,2025-11,0,0.014605234892754771,0.1
100736,2025-10,0,0.09310743910195601,0.6
102003,2025-12,0,0.026244100897054243,0.1
101349,2025-11,0,0.15282513565490746,0.8
100039,2025-10,0,0.1461288444376031,0.8
100389,2025-10,0,0.05191246606538551,0.6
101331,2025-12,0,0.04406626883350577,0.5
100441,2025-12,0,0.1772181940907409,0.7
101994,2025-12,0,0.023468686790567905,0.3
101103,2025-12,0,0.02713512604974821,0.7
100218,2025-11,0,0.21221441325867732,1.0
100267,2025-12,0,0.13483763729743112,1.0
100048,2025-11,0,0.0884363805249894,0.6
101640,2025-10,0,0.02868047665551686,0.4
100094,2025-10,0,0.02247473463553537,0.1
101433,2025-10,0,0.013759456026943938,0.4
100045,2025-11,0,0.02858658482944738,0.6
100135,2025-11,0,0.03313653994483585,0.3
101473,2025-10,0,0.06687724855230562,0.2
100207,2025-12,0,0.06753732765789984,0.6
102011,2025-12,0,0.031982366593501475,0.4
101041,2025-10,0,0.019394139998371182,0.4
101513,2025-12,0,0.00750399655449374,0.1
101398,2025-11,0,0.07467186083779598,0.4
101073,2025-12,0,0.012256549662350968,0.1
100015,2025-10,0,0.11628908359233045,1.0
102008,2025-11,0,0.027480025967052745,0.6
100500,2025-12,0,0.04910342617072285,0.4
101120,2025-12,0,0.14315551895105305,0.9
101667,2025-10,0,0.05351462758300403,0.3
100802,2025-11,0,0.059603651303608805,0.5
101541,2025-11,1,0.1509367402377114,0.9
101509,2025-11,0,0.136045537990341,0.8
100812,2025-10,0,0.04652153538801511,0.2
101883,2025-10,0,0.1398920793425984,1.0
100957,2025-11,0,0.026033336626392414,0.1
100159,2025-10,0,0.05667473480647797,0.5
101353,2025-11,0,0.1329979292641473,0.9
100462,2025-12,0,0.10897588173982554,0.7
100838,2025-11,0,0.11752827349954172,0.5
100586,2025-11,0,0.026762797393542866,0.3
101200,2025-10,0,0.05459355894362987,0.3
101361,2025-11,0,0.018433195617011063,0.1
101768,2025-12,0,0.0539870457899437,0.8
100728,2025-11,0,0.06345892035556287,0.7
100270,2025-11,0,0.08504525394965777,0.7
100175,2025-12,0,0.24811447425973765,1.0
101717,2025-10,0,0.016613198401632504,0.2
101931,2025-12,0,0.018452840067475225,0.3
100414,2025-10,0,0.12977572798600773,0.8
101356,2025-10,0,0.08394113458572523,0.8
101035,2025-12,0,0.1601099912215856,0.9
102077,2025-10,0,0.0380980290693118,0.9
100014,2025-12,1,0.10111410908526103,0.8
100193,2025-11,0,0.44374265961807396,1.0
102060,2025-12,0,0.01938932959398073,0.4
101815,2025-11,0,0.019635270192597913,0.3
100465,2025-12,0,0.007331874115405975,0.1
100435,2025-10,0,0.032509120684408505,0.6
100248,2025-11,0,0.029537629933934797,0.3
100541,2025-10,0,0.06496398500556316,0.7
101048,2025-12,0,0.016303385087065084,0.3
101482,2025-10,0,0.04934525123780671,0.9
101496,2025-10,0,0.016192875001788308,0.3
101140,2025-11,0,0.25622037057084046,1.0
100280,2025-10,0,0.009215044482596675,0.2
101225,2025-12,0,0.06265960213894935,0.3
100242,2025-11,0,0.43655545338554896,1.0
100809,2025-11,0,0.06985200451468715,0.7
101125,2025-11,0,0.08280022282522062,0.7
101237,2025-10,0,0.09086564553135577,0.9
101551,2025-12,0,0.14265301408219747,0.7
101771,2025-10,0,0.04174620711543593,0.4
100568,2025-12,0,0.07759003718100202,0.4
100194,2025-12,0,0.06407383332312366,0.8
101663,2025-11,0,0.033136500436069,0.9
101603,2025-11,0,0.02164929745610968,0.4
100641,2025-12,0,0.036066097219465375,0.5
101747,2025-11,0,0.043342057650801756,0.3
100774,2025-10,0,0.4257957642938771,1.0
100822,2025-10,0,0.027113574533180487,0.3
101562,2025-11,0,0.015463529927377465,0.1
101729,2025-10,0,0.03341404699540014,0.5
101570,2025-11,0,0.13728457383573386,0.8
100046,2025-12,0,0.008054848710812502,0.2
100147,2025-11,0,0.0935447794187174,0.9
100973,2025-12,0,0.03672133904397343,0.7
101963,2025-10,0,0.019618270753848324,0.3
100304,2025-10,0,0.08406011592681652,0.7
100340,2025-11,0,0.11365137111463772,1.0
101405,2025-11,0,0.023639614139481013,0.3
101091,2025-10,0,0.014396675258650357,0.2
101743,2025-12,0,0.01777703719078608,0.4
100045,2025-10,0,0.090635657609539,0.6
101500,2025-11,0,0.21916752655439217,0.8
100791,2025-10,0,0.04773645984931126,0.2
100816,2025-10,0,0.024734539221678457,0.1
101204,2025-11,0,0.044583544283324436,0.6
101911,2025-10,0,0.08891059814239186,0.5
100232,2025-12,0,0.01533992067058832,0.1
101935,2025-11,0,0.12963039146027489,0.8
101478,2025-11,0,0.1287239328992489,1.0
100306,2025-10,0,0.03743857024820762,0.4
100063,2025-11,0,0.06700497978803004,0.7
101689,2025-12,0,0.021733625808049918,0.4
100148,2025-12,1,0.1944241404229437,1.0
101944,2025-10,0,0.0563883546598306,0.9
100248,2025-12,0,0.011618438019745924,0.3
101802,2025-10,0,0.03327319837821914,0.4
102037,2025-10,1,0.3945309458465948,1.0
102013,2025-12,0,0.1151676195394873,0.7
101734,2025-10,0,0.03334294454017745,0.7
100090,2025-11,0,0.09979760157016382,0.6
100990,2025-12,0,0.12192647635110232,1.0
100220,2025-10,0,0.014716048036537298,0.3
101806,2025-11,0,0.2035048461133369,0.9
100520,2025-10,0,0.056985947741946645,0.8
102043,2025-11,0,0.04864844060658871,0.6
100326,2025-11,0,0.11148437401038001,0.4
101209,2025-11,0,0.015020428335083833,0.2
101259,2025-10,1,0.23542095477229044,1.0
100320,2025-12,0,0.10884112719876869,0.9
100436,2025-12,0,0.055941909868343624,0.6
101692,2025-10,0,0.1093354461226147,1.0
101083,2025-11,0,0.13347254303972175,0.7
101762,2025-11,0,0.015918466326350758,0.2
100505,2025-10,1,0.11797458663221518,0.6
100106,2025-10,0,0.061658835651469436,0.9
101547,2025-12,0,0.03134209385535588,0.6
100444,2025-11,0,0.018312382683183744,0.2
102086,2025-10,0,0.013603831102529228,0.2
101179,2025-10,1,0.3114039140371243,0.9
101572,2025-12,0,0.11338084788790366,0.8
100952,2025-10,0,0.08915910825664107,0.9
100809,2025-10,0,0.09756284258857888,0.7
101906,2025-12,0,0.09889885340644847,0.9
101110,2025-11,0,0.10623298209245201,0.5
101830,2025-12,0,0.009507426060979011,0.2
101013,2025-10,0,0.031913053745003674,0.5
101484,2025-11,0,0.04474354006963479,0.6
100823,2025-11,0,0.13742848753651268,1.0
100419,2025-11,0,0.050842150031707445,0.4
101343,2025-12,0,0.3064889553515094,0.9
100451,2025-10,0,0.0061060612116453535,0.1
100898,2025-11,0,0.11731044164766785,0.9
101316,2025-12,0,0.017111476132021,0.4
100566,2025-10,0,0.017236873771397966,0.2
100657,2025-12,0,0.13252809224902137,0.5
100853,2025-10,0,0.016947109040938563,0.6
100653,2025-11,0,0.15721658846226916,0.9
101617,2025-12,0,0.005488457472134598,0.1
100153,2025-12,0,0.02963599444684917,0.4
100703,2025-11,0,0.042169254056951246,0.5
101884,2025-11,0,0.05247868614352749,0.2
100407,2025-12,0,0.11837629552241698,0.9
101519,2025-12,0,0.00931475233374596,0.1
101516,2025-12,0,0.04692894924534036,1.0
100698,2025-12,0,0.306483514301284,1.0
101669,2025-10,0,0.01059558263536306,0.2
101004,2025-12,0,0.02029138256091104,0.4
100765,2025-12,0,0.13167458281509994,0.7
101372,2025-11,0,0.0836159238595704,0.7
101206,2025-12,0,0.01013710806487661,0.1
100315,2025-11,0,0.031075605740548816,0.3
100477,2025-12,0,0.12397367602389076,1.0
101463,2025-10,0,0.02012199876925122,0.3
102082,2025-12,0,0.06181805822462688,0.6
100585,2025-10,0,0.14367089613973913,1.0
101649,2025-10,0,0.024559939724452404,0.3
100241,2025-10,0,0.10552833565160222,1.0
102043,2025-10,1,0.13529165989841774,0.6
100262,2025-11,0,0.040395508402643214,0.6
101831,2025-12,0,0.17355982939856693,0.7
101802,2025-11,0,0.051070832678500315,0.4
101271,2025-12,0,0.017348339609175163,0.1
100886,2025-11,0,0.04719869338235468,0.4
101111,2025-10,0,0.021346422415217736,0.3
101853,2025-12,0,0.33641148194922266,0.8
100645,2025-11,0,0.05895354456407928,0.7
101968,2025-11,0,0.004439944636739945,0.1
101563,2025-10,0,0.015996152966566125,0.2
100544,2025-10,0,0.018536626566058676,0.1
101478,2025-12,0,0.13697464024693076,1.0
101087,2025-11,0,0.11449089074241474,1.0
101697,2025-11,1,0.21503388683355842,0.8
102085,2025-12,0,0.07617707523964914,0.8
101194,2025-11,0,0.013109738452930267,0.2
100927,2025-12,0,0.09583111520575764,0.5
100769,2025-10,0,0.03281046275834311,0.1
101897,2025-10,1,0.07263858823458319,0.6
100575,2025-12,0,0.02073607899620942,0.2
101414,2025-12,0,0.23837754326010785,1.0
100233,2025-12,0,0.4015799075050838,0.9
100283,2025-12,0,0.17045262362524805,0.9
100740,2025-12,0,0.006808057141167767,0.2
102013,2025-10,0,0.06459203698051996,0.7
101103,2025-10,0,0.0821716372842766,0.7
101939,2025-11,0,0.03955874280026633,0.2
100877,2025-12,0,0.04560190852415446,1.0
100024,2025-10,0,0.10028176597275949,0.8
101714,2025-11,1,0.3070616993339165,0.7
101775,2025-12,0,0.010179950829515703,0.3
101227,2025-11,0,0.07954696510088,0.7
100987,2025-12,0,0.12709649812096807,0.6
100846,2025-12,0,0.15652339421982003,0.8
101440,2025-11,0,0.009508714834481437,0.2
101880,2025-11,0,0.020254055673782537,0.4
100119,2025-12,0,0.0695415006122194,0.5
100604,2025-11,0,0.013188137525336369,0.3
100192,2025-12,0,0.02085150364185952,0.2
100592,2025-10,0,0.10575242079170898,1.0
100714,2025-11,0,0.08891988889238933,0.8
100257,2025-11,0,0.06490564586836844,0.8
101341,2025-11,0,0.0577698685251419,0.7
101807,2025-10,0,0.051590954137918005,0.6
100458,2025-10,0,0.004805658820576722,0.2
100707,2025-11,0,0.022984814966586505,0.2
100878,2025-10,0,0.10243755529653935,1.0
101967,2025-11,0,0.036898808632233875,0.2
101856,2025-10,0,0.07684139000112108,0.5
100237,2025-10,0,0.026697993441690444,0.4
101432,2025-10,0,0.037405956552548886,0.2
101266,2025-12,0,0.24928295479686735,0.9
101419,2025-11,1,0.18918329205986217,0.7
100145,2025-12,0,0.05697191882128624,1.0
101059,2025-11,0,0.07175712789325665,0.6
100058,2025-10,0,0.07232342570901733,0.6
100421,2025-11,0,0.005070357910722751,0.3
100157,2025-11,0,0.013176304790924442,0.3
101181,2025-10,0,0.13302408245095662,0.9
101753,2025-12,0,0.08465184519492605,0.6
100697,2025-10,0,0.018350792054234993,0.3
101884,2025-12,0,0.054231669099467646,0.2
100213,2025-12,0,0.10718766993063594,0.6
100184,2025-10,0,0.011355960691787867,0.1
101607,2025-11,0,0.08635715345873762,1.0
100136,2025-11,0,0.10270771990949146,0.5
101413,2025-10,0,0.10661493396195577,0.7
101791,2025-10,0,0.13763977699246283,0.5
100583,2025-10,0,0.12621901507295272,0.8
100902,2025-12,0,0.08446047161120113,0.8
101523,2025-10,0,0.03728273301979514,0.7
101990,2025-12,0,0.26496930861650775,1.0
101084,2025-10,0,0.24965571891775884,1.0
100993,2025-10,0,0.010442595260489854,0.1
100827,2025-10,0,0.07645064032253879,0.4
100457,2025-11,0,0.04794295815628184,0.4
101811,2025-12,0,0.2817915091763028,1.0
101828,2025-10,0,0.09552828293996625,0.8
101231,2025-10,0,0.013204430243977288,0.4
100460,2025-11,0,0.023759466022694593,0.3
100074,2025-10,0,0.04198094659316436,0.8
100926,2025-11,0,0.005165422372067855,0.1
101400,2025-10,0,0.15726786402683673,0.8
101589,2025-12,0,0.1780131082608692,0.7
101712,2025-11,0,0.07383488279160984,0.8
101118,2025-10,0,0.004015693760039413,0.1
101742,2025-10,1,0.10524539763430879,0.7
100883,2025-10,0,0.1722088294112591,0.9
100733,2025-12,0,0.09925742075823789,0.6
100986,2025-10,1,0.11759973820419035,0.9
100925,2025-10,0,0.23314816668555086,1.0
100999,2025-12,0,0.027911940316059543,0.4
101241,2025-11,1,0.04245992897384389,0.4
101491,2025-10,0,0.07341668299173387,0.4
100637,2025-10,0,0.02879202337754281,0.6
100834,2025-11,0,0.005461757534152557,0.1
100689,2025-11,0,0.014884248307031604,0.3
100606,2025-12,0,0.025627830936621597,0.1
101440,2025-12,0,0.003573034888955,0.2
100613,2025-11,0,0.03940976737461532,0.6
101118,2025-11,0,0.011122705023566923,0.1
101412,2025-11,0,0.11806154338628483,1.0
101015,2025-12,0,0.026810350572820257,0.3
100968,2025-10,0,0.1404028861541983,1.0
101036,2025-12,0,0.23588335555974876,0.7
100555,2025-11,0,0.15570774274888158,0.6
101933,2025-10,0,0.07449159472919456,0.7
101541,2025-10,0,0.060137261830832796,0.9
100210,2025-12,0,0.1578478766598485,0.8
100493,2025-10,0,0.005555277150903075,0.3
101950,2025-12,1,0.2773523851822106,0.7
101314,2025-10,0,0.09498431021337525,0.7
100687,2025-12,0,0.019574386627299486,0.3
102099,2025-11,0,0.053717553023892396,0.8
101800,2025-11,0,0.11179659216954767,0.6
101530,2025-12,1,0.07135374223322222,0.5
101733,2025-10,0,0.03813466739421064,0.4
100008,2025-10,0,0.025316699706516392,0.3
101803,2025-11,0,0.021560065619697415,0.5
100244,2025-12,0,0.07626579755766869,0.5
100613,2025-10,0,0.10237485887868267,0.6
101536,2025-12,0,0.021611719497272808,0.5
100683,2025-10,0,0.032536569181174146,0.1
101466,2025-11,0,0.2152409491033234,1.0
100491,2025-12,0,0.051823249470147756,0.4
101162,2025-11,0,0.03352222015848173,0.6
100479,2025-12,0,0.05604658731061732,0.7
101991,2025-12,0,0.015167898396549116,0.5
101934,2025-11,0,0.0047827583355295016,0.1
101485,2025-11,0,0.012060616376690918,0.1
100385,2025-12,0,0.07717296809421857,0.8
101425,2025-11,0,0.048462391879592184,0.6
100016,2025-11,0,0.019650391923151444,0.2
100555,2025-10,0,0.13769771609378045,0.6
100038,2025-12,0,0.05243026630420688,0.6
102065,2025-10,0,0.025111436170992034,0.3
100344,2025-12,0,0.02823226918001641,0.3
101378,2025-11,0,0.11658801748948033,1.0
100784,2025-12,0,0.0495270881539912,0.3
100748,2025-10,0,0.04921869757374085,0.6
101096,2025-11,0,0.018286493296089185,0.1
101113,2025-12,0,0.054857447593106616,0.6
101511,2025-12,0,0.009849961347956737,0.1
100486,2025-10,0,0.06925930141912831,0.8
101006,2025-12,0,0.008251653029554988,0.1
101052,2025-10,0,0.017889525523244864,0.3
101753,2025-11,0,0.15903575263739853,0.6
100454,2025-12,0,0.011941505962161768,0.2
100360,2025-11,0,0.016926368367835367,0.2
100163,2025-11,0,0.01164410539553433,0.1
100319,2025-10,0,0.013241170037857634,0.3
100949,2025-12,0,0.051676513503383335,0.6
100379,2025-12,1,0.07162513296976654,0.8
101224,2025-12,0,0.024709502137780545,0.6
101574,2025-10,0,0.03196980844427087,0.1
101217,2025-12,0,0.05948219228720809,0.3
101253,2025-12,0,0.0370424854748415,0.6
100589,2025-10,0,0.13903789088535556,0.8
101834,2025-11,0,0.02058354485136636,0.3
101326,2025-11,0,0.014183631822263202,0.2
100640,2025-12,0,0.11612897978356902,0.7
101114,2025-11,0,0.04849111519237986,0.3
101143,2025-10,0,0.0628518873717277,0.4
101780,2025-11,0,0.1372966266072955,0.8
100584,2025-11,0,0.03086221735339205,0.4
100192,2025-10,0,0.007668460303890138,0.2
100614,2025-11,0,0.015072757991974873,0.2
101739,2025-11,0,0.0896502829028587,0.7
101302,2025-10,1,0.10502800723640916,0.9
101663,2025-12,0,0.08954067102834966,0.9
100454,2025-10,0,0.011002982712931627,0.2
101680,2025-10,0,0.09916928387565,0.9
100821,2025-11,0,0.008934189376956819,0.3
101729,2025-12,0,0.03292810367688446,0.5
102032,2025-11,0,0.03057680221026893,0.2
101504,2025-11,0,0.044726144422698684,0.3
101309,2025-12,0,0.1823245327325574,1.0
101628,2025-10,0,0.18902291274419836,0.9
100362,2025-12,0,0.05092911444658866,0.5
101301,2025-12,0,0.11050166589824635,1.0
100603,2025-12,1,0.026139037843381816,0.8
100462,2025-11,0,0.04025015545346127,0.7
101487,2025-12,0,0.05844309257899348,0.8
100428,2025-11,0,0.010173703839428743,0.1
101497,2025-10,0,0.07873121983128695,0.5
102029,2025-10,0,0.2663373173580467,1.0
100322,2025-10,0,0.07064863130763706,1.0
100428,2025-10,0,0.00418640667268263,0.1
101375,2025-11,0,0.0257845966304581,0.3
101888,2025-10,0,0.2541649682835977,1.0
100464,2025-12,0,0.019908466396770973,0.1
101245,2025-12,1,0.06454272581001558,0.8
101683,2025-10,0,0.0363011026267365,0.3
101771,2025-12,0,0.010573834080091049,0.4
101487,2025-11,0,0.17709694971869883,0.8
100442,2025-10,0,0.04165744761879503,0.1
101271,2025-10,0,0.034544482422034756,0.1
102036,2025-12,0,0.015204041423146734,0.4
101500,2025-10,0,0.37909496892433586,0.8
101146,2025-12,0,0.08651001780439815,0.8
101568,2025-11,0,0.019041970198666245,0.3
101994,2025-11,0,0.006027187823722977,0.3
101537,2025-10,0,0.19641583465882995,0.8
101146,2025-10,0,0.07909328514060167,0.8
100132,2025-11,0,0.07697977013304065,0.6
100001,2025-10,0,0.08605503897856667,0.8
102050,2025-10,0,0.04378258278149615,0.6
100071,2025-11,0,0.08289422382470225,0.5
101863,2025-12,0,0.005638416936847851,0.1
100316,2025-11,0,0.0501493272368357,0.4
102022,2025-10,1,0.19270642482161607,0.7
101670,2025-12,0,0.15032013006755982,0.9
101543,2025-12,0,0.20420067580340295,1.0
101452,2025-12,0,0.03546057176673256,0.1
100338,2025-12,0,0.054801014041642705,0.5
100509,2025-12,0,0.18207374003190266,0.8
101286,2025-11,0,0.04346745080544286,0.7
101054,2025-11,0,0.04714774275473084,0.6
100644,2025-11,0,0.15163833342667293,1.0
100176,2025-10,0,0.03581953677444116,0.4
101168,2025-10,0,0.03365803900712666,0.6
101850,2025-11,0,0.07808486122695707,0.6
102027,2025-11,0,0.10763076051934822,0.9
101220,2025-12,0,0.025506361535502925,0.8
101976,2025-10,0,0.062314960855981295,0.4
100702,2025-10,1,0.17419089905510227,1.0
100363,2025-12,0,0.10927259651513366,0.8
100601,2025-10,0,0.009068683372505592,0.2
101307,2025-11,0,0.05076712896197067,0.8
101714,2025-10,0,0.12571622080367506,0.7
101626,2025-12,0,0.13731163451138412,0.9
101906,2025-10,0,0.0902217251755224,0.9
101237,2025-11,1,0.1718441891667825,0.9
100391,2025-12,0,0.041764927096050015,0.7
101672,2025-10,0,0.11683504528959238,1.0
101986,2025-12,0,0.12434586924583849,0.9
100549,2025-12,0,0.02895788790766558,0.4
101174,2025-12,0,0.06053839453580677,0.8
102025,2025-11,0,0.21052032353834751,1.0
100404,2025-12,0,0.026034154336002705,0.2
101842,2025-10,0,0.06329197799890886,0.7
102069,2025-12,0,0.1986936553480787,0.7
101455,2025-10,0,0.14476119680339222,1.0
101057,2025-11,0,0.11720082908389978,0.8
101816,2025-12,0,0.024427353437455997,0.3
101952,2025-11,1,0.17051655361562648,1.0
101558,2025-11,0,0.017133629839817484,0.2
101145,2025-12,0,0.15266750734264453,0.9
101810,2025-12,0,0.02350429659210527,0.1
100623,2025-10,1,0.12523663406268,0.8
100991,2025-12,0,0.041482947095161676,0.9
100958,2025-10,0,0.06334591932949411,0.5
100713,2025-10,0,0.008811836123433385,0.4
100745,2025-10,0,0.1341800973792417,1.0
100331,2025-11,0,0.06448725441223488,0.7
100064,2025-11,1,0.15097194311255896,0.6
101323,2025-10,1,0.1063872690013419,0.7
101469,2025-12,0,0.014888810361564128,0.6
102062,2025-10,0,0.10526081441839046,0.9
101289,2025-11,0,0.01315776392778873,0.1
101382,2025-10,0,0.1126065257053326,1.0
100785,2025-10,0,0.055231558758828576,0.7
101203,2025-10,0,0.032514725481606783,0.6
100155,2025-10,0,0.05058557225685996,0.7
101588,2025-10,0,0.04553985147966175,0.2
100860,2025-11,0,0.07171815102588906,0.4
101525,2025-10,0,0.005318228265710196,0.1
100602,2025-12,0,0.010348905843943027,0.3
100615,2025-10,0,0.13971924809246242,0.6
100380,2025-12,0,0.1444498099940931,0.8
100958,2025-12,0,0.03988357657644338,0.5
100495,2025-12,0,0.0960748992004789,0.6
100411,2025-11,1,0.15832449339490187,0.8
101116,2025-12,1,0.0889758195350846,0.6
100709,2025-10,0,0.026397867276641174,0.3
101919,2025-12,0,0.0750401619778501,0.9
100426,2025-12,0,0.014043306652982403,0.3
101317,2025-10,0,0.10162474854739384,0.9
100535,2025-10,0,0.031971358681530226,0.4
101935,2025-12,0,0.25139368065723616,0.8
100397,2025-12,0,0.008348148984598389,0.3
101173,2025-11,0,0.29085040629729864,1.0
102053,2025-11,1,0.3066609315807764,1.0
100341,2025-11,1,0.05302406074190672,0.7
100984,2025-11,0,0.04705974250642218,0.7
101833,2025-12,0,0.04247060118181325,0.3
100721,2025-12,0,0.01067833716885625,0.2
102087,2025-10,0,0.011540954315561914,0.1
101078,2025-12,0,0.22765642203070616,0.9
100781,2025-12,0,0.04156119714094384,0.3
100609,2025-12,0,0.08575557095954514,1.0
101542,2025-11,1,0.04359482800867581,0.7
101290,2025-10,0,0.01392861751891235,0.2
100380,2025-11,0,0.176163065327183,0.8
100454,2025-11,0,0.022016452197499103,0.2
101226,2025-12,1,0.10758611569042156,0.9
100672,2025-10,0,0.16518190911550343,1.0
100843,2025-10,0,0.1396228169999687,0.6
101658,2025-10,0,0.06438490827109655,0.2
101686,2025-12,0,0.02268598665362181,0.2
101874,2025-10,0,0.04445823135488074,0.5
101891,2025-12,1,0.07078510404699835,0.3
100933,2025-11,0,0.11904905058814211,0.7
100077,2025-12,0,0.03912636274235368,0.3
100419,2025-10,0,0.02360962846357461,0.4
101288,2025-11,0,0.016837449680554093,0.5
100151,2025-10,0,0.1637795183289366,0.7
101031,2025-11,1,0.04471526776812984,0.9
101987,2025-11,0,0.12300174724044177,0.9
101521,2025-12,0,0.021727341652946895,0.2
100679,2025-10,0,0.1434020915861976,0.8
101778,2025-10,0,0.009534683334750282,0.2
100349,2025-12,0,0.11437062459435031,0.8
101990,2025-11,1,0.3821099902196934,1.0
100865,2025-11,0,0.09077995643527552,0.7
101026,2025-10,0,0.14836277724372382,0.8
100766,2025-10,0,0.09962352266533005,0.5
100057,2025-10,0,0.10574863739202933,0.5
100053,2025-10,0,0.10070174673304676,0.7
101948,2025-10,0,0.020005070820115975,0.7
100571,2025-10,0,0.03066539400161959,0.1
101182,2025-11,0,0.16126940137310045,0.8
100498,2025-10,0,0.016743404487666806,0.1
101267,2025-10,0,0.04862964614138714,0.4
101281,2025-10,0,0.03698491115794818,0.4
100763,2025-12,0,0.0749567885132769,0.7
101630,2025-10,0,0.005747131597364291,0.2
101098,2025-10,0,0.03708677297656442,0.3
101946,2025-12,0,0.12976235327073873,0.8
100690,2025-10,1,0.0306457489412389,0.1
100436,2025-11,0,0.06492589065792469,0.6
101358,2025-10,0,0.01675533940390063,0.5
102077,2025-11,1,0.16177451035532528,0.9
101546,2025-10,0,0.030134106867135826,0.2
101377,2025-10,0,0.08228899841477054,0.9
100931,2025-12,0,0.029873841863168993,0.2
100044,2025-10,0,0.05483241999983157,0.9
100295,2025-10,0,0.13321563001325296,0.5
101759,2025-10,0,0.056502313032141906,0.5
101274,2025-12,0,0.05249851749038448,0.6
101176,2025-12,0,0.045984229461377576,0.5
100932,2025-10,0,0.1351316606681414,0.6
100978,2025-11,0,0.044110582078954436,0.7
100275,2025-11,0,0.2214224237548585,1.0
101704,2025-10,0,0.1262659533834281,1.0
101472,2025-12,0,0.04867748407031047,0.8
101612,2025-10,0,0.04485848699977525,0.7
100211,2025-11,0,0.08675569027159777,0.7
101762,2025-12,0,0.021798020301703237,0.2
100153,2025-11,0,0.027965882495593508,0.4
101813,2025-11,0,0.11762283767426364,0.9
101053,2025-12,0,0.07560254738663336,0.6
101347,2025-10,0,0.026206207486946707,0.4
100303,2025-10,0,0.1208020315107483,0.9
101236,2025-11,0,0.0107639057297827,0.2
101000,2025-11,0,0.017768665663977966,0.3
100964,2025-11,0,0.024900225514458224,0.1
101785,2025-12,0,0.02817619931307462,0.3
101279,2025-11,0,0.03676835334647745,0.4
100143,2025-11,0,0.2315089470311406,0.8
100850,2025-12,0,0.020529974667134496,0.1
100619,2025-12,0,0.01192099482087298,0.1
101143,2025-12,0,0.07228805986515228,0.4
101261,2025-11,0,0.019459973936549874,0.2
101230,2025-10,0,0.023683505288936396,0.4
101159,2025-10,0,0.020958977544685814,0.2
100778,2025-10,0,0.010578974431452478,0.3
100660,2025-12,0,0.018273727523130775,0.1
100586,2025-10,0,0.018293586883678145,0.3
101591,2025-10,0,0.18402160083851035,0.9
101594,2025-10,0,0.10128794656221796,0.9
101675,2025-12,0,0.040385825161802544,0.2
100239,2025-10,0,0.10620125316659718,0.9
101311,2025-11,0,0.15134900544169833,0.7
100023,2025-12,0,0.008679692447667814,0.5
100035,2025-10,0,0.022599947933190864,0.6
100840,2025-11,0,0.01568746457811776,0.1
100808,2025-11,0,0.01717370809432158,0.3
100544,2025-11,0,0.007091143353228231,0.1
100806,2025-12,0,0.07006187459506864,0.7
100664,2025-11,0,0.14278209245779838,0.9
101243,2025-10,0,0.030435843760472397,0.1
101219,2025-12,0,0.17730905664423505,0.8
101350,2025-12,0,0.033393552256375636,1.0
101492,2025-11,0,0.025987242815410237,0.7
101798,2025-11,0,0.13865535535444012,1.0
100712,2025-10,0,0.01665369706803947,0.1
100929,2025-11,0,0.1727351897519682,0.9
100862,2025-12,0,0.02326529615349682,0.3
100220,2025-12,0,0.05313905609269825,0.3
101554,2025-11,0,0.11126389404446131,0.7
100183,2025-10,0,0.09018294359541988,0.6
101622,2025-11,0,0.019074063767752517,0.4
101518,2025-12,0,0.09645364667979311,0.5
101104,2025-12,1,0.24943658861276366,0.8
101126,2025-10,0,0.03446131419424998,0.3
100618,2025-10,0,0.02593173663191553,0.2
101597,2025-10,0,0.02543369733038466,0.6
102033,2025-11,0,0.012224955250899252,0.5
101340,2025-10,0,0.017143048426058946,0.1
101670,2025-10,0,0.2612469327396266,0.9
101687,2025-12,0,0.01591557902372056,0.4
101242,2025-12,0,0.009625026692231461,0.1
100553,2025-12,0,0.010780766748417485,0.1
100079,2025-11,0,0.16730781329300495,0.8
101122,2025-12,0,0.03545967597519611,0.7
100325,2025-11,0,0.01614306204037707,0.3
101423,2025-12,0,0.3319825998362874,0.8
100247,2025-12,1,0.058995383148711555,0.5
101835,2025-12,0,0.02794235583315807,0.1
100489,2025-12,0,0.050768058797512616,0.8
101320,2025-10,0,0.12877331847266005,1.0
101971,2025-10,0,0.09139515013739234,1.0
100259,2025-12,0,0.029150342257002918,0.7
101735,2025-11,1,0.05594785582278934,0.6
100938,2025-11,0,0.03571061951352225,0.4
101081,2025-12,0,0.03626792103834793,0.3
100496,2025-11,0,0.19650883695560104,1.0
100394,2025-10,0,0.013935319791043663,0.2
100133,2025-12,0,0.03052409335576064,0.1
101451,2025-12,0,0.0047278824544154845,0.2
100813,2025-11,0,0.0293435614842288,0.4
101568,2025-12,0,0.013334207833834768,0.3
100359,2025-12,0,0.02640361195429963,0.3
101896,2025-11,0,0.05416163419187522,0.5
100658,2025-11,0,0.0634757100208768,0.6
100503,2025-12,0,0.0375170779854721,0.8
101052,2025-12,0,0.018665655522127827,0.3
100655,2025-11,0,0.0475825082280235,0.6
100944,2025-10,1,0.0965024792388805,0.6
101011,2025-11,0,0.23043959771174588,0.9
102086,2025-11,0,0.011966238819301077,0.2
100529,2025-12,0,0.0379072646815787,0.6
101557,2025-11,1,0.07291373400182981,0.6
101309,2025-11,0,0.041076870906397,1.0
100701,2025-10,0,0.02064979220600481,0.5
101662,2025-12,0,0.006709451842698143,0.1
100319,2025-12,0,0.031390053194459124,0.3
100187,2025-11,0,0.09761838463384626,0.9
100846,2025-10,0,0.16478121761963826,0.8
101095,2025-11,0,0.019010344097361832,0.1
101047,2025-12,0,0.010221904725972867,0.3
101442,2025-11,0,0.050315705393054876,0.5
100862,2025-11,0,0.03163105000910775,0.3
100562,2025-11,0,0.005790652805841083,0.1
100176,2025-11,0,0.012720982297080083,0.4
101741,2025-12,0,0.10584078717522102,0.7
100793,2025-12,0,0.017278059517038407,0.2
100736,2025-11,0,0.042615725243012686,0.6
100736,2025-12,1,0.15487901294536624,0.6
100903,2025-10,0,0.020609355349934085,0.7
101674,2025-10,0,0.12244266900292174,0.6
101540,2025-10,0,0.013608610308753915,0.3
101266,2025-11,0,0.15747009137804172,0.9
100288,2025-10,0,0.06343260805778954,0.9
101442,2025-10,0,0.018884867822149404,0.5
101077,2025-12,0,0.2207101419395751,1.0
100491,2025-10,0,0.02396169808599865,0.4
101942,2025-11,0,0.02428336479064309,0.1
100754,2025-12,0,0.093280869966116,0.4
101361,2025-12,0,0.012031237791809658,0.1
100654,2025-10,0,0.033962394863001746,0.5
101058,2025-10,0,0.08094960885456975,0.7
100617,2025-12,0,0.04322530284829032,0.3
100545,2025-12,0,0.01929214624254003,0.2
101357,2025-12,0,0.09497734393501386,0.9
101299,2025-11,0,0.07509870094959137,0.8
100217,2025-12,0,0.00658547171165151,0.1
101527,2025-11,0,0.3137217056545202,1.0
100817,2025-12,0,0.1955600903015455,1.0
102054,2025-12,0,0.024305424938058113,0.6
101460,2025-11,0,0.11300722431257873,0.5
100724,2025-12,1,0.12968881300859056,1.0
100589,2025-12,1,0.07152755585581479,0.8
100357,2025-10,0,0.1005109516532125,0.5
100238,2025-12,0,0.2958713058273185,0.9
101379,2025-11,0,0.0787953318397829,1.0
100484,2025-12,0,0.2637397604924777,0.9
102016,2025-11,0,0.0519669605008295,0.7
100142,2025-12,0,0.024456449802959926,0.3
101754,2025-11,0,0.12738544659489115,1.0
101883,2025-12,1,0.33709628658942703,1.0
101636,2025-10,0,0.14146930301351848,0.9
100691,2025-11,0,0.0386139209769082,0.2
100039,2025-12,0,0.07053099151232374,0.8
100699,2025-11,0,0.03625922632480594,0.1
101272,2025-12,0,0.15488699348316362,0.7
101232,2025-12,0,0.22109957619234522,0.9
100859,2025-12,0,0.39181656659112873,0.9
100798,2025-11,0,0.21374722142249225,0.7
101957,2025-12,0,0.12865147335024957,0.9
101404,2025-11,0,0.04599857442404358,0.2
101077,2025-11,0,0.37768807193492504,1.0
101278,2025-10,0,0.02333329432045014,0.3
100627,2025-12,0,0.1716329630529147,1.0
101675,2025-11,0,0.021417199558381606,0.2
101943,2025-12,0,0.082743672617138,0.4
101247,2025-12,0,0.0924795531284132,0.6
101446,2025-10,0,0.10758923201190124,0.8
100122,2025-10,0,0.07320786390681454,0.5
101074,2025-10,0,0.0388589996357171,0.4
100564,2025-12,0,0.2014207158649815,1.0
100452,2025-10,0,0.12154429856333857,0.7
101213,2025-11,0,0.014614758609601054,0.2
101811,2025-10,1,0.2180980965217658,1.0
100467,2025-12,0,0.03064326115211985,0.7
100016,2025-10,0,0.013235477773679784,0.2
102004,2025-10,0,0.03403700520534264,0.4
100387,2025-11,0,0.18723313887629048,0.9
101132,2025-12,0,0.03756781231626459,0.6
100416,2025-11,0,0.019671354880112638,0.1
101477,2025-11,1,0.10493504747297305,0.5
100533,2025-10,0,0.023005004548312082,0.3
101813,2025-12,0,0.05150493115637593,0.9
101443,2025-11,0,0.04231975780530002,0.7
100582,2025-12,0,0.07480918607109716,0.5
100922,2025-11,0,0.043600274189723225,0.3
100149,2025-12,0,0.05908899268713529,0.8
100976,2025-12,0,0.014811195685148146,0.3
100759,2025-11,0,0.03692753178449123,0.2
100329,2025-12,0,0.014961970830896235,0.1
101779,2025-12,0,0.1276403077666447,0.8
100321,2025-10,0,0.08177543839764562,0.4
101066,2025-11,0,0.021667360885508143,0.4
101045,2025-10,0,0.1683361387835316,0.9
100298,2025-11,0,0.4021071338500211,1.0
100587,2025-12,0,0.46126891393852004,1.0
100325,2025-12,0,0.05401960752926445,0.3
100813,2025-10,0,0.013757474436395137,0.4
101414,2025-11,1,0.21877569082185513,1.0
100648,2025-11,0,0.06647638608591744,0.4
100167,2025-12,0,0.05740278215387029,0.9
100751,2025-10,0,0.03401151245265422,0.4
101574,2025-11,0,0.04802032206614722,0.1
101199,2025-12,0,0.012645370628102772,0.1
101424,2025-10,0,0.014434660990545535,0.1
100700,2025-11,0,0.04251151113708604,0.7
100759,2025-12,0,0.023191131379726317,0.2
101623,2025-12,1,0.15746580626209053,0.9
101158,2025-11,0,0.010824989676665243,0.2
100751,2025-11,0,0.017201419804276894,0.4
101922,2025-10,0,0.24586146322015934,1.0
102034,2025-12,0,0.01447425903522289,0.4
101815,2025-10,0,0.011136872629338922,0.3
100181,2025-10,0,0.018909932441293784,0.1
100506,2025-11,0,0.021490687754674963,0.4
101253,2025-10,0,0.13296305516722268,0.6
101013,2025-12,0,0.03371937390601969,0.5
101336,2025-10,0,0.15701512983227855,0.9
101282,2025-11,0,0.09593690383921007,1.0
100158,2025-10,0,0.022704102100869764,0.2
100735,2025-12,0,0.08746911920612023,0.6
100076,2025-12,0,0.025097668504983607,0.5
101913,2025-11,0,0.40198774561445305,1.0
100000,2025-11,0,0.034538681409812824,0.1
101485,2025-12,0,0.01528081519652639,0.1
101763,2025-11,0,0.13229681012387037,0.9
100618,2025-12,0,0.023110379337832426,0.2
101246,2025-10,0,0.29966575720789645,1.0
100988,2025-12,0,0.004801589590108491,0.3
100664,2025-12,0,0.0445559429621099,0.9
100008,2025-11,0,0.03845149310515926,0.3
101915,2025-10,0,0.00881443182027546,0.2
100372,2025-11,0,0.1605428306669581,0.8
101632,2025-12,0,0.00915900979281265,0.2
101851,2025-11,0,0.033938531364572595,0.5
101956,2025-12,0,0.04598631441366332,0.9
101904,2025-11,0,0.01472363996664882,0.3
100602,2025-11,0,0.031482690037387726,0.3
100521,2025-10,0,0.0433588974307572,0.7
102096,2025-10,0,0.06968924844402175,1.0
101382,2025-11,0,0.11099184045401117,1.0
101784,2025-10,0,0.012837210679549757,0.1
101454,2025-11,0,0.04115128501147037,0.6
100642,2025-11,0,0.006202385223623828,0.1
100329,2025-10,0,0.028955366804204984,0.1
100009,2025-11,0,0.07449103860288943,0.8
101998,2025-10,0,0.023549976402210182,0.2
100459,2025-11,0,0.10468952767844582,0.8
100461,2025-12,0,0.074166616685351,0.9
101733,2025-12,0,0.04522768860139766,0.4
100329,2025-11,0,0.026048973430738104,0.1
101703,2025-11,0,0.028978309308080936,0.1
101176,2025-10,0,0.04853138391351859,0.5
100178,2025-12,0,0.023328450351777438,0.8
100052,2025-10,0,0.1709968554858809,0.9
102022,2025-11,1,0.12301605800251202,0.7
100101,2025-12,0,0.020993843455538737,0.2
100287,2025-11,0,0.057684039342661975,0.5
101131,2025-10,0,0.03678446989980713,0.5
101566,2025-11,0,0.02967388542485872,0.2
101583,2025-12,0,0.28429764202853575,0.9
101817,2025-12,0,0.04007669862915957,0.8
101971,2025-11,0,0.2576937115076964,1.0
100515,2025-12,0,0.03256414438957674,0.3
102090,2025-11,1,0.42109276200280715,1.0
101219,2025-10,0,0.1487947180937254,0.8
101275,2025-10,0,0.029198186733649937,0.2
100356,2025-11,0,0.06536023747740434,0.8
101688,2025-12,0,0.00905295047910393,0.3
101957,2025-11,0,0.07375140271623193,0.9
100473,2025-10,0,0.07723574779862956,0.4
100585,2025-12,0,0.22028161568134916,1.0
100622,2025-11,0,0.019879105501089213,0.3
101736,2025-12,1,0.16469928461826325,0.7
101786,2025-11,0,0.022478823716974308,0.1
101532,2025-10,0,0.0559699217136257,0.2
101782,2025-12,0,0.021428346387680812,0.1
100861,2025-12,0,0.03960072207061981,0.2
101234,2025-10,0,0.011373492288264947,0.3
101151,2025-11,0,0.034886410658148057,0.2
100479,2025-11,0,0.08714393765445691,0.7
100692,2025-10,0,0.051974928798226475,0.4
101450,2025-11,1,0.016438830626030135,0.3
102059,2025-12,0,0.07729335933610502,0.9
100166,2025-11,0,0.14687343872818426,1.0
101715,2025-10,0,0.11558505906464964,0.7
100844,2025-10,0,0.023619011415013172,0.3
100546,2025-12,0,0.0810393712675104,0.7
100686,2025-11,0,0.254692165099102,1.0
101852,2025-11,0,0.05145493480945059,0.5
100411,2025-10,1,0.10824056984995989,0.8
100743,2025-12,0,0.026584243123299378,0.4
100561,2025-10,0,0.03511883236891042,0.3
101359,2025-12,0,0.0986979145615384,0.5
100130,2025-11,1,0.3713680592156933,0.9
100866,2025-12,0,0.02877771622250389,0.4
100602,2025-10,0,0.04411944572558285,0.3
101063,2025-11,0,0.006244057683502261,0.2
100705,2025-11,0,0.021814897845732668,0.5
101609,2025-12,0,0.0469271975795059,0.9
100905,2025-10,0,0.09835070772250835,0.7
100123,2025-10,0,0.2907424089210118,1.0
101338,2025-10,0,0.04233260659031164,0.7
101035,2025-10,0,0.04596590740269527,0.9
100063,2025-10,0,0.07153982729326157,0.7
101531,2025-10,0,0.06618175875037914,0.6
101062,2025-12,0,0.011308885174811828,0.4
100573,2025-10,0,0.19786664688119182,0.8
102032,2025-10,0,0.007722486452454692,0.2
101053,2025-11,0,0.12665186596759279,0.6
101459,2025-10,0,0.04013726033763868,0.4
102052,2025-12,0,0.023115555013383263,0.5
101289,2025-12,0,0.022205595381293384,0.1
102011,2025-10,0,0.020594379681643928,0.4
100410,2025-10,0,0.0044438712949979526,0.1
100792,2025-11,0,0.15353837370589848,0.7
102048,2025-11,0,0.038165757244713175,0.8
101493,2025-11,0,0.08306553803886961,0.9
101066,2025-10,0,0.05405071247507603,0.4
102012,2025-10,0,0.2196139735700671,0.8
100757,2025-10,0,0.21268223771535574,0.9
100169,2025-10,0,0.040612332855398565,0.3
102049,2025-11,0,0.08918475252273604,0.9
100543,2025-12,0,0.23009640237529802,0.8
100128,2025-12,0,0.18437299711321684,0.9
101180,2025-12,0,0.007248672290996532,0.1
100453,2025-11,0,0.30981762175368893,1.0
101273,2025-12,0,0.039247912294723256,0.5
100507,2025-10,0,0.010466281144187064,0.2
101649,2025-12,0,0.04359371876102685,0.3
102066,2025-12,0,0.051585474383345466,0.3
100715,2025-12,0,0.016433373138801808,0.1
100341,2025-12,0,0.1895895340982065,0.7
101578,2025-11,0,0.25942662339745914,1.0
101346,2025-10,0,0.15564113368002072,0.5
100021,2025-10,0,0.06231785487921147,0.2
102046,2025-12,0,0.15815768723952572,0.9
100243,2025-10,0,0.14422847659770147,0.8
101230,2025-12,0,0.025377643272570295,0.4
101855,2025-12,0,0.020929325341005053,0.1
100420,2025-11,0,0.03458559671273773,0.7
101173,2025-10,1,0.32971633760397484,1.0
102072,2025-11,0,0.019797916207253376,0.3
101389,2025-11,0,0.014478761544482905,0.3
100023,2025-11,0,0.03127555095615291,0.5
100814,2025-11,0,0.015752483970609615,0.1
100908,2025-12,0,0.023749308314308413,0.6
101741,2025-10,0,0.11857689332530125,0.7
100038,2025-10,0,0.0694778508321347,0.6
101423,2025-11,1,0.16769933746239718,0.8
100728,2025-12,0,0.0452480857198588,0.7
100354,2025-10,0,0.005772987269154136,0.1
100965,2025-10,0,0.025737433498191506,0.1
101377,2025-11,0,0.13056829936384956,0.9
101564,2025-12,0,0.06632361108299396,0.5
101303,2025-10,0,0.018745341889678267,0.5
100012,2025-12,0,0.07127299609552981,0.3
100876,2025-11,0,0.04648497912328942,1.0
100405,2025-12,0,0.017278330539302476,0.1
100718,2025-12,0,0.02069914998370299,0.1
101984,2025-12,0,0.03534612378708899,0.1
102069,2025-11,0,0.07170684282551192,0.7
100489,2025-11,0,0.13042644951310997,0.8
100168,2025-12,0,0.029960960612928304,0.1
102026,2025-11,0,0.07396598139219425,0.6
100581,2025-12,0,0.09327860730654744,0.8
101887,2025-12,0,0.08331200929618027,0.7
101094,2025-11,0,0.10564670230771636,0.9
100390,2025-12,0,0.21508843501514502,0.8
100941,2025-10,1,0.07912414237756214,0.6
101699,2025-12,0,0.11540430572487728,0.6
100978,2025-10,0,0.0805371645660857,0.7
100601,2025-12,0,0.03614281281721004,0.2
100752,2025-10,0,0.13727273993456485,1.0
101155,2025-11,0,0.08697364591663369,0.7
100423,2025-10,0,0.10187067662044,0.8
100346,2025-12,0,0.03084855794095907,0.1
100177,2025-11,0,0.17953511125458507,0.9
100997,2025-10,0,0.034222644156790195,0.5
100171,2025-10,0,0.01724406481402178,0.4
102084,2025-12,0,0.018232676958655807,0.3
100589,2025-11,1,0.19919085347371485,0.8
100397,2025-10,0,0.040764900735550426,0.3
101410,2025-11,0,0.062141402326670224,0.9
100904,2025-12,0,0.01606303362103677,0.3
100083,2025-10,0,0.20995373228944395,0.9
100218,2025-10,1,0.30424258913142277,1.0
101041,2025-12,0,0.022087085838502215,0.4
101942,2025-12,0,0.023590099275898373,0.1
102007,2025-11,0,0.19345391711870052,0.6
100313,2025-12,0,0.0038216024948730274,0.1
100225,2025-11,0,0.13987856225549153,0.9
101888,2025-12,0,0.2696007585011962,1.0
102081,2025-12,0,0.10794592706011595,1.0
101459,2025-12,0,0.014308776410154024,0.4
101748,2025-10,0,0.04003291103705423,0.2
102025,2025-12,0,0.09724447279259218,1.0
100792,2025-12,0,0.05104230613489716,0.7
101600,2025-11,0,0.1268874236427094,0.7
101964,2025-12,0,0.008542003818842982,0.4
101893,2025-10,0,0.18946953653064807,0.5
100629,2025-12,0,0.10113148324806889,0.7
101002,2025-11,0,0.004297351862041552,0.2
100590,2025-11,0,0.013974658999939583,0.2
100830,2025-12,0,0.07146571914761907,0.7
101337,2025-12,0,0.08861602235519554,0.8
101252,2025-12,0,0.07832397464896823,0.6
100810,2025-10,0,0.0636199494866961,0.6
100870,2025-10,0,0.22534696192350437,0.9
100931,2025-10,0,0.009485167645426121,0.2
100557,2025-10,0,0.016910169424471194,0.5
101715,2025-11,0,0.113670859649564,0.7
100793,2025-11,0,0.010880787139018551,0.2
100961,2025-11,0,0.035505756252164816,0.5
100518,2025-12,0,0.0699009879789031,0.7
100000,2025-10,0,0.02960688788022481,0.1
101921,2025-12,0,0.006835701262719635,0.1
101949,2025-10,0,0.03638354941445991,0.2
101469,2025-11,0,0.051179211262371974,0.6
100527,2025-10,0,0.005698670441551637,0.3
100178,2025-11,0,0.15937627461570522,0.8
101849,2025-12,0,0.018882862071112293,0.4
101437,2025-12,0,0.1350244762292047,1.0
102055,2025-10,0,0.004811433889785636,0.2
102001,2025-12,0,0.1499894172828285,0.8
100458,2025-12,0,0.0037979756983567395,0.2
100028,2025-11,0,0.013874887682276843,0.2
100896,2025-10,0,0.007323899135516389,0.3
101743,2025-10,0,0.051991358085807085,0.4
100122,2025-12,0,0.07353652202549196,0.5
100556,2025-11,0,0.008083159600219839,0.3
101493,2025-10,0,0.06647273191788236,0.9
100250,2025-10,0,0.07073226510733413,0.7
100969,2025-12,0,0.004453334404035532,0.1
100064,2025-10,0,0.11975837695561732,0.6
100230,2025-11,0,0.11701664367652814,0.5
100921,2025-11,0,0.012464308908749245,0.4
100180,2025-12,0,0.012597279572644712,0.6
101581,2025-11,0,0.016054051238724356,0.4
100892,2025-11,0,0.2589319567032419,1.0
101055,2025-10,0,0.05328568876030425,0.6
102018,2025-11,0,0.0056933911146016284,0.1
100912,2025-10,0,0.16773271931558206,1.0
100342,2025-10,0,0.05038302695393451,0.7
100297,2025-12,0,0.228697049371811,0.8
101265,2025-12,0,0.06836166673390799,0.4
102039,2025-11,0,0.017079448861801474,0.3
100425,2025-11,0,0.3292609737363543,0.9
101189,2025-12,0,0.13639627741933738,0.7
101036,2025-11,0,0.18439469896449104,0.7
101940,2025-12,0,0.09541744626716116,0.7
101838,2025-10,0,0.041189611888194894,0.7
101949,2025-12,0,0.018564557355919643,0.2
100865,2025-12,0,0.054812643769525944,0.7
100812,2025-11,0,0.036435643788320156,0.2
100201,2025-10,0,0.02595800108607276,0.1
100357,2025-12,0,0.05840413593691484,0.5
101559,2025-11,0,0.011572466714657463,0.3
101985,2025-11,0,0.03617568210461134,0.4
101318,2025-10,0,0.04147026441482167,0.5
102013,2025-11,0,0.1320754340232218,0.7
100488,2025-11,0,0.060803817698361934,0.9
101153,2025-10,0,0.022269542712289554,0.3
100650,2025-12,0,0.1137044336563145,1.0
101616,2025-12,0,0.01445313440157562,0.4
101549,2025-12,0,0.09443716875415269,0.8
100393,2025-10,0,0.24232947087750434,0.9
101194,2025-12,0,0.004077193297875547,0.2
100006,2025-10,0,0.02615640059968145,0.7
101770,2025-11,1,0.02579880706429601,0.3
101270,2025-12,0,0.09243489463892937,0.7
101369,2025-11,0,0.08898896285484363,0.6
100543,2025-11,0,0.2414242328687255,0.8
100971,2025-10,0,0.15521026055213477,0.9
101577,2025-11,0,0.10594193996002607,0.6
100572,2025-11,0,0.1536597484827766,0.8
101789,2025-12,1,0.017081952130668886,0.4
101156,2025-10,0,0.07325820005565875,0.7
100286,2025-10,0,0.14169875446623417,0.7
101779,2025-10,0,0.06451203914176452,0.8
100900,2025-12,0,0.06391663908192925,0.6
100994,2025-10,0,0.006509463721681441,0.1
101427,2025-10,0,0.019626195783781268,0.3
102054,2025-10,0,0.03819373679847969,0.6
101801,2025-11,0,0.040008325877099814,0.3
100037,2025-11,0,0.00879183349652564,0.2
101094,2025-12,0,0.12054247236810646,0.9
100490,2025-10,0,0.007721614489043206,0.3
100897,2025-10,0,0.0740890227900235,0.3
100005,2025-11,0,0.09625961210301694,0.8
101221,2025-12,0,0.023418108347475586,0.7
101133,2025-12,0,0.05060700014697353,0.6
100188,2025-11,0,0.053016750950193335,0.5
101461,2025-12,0,0.15894994461783327,0.7
101890,2025-11,0,0.115108295543465,1.0
101963,2025-12,0,0.009517687258779479,0.3
100516,2025-11,0,0.012428669202300437,0.2
100141,2025-11,0,0.11650889810109344,0.3
100204,2025-12,0,0.10037381538373039,0.5
102060,2025-10,0,0.05896481623126098,0.4
101564,2025-10,0,0.060268332620637306,0.5
101166,2025-10,0,0.011689214695317324,0.2
100379,2025-10,0,0.10834752126908098,0.8
101403,2025-11,0,0.0101638876136529,0.6
101886,2025-11,1,0.3840430706711366,1.0
100840,2025-10,0,0.026626568818428783,0.1
100858,2025-10,0,0.08029614857525162,0.8
102034,2025-11,0,0.02489433843133069,0.4
101425,2025-10,0,0.01924569270075445,0.6
101977,2025-11,0,0.005508168364683138,0.3
100339,2025-12,0,0.04642784794288471,0.3
101255,2025-12,0,0.020336458549405603,0.4
101928,2025-10,0,0.2837702839202405,1.0
100444,2025-10,0,0.019899249739768535,0.2
100246,2025-12,0,0.011374859202298866,0.1
101109,2025-12,0,0.046255380707100786,0.4
101938,2025-12,0,0.03923108148404584,0.5
101200,2025-12,1,0.0372152042141598,0.3
100097,2025-10,0,0.016086839223433062,0.1
101043,2025-10,0,0.013795778238332362,0.3
100634,2025-12,0,0.023132898239728656,0.5
102079,2025-10,1,0.2789766287416307,1.0
101767,2025-10,0,0.3044285058476945,0.8
101761,2025-12,0,0.1774806842703571,1.0
101159,2025-11,0,0.012070765554874713,0.2
100566,2025-12,0,0.032029954014043543,0.2
101613,2025-11,0,0.10190984959915499,1.0
101704,2025-12,1,0.3069641153860766,1.0
100287,2025-10,0,0.01814502541635313,0.5
102098,2025-12,0,0.04640001164273384,0.7
101342,2025-10,0,0.006902808272877341,0.1
101352,2025-11,0,0.04293925352284406,0.6
101928,2025-11,0,0.2094931098254429,1.0
100881,2025-11,0,0.040500549616779714,0.1
101049,2025-12,0,0.012724883000944926,0.1
101645,2025-10,0,0.07880256980074452,1.0
101808,2025-10,0,0.04746465127266314,0.7
101260,2025-10,0,0.1344262911842731,0.5
101492,2025-10,0,0.11163636499312748,0.7
100534,2025-12,0,0.031509834187475876,0.4
101043,2025-11,0,0.08670214676738018,0.3
100489,2025-10,0,0.20210863021930214,0.8
100889,2025-11,0,0.007230133068484122,0.3
101496,2025-12,0,0.0170197573628973,0.3
101596,2025-10,0,0.11571093296064297,0.7
101082,2025-10,0,0.00928632405438886,0.1
100255,2025-12,0,0.08336278874286794,0.6
100999,2025-11,0,0.07336954313774903,0.4
100632,2025-12,0,0.07632293295621699,0.6
101429,2025-10,0,0.05197798686613541,0.4
101209,2025-10,0,0.027205188053735015,0.2
100202,2025-12,0,0.02925834511952029,0.2
100560,2025-10,0,0.15986098814491745,1.0
100376,2025-11,0,0.03702472644611686,0.9
100011,2025-12,0,0.0783777301433357,0.5
100499,2025-10,0,0.10151236831774288,0.6
100138,2025-10,0,0.03646295523467299,0.5
101585,2025-11,0,0.0815354712627953,0.7
101046,2025-10,0,0.10318802288280303,0.7
100349,2025-11,0,0.08097733606941966,0.8
100660,2025-11,0,0.01357484672280719,0.1
100176,2025-12,0,0.026247418237460195,0.4
100347,2025-10,0,0.015648562709694346,0.4
101295,2025-10,0,0.0362664132543424,0.4
100007,2025-12,0,0.0527112423195785,0.3
102032,2025-12,1,0.051213944041948206,0.2
101196,2025-11,0,0.04134066291972037,0.7
100497,2025-11,0,0.052739800956049195,0.8
101150,2025-10,1,0.11669233989187086,0.8
101584,2025-11,0,0.07269847090517788,0.5
100259,2025-11,0,0.14840796575100437,0.7
101884,2025-10,0,0.013639107577449449,0.2
101139,2025-10,0,0.07735627985821501,0.8
100619,2025-11,0,0.010304613089432986,0.1
101258,2025-12,0,0.02985637575530386,0.2
100208,2025-10,0,0.016459038117055697,0.2
100779,2025-10,0,0.17099034055371362,0.6
100887,2025-11,0,0.052989194126917924,0.5
101913,2025-10,0,0.3291075328704212,1.0
100167,2025-10,0,0.1643840858316547,0.9
100358,2025-11,0,0.12117778791737231,0.7
102056,2025-10,0,0.008286198385833266,0.3
100413,2025-11,0,0.01555761740077253,0.1
100814,2025-10,0,0.007956915552562022,0.1
101555,2025-11,0,0.07270679841922124,0.2
101016,2025-11,0,0.05258201273839245,0.9
100742,2025-10,0,0.007185540361857848,0.1
101501,2025-12,0,0.07232880856584786,0.4
101751,2025-12,0,0.03526626293115281,0.6
101881,2025-10,0,0.14753486727582024,0.9
101460,2025-12,0,0.04266586658537611,0.5
100234,2025-10,0,0.05665774953694859,0.7
101682,2025-12,0,0.014127300978073342,0.1
100995,2025-11,0,0.029835158665030292,0.8
101736,2025-10,0,0.15449501566690782,0.7
100541,2025-12,0,0.06497152659553583,0.7
100298,2025-12,0,0.3168138508743314,1.0
101455,2025-12,0,0.0761760342342924,1.0
100313,2025-10,0,0.0034505134919476294,0.1
101225,2025-10,0,0.07901845222931286,0.3
100395,2025-12,1,0.056613828003798765,0.3
100936,2025-10,0,0.08425290336454985,1.0
101612,2025-11,0,0.10626478821960579,0.7
100551,2025-12,0,0.09340343413568497,0.5
100835,2025-12,0,0.06532995657885314,0.9
101211,2025-11,0,0.046238434007923906,0.2
101116,2025-10,0,0.09486813959583397,0.6
100327,2025-10,0,0.04008355511144944,0.6
101910,2025-11,1,0.19693356422382277,0.6
101344,2025-11,0,0.022300763730005137,0.1
101977,2025-10,0,0.012202430287054098,0.3
100029,2025-11,0,0.2928207643240798,0.9
100593,2025-11,0,0.13099707581062256,0.8
101256,2025-11,0,0.21156925346969985,0.7
101023,2025-11,0,0.06278447246778619,0.6
101782,2025-10,0,0.008730044127170012,0.1
100311,2025-11,0,0.12101898097859247,0.8
100905,2025-12,0,0.06263160508134567,0.7
101989,2025-10,0,0.030920037004725977,0.4
100801,2025-10,0,0.07482369616149284,0.4
101825,2025-12,0,0.23034101866635645,0.9
100463,2025-10,0,0.03162363045712929,0.2
101310,2025-11,0,0.04262887181659169,0.5
100815,2025-12,0,0.08736917100438688,0.9
100600,2025-11,0,0.038420315589512,0.2
100624,2025-11,1,0.24232707731360573,1.0
101745,2025-11,0,0.03073500333279725,0.1
100401,2025-12,0,0.030268644275438544,0.4
101398,2025-10,0,0.04197724268584284,0.4
100635,2025-10,0,0.01713884167946469,0.6
101374,2025-10,0,0.0582464546395718,0.2
100302,2025-11,0,0.07435371907761497,0.5
100082,2025-11,0,0.06765991299599654,0.7
100740,2025-10,0,0.014488971908653336,0.2
100833,2025-11,0,0.1229782063742696,0.9
100604,2025-10,0,0.051622852957827786,0.3
100793,2025-10,0,0.01972036426102028,0.2
100361,2025-10,0,0.1277097087911433,1.0
101700,2025-11,0,0.0514124459036169,0.3
101525,2025-12,0,0.006048188212204502,0.1
100459,2025-12,0,0.23350792657685443,0.8
100693,2025-10,0,0.10350420673050728,0.8
100584,2025-10,0,0.03167414694818972,0.4
101119,2025-10,0,0.20758150954562746,0.9
100887,2025-10,0,0.10215233239126623,0.5
100554,2025-10,0,0.033890065264081774,0.5
101243,2025-11,0,0.032419687349072565,0.1
101944,2025-11,0,0.13977058023703443,0.9
101032,2025-10,0,0.03773040371036482,0.8
101785,2025-10,0,0.0079603511134948,0.3
101546,2025-12,0,0.017995166894341597,0.2
100550,2025-11,0,0.06375467845259701,0.7
100684,2025-10,0,0.08164433938829264,1.0
100987,2025-11,0,0.05357110040907244,0.6
100469,2025-10,0,0.07508659766321575,0.6
100542,2025-10,0,0.01130642794723022,0.2
100192,2025-11,0,0.015934045075402088,0.2
100171,2025-11,0,0.13228644746633636,0.4
100725,2025-10,0,0.014417927724009289,0.1
100817,2025-10,0,0.2140627695501387,1.0
100676,2025-10,0,0.14088203207008335,0.8
100524,2025-11,1,0.12199886347378283,0.9
101396,2025-10,0,0.01200942361529171,0.1
101450,2025-10,0,0.021141588772832128,0.3
101268,2025-10,0,0.022825572663221907,0.5
101312,2025-12,1,0.23766722431404633,0.9
100089,2025-10,0,0.07421803625674556,0.5
101385,2025-10,0,0.010345601743097057,0.2
101998,2025-12,0,0.011025471766844017,0.2
101376,2025-12,0,0.011855069288627245,0.1
101615,2025-12,0,0.09677485020400763,0.8
100711,2025-12,1,0.08332968605334103,0.6
100032,2025-10,0,0.24761294747713722,0.8
100685,2025-11,0,0.03553760201137434,0.4
101481,2025-12,0,0.021383363909284803,0.3
101078,2025-11,0,0.12428205372555373,0.9
101141,2025-12,0,0.005245296639163327,0.1
102067,2025-12,0,0.2413906377988793,1.0
100361,2025-12,0,0.34723327218546785,1.0
101853,2025-11,0,0.07753778925617161,0.8
101420,2025-12,0,0.04668463866399932,0.5
101296,2025-11,0,0.3120188879778592,0.8
101792,2025-10,0,0.09318435276547476,0.8
100751,2025-12,0,0.057534894187945586,0.4
101614,2025-12,0,0.07881721044672467,0.3
101330,2025-10,0,0.12742909808028513,0.6
100919,2025-12,0,0.2647640407611349,1.0
101179,2025-12,1,0.18235675484245964,0.9
100850,2025-10,0,0.026465498553536648,0.1
100523,2025-10,0,0.09476250981645715,0.7
101529,2025-11,0,0.131134236377487,0.9
101358,2025-12,0,0.04133551631423083,0.5
101561,2025-11,0,0.03142698080739812,0.7
100276,2025-12,1,0.3725287878618252,1.0
101834,2025-10,0,0.010243744041752188,0.3
100255,2025-11,0,0.11977405874183311,0.6
102068,2025-10,0,0.019185067443593398,0.5
101302,2025-11,0,0.17758157903880778,0.9
101196,2025-10,0,0.13713765796781713,0.7
101872,2025-12,0,0.09607528888785581,0.8
100421,2025-12,0,0.00965331433226311,0.3
100310,2025-11,0,0.06582432325026,0.5
101512,2025-12,1,0.05126259182831826,0.9
101835,2025-11,1,0.017920342904018057,0.1
101172,2025-12,0,0.022086008879601007,0.3
100666,2025-10,0,0.060717653595227954,0.4
101598,2025-12,0,0.18247469722273657,1.0
101203,2025-12,0,0.13183396356237112,0.6
101855,2025-10,0,0.027519376448108587,0.1
101205,2025-12,0,0.08752648353350484,0.4
100442,2025-12,0,0.044137397385931754,0.1
100143,2025-10,0,0.17149617581427473,0.8
101371,2025-12,0,0.05740644906277299,0.6
101417,2025-11,0,0.10932256457172684,0.7
101964,2025-11,0,0.041568363396125976,0.4
101556,2025-11,0,0.09456033162674266,0.9
102074,2025-11,0,0.0668013284817621,0.5
100486,2025-12,0,0.04275858550315772,0.8
100981,2025-12,0,0.03463536101698613,0.2
100958,2025-11,0,0.17645193514194643,0.5
101146,2025-11,0,0.07307460407211469,0.8
101334,2025-11,0,0.12090481695458757,0.8
101773,2025-10,0,0.02543520909873543,0.4
100141,2025-12,0,0.10089178544844804,0.3
101715,2025-12,0,0.056108235762778444,0.7
100473,2025-12,0,0.049532072748850506,0.4
101395,2025-12,0,0.2110290796000251,0.9
101674,2025-12,0,0.02852609538607265,0.6
100347,2025-12,0,0.011465267305373932,0.4
101713,2025-12,0,0.15128439197801336,0.7
101478,2025-10,1,0.07381551687809934,1.0
100811,2025-11,0,0.033852700737750444,0.4
100705,2025-10,0,0.08489554388695353,0.5
102046,2025-11,0,0.25232892625954173,0.9
101033,2025-10,0,0.10245982104781957,0.5
101812,2025-10,1,0.12176579020033693,0.7
101300,2025-11,0,0.05342973599418389,0.2
100323,2025-11,0,0.08161522611732483,0.7
100320,2025-11,0,0.10896777274586028,0.9
100051,2025-10,0,0.022903897429427344,0.2
100831,2025-12,0,0.02129387744655402,0.4
102073,2025-10,1,0.11289991341119748,0.5
102030,2025-10,0,0.016023543956326023,0.3
101322,2025-12,1,0.29403908846159027,0.9
101879,2025-12,0,0.04892416015062788,0.3
100503,2025-10,0,0.17009740233474047,0.8
100724,2025-11,0,0.07267598666437294,1.0
101790,2025-11,0,0.09148904750607662,0.9
102088,2025-10,0,0.03996541287670695,0.3
100899,2025-10,0,0.15905663236650383,0.9
100074,2025-11,0,0.06363891116314803,0.8
100205,2025-12,0,0.027646716208163273,0.5
100388,2025-10,1,0.04801366273416354,0.6
100832,2025-11,0,0.13494692208164671,0.6
100229,2025-11,0,0.37441349265294954,1.0
102017,2025-11,0,0.013892570767401245,0.4
101137,2025-11,0,0.1884927599900726,0.9
100212,2025-11,0,0.027815469878125974,0.2
101696,2025-11,0,0.05826647762891926,0.8
101226,2025-10,0,0.2655949711121712,0.9
100595,2025-12,0,0.08614485916766916,0.6
100627,2025-10,0,0.0389323724173934,1.0
101171,2025-12,0,0.009645895865062678,0.1
101271,2025-11,0,0.021782958908254792,0.1
100002,2025-10,1,0.1775036329570062,0.9
101773,2025-11,0,0.03225133384218558,0.4
101726,2025-10,0,0.29588450546475387,1.0
101824,2025-10,1,0.1695715904170889,0.6
100873,2025-12,0,0.14902711005769428,0.7
101878,2025-11,0,0.19457001081761985,1.0
101476,2025-11,0,0.015962288153740043,0.1
100261,2025-11,0,0.032612863758370705,0.5
101447,2025-12,0,0.17523040736157947,1.0
100704,2025-11,0,0.27585878809354364,1.0
100591,2025-11,0,0.07315826510490687,0.9
101483,2025-12,0,0.12968375621547193,0.6
100980,2025-11,0,0.03558876632791631,0.4
100622,2025-12,0,0.010848093220204764,0.3
101163,2025-12,0,0.0648475354876751,0.6
100475,2025-11,0,0.05657184681874705,0.6
101927,2025-11,0,0.16297039353931525,0.8
101536,2025-10,0,0.01158957550911371,0.5
100041,2025-11,0,0.20623654127489696,1.0
100967,2025-12,0,0.25495618258514546,0.9
101610,2025-10,1,0.25042860047658305,0.9
100934,2025-10,0,0.00757305307256999,0.1
101197,2025-11,0,0.019257385010050622,0.6
101981,2025-11,0,0.1750078414152505,0.9
101272,2025-11,0,0.11138396394531405,0.7
100857,2025-12,0,0.1208502827571354,0.6
101724,2025-12,0,0.2014040041335429,1.0
101503,2025-12,0,0.017659615902937867,0.1
101582,2025-12,0,0.017710412305602278,0.3
101383,2025-10,0,0.03764751608140664,0.1
101290,2025-12,0,0.02655782169236259,0.2
101878,2025-12,0,0.09710313974913447,1.0
100000,2025-12,0,0.036899008899120844,0.1
100888,2025-11,0,0.08849189156401575,0.5
100938,2025-10,0,0.03299658242203331,0.4
101094,2025-10,0,0.22770377640313785,0.9
101132,2025-11,0,0.04107770613001356,0.6
101580,2025-12,0,0.02726921295868927,0.5
101324,2025-10,0,0.04644083453132967,0.3
100098,2025-10,0,0.021697292318947906,0.2
100528,2025-12,0,0.03673041880576892,0.4
100435,2025-12,0,0.04664413492079086,0.6
101031,2025-12,1,0.17460160882068143,0.9
101798,2025-10,0,0.1523198956859818,1.0
101847,2025-12,0,0.015203236083633664,0.3
100525,2025-12,0,0.016448443738276763,0.3
101299,2025-12,0,0.04428104576272461,0.8
101618,2025-11,0,0.08595335257630551,0.6
100611,2025-12,0,0.010694647224698057,0.1
102094,2025-11,0,0.17951512464862196,1.0
100789,2025-12,0,0.023360163173646382,0.8
100982,2025-12,0,0.0217534047414347,0.1
101010,2025-11,0,0.022581847495597156,0.1
100576,2025-12,0,0.027272978338825332,0.2
100647,2025-12,0,0.04357162152172964,0.7
101953,2025-11,0,0.10661503070194508,0.9
101668,2025-12,0,0.02443966013854983,0.6
101810,2025-11,0,0.006983241176134983,0.1
100431,2025-11,0,0.012983633737238308,0.4
101193,2025-12,0,0.013039870579327763,0.5
102028,2025-11,0,0.025033866857682767,0.7
100556,2025-12,0,0.011427687051001655,0.3
101213,2025-10,0,0.015780593026840668,0.2
101142,2025-10,0,0.05991992657577962,0.4
100896,2025-11,0,0.039357397063190316,0.3
100975,2025-12,0,0.04286810272173663,0.9
101072,2025-11,0,0.024593387283188956,0.3
101064,2025-12,0,0.018925457425818287,0.1
100417,2025-11,0,0.03950618064901264,0.5
101747,2025-10,0,0.0302940769246502,0.3
100957,2025-10,0,0.014847793851910204,0.1
102024,2025-11,0,0.027693260158147548,0.6
101502,2025-10,0,0.06541006568710847,0.8
101201,2025-10,0,0.027365548990295835,0.2
100410,2025-11,0,0.004476853909378562,0.1
101090,2025-10,0,0.017377851962449273,0.1
101050,2025-11,0,0.0488842694795224,0.7
100609,2025-11,0,0.1477946853501417,1.0
101502,2025-11,1,0.1522805328278845,0.8
102057,2025-10,0,0.027623894360367735,0.3
100773,2025-12,0,0.2518387917413748,1.0
101992,2025-11,0,0.037182017727615105,0.5
101212,2025-12,0,0.04915107048259495,0.2
100620,2025-10,0,0.0742832586865357,0.8
101999,2025-11,0,0.05533000832602175,0.7
100093,2025-12,0,0.018571104870930104,0.3
101352,2025-10,1,0.08223497185188701,0.6
100274,2025-11,0,0.021243785782466332,0.2
101678,2025-11,0,0.020637546426338648,0.3
100932,2025-11,0,0.051347039165783995,0.6
101453,2025-11,0,0.051205577877931736,0.5
101906,2025-11,0,0.15024165988036745,0.9
100674,2025-10,0,0.04058108863800204,0.2
101779,2025-11,0,0.048919584785827024,0.8
101606,2025-10,0,0.02497785679504621,0.5
100765,2025-11,0,0.07465649018650837,0.7
100377,2025-12,0,0.07007140071876886,0.6
101954,2025-11,0,0.015486116855881008,0.1
100988,2025-11,0,0.023946768006264774,0.3
100864,2025-11,0,0.008473330487842505,0.3
101962,2025-10,0,0.012200315431811482,0.1
100715,2025-11,0,0.029330376142312948,0.1
101368,2025-12,0,0.08595388455514813,0.9
101476,2025-10,0,0.00502518054980726,0.1
101286,2025-10,0,0.05154488859861427,0.7
102068,2025-11,0,0.035887806874595106,0.5
102001,2025-11,0,0.05415669315174038,0.8
100314,2025-10,0,0.08316287841929185,0.9
100033,2025-12,0,0.06294478623902429,0.8
100015,2025-12,0,0.09041706865910622,1.0
101756,2025-11,0,0.11176140176879958,0.9
101880,2025-10,0,0.022820313060869492,0.4
100801,2025-11,0,0.01848320989293707,0.4
100515,2025-11,0,0.025630522810517715,0.3
101237,2025-12,0,0.08705953151060619,0.9
101948,2025-11,1,0.22501438493712272,0.7
100710,2025-12,0,0.07846543639856063,0.8
101526,2025-10,0,0.018857870391228725,0.3
101723,2025-10,0,0.08301533262382056,0.8
101693,2025-12,0,0.012640325005533894,0.1
101016,2025-12,0,0.08019070722823048,0.9
101424,2025-12,0,0.009810339860591764,0.1
100350,2025-10,0,0.14210281570193967,0.5
101098,2025-11,0,0.011115843428725706,0.3
100784,2025-11,0,0.05605378566853681,0.3
101425,2025-12,0,0.04595676224167778,0.6
101920,2025-10,0,0.015468318574156701,0.1
100960,2025-10,0,0.03699427264343234,0.4
101517,2025-10,0,0.02647704564588156,0.4
101141,2025-10,0,0.01528539925867036,0.1
101250,2025-11,0,0.01367419625697505,0.5
100042,2025-12,0,0.042358037909675995,0.2
100200,2025-11,0,0.005030354277178958,0.3
101251,2025-11,0,0.008977417454451806,0.2
101795,2025-10,0,0.013375900637991624,0.4
100050,2025-10,0,0.015732184010238896,0.2
101801,2025-12,0,0.031201618341063275,0.3
101475,2025-11,0,0.050536947805130746,0.2
101080,2025-10,0,0.08486800965984152,0.6
100263,2025-12,0,0.041269350560291976,0.2
100924,2025-10,0,0.06001140760835868,0.9
100635,2025-11,0,0.02538572409069005,0.6
102069,2025-10,0,0.10859986159930955,0.7
100049,2025-11,0,0.05234052146817708,0.3
100103,2025-12,0,0.05958335496578301,0.6
101466,2025-12,0,0.19452530831734438,1.0
101862,2025-12,0,0.010092828014500564,0.2
100022,2025-10,0,0.007992161793420757,0.3
100863,2025-11,1,0.09397146762040647,0.6
100794,2025-11,0,0.07064744803301566,0.8
101844,2025-12,0,0.02326186294466414,0.1
100368,2025-11,0,0.024508379794617393,0.1
100002,2025-12,0,0.06557044764354983,0.9
101575,2025-12,0,0.0065221594241828785,0.1
101433,2025-12,0,0.030169701179583057,0.4
101235,2025-11,0,0.025132659816190003,0.4
101035,2025-11,0,0.05608562674560652,0.9
100118,2025-11,0,0.08623510679067173,0.5
100152,2025-11,0,0.06705877555709625,0.5
101822,2025-12,0,0.007972196052830194,0.1
101076,2025-10,0,0.14089065219548688,0.7
100611,2025-11,0,0.011931926421089008,0.1
100535,2025-11,0,0.03175920927426577,0.4
101933,2025-11,0,0.031504418253374876,0.7
100168,2025-11,0,0.012519885823144379,0.1
101853,2025-10,0,0.1774122205571954,0.8
101724,2025-10,1,0.26532791273944833,1.0
101507,2025-10,0,0.1551801658864936,0.9
101088,2025-10,0,0.07893905803845745,0.7
101606,2025-12,0,0.014669349879442595,0.5
101767,2025-12,0,0.15099772179298607,0.8
102002,2025-12,0,0.01907546759074728,0.2
100738,2025-11,0,0.009195055312456315,0.5
101241,2025-12,0,0.018635124117099125,0.4
100934,2025-11,0,0.004579478876629437,0.1
101849,2025-10,0,0.05644947851459063,0.4
101026,2025-11,0,0.12672182549929095,0.8
100412,2025-10,0,0.015462684205052169,0.3
101778,2025-12,0,0.006639173681305362,0.2
101393,2025-12,1,0.3418824864767403,0.9
100126,2025-10,0,0.028831703999401034,0.4
100802,2025-12,0,0.11065425782471558,0.5
100795,2025-10,0,0.2113994009233693,1.0
100084,2025-11,0,0.027627010566074466,0.2
101454,2025-10,0,0.015128887484370654,0.6
100776,2025-11,0,0.04497610256009953,0.5
100814,2025-12,0,0.002873571427794877,0.1
101939,2025-12,0,0.015736195673726146,0.2
102066,2025-11,0,0.03548611942435426,0.3
100818,2025-12,0,0.14604381278802475,0.8
100750,2025-11,0,0.049824440899761555,0.4
101360,2025-12,0,0.009733332663672087,0.1
100487,2025-10,0,0.10283353651706631,1.0
101575,2025-10,0,0.004043906198751521,0.1
100762,2025-10,0,0.1991515019371276,0.9
101566,2025-12,0,0.018410038569511785,0.2
101929,2025-10,0,0.046887220177224055,0.7
100716,2025-10,1,0.10349185006610391,0.7
101679,2025-11,0,0.09429420792267056,0.6
100699,2025-12,0,0.01679982881716836,0.1
100826,2025-11,0,0.24363918863119113,0.9
100521,2025-11,0,0.0342035106346937,0.7
102021,2025-10,0,0.029316747905125774,0.2
101369,2025-10,0,0.1127246030381811,0.6
100219,2025-10,0,0.10635921290989743,0.7
100455,2025-10,0,0.0048490990071079305,0.2
101037,2025-12,0,0.030969780248210385,0.2
101635,2025-11,0,0.04204175971377286,0.3
101264,2025-10,0,0.1813918174292478,0.9
102034,2025-10,0,0.04561190465020417,0.4
101167,2025-12,0,0.06252219115811772,0.9
100777,2025-12,0,0.15772125366397835,1.0
100758,2025-12,0,0.1462451201258171,1.0
100574,2025-12,0,0.031242307014131627,0.5
100016,2025-12,0,0.009248529446351074,0.2
100824,2025-12,0,0.030476554366363772,0.5
101254,2025-11,1,0.13079571018344055,0.6
101180,2025-11,0,0.014017924022447293,0.1
101073,2025-10,0,0.00796842904881821,0.1
102051,2025-11,0,0.15147698291882133,1.0
100237,2025-11,0,0.057876311995681745,0.4
101275,2025-12,0,0.0409757503266341,0.2
100597,2025-12,0,0.015203605264478979,0.3
101973,2025-12,0,0.02107250336312166,0.1
100869,2025-12,0,0.1749639818366994,0.7
100783,2025-11,0,0.07400096256368806,0.6
100245,2025-12,0,0.1485813653167995,0.9
101205,2025-11,0,0.07461346126663089,0.4
100601,2025-11,0,0.015102950152220839,0.2
100331,2025-10,0,0.09401611445032289,0.7
101651,2025-12,0,0.015107314179760455,0.1
101391,2025-12,0,0.024468161729721813,0.9
100620,2025-11,0,0.07911345518131002,0.8
100492,2025-11,0,0.13671695840307999,0.7
100560,2025-11,0,0.33019906325170095,1.0
100183,2025-12,0,0.08647265854167775,0.6
101700,2025-12,0,0.013542926990435468,0.3
101662,2025-11,0,0.012863566476836494,0.1
101016,2025-10,0,0.10413485617031074,0.9
101456,2025-11,0,0.005229511921378825,0.1
101828,2025-11,1,0.11928920288492094,0.8
101121,2025-10,0,0.013064269477990343,0.2
101480,2025-11,0,0.055014529654889295,0.6
100241,2025-11,0,0.07290428878178,1.0
100699,2025-10,0,0.0048465525448412265,0.1
101346,2025-12,0,0.11470442832397565,0.5
100748,2025-11,0,0.04868760358636017,0.6
100508,2025-12,0,0.1571898661581607,1.0
100989,2025-12,0,0.0573169644758145,0.3
102070,2025-12,0,0.025211049152607988,0.3
101787,2025-12,0,0.0729042912291725,0.9
101223,2025-12,0,0.2211158544239676,0.8
100214,2025-11,0,0.18463910199003075,1.0
101696,2025-10,0,0.08803486487081687,0.8
101953,2025-12,0,0.17984673532605366,0.9
100194,2025-11,0,0.08679006808950107,0.8
101355,2025-11,0,0.017943191334247495,0.1
100972,2025-10,0,0.023133059049767486,0.2
101658,2025-11,0,0.019403251331369775,0.2
100168,2025-10,0,0.019356849620005438,0.1
100209,2025-10,0,0.028420108421691712,0.4
101692,2025-12,0,0.24761345104577015,1.0
100299,2025-12,0,0.060288324245466256,0.6
100026,2025-11,0,0.07058859709367227,0.6
100483,2025-12,0,0.01595962682459542,0.4
101014,2025-12,0,0.08060782688433733,0.4
101376,2025-10,0,0.01691969157166809,0.1
100587,2025-10,0,0.4055424424567359,1.0
101695,2025-12,0,0.009074253444025408,0.3
101408,2025-11,0,0.041229959421854506,0.6
100260,2025-12,0,0.05597914446399237,0.5
101251,2025-10,0,0.021664759742974472,0.2
100956,2025-12,1,0.055709231522922946,0.3
101067,2025-10,0,0.09122455056910635,1.0
101006,2025-10,0,0.01792183204136177,0.1
100180,2025-10,0,0.06019763730751531,0.6
100867,2025-10,0,0.106093570676586,0.7
100382,2025-12,0,0.03027466882088047,0.5
101652,2025-10,0,0.0230036021395199,0.3
101800,2025-10,0,0.11625657063203171,0.6
100870,2025-12,0,0.3201650374635362,0.9
101088,2025-12,0,0.12029173363850613,0.7
100173,2025-12,0,0.14468075536065847,0.7
101291,2025-10,0,0.0364573798962837,0.1
101547,2025-11,0,0.1525477788539551,0.6
101456,2025-10,0,0.018864413037348083,0.1
100328,2025-11,0,0.06355594965046926,0.7
100111,2025-12,0,0.02055509510414776,0.2
101515,2025-11,1,0.021955988132698057,0.1
101222,2025-10,1,0.22961796958291938,1.0
100629,2025-10,0,0.09694729615910565,0.7
100480,2025-11,0,0.02559314218473334,0.5
101547,2025-10,0,0.15021439186073948,0.6
101463,2025-12,0,0.009413157311361295,0.3
101160,2025-11,0,0.10707661313856875,1.0
100946,2025-10,0,0.0870882954314917,0.7
100632,2025-10,0,0.08854681836841825,0.6
100340,2025-12,0,0.1020506879703345,1.0
101966,2025-10,0,0.031405405230129586,0.3
100424,2025-10,0,0.04080794974737003,0.1
101866,2025-12,0,0.1525741279884041,0.8
100104,2025-12,0,0.05026558494582298,1.0
100097,2025-11,0,0.004602177410172623,0.1
100456,2025-11,0,0.06829788655433228,0.6
100897,2025-11,0,0.08022100022558022,0.3
100234,2025-11,0,0.07786983380099297,0.7
100433,2025-11,1,0.20374518085804202,0.8
102096,2025-12,0,0.15602705394837668,1.0
100170,2025-10,0,0.26271663776674553,1.0
100189,2025-11,0,0.10946287244271642,0.8
101593,2025-10,0,0.008797071356276866,0.1
100571,2025-11,0,0.011256100726881687,0.1
100972,2025-11,0,0.01783448266389107,0.2
100680,2025-12,0,0.05417422955085981,0.4
101698,2025-11,0,0.03187570860253126,0.6
101008,2025-10,0,0.05277833071703685,0.3
100426,2025-11,0,0.01230185216394124,0.3
100667,2025-12,0,0.01962788601671422,0.3
101695,2025-10,0,0.029381179360801486,0.3
101308,2025-11,0,0.013420256669376643,0.4
100155,2025-12,0,0.09653821516212605,0.7
100769,2025-12,0,0.026822987670111514,0.1
101602,2025-12,0,0.030649804332505935,0.5
100657,2025-10,0,0.037064795482819435,0.5
100107,2025-10,0,0.03859348360450139,0.4
100120,2025-12,0,0.014715773191349778,0.2
100114,2025-12,0,0.018718706794394236,0.2
101443,2025-10,1,0.18236121809078468,0.7
101995,2025-10,0,0.05716343178098632,0.3
100547,2025-12,0,0.03220051339960897,0.3
100536,2025-12,0,0.06382587277918378,0.8
101349,2025-12,0,0.0836314448760511,0.8
101987,2025-12,0,0.19989471223226968,0.9
100170,2025-12,0,0.16128857194369886,1.0
100820,2025-12,0,0.07986775842515119,0.5
100185,2025-12,0,0.11715982743155803,0.6
100491,2025-11,0,0.03270388882399135,0.4
100108,2025-10,0,0.0803681358703686,0.9
100376,2025-10,0,0.13000409108373048,0.9
100045,2025-12,0,0.06826950845231723,0.6
101836,2025-10,0,0.013468345196381236,0.1
100540,2025-12,0,0.0861284623131676,0.7
100482,2025-12,0,0.01090208447229714,0.2
100470,2025-11,0,0.11476119880326068,0.7
100472,2025-12,0,0.015290555695685161,0.1
101840,2025-12,0,0.03834064234661354,0.2
101147,2025-10,0,0.016845193215318688,0.2
101797,2025-12,0,0.006767131138571183,0.1
100220,2025-11,0,0.012680326729889778,0.3
100333,2025-11,0,0.02493890463430271,0.4
100088,2025-10,0,0.025565241538926656,0.3
100883,2025-12,0,0.25675357715393315,0.9
101829,2025-11,0,0.04462996594243373,0.9
100227,2025-10,1,0.11341852338179527,0.4
100214,2025-10,0,0.333111329837843,1.0
101787,2025-10,0,0.13616097516121087,0.9
101245,2025-11,1,0.11436507518367366,0.8
101432,2025-11,0,0.025425729367523426,0.2
100453,2025-12,1,0.2912395304979128,1.0
100235,2025-10,0,0.012904831695665963,0.1
100149,2025-11,1,0.21409185118674975,0.8
101097,2025-12,0,0.11454228391303077,1.0
101756,2025-12,0,0.0654300224925901,0.9
101397,2025-12,0,0.0263061189965432,0.2
101552,2025-12,0,0.011927072587927131,0.5
101445,2025-10,0,0.021435308038755648,0.1
100068,2025-11,0,0.042477145505816286,0.5
101338,2025-11,1,0.15534774999376294,0.7
100842,2025-12,0,0.017780261432088596,0.2
100008,2025-12,0,0.06617916322338474,0.3
100951,2025-12,0,0.008868241936218851,0.3
101461,2025-11,0,0.08903784307402882,0.7
100434,2025-10,0,0.05002425936642792,0.5
101571,2025-12,0,0.09907119366703611,0.9
101570,2025-12,0,0.07564798175440485,0.8
101799,2025-12,0,0.04160365568484606,0.7
100196,2025-11,0,0.026975402874070485,0.6
101862,2025-10,0,0.02285122831221508,0.2
100522,2025-11,0,0.05018002298260063,0.3
101671,2025-11,0,0.04169132196860784,0.7
100031,2025-11,0,0.06180862081188664,0.6
101409,2025-10,0,0.17253366511309715,0.8
101746,2025-11,1,0.18803215848363475,1.0
100442,2025-11,0,0.004403470554005095,0.1
101466,2025-10,0,0.08335576398702577,1.0
101813,2025-10,0,0.11381192222439646,0.9
100519,2025-11,0,0.18838792320632458,1.0
101839,2025-11,0,0.06698997456964208,1.0
100227,2025-12,0,0.024540250536244358,0.4
101160,2025-12,0,0.17939468459636326,1.0
100981,2025-11,0,0.00807944593855052,0.2
101929,2025-11,0,0.12842665497365408,0.7
100502,2025-12,0,0.026211493025319898,0.5
100790,2025-11,0,0.05345002020597978,0.7
102045,2025-11,0,0.08759340704866901,0.9
101345,2025-12,0,0.022642538833080417,0.4
100238,2025-10,0,0.2831587895845601,0.9
102055,2025-12,0,0.009513911670157036,0.2
100348,2025-12,0,0.03558965601315088,0.2
101351,2025-12,0,0.06345987354528071,0.2
100386,2025-11,0,0.08019614234241623,0.7
101210,2025-10,0,0.07174633355319089,0.2
100247,2025-11,0,0.018840436145633688,0.5
100100,2025-10,0,0.09123800028517219,0.3
100297,2025-11,0,0.21714712414193177,0.8
101003,2025-12,0,0.020021518782252785,0.3
101976,2025-11,0,0.03294781223405569,0.4
101758,2025-12,0,0.08806071496104638,0.5
101892,2025-11,0,0.09453869989666641,0.8
100711,2025-10,0,0.03487561234733948,0.6
101805,2025-12,1,0.1862111336765565,0.9
101451,2025-10,0,0.016612760684885323,0.2
101390,2025-10,0,0.10514909978084556,0.7
100278,2025-12,0,0.12043141160981677,0.7
100223,2025-10,0,0.01823337529885466,0.3
100374,2025-10,0,0.041204857736340125,0.3
100374,2025-12,0,0.05482399767100702,0.3
100999,2025-10,1,0.020432856444420007,0.4
101804,2025-12,0,0.05702191794100064,0.8
101263,2025-10,0,0.034587343024913154,0.3
101407,2025-11,0,0.02457264842247409,0.3
101913,2025-12,0,0.11225274439791326,1.0
102025,2025-10,0,0.2755286454545226,1.0
100815,2025-11,0,0.16106884680693082,0.9
100034,2025-10,0,0.062146409323722014,0.9
101063,2025-12,1,0.0603222837982222,0.2
101725,2025-10,0,0.07334057137357634,0.4
100889,2025-10,0,0.004256937619930152,0.3
100993,2025-11,0,0.03108900824899586,0.1
100070,2025-12,0,0.014483489398909706,0.3
100534,2025-10,0,0.08145236649417249,0.4
101520,2025-12,0,0.01305803076986233,0.4
100586,2025-12,0,0.02420946989880555,0.3
101398,2025-12,0,0.07716683409869221,0.4
100150,2025-10,0,0.05050744517745864,0.8
101489,2025-11,0,0.361590342660582,1.0
101127,2025-10,0,0.0822453005013832,0.6
101721,2025-10,0,0.046894754300185026,0.8
100490,2025-12,0,0.022793741910353715,0.3
101250,2025-12,0,0.08182350465231197,0.5
101080,2025-12,0,0.09874167549392283,0.6
100549,2025-11,0,0.054160200922271876,0.4
101298,2025-10,0,0.15658950058801915,0.9
101249,2025-11,0,0.02708176145189708,0.6
100337,2025-11,0,0.2781430015643102,0.9
100739,2025-10,0,0.008576026689113826,0.4
101191,2025-11,0,0.06147508834272489,0.7
101105,2025-10,0,0.03140558105050658,0.5
101897,2025-11,0,0.030455873715514663,0.6
101560,2025-12,0,0.09867976887170789,0.7
100211,2025-12,0,0.044229820153732176,0.7
101063,2025-10,0,0.04345615227925549,0.2
101549,2025-11,0,0.015115909798407275,0.8
100690,2025-12,0,0.014160717066742916,0.1
100271,2025-12,0,0.07307997641224702,0.8
101766,2025-10,0,0.06271035934983483,0.4
101207,2025-10,0,0.1277309951313304,0.8
100297,2025-10,0,0.05610133019241949,0.8
101217,2025-11,0,0.01961513359341381,0.3
101676,2025-11,0,0.09029304934014915,1.0
101543,2025-11,0,0.09565616600907424,1.0
100061,2025-11,0,0.015025679753736297,0.2
100798,2025-12,1,0.1419014869889779,0.7
101278,2025-11,0,0.006514487376963147,0.3
101148,2025-11,1,0.10518960375783627,0.6
100060,2025-10,0,0.02063769612643135,0.4
100597,2025-11,0,0.054319729287886545,0.3
101573,2025-11,0,0.0699924765574698,0.9
102050,2025-12,0,0.026379846715161432,0.6
100678,2025-11,0,0.08073193738577185,1.0
101660,2025-10,0,0.18914179532208136,1.0
100067,2025-12,0,0.1409287945824671,0.8
101712,2025-12,0,0.21734243416225071,0.8
101211,2025-12,0,0.018868778956497835,0.2
101679,2025-12,0,0.10087832190500913,0.6
100464,2025-10,0,0.030738392686679317,0.1
101387,2025-11,0,0.0574805186929804,0.4
101025,2025-12,0,0.058552311380943974,0.3
100784,2025-10,0,0.048435602450011425,0.3
101405,2025-10,0,0.09081054661475438,0.3
100694,2025-11,0,0.15681625418352332,1.0
100159,2025-11,0,0.05452962312257456,0.5
100164,2025-10,0,0.01928290424398659,0.1
101536,2025-11,0,0.013370689985819252,0.5
101951,2025-10,0,0.3263436806933459,0.9
101128,2025-11,0,0.07150494612967324,0.8
101029,2025-11,0,0.052990586391846485,0.8
100639,2025-12,0,0.010683528250677012,0.2
101938,2025-10,1,0.09889649500775098,0.5
101303,2025-12,0,0.03875826358691304,0.5
101287,2025-10,0,0.1675557720035374,0.8
100741,2025-10,1,0.09288848458947278,0.9
101191,2025-12,0,0.03050309578838583,0.7
101368,2025-11,0,0.2419891633258484,0.9
101089,2025-12,0,0.07355973987792205,0.6
101539,2025-10,0,0.02253074440410864,0.2
100794,2025-12,0,0.1758349590533797,0.8
101128,2025-10,0,0.0652664420384256,0.8
101441,2025-12,0,0.05321541863942851,0.8
101030,2025-10,0,0.05158990412588659,0.9
100997,2025-12,0,0.030831836505860286,0.5
102091,2025-11,0,0.01456431908469559,0.5
101307,2025-12,0,0.08620260233689347,0.8
101519,2025-11,0,0.023074132418659455,0.1
101148,2025-12,0,0.06134153669025498,0.6
101419,2025-12,0,0.056808898179422446,0.7
101680,2025-11,0,0.0883520601462181,0.9
100562,2025-10,0,0.013140491204727659,0.1
100078,2025-10,0,0.06316940448697235,1.0
100302,2025-12,0,0.07569306586363811,0.5
100108,2025-11,0,0.03811212652399585,0.9
100056,2025-10,0,0.11058161809175382,1.0
100973,2025-11,0,0.16697979233940463,0.7
100832,2025-10,0,0.028576402366815367,0.6
100557,2025-12,0,0.020963759003878382,0.5
100944,2025-12,0,0.15850939116662283,0.6
101875,2025-12,0,0.05995785168508406,0.7
101471,2025-10,1,0.33152143977672205,1.0
101601,2025-11,0,0.12168003355315431,1.0
101174,2025-10,0,0.048966601285636006,0.8
101562,2025-10,0,0.013547519674211826,0.1
100550,2025-12,0,0.1399130860411226,0.7
100881,2025-12,0,0.020484606049295768,0.1
101015,2025-11,0,0.027325983251934253,0.3
101117,2025-11,0,0.12962533248512478,0.9
100560,2025-12,1,0.2951472847564664,1.0
100513,2025-11,0,0.04554313943124741,0.1
101782,2025-11,0,0.025129098672550625,0.1
101111,2025-11,0,0.024816109736518394,0.3
100894,2025-11,0,0.018057111272311546,0.5
101032,2025-11,0,0.09008630051974456,0.8
101947,2025-10,0,0.03605384936856237,0.7
100508,2025-11,0,0.1236859987275928,1.0
100569,2025-11,0,0.06471952693050158,0.5
101417,2025-10,0,0.045942298928173655,0.7
101531,2025-12,1,0.035766164162605044,0.6
100951,2025-10,0,0.012134963922220411,0.3
100649,2025-10,0,0.12423471860180879,0.6
101834,2025-12,0,0.026394638185073004,0.3
100390,2025-10,0,0.0780414608040749,0.8
102066,2025-10,0,0.03684116364991474,0.3
100210,2025-10,1,0.1538450771009122,0.8
101387,2025-12,0,0.03742840163968937,0.4
100381,2025-10,0,0.07727379354301885,0.7
102053,2025-12,0,0.05943877920728438,1.0
101170,2025-11,0,0.010135042415846755,0.2
100400,2025-10,1,0.039840251683356864,0.3
100003,2025-12,0,0.07592104192366061,0.8
100803,2025-12,0,0.09228024964190408,1.0
101791,2025-11,0,0.15431032748459947,0.5
100251,2025-10,1,0.08105549164927028,0.2
100305,2025-12,0,0.01571934348983096,0.3
100841,2025-11,0,0.028567459710264115,0.5
101977,2025-12,0,0.01372843751604692,0.3
100935,2025-11,0,0.3286669234535499,0.9
100849,2025-10,0,0.25999296401582855,0.9
101694,2025-10,0,0.022147358477700798,0.3
101192,2025-10,0,0.0414788594686286,0.5
101858,2025-11,0,0.15416080658499193,0.8
101436,2025-10,0,0.21827459033882268,0.9
100811,2025-10,0,0.025893619236592245,0.4
100277,2025-11,0,0.012152254934400832,0.2
101477,2025-12,0,0.04525869585206293,0.5
101464,2025-11,0,0.05136984008871384,0.9
101297,2025-10,0,0.006277284010735346,0.1
101629,2025-11,0,0.1745710265010685,0.9
101325,2025-10,0,0.14495874914785634,0.7
100028,2025-10,0,0.008917548583346736,0.2
101198,2025-11,0,0.031114496629655722,0.4
101618,2025-12,0,0.08859865333634688,0.6
100471,2025-11,0,0.09809579681160104,0.7
100128,2025-11,0,0.12772681130368357,0.9
100675,2025-12,0,0.02231903624440786,0.1
101375,2025-10,0,0.018318994666110224,0.3
101932,2025-10,0,0.05470340486955153,0.7
100214,2025-12,0,0.22228449883521315,1.0
100818,2025-10,0,0.07247261365527463,0.8
100435,2025-11,0,0.056332487096654005,0.6
101894,2025-12,0,0.032347003075910936,0.4
102085,2025-11,0,0.05486917194488106,0.8
101037,2025-11,0,0.04035911362086511,0.2
100067,2025-10,0,0.1974298464485383,0.8
102078,2025-10,0,0.22303600296199402,1.0
101864,2025-12,0,0.02964985047740021,0.2
100067,2025-11,0,0.16537738829857976,0.8
101605,2025-11,0,0.11607170620599426,0.8
100467,2025-10,0,0.08566339532518269,0.7
101040,2025-11,0,0.014482434615984138,0.1
101980,2025-10,0,0.04403589701366887,0.7
101989,2025-11,0,0.027859440169148156,0.4
100041,2025-12,0,0.12591643250685616,1.0
101672,2025-12,1,0.27744473030731404,1.0
101548,2025-12,0,0.02497156702577824,0.2
101690,2025-11,0,0.09828379386680793,1.0
100630,2025-10,0,0.04056429888020332,0.5
100749,2025-11,0,0.049996360129714944,0.6
101079,2025-12,0,0.0116351977297283,0.2
100152,2025-12,0,0.09645192703411817,0.5
100715,2025-10,0,0.024651499689551208,0.1
100947,2025-11,0,0.1562577076597457,0.7
101432,2025-12,0,0.02740190794695933,0.2
100114,2025-11,0,0.008262081698101813,0.2
100107,2025-11,0,0.042973951135527544,0.4
101155,2025-10,0,0.07599375723730312,0.7
101524,2025-12,0,0.05463434384129068,0.6
100063,2025-12,0,0.07473522610015347,0.7
101608,2025-11,0,0.00900725916954157,0.3
101535,2025-12,0,0.09852477717902876,0.6
100030,2025-11,0,0.00613863495803136,0.3
100153,2025-10,0,0.03651588916501815,0.4
101124,2025-12,1,0.20932801056201286,1.0
100054,2025-11,0,0.0537527437485339,0.4
101784,2025-12,0,0.00784281040666083,0.1
101766,2025-12,0,0.05889714889779637,0.4
100254,2025-12,0,0.014332227857989429,0.2
101526,2025-11,0,0.012066417679544215,0.3
100481,2025-10,0,0.15710374168467095,0.6
101286,2025-12,0,0.05859215171338834,0.7
101937,2025-10,0,0.05353637991113315,0.5
100173,2025-10,0,0.08269287756939112,0.7
100359,2025-10,0,0.020220993890754827,0.3
101674,2025-11,0,0.03555584887493419,0.6
100273,2025-10,0,0.051432715673265426,0.4
100162,2025-11,0,0.08830092881489793,0.8
101846,2025-10,0,0.19837004772495154,0.7
100021,2025-11,0,0.034126090329104575,0.2
100774,2025-11,0,0.45256316100672556,1.0
101812,2025-12,0,0.10009610948744312,0.7
101570,2025-10,1,0.18772401257757879,0.8
101775,2025-11,0,0.052780849010082044,0.3
100948,2025-10,0,0.058525074642644656,0.8
100527,2025-12,0,0.014011254904400023,0.3
101229,2025-11,0,0.1689839428800999,0.7
100542,2025-11,0,0.008732344305696775,0.2
100336,2025-12,0,0.014320081545771812,0.1
100854,2025-10,0,0.2146758580517132,1.0
100081,2025-12,0,0.03539345232471583,0.4
100096,2025-11,0,0.02070604770193297,0.5
101400,2025-12,0,0.03494675594103441,0.8
101599,2025-10,0,0.12163018184250124,0.7
100792,2025-10,0,0.15754008192026206,0.7
101964,2025-10,0,0.04905951319465452,0.4
100675,2025-10,0,0.01451153203084428,0.1
100366,2025-12,0,0.03447512600189768,0.8
101439,2025-12,0,0.08572358410455971,0.4
101818,2025-11,0,0.03288462701958423,0.2
100134,2025-12,0,0.057691293380143525,0.8
100439,2025-12,0,0.048772622524215915,0.4
101367,2025-10,0,0.17391432502849474,1.0
101076,2025-11,1,0.17437157347391538,0.7
100271,2025-10,0,0.10961953084682989,0.8
101295,2025-11,0,0.08630327853018334,0.4
101486,2025-11,0,0.03962803768162719,0.5
101009,2025-10,0,0.09922127038533232,0.9
101128,2025-12,0,0.06884582569058145,0.8
100040,2025-11,0,0.051143716048319826,0.2
101277,2025-12,0,0.18039152185285695,0.8
100820,2025-11,0,0.07026118529325066,0.5
101114,2025-10,0,0.042388770632706456,0.3
100661,2025-11,1,0.22278413405987474,1.0
100803,2025-11,1,0.17157968266418513,1.0
100077,2025-10,0,0.011021710739990366,0.3
100417,2025-10,1,0.04976850424806236,0.5
101374,2025-11,0,0.02742193235417949,0.2
101584,2025-12,0,0.015580786351041903,0.5
101641,2025-11,0,0.022905620512010325,0.2
100136,2025-10,0,0.12904380692824818,0.5
101003,2025-11,0,0.008592725887279374,0.3
100717,2025-10,0,0.03219808961226769,0.7
101837,2025-12,0,0.2005877174130033,1.0
101988,2025-12,0,0.03001268593034809,0.5
101410,2025-12,0,0.026583896300284304,0.9
101202,2025-10,1,0.28734698709109957,1.0
101106,2025-12,0,0.053080329042685996,0.5
101133,2025-10,0,0.1416952215614682,0.6
101261,2025-10,0,0.040445385055407866,0.2
101269,2025-11,0,0.019990221561645958,0.2
100514,2025-11,0,0.1573478994838745,0.7
101654,2025-12,0,0.013032603680382228,0.1
100313,2025-11,0,0.011883695207016964,0.1
101607,2025-12,0,0.09019938438646498,1.0
101598,2025-10,0,0.261780975885364,1.0
101103,2025-11,0,0.07476889264961209,0.7
100246,2025-11,0,0.006563214901940331,0.1
101910,2025-12,0,0.055411279117377886,0.6
101012,2025-10,0,0.024286350804215165,0.3
100057,2025-12,0,0.06514305987507968,0.5
100396,2025-12,0,0.03767281394473495,0.5
101606,2025-11,0,0.01875388505778062,0.5
101892,2025-10,0,0.10808317986142013,0.8
100500,2025-10,0,0.013818925271110864,0.4
100745,2025-11,0,0.2748944624794821,1.0
102076,2025-10,0,0.01549501582342958,0.2
100006,2025-11,0,0.13978331389518192,0.7
102075,2025-11,0,0.08309678932968707,0.9
100551,2025-11,0,0.12174210049073503,0.5
100333,2025-12,0,0.033222425722366854,0.4
100967,2025-11,0,0.04830462915857947,0.9
101814,2025-11,0,0.024790106291256053,0.3
101867,2025-12,0,0.06332709958038325,0.4
101314,2025-12,0,0.14174578970873072,0.7
100482,2025-10,0,0.01684384269254985,0.2
100455,2025-11,0,0.01308689439315895,0.2
101638,2025-10,0,0.2963390613889049,1.0
101144,2025-12,0,0.1337189211614657,0.7
100099,2025-11,0,0.03877336131203864,0.5
100240,2025-11,0,0.0223783823483573,0.5
101986,2025-11,0,0.21960428479691257,0.9
100246,2025-10,0,0.011193363069384333,0.1
101677,2025-12,0,0.027367029253865256,0.1
101826,2025-10,0,0.2174411308683239,0.8
101776,2025-12,0,0.25401988519641094,1.0
100757,2025-12,1,0.14637833971416403,0.9
101953,2025-10,0,0.2760474271768484,0.9
100209,2025-12,0,0.025397847769859115,0.4
101965,2025-11,1,0.10742856634473065,1.0
100538,2025-12,0,0.022854434044549246,0.1
102084,2025-11,0,0.0339692868972461,0.3
101765,2025-11,0,0.007562323621173102,0.1
101776,2025-10,0,0.27911139394012513,1.0
100061,2025-10,0,0.0038473763049388494,0.2
102046,2025-10,1,0.058103044090542684,0.9
102014,2025-12,0,0.04917990212720999,0.4
100825,2025-10,0,0.029733908776644415,0.3
100646,2025-12,0,0.027481931320934076,0.1
100255,2025-10,1,0.0923881286837547,0.6
100370,2025-11,0,0.05647713075489308,0.2
102098,2025-10,0,0.012387754751176892,0.7
101470,2025-12,0,0.08850855032646651,0.7
100714,2025-12,0,0.15067297662058537,0.8
101502,2025-12,0,0.03366373746047882,0.8
100465,2025-10,0,0.01118253813737204,0.1
100747,2025-12,0,0.19572578249789677,0.7
101666,2025-10,0,0.05755509502792856,0.6
100332,2025-11,0,0.15984104377257857,1.0
101759,2025-11,0,0.018554773979238316,0.5
100062,2025-11,0,0.012762979712251618,0.2
100291,2025-11,0,0.1911611537892801,0.7
100154,2025-10,0,0.036002640739823344,0.6
100612,2025-12,0,0.04749352333246476,0.8
101448,2025-11,1,0.34059215717657165,1.0
100588,2025-12,0,0.029344853738374393,0.5
101171,2025-10,0,0.006009209443937178,0.1
101890,2025-12,0,0.07299384103711916,1.0
101995,2025-11,0,0.021341036750183378,0.3
101400,2025-11,0,0.11831735967320467,0.8
100280,2025-11,0,0.014460137280923956,0.2
102058,2025-11,0,0.13700619298180564,0.7
101599,2025-12,0,0.06194198316002226,0.7
101617,2025-11,0,0.013277119102347542,0.1
100773,2025-10,1,0.2732513204862242,1.0
100324,2025-11,0,0.0327310803941763,0.8
101202,2025-12,1,0.12591845463995346,1.0
100073,2025-10,0,0.17320994211806462,1.0
101936,2025-10,0,0.14212256308782462,0.9
100356,2025-12,0,0.18513723577101096,0.8
100622,2025-10,0,0.016562333085632045,0.3
100871,2025-11,0,0.014526881143900564,0.3
101924,2025-10,0,0.0789711326661382,0.4
100531,2025-10,0,0.2435839756517315,0.9
101453,2025-12,0,0.1000242593824949,0.5
100436,2025-10,0,0.1162569643131026,0.6
100393,2025-11,1,0.2951751731702134,0.9
101043,2025-12,0,0.036434862500605444,0.3
100554,2025-11,0,0.07387801837038824,0.5
101206,2025-10,0,0.008457259954379421,0.1
100523,2025-11,0,0.09522758078452025,0.7
100729,2025-12,1,0.26971168505027676,0.9
101124,2025-10,0,0.20245630786969052,1.0
100600,2025-10,0,0.01165270899992927,0.2
101097,2025-11,0,0.2336357328534027,1.0
100917,2025-10,1,0.0804878540592188,0.6
101839,2025-12,0,0.11404310999904771,1.0
101519,2025-10,0,0.012898905646030741,0.1
101514,2025-11,0,0.13964082024130411,0.6
102054,2025-11,0,0.040823680979096055,0.6
100575,2025-10,0,0.03210866109631515,0.2
101643,2025-11,0,0.017805853508042785,0.4
101764,2025-10,0,0.055683705841338894,0.3
101045,2025-12,0,0.20851523291898486,0.9
100169,2025-11,0,0.013493545003600532,0.3
100424,2025-12,0,0.029323669820181742,0.1
102063,2025-11,0,0.16826790162350172,1.0
100787,2025-10,1,0.31713810329324843,0.8
100095,2025-11,0,0.0708250785492573,0.6
102022,2025-12,0,0.09386476153897293,0.7
100532,2025-11,0,0.023993908670826927,0.4
101057,2025-10,0,0.03198257656078215,0.8
100429,2025-11,0,0.09484957705578802,0.9
100615,2025-12,0,0.08258989231625401,0.6
100482,2025-11,0,0.013305885141294639,0.2
100022,2025-11,0,0.009014235655619476,0.3
100236,2025-11,0,0.02418671795349935,0.2
100366,2025-11,0,0.047557908814374134,0.8
100184,2025-12,0,0.009797961872817468,0.1
100991,2025-11,0,0.041725311008040285,0.9
100381,2025-12,1,0.06344690319389579,0.7
100996,2025-11,0,0.021994414142866476,0.3
100918,2025-11,0,0.03346486844050642,0.1
100106,2025-12,0,0.08014354644255539,0.9
101507,2025-12,0,0.16030907345439857,0.9
101557,2025-10,0,0.013436387599144128,0.6
100117,2025-12,1,0.09939261600320957,0.8
101203,2025-11,0,0.07019290328050855,0.6
101434,2025-11,0,0.02920879662030934,0.4
100177,2025-10,0,0.0736245293436463,0.9
100927,2025-10,0,0.06093281542514502,0.5
100499,2025-11,0,0.042764130810096335,0.6
100096,2025-12,0,0.10578852644572544,0.5
101757,2025-12,0,0.07936439625823469,0.5
101232,2025-11,0,0.2183656031827099,0.9
101939,2025-10,0,0.01547339637602662,0.2
101659,2025-11,0,0.029138793385380293,0.2
100037,2025-10,0,0.022631184323317628,0.2
101131,2025-11,0,0.05935841090285833,0.5
101126,2025-12,0,0.014716342226031623,0.3
100533,2025-12,0,0.00815662384755758,0.3
101167,2025-10,0,0.1650365366999019,0.9
100651,2025-10,0,0.1292203607257833,0.8
100592,2025-11,0,0.16322792334413463,1.0
101474,2025-10,0,0.08398410369175603,0.9
101702,2025-12,0,0.06111411145117449,0.9
100920,2025-12,0,0.06796838276508047,0.6
101769,2025-12,0,0.15233336593214625,0.9
100885,2025-10,0,0.06326425841114486,0.2
102064,2025-11,0,0.025334379621701212,0.2
100254,2025-11,0,0.014944660326132451,0.2
101784,2025-11,0,0.010786417929679982,0.1
100282,2025-10,0,0.01119155870878175,0.2
101663,2025-10,0,0.09308630063558918,0.9
101025,2025-10,0,0.04396175465331993,0.3
100057,2025-11,0,0.08128299126900508,0.5
101665,2025-12,1,0.13508137869721457,0.7
100163,2025-12,0,0.023314653988944844,0.1
100296,2025-10,0,0.1460059186508131,1.0
101656,2025-11,1,0.20765686198156727,1.0
101857,2025-11,0,0.20033396443447357,1.0
101345,2025-11,0,0.006424385950603017,0.4
100701,2025-11,0,0.028020532384915368,0.5
101595,2025-12,0,0.05550715331814092,0.6
100150,2025-12,0,0.09951812313497908,0.8
101534,2025-11,1,0.0971979433342809,0.9
101331,2025-11,0,0.06815479066992898,0.5
100767,2025-10,0,0.02548779991846657,0.5
101246,2025-12,0,0.20318555899863838,1.0
100453,2025-10,1,0.40867158444805635,1.0
100469,2025-12,0,0.1663192575014234,0.6
101471,2025-11,0,0.3437867453090196,1.0
101979,2025-12,0,0.06895313262319971,0.6
101760,2025-12,0,0.008726717390441325,0.2
101795,2025-11,0,0.017430672914532982,0.4
100671,2025-11,0,0.01641384628208438,0.2
100458,2025-11,0,0.02585059169895406,0.2
100332,2025-10,0,0.22496429402017531,1.0
101452,2025-11,0,0.019013693780968663,0.1
100199,2025-10,0,0.022518026422433255,0.3
100290,2025-11,0,0.04355162389199673,0.4
101373,2025-11,0,0.17982981999023187,0.7
101169,2025-12,0,0.12087960505890781,0.7
100307,2025-10,0,0.00634404175912251,0.1
100656,2025-12,0,0.09946274117240948,0.9
101330,2025-12,0,0.05306267713343856,0.6
100914,2025-12,0,0.012849869563830305,0.2
100258,2025-10,0,0.0160166617241862,0.6
101162,2025-10,0,0.03995154403223936,0.6
101012,2025-11,0,0.040875787717640645,0.3
100235,2025-12,0,0.02070502665817483,0.1
100634,2025-10,0,0.034079745679534555,0.5
100878,2025-12,0,0.14928532280887571,1.0
101239,2025-10,0,0.030663377914832497,0.5
101348,2025-11,0,0.054168216328844436,0.6
100331,2025-12,0,0.02372005932176148,0.7
101626,2025-11,0,0.23932791158974745,0.9
101910,2025-10,0,0.15805694585513133,0.6
100726,2025-10,0,0.12301670742466056,0.7
100749,2025-10,0,0.012410391798203578,0.6
100207,2025-10,0,0.011962672494946395,0.6
101827,2025-10,0,0.04742391972768574,0.4
101827,2025-12,0,0.055531444840305956,0.4
100920,2025-11,0,0.09480934801709032,0.6
100669,2025-11,0,0.06805282273142564,0.6
100740,2025-11,0,0.006677620787664526,0.2
101122,2025-11,0,0.16957362165946144,0.7
101996,2025-10,0,0.16402665487552143,0.7
100567,2025-10,1,0.03154896197893302,0.5
100599,2025-12,0,0.04108283396870397,0.4
100708,2025-12,0,0.03526457889499587,1.0
101693,2025-11,0,0.011701600881165144,0.1
101514,2025-10,0,0.03182384079094965,0.6
102049,2025-10,0,0.020809244580694653,0.9
101850,2025-12,0,0.049342099050587444,0.6
100947,2025-10,0,0.03563846733242151,0.7
102095,2025-10,0,0.02435891039337857,0.7
100565,2025-11,1,0.07605701618315011,0.6
101588,2025-11,1,0.05302302660372715,0.2
101239,2025-11,0,0.048863666576467776,0.5
101370,2025-11,0,0.015366573988639795,0.1
101625,2025-12,0,0.10386240884003321,0.4
100685,2025-12,0,0.007606701815034604,0.4
100330,2025-10,0,0.10390825711813767,0.6
101957,2025-10,0,0.03507077414836368,0.9
100382,2025-10,0,0.03929055300981471,0.5
101739,2025-12,0,0.034770039304363,0.7
100342,2025-11,0,0.048822345640133866,0.7
101975,2025-11,0,0.0106822088457744,0.1
101608,2025-10,0,0.02374185153992185,0.3
102031,2025-12,0,0.007281603634462099,0.4
100911,2025-12,0,0.013528732266495194,0.5
100831,2025-10,0,0.013281565776461253,0.4
100993,2025-12,0,0.012510726098106443,0.1
100953,2025-11,0,0.049455951009405266,0.1
101301,2025-11,0,0.16313643783660345,1.0
101182,2025-10,0,0.09458813599170504,0.8
101510,2025-11,0,0.0628731864245669,0.6
101951,2025-12,0,0.2501250403421217,0.9
101855,2025-11,0,0.02919801590130215,0.1
101891,2025-11,0,0.048933234003848525,0.3
100251,2025-11,0,0.03275671441365545,0.2
100336,2025-11,0,0.013192745564009383,0.1
101013,2025-11,1,0.12732004185524143,0.5
100398,2025-10,0,0.018875939557535443,0.3
100724,2025-10,0,0.07076996661930095,1.0
101262,2025-10,0,0.038714309110081196,0.4
100569,2025-12,0,0.13335225312111837,0.5
100670,2025-12,1,0.38624972727196144,1.0
101150,2025-12,0,0.13657111852036535,0.8
101767,2025-11,1,0.10278592169858508,0.8
101215,2025-12,0,0.20997114549146137,0.9
100198,2025-11,0,0.04027629196977311,0.5
101902,2025-12,0,0.061781519146931224,0.7
101093,2025-11,0,0.06318042632143188,0.3
100659,2025-12,1,0.11906288926322205,0.5
100402,2025-12,0,0.0553190844262108,0.6
100268,2025-11,0,0.08562692416868084,0.5
100669,2025-10,0,0.1287478164690359,0.6
100171,2025-12,0,0.05923717638961307,0.4
100503,2025-11,0,0.09084139424879319,0.8
101224,2025-11,0,0.03010249277294425,0.6
101499,2025-12,1,0.3345769380915428,0.9
100119,2025-10,0,0.04403724534006213,0.5
101595,2025-11,0,0.11036029212026804,0.6
100216,2025-12,0,0.06572997628631977,1.0
101280,2025-11,1,0.2951113018568606,1.0
101162,2025-12,0,0.146383233446549,0.6
101483,2025-10,1,0.06323978129128749,0.6
100156,2025-10,0,0.16208593707461952,0.6
101329,2025-12,0,0.014099019890545026,0.2
101352,2025-12,0,0.06954715738960038,0.6
100443,2025-11,0,0.1413988267043706,0.9
100713,2025-11,0,0.008966632001448803,0.4
101615,2025-11,0,0.16252272971343157,0.8
100942,2025-10,0,0.032499379513933356,0.7
101590,2025-12,0,0.0121316121283736,0.1
101096,2025-10,0,0.010338880537447337,0.1
100590,2025-10,0,0.033042676071715134,0.2
100170,2025-11,0,0.0809937985110354,1.0
100432,2025-11,0,0.04871306992136137,0.5
100763,2025-11,0,0.04301546042581211,0.7
101273,2025-11,1,0.1044310389657294,0.5
100355,2025-12,0,0.08358914808073362,0.5
100825,2025-11,0,0.05419223386819198,0.3
101585,2025-12,0,0.1392998296729399,0.7
102005,2025-12,0,0.24844729061371323,0.9
101204,2025-12,0,0.034325862061536865,0.6
101378,2025-12,0,0.0926518169959373,1.0
101021,2025-12,0,0.01296117919554509,0.4
100346,2025-11,0,0.050731795781371825,0.1
100580,2025-10,0,0.10378705154909064,0.6
101130,2025-10,0,0.03186476480094397,0.1
102080,2025-11,0,0.07712208795032592,0.8
100174,2025-10,0,0.006531892843321188,0.5
101863,2025-10,0,0.022774683413238645,0.1
100588,2025-11,0,0.06927085940738496,0.5
102042,2025-12,0,0.017080845233197885,0.3
100847,2025-11,0,0.015717323832222303,0.5
100044,2025-12,0,0.18387537075844784,0.9
101193,2025-10,0,0.056659035254499966,0.5
101349,2025-10,0,0.14557401099608075,0.8
101511,2025-10,0,0.00780134179518237,0.1
101042,2025-11,1,0.021451430370513884,0.4
100131,2025-10,0,0.2000341299285531,0.7
100903,2025-12,0,0.17235917677627371,0.7
101139,2025-11,0,0.1284545732338896,0.8
101177,2025-11,0,0.026968978721113958,0.4
100901,2025-12,0,0.13092362095446033,1.0
101697,2025-12,0,0.13663297414209155,0.8
101214,2025-10,0,0.018205335891532653,0.3
100400,2025-11,1,0.0769476735873027,0.3
100348,2025-10,0,0.018827783646183024,0.2
101022,2025-11,0,0.12952764443754633,0.6
101727,2025-12,0,0.06143047301704515,1.0
100104,2025-11,0,0.018702137006326232,1.0
100926,2025-12,0,0.019084289240850507,0.1
100060,2025-12,0,0.020581717648967462,0.4
100717,2025-11,0,0.08934804967159575,0.7
101952,2025-12,0,0.21002371296190384,1.0
101241,2025-10,0,0.04603270358199166,0.4
100822,2025-12,0,0.03007787058741467,0.3
101920,2025-11,0,0.02414107532607148,0.1
101873,2025-10,0,0.020388199627662144,0.6
102078,2025-11,0,0.1266934730342921,1.0
100931,2025-11,1,0.021674656168969006,0.2
100795,2025-11,0,0.08667720836788277,1.0
101095,2025-12,0,0.017068339924719147,0.1
100058,2025-11,0,0.06807281235186523,0.6
101840,2025-11,0,0.06326216258575662,0.2
100946,2025-12,0,0.18160083646749878,0.7
100756,2025-11,0,0.019697037828885718,0.5
100476,2025-10,0,0.035460657471598774,0.7
102043,2025-12,0,0.05016574004046462,0.6
100114,2025-10,0,0.007643843681508955,0.2
101551,2025-11,0,0.08903658568084626,0.7
100076,2025-11,0,0.1227341705909865,0.5
101866,2025-11,0,0.22013605450026213,0.8
100885,2025-11,0,0.019886023626069366,0.2
101259,2025-12,0,0.19949028580194825,1.0
101849,2025-11,0,0.056571066477006285,0.4
100086,2025-10,0,0.06546049856500422,0.4
101871,2025-12,0,0.05012281297189001,1.0
101962,2025-11,0,0.010032681366897106,0.1
101073,2025-11,0,0.00993253549813477,0.1
101865,2025-11,0,0.009302136459494265,0.1
100764,2025-12,0,0.04665431875190154,0.6
101484,2025-12,0,0.04028488922560439,0.6
100909,2025-12,0,0.006992913808044686,0.2
101188,2025-12,0,0.02495054122799968,0.4
100826,2025-12,0,0.1338019557796349,0.9
101527,2025-10,0,0.2672452064374297,1.0
100741,2025-12,0,0.0464016036326195,0.9
100062,2025-12,0,0.013704046436836315,0.2
100268,2025-12,0,0.06337241437288701,0.5
100088,2025-11,0,0.01127513874508947,0.3
101265,2025-11,0,0.04658496679207827,0.4
100117,2025-11,0,0.12855967908688476,0.8
100836,2025-12,0,0.04643987931371414,0.4
100277,2025-10,0,0.022073447219368325,0.2
101089,2025-10,0,0.144130332630901,0.6
101937,2025-11,0,0.03799534273766302,0.5
101467,2025-12,0,0.012928071347497272,0.3
102028,2025-12,0,0.06086464005812347,0.7
101107,2025-12,0,0.06027642455159373,0.7
100207,2025-11,0,0.03934184430993356,0.6
102080,2025-12,0,0.16787781893284193,0.8
100752,2025-11,0,0.31471444036152735,1.0
100159,2025-12,0,0.10377180398952802,0.5
100955,2025-11,0,0.11265572695952682,0.4
100623,2025-12,0,0.21438794044815734,0.8
101552,2025-11,0,0.02699898988068039,0.5
101710,2025-10,0,0.0336066797819006,0.6
100859,2025-10,0,0.19582332874064726,0.9
100890,2025-11,0,0.03503202433381691,0.3
100039,2025-11,0,0.10603669661828888,0.8
100941,2025-11,1,0.1022803796449032,0.6
100909,2025-11,0,0.01179892237952623,0.2
100868,2025-10,1,0.06510507835271526,0.8
101472,2025-11,0,0.09634850154538441,0.8
101576,2025-12,1,0.2488472565551581,0.8
101000,2025-12,0,0.044038328133797044,0.3
100253,2025-12,0,0.07742093085870597,0.9
100212,2025-10,0,0.022376459920238453,0.2
100574,2025-11,0,0.08317065048178097,0.5
100996,2025-10,0,0.03985081855496889,0.3
101753,2025-10,0,0.05079304370501135,0.6
101811,2025-11,0,0.2038811635950909,1.0
100409,2025-11,0,0.07394282015859095,0.6
101238,2025-10,0,0.030734502586383907,0.3
101966,2025-11,0,0.020766319579877384,0.3
102039,2025-12,0,0.03844448135783477,0.3
100508,2025-10,0,0.07701151361086368,1.0
100563,2025-11,0,0.01818457443294695,0.2
100511,2025-10,0,0.007117586326152949,0.2
100226,2025-12,0,0.054489914849502386,0.5
100367,2025-11,0,0.040070525363887236,0.3
100447,2025-12,0,0.046687828452912764,0.5
100902,2025-10,0,0.019870583463033106,0.8
100024,2025-12,0,0.039985391309700566,0.8
101983,2025-12,0,0.07032790755439508,0.7
101272,2025-10,0,0.03380219794109361,0.7
100102,2025-12,0,0.10441131742154558,0.5
101233,2025-12,0,0.030041359030913324,0.8
101627,2025-12,0,0.09659941808401888,0.4
100072,2025-10,0,0.056424630212155095,0.7
101357,2025-11,0,0.10322551606361309,0.9
102016,2025-10,0,0.080595415093401,0.7
101930,2025-12,0,0.012754827647178715,0.1
100262,2025-10,0,0.0509735743704896,0.6
101365,2025-12,0,0.07684974634589535,1.0
100607,2025-12,0,0.022093489202554422,0.6
100776,2025-10,0,0.04154843528953948,0.5
100124,2025-11,0,0.04017246714373961,0.6
101534,2025-12,0,0.016056108619769593,0.9
100710,2025-11,0,0.11339646495048702,0.8
101859,2025-10,0,0.02053808926116377,0.3
101645,2025-11,0,0.1372340731373357,1.0
101958,2025-10,0,0.1565031947480887,0.9
100953,2025-12,0,0.02286109869761011,0.1
100800,2025-12,0,0.024010634262645103,0.2
101418,2025-12,0,0.031951108501000795,0.6
101952,2025-10,0,0.14291917658351547,1.0
101265,2025-10,0,0.030151531795321863,0.4
102028,2025-10,0,0.03191769464086922,0.7
101941,2025-12,0,0.05020067593679874,0.3
101138,2025-12,0,0.08445606536605924,0.3
100697,2025-11,0,0.01646617945969374,0.3
101590,2025-10,0,0.005512165414645156,0.1
100878,2025-11,0,0.18312782862269544,1.0
101821,2025-11,0,0.08022655096542952,0.7
100479,2025-10,0,0.09043664570058409,0.7
100840,2025-12,0,0.014028968781867523,0.1
100304,2025-11,0,0.0634514827376355,0.7
101091,2025-11,1,0.02715168941597951,0.2
101506,2025-11,0,0.13033899550281647,0.8
100352,2025-11,0,0.040598626549209496,0.2
100020,2025-12,0,0.029897606284274937,0.4
101221,2025-10,0,0.05769253827635951,0.7
101498,2025-12,0,0.010253309799322112,0.2
101212,2025-11,0,0.037710511124110724,0.2
100221,2025-12,0,0.035375946393393747,0.3
101737,2025-11,0,0.2633321411809423,0.8
100245,2025-11,0,0.13590403156938932,0.9
101355,2025-12,0,0.01089543964175825,0.1
101154,2025-10,0,0.24233531820670642,1.0
100010,2025-11,0,0.13085427286030799,0.8
101148,2025-10,0,0.10939003148616924,0.6
101115,2025-10,0,0.02535508803847618,0.3
101563,2025-12,0,0.023245336771798717,0.2
101979,2025-11,0,0.05287487770730147,0.6
102088,2025-11,0,0.04726647854785429,0.3
100704,2025-12,0,0.24936796694734467,1.0
101416,2025-10,0,0.030626128515472976,0.5
100466,2025-10,1,0.07799921566594922,0.6
100767,2025-11,1,0.03887502528179328,0.5
101760,2025-10,0,0.01183223591100506,0.2
101861,2025-12,0,0.11078488044349374,0.6
100478,2025-10,0,0.002748074046426461,0.1
100880,2025-10,0,0.08791552479746602,0.9
102005,2025-11,0,0.33621730008838235,0.9
101505,2025-12,0,0.17556224909762527,1.0
101933,2025-12,0,0.10351290307792024,0.7
101337,2025-10,0,0.11291872223433475,0.8
102055,2025-11,0,0.010606356230527218,0.2
101262,2025-12,0,0.03750983422071648,0.4
100954,2025-12,0,0.10693292695659969,0.7
101112,2025-11,0,0.06053135127430796,0.6
101638,2025-12,0,0.31628462618364905,1.0
100038,2025-11,0,0.018281625669771488,0.6
100160,2025-11,0,0.0148345537211766,0.2
101027,2025-11,0,0.07025225352142064,0.3
101390,2025-11,0,0.059461590032125915,0.7
100287,2025-12,0,0.03874610910312789,0.5
101481,2025-11,0,0.043992674022211846,0.3
101907,2025-12,0,0.04835720721824003,0.9
100695,2025-10,0,0.09186231397989851,0.8
100755,2025-12,0,0.10179363137057605,0.6
101945,2025-12,1,0.15421370635393009,1.0
101397,2025-10,0,0.024464506421270654,0.2
101925,2025-10,0,0.01323451645410754,0.4
101052,2025-11,0,0.04266066827326098,0.3
101044,2025-11,1,0.29739482413412277,1.0
100265,2025-12,0,0.03834983152712215,0.4
100997,2025-11,0,0.04055411105977086,0.5
100357,2025-11,0,0.028638295339419296,0.5
101798,2025-12,0,0.2769285264836951,1.0
100928,2025-12,0,0.1026730041798789,0.7
101402,2025-12,0,0.01946964309713267,0.2
100599,2025-11,0,0.016252385386512344,0.4
100167,2025-11,0,0.11716052573943211,0.9
100239,2025-12,0,0.14888096675377266,0.9
101240,2025-10,0,0.094864009074674,0.8
100965,2025-12,0,0.00897604742133946,0.1
101887,2025-10,0,0.17999672621374682,0.7
101883,2025-11,0,0.26338614539628247,1.0
100803,2025-10,1,0.14874126404701815,1.0
101985,2025-10,0,0.05698470073370001,0.4
101630,2025-11,0,0.005377181851501826,0.2
100559,2025-11,0,0.3111173723802949,1.0
101877,2025-12,0,0.07693621589431812,0.8
100909,2025-10,0,0.023056459366852154,0.2
100321,2025-12,0,0.06116444094689273,0.4
100483,2025-11,0,0.007865805317122688,0.4
101428,2025-10,0,0.15780883310800878,0.8
101741,2025-11,0,0.1283902494324964,0.7
101119,2025-11,1,0.120192253374498,0.9
101553,2025-12,0,0.09095006494416036,0.5
101941,2025-11,0,0.04503557550541674,0.3
100452,2025-11,0,0.1750797089273481,0.7
100476,2025-12,0,0.09144162964970658,0.7
102058,2025-12,0,0.17999300665699827,0.7
101907,2025-11,1,0.1336893946881042,0.9
100661,2025-12,0,0.29700145565674807,1.0
100702,2025-12,0,0.118534692188304,1.0
101368,2025-10,0,0.14619060215640595,0.9
101911,2025-11,0,0.10241620758691149,0.5
101825,2025-10,0,0.2446045619112286,0.9
100261,2025-12,0,0.06719976478209554,0.5
100924,2025-11,0,0.19400394861601855,0.9
101698,2025-10,0,0.042124427354813095,0.6
102016,2025-12,0,0.13587208648818996,0.7
101746,2025-10,0,0.25765150642848933,1.0
100109,2025-12,0,0.03538293223063137,0.3
100769,2025-11,0,0.03592565311728272,0.1
101554,2025-10,0,0.05923059581970613,0.7
101104,2025-10,0,0.22501317674921367,0.8
101912,2025-10,0,0.011067745747798802,0.1
100915,2025-11,0,0.05812961121747683,0.8
100981,2025-10,0,0.013084926824166046,0.2
100563,2025-12,0,0.027835083066358655,0.2
101829,2025-10,0,0.13211947101046415,0.9
101107,2025-10,0,0.0725938903566958,0.7
101643,2025-12,0,0.01009589808791057,0.4
101748,2025-11,0,0.023167542685294622,0.2
101366,2025-10,0,0.018886914836922643,0.3
101508,2025-12,0,0.10879588770360375,0.5
100908,2025-10,0,0.10364545628752476,0.6
101042,2025-10,0,0.04373997401650778,0.4
100403,2025-12,0,0.04826672086967545,0.3
100443,2025-10,0,0.11592506893080683,0.9
101592,2025-10,0,0.08897634653745101,0.8
100700,2025-10,0,0.09994495400698834,0.7
100805,2025-10,0,0.06260330022741424,0.4
100275,2025-12,1,0.2289720811295878,1.0
101854,2025-10,0,0.07993033635148039,0.9
101661,2025-11,1,0.054350552141766116,0.3
101512,2025-10,0,0.05257223768399758,0.9
100408,2025-12,0,0.027502986648929393,0.4
100720,2025-10,0,0.016583027604293678,0.3
101413,2025-11,1,0.0870683483273436,0.7
101555,2025-12,0,0.022666124567259152,0.2
101347,2025-11,0,0.06607888895363118,0.4
100197,2025-10,0,0.2917150030307011,1.0
101415,2025-12,0,0.2052480432054529,0.9
101525,2025-11,0,0.012698333285697272,0.1
101838,2025-12,0,0.1887620915996487,0.7
102001,2025-10,0,0.07487970270778535,0.8
101863,2025-11,0,0.01180262378751664,0.1
101335,2025-12,0,0.02797735022801835,0.6
100891,2025-11,0,0.1352790335302887,0.7
100084,2025-10,0,0.008598867524834582,0.2
101742,2025-12,0,0.04841097497363051,0.7
101255,2025-10,0,0.02050404975575748,0.4
100719,2025-11,0,0.11922386951151237,0.5
101144,2025-11,0,0.1582803347121196,0.7
100317,2025-11,0,0.008900911097550968,0.1
102003,2025-10,0,0.006988080102899832,0.1
101220,2025-11,0,0.07151384924407314,0.8
101007,2025-12,0,0.03422307531440084,0.1
101102,2025-10,0,0.08727199120002914,0.9
100980,2025-12,0,0.03672498775467225,0.4
100707,2025-10,0,0.01790590486906536,0.2
101842,2025-12,0,0.05366129340941419,0.7
101837,2025-10,0,0.3591058494257019,1.0
100422,2025-12,1,0.2272213602584434,1.0
101381,2025-11,0,0.022826480704597602,0.3
100233,2025-10,0,0.17839259199221186,0.9
101083,2025-12,0,0.06659918551220588,0.7
101668,2025-11,0,0.05548766349875233,0.6
100019,2025-11,1,0.02830135029265147,0.3
101411,2025-11,0,0.18226032629580274,0.8
101391,2025-11,0,0.16899153767187045,0.9
100864,2025-10,0,0.024256817609378895,0.3
101284,2025-11,0,0.011245241572147693,0.1
100066,2025-12,0,0.17189755366963713,1.0
101123,2025-10,1,0.2618996866739318,0.8
102008,2025-10,0,0.1708957330969238,0.6
100085,2025-11,0,0.012471660860599585,0.1
101074,2025-11,0,0.06977062857542177,0.4
101393,2025-11,0,0.16059334454976232,0.9
101501,2025-11,0,0.03452434881676253,0.4
101579,2025-11,0,0.15221282105254375,0.7
101602,2025-10,0,0.040155030221040416,0.5
101021,2025-10,0,0.022671944445776304,0.4
101092,2025-12,0,0.05521442753215192,0.8
100144,2025-11,0,0.05789329140916634,0.7
101845,2025-10,0,0.02742561453769233,0.2
101722,2025-10,0,0.040882593140186274,0.4
102057,2025-11,0,0.05895023969106485,0.3
101298,2025-11,0,0.26117306394304074,0.9
101009,2025-12,0,0.1802589362044649,0.9
101164,2025-12,0,0.36524386751187865,0.9
101735,2025-10,0,0.13651010364885366,0.6
100786,2025-10,0,0.08879914132610166,0.6
101006,2025-11,0,0.015030856326739863,0.1
100625,2025-11,0,0.00715846563926514,0.2
100203,2025-12,1,0.14315784479983434,0.9
100573,2025-11,0,0.12489828245796783,0.8
100559,2025-10,0,0.2855233082662631,1.0
101039,2025-11,0,0.08987658546292751,0.7
100273,2025-12,0,0.025358564608162965,0.4
100851,2025-10,0,0.01419145658171566,0.3
100809,2025-12,0,0.042999418126675466,0.7
100307,2025-11,0,0.008818459330452267,0.1
100904,2025-11,0,0.06986841649998227,0.3
101532,2025-11,0,0.017309242464475433,0.2
100377,2025-10,0,0.09615416494396252,0.6
100696,2025-11,0,0.12186361497291698,0.8
101868,2025-12,0,0.008727615529672883,0.3
100278,2025-10,0,0.10800931234108667,0.7
100950,2025-12,0,0.11048287719115685,0.8
100789,2025-10,1,0.21235872047736323,0.8
101152,2025-10,0,0.04469550750243572,0.7
101125,2025-10,0,0.10888291631428844,0.7
101228,2025-12,0,0.06406686322732102,1.0
100498,2025-11,0,0.02270896739907874,0.1
100835,2025-11,1,0.3416250599243802,0.9
100644,2025-10,0,0.07118197583874208,1.0
100746,2025-10,0,0.17178600259013288,0.9
101208,2025-11,0,0.03708238242450251,0.5
100643,2025-12,0,0.05374277776061619,0.7
101022,2025-12,0,0.07337387157644365,0.6
101197,2025-12,0,0.08564379142045532,0.6
101751,2025-11,0,0.05348291099718887,0.6
101276,2025-11,0,0.046704535576764475,1.0
100179,2025-12,0,0.02142651566486664,0.5
101007,2025-11,0,0.013556000644539623,0.1
100518,2025-11,0,0.039707055192509826,0.7
100191,2025-11,0,0.026546225416525012,0.2
100881,2025-10,0,0.0119273329945335,0.1
100054,2025-10,0,0.033964861695902605,0.4
100363,2025-11,0,0.07853732716811408,0.8
100648,2025-12,0,0.03197054237499926,0.4
100422,2025-11,0,0.1750845853166519,1.0
101206,2025-11,0,0.00773022646364195,0.1
101797,2025-10,0,0.027245713408032023,0.1
100710,2025-10,0,0.06716300134184557,0.8
100433,2025-10,0,0.05325062370391459,0.8
101327,2025-12,1,0.08083524506412262,0.8
101051,2025-11,0,0.05103936830811931,0.2
100638,2025-12,0,0.026267608037856167,0.3
100592,2025-12,0,0.3642794501610116,1.0
100188,2025-10,0,0.015371246934032952,0.5
100431,2025-10,0,0.008508002383320971,0.4
101975,2025-12,0,0.023404402110902736,0.1
101673,2025-11,0,0.13823235974674225,0.8
100898,2025-10,0,0.20211290903840815,0.9
101541,2025-12,0,0.08323073684190531,0.9
101550,2025-12,0,0.03128783256479324,0.7
100530,2025-11,0,0.07796333986501434,1.0
100547,2025-10,0,0.027705362325541612,0.3
101877,2025-11,0,0.03744465367725003,0.8
101092,2025-10,0,0.05692014679059341,0.8
101416,2025-11,0,0.035133184725278675,0.5
101821,2025-12,0,0.17344432703627674,0.7
100112,2025-12,0,0.0328050853040932,0.7
101583,2025-11,0,0.19186713691242677,0.9
100091,2025-11,0,0.01310215745522001,0.2
101185,2025-10,0,0.04589792555078439,0.5
101479,2025-10,0,0.00921101681812637,0.4
102023,2025-11,0,0.023589495816387755,0.4
100846,2025-11,0,0.1345751649728735,0.8
100226,2025-11,0,0.018498200532863697,0.5
100263,2025-11,0,0.022090374173472413,0.2
101735,2025-12,0,0.13967726670061115,0.6
101168,2025-11,0,0.12455668772261928,0.6
101752,2025-11,1,0.21077333326968198,1.0
101281,2025-12,0,0.012241081056614603,0.4
101299,2025-10,1,0.05527961321254864,0.8
100635,2025-12,0,0.06587386363022883,0.6
100974,2025-12,0,0.002329301444813732,0.2
101024,2025-12,0,0.04927449528533625,0.4
102071,2025-10,0,0.036949758555163345,0.5
101771,2025-11,0,0.07077975222518122,0.4
100360,2025-12,0,0.03360288852885971,0.2
100191,2025-12,0,0.023845770961023326,0.2
100729,2025-11,0,0.2484727172420344,0.9
100116,2025-12,0,0.03739816372047127,0.3
101869,2025-10,0,0.2724412906114706,0.9
100966,2025-12,1,0.062298837342439524,0.8
101580,2025-11,0,0.06688710260117516,0.5
101537,2025-12,0,0.058445663299935544,0.8
101720,2025-11,0,0.21481976895533025,0.8
101365,2025-10,1,0.1834959173540322,1.0
100695,2025-11,0,0.09724679911056484,0.8
101356,2025-12,0,0.09803318601108743,0.8
100647,2025-10,0,0.028130215814744095,0.7
100989,2025-10,0,0.026362956104693372,0.3
100236,2025-10,0,0.01948224586522956,0.2
101233,2025-11,0,0.13191127169332456,0.8
100068,2025-12,0,0.04666560715583577,0.5
101147,2025-12,0,0.004585929719747703,0.2
100513,2025-10,0,0.023581266298746677,0.1
101493,2025-12,0,0.07071078843643433,0.9
100926,2025-10,0,0.007696265259581789,0.1
100510,2025-12,0,0.11754724687708203,0.9
100242,2025-12,0,0.16367325201893956,1.0
101544,2025-10,0,0.10395756370439387,0.7
101827,2025-11,0,0.01951553270899133,0.4
101617,2025-10,0,0.013369630565228207,0.1
101796,2025-11,0,0.004773491050532451,0.1
101915,2025-11,0,0.017531913382613583,0.2
100671,2025-10,0,0.022664005323025017,0.2
101836,2025-11,0,0.006316446861101825,0.1
100283,2025-10,1,0.15499619253011543,0.9
100103,2025-11,0,0.03749485990151476,0.6
101221,2025-11,0,0.045422850472666164,0.7
100445,2025-11,0,0.011419350919541747,0.1
102091,2025-10,0,0.06308945950683843,0.5
101630,2025-12,0,0.023252275091447675,0.2
100519,2025-10,0,0.06434851937945829,1.0
102008,2025-12,0,0.07898727672962937,0.6
101320,2025-12,0,0.2629682063682892,1.0
101990,2025-10,0,0.13986292508693396,1.0
101165,2025-10,0,0.05837159042947424,0.5
101082,2025-12,0,0.008014372032096918,0.1
101001,2025-10,0,0.15041183706686798,0.9
101341,2025-10,0,0.10277038556275715,0.7
101443,2025-12,0,0.08892087859512972,0.7
101439,2025-10,0,0.0626744478894933,0.4
101982,2025-10,0,0.07819603824574246,0.9
101701,2025-12,0,0.01839458878747961,0.3
100031,2025-12,0,0.023407833686159042,0.6
100960,2025-11,0,0.026641593728590974,0.4
100330,2025-12,0,0.061947484029363134,0.6
101369,2025-12,0,0.16613411846679899,0.6
100497,2025-10,1,0.2804697159324116,0.8
100291,2025-12,0,0.12376843521511387,0.7
101988,2025-11,0,0.07243572412997702,0.5
100096,2025-10,0,0.05400700444268227,0.5
100399,2025-11,0,0.05742001510724806,0.9
100776,2025-12,0,0.05752438803562296,0.5
101737,2025-12,0,0.07515934848432157,0.8
101982,2025-12,0,0.06210285159021571,0.9
100771,2025-10,0,0.05150495524255502,0.5
100197,2025-12,0,0.1378973380792943,1.0
100668,2025-12,0,0.0439436006091054,0.7
101377,2025-12,0,0.1517278138684284,0.9
100679,2025-12,0,0.056663160402433944,0.8
101858,2025-10,0,0.07732878713174411,0.8
101922,2025-12,0,0.22265065952442878,1.0
100565,2025-12,1,0.09217003114824954,0.6
100527,2025-11,0,0.01692246510089283,0.3
100872,2025-12,0,0.05783175664086945,0.4
100345,2025-11,0,0.1761289467225078,0.9
100007,2025-11,0,0.02850544508101684,0.3
100578,2025-10,0,0.16562135481354115,0.9
100157,2025-10,0,0.00934893857253406,0.3
100774,2025-12,0,0.18046146412491668,1.0
101087,2025-10,0,0.12322056696141226,1.0
100261,2025-10,0,0.01799897530250239,0.5
100232,2025-10,0,0.003846434583768576,0.1
100754,2025-11,0,0.03932118516143121,0.4
101279,2025-12,0,0.050075737943135905,0.4
100299,2025-10,0,0.08484687610106327,0.6
102092,2025-12,0,0.007001653941920245,0.3
101864,2025-11,0,0.008971339607295759,0.2
101734,2025-11,0,0.047783885374905126,0.7
101457,2025-12,0,0.14704811119561595,0.6
101583,2025-10,0,0.11575335321896796,0.9
101034,2025-11,0,0.03164405400335194,0.1
101084,2025-12,0,0.13661814301705183,1.0
101468,2025-11,0,0.016095467051535358,0.2
101582,2025-10,0,0.041741654968632295,0.3
101725,2025-12,0,0.023936539957008677,0.4
100295,2025-12,0,0.03121821794232333,0.5
100011,2025-11,0,0.02211429256822193,0.5
100799,2025-11,0,0.023787276317481936,0.3
101097,2025-10,1,0.3849022574256894,1.0
100540,2025-10,0,0.12728626005102722,0.7
100303,2025-11,0,0.2706323747588531,0.9
100628,2025-12,0,0.053598709498494886,0.7
101342,2025-11,0,0.02863135488717667,0.1
101569,2025-10,0,0.1752851302091037,1.0
101589,2025-11,0,0.10285844115263829,0.7
101600,2025-12,0,0.06851576775782632,0.7
100630,2025-12,0,0.02175382648593152,0.5
101539,2025-11,0,0.009128239862796959,0.2
100913,2025-11,0,0.06671527437840194,0.9
101559,2025-12,0,0.00683181269986365,0.3
101750,2025-11,0,0.03146326262005453,0.3
101748,2025-12,0,0.012486581626335518,0.2
101327,2025-10,0,0.16464112807950698,0.8
101511,2025-11,0,0.020424119705058363,0.1
101346,2025-11,0,0.025819191072615846,0.5
101832,2025-11,0,0.1644781010917227,0.9
101304,2025-11,0,0.02312941711768018,0.6
101538,2025-10,0,0.02215871912796181,0.2
101720,2025-10,0,0.24058515948964598,0.8
101988,2025-10,0,0.0544051192960867,0.5
101437,2025-10,0,0.14352296239726375,1.0
101961,2025-11,0,0.07309904508365248,0.8
100152,2025-10,0,0.05155586971414305,0.5
101399,2025-12,0,0.003434856239343985,0.2
101739,2025-10,0,0.025083215675946856,0.7
101889,2025-10,0,0.03153748451651599,0.2
100945,2025-10,1,0.05580657264590657,0.8
101155,2025-12,0,0.034949888690907496,0.7
100528,2025-11,0,0.03416392267997823,0.4
101684,2025-10,1,0.30156462186744615,1.0
101384,2025-11,0,0.1961187645229256,0.7
102009,2025-11,0,0.022211624943332994,0.6
101881,2025-11,0,0.11883406433074277,0.9
102093,2025-12,0,0.007268496914795148,0.2
100998,2025-12,0,0.014741738626505293,0.4
100283,2025-11,0,0.13485651053699083,0.9
102038,2025-10,0,0.07282720152309069,0.6
101120,2025-11,0,0.20520610840845604,0.9
101434,2025-10,0,0.02543930689255771,0.4
101608,2025-12,0,0.02312739817103375,0.3
102061,2025-10,0,0.044899307650764525,0.3
100286,2025-11,0,0.12152201717498472,0.7
100640,2025-10,0,0.05536052013717776,0.7
100020,2025-10,0,0.07959302058684456,0.4
100305,2025-11,0,0.00954172506479616,0.3
101793,2025-10,0,0.20782302913616088,0.7
101064,2025-11,0,0.003633234159869818,0.1
100147,2025-12,0,0.12654582712343118,0.9
100633,2025-11,0,0.06783932728656476,0.6
101974,2025-12,0,0.04034895829590071,0.5
100795,2025-12,0,0.25919023334411695,1.0
101430,2025-11,0,0.059407039542867475,0.6
100526,2025-12,0,0.10476499157732069,0.9
101113,2025-11,0,0.08602486205103879,0.6
101790,2025-10,0,0.17844415481942302,0.9
100430,2025-10,0,0.011436472457748491,0.1
101224,2025-10,1,0.11486922169324848,0.6
101405,2025-12,0,0.05620285739337465,0.3
100865,2025-10,0,0.1168549232760053,0.7
100791,2025-11,0,0.02636104658026921,0.2
100069,2025-10,0,0.017710893437432262,0.1
100766,2025-11,0,0.08097761374362655,0.5
100649,2025-11,0,0.19358628172913633,0.6
100324,2025-10,0,0.07622785931709027,0.8
101528,2025-12,0,0.007718999303682756,0.2
101503,2025-11,0,0.022757672045137234,0.1
102040,2025-11,0,0.1073299373628969,1.0
100848,2025-11,0,0.1344641381963676,0.7
101439,2025-11,0,0.1038042766822009,0.4
101085,2025-12,0,0.08926576186250099,0.4
100135,2025-12,0,0.011086896888525467,0.3
101348,2025-12,1,0.1611718819194924,0.6
101345,2025-10,0,0.028573594168311622,0.4
100652,2025-10,0,0.021990832497733787,0.4
101552,2025-10,0,0.041629335953517296,0.5
101544,2025-12,0,0.05818329872838521,0.7
100723,2025-10,0,0.023703262595338878,0.6
100370,2025-12,0,0.019197616437090604,0.2
101338,2025-12,0,0.17959532952504087,0.7
101392,2025-10,0,0.04447457690735226,0.6
101285,2025-11,0,0.2745725364572603,0.9
100385,2025-10,1,0.25893757736497125,0.8
101533,2025-11,0,0.062286756014716824,0.7
101530,2025-10,0,0.021710581619110027,0.5
100883,2025-11,0,0.1874225994639647,0.9
100425,2025-12,1,0.23433517648351038,0.9
101788,2025-11,0,0.07939172037856053,1.0
100256,2025-11,0,0.20060804770545856,1.0
101709,2025-12,0,0.18446367485821805,1.0
100157,2025-12,0,0.008590637342774194,0.3
101434,2025-12,1,0.09087754491391122,0.4
100884,2025-12,0,0.20325431984462888,0.9
100510,2025-10,0,0.19161390269973483,0.9
101841,2025-10,0,0.20197095420108144,0.7
101684,2025-11,1,0.32902551103302324,1.0
101152,2025-12,0,0.035866799634068774,0.7
101731,2025-10,0,0.20997521547639722,0.6
101635,2025-12,0,0.03737006311108551,0.3
102049,2025-12,0,0.20387149029163837,0.9
101315,2025-10,0,0.013373259295172503,0.1
101339,2025-11,0,0.09232792569754529,0.5
100538,2025-10,0,0.017524894233740693,0.1
100050,2025-12,0,0.018183944215245777,0.2
100645,2025-10,0,0.10299936838265492,0.7
100309,2025-10,0,0.11456882952470167,0.4
101372,2025-12,0,0.09510318662952896,0.7
100029,2025-12,0,0.19920557732376115,0.9
101545,2025-12,0,0.08438859666154239,0.5
100179,2025-10,0,0.056548757541272955,0.5
101899,2025-11,0,0.04030991036960297,0.4
100481,2025-11,0,0.06913849834091969,0.6
101435,2025-12,0,0.03185474218065926,0.6
100564,2025-11,0,0.19327972114312753,1.0
101366,2025-12,0,0.057445524816366736,0.3
101444,2025-10,0,0.016487110229254514,0.1
100124,2025-12,0,0.07212017897364632,0.6
100132,2025-10,0,0.030070137287687475,0.6
101678,2025-12,0,0.029578077265326564,0.3
100893,2025-11,0,0.012883883920308361,0.1
100244,2025-10,0,0.03417781544060997,0.5
100562,2025-12,0,0.01201247005335687,0.1
101904,2025-12,0,0.0366930292817666,0.3
100440,2025-10,0,0.12500234363470794,0.6
100683,2025-12,0,0.01004506277476992,0.1
101277,2025-11,0,0.04736596255177008,0.8
100827,2025-11,0,0.04414930137026417,0.4
101360,2025-11,0,0.015378146410795508,0.1
102007,2025-12,0,0.17253975979012667,0.6
100049,2025-12,0,0.05622362010201004,0.3
100385,2025-11,0,0.18584047409086177,0.8
101392,2025-12,0,0.16161656534911004,0.6
100879,2025-10,0,0.04895755280334863,0.4
100688,2025-10,0,0.05857950782814849,0.3
100443,2025-12,0,0.05488043854650765,0.9
100007,2025-10,0,0.028070211161668215,0.3
101506,2025-10,0,0.11208719961547337,0.8
101740,2025-12,1,0.027881039439543735,0.1
100735,2025-10,0,0.02222364143261266,0.6
101231,2025-12,0,0.023297256475314724,0.4
100734,2025-11,0,0.055229428714025725,0.6
101004,2025-10,0,0.05940212725492796,0.4
101313,2025-11,1,0.061462835159908975,0.6
100188,2025-12,0,0.04979002079160203,0.5
101472,2025-10,1,0.13078754245917001,0.8
101568,2025-10,0,0.010928031255116676,0.3
100073,2025-12,1,0.23526721568038084,1.0
101183,2025-10,0,0.07597051567621967,0.4
100819,2025-11,0,0.1068063211974967,0.7
100275,2025-10,1,0.1626836734791963,1.0
101353,2025-10,0,0.1629236066736533,0.9
101216,2025-12,0,0.10599296460322132,0.7
100727,2025-10,1,0.32283387884738207,0.9
101571,2025-11,0,0.08483873574977083,0.9
101462,2025-10,0,0.07741603329818421,0.6
101240,2025-11,0,0.19599955836508245,0.8
102077,2025-12,0,0.1668557777019616,0.9
101165,2025-12,0,0.03483537478039455,0.5
100906,2025-11,0,0.017899432171139085,0.4
101908,2025-10,0,0.020932581640470446,0.3
100806,2025-10,0,0.15710273844990577,0.7
101273,2025-10,0,0.1343575933924363,0.5
101234,2025-11,0,0.016241599333500223,0.3
100598,2025-11,0,0.029836762584340516,0.3
100027,2025-11,0,0.033170392577423734,0.5
100430,2025-11,0,0.017547852632414304,0.1
101420,2025-11,0,0.06886855536384417,0.5
101479,2025-11,0,0.03821423563236886,0.4
101350,2025-11,0,0.16954208764400064,1.0
101580,2025-10,0,0.13290478056617744,0.5
101083,2025-10,0,0.08649202245911582,0.7
101824,2025-12,0,0.15644321103771924,0.6
100673,2025-10,0,0.0332346362300856,0.4
102097,2025-10,0,0.01469575153902782,0.3
100804,2025-10,0,0.10005897114444778,0.6
101336,2025-11,0,0.23265271290564807,0.9
100910,2025-11,0,0.06601032326343023,0.9
100666,2025-11,0,0.015337096834106948,0.4
101371,2025-10,0,0.03300369954070058,0.6
101169,2025-11,0,0.15981730498514773,0.7
101508,2025-11,0,0.04133816891122109,0.5
100165,2025-10,0,0.0066423461345592565,0.1
100093,2025-11,0,0.05962821797883893,0.3
100775,2025-11,1,0.3728348371342947,1.0
101187,2025-12,0,0.009211543100931804,0.1
100756,2025-12,0,0.02121756021461482,0.5
100318,2025-10,0,0.03329608250709344,0.3
101192,2025-12,0,0.05330826708279267,0.5
100524,2025-12,0,0.07106880290147811,0.9
101031,2025-10,0,0.044816179140183286,0.9
101431,2025-10,0,0.22006239887010673,0.9
100845,2025-10,0,0.06700075425969945,0.6
101524,2025-11,0,0.05931624734978913,0.6
101916,2025-12,0,0.0769348577187643,1.0
101819,2025-12,0,0.11900538853930166,0.6
100013,2025-12,0,0.03169147351663125,0.3
100475,2025-10,0,0.0866869218790389,0.6
100746,2025-12,1,0.14383054167091888,0.9
100682,2025-11,0,0.014776385259681819,0.5
101841,2025-11,0,0.03951665650372217,0.7
100048,2025-12,0,0.025480874914044396,0.6
101127,2025-12,0,0.09121209149203882,0.6
101157,2025-10,0,0.04283857973632474,0.6
100961,2025-12,0,0.08451832349546594,0.5
100010,2025-10,0,0.08503919545723777,0.8
101945,2025-10,0,0.11515101525031818,1.0
100172,2025-11,1,0.10286800426224936,0.6
100440,2025-11,0,0.11670577960566123,0.6
101516,2025-11,1,0.19084876253518598,1.0
101864,2025-10,1,0.0688782438425442,0.2
101014,2025-10,0,0.07236796693703099,0.4
101886,2025-12,0,0.15212611562700792,1.0
101056,2025-11,0,0.01570676699520308,0.3
100884,2025-11,0,0.0679841179307191,0.9
101819,2025-10,0,0.05524565733290274,0.6
101673,2025-12,0,0.06531579596701992,0.8
100807,2025-10,0,0.06121885569571523,0.7
100319,2025-11,0,0.024533062771791455,0.3
100685,2025-10,0,0.03332100080378193,0.4
100636,2025-10,0,0.16407011082587963,1.0
101807,2025-11,0,0.07220547301911777,0.6
101395,2025-11,1,0.28070311797638553,0.9
101283,2025-12,0,0.03366669333905248,0.4
100488,2025-12,0,0.13911921866193735,0.9
100048,2025-10,0,0.08771235391495276,0.6
100943,2025-12,0,0.19652608715540548,0.7
100986,2025-12,0,0.1050042582185033,0.9
100103,2025-10,0,0.04862719651449788,0.6
100566,2025-11,0,0.040114877402131856,0.2
100990,2025-11,0,0.2104736765985563,1.0
101490,2025-11,0,0.0032241648359187442,0.1
101003,2025-10,0,0.042135003489732564,0.3
101766,2025-11,0,0.038118952802033236,0.4
101656,2025-12,1,0.06873856007457206,1.0
100725,2025-11,0,0.007376726669606555,0.1
100766,2025-12,0,0.02791781963823521,0.5
101251,2025-12,0,0.01911905095656618,0.2
100546,2025-11,0,0.0309718224952856,0.7
100228,2025-11,0,0.05829059586193607,0.5
100611,2025-10,0,0.014324149387032168,0.1
100891,2025-12,0,0.08648119828072427,0.7
100624,2025-10,0,0.3066534085596346,1.0
100172,2025-12,0,0.13078224314414044,0.6
101143,2025-11,0,0.026156533708251245,0.4
100279,2025-12,1,0.0632621973394006,0.4
100943,2025-11,0,0.10053538443476136,0.7
101117,2025-12,0,0.12295538589742498,0.9
101394,2025-11,0,0.04716253943056163,0.2
101513,2025-11,0,0.01933822149698116,0.1
101156,2025-12,0,0.08982005718006604,0.7
101170,2025-12,0,0.009909502237762853,0.2
100095,2025-12,0,0.05825708020556305,0.6
101940,2025-11,0,0.05679938338203484,0.7
100730,2025-10,0,0.09229231504972879,0.8
100933,2025-10,0,0.07930181168781593,0.7
100337,2025-12,1,0.08631076917731735,0.9
100266,2025-12,0,0.02160036626577722,0.4
100374,2025-11,0,0.024281139727289205,0.3
100284,2025-11,0,0.007831153072440738,0.2
100660,2025-10,0,0.009044460857620812,0.1
100312,2025-12,0,0.02191907047150386,0.1
101333,2025-12,0,0.08028064641190263,0.5
100139,2025-11,0,0.14535129492020998,0.9
100434,2025-12,0,0.02875744923871442,0.5
100663,2025-12,0,0.010560698545996611,0.3
101353,2025-12,0,0.04384764469717336,0.9
101641,2025-10,0,0.04158011700502603,0.2
100843,2025-11,0,0.09267548956516214,0.6
100373,2025-12,0,0.010791869038084082,0.1
100309,2025-12,0,0.046854184897399086,0.4
101691,2025-12,1,0.025037635280314597,0.8
100753,2025-10,1,0.11808524662278692,0.6
101280,2025-10,1,0.29398104839152395,1.0
100294,2025-10,0,0.04842557771441528,0.7
100089,2025-12,0,0.0457864521955602,0.5
100646,2025-11,0,0.006725662061016543,0.1
101261,2025-12,0,0.0302834686073001,0.2
100518,2025-10,0,0.23260644471719413,0.7
100116,2025-11,0,0.008213935893588946,0.3
101664,2025-11,0,0.01924065126376818,0.3
100696,2025-10,0,0.13760598764007026,0.8
101623,2025-10,1,0.20641659822987055,0.9
100033,2025-11,0,0.08706315918835625,0.8
100249,2025-11,0,0.027575530847054226,0.5
102067,2025-10,1,0.19605392492553303,1.0
101931,2025-10,0,0.03360340764720446,0.3
101187,2025-11,1,0.036113144059568496,0.1
101972,2025-11,0,0.045711207091889895,0.3
100899,2025-11,0,0.05743804148596968,0.9
100290,2025-10,0,0.017591889961203352,0.4
101575,2025-11,0,0.009321239573841483,0.1
101882,2025-12,0,0.12910309219577407,0.9
101170,2025-10,0,0.029901167471394253,0.2
101954,2025-12,0,0.01902943103385418,0.1
101936,2025-12,0,0.2873556501674112,0.9
101655,2025-11,0,0.026008475095197665,0.4
102006,2025-10,0,0.0913448448889212,0.7
101900,2025-11,0,0.016479622924409253,0.1
101294,2025-11,0,0.05233825162597737,0.7
100689,2025-12,0,0.02723073902608132,0.3
100928,2025-10,0,0.038220996146314655,0.7
100334,2025-10,0,0.05162248017080376,1.0
101786,2025-10,0,0.006392900041127643,0.1
100012,2025-11,0,0.06317837801865085,0.3
101390,2025-12,0,0.0886397320809796,0.7
100418,2025-10,0,0.03764906659920295,0.4
100667,2025-11,0,0.03904860494770401,0.3
100044,2025-11,0,0.12741679901833416,0.9
100549,2025-10,0,0.047126283121445345,0.4
101832,2025-10,1,0.1776498763539596,0.9
102095,2025-11,0,0.022931137764322693,0.7
101726,2025-11,1,0.31696284434064315,1.0
101604,2025-12,0,0.037129748465545016,0.6
100446,2025-11,0,0.20698835834275228,0.9
101344,2025-12,0,0.028474107279135432,0.1
100682,2025-12,0,0.07531892702079257,0.5
100035,2025-12,0,0.07182673146497481,0.6
100362,2025-11,0,0.03464512892365842,0.5
100387,2025-12,0,0.09567827122336671,0.9
100820,2025-10,0,0.02677641281338025,0.5
101718,2025-11,0,0.022353793005291667,0.3
102044,2025-12,0,0.09588942594627312,1.0
100020,2025-11,0,0.05542595330015012,0.4
100733,2025-10,0,0.041376021148390354,0.6
100778,2025-11,0,0.03699559492049171,0.3
100075,2025-10,0,0.0166394995968031,0.2
100227,2025-11,0,0.05720896849732515,0.4
100662,2025-11,0,0.17868089569158438,0.9
100128,2025-10,0,0.06276183945866651,0.9
101810,2025-10,0,0.025079734753620554,0.1
100478,2025-12,0,0.024136327331961343,0.1
101661,2025-12,0,0.021258674788322805,0.3
100730,2025-12,0,0.06280631402065566,0.8
101407,2025-12,0,0.01642028654797143,0.3
100140,2025-12,0,0.01369275198341052,0.1
101144,2025-10,0,0.07706345949403141,0.7
101186,2025-12,0,0.04988642365571312,0.6
101295,2025-12,0,0.03724674228359381,0.4
101556,2025-12,0,0.0821584277196962,0.9
100952,2025-11,0,0.13790274584501208,0.9
101943,2025-10,0,0.033050118577959586,0.4
102083,2025-10,0,0.034848344779561516,0.1
101419,2025-10,1,0.13232759825127752,0.7
101201,2025-11,0,0.01180727599246743,0.2
100253,2025-11,0,0.18579505419154527,0.9
100257,2025-12,0,0.05662562066911033,0.8
101914,2025-10,0,0.10708798425003885,0.7
100504,2025-10,0,0.043109162053559184,0.4
100231,2025-10,0,0.045250080355491495,0.5
101092,2025-11,0,0.06532109184251864,0.8
100895,2025-12,0,0.030233523877305577,0.4
101603,2025-12,0,0.02219056017459407,0.4
100759,2025-10,0,0.0396526020723314,0.2
101701,2025-11,0,0.03881791926158728,0.3
101794,2025-12,1,0.023476556994302206,0.3
101486,2025-12,0,0.038142912956595894,0.5
102082,2025-10,1,0.1721155046035324,0.6
101648,2025-11,0,0.013111613768137756,0.3
102009,2025-10,0,0.124916665272353,0.6
101706,2025-10,0,0.014314206908643124,0.5
100956,2025-11,0,0.03439927961037163,0.3
100535,2025-12,0,0.06144113577543642,0.4
101960,2025-10,0,0.014762927368948641,0.4
100305,2025-10,0,0.020734347805862346,0.3
100782,2025-11,1,0.07098266538892549,0.5
101080,2025-11,0,0.10406641483963493,0.6
101304,2025-10,0,0.07951454397105029,0.6
100863,2025-10,0,0.026165595687713438,0.6
101997,2025-10,0,0.02201868988736775,0.4
100312,2025-11,0,0.009537446060477508,0.1
100546,2025-10,0,0.058194435206476776,0.7
100032,2025-12,0,0.17105592437368397,0.8
101871,2025-11,1,0.18067383402876463,1.0
101452,2025-10,0,0.004541425317503009,0.1
100910,2025-12,0,0.03525314522577769,0.9
101804,2025-11,0,0.19154116778310373,0.8
101086,2025-11,0,0.06070644136235482,0.8
101426,2025-11,0,0.019977934714168463,0.1
102084,2025-10,1,0.03460027663342751,0.3
100269,2025-12,0,0.04959306216759393,0.9
100952,2025-12,0,0.06436957679715084,0.9
100891,2025-10,1,0.054927432233280456,0.7
100344,2025-11,0,0.04148662094911601,0.3
102051,2025-10,1,0.24550759468069366,1.0
101648,2025-10,0,0.023675876772457097,0.3
101098,2025-12,0,0.034099903353355596,0.3
102076,2025-11,0,0.03053588810046035,0.2
100750,2025-12,0,0.044715620973011516,0.4
100726,2025-12,0,0.06636052355908188,0.7
100825,2025-12,0,0.030534579100244843,0.3
101714,2025-12,0,0.09719556161490289,0.7
101023,2025-12,0,0.06596950958547933,0.6
100059,2025-11,0,0.006197616790804093,0.2
100328,2025-10,0,0.16208786330490965,0.7
100190,2025-11,0,0.10071781279326245,0.5
100191,2025-10,0,0.023711416280437013,0.2
101729,2025-11,0,0.062488273891036505,0.5
100621,2025-10,0,0.014780723356762853,0.1
102097,2025-11,1,0.07482669040624536,0.3
101730,2025-10,1,0.04408337298394527,0.4
101652,2025-11,0,0.03445362136586478,0.3
100802,2025-10,0,0.04970603700769316,0.5
102006,2025-11,0,0.12688669367927366,0.7
101965,2025-10,1,0.5039094042904765,1.0
101793,2025-12,0,0.05302161900637788,0.7
100244,2025-11,0,0.022052210017969753,0.5
101926,2025-12,0,0.05390585566372934,0.2
100552,2025-10,0,0.020208256611821185,0.1
101019,2025-12,0,0.05298753023279441,0.7
100042,2025-10,0,0.02654941400491168,0.2
100573,2025-12,1,0.23483617275225696,0.8
101577,2025-10,0,0.06689937984417446,0.6
100116,2025-10,0,0.03778035417385661,0.3
100203,2025-10,0,0.11022669822728681,0.9
101979,2025-10,0,0.034363073451813546,0.6
101923,2025-12,0,0.014168319151886176,0.4
101985,2025-12,0,0.08291477637276422,0.4
101332,2025-12,0,0.20005676584627027,0.8
100734,2025-10,0,0.02642324714339646,0.6
101778,2025-11,0,0.01983521316671129,0.2
100517,2025-10,0,0.047958159901200344,0.5
100209,2025-11,0,0.030601446613506823,0.4
101036,2025-10,0,0.045081156716551496,0.7
101038,2025-11,0,0.04265370534524261,0.6
100292,2025-11,0,0.08197132193795763,0.9
100525,2025-10,0,0.014446901196793994,0.3
101235,2025-12,0,0.05388356745166433,0.4
100768,2025-10,1,0.18836359564896568,0.9
101252,2025-11,1,0.02760978463343729,0.6
100815,2025-10,0,0.1317587746281787,0.9
101409,2025-12,0,0.09682511541527658,0.8
101078,2025-10,0,0.15189983709707466,0.9
101088,2025-11,0,0.10535661361733416,0.7
100744,2025-10,1,0.1673253561529658,1.0
100871,2025-10,0,0.016053245276814093,0.3
100451,2025-11,0,0.006480971663145025,0.1
100690,2025-11,0,0.013843066741687837,0.1
101539,2025-12,0,0.017960282239004775,0.2
101765,2025-10,0,0.03592263008487138,0.1
100437,2025-12,0,0.00899591546388284,0.5
100148,2025-11,0,0.16707738105144407,1.0
100964,2025-10,0,0.017593145931761398,0.1
100953,2025-10,0,0.03062658238378209,0.1
101318,2025-12,0,0.039009795674645145,0.5
101529,2025-12,1,0.05542950828544281,0.9
100923,2025-11,0,0.05805280071814246,0.9
100694,2025-12,0,0.3399000230725621,1.0
100599,2025-10,0,0.028304571754364367,0.4
100061,2025-12,0,0.012466008407798025,0.2
100548,2025-12,0,0.07797183720203275,0.7
101079,2025-11,0,0.018748239932533186,0.2
101275,2025-11,0,0.02425102660755902,0.2
100665,2025-10,0,0.1084860858486607,1.0
100257,2025-10,0,0.07735375994544932,0.8
101492,2025-12,0,0.16678089290218387,0.7
101619,2025-12,0,0.08394287962203067,0.6
101340,2025-11,0,0.017202877184520522,0.1
101632,2025-10,0,0.020890975857654773,0.2
102031,2025-11,0,0.029405961861208117,0.4
100487,2025-11,0,0.2565434641362782,1.0
102053,2025-10,1,0.1570247192983887,1.0
101740,2025-10,0,0.03660633952744115,0.1
100728,2025-10,0,0.08070235839598726,0.7
100652,2025-11,0,0.012727274094041995,0.4
101870,2025-11,0,0.07381041093929538,0.9
100235,2025-11,0,0.02929781870178763,0.1
101109,2025-10,0,0.04139943263007119,0.4
100373,2025-10,0,0.012192849911081357,0.1
100874,2025-10,0,0.023814590612274946,0.5
100790,2025-10,0,0.05121586996194582,0.7
101281,2025-11,0,0.05999288166417219,0.4
100982,2025-11,0,0.037834740949605934,0.1
100644,2025-12,0,0.14650041296309457,1.0
100919,2025-10,0,0.077976293850651,1.0
100738,2025-12,0,0.0684314307151252,0.5
100686,2025-10,0,0.14357676427228883,1.0
100640,2025-11,0,0.05182205675327453,0.7
101474,2025-12,0,0.27447748054007753,0.9
102099,2025-10,0,0.07084368185691306,0.8
100641,2025-11,0,0.06351104980622342,0.5
101199,2025-11,0,0.0177890344424906,0.1
100056,2025-11,0,0.06514941628133132,1.0
101152,2025-11,1,0.16112276195501532,0.7
100142,2025-11,0,0.013011042917417523,0.3
101024,2025-11,0,0.055564982621888075,0.4
100250,2025-11,0,0.08025019119956978,0.7
101689,2025-11,0,0.031573361412911456,0.4
101450,2025-12,1,0.05006472681996765,0.3
100612,2025-11,0,0.026868780374433136,0.8
101422,2025-10,0,0.017025667951888167,0.2
100032,2025-11,0,0.13444675662203023,0.8
101587,2025-12,0,0.015469966531698666,0.1
100848,2025-12,0,0.1855923454121349,0.7
101770,2025-10,0,0.03243400319119302,0.3
101962,2025-12,0,0.022173922080335674,0.1
100742,2025-11,0,0.004864160730189301,0.1
101958,2025-12,0,0.030482336356193407,0.9
100080,2025-10,0,0.07774460988278717,0.5
100627,2025-11,1,0.2894914495080061,1.0
101322,2025-10,0,0.17114087690717636,0.9
101670,2025-11,0,0.16105034607829463,0.9
100440,2025-12,0,0.11716422298882624,0.6
100334,2025-12,1,0.27669259731485657,1.0
101970,2025-11,0,0.012812282577631813,0.3
100839,2025-10,0,0.08666145706925717,0.5
100018,2025-12,0,0.048206253382619815,0.5
101860,2025-10,0,0.09277975460931934,0.6
101619,2025-11,0,0.16539880962841486,0.6
102000,2025-10,0,0.013240088221245415,0.3
101756,2025-10,1,0.0681218620249159,0.9
100145,2025-10,0,0.06458140433696866,1.0
100502,2025-10,0,0.027679988991293418,0.5
100985,2025-12,0,0.2056821736308752,0.9
100281,2025-11,0,0.07362019007759343,0.3
100316,2025-10,0,0.03225324209349174,0.4
100648,2025-10,0,0.057724941350000926,0.4
100812,2025-12,0,0.023699725867861746,0.2
100638,2025-10,0,0.014428030814817383,0.3
101814,2025-10,0,0.006161894647053836,0.3
100356,2025-10,0,0.10658853181692018,0.8
101705,2025-11,0,0.02274352657382471,0.4
101248,2025-11,0,0.023509164470570738,0.5
101776,2025-11,0,0.33973680300199377,1.0
101690,2025-12,0,0.0840900034036169,1.0
100888,2025-12,0,0.04735284723362245,0.5
100270,2025-12,0,0.15883242645351953,0.7
101108,2025-12,0,0.020555963600765618,0.4
100510,2025-11,1,0.21293912651143812,0.9
100830,2025-11,0,0.030294285736385033,0.7
101579,2025-10,0,0.11629366663523613,0.7
101860,2025-11,0,0.05248562636326882,0.6
100659,2025-11,0,0.10818554437705573,0.5
101040,2025-10,0,0.04188168277037982,0.1
100979,2025-10,0,0.006000158836741106,0.2
100134,2025-11,0,0.03706317552429121,0.8
101925,2025-12,0,0.015412234832208244,0.4
100681,2025-11,0,0.06978482982007173,0.9
101410,2025-10,0,0.048234140253035906,0.9
100270,2025-10,1,0.1152259860370522,0.7
100358,2025-12,0,0.049546212792065336,0.7
101229,2025-10,0,0.12822496561095886,0.7
100049,2025-10,0,0.08069467609390768,0.3
101793,2025-11,1,0.12226361451191552,0.7
101033,2025-11,0,0.07420747056914084,0.5
101808,2025-11,0,0.12067019544505102,0.7
101438,2025-12,0,0.02499100869263245,0.5
101213,2025-12,0,0.004447482738178445,0.2
101386,2025-10,0,0.045914357154910775,0.6
100230,2025-12,0,0.10779504217259663,0.5
100090,2025-12,0,0.07364855572035879,0.6
100300,2025-12,0,0.13388771335729763,1.0
100637,2025-11,0,0.027994599885502593,0.6
100734,2025-12,0,0.03782510595061699,0.6
101701,2025-10,0,0.04510461485899615,0.3
101095,2025-10,0,0.02410553135785849,0.1
101518,2025-11,0,0.10696228677198164,0.5
101186,2025-10,1,0.16552675613079054,0.6
100539,2025-11,0,0.04858873465801669,0.7
100243,2025-12,0,0.15240103908370736,0.8
101001,2025-11,0,0.19345499354150753,0.9
101179,2025-11,0,0.22101102987621346,0.9
100115,2025-10,0,0.14257477541703664,1.0
100901,2025-10,0,0.23716727627361178,1.0
101085,2025-11,0,0.11940389354611264,0.4
100222,2025-12,0,0.041014595461792196,0.8
101129,2025-12,0,0.057719597005857555,0.4
101418,2025-10,0,0.03275732453427299,0.6
100810,2025-12,0,0.11303438243344485,0.6
100980,2025-10,0,0.008127781005601346,0.4
101204,2025-10,0,0.03020708236987483,0.6
101448,2025-12,1,0.420050941027676,1.0
101764,2025-12,0,0.05078451734778775,0.3
101586,2025-10,0,0.015745497229938454,0.3
101402,2025-10,0,0.017471766429900656,0.2
101182,2025-12,0,0.13616527269655412,0.8
100343,2025-10,0,0.033119004654850556,0.4
100691,2025-12,0,0.06466183128901817,0.2
101381,2025-10,0,0.03549588713245077,0.3
100216,2025-10,0,0.1346355978989372,1.0
101019,2025-11,0,0.16998117910013394,0.7
101137,2025-10,0,0.13309208714850168,0.9
101781,2025-12,0,0.010221179655496404,0.1
100697,2025-12,0,0.023821643529969003,0.3
101305,2025-11,0,0.040218287641131355,1.0
101158,2025-10,0,0.010365603159050411,0.2
100326,2025-10,0,0.027746939326718,0.4
100002,2025-11,1,0.20438188332377222,0.9
100382,2025-11,0,0.021770978015600545,0.5
101314,2025-11,0,0.10960501164312708,0.7
101820,2025-10,0,0.15264596275030087,0.8
101336,2025-12,0,0.17283575579091537,0.9
100698,2025-10,0,0.06394213491624963,1.0
100019,2025-10,0,0.032321689352859714,0.3
100680,2025-11,1,0.07348114277811639,0.4
101296,2025-12,0,0.11520140499651055,0.8
101817,2025-10,0,0.06067640935131352,0.8
100755,2025-10,0,0.055916632404318066,0.6
101112,2025-10,0,0.08414089068884867,0.6
101960,2025-11,0,0.02541333373213475,0.4
100614,2025-10,0,0.006858216953138522,0.2
101325,2025-11,0,0.08021749059503838,0.7
100796,2025-11,0,0.19249332542016534,0.9
101669,2025-12,0,0.03064148696400943,0.2
101896,2025-12,0,0.04237514744077062,0.5
101071,2025-10,0,0.13950696192691284,1.0
100393,2025-12,0,0.16198731488151463,0.9
100433,2025-12,0,0.07043448156144701,0.8
101165,2025-11,0,0.043478763902512804,0.5
100476,2025-11,0,0.01354104875383428,0.7
100065,2025-11,0,0.05346898240296069,0.4
100517,2025-11,0,0.04040703656227804,0.5
100628,2025-11,0,0.2073471115110235,0.7
100408,2025-10,0,0.025680468186827975,0.4
100610,2025-10,0,0.2657617408121371,1.0
100610,2025-12,1,0.3277750935904023,1.0
102081,2025-11,0,0.1626780982266505,1.0
101835,2025-10,0,0.009093372896056079,0.1
101848,2025-11,0,0.1372581256680847,0.5
