model,period,target,capacity,rows,selected,true_positives_selected,precision,recall,prevalence,lift
decile,2025-10,responded_strict,0.01,2021,21,5,0.23809523809523808,0.031446540880503145,0.07867392380009897,3.0263551961665165
decile,2025-10,responded_strict,0.02,2021,41,10,0.24390243902439024,0.06289308176100629,0.07867392380009897,3.1001687375364315
decile,2025-10,responded_strict,0.03,2021,61,16,0.26229508196721313,0.10062893081761007,0.07867392380009897,3.333951953809671
decile,2025-10,responded_strict,0.04,2021,81,20,0.24691358024691357,0.12578616352201258,0.07867392380009897,3.138442425654165
decile,2025-10,responded_strict,0.05,2021,102,25,0.24509803921568626,0.15723270440251572,0.07867392380009897,3.1153656431125905
decile,2025-10,responded_strict,0.06,2021,122,28,0.22950819672131148,0.1761006289308176,0.07867392380009897,2.917207959583462
decile,2025-10,responded_strict,0.07,2021,142,29,0.20422535211267606,0.18238993710691823,0.07867392380009897,2.5958455133315614
decile,2025-10,responded_strict,0.08,2021,162,32,0.19753086419753085,0.20125786163522014,0.07867392380009897,2.5107539405233323
decile,2025-10,responded_strict,0.09,2021,182,36,0.1978021978021978,0.22641509433962265,0.07867392380009897,2.5142027783537215
decile,2025-10,responded_strict,0.1,2021,203,42,0.20689655172413793,0.2641509433962264,0.07867392380009897,2.629798308392973
decile,2025-10,responded_strict,0.11,2021,223,47,0.21076233183856502,0.29559748427672955,0.07867392380009897,2.6789350480864145
decile,2025-10,responded_strict,0.12,2021,243,53,0.21810699588477367,0.3333333333333333,0.07867392380009897,2.7722908093278464
decile,2025-10,responded_strict,0.13,2021,263,55,0.20912547528517111,0.34591194968553457,0.07867392380009897,2.6581294688762944
decile,2025-10,responded_strict,0.14,2021,283,57,0.20141342756183744,0.3584905660377358,0.07867392380009897,2.5601040069337953
decile,2025-10,responded_strict,0.15,2021,304,58,0.19078947368421054,0.36477987421383645,0.07867392380009897,2.4250662032439587
decile,2025-10,responded_strict,0.16,2021,324,58,0.17901234567901234,0.36477987421383645,0.07867392380009897,2.2753707585992697
decile,2025-10,responded_strict,0.17,2021,344,61,0.17732558139534885,0.3836477987421384,0.07867392380009897,2.2539308176100628
decile,2025-10,responded_strict,0.18,2021,364,61,0.16758241758241757,0.3836477987421384,0.07867392380009897,2.130088464994125
decile,2025-10,responded_strict,0.19,2021,384,63,0.1640625,0.39622641509433965,0.07867392380009897,2.0853478773584904
decile,2025-10,responded_strict,0.2,2021,405,63,0.15555555555555556,0.39622641509433965,0.07867392380009897,1.9772187281621243
decile,2025-10,responded_strict,0.21,2021,425,67,0.15764705882352942,0.42138364779874216,0.07867392380009897,2.0038031816500186
decile,2025-10,responded_strict,0.22,2021,445,69,0.1550561797752809,0.4339622641509434,0.07867392380009897,1.970871316514734
decile,2025-10,responded_strict,0.23,2021,465,72,0.15483870967741936,0.4528301886792453,0.07867392380009897,1.9681071211199026
decile,2025-10,responded_strict,0.24,2021,486,73,0.15020576131687244,0.4591194968553459,0.07867392380009897,1.9092191422729508
decile,2025-10,responded_strict,0.25,2021,506,81,0.1600790513833992,0.5094339622641509,0.07867392380009897,2.0347154895965396
decile,2025-10,responded_strict,0.26,2021,526,84,0.1596958174904943,0.5283018867924528,0.07867392380009897,2.029844321687352
decile,2025-10,responded_strict,0.27,2021,546,86,0.1575091575091575,0.5408805031446541,0.07867392380009897,2.0020503605409266
decile,2025-10,responded_strict,0.28,2021,566,88,0.15547703180212014,0.5534591194968553,0.07867392380009897,1.9762206369313509
decile,2025-10,responded_strict,0.29,2021,587,89,0.151618398637138,0.559748427672956,0.07867392380009897,1.9271747399097854
decile,2025-10,responded_strict,0.3,2021,607,91,0.14991762767710048,0.5723270440251572,0.07867392380009897,1.905556764373711
decile,2025-10,responded_strict,0.31,2021,627,92,0.1467304625199362,0.5786163522012578,0.07867392380009897,1.8650456902691261
decile,2025-10,responded_strict,0.32,2021,647,93,0.1437403400309119,0.5849056603773585,0.07867392380009897,1.8270391647954274
decile,2025-10,responded_strict,0.33,2021,667,95,0.1424287856071964,0.5974842767295597,0.07867392380009897,1.8103684007053076
decile,2025-10,responded_strict,0.34,2021,688,100,0.14534883720930233,0.6289308176100629,0.07867392380009897,1.8474842767295598
decile,2025-10,responded_strict,0.35,2021,708,102,0.1440677966101695,0.6415094339622641,0.07867392380009897,1.8312013644600789
decile,2025-10,responded_strict,0.36,2021,728,104,0.14285714285714285,0.6540880503144654,0.07867392380009897,1.81581311769991
decile,2025-10,responded_strict,0.37,2021,748,106,0.14171122994652408,0.6666666666666666,0.07867392380009897,1.8012477718360071
decile,2025-10,responded_strict,0.38,2021,768,108,0.140625,0.6792452830188679,0.07867392380009897,1.787441037735849
decile,2025-10,responded_strict,0.39,2021,789,109,0.13814955640050697,0.6855345911949685,0.07867392380009897,1.7559764370152489
decile,2025-10,responded_strict,0.4,2021,809,110,0.13597033374536466,0.6918238993710691,0.07867392380009897,1.7282770094300752
decile,2025-10,responded_strict,0.41,2021,829,111,0.1338962605548854,0.6981132075471698,0.07867392380009897,1.7019141042856816
decile,2025-10,responded_strict,0.42,2021,849,114,0.13427561837455831,0.7169811320754716,0.07867392380009897,1.7067360046225304
decile,2025-10,responded_strict,0.43,2021,870,116,0.13333333333333333,0.7295597484276729,0.07867392380009897,1.6947589098532494
decile,2025-10,responded_strict,0.44,2021,890,116,0.1303370786516854,0.7295597484276729,0.07867392380009897,1.6566744399689066
decile,2025-10,responded_strict,0.45,2021,910,117,0.12857142857142856,0.7358490566037735,0.07867392380009897,1.6342318059299188
decile,2025-10,responded_strict,0.46,2021,930,122,0.13118279569892474,0.7672955974842768,0.07867392380009897,1.667424088726584
decile,2025-10,responded_strict,0.47,2021,950,123,0.12947368421052632,0.7735849056603774,0.07867392380009897,1.645700099304866
decile,2025-10,responded_strict,0.48,2021,971,125,0.12873326467559218,0.7861635220125787,0.07867392380009897,1.6362888547759231
decile,2025-10,responded_strict,0.49,2021,991,128,0.12916246215943492,0.8050314465408805,0.07867392380009897,1.6417442517246412
decile,2025-10,responded_strict,0.5,2021,1011,131,0.12957467853610286,0.8238993710691824,0.07867392380009897,1.6469838070532319
decile,2025-10,responded_strict,0.51,2021,1031,133,0.12900096993210475,0.8364779874213837,0.07867392380009897,1.6396915737910922
decile,2025-10,responded_strict,0.52,2021,1051,134,0.12749762131303521,0.8427672955974843,0.07867392380009897,1.6205829727902148
decile,2025-10,responded_strict,0.53,2021,1072,134,0.125,0.8427672955974843,0.07867392380009897,1.5888364779874213
decile,2025-10,responded_strict,0.54,2021,1092,135,0.12362637362637363,0.8490566037735849,0.07867392380009897,1.571376736471076
decile,2025-10,responded_strict,0.55,2021,1112,136,0.1223021582733813,0.8553459119496856,0.07867392380009897,1.5545450432107144
decile,2025-10,responded_strict,0.56,2021,1132,136,0.12014134275618374,0.8553459119496856,0.07867392380009897,1.5270795830833164
decile,2025-10,responded_strict,0.57,2021,1152,140,0.12152777777777778,0.8805031446540881,0.07867392380009897,1.5447021313766596
decile,2025-10,responded_strict,0.58,2021,1173,141,0.12020460358056266,0.8867924528301887,0.07867392380009897,1.5278836719265227
decile,2025-10,responded_strict,0.59,2021,1193,143,0.11986588432523052,0.89937106918239,0.07867392380009897,1.5235783158571752
decile,2025-10,responded_strict,0.6,2021,1213,145,0.11953833470733718,0.9119496855345912,0.07867392380009897,1.519414933607097
decile,2025-10,responded_strict,0.61,2021,1233,145,0.11759935117599352,0.9119496855345912,0.07867392380009897,1.4947691114885715
decile,2025-10,responded_strict,0.62,2021,1254,147,0.11722488038277512,0.9245283018867925,0.07867392380009897,1.4900093286389213
decile,2025-10,responded_strict,0.63,2021,1274,147,0.11538461538461539,0.9245283018867925,0.07867392380009897,1.4666182873730043
decile,2025-10,responded_strict,0.64,2021,1294,148,0.1143740340030912,0.9308176100628931,0.07867392380009897,1.4537730988694797
decile,2025-10,responded_strict,0.65,2021,1314,149,0.11339421613394216,0.9371069182389937,0.07867392380009897,1.4413189358911767
decile,2025-10,responded_strict,0.66,2021,1334,149,0.11169415292353824,0.9371069182389937,0.07867392380009897,1.4197099563425835
decile,2025-10,responded_strict,0.67,2021,1355,149,0.1099630996309963,0.9371069182389937,0.07867392380009897,1.3977070714103366
decile,2025-10,responded_strict,0.68,2021,1375,149,0.10836363636363637,0.9371069182389937,0.07867392380009897,1.3773767867352773
decile,2025-10,responded_strict,0.69,2021,1395,150,0.10752688172043011,0.9433962264150944,0.07867392380009897,1.3667410563332656
decile,2025-10,responded_strict,0.7,2021,1415,150,0.10600706713780919,0.9433962264150944,0.07867392380009897,1.3474231615441028
decile,2025-10,responded_strict,0.71,2021,1435,150,0.10452961672473868,0.9433962264150944,0.07867392380009897,1.3286437446584707
decile,2025-10,responded_strict,0.72,2021,1456,150,0.10302197802197802,0.9433962264150944,0.07867392380009897,1.3094806137258965
decile,2025-10,responded_strict,0.73,2021,1476,150,0.1016260162601626,0.9433962264150944,0.07867392380009897,1.2917369739735132
decile,2025-10,responded_strict,0.74,2021,1496,150,0.10026737967914438,0.9433962264150944,0.07867392380009897,1.2744677630915144
decile,2025-10,responded_strict,0.75,2021,1516,152,0.10026385224274406,0.9559748427672956,0.07867392380009897,1.2744229269345015
decile,2025-10,responded_strict,0.76,2021,1536,153,0.099609375,0.9622641509433962,0.07867392380009897,1.2661040683962264
decile,2025-10,responded_strict,0.77,2021,1557,153,0.09826589595375723,0.9622641509433962,0.07867392380009897,1.2490275202675682
decile,2025-10,responded_strict,0.78,2021,1577,153,0.09701965757767914,0.9622641509433962,0.07867392380009897,1.2331869683301229
decile,2025-10,responded_strict,0.79,2021,1597,154,0.09643080776455855,0.9685534591194969,0.07867392380009897,1.2257022798249864
decile,2025-10,responded_strict,0.8,2021,1617,154,0.09523809523809523,0.9685534591194969,0.07867392380009897,1.2105420784666066
decile,2025-10,responded_strict,0.81,2021,1638,154,0.09401709401709402,0.9685534591194969,0.07867392380009897,1.1950223082298552
decile,2025-10,responded_strict,0.82,2021,1658,157,0.09469240048250904,0.9874213836477987,0.07867392380009897,1.2036059205984324
decile,2025-10,responded_strict,0.83,2021,1678,157,0.0935637663885578,0.9874213836477987,0.07867392380009897,1.1892602004482724
decile,2025-10,responded_strict,0.84,2021,1698,157,0.09246171967020024,0.9874213836477987,0.07867392380009897,1.1752524242356899
decile,2025-10,responded_strict,0.85,2021,1718,157,0.09138533178114086,0.9874213836477987,0.07867392380009897,1.1615707894948784
decile,2025-10,responded_strict,0.86,2021,1739,157,0.09028177113283496,0.9874213836477987,0.07867392380009897,1.1475437701852795
decile,2025-10,responded_strict,0.87,2021,1759,157,0.08925525866969869,0.9874213836477987,0.07867392380009897,1.1344960866129625
decile,2025-10,responded_strict,0.88,2021,1779,157,0.08825182686902755,0.9874213836477987,0.07867392380009897,1.1217417742283313
decile,2025-10,responded_strict,0.89,2021,1799,157,0.08727070594774874,0.9874213836477987,0.07867392380009897,1.109271048555976
decile,2025-10,responded_strict,0.9,2021,1819,158,0.0868609125893348,0.9937106918238994,0.07867392380009897,1.1040622914656957
decile,2025-10,responded_strict,0.91,2021,1840,158,0.08586956521739131,0.9937106918238994,0.07867392380009897,1.0914615805304895
decile,2025-10,responded_strict,0.92,2021,1860,158,0.08494623655913978,0.9937106918238994,0.07867392380009897,1.0797254345032798
decile,2025-10,responded_strict,0.93,2021,1880,158,0.08404255319148936,0.9937106918238994,0.07867392380009897,1.0682389937106918
decile,2025-10,responded_strict,0.94,2021,1900,158,0.08315789473684211,0.9937106918238994,0.07867392380009897,1.0569943727242634
decile,2025-10,responded_strict,0.95,2021,1920,158,0.08229166666666667,0.9937106918238994,0.07867392380009897,1.0459840146750523
decile,2025-10,responded_strict,0.96,2021,1941,158,0.08140133951571354,0.9937106918238994,0.07867392380009897,1.034667340636837
decile,2025-10,responded_strict,0.97,2021,1961,158,0.08057113717491075,0.9937106918238994,0.07867392380009897,1.0241148945314127
decile,2025-10,responded_strict,0.98,2021,1981,159,0.08026249369005553,1.0,0.07867392380009897,1.0201918223119637
decile,2025-10,responded_strict,0.99,2021,2001,159,0.07946026986506746,1.0,0.07867392380009897,1.0099950024987505
decile,2025-10,responded_strict,1.0,2021,2021,159,0.07867392380009897,1.0,0.07867392380009897,1.0
decile,2025-11,responded_strict,0.01,2017,21,1,0.047619047619047616,0.006329113924050633,0.07833415964303421,0.6078963230861965
decile,2025-11,responded_strict,0.02,2017,41,3,0.07317073170731707,0.0189873417721519,0.07833415964303421,0.934084594010497
decile,2025-11,responded_strict,0.03,2017,61,5,0.08196721311475409,0.03164556962025317,0.07833415964303421,1.046378916787715
decile,2025-11,responded_strict,0.04,2017,81,9,0.1111111111111111,0.056962025316455694,0.07833415964303421,1.4184247538677917
decile,2025-11,responded_strict,0.05,2017,101,10,0.09900990099009901,0.06329113924050633,0.07833415964303421,1.2639428499812007
decile,2025-11,responded_strict,0.06,2017,122,12,0.09836065573770492,0.0759493670886076,0.07833415964303421,1.2556547001452583
decile,2025-11,responded_strict,0.07,2017,142,14,0.09859154929577464,0.08860759493670886,0.07833415964303421,1.2586022463897306
decile,2025-11,responded_strict,0.08,2017,162,21,0.12962962962962962,0.13291139240506328,0.07833415964303421,1.6548288795124237
decile,2025-11,responded_strict,0.09,2017,182,28,0.15384615384615385,0.17721518987341772,0.07833415964303421,1.9639727361246349
decile,2025-11,responded_strict,0.1,2017,202,30,0.1485148514851485,0.189873417721519,0.07833415964303421,1.895914274971801
decile,2025-11,responded_strict,0.11,2017,222,35,0.15765765765765766,0.22151898734177214,0.07833415964303421,2.012629718325921
decile,2025-11,responded_strict,0.12,2017,243,38,0.15637860082304528,0.24050632911392406,0.07833415964303421,1.996301505443559
decile,2025-11,responded_strict,0.13,2017,263,40,0.1520912547528517,0.25316455696202533,0.07833415964303421,1.9415700052943157
decile,2025-11,responded_strict,0.14,2017,283,43,0.1519434628975265,0.2721518987341772,0.07833415964303421,1.9396833206601958
decile,2025-11,responded_strict,0.15,2017,303,49,0.1617161716171617,0.310126582278481,0.07833415964303421,2.0644399883026274
decile,2025-11,responded_strict,0.16,2017,323,52,0.1609907120743034,0.3291139240506329,0.07833415964303421,2.055178900340949
decile,2025-11,responded_strict,0.17,2017,343,54,0.15743440233236153,0.34177215189873417,0.07833415964303421,2.0097796804074255
decile,2025-11,responded_strict,0.18,2017,364,55,0.1510989010989011,0.34810126582278483,0.07833415964303421,1.9289017944081235
decile,2025-11,responded_strict,0.19,2017,384,57,0.1484375,0.36075949367088606,0.07833415964303421,1.8949268196202531
decile,2025-11,responded_strict,0.2,2017,404,59,0.14603960396039603,0.37341772151898733,0.07833415964303421,1.8643157037222708
decile,2025-11,responded_strict,0.21,2017,424,64,0.1509433962264151,0.4050632911392405,0.07833415964303421,1.9269166467637926
decile,2025-11,responded_strict,0.22,2017,444,69,0.1554054054054054,0.43670886075949367,0.07833415964303421,1.983877865206979
decile,2025-11,responded_strict,0.23,2017,464,70,0.15086206896551724,0.4430379746835443,0.07833415964303421,1.9258784373635967
decile,2025-11,responded_strict,0.24,2017,485,72,0.14845360824742268,0.45569620253164556,0.07833415964303421,1.895132454652225
decile,2025-11,responded_strict,0.25,2017,505,74,0.14653465346534653,0.46835443037974683,0.07833415964303421,1.870635417972177
decile,2025-11,responded_strict,0.26,2017,525,79,0.15047619047619049,0.5,0.07833415964303421,1.920952380952381
decile,2025-11,responded_strict,0.27,2017,545,81,0.14862385321100918,0.5126582278481012,0.07833415964303421,1.8973057716873767
decile,2025-11,responded_strict,0.28,2017,565,83,0.14690265486725665,0.5253164556962026,0.07833415964303421,1.8753332586535232
decile,2025-11,responded_strict,0.29,2017,585,86,0.147008547008547,0.5443037974683544,0.07833415964303421,1.87668505896354
decile,2025-11,responded_strict,0.3,2017,606,87,0.14356435643564355,0.5506329113924051,0.07833415964303421,1.8327171324727407
decile,2025-11,responded_strict,0.31,2017,626,87,0.1389776357827476,0.5506329113924051,0.07833415964303421,1.7741638694544426
decile,2025-11,responded_strict,0.32,2017,646,87,0.1346749226006192,0.5506329113924051,0.07833415964303421,1.7192361954775248
decile,2025-11,responded_strict,0.33,2017,666,88,0.13213213213213212,0.5569620253164557,0.07833415964303421,1.6867753829779144
decile,2025-11,responded_strict,0.34,2017,686,90,0.13119533527696792,0.569620253164557,0.07833415964303421,1.6748164003395207
decile,2025-11,responded_strict,0.35,2017,706,92,0.13031161473087818,0.5822784810126582,0.07833415964303421,1.6635349804568436
decile,2025-11,responded_strict,0.36,2017,727,94,0.12929848693259974,0.5949367088607594,0.07833415964303421,1.650601570525656
decile,2025-11,responded_strict,0.37,2017,747,96,0.1285140562248996,0.6075949367088608,0.07833415964303421,1.6405876671241928
decile,2025-11,responded_strict,0.38,2017,767,99,0.1290743155149935,0.6265822784810127,0.07833415964303421,1.6477398379350752
decile,2025-11,responded_strict,0.39,2017,787,100,0.12706480304955528,0.6329113924050633,0.07833415964303421,1.622086757917424
decile,2025-11,responded_strict,0.4,2017,807,102,0.12639405204460966,0.6455696202531646,0.07833415964303421,1.6135240694555548
decile,2025-11,responded_strict,0.41,2017,827,103,0.12454655380894801,0.6518987341772152,0.07833415964303421,1.589939234383849
decile,2025-11,responded_strict,0.42,2017,848,107,0.12617924528301888,0.6772151898734177,0.07833415964303421,1.6107818844041082
decile,2025-11,responded_strict,0.43,2017,868,109,0.12557603686635946,0.689873417721519,0.07833415964303421,1.603081432654728
decile,2025-11,responded_strict,0.44,2017,888,112,0.12612612612612611,0.7088607594936709,0.07833415964303421,1.6101037746607365
decile,2025-11,responded_strict,0.45,2017,908,112,0.12334801762114538,0.7088607594936709,0.07833415964303421,1.5746389338091786
decile,2025-11,responded_strict,0.46,2017,928,114,0.12284482758620689,0.7215189873417721,0.07833415964303421,1.5682152989960716
decile,2025-11,responded_strict,0.47,2017,948,115,0.12130801687763713,0.7278481012658228,0.07833415964303421,1.5485966458366716
decile,2025-11,responded_strict,0.48,2017,969,115,0.11867905056759546,0.7278481012658228,0.07833415964303421,1.5150357278154434
decile,2025-11,responded_strict,0.49,2017,989,116,0.1172901921132457,0.7341772151898734,0.07833415964303421,1.497305806914029
decile,2025-11,responded_strict,0.5,2017,1009,118,0.11694747274529237,0.7468354430379747,0.07833415964303421,1.4929307121978146
decile,2025-11,responded_strict,0.51,2017,1029,121,0.11758989310009718,0.7658227848101266,0.07833415964303421,1.5011317366006076
decile,2025-11,responded_strict,0.52,2017,1049,122,0.11630123927550047,0.7721518987341772,0.07833415964303421,1.4846810102448382
decile,2025-11,responded_strict,0.53,2017,1070,122,0.11401869158878504,0.7721518987341772,0.07833415964303421,1.4555424109783508
decile,2025-11,responded_strict,0.54,2017,1090,125,0.11467889908256881,0.7911392405063291,0.07833415964303421,1.4639705028451981
decile,2025-11,responded_strict,0.55,2017,1110,125,0.11261261261261261,0.7911392405063291,0.07833415964303421,1.4375926559470864
decile,2025-11,responded_strict,0.56,2017,1130,126,0.11150442477876106,0.7974683544303798,0.07833415964303421,1.4234457264478548
decile,2025-11,responded_strict,0.57,2017,1150,126,0.10956521739130434,0.7974683544303798,0.07833415964303421,1.3986901485965877
decile,2025-11,responded_strict,0.58,2017,1170,126,0.1076923076923077,0.7974683544303798,0.07833415964303421,1.3747809152872446
decile,2025-11,responded_strict,0.59,2017,1191,126,0.10579345088161209,0.7974683544303798,0.07833415964303421,1.3505404457481744
decile,2025-11,responded_strict,0.6,2017,1211,129,0.10652353426919901,0.8164556962025317,0.07833415964303421,1.3598605608922432
decile,2025-11,responded_strict,0.61,2017,1231,129,0.10479285134037368,0.8164556962025317,0.07833415964303421,1.3377669693261627
decile,2025-11,responded_strict,0.62,2017,1251,129,0.10311750599520383,0.8164556962025317,0.07833415964303421,1.316379807546368
decile,2025-11,responded_strict,0.63,2017,1271,129,0.10149488591660111,0.8164556962025317,0.07833415964303421,1.295665727175851
decile,2025-11,responded_strict,0.64,2017,1291,131,0.10147172734314484,0.8291139240506329,0.07833415964303421,1.2953700889311592
decile,2025-11,responded_strict,0.65,2017,1312,133,0.1013719512195122,0.8417721518987342,0.07833415964303421,1.2940963646187096
decile,2025-11,responded_strict,0.66,2017,1332,134,0.1006006006006006,0.8481012658227848,0.07833415964303421,1.2842494393127304
decile,2025-11,responded_strict,0.67,2017,1352,134,0.09911242603550297,0.8481012658227848,0.07833415964303421,1.265251666541832
decile,2025-11,responded_strict,0.68,2017,1372,134,0.09766763848396501,0.8481012658227848,0.07833415964303421,1.246807764697199
decile,2025-11,responded_strict,0.69,2017,1392,134,0.09626436781609195,0.8481012658227848,0.07833415964303421,1.2288938600320092
decile,2025-11,responded_strict,0.7,2017,1412,135,0.09560906515580736,0.8544303797468354,0.07833415964303421,1.2205283824004016
decile,2025-11,responded_strict,0.71,2017,1433,138,0.09630146545708304,0.8734177215189873,0.07833415964303421,1.229367441942636
decile,2025-11,responded_strict,0.72,2017,1453,140,0.09635237439779766,0.8860759493670886,0.07833415964303421,1.2300173364579612
decile,2025-11,responded_strict,0.73,2017,1473,141,0.09572301425661914,0.8924050632911392,0.07833415964303421,1.2219830364278532
decile,2025-11,responded_strict,0.74,2017,1493,142,0.09511051574012057,0.8987341772151899,0.07833415964303421,1.2141639889102733
decile,2025-11,responded_strict,0.75,2017,1513,142,0.09385327164573695,0.8987341772151899,0.07833415964303421,1.198114233604123
decile,2025-11,responded_strict,0.76,2017,1533,142,0.09262883235485975,0.8987341772151899,0.07833415964303421,1.182483258606026
decile,2025-11,responded_strict,0.77,2017,1554,142,0.09137709137709138,0.8987341772151899,0.07833415964303421,1.1665037551113502
decile,2025-11,responded_strict,0.78,2017,1574,145,0.09212198221092757,0.9177215189873418,0.07833415964303421,1.1760128994901324
decile,2025-11,responded_strict,0.79,2017,1594,148,0.09284818067754078,0.9367088607594937,0.07833415964303421,1.1852834204215175
decile,2025-11,responded_strict,0.8,2017,1614,149,0.09231722428748451,0.9430379746835443,0.07833415964303421,1.1785053252395965
decile,2025-11,responded_strict,0.81,2017,1634,150,0.09179926560587515,0.9493670886075949,0.07833415964303421,1.1718931565003174
decile,2025-11,responded_strict,0.82,2017,1654,150,0.09068923821039904,0.9493670886075949,0.07833415964303421,1.1577227434833852
decile,2025-11,responded_strict,0.83,2017,1675,150,0.08955223880597014,0.9493670886075949,0.07833415964303421,1.1432080105800113
decile,2025-11,responded_strict,0.84,2017,1695,151,0.08908554572271386,0.9556962025316456,0.07833415964303421,1.1372502893842649
decile,2025-11,responded_strict,0.85,2017,1715,151,0.0880466472303207,0.9556962025316456,0.07833415964303421,1.1239878953389675
decile,2025-11,responded_strict,0.86,2017,1735,151,0.08703170028818444,0.9556962025316456,0.07833415964303421,1.111031262539671
decile,2025-11,responded_strict,0.87,2017,1755,152,0.08660968660968661,0.9620253164556962,0.07833415964303421,1.1056439107072018
decile,2025-11,responded_strict,0.88,2017,1775,153,0.08619718309859155,0.9683544303797469,0.07833415964303421,1.1003779639864504
decile,2025-11,responded_strict,0.89,2017,1796,153,0.08518930957683742,0.9683544303797469,0.07833415964303421,1.0875116292182345
decile,2025-11,responded_strict,0.9,2017,1816,154,0.08480176211453745,0.9746835443037974,0.07833415964303421,1.0825642669938105
decile,2025-11,responded_strict,0.91,2017,1836,154,0.08387799564270153,0.9746835443037974,0.07833415964303421,1.0707716279198036
decile,2025-11,responded_strict,0.92,2017,1856,155,0.08351293103448276,0.9810126582278481,0.07833415964303421,1.0661112778262767
decile,2025-11,responded_strict,0.93,2017,1876,155,0.0826226012793177,0.9810126582278481,0.07833415964303421,1.0547454859517962
decile,2025-11,responded_strict,0.94,2017,1896,155,0.08175105485232068,0.9810126582278481,0.07833415964303421,1.0436194787160178
decile,2025-11,responded_strict,0.95,2017,1917,155,0.08085550339071466,0.9810126582278481,0.07833415964303421,1.0321870274624776
decile,2025-11,responded_strict,0.96,2017,1937,156,0.08053691275167785,0.9873417721518988,0.07833415964303421,1.0281199558236342
decile,2025-11,responded_strict,0.97,2017,1957,157,0.0802248339294839,0.9936708860759493,0.07833415964303421,1.0241360128846142
decile,2025-11,responded_strict,0.98,2017,1977,157,0.07941325240263025,0.9936708860759493,0.07833415964303421,1.0137755069373748
decile,2025-11,responded_strict,0.99,2017,1997,158,0.07911867801702553,1.0,0.07833415964303421,1.0100150225338007
decile,2025-11,responded_strict,1.0,2017,2017,158,0.07833415964303421,1.0,0.07833415964303421,1.0
decile,2025-12,responded_strict,0.01,2022,21,6,0.2857142857142857,0.04195804195804196,0.07072205736894165,4.0399600399600395
decile,2025-12,responded_strict,0.02,2022,41,10,0.24390243902439024,0.06993006993006994,0.07072205736894165,3.448746375575644
decile,2025-12,responded_strict,0.03,2022,61,10,0.16393442622950818,0.06993006993006994,0.07072205736894165,2.3180098589934652
decile,2025-12,responded_strict,0.04,2022,81,13,0.16049382716049382,0.09090909090909091,0.07072205736894165,2.269360269360269
decile,2025-12,responded_strict,0.05,2022,102,20,0.19607843137254902,0.13986013986013987,0.07072205736894165,2.7725215960510075
decile,2025-12,responded_strict,0.06,2022,122,22,0.18032786885245902,0.15384615384615385,0.07072205736894165,2.549810844892812
decile,2025-12,responded_strict,0.07,2022,142,27,0.19014084507042253,0.1888111888111888,0.07072205736894165,2.6885649561705898
decile,2025-12,responded_strict,0.08,2022,162,29,0.17901234567901234,0.20279720279720279,0.07072205736894165,2.531209531209531
decile,2025-12,responded_strict,0.09,2022,182,34,0.18681318681318682,0.23776223776223776,0.07072205736894165,2.641512333820026
decile,2025-12,responded_strict,0.1,2022,203,37,0.18226600985221675,0.25874125874125875,0.07072205736894165,2.577215887560715
decile,2025-12,responded_strict,0.11,2022,223,39,0.17488789237668162,0.2727272727272727,0.07072205736894165,2.47289033836119
decile,2025-12,responded_strict,0.12,2022,243,40,0.1646090534979424,0.27972027972027974,0.07072205736894165,2.3275489942156606
decile,2025-12,responded_strict,0.13,2022,263,44,0.16730038022813687,0.3076923076923077,0.07072205736894165,2.365603977771278
decile,2025-12,responded_strict,0.14,2022,284,45,0.15845070422535212,0.3146853146853147,0.07072205736894165,2.240470796808825
decile,2025-12,responded_strict,0.15,2022,304,50,0.16447368421052633,0.34965034965034963,0.07072205736894165,2.325634891424365
decile,2025-12,responded_strict,0.16,2022,324,50,0.15432098765432098,0.34965034965034963,0.07072205736894165,2.182077182077182
decile,2025-12,responded_strict,0.17,2022,344,54,0.1569767441860465,0.3776223776223776,0.07072205736894165,2.219629208001301
decile,2025-12,responded_strict,0.18,2022,364,57,0.1565934065934066,0.3986013986013986,0.07072205736894165,2.214208868055022
decile,2025-12,responded_strict,0.19,2022,385,61,0.15844155844155844,0.42657342657342656,0.07072205736894165,2.240341476705113
decile,2025-12,responded_strict,0.2,2022,405,66,0.16296296296296298,0.46153846153846156,0.07072205736894165,2.3042735042735045
decile,2025-12,responded_strict,0.21,2022,425,70,0.16470588235294117,0.48951048951048953,0.07072205736894165,2.3289181406828465
decile,2025-12,responded_strict,0.22,2022,445,70,0.15730337078651685,0.48951048951048953,0.07072205736894165,2.2242476624499092
decile,2025-12,responded_strict,0.23,2022,466,72,0.15450643776824036,0.5034965034965035,0.07072205736894165,2.184699420750923
decile,2025-12,responded_strict,0.24,2022,486,73,0.15020576131687244,0.5104895104895105,0.07072205736894165,2.1238884572217906
decile,2025-12,responded_strict,0.25,2022,506,75,0.1482213438735178,0.5244755244755245,0.07072205736894165,2.095829072113657
decile,2025-12,responded_strict,0.26,2022,526,78,0.1482889733840304,0.5454545454545454,0.07072205736894165,2.096785343933633
decile,2025-12,responded_strict,0.27,2022,546,81,0.14835164835164835,0.5664335664335665,0.07072205736894165,2.0976715592100206
decile,2025-12,responded_strict,0.28,2022,567,83,0.14638447971781304,0.5804195804195804,0.07072205736894165,2.0698560698560695
decile,2025-12,responded_strict,0.29,2022,587,86,0.1465076660988075,0.6013986013986014,0.07072205736894165,2.071597908054467
decile,2025-12,responded_strict,0.3,2022,607,87,0.14332784184514002,0.6083916083916084,0.07072205736894165,2.0266356378382735
decile,2025-12,responded_strict,0.31,2022,627,89,0.1419457735247209,0.6223776223776224,0.07072205736894165,2.0070933850838157
decile,2025-12,responded_strict,0.32,2022,648,90,0.1388888888888889,0.6293706293706294,0.07072205736894165,1.9638694638694638
decile,2025-12,responded_strict,0.33,2022,668,91,0.13622754491017963,0.6363636363636364,0.07072205736894165,1.9262384322264559
decile,2025-12,responded_strict,0.34,2022,688,92,0.13372093023255813,0.6433566433566433,0.07072205736894165,1.8907952512603672
decile,2025-12,responded_strict,0.35,2022,708,93,0.13135593220338984,0.6503496503496503,0.07072205736894165,1.8573545098968829
decile,2025-12,responded_strict,0.36,2022,728,95,0.1304945054945055,0.6643356643356644,0.07072205736894165,1.8451740567125183
decile,2025-12,responded_strict,0.37,2022,749,95,0.1268357810413885,0.6643356643356644,0.07072205736894165,1.7934402046551576
decile,2025-12,responded_strict,0.38,2022,769,98,0.12743823146944083,0.6853146853146853,0.07072205736894165,1.8019587694490165
decile,2025-12,responded_strict,0.39,2022,789,99,0.12547528517110265,0.6923076923076923,0.07072205736894165,1.7742029833284583
decile,2025-12,responded_strict,0.4,2022,809,100,0.12360939431396786,0.6993006993006993,0.07072205736894165,1.7478195475723286
decile,2025-12,responded_strict,0.41,2022,830,102,0.12289156626506025,0.7132867132867133,0.07072205736894165,1.7376695593563063
decile,2025-12,responded_strict,0.42,2022,850,105,0.12352941176470589,0.7342657342657343,0.07072205736894165,1.746688605512135
decile,2025-12,responded_strict,0.43,2022,870,106,0.12183908045977011,0.7412587412587412,0.07072205736894165,1.7227875572703157
decile,2025-12,responded_strict,0.44,2022,890,106,0.11910112359550562,0.7412587412587412,0.07072205736894165,1.6840732301406458
decile,2025-12,responded_strict,0.45,2022,910,108,0.11868131868131868,0.7552447552447552,0.07072205736894165,1.6781372473680165
decile,2025-12,responded_strict,0.46,2022,931,110,0.11815252416756176,0.7692307692307693,0.07072205736894165,1.6706601669007684
decile,2025-12,responded_strict,0.47,2022,951,110,0.1156677181913775,0.7692307692307693,0.07072205736894165,1.6355253579228342
decile,2025-12,responded_strict,0.48,2022,971,110,0.11328527291452112,0.7692307692307693,0.07072205736894165,1.6018379149172146
decile,2025-12,responded_strict,0.49,2022,991,111,0.11200807265388496,0.7762237762237763,0.07072205736894165,1.5837784818612264
decile,2025-12,responded_strict,0.5,2022,1011,111,0.10979228486646884,0.7762237762237763,0.07072205736894165,1.5524475524475523
decile,2025-12,responded_strict,0.51,2022,1032,113,0.10949612403100775,0.7902097902097902,0.07072205736894165,1.5482598796552285
decile,2025-12,responded_strict,0.52,2022,1052,114,0.10836501901140684,0.7972027972027972,0.07072205736894165,1.5322662128745776
decile,2025-12,responded_strict,0.53,2022,1072,114,0.10634328358208955,0.7972027972027972,0.07072205736894165,1.5036791566642311
decile,2025-12,responded_strict,0.54,2022,1092,114,0.1043956043956044,0.7972027972027972,0.07072205736894165,1.4761392453700146
decile,2025-12,responded_strict,0.55,2022,1113,114,0.10242587601078167,0.7972027972027972,0.07072205736894165,1.4482875614951085
decile,2025-12,responded_strict,0.56,2022,1133,114,0.10061782877316858,0.7972027972027972,0.07072205736894165,1.422722026428999
decile,2025-12,responded_strict,0.57,2022,1153,115,0.0997398091934085,0.8041958041958042,0.07072205736894165,1.4103069523711327
decile,2025-12,responded_strict,0.58,2022,1173,117,0.09974424552429667,0.8181818181818182,0.07072205736894165,1.4103696814694255
decile,2025-12,responded_strict,0.59,2022,1193,118,0.0989103101424979,0.8251748251748252,0.07072205736894165,1.3985779518051102
decile,2025-12,responded_strict,0.6,2022,1214,119,0.09802306425041186,0.8321678321678322,0.07072205736894165,1.3860324189813482
decile,2025-12,responded_strict,0.61,2022,1234,120,0.09724473257698542,0.8391608391608392,0.07072205736894165,1.3750269179766748
decile,2025-12,responded_strict,0.62,2022,1254,120,0.09569377990430622,0.8391608391608392,0.07072205736894165,1.3530966641014488
decile,2025-12,responded_strict,0.63,2022,1274,121,0.09497645211930926,0.8461538461538461,0.07072205736894165,1.342953749547156
decile,2025-12,responded_strict,0.64,2022,1295,122,0.09420849420849421,0.8531468531468531,0.07072205736894165,1.332094932094932
decile,2025-12,responded_strict,0.65,2022,1315,122,0.09277566539923954,0.8531468531468531,0.07072205736894165,1.3118349331277086
decile,2025-12,responded_strict,0.66,2022,1335,123,0.09213483146067415,0.8601398601398601,0.07072205736894165,1.3027736308635183
decile,2025-12,responded_strict,0.67,2022,1355,125,0.09225092250922509,0.8741258741258742,0.07072205736894165,1.3044151420535184
decile,2025-12,responded_strict,0.68,2022,1375,127,0.09236363636363637,0.8881118881118881,0.07072205736894165,1.3060089001907185
decile,2025-12,responded_strict,0.69,2022,1396,128,0.09169054441260745,0.8951048951048951,0.07072205736894165,1.2964914741419038
decile,2025-12,responded_strict,0.7,2022,1416,129,0.09110169491525423,0.9020979020979021,0.07072205736894165,1.2881652246059023
decile,2025-12,responded_strict,0.71,2022,1436,129,0.08983286908077995,0.9020979020979021,0.07072205736894165,1.2702242047645946
decile,2025-12,responded_strict,0.72,2022,1456,131,0.08997252747252747,0.916083916083916,0.07072205736894165,1.2721989548912624
decile,2025-12,responded_strict,0.73,2022,1477,131,0.08869329722410291,0.916083916083916,0.07072205736894165,1.2541108180918605
decile,2025-12,responded_strict,0.74,2022,1497,132,0.08817635270541083,0.9230769230769231,0.07072205736894165,1.2468012948974874
decile,2025-12,responded_strict,0.75,2022,1517,133,0.08767303889255108,0.9300699300699301,0.07072205736894165,1.2396845079771908
decile,2025-12,responded_strict,0.76,2022,1537,133,0.08653220559531555,0.9300699300699301,0.07072205736894165,1.2235532847113848
decile,2025-12,responded_strict,0.77,2022,1557,135,0.08670520231213873,0.9440559440559441,0.07072205736894165,1.2259994340919196
decile,2025-12,responded_strict,0.78,2022,1578,136,0.08618504435994931,0.951048951048951,0.07072205736894165,1.2186444733973252
decile,2025-12,responded_strict,0.79,2022,1598,136,0.0851063829787234,0.951048951048951,0.07072205736894165,1.2033923523285224
decile,2025-12,responded_strict,0.8,2022,1618,136,0.08405438813349815,0.951048951048951,0.07072205736894165,1.1885172923491836
decile,2025-12,responded_strict,0.81,2022,1638,137,0.08363858363858363,0.958041958041958,0.07072205736894165,1.182637874945567
decile,2025-12,responded_strict,0.82,2022,1659,137,0.08257986738999397,0.958041958041958,0.07072205736894165,1.1676677752627118
decile,2025-12,responded_strict,0.83,2022,1679,137,0.08159618820726623,0.958041958041958,0.07072205736894165,1.1537586891964497
decile,2025-12,responded_strict,0.84,2022,1699,138,0.08122424955856386,0.965034965034965,0.07072205736894165,1.1484995287231896
decile,2025-12,responded_strict,0.85,2022,1719,138,0.08027923211169284,0.965034965034965,0.07072205736894165,1.1351371141947058
decile,2025-12,responded_strict,0.86,2022,1739,138,0.07935595169637723,0.965034965034965,0.07072205736894165,1.122082058252271
decile,2025-12,responded_strict,0.87,2022,1760,140,0.07954545454545454,0.9790209790209791,0.07072205736894165,1.1247616020343292
decile,2025-12,responded_strict,0.88,2022,1780,140,0.07865168539325842,0.9790209790209791,0.07072205736894165,1.1121238312249546
decile,2025-12,responded_strict,0.89,2022,1800,140,0.07777777777777778,0.9790209790209791,0.07072205736894165,1.0997668997668997
decile,2025-12,responded_strict,0.9,2022,1820,141,0.07747252747252747,0.986013986013986,0.07072205736894165,1.0954507031430107
decile,2025-12,responded_strict,0.91,2022,1841,141,0.07658881042911461,0.986013986013986,0.07072205736894165,1.0829550677459423
decile,2025-12,responded_strict,0.92,2022,1861,141,0.07576571735626007,0.986013986013986,0.07072205736894165,1.0713166468136914
decile,2025-12,responded_strict,0.93,2022,1881,141,0.07496012759170653,0.986013986013986,0.07072205736894165,1.0599257202128014
decile,2025-12,responded_strict,0.94,2022,1901,141,0.07417148869016307,0.986013986013986,0.07072205736894165,1.048774476444124
decile,2025-12,responded_strict,0.95,2022,1921,142,0.0739198334200937,0.993006993006993,0.07072205736894165,1.0452161061218843
decile,2025-12,responded_strict,0.96,2022,1942,142,0.07312049433573635,0.993006993006993,0.07072205736894165,1.0339135632647476
decile,2025-12,responded_strict,0.97,2022,1962,142,0.07237512742099898,0.993006993006993,0.07072205736894165,1.023374179337482
decile,2025-12,responded_strict,0.98,2022,1982,142,0.07164480322906155,0.993006993006993,0.07072205736894165,1.0130474974067305
decile,2025-12,responded_strict,0.99,2022,2002,143,0.07142857142857142,1.0,0.07072205736894165,1.0099900099900099
decile,2025-12,responded_strict,1.0,2022,2022,143,0.07072205736894165,1.0,0.07072205736894165,1.0
core_logistic,2025-10,responded_strict,0.01,2021,21,9,0.42857142857142855,0.05660377358490566,0.07867392380009897,5.44743935309973
core_logistic,2025-10,responded_strict,0.02,2021,41,15,0.36585365853658536,0.09433962264150944,0.07867392380009897,4.650253106304648
core_logistic,2025-10,responded_strict,0.03,2021,61,23,0.3770491803278688,0.14465408805031446,0.07867392380009897,4.792555933601402
core_logistic,2025-10,responded_strict,0.04,2021,81,29,0.35802469135802467,0.18238993710691823,0.07867392380009897,4.5507415171985395
core_logistic,2025-10,responded_strict,0.05,2021,102,31,0.30392156862745096,0.1949685534591195,0.07867392380009897,3.863053397459612
core_logistic,2025-10,responded_strict,0.06,2021,122,36,0.29508196721311475,0.22641509433962265,0.07867392380009897,3.7506959480358795
core_logistic,2025-10,responded_strict,0.07,2021,142,40,0.28169014084507044,0.25157232704402516,0.07867392380009897,3.580476570112499
core_logistic,2025-10,responded_strict,0.08,2021,162,44,0.2716049382716049,0.27672955974842767,0.07867392380009897,3.452286668219582
core_logistic,2025-10,responded_strict,0.09,2021,182,49,0.2692307692307692,0.3081761006289308,0.07867392380009897,3.4221093372036764
core_logistic,2025-10,responded_strict,0.1,2021,203,54,0.2660098522167488,0.33962264150943394,0.07867392380009897,3.3811692536481086
core_logistic,2025-10,responded_strict,0.11,2021,223,57,0.2556053811659193,0.3584905660377358,0.07867392380009897,3.2489212285303326
core_logistic,2025-10,responded_strict,0.12,2021,243,64,0.26337448559670784,0.4025157232704403,0.07867392380009897,3.3476719206977767
core_logistic,2025-10,responded_strict,0.13,2021,263,68,0.2585551330798479,0.4276729559748428,0.07867392380009897,3.2864146160652363
core_logistic,2025-10,responded_strict,0.14,2021,283,72,0.254416961130742,0.4528301886792453,0.07867392380009897,3.2338155877058465
core_logistic,2025-10,responded_strict,0.15,2021,304,75,0.24671052631578946,0.4716981132075472,0.07867392380009897,3.1358614697120157
core_logistic,2025-10,responded_strict,0.16,2021,324,77,0.23765432098765432,0.48427672955974843,0.07867392380009897,3.020750834692134
core_logistic,2025-10,responded_strict,0.17,2021,344,78,0.22674418604651161,0.49056603773584906,0.07867392380009897,2.882075471698113
core_logistic,2025-10,responded_strict,0.18,2021,364,80,0.21978021978021978,0.5031446540880503,0.07867392380009897,2.7935586426152463
core_logistic,2025-10,responded_strict,0.19,2021,384,83,0.21614583333333334,0.5220125786163522,0.07867392380009897,2.747363076519916
core_logistic,2025-10,responded_strict,0.2,2021,405,84,0.2074074074074074,0.5283018867924528,0.07867392380009897,2.636291637549499
core_logistic,2025-10,responded_strict,0.21,2021,425,86,0.2023529411764706,0.5408805031446541,0.07867392380009897,2.572045874953755
core_logistic,2025-10,responded_strict,0.22,2021,445,87,0.19550561797752808,0.5471698113207547,0.07867392380009897,2.48501165995336
core_logistic,2025-10,responded_strict,0.23,2021,465,90,0.1935483870967742,0.5660377358490566,0.07867392380009897,2.460133901399878
core_logistic,2025-10,responded_strict,0.24,2021,486,93,0.19135802469135801,0.5849056603773585,0.07867392380009897,2.4322928798819783
core_logistic,2025-10,responded_strict,0.25,2021,506,95,0.18774703557312253,0.5974842767295597,0.07867392380009897,2.3863947100206326
core_logistic,2025-10,responded_strict,0.26,2021,526,98,0.18631178707224336,0.6163522012578616,0.07867392380009897,2.368151708635244
core_logistic,2025-10,responded_strict,0.27,2021,546,101,0.184981684981685,0.6352201257861635,0.07867392380009897,2.3512451908678322
core_logistic,2025-10,responded_strict,0.28,2021,566,106,0.1872791519434629,0.6666666666666666,0.07867392380009897,2.380447585394582
core_logistic,2025-10,responded_strict,0.29,2021,587,109,0.18568994889267462,0.6855345911949685,0.07867392380009897,2.360247715170411
core_logistic,2025-10,responded_strict,0.3,2021,607,112,0.18451400329489293,0.7044025157232704,0.07867392380009897,2.345300633075337
core_logistic,2025-10,responded_strict,0.31,2021,627,114,0.18181818181818182,0.7169811320754716,0.07867392380009897,2.311034877072613
core_logistic,2025-10,responded_strict,0.32,2021,647,116,0.17928902627511592,0.7295597484276729,0.07867392380009897,2.2788875603899954
core_logistic,2025-10,responded_strict,0.33,2021,667,117,0.17541229385307347,0.7358490566037735,0.07867392380009897,2.229611609289695
core_logistic,2025-10,responded_strict,0.34,2021,688,118,0.17151162790697674,0.7421383647798742,0.07867392380009897,2.1800314465408803
core_logistic,2025-10,responded_strict,0.35,2021,708,120,0.1694915254237288,0.7547169811320755,0.07867392380009897,2.154354546423622
core_logistic,2025-10,responded_strict,0.36,2021,728,121,0.1662087912087912,0.7610062893081762,0.07867392380009897,2.11262872347778
core_logistic,2025-10,responded_strict,0.37,2021,748,122,0.16310160427807488,0.7672955974842768,0.07867392380009897,2.0731342279621967
core_logistic,2025-10,responded_strict,0.38,2021,768,125,0.16276041666666666,0.7861635220125787,0.07867392380009897,2.0687974973794545
core_logistic,2025-10,responded_strict,0.39,2021,789,126,0.1596958174904943,0.7924528301886793,0.07867392380009897,2.029844321687352
core_logistic,2025-10,responded_strict,0.4,2021,809,128,0.15822002472187885,0.8050314465408805,0.07867392380009897,2.0110859746095415
core_logistic,2025-10,responded_strict,0.41,2021,829,129,0.15560916767189384,0.8113207547169812,0.07867392380009897,1.9779001752509273
core_logistic,2025-10,responded_strict,0.42,2021,849,132,0.15547703180212014,0.8301886792452831,0.07867392380009897,1.9762206369313509
core_logistic,2025-10,responded_strict,0.43,2021,870,132,0.15172413793103448,0.8301886792452831,0.07867392380009897,1.9285187594881803
core_logistic,2025-10,responded_strict,0.44,2021,890,132,0.14831460674157304,0.8301886792452831,0.07867392380009897,1.8851812592749628
core_logistic,2025-10,responded_strict,0.45,2021,910,136,0.14945054945054945,0.8553459119496856,0.07867392380009897,1.8996198769783674
core_logistic,2025-10,responded_strict,0.46,2021,930,137,0.14731182795698924,0.8616352201257862,0.07867392380009897,1.872435247176574
core_logistic,2025-10,responded_strict,0.47,2021,950,138,0.14526315789473684,0.8679245283018868,0.07867392380009897,1.8463952333664349
core_logistic,2025-10,responded_strict,0.48,2021,971,139,0.1431513903192585,0.8742138364779874,0.07867392380009897,1.8195532065108264
core_logistic,2025-10,responded_strict,0.49,2021,991,141,0.14228052472250252,0.8867924528301887,0.07867392380009897,1.808483902290425
core_logistic,2025-10,responded_strict,0.5,2021,1011,142,0.1404549950544016,0.8930817610062893,0.07867392380009897,1.7852801572638088
core_logistic,2025-10,responded_strict,0.51,2021,1031,143,0.13870029097963144,0.89937106918239,0.07867392380009897,1.762976654527265
core_logistic,2025-10,responded_strict,0.52,2021,1051,143,0.13606089438629876,0.89937106918239,0.07867392380009897,1.7294280978283634
core_logistic,2025-10,responded_strict,0.53,2021,1072,143,0.1333955223880597,0.89937106918239,0.07867392380009897,1.695549375762696
core_logistic,2025-10,responded_strict,0.54,2021,1092,144,0.13186813186813187,0.9056603773584906,0.07867392380009897,1.6761351855691478
core_logistic,2025-10,responded_strict,0.55,2021,1112,145,0.1303956834532374,0.9119496855345912,0.07867392380009897,1.657419347540835
core_logistic,2025-10,responded_strict,0.56,2021,1132,145,0.12809187279151943,0.9119496855345912,0.07867392380009897,1.6281363201991241
core_logistic,2025-10,responded_strict,0.57,2021,1152,145,0.12586805555555555,0.9119496855345912,0.07867392380009897,1.5998700646401116
core_logistic,2025-10,responded_strict,0.58,2021,1173,145,0.12361466325660699,0.9119496855345912,0.07867392380009897,1.5712278895698284
core_logistic,2025-10,responded_strict,0.59,2021,1193,145,0.12154233025984912,0.9119496855345912,0.07867392380009897,1.5448871034915412
core_logistic,2025-10,responded_strict,0.6,2021,1213,145,0.11953833470733718,0.9119496855345912,0.07867392380009897,1.519414933607097
core_logistic,2025-10,responded_strict,0.61,2021,1233,147,0.1192214111922141,0.9245283018867925,0.07867392380009897,1.5153866164746208
core_logistic,2025-10,responded_strict,0.62,2021,1254,148,0.11802232854864433,0.9308176100628931,0.07867392380009897,1.5001454465208188
core_logistic,2025-10,responded_strict,0.63,2021,1274,148,0.11616954474097331,0.9308176100628931,0.07867392380009897,1.4765952825252016
core_logistic,2025-10,responded_strict,0.64,2021,1294,148,0.1143740340030912,0.9308176100628931,0.07867392380009897,1.4537730988694797
core_logistic,2025-10,responded_strict,0.65,2021,1314,149,0.11339421613394216,0.9371069182389937,0.07867392380009897,1.4413189358911767
core_logistic,2025-10,responded_strict,0.66,2021,1334,149,0.11169415292353824,0.9371069182389937,0.07867392380009897,1.4197099563425835
core_logistic,2025-10,responded_strict,0.67,2021,1355,151,0.11143911439114391,0.949685534591195,0.07867392380009897,1.4164682401540996
core_logistic,2025-10,responded_strict,0.68,2021,1375,151,0.10981818181818181,0.949685534591195,0.07867392380009897,1.395865065751858
core_logistic,2025-10,responded_strict,0.69,2021,1395,151,0.1082437275985663,0.949685534591195,0.07867392380009897,1.3758526633754873
core_logistic,2025-10,responded_strict,0.7,2021,1415,154,0.1088339222614841,0.9685534591194969,0.07867392380009897,1.3833544458519456
core_logistic,2025-10,responded_strict,0.71,2021,1435,154,0.1073170731707317,0.9685534591194969,0.07867392380009897,1.3640742445160299
core_logistic,2025-10,responded_strict,0.72,2021,1456,154,0.10576923076923077,0.9685534591194969,0.07867392380009897,1.3444000967585872
core_logistic,2025-10,responded_strict,0.73,2021,1476,154,0.1043360433604336,0.9685534591194969,0.07867392380009897,1.3261832932794735
core_logistic,2025-10,responded_strict,0.74,2021,1496,154,0.10294117647058823,0.9685534591194969,0.07867392380009897,1.3084535701072881
core_logistic,2025-10,responded_strict,0.75,2021,1516,154,0.10158311345646438,0.9685534591194969,0.07867392380009897,1.291191649657324
core_logistic,2025-10,responded_strict,0.76,2021,1536,154,0.10026041666666667,0.9685534591194969,0.07867392380009897,1.2743792583857443
core_logistic,2025-10,responded_strict,0.77,2021,1557,155,0.09955041746949261,0.9748427672955975,0.07867392380009897,1.2653546773952489
core_logistic,2025-10,responded_strict,0.78,2021,1577,155,0.09828788839568801,0.9748427672955975,0.07867392380009897,1.2493070594194053
core_logistic,2025-10,responded_strict,0.79,2021,1597,155,0.09705698184095178,0.9748427672955975,0.07867392380009897,1.2336613855381355
core_logistic,2025-10,responded_strict,0.8,2021,1617,155,0.095856524427953,0.9748427672955975,0.07867392380009897,1.2184027413137926
core_logistic,2025-10,responded_strict,0.81,2021,1638,155,0.09462759462759462,0.9748427672955975,0.07867392380009897,1.202782193348231
core_logistic,2025-10,responded_strict,0.82,2021,1658,155,0.09348612786489746,0.9748427672955975,0.07867392380009897,1.1882733611003633
core_logistic,2025-10,responded_strict,0.83,2021,1678,155,0.09237187127532777,0.9748427672955975,0.07867392380009897,1.1741103889775937
core_logistic,2025-10,responded_strict,0.84,2021,1698,157,0.09246171967020024,0.9874213836477987,0.07867392380009897,1.1752524242356899
core_logistic,2025-10,responded_strict,0.85,2021,1718,157,0.09138533178114086,0.9874213836477987,0.07867392380009897,1.1615707894948784
core_logistic,2025-10,responded_strict,0.86,2021,1739,158,0.09085681426106958,0.9937106918238994,0.07867392380009897,1.1548529661737208
core_logistic,2025-10,responded_strict,0.87,2021,1759,158,0.08982376350198977,0.9937106918238994,0.07867392380009897,1.141722176336612
core_logistic,2025-10,responded_strict,0.88,2021,1779,158,0.08881394041596402,0.9937106918238994,0.07867392380009897,1.1288866262934798
core_logistic,2025-10,responded_strict,0.89,2021,1799,158,0.08782657031684268,0.9937106918238994,0.07867392380009897,1.1163364692474154
core_logistic,2025-10,responded_strict,0.9,2021,1819,158,0.0868609125893348,0.9937106918238994,0.07867392380009897,1.1040622914656957
core_logistic,2025-10,responded_strict,0.91,2021,1840,159,0.08641304347826087,1.0,0.07867392380009897,1.0983695652173913
core_logistic,2025-10,responded_strict,0.92,2021,1860,159,0.08548387096774193,1.0,0.07867392380009897,1.0865591397849461
core_logistic,2025-10,responded_strict,0.93,2021,1880,159,0.08457446808510638,1.0,0.07867392380009897,1.075
core_logistic,2025-10,responded_strict,0.94,2021,1900,159,0.08368421052631579,1.0,0.07867392380009897,1.0636842105263158
core_logistic,2025-10,responded_strict,0.95,2021,1920,159,0.0828125,1.0,0.07867392380009897,1.0526041666666666
core_logistic,2025-10,responded_strict,0.96,2021,1941,159,0.08191653786707882,1.0,0.07867392380009897,1.0412158681092218
core_logistic,2025-10,responded_strict,0.97,2021,1961,159,0.08108108108108109,1.0,0.07867392380009897,1.0305966343702193
core_logistic,2025-10,responded_strict,0.98,2021,1981,159,0.08026249369005553,1.0,0.07867392380009897,1.0201918223119637
core_logistic,2025-10,responded_strict,0.99,2021,2001,159,0.07946026986506746,1.0,0.07867392380009897,1.0099950024987505
core_logistic,2025-10,responded_strict,1.0,2021,2021,159,0.07867392380009897,1.0,0.07867392380009897,1.0
core_logistic,2025-11,responded_strict,0.01,2017,21,7,0.3333333333333333,0.04430379746835443,0.07833415964303421,4.255274261603375
core_logistic,2025-11,responded_strict,0.02,2017,41,15,0.36585365853658536,0.0949367088607595,0.07833415964303421,4.670422970052485
core_logistic,2025-11,responded_strict,0.03,2017,61,22,0.36065573770491804,0.13924050632911392,0.07833415964303421,4.604067233865948
core_logistic,2025-11,responded_strict,0.04,2017,81,26,0.32098765432098764,0.16455696202531644,0.07833415964303421,4.097671511173621
core_logistic,2025-11,responded_strict,0.05,2017,101,34,0.33663366336633666,0.21518987341772153,0.07833415964303421,4.297405689936083
core_logistic,2025-11,responded_strict,0.06,2017,122,40,0.32786885245901637,0.25316455696202533,0.07833415964303421,4.18551566715086
core_logistic,2025-11,responded_strict,0.07,2017,142,44,0.30985915492957744,0.27848101265822783,0.07833415964303421,3.9556070600820106
core_logistic,2025-11,responded_strict,0.08,2017,162,51,0.3148148148148148,0.3227848101265823,0.07833415964303421,4.0188701359587435
core_logistic,2025-11,responded_strict,0.09,2017,182,55,0.3021978021978022,0.34810126582278483,0.07833415964303421,3.857803588816247
core_logistic,2025-11,responded_strict,0.1,2017,202,57,0.28217821782178215,0.36075949367088606,0.07833415964303421,3.6022371224464216
core_logistic,2025-11,responded_strict,0.11,2017,222,61,0.2747747747747748,0.3860759493670886,0.07833415964303421,3.5077260805108907
core_logistic,2025-11,responded_strict,0.12,2017,243,63,0.25925925925925924,0.3987341772151899,0.07833415964303421,3.3096577590248475
core_logistic,2025-11,responded_strict,0.13,2017,263,67,0.25475285171102663,0.4240506329113924,0.07833415964303421,3.252129758867979
core_logistic,2025-11,responded_strict,0.14,2017,283,71,0.2508833922261484,0.44936708860759494,0.07833415964303421,3.2027329248110212
core_logistic,2025-11,responded_strict,0.15,2017,303,74,0.24422442244224424,0.46835443037974683,0.07833415964303421,3.1177256966202953
core_logistic,2025-11,responded_strict,0.16,2017,323,75,0.23219814241486067,0.47468354430379744,0.07833415964303421,2.964200337030215
core_logistic,2025-11,responded_strict,0.17,2017,343,77,0.22448979591836735,0.4873417721518987,0.07833415964303421,2.865796951692069
core_logistic,2025-11,responded_strict,0.18,2017,364,81,0.22252747252747251,0.5126582278481012,0.07833415964303421,2.8407462790374183
core_logistic,2025-11,responded_strict,0.19,2017,384,83,0.21614583333333334,0.5253164556962026,0.07833415964303421,2.759279404008439
core_logistic,2025-11,responded_strict,0.2,2017,404,85,0.2103960396039604,0.5379746835443038,0.07833415964303421,2.685878556210051
core_logistic,2025-11,responded_strict,0.21,2017,424,88,0.20754716981132076,0.5569620253164557,0.07833415964303421,2.649510389300215
core_logistic,2025-11,responded_strict,0.22,2017,444,90,0.20270270270270271,0.569620253164557,0.07833415964303421,2.5876667807047555
core_logistic,2025-11,responded_strict,0.23,2017,464,93,0.20043103448275862,0.5886075949367089,0.07833415964303421,2.558667066783064
core_logistic,2025-11,responded_strict,0.24,2017,485,93,0.19175257731958764,0.5886075949367089,0.07833415964303421,2.4478794205924572
core_logistic,2025-11,responded_strict,0.25,2017,505,95,0.18811881188118812,0.6012658227848101,0.07833415964303421,2.401491414964281
core_logistic,2025-11,responded_strict,0.26,2017,525,96,0.18285714285714286,0.6075949367088608,0.07833415964303421,2.3343218806509944
core_logistic,2025-11,responded_strict,0.27,2017,545,97,0.1779816513761468,0.6139240506329114,0.07833415964303421,2.2720822204157476
core_logistic,2025-11,responded_strict,0.28,2017,565,99,0.1752212389380531,0.6265822784810127,0.07833415964303421,2.236843284418058
core_logistic,2025-11,responded_strict,0.29,2017,585,102,0.17435897435897435,0.6455696202531646,0.07833415964303421,2.2258357676079195
core_logistic,2025-11,responded_strict,0.3,2017,606,104,0.1716171617161716,0.6582278481012658,0.07833415964303421,2.1908342733007475
core_logistic,2025-11,responded_strict,0.31,2017,626,106,0.16932907348242812,0.6708860759493671,0.07833415964303421,2.161624944392769
core_logistic,2025-11,responded_strict,0.32,2017,646,107,0.16563467492260062,0.6772151898734177,0.07833415964303421,2.1144629070815535
core_logistic,2025-11,responded_strict,0.33,2017,666,109,0.16366366366366367,0.689873417721519,0.07833415964303421,2.0893013266430986
core_logistic,2025-11,responded_strict,0.34,2017,686,110,0.16034985422740525,0.6962025316455697,0.07833415964303421,2.0469978226371923
core_logistic,2025-11,responded_strict,0.35,2017,706,111,0.15722379603399433,0.7025316455696202,0.07833415964303421,2.0070911177251047
core_logistic,2025-11,responded_strict,0.36,2017,727,114,0.15680880330123798,0.7215189873417721,0.07833415964303421,2.001793394041753
core_logistic,2025-11,responded_strict,0.37,2017,747,116,0.15528781793842034,0.7341772151898734,0.07833415964303421,1.982376764441733
core_logistic,2025-11,responded_strict,0.38,2017,767,117,0.15254237288135594,0.740506329113924,0.07833415964303421,1.947328899377816
core_logistic,2025-11,responded_strict,0.39,2017,787,118,0.14993646759847523,0.7468354430379747,0.07833415964303421,1.9140623743425604
core_logistic,2025-11,responded_strict,0.4,2017,807,119,0.14745972738537794,0.7531645569620253,0.07833415964303421,1.8824447476981474
core_logistic,2025-11,responded_strict,0.41,2017,827,120,0.14510278113663846,0.759493670886076,0.07833415964303421,1.8523563895734163
core_logistic,2025-11,responded_strict,0.42,2017,848,122,0.14386792452830188,0.7721518987341772,0.07833415964303421,1.83659242894674
core_logistic,2025-11,responded_strict,0.43,2017,868,123,0.14170506912442396,0.7784810126582279,0.07833415964303421,1.8089818001516653
core_logistic,2025-11,responded_strict,0.44,2017,888,123,0.13851351351351351,0.7784810126582279,0.07833415964303421,1.768238966814916
core_logistic,2025-11,responded_strict,0.45,2017,908,123,0.1354625550660793,0.7784810126582279,0.07833415964303421,1.7292909719511516
core_logistic,2025-11,responded_strict,0.46,2017,928,124,0.1336206896551724,0.7848101265822784,0.07833415964303421,1.7057780445220427
core_logistic,2025-11,responded_strict,0.47,2017,948,125,0.13185654008438819,0.7911392405063291,0.07833415964303421,1.6832572237355126
core_logistic,2025-11,responded_strict,0.48,2017,969,126,0.13003095975232198,0.7974683544303798,0.07833415964303421,1.6599521887369204
core_logistic,2025-11,responded_strict,0.49,2017,989,128,0.12942366026289182,0.810126582278481,0.07833415964303421,1.6521995110775494
core_logistic,2025-11,responded_strict,0.5,2017,1009,128,0.12685827552031714,0.810126582278481,0.07833415964303421,1.6194502640789854
core_logistic,2025-11,responded_strict,0.51,2017,1029,129,0.12536443148688048,0.8164556962025317,0.07833415964303421,1.6003801158799869
core_logistic,2025-11,responded_strict,0.52,2017,1049,133,0.12678741658722592,0.8417721518987342,0.07833415964303421,1.618545691496422
core_logistic,2025-11,responded_strict,0.53,2017,1070,133,0.12429906542056075,0.8417721518987342,0.07833415964303421,1.586779841476399
core_logistic,2025-11,responded_strict,0.54,2017,1090,133,0.12201834862385322,0.8417721518987342,0.07833415964303421,1.5576646150272908
core_logistic,2025-11,responded_strict,0.55,2017,1110,134,0.12072072072072072,0.8481012658227848,0.07833415964303421,1.5410993271752766
core_logistic,2025-11,responded_strict,0.56,2017,1130,135,0.11946902654867257,0.8544303797468354,0.07833415964303421,1.5251204211941303
core_logistic,2025-11,responded_strict,0.57,2017,1150,136,0.11826086956521739,0.8607594936708861,0.07833415964303421,1.5096973032471106
core_logistic,2025-11,responded_strict,0.58,2017,1170,136,0.11623931623931624,0.8607594936708861,0.07833415964303421,1.483890511738613
core_logistic,2025-11,responded_strict,0.59,2017,1191,138,0.11586901763224182,0.8734177215189873,0.07833415964303421,1.479163345343239
core_logistic,2025-11,responded_strict,0.6,2017,1211,138,0.11395540875309662,0.8734177215189873,0.07833415964303421,1.4547345535126321
core_logistic,2025-11,responded_strict,0.61,2017,1231,138,0.11210398050365557,0.8734177215189873,0.07833415964303421,1.4310995485814764
core_logistic,2025-11,responded_strict,0.62,2017,1251,140,0.11191047162270183,0.8860759493670886,0.07833415964303421,1.4286292484999341
core_logistic,2025-11,responded_strict,0.63,2017,1271,140,0.11014948859166011,0.8860759493670886,0.07833415964303421,1.4061488511985978
core_logistic,2025-11,responded_strict,0.64,2017,1291,142,0.10999225406661503,0.8987341772151899,0.07833415964303421,1.4041416231162185
core_logistic,2025-11,responded_strict,0.65,2017,1312,144,0.10975609756097561,0.9113924050632911,0.07833415964303421,1.4011268910157455
core_logistic,2025-11,responded_strict,0.66,2017,1332,144,0.10810810810810811,0.9113924050632911,0.07833415964303421,1.380088949709203
core_logistic,2025-11,responded_strict,0.67,2017,1352,145,0.10724852071005918,0.9177215189873418,0.07833415964303421,1.3691156093176542
core_logistic,2025-11,responded_strict,0.68,2017,1372,146,0.10641399416909621,0.9240506329113924,0.07833415964303421,1.3584621913865003
core_logistic,2025-11,responded_strict,0.69,2017,1392,147,0.10560344827586207,0.930379746835443,0.07833415964303421,1.3481149061545177
core_logistic,2025-11,responded_strict,0.7,2017,1412,148,0.1048158640226629,0.9367088607594937,0.07833415964303421,1.33806074515007
core_logistic,2025-11,responded_strict,0.71,2017,1433,150,0.104675505931612,0.9493670886075949,0.07833415964303421,1.3362689586333
core_logistic,2025-11,responded_strict,0.72,2017,1453,151,0.10392291810048176,0.9556962025316456,0.07833415964303421,1.3266615557510868
core_logistic,2025-11,responded_strict,0.73,2017,1473,151,0.10251188051595383,0.9556962025316456,0.07833415964303421,1.3086485000042967
core_logistic,2025-11,responded_strict,0.74,2017,1493,151,0.10113864701942397,0.9556962025316456,0.07833415964303421,1.2911180445454313
core_logistic,2025-11,responded_strict,0.75,2017,1513,151,0.09980171844018507,0.9556962025316456,0.07833415964303421,1.2740510512269194
core_logistic,2025-11,responded_strict,0.76,2017,1533,151,0.09849967384213959,0.9556962025316456,0.07833415964303421,1.2574293806303516
core_logistic,2025-11,responded_strict,0.77,2017,1554,152,0.0978120978120978,0.9620253164556962,0.07833415964303421,1.2486519068797548
core_logistic,2025-11,responded_strict,0.78,2017,1574,152,0.096569250317662,0.9620253164556962,0.07833415964303421,1.2327859360172422
core_logistic,2025-11,responded_strict,0.79,2017,1594,152,0.09535759096612297,0.9620253164556962,0.07833415964303421,1.2173181074599368
core_logistic,2025-11,responded_strict,0.8,2017,1614,153,0.09479553903345725,0.9683544303797469,0.07833415964303421,1.2101430520916663
core_logistic,2025-11,responded_strict,0.81,2017,1634,155,0.094859241126071,0.9810126582278481,0.07833415964303421,1.2109562617169949
core_logistic,2025-11,responded_strict,0.82,2017,1654,156,0.094316807738815,0.9873417721518988,0.07833415964303421,1.2040316532227207
core_logistic,2025-11,responded_strict,0.83,2017,1675,156,0.09313432835820895,0.9873417721518988,0.07833415964303421,1.1889363310032117
core_logistic,2025-11,responded_strict,0.84,2017,1695,156,0.0920353982300885,0.9873417721518988,0.07833415964303421,1.1749075837347374
core_logistic,2025-11,responded_strict,0.85,2017,1715,157,0.09154518950437318,0.9936708860759493,0.07833415964303421,1.1686496660146881
core_logistic,2025-11,responded_strict,0.86,2017,1735,157,0.0904899135446686,0.9936708860759493,0.07833415964303421,1.1551782001240287
core_logistic,2025-11,responded_strict,0.87,2017,1755,157,0.08945868945868946,0.9936708860759493,0.07833415964303421,1.1420137761909914
core_logistic,2025-11,responded_strict,0.88,2017,1775,157,0.08845070422535212,0.9936708860759493,0.07833415964303421,1.1291460153325015
core_logistic,2025-11,responded_strict,0.89,2017,1796,157,0.08741648106904232,0.9936708860759493,0.07833415964303421,1.1159433057991035
core_logistic,2025-11,responded_strict,0.9,2017,1816,157,0.08645374449339208,0.9936708860759493,0.07833415964303421,1.1036531812858976
core_logistic,2025-11,responded_strict,0.91,2017,1836,158,0.0860566448801743,1.0,0.07833415964303421,1.0985838779956427
core_logistic,2025-11,responded_strict,0.92,2017,1856,158,0.08512931034482758,1.0,0.07833415964303421,1.0867456896551724
core_logistic,2025-11,responded_strict,0.93,2017,1876,158,0.08422174840085288,1.0,0.07833415964303421,1.0751599147121536
core_logistic,2025-11,responded_strict,0.94,2017,1896,158,0.08333333333333333,1.0,0.07833415964303421,1.0638185654008439
core_logistic,2025-11,responded_strict,0.95,2017,1917,158,0.08242044861763172,1.0,0.07833415964303421,1.0521648408972353
core_logistic,2025-11,responded_strict,0.96,2017,1937,158,0.08156943727413526,1.0,0.07833415964303421,1.0413009808982965
core_logistic,2025-11,responded_strict,0.97,2017,1957,158,0.0807358201328564,1.0,0.07833415964303421,1.0306591722023504
core_logistic,2025-11,responded_strict,0.98,2017,1977,158,0.07991906929691452,1.0,0.07833415964303421,1.0202326757713707
core_logistic,2025-11,responded_strict,0.99,2017,1997,158,0.07911867801702553,1.0,0.07833415964303421,1.0100150225338007
core_logistic,2025-11,responded_strict,1.0,2017,2017,158,0.07833415964303421,1.0,0.07833415964303421,1.0
core_logistic,2025-12,responded_strict,0.01,2022,21,9,0.42857142857142855,0.06293706293706294,0.07072205736894165,6.059940059940059
core_logistic,2025-12,responded_strict,0.02,2022,41,15,0.36585365853658536,0.1048951048951049,0.07072205736894165,5.173119563363465
core_logistic,2025-12,responded_strict,0.03,2022,61,21,0.3442622950819672,0.14685314685314685,0.07072205736894165,4.867820703886277
core_logistic,2025-12,responded_strict,0.04,2022,81,24,0.2962962962962963,0.16783216783216784,0.07072205736894165,4.189588189588189
core_logistic,2025-12,responded_strict,0.05,2022,102,30,0.29411764705882354,0.2097902097902098,0.07072205736894165,4.158782394076511
core_logistic,2025-12,responded_strict,0.06,2022,122,33,0.27049180327868855,0.23076923076923078,0.07072205736894165,3.8247162673392183
core_logistic,2025-12,responded_strict,0.07,2022,142,36,0.2535211267605634,0.2517482517482518,0.07072205736894165,3.5847532748941195
core_logistic,2025-12,responded_strict,0.08,2022,162,42,0.25925925925925924,0.2937062937062937,0.07072205736894165,3.6658896658896656
core_logistic,2025-12,responded_strict,0.09,2022,182,49,0.2692307692307692,0.34265734265734266,0.07072205736894165,3.8068854222700375
core_logistic,2025-12,responded_strict,0.1,2022,203,55,0.270935960591133,0.38461538461538464,0.07072205736894165,3.8309965896172793
core_logistic,2025-12,responded_strict,0.11,2022,223,59,0.2645739910313901,0.4125874125874126,0.07072205736894165,3.741039229828467
core_logistic,2025-12,responded_strict,0.12,2022,243,61,0.25102880658436216,0.42657342657342656,0.07072205736894165,3.549512216178883
core_logistic,2025-12,responded_strict,0.13,2022,263,62,0.23574144486692014,0.43356643356643354,0.07072205736894165,3.333351059586801
core_logistic,2025-12,responded_strict,0.14,2022,284,65,0.22887323943661972,0.45454545454545453,0.07072205736894165,3.2362355953905246
core_logistic,2025-12,responded_strict,0.15,2022,304,65,0.2138157894736842,0.45454545454545453,0.07072205736894165,3.0233253588516744
core_logistic,2025-12,responded_strict,0.16,2022,324,67,0.20679012345679013,0.46853146853146854,0.07072205736894165,2.9239834239834237
core_logistic,2025-12,responded_strict,0.17,2022,344,67,0.19476744186046513,0.46853146853146854,0.07072205736894165,2.753984387705318
core_logistic,2025-12,responded_strict,0.18,2022,364,69,0.18956043956043955,0.4825174825174825,0.07072205736894165,2.6803581034350263
core_logistic,2025-12,responded_strict,0.19,2022,385,71,0.18441558441558442,0.4965034965034965,0.07072205736894165,2.607610571246935
core_logistic,2025-12,responded_strict,0.2,2022,405,75,0.18518518518518517,0.5244755244755245,0.07072205736894165,2.6184926184926183
core_logistic,2025-12,responded_strict,0.21,2022,425,80,0.18823529411764706,0.5594405594405595,0.07072205736894165,2.6616207322089673
core_logistic,2025-12,responded_strict,0.22,2022,445,80,0.1797752808988764,0.5594405594405595,0.07072205736894165,2.5419973285141824
core_logistic,2025-12,responded_strict,0.23,2022,466,81,0.17381974248927037,0.5664335664335665,0.07072205736894165,2.4577868483447878
core_logistic,2025-12,responded_strict,0.24,2022,486,83,0.17078189300411523,0.5804195804195804,0.07072205736894165,2.414832081498748
core_logistic,2025-12,responded_strict,0.25,2022,506,85,0.16798418972332016,0.5944055944055944,0.07072205736894165,2.375272948395478
core_logistic,2025-12,responded_strict,0.26,2022,526,87,0.16539923954372623,0.6083916083916084,0.07072205736894165,2.3387221143875134
core_logistic,2025-12,responded_strict,0.27,2022,546,90,0.16483516483516483,0.6293706293706294,0.07072205736894165,2.330746176900023
core_logistic,2025-12,responded_strict,0.28,2022,567,92,0.16225749559082892,0.6433566433566433,0.07072205736894165,2.294298294298294
core_logistic,2025-12,responded_strict,0.29,2022,587,97,0.16524701873935263,0.6783216783216783,0.07072205736894165,2.3365697335032936
core_logistic,2025-12,responded_strict,0.3,2022,607,99,0.1630971993410214,0.6923076923076923,0.07072205736894165,2.306171587884932
core_logistic,2025-12,responded_strict,0.31,2022,627,101,0.16108452950558214,0.7062937062937062,0.07072205736894165,2.2777127179041052
core_logistic,2025-12,responded_strict,0.32,2022,648,103,0.15895061728395063,0.7202797202797203,0.07072205736894165,2.2475394975394978
core_logistic,2025-12,responded_strict,0.33,2022,668,103,0.15419161676646706,0.7202797202797203,0.07072205736894165,2.1802478958167577
core_logistic,2025-12,responded_strict,0.34,2022,688,103,0.14970930232558138,0.7202797202797203,0.07072205736894165,2.116868596519759
core_logistic,2025-12,responded_strict,0.35,2022,708,104,0.14689265536723164,0.7272727272727273,0.07072205736894165,2.0770416024653313
core_logistic,2025-12,responded_strict,0.36,2022,728,107,0.14697802197802198,0.7482517482517482,0.07072205736894165,2.0782486744025204
core_logistic,2025-12,responded_strict,0.37,2022,749,108,0.14419225634178906,0.7552447552447552,0.07072205736894165,2.0388583379237586
core_logistic,2025-12,responded_strict,0.38,2022,769,108,0.14044213263979194,0.7552447552447552,0.07072205736894165,1.9858321132703447
core_logistic,2025-12,responded_strict,0.39,2022,789,108,0.13688212927756654,0.7552447552447552,0.07072205736894165,1.9354941636310456
core_logistic,2025-12,responded_strict,0.4,2022,809,109,0.13473423980222496,0.7622377622377622,0.07072205736894165,1.905123306853838
core_logistic,2025-12,responded_strict,0.41,2022,830,109,0.13132530120481928,0.7622377622377622,0.07072205736894165,1.856921391861151
core_logistic,2025-12,responded_strict,0.42,2022,850,110,0.12941176470588237,0.7692307692307693,0.07072205736894165,1.8298642533936653
core_logistic,2025-12,responded_strict,0.43,2022,870,113,0.12988505747126436,0.7902097902097902,0.07072205736894165,1.8365565469013743
core_logistic,2025-12,responded_strict,0.44,2022,890,113,0.12696629213483146,0.7902097902097902,0.07072205736894165,1.7952856132631412
core_logistic,2025-12,responded_strict,0.45,2022,910,115,0.12637362637362637,0.8041958041958042,0.07072205736894165,1.7869054022900175
core_logistic,2025-12,responded_strict,0.46,2022,931,116,0.12459720730397422,0.8111888111888111,0.07072205736894165,1.7617870850953556
core_logistic,2025-12,responded_strict,0.47,2022,951,118,0.12407991587802314,0.8251748251748252,0.07072205736894165,1.7544726566808586
core_logistic,2025-12,responded_strict,0.48,2022,971,120,0.12358393408856849,0.8391608391608392,0.07072205736894165,1.7474595435460523
core_logistic,2025-12,responded_strict,0.49,2022,991,120,0.12108980827447023,0.8391608391608392,0.07072205736894165,1.712192953363488
core_logistic,2025-12,responded_strict,0.5,2022,1011,123,0.12166172106824925,0.8601398601398601,0.07072205736894165,1.7202797202797202
core_logistic,2025-12,responded_strict,0.51,2022,1032,124,0.12015503875968993,0.8671328671328671,0.07072205736894165,1.6989754431614896
core_logistic,2025-12,responded_strict,0.52,2022,1052,125,0.1188212927756654,0.8741258741258742,0.07072205736894165,1.6801164614852828
core_logistic,2025-12,responded_strict,0.53,2022,1072,127,0.11847014925373134,0.8881118881118881,0.07072205736894165,1.6751513411961172
core_logistic,2025-12,responded_strict,0.54,2022,1092,127,0.1163003663003663,0.8881118881118881,0.07072205736894165,1.6444709137016829
core_logistic,2025-12,responded_strict,0.55,2022,1113,128,0.11500449236298294,0.8951048951048951,0.07072205736894165,1.6261474374681921
core_logistic,2025-12,responded_strict,0.56,2022,1133,130,0.1147396293027361,0.9090909090909091,0.07072205736894165,1.6224023108400865
core_logistic,2025-12,responded_strict,0.57,2022,1153,130,0.11274934952298352,0.9090909090909091,0.07072205736894165,1.5942600331151935
core_logistic,2025-12,responded_strict,0.58,2022,1173,133,0.113384484228474,0.9300699300699301,0.07072205736894165,1.6032407490208
core_logistic,2025-12,responded_strict,0.59,2022,1193,133,0.11148365465213747,0.9300699300699301,0.07072205736894165,1.576363284661692
core_logistic,2025-12,responded_strict,0.6,2022,1214,134,0.11037891268533773,0.9370629370629371,0.07072205736894165,1.5607423877605096
core_logistic,2025-12,responded_strict,0.61,2022,1234,134,0.1085899513776337,0.9370629370629371,0.07072205736894165,1.5354467250739534
core_logistic,2025-12,responded_strict,0.62,2022,1254,134,0.10685805422647528,0.9370629370629371,0.07072205736894165,1.510957941579951
core_logistic,2025-12,responded_strict,0.63,2022,1274,134,0.10518053375196232,0.9370629370629371,0.07072205736894165,1.487238036688586
core_logistic,2025-12,responded_strict,0.64,2022,1295,135,0.10424710424710425,0.9440559440559441,0.07072205736894165,1.474039474039474
core_logistic,2025-12,responded_strict,0.65,2022,1315,135,0.10266159695817491,0.9440559440559441,0.07072205736894165,1.4516206227232842
core_logistic,2025-12,responded_strict,0.66,2022,1335,136,0.10187265917602996,0.951048951048951,0.07072205736894165,1.4404651528247032
core_logistic,2025-12,responded_strict,0.67,2022,1355,136,0.1003690036900369,0.951048951048951,0.07072205736894165,1.419203674554228
core_logistic,2025-12,responded_strict,0.68,2022,1375,136,0.0989090909090909,0.951048951048951,0.07072205736894165,1.3985607120152572
core_logistic,2025-12,responded_strict,0.69,2022,1396,137,0.09813753581661891,0.958041958041958,0.07072205736894165,1.3876510309175065
core_logistic,2025-12,responded_strict,0.7,2022,1416,137,0.09675141242937853,0.958041958041958,0.07072205736894165,1.3680514400853383
core_logistic,2025-12,responded_strict,0.71,2022,1436,137,0.09540389972144847,0.958041958041958,0.07072205736894165,1.3489977988585231
core_logistic,2025-12,responded_strict,0.72,2022,1456,137,0.09409340659340659,0.958041958041958,0.07072205736894165,1.330467609313763
core_logistic,2025-12,responded_strict,0.73,2022,1477,137,0.0927555856465809,0.958041958041958,0.07072205736894165,1.3115510082334725
core_logistic,2025-12,responded_strict,0.74,2022,1497,137,0.09151636606546426,0.958041958041958,0.07072205736894165,1.2940286166739072
core_logistic,2025-12,responded_strict,0.75,2022,1517,137,0.0903098220171391,0.958041958041958,0.07072205736894165,1.2769682525780086
core_logistic,2025-12,responded_strict,0.76,2022,1537,138,0.08978529603122967,0.965034965034965,0.07072205736894165,1.2695515284975272
core_logistic,2025-12,responded_strict,0.77,2022,1557,138,0.08863198458574181,0.965034965034965,0.07072205736894165,1.2532438659606289
core_logistic,2025-12,responded_strict,0.78,2022,1578,140,0.08871989860583017,0.9790209790209791,0.07072205736894165,1.2544869579090112
core_logistic,2025-12,responded_strict,0.79,2022,1598,140,0.08760951188986232,0.9790209790209791,0.07072205736894165,1.2387862450440672
core_logistic,2025-12,responded_strict,0.8,2022,1618,140,0.0865265760197775,0.9790209790209791,0.07072205736894165,1.22347368330063
core_logistic,2025-12,responded_strict,0.81,2022,1638,140,0.08547008547008547,0.9790209790209791,0.07072205736894165,1.2085350546889009
core_logistic,2025-12,responded_strict,0.82,2022,1659,140,0.08438818565400844,0.9790209790209791,0.07072205736894165,1.1932371426042312
core_logistic,2025-12,responded_strict,0.83,2022,1679,140,0.08338296605122096,0.9790209790209791,0.07072205736894165,1.1790234780109705
core_logistic,2025-12,responded_strict,0.84,2022,1699,140,0.0824014125956445,0.9790209790209791,0.07072205736894165,1.1651444494293228
core_logistic,2025-12,responded_strict,0.85,2022,1719,140,0.08144269924374636,0.9790209790209791,0.07072205736894165,1.1515883767192667
core_logistic,2025-12,responded_strict,0.86,2022,1739,140,0.08050603795284646,0.9790209790209791,0.07072205736894165,1.1383441170675213
core_logistic,2025-12,responded_strict,0.87,2022,1760,140,0.07954545454545454,0.9790209790209791,0.07072205736894165,1.1247616020343292
core_logistic,2025-12,responded_strict,0.88,2022,1780,140,0.07865168539325842,0.9790209790209791,0.07072205736894165,1.1121238312249546
core_logistic,2025-12,responded_strict,0.89,2022,1800,141,0.07833333333333334,0.986013986013986,0.07072205736894165,1.1076223776223777
core_logistic,2025-12,responded_strict,0.9,2022,1820,142,0.07802197802197802,0.993006993006993,0.07072205736894165,1.1032198570660108
core_logistic,2025-12,responded_strict,0.91,2022,1841,142,0.07713199348180337,0.993006993006993,0.07072205736894165,1.0906356001413036
core_logistic,2025-12,responded_strict,0.92,2022,1861,142,0.07630306286942504,0.993006993006993,0.07072205736894165,1.0789146372166254
core_logistic,2025-12,responded_strict,0.93,2022,1881,142,0.07549175970228601,0.993006993006993,0.07072205736894165,1.0674429239022538
core_logistic,2025-12,responded_strict,0.94,2022,1901,142,0.07469752761704367,0.993006993006993,0.07072205736894165,1.0562125932983377
core_logistic,2025-12,responded_strict,0.95,2022,1921,143,0.07444039562727746,1.0,0.07072205736894165,1.0525767829255595
core_logistic,2025-12,responded_strict,0.96,2022,1942,143,0.07363542739443872,1.0,0.07072205736894165,1.0411946446961895
core_logistic,2025-12,responded_strict,0.97,2022,1962,143,0.0728848114169215,1.0,0.07072205736894165,1.0305810397553516
core_logistic,2025-12,responded_strict,0.98,2022,1982,143,0.07214934409687185,1.0,0.07072205736894165,1.0201816347124117
core_logistic,2025-12,responded_strict,0.99,2022,2002,143,0.07142857142857142,1.0,0.07072205736894165,1.0099900099900099
core_logistic,2025-12,responded_strict,1.0,2022,2022,143,0.07072205736894165,1.0,0.07072205736894165,1.0
extended_logistic,2025-10,responded_strict,0.01,2021,21,11,0.5238095238095238,0.06918238993710692,0.07867392380009897,6.657981431566337
extended_logistic,2025-10,responded_strict,0.02,2021,41,18,0.43902439024390244,0.11320754716981132,0.07867392380009897,5.580303727565577
extended_logistic,2025-10,responded_strict,0.03,2021,61,25,0.4098360655737705,0.15723270440251572,0.07867392380009897,5.209299927827611
extended_logistic,2025-10,responded_strict,0.04,2021,81,30,0.37037037037037035,0.18867924528301888,0.07867392380009897,4.707663638481248
extended_logistic,2025-10,responded_strict,0.05,2021,102,36,0.35294117647058826,0.22641509433962265,0.07867392380009897,4.486126526082131
extended_logistic,2025-10,responded_strict,0.06,2021,122,39,0.319672131147541,0.24528301886792453,0.07867392380009897,4.063253943705536
extended_logistic,2025-10,responded_strict,0.07,2021,142,42,0.29577464788732394,0.2641509433962264,0.07867392380009897,3.7595003986181235
extended_logistic,2025-10,responded_strict,0.08,2021,162,45,0.2777777777777778,0.2830188679245283,0.07867392380009897,3.5307477288609364
extended_logistic,2025-10,responded_strict,0.09,2021,182,50,0.27472527472527475,0.31446540880503143,0.07867392380009897,3.491948303269058
extended_logistic,2025-10,responded_strict,0.1,2021,203,56,0.27586206896551724,0.3522012578616352,0.07867392380009897,3.506397744523964
extended_logistic,2025-10,responded_strict,0.11,2021,223,59,0.2645739910313901,0.3710691823899371,0.07867392380009897,3.3629184646191157
extended_logistic,2025-10,responded_strict,0.12,2021,243,66,0.2716049382716049,0.41509433962264153,0.07867392380009897,3.452286668219582
extended_logistic,2025-10,responded_strict,0.13,2021,263,69,0.2623574144486692,0.4339622641509434,0.07867392380009897,3.3347442427720786
extended_logistic,2025-10,responded_strict,0.14,2021,283,72,0.254416961130742,0.4528301886792453,0.07867392380009897,3.2338155877058465
extended_logistic,2025-10,responded_strict,0.15,2021,304,74,0.24342105263157895,0.46540880503144655,0.07867392380009897,3.094049983449189
extended_logistic,2025-10,responded_strict,0.16,2021,324,75,0.23148148148148148,0.4716981132075472,0.07867392380009897,2.94228977405078
extended_logistic,2025-10,responded_strict,0.17,2021,344,77,0.2238372093023256,0.48427672955974843,0.07867392380009897,2.8451257861635217
extended_logistic,2025-10,responded_strict,0.18,2021,364,78,0.21428571428571427,0.49056603773584906,0.07867392380009897,2.723719676549865
extended_logistic,2025-10,responded_strict,0.19,2021,384,80,0.20833333333333334,0.5031446540880503,0.07867392380009897,2.6480607966457024
extended_logistic,2025-10,responded_strict,0.2,2021,405,81,0.2,0.5094339622641509,0.07867392380009897,2.5421383647798743
extended_logistic,2025-10,responded_strict,0.21,2021,425,84,0.1976470588235294,0.5283018867924528,0.07867392380009897,2.512230854605993
extended_logistic,2025-10,responded_strict,0.22,2021,445,88,0.19775280898876405,0.5534591194968553,0.07867392380009897,2.513575012366617
extended_logistic,2025-10,responded_strict,0.23,2021,465,91,0.1956989247311828,0.5723270440251572,0.07867392380009897,2.4874687225265437
extended_logistic,2025-10,responded_strict,0.24,2021,486,96,0.19753086419753085,0.6037735849056604,0.07867392380009897,2.5107539405233323
extended_logistic,2025-10,responded_strict,0.25,2021,506,98,0.19367588932806323,0.6163522012578616,0.07867392380009897,2.4617545429686527
extended_logistic,2025-10,responded_strict,0.26,2021,526,99,0.188212927756654,0.6226415094339622,0.07867392380009897,2.392316521988665
extended_logistic,2025-10,responded_strict,0.27,2021,546,102,0.18681318681318682,0.6415094339622641,0.07867392380009897,2.3745248462229593
extended_logistic,2025-10,responded_strict,0.28,2021,566,105,0.1855123674911661,0.660377358490566,0.07867392380009897,2.35799053270218
extended_logistic,2025-10,responded_strict,0.29,2021,587,106,0.18057921635434412,0.6666666666666666,0.07867392380009897,2.295286768881317
extended_logistic,2025-10,responded_strict,0.3,2021,607,110,0.1812191103789127,0.6918238993710691,0.07867392380009897,2.303420264627563
extended_logistic,2025-10,responded_strict,0.31,2021,627,113,0.18022328548644337,0.710691823899371,0.07867392380009897,2.2907626413088176
extended_logistic,2025-10,responded_strict,0.32,2021,647,115,0.1777434312210201,0.7232704402515723,0.07867392380009897,2.2592419779728403
extended_logistic,2025-10,responded_strict,0.33,2021,667,116,0.17391304347826086,0.7295597484276729,0.07867392380009897,2.210555099808586
extended_logistic,2025-10,responded_strict,0.34,2021,688,120,0.1744186046511628,0.7547169811320755,0.07867392380009897,2.2169811320754715
extended_logistic,2025-10,responded_strict,0.35,2021,708,121,0.1709039548022599,0.7610062893081762,0.07867392380009897,2.172307500977152
extended_logistic,2025-10,responded_strict,0.36,2021,728,121,0.1662087912087912,0.7610062893081762,0.07867392380009897,2.11262872347778
extended_logistic,2025-10,responded_strict,0.37,2021,748,125,0.16711229946524064,0.7861635220125787,0.07867392380009897,2.1241129384858572
extended_logistic,2025-10,responded_strict,0.38,2021,768,126,0.1640625,0.7924528301886793,0.07867392380009897,2.0853478773584904
extended_logistic,2025-10,responded_strict,0.39,2021,789,127,0.16096324461343473,0.7987421383647799,0.07867392380009897,2.045954197256299
extended_logistic,2025-10,responded_strict,0.4,2021,809,128,0.15822002472187885,0.8050314465408805,0.07867392380009897,2.0110859746095415
extended_logistic,2025-10,responded_strict,0.41,2021,829,130,0.15681544028950542,0.8176100628930818,0.07867392380009897,1.9932327347489964
extended_logistic,2025-10,responded_strict,0.42,2021,849,131,0.15429917550058891,0.8238993710691824,0.07867392380009897,1.9612492684697496
extended_logistic,2025-10,responded_strict,0.43,2021,870,132,0.15172413793103448,0.8301886792452831,0.07867392380009897,1.9285187594881803
extended_logistic,2025-10,responded_strict,0.44,2021,890,133,0.149438202247191,0.8364779874213837,0.07867392380009897,1.8994629354815913
extended_logistic,2025-10,responded_strict,0.45,2021,910,133,0.14615384615384616,0.8364779874213837,0.07867392380009897,1.857716497339139
extended_logistic,2025-10,responded_strict,0.46,2021,930,134,0.14408602150537633,0.8427672955974843,0.07867392380009897,1.8314330154865759
extended_logistic,2025-10,responded_strict,0.47,2021,950,134,0.14105263157894737,0.8427672955974843,0.07867392380009897,1.7928765309500165
extended_logistic,2025-10,responded_strict,0.48,2021,971,138,0.14212152420185376,0.8679245283018868,0.07867392380009897,1.806462895672619
extended_logistic,2025-10,responded_strict,0.49,2021,991,138,0.13925327951564076,0.8679245283018868,0.07867392380009897,1.7700055213906287
extended_logistic,2025-10,responded_strict,0.5,2021,1011,139,0.13748763600395647,0.8742138364779874,0.07867392380009897,1.7475629708427423
extended_logistic,2025-10,responded_strict,0.51,2021,1031,142,0.13773035887487875,0.8930817610062893,0.07867392380009897,1.7506481464536474
extended_logistic,2025-10,responded_strict,0.52,2021,1051,143,0.13606089438629876,0.89937106918239,0.07867392380009897,1.7294280978283634
extended_logistic,2025-10,responded_strict,0.53,2021,1072,144,0.13432835820895522,0.9056603773584906,0.07867392380009897,1.707406364404393
extended_logistic,2025-10,responded_strict,0.54,2021,1092,145,0.13278388278388278,0.9119496855345912,0.07867392380009897,1.6877750132467113
extended_logistic,2025-10,responded_strict,0.55,2021,1112,145,0.1303956834532374,0.9119496855345912,0.07867392380009897,1.657419347540835
extended_logistic,2025-10,responded_strict,0.56,2021,1132,146,0.12897526501766785,0.9182389937106918,0.07867392380009897,1.6393648465453252
extended_logistic,2025-10,responded_strict,0.57,2021,1152,146,0.1267361111111111,0.9182389937106918,0.07867392380009897,1.610903651292802
extended_logistic,2025-10,responded_strict,0.58,2021,1173,147,0.12531969309462915,0.9245283018867925,0.07867392380009897,1.592899998391481
extended_logistic,2025-10,responded_strict,0.59,2021,1193,147,0.12321877619446772,0.9245283018867925,0.07867392380009897,1.5661958911259073
extended_logistic,2025-10,responded_strict,0.6,2021,1213,147,0.12118713932399011,0.9245283018867925,0.07867392380009897,1.540372380967195
extended_logistic,2025-10,responded_strict,0.61,2021,1233,147,0.1192214111922141,0.9245283018867925,0.07867392380009897,1.5153866164746208
extended_logistic,2025-10,responded_strict,0.62,2021,1254,148,0.11802232854864433,0.9308176100628931,0.07867392380009897,1.5001454465208188
extended_logistic,2025-10,responded_strict,0.63,2021,1274,148,0.11616954474097331,0.9308176100628931,0.07867392380009897,1.4765952825252016
extended_logistic,2025-10,responded_strict,0.64,2021,1294,148,0.1143740340030912,0.9308176100628931,0.07867392380009897,1.4537730988694797
extended_logistic,2025-10,responded_strict,0.65,2021,1314,150,0.1141552511415525,0.9433962264150944,0.07867392380009897,1.4509922173401106
extended_logistic,2025-10,responded_strict,0.66,2021,1334,151,0.11319340329835083,0.949685534591195,0.07867392380009897,1.4387664658236918
extended_logistic,2025-10,responded_strict,0.67,2021,1355,151,0.11143911439114391,0.949685534591195,0.07867392380009897,1.4164682401540996
extended_logistic,2025-10,responded_strict,0.68,2021,1375,151,0.10981818181818181,0.949685534591195,0.07867392380009897,1.395865065751858
extended_logistic,2025-10,responded_strict,0.69,2021,1395,151,0.1082437275985663,0.949685534591195,0.07867392380009897,1.3758526633754873
extended_logistic,2025-10,responded_strict,0.7,2021,1415,153,0.10812720848056537,0.9622641509433962,0.07867392380009897,1.3743716247749849
extended_logistic,2025-10,responded_strict,0.71,2021,1435,154,0.1073170731707317,0.9685534591194969,0.07867392380009897,1.3640742445160299
extended_logistic,2025-10,responded_strict,0.72,2021,1456,154,0.10576923076923077,0.9685534591194969,0.07867392380009897,1.3444000967585872
extended_logistic,2025-10,responded_strict,0.73,2021,1476,154,0.1043360433604336,0.9685534591194969,0.07867392380009897,1.3261832932794735
extended_logistic,2025-10,responded_strict,0.74,2021,1496,154,0.10294117647058823,0.9685534591194969,0.07867392380009897,1.3084535701072881
extended_logistic,2025-10,responded_strict,0.75,2021,1516,154,0.10158311345646438,0.9685534591194969,0.07867392380009897,1.291191649657324
extended_logistic,2025-10,responded_strict,0.76,2021,1536,154,0.10026041666666667,0.9685534591194969,0.07867392380009897,1.2743792583857443
extended_logistic,2025-10,responded_strict,0.77,2021,1557,155,0.09955041746949261,0.9748427672955975,0.07867392380009897,1.2653546773952489
extended_logistic,2025-10,responded_strict,0.78,2021,1577,155,0.09828788839568801,0.9748427672955975,0.07867392380009897,1.2493070594194053
extended_logistic,2025-10,responded_strict,0.79,2021,1597,155,0.09705698184095178,0.9748427672955975,0.07867392380009897,1.2336613855381355
extended_logistic,2025-10,responded_strict,0.8,2021,1617,155,0.095856524427953,0.9748427672955975,0.07867392380009897,1.2184027413137926
extended_logistic,2025-10,responded_strict,0.81,2021,1638,156,0.09523809523809523,0.9811320754716981,0.07867392380009897,1.2105420784666066
extended_logistic,2025-10,responded_strict,0.82,2021,1658,156,0.09408926417370325,0.9811320754716981,0.07867392380009897,1.1959396408493979
extended_logistic,2025-10,responded_strict,0.83,2021,1678,157,0.0935637663885578,0.9874213836477987,0.07867392380009897,1.1892602004482724
extended_logistic,2025-10,responded_strict,0.84,2021,1698,158,0.09305064782096584,0.9937106918238994,0.07867392380009897,1.1827381084664903
extended_logistic,2025-10,responded_strict,0.85,2021,1718,158,0.0919674039580908,0.9937106918238994,0.07867392380009897,1.1689693295553554
extended_logistic,2025-10,responded_strict,0.86,2021,1739,158,0.09085681426106958,0.9937106918238994,0.07867392380009897,1.1548529661737208
extended_logistic,2025-10,responded_strict,0.87,2021,1759,158,0.08982376350198977,0.9937106918238994,0.07867392380009897,1.141722176336612
extended_logistic,2025-10,responded_strict,0.88,2021,1779,158,0.08881394041596402,0.9937106918238994,0.07867392380009897,1.1288866262934798
extended_logistic,2025-10,responded_strict,0.89,2021,1799,158,0.08782657031684268,0.9937106918238994,0.07867392380009897,1.1163364692474154
extended_logistic,2025-10,responded_strict,0.9,2021,1819,159,0.08741066520065971,1.0,0.07867392380009897,1.1110500274876305
extended_logistic,2025-10,responded_strict,0.91,2021,1840,159,0.08641304347826087,1.0,0.07867392380009897,1.0983695652173913
extended_logistic,2025-10,responded_strict,0.92,2021,1860,159,0.08548387096774193,1.0,0.07867392380009897,1.0865591397849461
extended_logistic,2025-10,responded_strict,0.93,2021,1880,159,0.08457446808510638,1.0,0.07867392380009897,1.075
extended_logistic,2025-10,responded_strict,0.94,2021,1900,159,0.08368421052631579,1.0,0.07867392380009897,1.0636842105263158
extended_logistic,2025-10,responded_strict,0.95,2021,1920,159,0.0828125,1.0,0.07867392380009897,1.0526041666666666
extended_logistic,2025-10,responded_strict,0.96,2021,1941,159,0.08191653786707882,1.0,0.07867392380009897,1.0412158681092218
extended_logistic,2025-10,responded_strict,0.97,2021,1961,159,0.08108108108108109,1.0,0.07867392380009897,1.0305966343702193
extended_logistic,2025-10,responded_strict,0.98,2021,1981,159,0.08026249369005553,1.0,0.07867392380009897,1.0201918223119637
extended_logistic,2025-10,responded_strict,0.99,2021,2001,159,0.07946026986506746,1.0,0.07867392380009897,1.0099950024987505
extended_logistic,2025-10,responded_strict,1.0,2021,2021,159,0.07867392380009897,1.0,0.07867392380009897,1.0
extended_logistic,2025-11,responded_strict,0.01,2017,21,8,0.38095238095238093,0.05063291139240506,0.07833415964303421,4.863170584689572
extended_logistic,2025-11,responded_strict,0.02,2017,41,15,0.36585365853658536,0.0949367088607595,0.07833415964303421,4.670422970052485
extended_logistic,2025-11,responded_strict,0.03,2017,61,23,0.3770491803278688,0.14556962025316456,0.07833415964303421,4.81334301722349
extended_logistic,2025-11,responded_strict,0.04,2017,81,26,0.32098765432098764,0.16455696202531644,0.07833415964303421,4.097671511173621
extended_logistic,2025-11,responded_strict,0.05,2017,101,32,0.31683168316831684,0.20253164556962025,0.07833415964303421,4.044617119939842
extended_logistic,2025-11,responded_strict,0.06,2017,122,36,0.29508196721311475,0.22784810126582278,0.07833415964303421,3.766964100435775
extended_logistic,2025-11,responded_strict,0.07,2017,142,39,0.2746478873239437,0.2468354430379747,0.07833415964303421,3.5061062577999644
extended_logistic,2025-11,responded_strict,0.08,2017,162,45,0.2777777777777778,0.2848101265822785,0.07833415964303421,3.54606188466948
extended_logistic,2025-11,responded_strict,0.09,2017,182,49,0.2692307692307692,0.310126582278481,0.07833415964303421,3.436952288218111
extended_logistic,2025-11,responded_strict,0.1,2017,202,57,0.28217821782178215,0.36075949367088606,0.07833415964303421,3.6022371224464216
extended_logistic,2025-11,responded_strict,0.11,2017,222,60,0.2702702702702703,0.379746835443038,0.07833415964303421,3.4502223742730074
extended_logistic,2025-11,responded_strict,0.12,2017,243,63,0.25925925925925924,0.3987341772151899,0.07833415964303421,3.3096577590248475
extended_logistic,2025-11,responded_strict,0.13,2017,263,68,0.2585551330798479,0.43037974683544306,0.07833415964303421,3.3006690090003366
extended_logistic,2025-11,responded_strict,0.14,2017,283,71,0.2508833922261484,0.44936708860759494,0.07833415964303421,3.2027329248110212
extended_logistic,2025-11,responded_strict,0.15,2017,303,73,0.24092409240924093,0.4620253164556962,0.07833415964303421,3.0755942682875883
extended_logistic,2025-11,responded_strict,0.16,2017,323,76,0.23529411764705882,0.4810126582278481,0.07833415964303421,3.003723008190618
extended_logistic,2025-11,responded_strict,0.17,2017,343,79,0.2303206997084548,0.5,0.07833415964303421,2.9402332361516037
extended_logistic,2025-11,responded_strict,0.18,2017,364,81,0.22252747252747251,0.5126582278481012,0.07833415964303421,2.8407462790374183
extended_logistic,2025-11,responded_strict,0.19,2017,384,82,0.21354166666666666,0.5189873417721519,0.07833415964303421,2.7260350738396624
extended_logistic,2025-11,responded_strict,0.2,2017,404,84,0.2079207920792079,0.5316455696202531,0.07833415964303421,2.6542799849605214
extended_logistic,2025-11,responded_strict,0.21,2017,424,87,0.20518867924528303,0.5506329113924051,0.07833415964303421,2.6194023166945306
extended_logistic,2025-11,responded_strict,0.22,2017,444,88,0.1981981981981982,0.5569620253164557,0.07833415964303421,2.530163074466872
extended_logistic,2025-11,responded_strict,0.23,2017,464,90,0.1939655172413793,0.569620253164557,0.07833415964303421,2.4761294194674814
extended_logistic,2025-11,responded_strict,0.24,2017,485,93,0.19175257731958764,0.5886075949367089,0.07833415964303421,2.4478794205924572
extended_logistic,2025-11,responded_strict,0.25,2017,505,93,0.18415841584158416,0.5886075949367089,0.07833415964303421,2.350933700965033
extended_logistic,2025-11,responded_strict,0.26,2017,525,94,0.17904761904761904,0.5949367088607594,0.07833415964303421,2.2856901748040985
extended_logistic,2025-11,responded_strict,0.27,2017,545,97,0.1779816513761468,0.6139240506329114,0.07833415964303421,2.2720822204157476
extended_logistic,2025-11,responded_strict,0.28,2017,565,100,0.17699115044247787,0.6329113924050633,0.07833415964303421,2.259437661028341
extended_logistic,2025-11,responded_strict,0.29,2017,585,106,0.1811965811965812,0.6708860759493671,0.07833415964303421,2.313123444769014
extended_logistic,2025-11,responded_strict,0.3,2017,606,109,0.17986798679867988,0.689873417721519,0.07833415964303421,2.296162844132515
extended_logistic,2025-11,responded_strict,0.31,2017,626,109,0.17412140575079874,0.689873417721519,0.07833415964303421,2.2228030088567157
extended_logistic,2025-11,responded_strict,0.32,2017,646,112,0.17337461300309598,0.7088607594936709,0.07833415964303421,2.2132695849825605
extended_logistic,2025-11,responded_strict,0.33,2017,666,113,0.16966966966966968,0.7151898734177216,0.07833415964303421,2.1659729349602768
extended_logistic,2025-11,responded_strict,0.34,2017,686,115,0.16763848396501457,0.7278481012658228,0.07833415964303421,2.1400431782116103
extended_logistic,2025-11,responded_strict,0.35,2017,706,115,0.16288951841359772,0.7278481012658228,0.07833415964303421,2.0794187255710543
extended_logistic,2025-11,responded_strict,0.36,2017,727,115,0.15818431911966988,0.7278481012658228,0.07833415964303421,2.019352985217558
extended_logistic,2025-11,responded_strict,0.37,2017,747,116,0.15528781793842034,0.7341772151898734,0.07833415964303421,1.982376764441733
extended_logistic,2025-11,responded_strict,0.38,2017,767,118,0.15384615384615385,0.7468354430379747,0.07833415964303421,1.9639727361246349
extended_logistic,2025-11,responded_strict,0.39,2017,787,119,0.15120711562897077,0.7531645569620253,0.07833415964303421,1.9302832419217344
extended_logistic,2025-11,responded_strict,0.4,2017,807,122,0.15117719950433706,0.7721518987341772,0.07833415964303421,1.9299013379762522
extended_logistic,2025-11,responded_strict,0.41,2017,827,123,0.1487303506650544,0.7784810126582279,0.07833415964303421,1.8986652993127515
extended_logistic,2025-11,responded_strict,0.42,2017,848,124,0.14622641509433962,0.7848101265822784,0.07833415964303421,1.866700501552424
extended_logistic,2025-11,responded_strict,0.43,2017,868,125,0.14400921658986174,0.7911392405063291,0.07833415964303421,1.8383961383655134
extended_logistic,2025-11,responded_strict,0.44,2017,888,125,0.14076576576576577,0.7911392405063291,0.07833415964303421,1.796990819933858
extended_logistic,2025-11,responded_strict,0.45,2017,908,125,0.13766519823788545,0.7911392405063291,0.07833415964303421,1.757409524340601
extended_logistic,2025-11,responded_strict,0.46,2017,928,126,0.13577586206896552,0.7974683544303798,0.07833415964303421,1.7332905936272371
extended_logistic,2025-11,responded_strict,0.47,2017,948,126,0.13291139240506328,0.7974683544303798,0.07833415964303421,1.6967232815253963
extended_logistic,2025-11,responded_strict,0.48,2017,969,127,0.13106295149638802,0.8037974683544303,0.07833415964303421,1.6731264124570546
extended_logistic,2025-11,responded_strict,0.49,2017,989,128,0.12942366026289182,0.810126582278481,0.07833415964303421,1.6521995110775494
extended_logistic,2025-11,responded_strict,0.5,2017,1009,128,0.12685827552031714,0.810126582278481,0.07833415964303421,1.6194502640789854
extended_logistic,2025-11,responded_strict,0.51,2017,1029,131,0.12730806608357628,0.8291139240506329,0.07833415964303421,1.6251922106998313
extended_logistic,2025-11,responded_strict,0.52,2017,1049,132,0.12583412774070543,0.8354430379746836,0.07833415964303421,1.6063761750190053
extended_logistic,2025-11,responded_strict,0.53,2017,1070,132,0.1233644859813084,0.8354430379746836,0.07833415964303421,1.5748491659765762
extended_logistic,2025-11,responded_strict,0.54,2017,1090,132,0.12110091743119267,0.8354430379746836,0.07833415964303421,1.545952851004529
extended_logistic,2025-11,responded_strict,0.55,2017,1110,133,0.11981981981981982,0.8417721518987342,0.07833415964303421,1.5295985859276997
extended_logistic,2025-11,responded_strict,0.56,2017,1130,133,0.11769911504424779,0.8417721518987342,0.07833415964303421,1.5025260445838469
extended_logistic,2025-11,responded_strict,0.57,2017,1150,134,0.11652173913043479,0.8481012658227848,0.07833415964303421,1.4874958723170062
extended_logistic,2025-11,responded_strict,0.58,2017,1170,134,0.11452991452991453,0.8481012658227848,0.07833415964303421,1.4620685924483392
extended_logistic,2025-11,responded_strict,0.59,2017,1191,137,0.11502938706968933,0.8670886075949367,0.07833415964303421,1.4684447703769834
extended_logistic,2025-11,responded_strict,0.6,2017,1211,137,0.11312964492155243,0.8670886075949367,0.07833415964303421,1.4441929987770332
extended_logistic,2025-11,responded_strict,0.61,2017,1231,137,0.11129163281884646,0.8670886075949367,0.07833415964303421,1.4207292619975527
extended_logistic,2025-11,responded_strict,0.62,2017,1251,138,0.11031175059952038,0.8734177215189873,0.07833415964303421,1.4082202592356494
extended_logistic,2025-11,responded_strict,0.63,2017,1271,138,0.10857592446892211,0.8734177215189873,0.07833415964303421,1.3860610104671893
extended_logistic,2025-11,responded_strict,0.64,2017,1291,141,0.10921766072811774,0.8924050632911392,0.07833415964303421,1.3942533018266676
extended_logistic,2025-11,responded_strict,0.65,2017,1312,142,0.10823170731707317,0.8987341772151899,0.07833415964303421,1.3816667953071935
extended_logistic,2025-11,responded_strict,0.66,2017,1332,143,0.10735735735735735,0.9050632911392406,0.07833415964303421,1.3705049986695557
extended_logistic,2025-11,responded_strict,0.67,2017,1352,144,0.10650887573964497,0.9113924050632911,0.07833415964303421,1.3596734327016704
extended_logistic,2025-11,responded_strict,0.68,2017,1372,145,0.10568513119533528,0.9177215189873418,0.07833415964303421,1.3491576558290586
extended_logistic,2025-11,responded_strict,0.69,2017,1392,145,0.10416666666666667,0.9177215189873418,0.07833415964303421,1.3297732067510548
extended_logistic,2025-11,responded_strict,0.7,2017,1412,145,0.10269121813031161,0.9177215189873418,0.07833415964303421,1.3109378922078387
extended_logistic,2025-11,responded_strict,0.71,2017,1433,145,0.10118632240055828,0.9177215189873418,0.07833415964303421,1.2917266600121902
extended_logistic,2025-11,responded_strict,0.72,2017,1453,145,0.09979353062629043,0.9177215189873418,0.07833415964303421,1.2739465270457455
extended_logistic,2025-11,responded_strict,0.73,2017,1473,148,0.10047522063815342,0.9367088607594937,0.07833415964303421,1.2826488609313635
extended_logistic,2025-11,responded_strict,0.74,2017,1493,150,0.10046885465505694,0.9493670886075949,0.07833415964303421,1.2825675939193029
extended_logistic,2025-11,responded_strict,0.75,2017,1513,150,0.0991407799074686,0.9493670886075949,0.07833415964303421,1.2656136270466085
extended_logistic,2025-11,responded_strict,0.76,2017,1533,150,0.09784735812133072,0.9493670886075949,0.07833415964303421,1.24910203373876
extended_logistic,2025-11,responded_strict,0.77,2017,1554,151,0.09716859716859717,0.9556962025316456,0.07833415964303421,1.2404370917029146
extended_logistic,2025-11,responded_strict,0.78,2017,1574,151,0.09593392630241424,0.9556962025316456,0.07833415964303421,1.2246755022276552
extended_logistic,2025-11,responded_strict,0.79,2017,1594,152,0.09535759096612297,0.9620253164556962,0.07833415964303421,1.2173181074599368
extended_logistic,2025-11,responded_strict,0.8,2017,1614,153,0.09479553903345725,0.9683544303797469,0.07833415964303421,1.2101430520916663
extended_logistic,2025-11,responded_strict,0.81,2017,1634,154,0.09424724602203183,0.9746835443037974,0.07833415964303421,1.2031436406736595
extended_logistic,2025-11,responded_strict,0.82,2017,1654,155,0.09371221281741234,0.9810126582278481,0.07833415964303421,1.196313501599498
extended_logistic,2025-11,responded_strict,0.83,2017,1675,155,0.09253731343283582,0.9810126582278481,0.07833415964303421,1.1813149442660116
extended_logistic,2025-11,responded_strict,0.84,2017,1695,156,0.0920353982300885,0.9873417721518988,0.07833415964303421,1.1749075837347374
extended_logistic,2025-11,responded_strict,0.85,2017,1715,156,0.09096209912536443,0.9873417721518988,0.07833415964303421,1.1612060375687345
extended_logistic,2025-11,responded_strict,0.86,2017,1735,157,0.0904899135446686,0.9936708860759493,0.07833415964303421,1.1551782001240287
extended_logistic,2025-11,responded_strict,0.87,2017,1755,157,0.08945868945868946,0.9936708860759493,0.07833415964303421,1.1420137761909914
extended_logistic,2025-11,responded_strict,0.88,2017,1775,157,0.08845070422535212,0.9936708860759493,0.07833415964303421,1.1291460153325015
extended_logistic,2025-11,responded_strict,0.89,2017,1796,157,0.08741648106904232,0.9936708860759493,0.07833415964303421,1.1159433057991035
extended_logistic,2025-11,responded_strict,0.9,2017,1816,157,0.08645374449339208,0.9936708860759493,0.07833415964303421,1.1036531812858976
extended_logistic,2025-11,responded_strict,0.91,2017,1836,158,0.0860566448801743,1.0,0.07833415964303421,1.0985838779956427
extended_logistic,2025-11,responded_strict,0.92,2017,1856,158,0.08512931034482758,1.0,0.07833415964303421,1.0867456896551724
extended_logistic,2025-11,responded_strict,0.93,2017,1876,158,0.08422174840085288,1.0,0.07833415964303421,1.0751599147121536
extended_logistic,2025-11,responded_strict,0.94,2017,1896,158,0.08333333333333333,1.0,0.07833415964303421,1.0638185654008439
extended_logistic,2025-11,responded_strict,0.95,2017,1917,158,0.08242044861763172,1.0,0.07833415964303421,1.0521648408972353
extended_logistic,2025-11,responded_strict,0.96,2017,1937,158,0.08156943727413526,1.0,0.07833415964303421,1.0413009808982965
extended_logistic,2025-11,responded_strict,0.97,2017,1957,158,0.0807358201328564,1.0,0.07833415964303421,1.0306591722023504
extended_logistic,2025-11,responded_strict,0.98,2017,1977,158,0.07991906929691452,1.0,0.07833415964303421,1.0202326757713707
extended_logistic,2025-11,responded_strict,0.99,2017,1997,158,0.07911867801702553,1.0,0.07833415964303421,1.0100150225338007
extended_logistic,2025-11,responded_strict,1.0,2017,2017,158,0.07833415964303421,1.0,0.07833415964303421,1.0
extended_logistic,2025-12,responded_strict,0.01,2022,21,9,0.42857142857142855,0.06293706293706294,0.07072205736894165,6.059940059940059
extended_logistic,2025-12,responded_strict,0.02,2022,41,16,0.3902439024390244,0.11188811188811189,0.07072205736894165,5.51799420092103
extended_logistic,2025-12,responded_strict,0.03,2022,61,25,0.4098360655737705,0.17482517482517482,0.07072205736894165,5.795024647483664
extended_logistic,2025-12,responded_strict,0.04,2022,81,32,0.3950617283950617,0.22377622377622378,0.07072205736894165,5.586117586117585
extended_logistic,2025-12,responded_strict,0.05,2022,102,35,0.3431372549019608,0.24475524475524477,0.07072205736894165,4.851912793089263
extended_logistic,2025-12,responded_strict,0.06,2022,122,39,0.319672131147541,0.2727272727272727,0.07072205736894165,4.5201192250372575
extended_logistic,2025-12,responded_strict,0.07,2022,142,41,0.2887323943661972,0.2867132867132867,0.07072205736894165,4.08263567418497
extended_logistic,2025-12,responded_strict,0.08,2022,162,44,0.2716049382716049,0.3076923076923077,0.07072205736894165,3.84045584045584
extended_logistic,2025-12,responded_strict,0.09,2022,182,47,0.25824175824175827,0.32867132867132864,0.07072205736894165,3.6515023438100362
extended_logistic,2025-12,responded_strict,0.1,2022,203,51,0.2512315270935961,0.35664335664335667,0.07072205736894165,3.552378655826932
extended_logistic,2025-12,responded_strict,0.11,2022,223,55,0.24663677130044842,0.38461538461538464,0.07072205736894165,3.4874094515350116
extended_logistic,2025-12,responded_strict,0.12,2022,243,57,0.2345679012345679,0.3986013986013986,0.07072205736894165,3.3167573167573163
extended_logistic,2025-12,responded_strict,0.13,2022,263,59,0.22433460076045628,0.4125874125874126,0.07072205736894165,3.172059879284214
extended_logistic,2025-12,responded_strict,0.14,2022,284,61,0.2147887323943662,0.42657342657342656,0.07072205736894165,3.0370826356741847
extended_logistic,2025-12,responded_strict,0.15,2022,304,65,0.2138157894736842,0.45454545454545453,0.07072205736894165,3.0233253588516744
extended_logistic,2025-12,responded_strict,0.16,2022,324,67,0.20679012345679013,0.46853146853146854,0.07072205736894165,2.9239834239834237
extended_logistic,2025-12,responded_strict,0.17,2022,344,71,0.2063953488372093,0.4965034965034965,0.07072205736894165,2.9184013660757846
extended_logistic,2025-12,responded_strict,0.18,2022,364,73,0.20054945054945056,0.5104895104895105,0.07072205736894165,2.835741181895028
extended_logistic,2025-12,responded_strict,0.19,2022,385,74,0.19220779220779222,0.5174825174825175,0.07072205736894165,2.7177912996094813
extended_logistic,2025-12,responded_strict,0.2,2022,405,76,0.18765432098765433,0.5314685314685315,0.07072205736894165,2.6534058534058533
extended_logistic,2025-12,responded_strict,0.21,2022,425,78,0.18352941176470589,0.5454545454545454,0.07072205736894165,2.595080213903743
extended_logistic,2025-12,responded_strict,0.22,2022,445,80,0.1797752808988764,0.5594405594405595,0.07072205736894165,2.5419973285141824
extended_logistic,2025-12,responded_strict,0.23,2022,466,83,0.1781115879828326,0.5804195804195804,0.07072205736894165,2.518472943365647
extended_logistic,2025-12,responded_strict,0.24,2022,486,86,0.17695473251028807,0.6013986013986014,0.07072205736894165,2.5021151687818355
extended_logistic,2025-12,responded_strict,0.25,2022,506,86,0.16996047430830039,0.6013986013986014,0.07072205736894165,2.4032173360236597
extended_logistic,2025-12,responded_strict,0.26,2022,526,87,0.16539923954372623,0.6083916083916084,0.07072205736894165,2.3387221143875134
extended_logistic,2025-12,responded_strict,0.27,2022,546,89,0.163003663003663,0.6223776223776224,0.07072205736894165,2.3048489971566894
extended_logistic,2025-12,responded_strict,0.28,2022,567,90,0.15873015873015872,0.6293706293706294,0.07072205736894165,2.2444222444222444
extended_logistic,2025-12,responded_strict,0.29,2022,587,90,0.15332197614991483,0.6293706293706294,0.07072205736894165,2.1679512991267678
extended_logistic,2025-12,responded_strict,0.3,2022,607,93,0.15321252059308071,0.6503496503496503,0.07072205736894165,2.1664036128616027
extended_logistic,2025-12,responded_strict,0.31,2022,627,97,0.1547049441786284,0.6783216783216783,0.07072205736894165,2.1875062736306754
extended_logistic,2025-12,responded_strict,0.32,2022,648,100,0.15432098765432098,0.6993006993006993,0.07072205736894165,2.182077182077182
extended_logistic,2025-12,responded_strict,0.33,2022,668,100,0.1497005988023952,0.6993006993006993,0.07072205736894165,2.116745529919182
extended_logistic,2025-12,responded_strict,0.34,2022,688,100,0.14534883720930233,0.6993006993006993,0.07072205736894165,2.0552122296308344
extended_logistic,2025-12,responded_strict,0.35,2022,708,102,0.1440677966101695,0.7132867132867133,0.07072205736894165,2.037098494725613
extended_logistic,2025-12,responded_strict,0.36,2022,728,103,0.14148351648351648,0.7202797202797203,0.07072205736894165,2.0005571351725195
extended_logistic,2025-12,responded_strict,0.37,2022,749,104,0.13885180240320427,0.7272727272727273,0.07072205736894165,1.9633450661488043
extended_logistic,2025-12,responded_strict,0.38,2022,769,105,0.13654096228868662,0.7342657342657343,0.07072205736894165,1.9306701101239463
extended_logistic,2025-12,responded_strict,0.39,2022,789,105,0.13307984790874525,0.7342657342657343,0.07072205736894165,1.8817304368635166
extended_logistic,2025-12,responded_strict,0.4,2022,809,108,0.1334981458590853,0.7552447552447552,0.07072205736894165,1.887645111378115
extended_logistic,2025-12,responded_strict,0.41,2022,830,111,0.13373493975903614,0.7762237762237763,0.07072205736894165,1.8909933440053919
extended_logistic,2025-12,responded_strict,0.42,2022,850,112,0.13176470588235295,0.7832167832167832,0.07072205736894165,1.8631345125462773
extended_logistic,2025-12,responded_strict,0.43,2022,870,113,0.12988505747126436,0.7902097902097902,0.07072205736894165,1.8365565469013743
extended_logistic,2025-12,responded_strict,0.44,2022,890,115,0.12921348314606743,0.8041958041958042,0.07072205736894165,1.8270605798695687
extended_logistic,2025-12,responded_strict,0.45,2022,910,117,0.12857142857142856,0.8181818181818182,0.07072205736894165,1.8179820179820176
extended_logistic,2025-12,responded_strict,0.46,2022,931,119,0.12781954887218044,0.8321678321678322,0.07072205736894165,1.8073505441926492
extended_logistic,2025-12,responded_strict,0.47,2022,951,119,0.12513144058885384,0.8321678321678322,0.07072205736894165,1.7693410690256115
extended_logistic,2025-12,responded_strict,0.48,2022,971,121,0.12461380020597322,0.8461538461538461,0.07072205736894165,1.7620217064089359
extended_logistic,2025-12,responded_strict,0.49,2022,991,121,0.12209889001009082,0.8461538461538461,0.07072205736894165,1.7264612279748506
extended_logistic,2025-12,responded_strict,0.5,2022,1011,123,0.12166172106824925,0.8601398601398601,0.07072205736894165,1.7202797202797202
extended_logistic,2025-12,responded_strict,0.51,2022,1032,125,0.12112403100775193,0.8741258741258742,0.07072205736894165,1.712676858025695
extended_logistic,2025-12,responded_strict,0.52,2022,1052,126,0.11977186311787072,0.8811188811188811,0.07072205736894165,1.6935573931771648
extended_logistic,2025-12,responded_strict,0.53,2022,1072,126,0.11753731343283583,0.8811188811188811,0.07072205736894165,1.661961173155203
extended_logistic,2025-12,responded_strict,0.54,2022,1092,127,0.1163003663003663,0.8881118881118881,0.07072205736894165,1.6444709137016829
extended_logistic,2025-12,responded_strict,0.55,2022,1113,127,0.11410601976639713,0.8881118881118881,0.07072205736894165,1.613443160612972
extended_logistic,2025-12,responded_strict,0.56,2022,1133,129,0.11385701676963812,0.9020979020979021,0.07072205736894165,1.6099222930643935
extended_logistic,2025-12,responded_strict,0.57,2022,1153,131,0.11361665221162186,0.916083916083916,0.07072205736894165,1.6065235718314643
extended_logistic,2025-12,responded_strict,0.58,2022,1173,132,0.11253196930946291,0.9230769230769231,0.07072205736894165,1.591186307298839
extended_logistic,2025-12,responded_strict,0.59,2022,1193,132,0.11064543168482817,0.9230769230769231,0.07072205736894165,1.56451092913792
extended_logistic,2025-12,responded_strict,0.6,2022,1214,132,0.10873146622734761,0.9230769230769231,0.07072205736894165,1.5374477252566214
extended_logistic,2025-12,responded_strict,0.61,2022,1234,132,0.10696920583468396,0.9230769230769231,0.07072205736894165,1.5125296097743424
extended_logistic,2025-12,responded_strict,0.62,2022,1254,132,0.10526315789473684,0.9230769230769231,0.07072205736894165,1.4884063305115935
extended_logistic,2025-12,responded_strict,0.63,2022,1274,134,0.10518053375196232,0.9370629370629371,0.07072205736894165,1.487238036688586
extended_logistic,2025-12,responded_strict,0.64,2022,1295,135,0.10424710424710425,0.9440559440559441,0.07072205736894165,1.474039474039474
extended_logistic,2025-12,responded_strict,0.65,2022,1315,135,0.10266159695817491,0.9440559440559441,0.07072205736894165,1.4516206227232842
extended_logistic,2025-12,responded_strict,0.66,2022,1335,135,0.10112359550561797,0.9440559440559441,0.07072205736894165,1.4298734972892275
extended_logistic,2025-12,responded_strict,0.67,2022,1355,135,0.0996309963099631,0.9440559440559441,0.07072205736894165,1.4087683534177997
extended_logistic,2025-12,responded_strict,0.68,2022,1375,135,0.09818181818181818,0.9440559440559441,0.07072205736894165,1.3882771773680862
extended_logistic,2025-12,responded_strict,0.69,2022,1396,135,0.09670487106017192,0.9440559440559441,0.07072205736894165,1.3673933516340393
extended_logistic,2025-12,responded_strict,0.7,2022,1416,135,0.09533898305084745,0.9440559440559441,0.07072205736894165,1.3480798862154793
extended_logistic,2025-12,responded_strict,0.71,2022,1436,135,0.09401114206128133,0.9440559440559441,0.07072205736894165,1.329304400335041
extended_logistic,2025-12,responded_strict,0.72,2022,1456,136,0.09340659340659341,0.951048951048951,0.07072205736894165,1.320756166910013
extended_logistic,2025-12,responded_strict,0.73,2022,1477,136,0.09207853757616791,0.951048951048951,0.07072205736894165,1.3019776432098706
extended_logistic,2025-12,responded_strict,0.74,2022,1497,137,0.09151636606546426,0.958041958041958,0.07072205736894165,1.2940286166739072
extended_logistic,2025-12,responded_strict,0.75,2022,1517,137,0.0903098220171391,0.958041958041958,0.07072205736894165,1.2769682525780086
extended_logistic,2025-12,responded_strict,0.76,2022,1537,137,0.08913467794404685,0.958041958041958,0.07072205736894165,1.2603518797402988
extended_logistic,2025-12,responded_strict,0.77,2022,1557,139,0.0892742453436095,0.972027972027972,0.07072205736894165,1.2623253432501986
extended_logistic,2025-12,responded_strict,0.78,2022,1578,139,0.08808618504435994,0.972027972027972,0.07072205736894165,1.2455263367810894
extended_logistic,2025-12,responded_strict,0.79,2022,1598,139,0.0869837296620776,0.972027972027972,0.07072205736894165,1.2299377718651812
extended_logistic,2025-12,responded_strict,0.8,2022,1618,139,0.08590852904820766,0.972027972027972,0.07072205736894165,1.2147345855627683
extended_logistic,2025-12,responded_strict,0.81,2022,1638,139,0.08485958485958486,0.972027972027972,0.07072205736894165,1.199902661441123
extended_logistic,2025-12,responded_strict,0.82,2022,1659,139,0.08378541289933696,0.972027972027972,0.07072205736894165,1.184714020157058
extended_logistic,2025-12,responded_strict,0.83,2022,1679,139,0.08278737343656939,0.972027972027972,0.07072205736894165,1.1706018817394637
extended_logistic,2025-12,responded_strict,0.84,2022,1699,139,0.08181283107710417,0.972027972027972,0.07072205736894165,1.156821989076256
extended_logistic,2025-12,responded_strict,0.85,2022,1719,139,0.08086096567771961,0.972027972027972,0.07072205736894165,1.1433627454569864
extended_logistic,2025-12,responded_strict,0.86,2022,1739,140,0.08050603795284646,0.9790209790209791,0.07072205736894165,1.1383441170675213
extended_logistic,2025-12,responded_strict,0.87,2022,1760,141,0.08011363636363636,0.986013986013986,0.07072205736894165,1.1327956134774315
extended_logistic,2025-12,responded_strict,0.88,2022,1780,141,0.07921348314606741,0.986013986013986,0.07072205736894165,1.1200675728765614
extended_logistic,2025-12,responded_strict,0.89,2022,1800,142,0.07888888888888888,0.993006993006993,0.07072205736894165,1.1154778554778553
extended_logistic,2025-12,responded_strict,0.9,2022,1820,142,0.07802197802197802,0.993006993006993,0.07072205736894165,1.1032198570660108
extended_logistic,2025-12,responded_strict,0.91,2022,1841,142,0.07713199348180337,0.993006993006993,0.07072205736894165,1.0906356001413036
extended_logistic,2025-12,responded_strict,0.92,2022,1861,142,0.07630306286942504,0.993006993006993,0.07072205736894165,1.0789146372166254
extended_logistic,2025-12,responded_strict,0.93,2022,1881,143,0.07602339181286549,1.0,0.07072205736894165,1.0749601275917064
extended_logistic,2025-12,responded_strict,0.94,2022,1901,143,0.07522356654392424,1.0,0.07072205736894165,1.0636507101525512
extended_logistic,2025-12,responded_strict,0.95,2022,1921,143,0.07444039562727746,1.0,0.07072205736894165,1.0525767829255595
extended_logistic,2025-12,responded_strict,0.96,2022,1942,143,0.07363542739443872,1.0,0.07072205736894165,1.0411946446961895
extended_logistic,2025-12,responded_strict,0.97,2022,1962,143,0.0728848114169215,1.0,0.07072205736894165,1.0305810397553516
extended_logistic,2025-12,responded_strict,0.98,2022,1982,143,0.07214934409687185,1.0,0.07072205736894165,1.0201816347124117
extended_logistic,2025-12,responded_strict,0.99,2022,2002,143,0.07142857142857142,1.0,0.07072205736894165,1.0099900099900099
extended_logistic,2025-12,responded_strict,1.0,2022,2022,143,0.07072205736894165,1.0,0.07072205736894165,1.0
extended_boosting,2025-10,responded_strict,0.01,2021,21,12,0.5714285714285714,0.07547169811320754,0.07867392380009897,7.26325247079964
extended_boosting,2025-10,responded_strict,0.02,2021,41,19,0.4634146341463415,0.11949685534591195,0.07867392380009897,5.890320601319221
extended_boosting,2025-10,responded_strict,0.03,2021,61,23,0.3770491803278688,0.14465408805031446,0.07867392380009897,4.792555933601402
extended_boosting,2025-10,responded_strict,0.04,2021,81,27,0.3333333333333333,0.16981132075471697,0.07867392380009897,4.236897274633123
extended_boosting,2025-10,responded_strict,0.05,2021,102,32,0.3137254901960784,0.20125786163522014,0.07867392380009897,3.987668023184116
extended_boosting,2025-10,responded_strict,0.06,2021,122,36,0.29508196721311475,0.22641509433962265,0.07867392380009897,3.7506959480358795
extended_boosting,2025-10,responded_strict,0.07,2021,142,43,0.3028169014084507,0.27044025157232704,0.07867392380009897,3.849012312870936
extended_boosting,2025-10,responded_strict,0.08,2021,162,47,0.29012345679012347,0.29559748427672955,0.07867392380009897,3.6876698501436445
extended_boosting,2025-10,responded_strict,0.09,2021,182,50,0.27472527472527475,0.31446540880503143,0.07867392380009897,3.491948303269058
extended_boosting,2025-10,responded_strict,0.1,2021,203,57,0.28078817733990147,0.3584905660377358,0.07867392380009897,3.569011989961892
extended_boosting,2025-10,responded_strict,0.11,2021,223,62,0.27802690582959644,0.389937106918239,0.07867392380009897,3.5339143187522915
extended_boosting,2025-10,responded_strict,0.12,2021,243,66,0.2716049382716049,0.41509433962264153,0.07867392380009897,3.452286668219582
extended_boosting,2025-10,responded_strict,0.13,2021,263,71,0.26996197718631176,0.44654088050314467,0.07867392380009897,3.4314034961857613
extended_boosting,2025-10,responded_strict,0.14,2021,283,74,0.26148409893992935,0.46540880503144655,0.07867392380009897,3.323643798475454
extended_boosting,2025-10,responded_strict,0.15,2021,304,75,0.24671052631578946,0.4716981132075472,0.07867392380009897,3.1358614697120157
extended_boosting,2025-10,responded_strict,0.16,2021,324,77,0.23765432098765432,0.48427672955974843,0.07867392380009897,3.020750834692134
extended_boosting,2025-10,responded_strict,0.17,2021,344,78,0.22674418604651161,0.49056603773584906,0.07867392380009897,2.882075471698113
extended_boosting,2025-10,responded_strict,0.18,2021,364,80,0.21978021978021978,0.5031446540880503,0.07867392380009897,2.7935586426152463
extended_boosting,2025-10,responded_strict,0.19,2021,384,82,0.21354166666666666,0.5157232704402516,0.07867392380009897,2.7142623165618445
extended_boosting,2025-10,responded_strict,0.2,2021,405,84,0.2074074074074074,0.5283018867924528,0.07867392380009897,2.636291637549499
extended_boosting,2025-10,responded_strict,0.21,2021,425,88,0.20705882352941177,0.5534591194968553,0.07867392380009897,2.6318608953015166
extended_boosting,2025-10,responded_strict,0.22,2021,445,90,0.20224719101123595,0.5660377358490566,0.07867392380009897,2.570701717193131
extended_boosting,2025-10,responded_strict,0.23,2021,465,92,0.1978494623655914,0.5786163522012578,0.07867392380009897,2.514803543653209
extended_boosting,2025-10,responded_strict,0.24,2021,486,94,0.1934156378600823,0.5911949685534591,0.07867392380009897,2.45844656676243
extended_boosting,2025-10,responded_strict,0.25,2021,506,96,0.18972332015810275,0.6037735849056604,0.07867392380009897,2.411514654336639
extended_boosting,2025-10,responded_strict,0.26,2021,526,99,0.188212927756654,0.6226415094339622,0.07867392380009897,2.392316521988665
extended_boosting,2025-10,responded_strict,0.27,2021,546,100,0.18315018315018314,0.6289308176100629,0.07867392380009897,2.327965535512705
extended_boosting,2025-10,responded_strict,0.28,2021,566,103,0.18197879858657243,0.6477987421383647,0.07867392380009897,2.3130764273173763
extended_boosting,2025-10,responded_strict,0.29,2021,587,106,0.18057921635434412,0.6666666666666666,0.07867392380009897,2.295286768881317
extended_boosting,2025-10,responded_strict,0.3,2021,607,108,0.17792421746293247,0.6792452830188679,0.07867392380009897,2.2615398961797895
extended_boosting,2025-10,responded_strict,0.31,2021,627,111,0.17703349282296652,0.6981132075471698,0.07867392380009897,2.2502181697812285
extended_boosting,2025-10,responded_strict,0.32,2021,647,113,0.17465224111282843,0.710691823899371,0.07867392380009897,2.2199508131385297
extended_boosting,2025-10,responded_strict,0.33,2021,667,114,0.17091454272863568,0.7169811320754716,0.07867392380009897,2.172442080846369
extended_boosting,2025-10,responded_strict,0.34,2021,688,116,0.1686046511627907,0.7295597484276729,0.07867392380009897,2.143081761006289
extended_boosting,2025-10,responded_strict,0.35,2021,708,118,0.16666666666666666,0.7421383647798742,0.07867392380009897,2.1184486373165616
extended_boosting,2025-10,responded_strict,0.36,2021,728,118,0.1620879120879121,0.7421383647798742,0.07867392380009897,2.0602494989287443
extended_boosting,2025-10,responded_strict,0.37,2021,748,122,0.16310160427807488,0.7672955974842768,0.07867392380009897,2.0731342279621967
extended_boosting,2025-10,responded_strict,0.38,2021,768,125,0.16276041666666666,0.7861635220125787,0.07867392380009897,2.0687974973794545
extended_boosting,2025-10,responded_strict,0.39,2021,789,127,0.16096324461343473,0.7987421383647799,0.07867392380009897,2.045954197256299
extended_boosting,2025-10,responded_strict,0.4,2021,809,127,0.15698393077873918,0.7987421383647799,0.07867392380009897,1.9953743654329048
extended_boosting,2025-10,responded_strict,0.41,2021,829,131,0.158021712907117,0.8238993710691824,0.07867392380009897,2.0085652942470658
extended_boosting,2025-10,responded_strict,0.42,2021,849,132,0.15547703180212014,0.8301886792452831,0.07867392380009897,1.9762206369313509
extended_boosting,2025-10,responded_strict,0.43,2021,870,134,0.15402298850574714,0.8427672955974843,0.07867392380009897,1.9577387406925468
extended_boosting,2025-10,responded_strict,0.44,2021,890,134,0.15056179775280898,0.8427672955974843,0.07867392380009897,1.9137446116882197
extended_boosting,2025-10,responded_strict,0.45,2021,910,134,0.14725274725274726,0.8427672955974843,0.07867392380009897,1.871684290552215
extended_boosting,2025-10,responded_strict,0.46,2021,930,136,0.14623655913978495,0.8553459119496856,0.07867392380009897,1.8587678366132412
extended_boosting,2025-10,responded_strict,0.47,2021,950,137,0.14421052631578948,0.8616352201257862,0.07867392380009897,1.8330155577623304
extended_boosting,2025-10,responded_strict,0.48,2021,971,138,0.14212152420185376,0.8679245283018868,0.07867392380009897,1.806462895672619
extended_boosting,2025-10,responded_strict,0.49,2021,991,138,0.13925327951564076,0.8679245283018868,0.07867392380009897,1.7700055213906287
extended_boosting,2025-10,responded_strict,0.5,2021,1011,139,0.13748763600395647,0.8742138364779874,0.07867392380009897,1.7475629708427423
extended_boosting,2025-10,responded_strict,0.51,2021,1031,140,0.13579049466537343,0.8805031446540881,0.07867392380009897,1.7259911303064133
extended_boosting,2025-10,responded_strict,0.52,2021,1051,141,0.13415794481446242,0.8867924528301887,0.07867392380009897,1.7052402922643304
extended_boosting,2025-10,responded_strict,0.53,2021,1072,142,0.13246268656716417,0.8930817610062893,0.07867392380009897,1.6836923871209986
extended_boosting,2025-10,responded_strict,0.54,2021,1092,142,0.13003663003663005,0.8930817610062893,0.07867392380009897,1.6528555302140209
extended_boosting,2025-10,responded_strict,0.55,2021,1112,144,0.12949640287769784,0.9056603773584906,0.07867392380009897,1.6459888692819329
extended_boosting,2025-10,responded_strict,0.56,2021,1132,145,0.12809187279151943,0.9119496855345912,0.07867392380009897,1.6281363201991241
extended_boosting,2025-10,responded_strict,0.57,2021,1152,146,0.1267361111111111,0.9182389937106918,0.07867392380009897,1.610903651292802
extended_boosting,2025-10,responded_strict,0.58,2021,1173,146,0.12446717817561807,0.9182389937106918,0.07867392380009897,1.5820639439806548
extended_boosting,2025-10,responded_strict,0.59,2021,1193,148,0.12405699916177704,0.9308176100628931,0.07867392380009897,1.5768502849430903
extended_boosting,2025-10,responded_strict,0.6,2021,1213,149,0.12283594394064304,0.9371069182389937,0.07867392380009897,1.561329828327293
extended_boosting,2025-10,responded_strict,0.61,2021,1233,149,0.12084347120843471,0.9371069182389937,0.07867392380009897,1.53600412146067
extended_boosting,2025-10,responded_strict,0.62,2021,1254,149,0.11881977671451356,0.9371069182389937,0.07867392380009897,1.5102815644027163
extended_boosting,2025-10,responded_strict,0.63,2021,1274,150,0.11773940345368916,0.9433962264150944,0.07867392380009897,1.4965492728295962
extended_boosting,2025-10,responded_strict,0.64,2021,1294,150,0.11591962905718702,0.9433962264150944,0.07867392380009897,1.4734186812866348
extended_boosting,2025-10,responded_strict,0.65,2021,1314,150,0.1141552511415525,0.9433962264150944,0.07867392380009897,1.4509922173401106
extended_boosting,2025-10,responded_strict,0.66,2021,1334,150,0.11244377811094453,0.9433962264150944,0.07867392380009897,1.4292382110831376
extended_boosting,2025-10,responded_strict,0.67,2021,1355,151,0.11143911439114391,0.949685534591195,0.07867392380009897,1.4164682401540996
extended_boosting,2025-10,responded_strict,0.68,2021,1375,151,0.10981818181818181,0.949685534591195,0.07867392380009897,1.395865065751858
extended_boosting,2025-10,responded_strict,0.69,2021,1395,151,0.1082437275985663,0.949685534591195,0.07867392380009897,1.3758526633754873
extended_boosting,2025-10,responded_strict,0.7,2021,1415,152,0.10742049469964664,0.9559748427672956,0.07867392380009897,1.3653888036980242
extended_boosting,2025-10,responded_strict,0.71,2021,1435,153,0.10662020905923345,0.9622641509433962,0.07867392380009897,1.3552166195516402
extended_boosting,2025-10,responded_strict,0.72,2021,1456,153,0.10508241758241758,0.9622641509433962,0.07867392380009897,1.3356702260004145
extended_boosting,2025-10,responded_strict,0.73,2021,1476,153,0.10365853658536585,0.9622641509433962,0.07867392380009897,1.3175717134529834
extended_boosting,2025-10,responded_strict,0.74,2021,1496,154,0.10294117647058823,0.9685534591194969,0.07867392380009897,1.3084535701072881
extended_boosting,2025-10,responded_strict,0.75,2021,1516,154,0.10158311345646438,0.9685534591194969,0.07867392380009897,1.291191649657324
extended_boosting,2025-10,responded_strict,0.76,2021,1536,157,0.10221354166666667,0.9874213836477987,0.07867392380009897,1.2992048283542976
extended_boosting,2025-10,responded_strict,0.77,2021,1557,157,0.10083493898522801,0.9874213836477987,0.07867392380009897,1.2816818345229295
extended_boosting,2025-10,responded_strict,0.78,2021,1577,157,0.09955611921369689,0.9874213836477987,0.07867392380009897,1.265427150508688
extended_boosting,2025-10,responded_strict,0.79,2021,1597,157,0.09830932999373826,0.9874213836477987,0.07867392380009897,1.249579596964434
extended_boosting,2025-10,responded_strict,0.8,2021,1617,157,0.09709338280766852,0.9874213836477987,0.07867392380009897,1.234124067008164
extended_boosting,2025-10,responded_strict,0.81,2021,1638,157,0.09584859584859586,0.9874213836477987,0.07867392380009897,1.2183019635849826
extended_boosting,2025-10,responded_strict,0.82,2021,1658,157,0.09469240048250904,0.9874213836477987,0.07867392380009897,1.2036059205984324
extended_boosting,2025-10,responded_strict,0.83,2021,1678,157,0.0935637663885578,0.9874213836477987,0.07867392380009897,1.1892602004482724
extended_boosting,2025-10,responded_strict,0.84,2021,1698,157,0.09246171967020024,0.9874213836477987,0.07867392380009897,1.1752524242356899
extended_boosting,2025-10,responded_strict,0.85,2021,1718,157,0.09138533178114086,0.9874213836477987,0.07867392380009897,1.1615707894948784
extended_boosting,2025-10,responded_strict,0.86,2021,1739,157,0.09028177113283496,0.9874213836477987,0.07867392380009897,1.1475437701852795
extended_boosting,2025-10,responded_strict,0.87,2021,1759,157,0.08925525866969869,0.9874213836477987,0.07867392380009897,1.1344960866129625
extended_boosting,2025-10,responded_strict,0.88,2021,1779,158,0.08881394041596402,0.9937106918238994,0.07867392380009897,1.1288866262934798
extended_boosting,2025-10,responded_strict,0.89,2021,1799,158,0.08782657031684268,0.9937106918238994,0.07867392380009897,1.1163364692474154
extended_boosting,2025-10,responded_strict,0.9,2021,1819,158,0.0868609125893348,0.9937106918238994,0.07867392380009897,1.1040622914656957
extended_boosting,2025-10,responded_strict,0.91,2021,1840,158,0.08586956521739131,0.9937106918238994,0.07867392380009897,1.0914615805304895
extended_boosting,2025-10,responded_strict,0.92,2021,1860,158,0.08494623655913978,0.9937106918238994,0.07867392380009897,1.0797254345032798
extended_boosting,2025-10,responded_strict,0.93,2021,1880,158,0.08404255319148936,0.9937106918238994,0.07867392380009897,1.0682389937106918
extended_boosting,2025-10,responded_strict,0.94,2021,1900,158,0.08315789473684211,0.9937106918238994,0.07867392380009897,1.0569943727242634
extended_boosting,2025-10,responded_strict,0.95,2021,1920,159,0.0828125,1.0,0.07867392380009897,1.0526041666666666
extended_boosting,2025-10,responded_strict,0.96,2021,1941,159,0.08191653786707882,1.0,0.07867392380009897,1.0412158681092218
extended_boosting,2025-10,responded_strict,0.97,2021,1961,159,0.08108108108108109,1.0,0.07867392380009897,1.0305966343702193
extended_boosting,2025-10,responded_strict,0.98,2021,1981,159,0.08026249369005553,1.0,0.07867392380009897,1.0201918223119637
extended_boosting,2025-10,responded_strict,0.99,2021,2001,159,0.07946026986506746,1.0,0.07867392380009897,1.0099950024987505
extended_boosting,2025-10,responded_strict,1.0,2021,2021,159,0.07867392380009897,1.0,0.07867392380009897,1.0
extended_boosting,2025-11,responded_strict,0.01,2017,21,9,0.42857142857142855,0.056962025316455694,0.07833415964303421,5.471066907775768
extended_boosting,2025-11,responded_strict,0.02,2017,41,17,0.4146341463414634,0.10759493670886076,0.07833415964303421,5.29314603272615
extended_boosting,2025-11,responded_strict,0.03,2017,61,22,0.36065573770491804,0.13924050632911392,0.07833415964303421,4.604067233865948
extended_boosting,2025-11,responded_strict,0.04,2017,81,29,0.35802469135802467,0.18354430379746836,0.07833415964303421,4.570479762462885
extended_boosting,2025-11,responded_strict,0.05,2017,101,34,0.33663366336633666,0.21518987341772153,0.07833415964303421,4.297405689936083
extended_boosting,2025-11,responded_strict,0.06,2017,122,38,0.3114754098360656,0.24050632911392406,0.07833415964303421,3.976239883793318
extended_boosting,2025-11,responded_strict,0.07,2017,142,42,0.29577464788732394,0.26582278481012656,0.07833415964303421,3.7758067391691923
extended_boosting,2025-11,responded_strict,0.08,2017,162,47,0.29012345679012347,0.2974683544303797,0.07833415964303421,3.7036646350992344
extended_boosting,2025-11,responded_strict,0.09,2017,182,50,0.27472527472527475,0.31645569620253167,0.07833415964303421,3.507094171651134
extended_boosting,2025-11,responded_strict,0.1,2017,202,56,0.27722772277227725,0.35443037974683544,0.07833415964303421,3.539039979947362
extended_boosting,2025-11,responded_strict,0.11,2017,222,57,0.25675675675675674,0.36075949367088606,0.07833415964303421,3.277711255559357
extended_boosting,2025-11,responded_strict,0.12,2017,243,62,0.2551440329218107,0.3924050632911392,0.07833415964303421,3.257123508881596
extended_boosting,2025-11,responded_strict,0.13,2017,263,66,0.2509505703422053,0.4177215189873418,0.07833415964303421,3.203590508735621
extended_boosting,2025-11,responded_strict,0.14,2017,283,69,0.24381625441696114,0.43670886075949367,0.07833415964303421,3.112515095943105
extended_boosting,2025-11,responded_strict,0.15,2017,303,72,0.2376237623762376,0.45569620253164556,0.07833415964303421,3.0334628399548813
extended_boosting,2025-11,responded_strict,0.16,2017,323,73,0.2260061919504644,0.4620253164556962,0.07833415964303421,2.8851549947094095
extended_boosting,2025-11,responded_strict,0.17,2017,343,77,0.22448979591836735,0.4873417721518987,0.07833415964303421,2.865796951692069
extended_boosting,2025-11,responded_strict,0.18,2017,364,78,0.21428571428571427,0.4936708860759494,0.07833415964303421,2.735533453887884
extended_boosting,2025-11,responded_strict,0.19,2017,384,82,0.21354166666666666,0.5189873417721519,0.07833415964303421,2.7260350738396624
extended_boosting,2025-11,responded_strict,0.2,2017,404,83,0.20544554455445543,0.5253164556962026,0.07833415964303421,2.6226814137109913
extended_boosting,2025-11,responded_strict,0.21,2017,424,87,0.20518867924528303,0.5506329113924051,0.07833415964303421,2.6194023166945306
extended_boosting,2025-11,responded_strict,0.22,2017,444,89,0.20045045045045046,0.5632911392405063,0.07833415964303421,2.5589149275858136
extended_boosting,2025-11,responded_strict,0.23,2017,464,90,0.1939655172413793,0.569620253164557,0.07833415964303421,2.4761294194674814
extended_boosting,2025-11,responded_strict,0.24,2017,485,93,0.19175257731958764,0.5886075949367089,0.07833415964303421,2.4478794205924572
extended_boosting,2025-11,responded_strict,0.25,2017,505,94,0.18613861386138614,0.5949367088607594,0.07833415964303421,2.3762125579646574
extended_boosting,2025-11,responded_strict,0.26,2017,525,95,0.18095238095238095,0.6012658227848101,0.07833415964303421,2.3100060277275465
extended_boosting,2025-11,responded_strict,0.27,2017,545,96,0.1761467889908257,0.6075949367088608,0.07833415964303421,2.248658692370224
extended_boosting,2025-11,responded_strict,0.28,2017,565,99,0.1752212389380531,0.6265822784810127,0.07833415964303421,2.236843284418058
extended_boosting,2025-11,responded_strict,0.29,2017,585,102,0.17435897435897435,0.6455696202531646,0.07833415964303421,2.2258357676079195
extended_boosting,2025-11,responded_strict,0.3,2017,606,105,0.17326732673267325,0.6645569620253164,0.07833415964303421,2.211899987467101
extended_boosting,2025-11,responded_strict,0.31,2017,626,106,0.16932907348242812,0.6708860759493671,0.07833415964303421,2.161624944392769
extended_boosting,2025-11,responded_strict,0.32,2017,646,108,0.16718266253869968,0.6835443037974683,0.07833415964303421,2.134224242661755
extended_boosting,2025-11,responded_strict,0.33,2017,666,108,0.16216216216216217,0.6835443037974683,0.07833415964303421,2.0701334245638043
extended_boosting,2025-11,responded_strict,0.34,2017,686,112,0.16326530612244897,0.7088607594936709,0.07833415964303421,2.084215964866959
extended_boosting,2025-11,responded_strict,0.35,2017,706,114,0.16147308781869688,0.7215189873417721,0.07833415964303421,2.061336823609567
extended_boosting,2025-11,responded_strict,0.36,2017,727,116,0.15955983493810177,0.7341772151898734,0.07833415964303421,2.0369125763933624
extended_boosting,2025-11,responded_strict,0.37,2017,747,118,0.15796519410977242,0.7468354430379747,0.07833415964303421,2.016555674173487
extended_boosting,2025-11,responded_strict,0.38,2017,767,118,0.15384615384615385,0.7468354430379747,0.07833415964303421,1.9639727361246349
extended_boosting,2025-11,responded_strict,0.39,2017,787,118,0.14993646759847523,0.7468354430379747,0.07833415964303421,1.9140623743425604
extended_boosting,2025-11,responded_strict,0.4,2017,807,120,0.14869888475836432,0.759493670886076,0.07833415964303421,1.8982636111241824
extended_boosting,2025-11,responded_strict,0.41,2017,827,121,0.14631197097944376,0.7658227848101266,0.07833415964303421,1.8677926928198612
extended_boosting,2025-11,responded_strict,0.42,2017,848,122,0.14386792452830188,0.7721518987341772,0.07833415964303421,1.83659242894674
extended_boosting,2025-11,responded_strict,0.43,2017,868,123,0.14170506912442396,0.7784810126582279,0.07833415964303421,1.8089818001516653
extended_boosting,2025-11,responded_strict,0.44,2017,888,124,0.13963963963963963,0.7848101265822784,0.07833415964303421,1.7826148933743868
extended_boosting,2025-11,responded_strict,0.45,2017,908,124,0.13656387665198239,0.7848101265822784,0.07833415964303421,1.7433502481458765
extended_boosting,2025-11,responded_strict,0.46,2017,928,124,0.1336206896551724,0.7848101265822784,0.07833415964303421,1.7057780445220427
extended_boosting,2025-11,responded_strict,0.47,2017,948,124,0.1308016877637131,0.7848101265822784,0.07833415964303421,1.6697911659456286
extended_boosting,2025-11,responded_strict,0.48,2017,969,126,0.13003095975232198,0.7974683544303798,0.07833415964303421,1.6599521887369204
extended_boosting,2025-11,responded_strict,0.49,2017,989,126,0.12740141557128412,0.7974683544303798,0.07833415964303421,1.6263838937169626
extended_boosting,2025-11,responded_strict,0.5,2017,1009,126,0.12487611496531219,0.7974683544303798,0.07833415964303421,1.5941463537027512
extended_boosting,2025-11,responded_strict,0.51,2017,1029,127,0.12342079689018465,0.8037974683544303,0.07833415964303421,1.575568021060142
extended_boosting,2025-11,responded_strict,0.52,2017,1049,129,0.12297426120114395,0.8164556962025317,0.07833415964303421,1.5698676255867554
extended_boosting,2025-11,responded_strict,0.53,2017,1070,132,0.1233644859813084,0.8354430379746836,0.07833415964303421,1.5748491659765762
extended_boosting,2025-11,responded_strict,0.54,2017,1090,132,0.12110091743119267,0.8354430379746836,0.07833415964303421,1.545952851004529
extended_boosting,2025-11,responded_strict,0.55,2017,1110,133,0.11981981981981982,0.8417721518987342,0.07833415964303421,1.5295985859276997
extended_boosting,2025-11,responded_strict,0.56,2017,1130,134,0.11858407079646018,0.8481012658227848,0.07833415964303421,1.5138232328889885
extended_boosting,2025-11,responded_strict,0.57,2017,1150,135,0.11739130434782609,0.8544303797468354,0.07833415964303421,1.4985965877820584
extended_boosting,2025-11,responded_strict,0.58,2017,1170,135,0.11538461538461539,0.8544303797468354,0.07833415964303421,1.4729795520934763
extended_boosting,2025-11,responded_strict,0.59,2017,1191,135,0.11335012594458438,0.8544303797468354,0.07833415964303421,1.4470076204444726
extended_boosting,2025-11,responded_strict,0.6,2017,1211,138,0.11395540875309662,0.8734177215189873,0.07833415964303421,1.4547345535126321
extended_boosting,2025-11,responded_strict,0.61,2017,1231,139,0.11291632818846466,0.879746835443038,0.07833415964303421,1.4414698351654
extended_boosting,2025-11,responded_strict,0.62,2017,1251,139,0.1111111111111111,0.879746835443038,0.07833415964303421,1.4184247538677917
extended_boosting,2025-11,responded_strict,0.63,2017,1271,139,0.1093627065302911,0.879746835443038,0.07833415964303421,1.3961049308328934
extended_boosting,2025-11,responded_strict,0.64,2017,1291,139,0.10766847405112316,0.879746835443038,0.07833415964303421,1.374476659247566
extended_boosting,2025-11,responded_strict,0.65,2017,1312,139,0.10594512195121951,0.879746835443038,0.07833415964303421,1.3524766517443656
extended_boosting,2025-11,responded_strict,0.66,2017,1332,141,0.10585585585585586,0.8924050632911392,0.07833415964303421,1.3513370965902611
extended_boosting,2025-11,responded_strict,0.67,2017,1352,142,0.10502958579881656,0.8987341772151899,0.07833415964303421,1.3407890794697026
extended_boosting,2025-11,responded_strict,0.68,2017,1372,142,0.10349854227405247,0.8987341772151899,0.07833415964303421,1.3212440491567332
extended_boosting,2025-11,responded_strict,0.69,2017,1392,143,0.10272988505747127,0.9050632911392406,0.07833415964303421,1.3114315073475922
extended_boosting,2025-11,responded_strict,0.7,2017,1412,144,0.10198300283286119,0.9113924050632911,0.07833415964303421,1.301896941227095
extended_boosting,2025-11,responded_strict,0.71,2017,1433,145,0.10118632240055828,0.9177215189873418,0.07833415964303421,1.2917266600121902
extended_boosting,2025-11,responded_strict,0.72,2017,1453,147,0.10116999311768754,0.930379746835443,0.07833415964303421,1.2915182032808592
extended_boosting,2025-11,responded_strict,0.73,2017,1473,147,0.09979633401221996,0.930379746835443,0.07833415964303421,1.2739823145737195
extended_boosting,2025-11,responded_strict,0.74,2017,1493,147,0.09845947756195579,0.930379746835443,0.07833415964303421,1.2569162420409166
extended_boosting,2025-11,responded_strict,0.75,2017,1513,149,0.09847984137475214,0.9430379746835443,0.07833415964303421,1.2571762028662978
extended_boosting,2025-11,responded_strict,0.76,2017,1533,149,0.09719504240052185,0.9430379746835443,0.07833415964303421,1.240774686847168
extended_boosting,2025-11,responded_strict,0.77,2017,1554,149,0.09588159588159588,0.9430379746835443,0.07833415964303421,1.2240074613492335
extended_boosting,2025-11,responded_strict,0.78,2017,1574,149,0.09466327827191867,0.9430379746835443,0.07833415964303421,1.2084546346484808
extended_boosting,2025-11,responded_strict,0.79,2017,1594,151,0.09473023839397741,0.9556962025316456,0.07833415964303421,1.209309435700332
extended_boosting,2025-11,responded_strict,0.8,2017,1614,151,0.09355638166047088,0.9556962025316456,0.07833415964303421,1.1943241886656315
extended_boosting,2025-11,responded_strict,0.81,2017,1634,152,0.09302325581395349,0.9620253164556962,0.07833415964303421,1.1875183985869886
extended_boosting,2025-11,responded_strict,0.82,2017,1654,153,0.09250302297460701,0.9683544303797469,0.07833415964303421,1.1808771983530528
extended_boosting,2025-11,responded_strict,0.83,2017,1675,153,0.09134328358208955,0.9683544303797469,0.07833415964303421,1.1660721707916115
extended_boosting,2025-11,responded_strict,0.84,2017,1695,153,0.09026548672566372,0.9683544303797469,0.07833415964303421,1.152313207124454
extended_boosting,2025-11,responded_strict,0.85,2017,1715,156,0.09096209912536443,0.9873417721518988,0.07833415964303421,1.1612060375687345
extended_boosting,2025-11,responded_strict,0.86,2017,1735,156,0.08991354466858789,0.9873417721518988,0.07833415964303421,1.1478203771933024
extended_boosting,2025-11,responded_strict,0.87,2017,1755,156,0.08888888888888889,0.9873417721518988,0.07833415964303421,1.1347398030942335
extended_boosting,2025-11,responded_strict,0.88,2017,1775,157,0.08845070422535212,0.9936708860759493,0.07833415964303421,1.1291460153325015
extended_boosting,2025-11,responded_strict,0.89,2017,1796,157,0.08741648106904232,0.9936708860759493,0.07833415964303421,1.1159433057991035
extended_boosting,2025-11,responded_strict,0.9,2017,1816,157,0.08645374449339208,0.9936708860759493,0.07833415964303421,1.1036531812858976
extended_boosting,2025-11,responded_strict,0.91,2017,1836,157,0.0855119825708061,0.9936708860759493,0.07833415964303421,1.091630815476683
extended_boosting,2025-11,responded_strict,0.92,2017,1856,157,0.08459051724137931,0.9936708860759493,0.07833415964303421,1.0798675523788739
extended_boosting,2025-11,responded_strict,0.93,2017,1876,157,0.08368869936034115,0.9936708860759493,0.07833415964303421,1.0683551051253677
extended_boosting,2025-11,responded_strict,0.94,2017,1896,158,0.08333333333333333,1.0,0.07833415964303421,1.0638185654008439
extended_boosting,2025-11,responded_strict,0.95,2017,1917,158,0.08242044861763172,1.0,0.07833415964303421,1.0521648408972353
extended_boosting,2025-11,responded_strict,0.96,2017,1937,158,0.08156943727413526,1.0,0.07833415964303421,1.0413009808982965
extended_boosting,2025-11,responded_strict,0.97,2017,1957,158,0.0807358201328564,1.0,0.07833415964303421,1.0306591722023504
extended_boosting,2025-11,responded_strict,0.98,2017,1977,158,0.07991906929691452,1.0,0.07833415964303421,1.0202326757713707
extended_boosting,2025-11,responded_strict,0.99,2017,1997,158,0.07911867801702553,1.0,0.07833415964303421,1.0100150225338007
extended_boosting,2025-11,responded_strict,1.0,2017,2017,158,0.07833415964303421,1.0,0.07833415964303421,1.0
extended_boosting,2025-12,responded_strict,0.01,2022,21,9,0.42857142857142855,0.06293706293706294,0.07072205736894165,6.059940059940059
extended_boosting,2025-12,responded_strict,0.02,2022,41,20,0.4878048780487805,0.13986013986013987,0.07072205736894165,6.897492751151288
extended_boosting,2025-12,responded_strict,0.03,2022,61,29,0.47540983606557374,0.20279720279720279,0.07072205736894165,6.722228591081049
extended_boosting,2025-12,responded_strict,0.04,2022,81,31,0.38271604938271603,0.21678321678321677,0.07072205736894165,5.411551411551411
extended_boosting,2025-12,responded_strict,0.05,2022,102,35,0.3431372549019608,0.24475524475524477,0.07072205736894165,4.851912793089263
extended_boosting,2025-12,responded_strict,0.06,2022,122,35,0.28688524590163933,0.24475524475524477,0.07072205736894165,4.056517253238565
extended_boosting,2025-12,responded_strict,0.07,2022,142,38,0.2676056338028169,0.26573426573426573,0.07072205736894165,3.7839062346104595
extended_boosting,2025-12,responded_strict,0.08,2022,162,42,0.25925925925925924,0.2937062937062937,0.07072205736894165,3.6658896658896656
extended_boosting,2025-12,responded_strict,0.09,2022,182,45,0.24725274725274726,0.3146853146853147,0.07072205736894165,3.4961192653500346
extended_boosting,2025-12,responded_strict,0.1,2022,203,46,0.22660098522167488,0.32167832167832167,0.07072205736894165,3.204106238588997
extended_boosting,2025-12,responded_strict,0.11,2022,223,51,0.22869955156950672,0.35664335664335667,0.07072205736894165,3.2337796732415565
extended_boosting,2025-12,responded_strict,0.12,2022,243,57,0.2345679012345679,0.3986013986013986,0.07072205736894165,3.3167573167573163
extended_boosting,2025-12,responded_strict,0.13,2022,263,61,0.23193916349809887,0.42657342657342656,0.07072205736894165,3.279587332819272
extended_boosting,2025-12,responded_strict,0.14,2022,284,66,0.2323943661971831,0.46153846153846156,0.07072205736894165,3.2860238353196096
extended_boosting,2025-12,responded_strict,0.15,2022,304,68,0.2236842105263158,0.4755244755244755,0.07072205736894165,3.1628634523371364
extended_boosting,2025-12,responded_strict,0.16,2022,324,69,0.21296296296296297,0.4825174825174825,0.07072205736894165,3.011266511266511
extended_boosting,2025-12,responded_strict,0.17,2022,344,72,0.20930232558139536,0.5034965034965035,0.07072205736894165,2.9595056106684012
extended_boosting,2025-12,responded_strict,0.18,2022,364,76,0.2087912087912088,0.5314685314685315,0.07072205736894165,2.9522784907400292
extended_boosting,2025-12,responded_strict,0.19,2022,385,77,0.2,0.5384615384615384,0.07072205736894165,2.827972027972028
extended_boosting,2025-12,responded_strict,0.2,2022,405,78,0.1925925925925926,0.5454545454545454,0.07072205736894165,2.723232323232323
extended_boosting,2025-12,responded_strict,0.21,2022,425,79,0.18588235294117647,0.5524475524475524,0.07072205736894165,2.628350473056355
extended_boosting,2025-12,responded_strict,0.22,2022,445,81,0.18202247191011237,0.5664335664335665,0.07072205736894165,2.5737722951206097
extended_boosting,2025-12,responded_strict,0.23,2022,466,86,0.18454935622317598,0.6013986013986014,0.07072205736894165,2.6095020858969358
extended_boosting,2025-12,responded_strict,0.24,2022,486,86,0.17695473251028807,0.6013986013986014,0.07072205736894165,2.5021151687818355
extended_boosting,2025-12,responded_strict,0.25,2022,506,87,0.17193675889328064,0.6083916083916084,0.07072205736894165,2.4311617236518424
extended_boosting,2025-12,responded_strict,0.26,2022,526,89,0.16920152091254753,0.6223776223776224,0.07072205736894165,2.3924858411550427
extended_boosting,2025-12,responded_strict,0.27,2022,546,91,0.16666666666666666,0.6363636363636364,0.07072205736894165,2.3566433566433562
extended_boosting,2025-12,responded_strict,0.28,2022,567,93,0.164021164021164,0.6503496503496503,0.07072205736894165,2.319236319236319
extended_boosting,2025-12,responded_strict,0.29,2022,587,95,0.16183986371379896,0.6643356643356644,0.07072205736894165,2.2883930379671433
extended_boosting,2025-12,responded_strict,0.3,2022,607,95,0.15650741350906094,0.6643356643356644,0.07072205736894165,2.212992937869379
extended_boosting,2025-12,responded_strict,0.31,2022,627,97,0.1547049441786284,0.6783216783216783,0.07072205736894165,2.1875062736306754
extended_boosting,2025-12,responded_strict,0.32,2022,648,98,0.15123456790123457,0.6853146853146853,0.07072205736894165,2.1384356384356384
extended_boosting,2025-12,responded_strict,0.33,2022,668,99,0.14820359281437126,0.6923076923076923,0.07072205736894165,2.095578074619991
extended_boosting,2025-12,responded_strict,0.34,2022,688,100,0.14534883720930233,0.6993006993006993,0.07072205736894165,2.0552122296308344
extended_boosting,2025-12,responded_strict,0.35,2022,708,103,0.14548022598870056,0.7202797202797203,0.07072205736894165,2.057070048595472
extended_boosting,2025-12,responded_strict,0.36,2022,728,104,0.14285714285714285,0.7272727272727273,0.07072205736894165,2.0199800199800197
extended_boosting,2025-12,responded_strict,0.37,2022,749,107,0.14285714285714285,0.7482517482517482,0.07072205736894165,2.0199800199800197
extended_boosting,2025-12,responded_strict,0.38,2022,769,108,0.14044213263979194,0.7552447552447552,0.07072205736894165,1.9858321132703447
extended_boosting,2025-12,responded_strict,0.39,2022,789,110,0.1394169835234474,0.7692307692307693,0.07072205736894165,1.9713366481427315
extended_boosting,2025-12,responded_strict,0.4,2022,809,110,0.13597033374536466,0.7692307692307693,0.07072205736894165,1.9226015023295617
extended_boosting,2025-12,responded_strict,0.41,2022,830,112,0.13493975903614458,0.7832167832167832,0.07072205736894165,1.9080293200775127
extended_boosting,2025-12,responded_strict,0.42,2022,850,113,0.13294117647058823,0.7902097902097902,0.07072205736894165,1.8797696421225831
extended_boosting,2025-12,responded_strict,0.43,2022,870,114,0.1310344827586207,0.7972027972027972,0.07072205736894165,1.8528092597058115
extended_boosting,2025-12,responded_strict,0.44,2022,890,115,0.12921348314606743,0.8041958041958042,0.07072205736894165,1.8270605798695687
extended_boosting,2025-12,responded_strict,0.45,2022,910,116,0.12747252747252746,0.8111888111888111,0.07072205736894165,1.8024437101360176
extended_boosting,2025-12,responded_strict,0.46,2022,931,117,0.12567132116004295,0.8181818181818182,0.07072205736894165,1.7769749047944534
extended_boosting,2025-12,responded_strict,0.47,2022,951,117,0.12302839116719243,0.8181818181818182,0.07072205736894165,1.7396042443361055
extended_boosting,2025-12,responded_strict,0.48,2022,971,119,0.12255406797116375,0.8321678321678322,0.07072205736894165,1.7328973806831685
extended_boosting,2025-12,responded_strict,0.49,2022,991,119,0.12008072653884964,0.8321678321678322,0.07072205736894165,1.6979246787521256
extended_boosting,2025-12,responded_strict,0.5,2022,1011,121,0.11968348170128586,0.8461538461538461,0.07072205736894165,1.6923076923076923
extended_boosting,2025-12,responded_strict,0.51,2022,1032,122,0.1182170542635659,0.8531468531468531,0.07072205736894165,1.6715726134330784
extended_boosting,2025-12,responded_strict,0.52,2022,1052,124,0.11787072243346007,0.8671328671328671,0.07072205736894165,1.6666755297934004
extended_boosting,2025-12,responded_strict,0.53,2022,1072,124,0.11567164179104478,0.8671328671328671,0.07072205736894165,1.6355808370733742
extended_boosting,2025-12,responded_strict,0.54,2022,1092,125,0.11446886446886446,0.8741258741258742,0.07072205736894165,1.6185737339583492
extended_boosting,2025-12,responded_strict,0.55,2022,1113,127,0.11410601976639713,0.8881118881118881,0.07072205736894165,1.613443160612972
extended_boosting,2025-12,responded_strict,0.56,2022,1133,128,0.11297440423654016,0.8951048951048951,0.07072205736894165,1.5974422752887008
extended_boosting,2025-12,responded_strict,0.57,2022,1153,128,0.11101474414570685,0.8951048951048951,0.07072205736894165,1.569732955682652
extended_boosting,2025-12,responded_strict,0.58,2022,1173,128,0.10912190963341858,0.8951048951048951,0.07072205736894165,1.5429685404109956
extended_boosting,2025-12,responded_strict,0.59,2022,1193,128,0.10729253981559095,0.8951048951048951,0.07072205736894165,1.5171015070428313
extended_boosting,2025-12,responded_strict,0.6,2022,1214,129,0.10626029654036244,0.9020979020979021,0.07072205736894165,1.502505731500789
extended_boosting,2025-12,responded_strict,0.61,2022,1234,130,0.1053484602917342,0.9090909090909091,0.07072205736894165,1.489612494474731
extended_boosting,2025-12,responded_strict,0.62,2022,1254,132,0.10526315789473684,0.9230769230769231,0.07072205736894165,1.4884063305115935
extended_boosting,2025-12,responded_strict,0.63,2022,1274,134,0.10518053375196232,0.9370629370629371,0.07072205736894165,1.487238036688586
extended_boosting,2025-12,responded_strict,0.64,2022,1295,134,0.10347490347490347,0.9370629370629371,0.07072205736894165,1.463120663120663
extended_boosting,2025-12,responded_strict,0.65,2022,1315,134,0.10190114068441064,0.9370629370629371,0.07072205736894165,1.4408678773697783
extended_boosting,2025-12,responded_strict,0.66,2022,1335,135,0.10112359550561797,0.9440559440559441,0.07072205736894165,1.4298734972892275
extended_boosting,2025-12,responded_strict,0.67,2022,1355,136,0.1003690036900369,0.951048951048951,0.07072205736894165,1.419203674554228
extended_boosting,2025-12,responded_strict,0.68,2022,1375,136,0.0989090909090909,0.951048951048951,0.07072205736894165,1.3985607120152572
extended_boosting,2025-12,responded_strict,0.69,2022,1396,137,0.09813753581661891,0.958041958041958,0.07072205736894165,1.3876510309175065
extended_boosting,2025-12,responded_strict,0.7,2022,1416,137,0.09675141242937853,0.958041958041958,0.07072205736894165,1.3680514400853383
extended_boosting,2025-12,responded_strict,0.71,2022,1436,137,0.09540389972144847,0.958041958041958,0.07072205736894165,1.3489977988585231
extended_boosting,2025-12,responded_strict,0.72,2022,1456,137,0.09409340659340659,0.958041958041958,0.07072205736894165,1.330467609313763
extended_boosting,2025-12,responded_strict,0.73,2022,1477,138,0.09343263371699391,0.965034965034965,0.07072205736894165,1.3211243732570745
extended_boosting,2025-12,responded_strict,0.74,2022,1497,138,0.09218436873747494,0.965034965034965,0.07072205736894165,1.3034740810291912
extended_boosting,2025-12,responded_strict,0.75,2022,1517,138,0.09096901779828609,0.965034965034965,0.07072205736894165,1.286289188728213
extended_boosting,2025-12,responded_strict,0.76,2022,1537,138,0.08978529603122967,0.965034965034965,0.07072205736894165,1.2695515284975272
extended_boosting,2025-12,responded_strict,0.77,2022,1557,139,0.0892742453436095,0.972027972027972,0.07072205736894165,1.2623253432501986
extended_boosting,2025-12,responded_strict,0.78,2022,1578,139,0.08808618504435994,0.972027972027972,0.07072205736894165,1.2455263367810894
extended_boosting,2025-12,responded_strict,0.79,2022,1598,139,0.0869837296620776,0.972027972027972,0.07072205736894165,1.2299377718651812
extended_boosting,2025-12,responded_strict,0.8,2022,1618,139,0.08590852904820766,0.972027972027972,0.07072205736894165,1.2147345855627683
extended_boosting,2025-12,responded_strict,0.81,2022,1638,139,0.08485958485958486,0.972027972027972,0.07072205736894165,1.199902661441123
extended_boosting,2025-12,responded_strict,0.82,2022,1659,140,0.08438818565400844,0.9790209790209791,0.07072205736894165,1.1932371426042312
extended_boosting,2025-12,responded_strict,0.83,2022,1679,140,0.08338296605122096,0.9790209790209791,0.07072205736894165,1.1790234780109705
extended_boosting,2025-12,responded_strict,0.84,2022,1699,140,0.0824014125956445,0.9790209790209791,0.07072205736894165,1.1651444494293228
extended_boosting,2025-12,responded_strict,0.85,2022,1719,141,0.08202443280977312,0.986013986013986,0.07072205736894165,1.159814007981547
extended_boosting,2025-12,responded_strict,0.86,2022,1739,141,0.08108108108108109,0.986013986013986,0.07072205736894165,1.1464751464751464
extended_boosting,2025-12,responded_strict,0.87,2022,1760,141,0.08011363636363636,0.986013986013986,0.07072205736894165,1.1327956134774315
extended_boosting,2025-12,responded_strict,0.88,2022,1780,142,0.07977528089887641,0.993006993006993,0.07072205736894165,1.1280113145281685
extended_boosting,2025-12,responded_strict,0.89,2022,1800,142,0.07888888888888888,0.993006993006993,0.07072205736894165,1.1154778554778553
extended_boosting,2025-12,responded_strict,0.9,2022,1820,142,0.07802197802197802,0.993006993006993,0.07072205736894165,1.1032198570660108
extended_boosting,2025-12,responded_strict,0.91,2022,1841,142,0.07713199348180337,0.993006993006993,0.07072205736894165,1.0906356001413036
extended_boosting,2025-12,responded_strict,0.92,2022,1861,142,0.07630306286942504,0.993006993006993,0.07072205736894165,1.0789146372166254
extended_boosting,2025-12,responded_strict,0.93,2022,1881,143,0.07602339181286549,1.0,0.07072205736894165,1.0749601275917064
extended_boosting,2025-12,responded_strict,0.94,2022,1901,143,0.07522356654392424,1.0,0.07072205736894165,1.0636507101525512
extended_boosting,2025-12,responded_strict,0.95,2022,1921,143,0.07444039562727746,1.0,0.07072205736894165,1.0525767829255595
extended_boosting,2025-12,responded_strict,0.96,2022,1942,143,0.07363542739443872,1.0,0.07072205736894165,1.0411946446961895
extended_boosting,2025-12,responded_strict,0.97,2022,1962,143,0.0728848114169215,1.0,0.07072205736894165,1.0305810397553516
extended_boosting,2025-12,responded_strict,0.98,2022,1982,143,0.07214934409687185,1.0,0.07072205736894165,1.0201816347124117
extended_boosting,2025-12,responded_strict,0.99,2022,2002,143,0.07142857142857142,1.0,0.07072205736894165,1.0099900099900099
extended_boosting,2025-12,responded_strict,1.0,2022,2022,143,0.07072205736894165,1.0,0.07072205736894165,1.0
