hcp_id,period,responded_strict,decile,core_logistic,extended_logistic,extended_boosting
100225,2025-12,0,0.9,0.30483024418075,0.35399684908033935,0.28483793118859646
101744,2025-11,0,0.3,0.007452754330773405,0.004825480897488156,0.01134427921285573
100066,2025-11,0,1.0,0.2053470459395449,0.2666330292762933,0.22849300067963843
100983,2025-10,0,0.2,0.01117777610107248,0.011576041239112668,0.018817855673535142
102015,2025-10,0,0.6,0.019453168771584217,0.021576751802093157,0.024682536880373643
100936,2025-11,0,1.0,0.04395397525725097,0.03721562742023635,0.05059047104585616
101982,2025-11,0,0.9,0.20055549516808238,0.12210417202553425,0.15793843154749945
100868,2025-11,0,0.8,0.026452574460747173,0.02745184226018446,0.04291809430692871
100995,2025-10,0,0.8,0.059257978413436815,0.04636620992583558,0.05298216446332198
100469,2025-11,0,0.6,0.06742653149788415,0.04452054475611307,0.037511001156142844
100052,2025-12,0,0.9,0.2352673458088584,0.17398201650052714,0.16025259187423507
102020,2025-12,0,0.3,0.024169075297530776,0.026569315012347803,0.03174441049669827
101747,2025-12,0,0.3,0.03640271242670664,0.03218791644565078,0.03368189599453315
101070,2025-12,0,0.5,0.0333247448209302,0.06203487494437435,0.06759957625858354
101684,2025-12,0,1.0,0.12321626985386248,0.09053511307624204,0.09351055741378399
101668,2025-10,1,0.6,0.06536585756363954,0.05912635280799271,0.07513132964676436
101477,2025-10,0,0.5,0.04841122296860641,0.0395646082927487,0.035937268235436734
100409,2025-12,0,0.6,0.05635420379541117,0.05042947170974794,0.0504254038263975
101763,2025-12,1,0.9,0.11313622542757279,0.14875361220845365,0.13913169232048786
101706,2025-12,0,0.5,0.04942843524844268,0.03958217746438079,0.06627707526760779
101955,2025-10,0,0.3,0.038996539597422226,0.028020648984877928,0.027926808310691435
101431,2025-11,0,0.9,0.17937217092788912,0.165885776623943,0.17201542621806298
100384,2025-11,0,0.2,0.02237342468008018,0.018400319319812633,0.023362423121649198
100880,2025-12,0,0.9,0.05624282478131889,0.054734262318427054,0.06879977063000403
100869,2025-11,0,0.7,0.13640931029037412,0.18533125746057927,0.22239941350695144
100025,2025-12,0,0.7,0.0879605376874606,0.1375305254676482,0.13844734255382668
100350,2025-12,0,0.5,0.05820482054810979,0.09304674329620122,0.0739735985525612
100647,2025-11,0,0.7,0.12586006830368043,0.1511667399702855,0.18386131853373405
101087,2025-12,1,1.0,0.21007561380550552,0.20437325931300343,0.1977701929910861
101845,2025-11,0,0.2,0.009854340110465041,0.014355685342091246,0.017365437243213013
101549,2025-10,0,0.8,0.04377996321736671,0.04367839426405449,0.050838795293115434
100363,2025-10,0,0.8,0.10220887593172899,0.0920032890801874,0.10569723211773122
101975,2025-10,0,0.1,0.0038180550319296407,0.003800412257448383,0.009279507689180715
101722,2025-11,1,0.4,0.02189119712234814,0.024867293341891323,0.03171019412853737
101946,2025-11,1,0.8,0.27120431315581367,0.1999085338889566,0.1822795542454361
101865,2025-10,0,0.1,0.0032497261489608823,0.0021152166559859024,0.0073534719990643715
101696,2025-12,0,0.8,0.11175897460153635,0.11929296017330772,0.11820249992199994
100524,2025-10,0,0.9,0.10526239771862266,0.1131379854294804,0.11742885327200697
100805,2025-11,0,0.4,0.024865621528533336,0.012892100726979364,0.01895238747618858
101444,2025-11,0,0.1,0.014167275852271866,0.017103071462270976,0.02343015226374335
101866,2025-10,1,0.8,0.12509716643986193,0.15600115659625843,0.17218523192014235
100777,2025-11,0,1.0,0.08026614074056625,0.09496126971845655,0.09193022854033495
101555,2025-10,0,0.2,0.04611233976991456,0.057716649154773696,0.05183510158006409
100850,2025-11,0,0.1,0.017984093076343122,0.024366593987536725,0.0292747636870464
100126,2025-12,0,0.4,0.08821501583362605,0.10131582605261491,0.06853882982102846
100983,2025-11,0,0.2,0.030338227411254092,0.04062131781583476,0.03019900896801006
101628,2025-11,0,0.9,0.1329319106763729,0.1322915462511041,0.1268553418490831
100148,2025-10,0,1.0,0.22760589630165906,0.16280044402771432,0.15586518773960356
101488,2025-12,0,0.7,0.11674052016125046,0.06238041823809589,0.1299042750146923
101624,2025-10,1,0.9,0.17945952319098182,0.18256134517320674,0.22405164724538776
101789,2025-10,0,0.4,0.011016658445378563,0.006972626127513704,0.018106196784505892
101945,2025-11,0,1.0,0.19005581818136236,0.14324244437781697,0.1645144715407016
101649,2025-11,0,0.3,0.03299788693964564,0.029302219662857624,0.03378624084836764
101969,2025-11,0,0.2,0.0099684165749547,0.012274219282970457,0.016675910404013845
100407,2025-10,0,0.9,0.11611096402899419,0.1186382613011736,0.12195074356687287
101921,2025-10,0,0.1,0.022013875925124726,0.02073679570069797,0.026582933673215944
100474,2025-12,0,0.6,0.0692138438895984,0.05359414014389859,0.047918997004758955
101523,2025-12,0,0.7,0.05452983780861909,0.04422137646002521,0.054217748642606194
100276,2025-11,0,1.0,0.10559251374772878,0.12652386985332828,0.11822677695899285
100239,2025-11,1,0.9,0.09741913251941586,0.10175565347597637,0.10528692410263829
101367,2025-12,0,1.0,0.274341258306412,0.3640787835659602,0.3197310048374951
101489,2025-10,0,1.0,0.307962233113734,0.3368167421927652,0.2676658073058551
100260,2025-11,0,0.5,0.0401768582065989,0.04416435617886439,0.061764010736466785
101244,2025-12,0,0.5,0.11949009225268291,0.10193194165241738,0.12017673723550322
101268,2025-12,0,0.5,0.0423235347157848,0.03503766199151627,0.045575698498793525
101725,2025-11,0,0.4,0.08688492947023588,0.09986289491990857,0.0873822762200884
100490,2025-11,0,0.3,0.056632333089872464,0.04026491044192264,0.027511682632788328
100642,2025-12,0,0.1,0.0262369345751204,0.019657138856944662,0.018222611205429617
100210,2025-11,0,0.8,0.09082571537019198,0.05921304526667802,0.062171979859198714
100112,2025-11,1,0.7,0.20371599738166665,0.15735798041233573,0.15491898348552538
100786,2025-11,0,0.6,0.07219480109934998,0.07644707102783363,0.08803326572700228
101593,2025-12,0,0.1,0.01630480876508883,0.014090076282199304,0.013581942874525185
100633,2025-12,0,0.6,0.08781789534524306,0.10186102700281735,0.07302485931320672
101507,2025-11,1,0.9,0.1644323035429549,0.1875047975873255,0.14275575885700925
100216,2025-11,0,1.0,0.12490211536326297,0.1203352382915889,0.11904558130336428
100208,2025-12,0,0.2,0.008338560871971079,0.008500617541476678,0.011330051250778813
101160,2025-10,0,1.0,0.24404178737025675,0.20774756618545928,0.18708942245675628
101009,2025-11,0,0.9,0.09532417737214259,0.10189214883021942,0.10496289602619474
101688,2025-11,0,0.3,0.019730305402131592,0.014561451386297311,0.021487208657062523
101809,2025-12,0,0.9,0.0869814153001171,0.09753921626736228,0.08841759525084589
100719,2025-10,0,0.5,0.04499426053104246,0.03571902016468835,0.03568180498868298
100010,2025-12,0,0.8,0.2251456830588119,0.2084789954808522,0.2275293106293308
100185,2025-11,0,0.6,0.1054617554741061,0.09965185392048684,0.0692340244522917
101276,2025-12,0,1.0,0.07179029962523786,0.09221790961014809,0.06624911967979459
101495,2025-11,0,0.5,0.06883174508985991,0.0476856577360103,0.06077279152975652
100509,2025-10,0,0.8,0.16179808545264807,0.1803227668359316,0.20084981823815717
101716,2025-11,0,0.3,0.054178090373959355,0.07473576256210475,0.05419935874361303
100960,2025-12,1,0.4,0.05932564022920899,0.036300841732743096,0.03033850092232252
101865,2025-12,0,0.1,0.027767562551783656,0.020256557092514824,0.018347376923027254
101149,2025-10,0,0.1,0.006953499175639412,0.008753449566920311,0.024766069153920125
101965,2025-12,0,1.0,0.09744672320319467,0.11676564029533214,0.09214706757050886
101424,2025-11,0,0.1,0.005354039500981952,0.006628464062112946,0.015984392494492267
100670,2025-11,0,1.0,0.37641274847921746,0.36337838596615224,0.3210266232840896
101081,2025-11,0,0.3,0.011623999878702426,0.015496571599452377,0.019852806855269443
101783,2025-12,0,1.0,0.21596056542015693,0.2197260420413212,0.16505138975702838
101427,2025-12,0,0.3,0.037192303107557265,0.04647092144324683,0.04230957424788741
101001,2025-12,0,0.9,0.2683790605657047,0.18265338092433406,0.1988548040504592
102014,2025-10,0,0.4,0.03949448851273113,0.025314704583587363,0.026861355829370034
101929,2025-12,0,0.7,0.09960622348763587,0.08489462538004648,0.07874319271981861
101340,2025-12,0,0.1,0.007527342280521862,0.00891761259103692,0.015587067174786765
101422,2025-12,0,0.2,0.024639021864790136,0.02197763145923428,0.020035314969945085
100529,2025-10,0,0.6,0.13940389991300356,0.18223701852684038,0.14609037385678175
101637,2025-10,0,0.4,0.039538992542041296,0.02632779276748137,0.027219717681362405
101041,2025-11,0,0.4,0.02470044019296673,0.017842194212745226,0.02498904269115196
100578,2025-12,0,0.9,0.0335432005610241,0.03449766352827933,0.03431049397479826
100011,2025-10,0,0.5,0.055134121215678594,0.04691956002503973,0.048731995551778526
101991,2025-11,0,0.5,0.10780608535136307,0.123079351137552,0.134623426901949
100042,2025-11,0,0.2,0.03653583050041063,0.03671423645487624,0.022917252349508175
101335,2025-10,0,0.6,0.057110386526013995,0.047886632930236456,0.03769784455819822
102009,2025-12,0,0.6,0.11994949167664154,0.15551355635486222,0.13164229431956992
100084,2025-12,0,0.2,0.03255142383464778,0.03142664969069299,0.03318527860224519
101596,2025-12,0,0.7,0.047817532086375146,0.04780050627899301,0.06127477876041223
102074,2025-10,0,0.5,0.05620053808117536,0.05726021378042145,0.05490904413363908
101438,2025-10,0,0.5,0.05059829149790668,0.04340257809583756,0.06702283122181123
101678,2025-10,0,0.3,0.020100397910375763,0.02436110279411025,0.029207805025757948
101914,2025-12,0,0.7,0.07531936723688039,0.057866050286380595,0.07783366108329069
100070,2025-11,0,0.3,0.04319793862188013,0.038684235361856154,0.04623260483416204
101091,2025-12,0,0.2,0.01760118634042198,0.011273272836241258,0.012599047750782917
102075,2025-12,0,0.9,0.2249349244114217,0.24281696545527934,0.21768474170904176
101449,2025-12,0,1.0,0.15658489684744364,0.1982489176357249,0.17426038172058023
101294,2025-10,1,0.7,0.15492742284855657,0.16843267477792093,0.24308623170640334
100058,2025-12,0,0.6,0.14556340891488037,0.08413912977276798,0.08885555363820982
101510,2025-10,0,0.6,0.1284931391395401,0.11338186574131484,0.09820689535020664
100596,2025-11,0,0.3,0.013701005938339976,0.015827013355224826,0.020371488009261696
101321,2025-10,0,0.5,0.10746821267944255,0.12461300805029561,0.13899371726449203
100975,2025-10,0,0.9,0.046580448497516476,0.04818035623742921,0.04759398481652339
102026,2025-12,0,0.6,0.04769560704244349,0.050528539598146786,0.05378960832018274
100056,2025-12,0,1.0,0.22597127875074713,0.17049238950891388,0.1626334169195232
100228,2025-10,0,0.5,0.06516777091513408,0.08003562926178,0.09444377263105277
101640,2025-12,0,0.4,0.023651105519648143,0.022780253454558627,0.026437801282485827
100638,2025-11,0,0.3,0.020778298655384088,0.01656517850849659,0.023461329429437107
101790,2025-12,0,0.9,0.210693298105508,0.24181037070272837,0.18999519663932637
100594,2025-12,0,0.4,0.024019879865222728,0.026262404446064383,0.0317770246941485
101409,2025-11,0,0.8,0.09008457330160674,0.1040515908186196,0.09732743310922211
100633,2025-10,0,0.6,0.1490984649436877,0.18034251015279745,0.1422935856303844
101659,2025-10,0,0.2,0.01687656985093256,0.011863314080331911,0.01661637137017091
101293,2025-11,0,0.1,0.036970963711506814,0.041443061766442156,0.042048063401316206
101643,2025-10,0,0.4,0.035306431386500456,0.036492929122927065,0.03800662479417074
100890,2025-10,0,0.3,0.03879060517973487,0.05859100840405032,0.042244336484580446
102010,2025-10,0,0.6,0.10950598088594703,0.07782654482259244,0.07781038504251732
100447,2025-10,0,0.5,0.05970427209760869,0.05013024318357256,0.05737036243650587
101046,2025-12,1,0.7,0.1397938941062036,0.14116692738545134,0.16221403966502104
100348,2025-11,0,0.2,0.025902355629603035,0.026082336920514194,0.03047814776253099
100262,2025-12,0,0.6,0.050815041499579626,0.03350284769757872,0.040425651050709395
101937,2025-12,0,0.5,0.03561802223465429,0.03721098290290238,0.045916119642533164
101191,2025-10,0,0.7,0.05684060338351547,0.057986017681399944,0.05599788304380203
100837,2025-11,0,0.1,0.016793378936076027,0.015073036024896043,0.020918242307430945
100494,2025-10,0,0.7,0.17173093487235122,0.22516415736038678,0.22966306402713818
101068,2025-12,0,0.6,0.11713170791900346,0.13795941338209924,0.11932286106767928
100594,2025-11,0,0.4,0.0275013237536917,0.02445307828037279,0.027068259531243036
101634,2025-12,0,0.8,0.04566384013941208,0.03190370498463113,0.04379879516440398
100277,2025-12,0,0.2,0.03552797626594292,0.02901889839394931,0.021499917040257062
100069,2025-11,0,0.1,0.01201072529541391,0.006124893397435457,0.010803296232122252
101912,2025-11,0,0.1,0.04817846126414986,0.07801891119062944,0.05715256184361115
100801,2025-12,0,0.4,0.053358621988274436,0.0485459013995528,0.04270078939340154
101498,2025-11,0,0.2,0.032514518570441325,0.035260180353294465,0.024206472945124076
100834,2025-10,0,0.1,0.0165129745071332,0.021300279782257882,0.028141902108168616
101881,2025-12,0,0.9,0.14894918549042624,0.1707283135815265,0.15111097180337393
100484,2025-11,0,0.9,0.2041610812601766,0.24801596803916298,0.2484673097482732
100737,2025-12,0,0.3,0.00982885020940385,0.016779059245386113,0.018943342167386436
101650,2025-12,0,0.6,0.07079378217391992,0.08089881552967897,0.09285915280066517
101408,2025-12,0,0.6,0.0715689965937814,0.06201063569183368,0.08461059102505908
101802,2025-12,0,0.4,0.019991830177568646,0.017510370665363536,0.029058211979834547
100935,2025-10,0,0.9,0.1202119794812052,0.10879297514742932,0.11043827839420198
100344,2025-10,0,0.3,0.03623610311404375,0.043530811015181546,0.04568400860810893
100484,2025-10,0,0.9,0.10401321823513747,0.09860283476567386,0.09690753552166494
100892,2025-10,1,1.0,0.19164155937098826,0.2534176530392253,0.22649304528141026
100540,2025-11,0,0.7,0.08263491440875514,0.07664843542281537,0.07598385213454241
101445,2025-12,0,0.1,0.004438763267945333,0.0055451444684231225,0.013553671442218139
100780,2025-12,0,0.6,0.036873211290519056,0.044448156044584436,0.04420935582371171
100712,2025-12,0,0.1,0.008715944658948755,0.008619286880221453,0.01392225905840538
100415,2025-10,1,0.7,0.06006252029788108,0.09276548887356267,0.1006206473634784
101750,2025-10,0,0.3,0.023156201124041955,0.021161271409340536,0.021474739764416256
101435,2025-10,0,0.6,0.08005148670965022,0.06774366433042946,0.061689363520565574
100345,2025-10,1,0.9,0.09829719636219576,0.11098553630786243,0.11280000570204664
100065,2025-10,0,0.4,0.04419068654902592,0.02524807497390263,0.03328606970846776
101054,2025-10,0,0.6,0.0682157416663377,0.06228933332617674,0.09036325439111084
101090,2025-12,0,0.1,0.005088486587671011,0.004043918557126353,0.007465238467955507
100875,2025-12,1,0.9,0.32270130142286213,0.3610121378379688,0.35536418140599735
100273,2025-11,0,0.4,0.057819629909634566,0.06919004282137535,0.06609332169507257
100512,2025-11,0,0.7,0.07235764780132625,0.05491663450842274,0.07671510374181514
101393,2025-10,0,0.9,0.06480413753644884,0.09293764187020306,0.07978924167558675
101900,2025-10,0,0.1,0.009915462903233285,0.010257106328902242,0.015797685065125248
101181,2025-11,0,0.9,0.11075471352868826,0.11089171241239856,0.1183354515726183
100884,2025-10,1,0.9,0.09644228569132542,0.07823882039881397,0.10374712784148847
100065,2025-12,0,0.4,0.03454874403001901,0.018351999042360755,0.02714300888088716
100662,2025-12,0,0.9,0.21946368420735884,0.23273576996830087,0.18271362003897448
100174,2025-12,0,0.5,0.041044824769954275,0.03199894797352346,0.05871300996734487
101595,2025-10,0,0.6,0.048500858119920595,0.04361229918082841,0.050682315898728764
100516,2025-10,0,0.2,0.032438630197679806,0.037987860253889,0.030491347857584773
101230,2025-11,0,0.4,0.028956540073715523,0.025893149874363745,0.025450983391816905
101845,2025-12,0,0.2,0.02289059487374724,0.020829438952621487,0.021202856460660467
100327,2025-12,0,0.6,0.047060566286547735,0.025519596577136178,0.0358919260620897
102079,2025-12,0,1.0,0.29977757204031247,0.24684285083913363,0.19125787109564749
101932,2025-12,0,0.7,0.03934234823619378,0.047853381316320075,0.05153066399620638
100614,2025-12,0,0.2,0.01678191807275788,0.015489696914651524,0.020311995609310286
101140,2025-10,0,1.0,0.10643851040243905,0.10624072188190499,0.09317441361736337
100164,2025-12,0,0.1,0.007031975866465237,0.005398600125176397,0.011409069331036916
102096,2025-11,0,1.0,0.2828241920948908,0.3356406237627544,0.27888594582483933
101480,2025-10,0,0.6,0.1475798753370358,0.17079373996724803,0.13195591698211745
102073,2025-12,0,0.5,0.05782036548092196,0.06289313055669551,0.05510139251474257
101593,2025-11,0,0.1,0.010828868835462876,0.01007769391875955,0.017217110789672103
101512,2025-11,0,0.9,0.2685975038199543,0.2525964030664112,0.23759906272734538
102029,2025-11,0,1.0,0.16224075384099798,0.15949086929053233,0.12616572482173735
101280,2025-12,1,1.0,0.29177934339626366,0.32757039761939477,0.3030105019038824
102061,2025-11,0,0.3,0.009962257320291785,0.01030315307129733,0.01697245898415941
100086,2025-12,0,0.4,0.04907618161763381,0.05519018706936555,0.055798371406228155
100108,2025-12,0,0.9,0.06919610322845735,0.06492353426499697,0.06481576750445457
101815,2025-12,0,0.3,0.03272577033812198,0.025496297290219936,0.0320036326580822
100770,2025-12,0,0.5,0.05818540500325574,0.04099263918832696,0.059223406343545074
101654,2025-10,0,0.1,0.019437508662789826,0.01744613824299441,0.02250845080019804
100373,2025-11,0,0.1,0.0027172918654220788,0.002947841253888613,0.010017385483524219
100742,2025-12,0,0.1,0.017392107453295686,0.01144100001132868,0.01504129045377283
102042,2025-10,0,0.3,0.035240277919622025,0.0508471683067108,0.054628772127907295
101212,2025-10,0,0.2,0.03241329721184309,0.03831217484090788,0.04128624904589026
101901,2025-12,0,0.8,0.1627047293823604,0.16279321085371018,0.15630130874275094
101164,2025-11,1,0.9,0.11199440347588778,0.13314379390762443,0.11055247956328561
101150,2025-11,0,0.8,0.21567736635445986,0.2879176906149448,0.30531802863421653
102064,2025-12,0,0.2,0.018875036896296563,0.019456328717097366,0.022823772729341364
100755,2025-11,0,0.6,0.022949227055333976,0.024931356711802653,0.023247508312690818
101176,2025-11,0,0.5,0.04949692467079467,0.04344398931359721,0.04665595584713818
100499,2025-12,0,0.6,0.05656042398129308,0.05417117606975652,0.049916550491587906
100984,2025-10,0,0.7,0.05181493683050445,0.05276262791427298,0.059540844490912403
101017,2025-11,0,0.1,0.008846774097435534,0.010854712639062203,0.017815723923178883
100621,2025-12,0,0.1,0.011212219940948667,0.010142562335042014,0.01788050909849738
100121,2025-10,0,0.1,0.009759014985689289,0.00907442476939608,0.014385296459401412
101899,2025-12,0,0.4,0.05956862007736683,0.07608495083626297,0.06422215166965332
100849,2025-12,1,0.9,0.2865328689467521,0.328394904972757,0.33581840333311624
101099,2025-12,0,0.5,0.03208822617245648,0.044115075593982214,0.04497217691716854
101622,2025-12,0,0.4,0.05027432023865587,0.07363002318673957,0.05817166449774197
101972,2025-10,0,0.3,0.053476516355698264,0.053854121008695965,0.04074570160477791
100955,2025-10,1,0.4,0.08155103632135112,0.07926343644516126,0.07501154646326831
100334,2025-11,0,1.0,0.236813615112156,0.22179152949382666,0.22453293980540165
101821,2025-10,0,0.7,0.020123072275662304,0.026087564005394002,0.036918445670244
100978,2025-12,0,0.7,0.05850730013844635,0.03632653033202638,0.036779469096414254
100336,2025-10,0,0.1,0.004818659401663835,0.003953565746183039,0.0090626204326232
100077,2025-11,0,0.3,0.027204426079909243,0.020243561451353344,0.02180133432792841
101569,2025-12,0,1.0,0.27784247381834126,0.2765250257428197,0.21900904047678246
100709,2025-12,0,0.3,0.04388153649343908,0.061933451388346474,0.05301885556685241
101904,2025-10,0,0.3,0.028369941692986147,0.022144416159659366,0.019579678788800965
100199,2025-12,0,0.3,0.07062456670117918,0.054326489081585036,0.038432788572775115
101623,2025-11,0,0.9,0.15053215781426627,0.15652061744417708,0.16156447470993873
100882,2025-10,1,1.0,0.23268442182195925,0.2286611460754476,0.1626354328322218
101385,2025-12,0,0.2,0.011099514372477736,0.0093914419943857,0.013567976162280289
101909,2025-11,0,1.0,0.18589608625172865,0.1622174773310394,0.1415849815420421
101700,2025-10,0,0.3,0.027289839775839535,0.0366519301320574,0.036058727079173146
102091,2025-12,0,0.5,0.05968100294634615,0.048925888185248394,0.0726811932008975
101644,2025-10,0,0.3,0.07124274672972496,0.06944811414934766,0.06598283091423056
100079,2025-10,0,0.8,0.12429070864875587,0.10982922019197831,0.09928157875422433
100552,2025-12,0,0.1,0.01050713671908562,0.013326520860547275,0.019308861849575223
100800,2025-10,0,0.2,0.004113263592196572,0.003876950342580611,0.010077956020082822
101190,2025-12,0,0.1,0.01922536102776172,0.019305267670175392,0.02035360785655428
100289,2025-12,0,0.8,0.08824510339508611,0.09244900739883437,0.07544313510366808
100554,2025-12,0,0.5,0.020335347554397296,0.029226246420076166,0.033857614717819014
100788,2025-12,0,0.8,0.06512696379828528,0.07030848993014903,0.07469770278844258
101548,2025-11,0,0.2,0.03543522647425492,0.02752608307448303,0.0206305078656858
101249,2025-10,0,0.6,0.0382183493316832,0.03641678263491045,0.03212746431922637
101892,2025-12,0,0.8,0.0696726885160339,0.08843049846679933,0.08876835934761704
101408,2025-10,0,0.6,0.04485040969235073,0.0422373161482816,0.042139176897055944
101223,2025-11,0,0.8,0.1320576821865551,0.12130466750863562,0.11078888733476497
100532,2025-12,0,0.4,0.08227853488292282,0.06653691015100376,0.044982674854279335
100300,2025-11,0,1.0,0.14748703241683972,0.1489776756385638,0.12107870991041313
101826,2025-12,0,0.8,0.18794777286999917,0.17204633415234288,0.1742475523232085
100683,2025-11,0,0.1,0.01224101586540971,0.014310838362007314,0.028141902108168616
101386,2025-11,0,0.6,0.052349286689512824,0.034160351049266346,0.034711836892541176
102048,2025-10,1,0.8,0.11348124477616146,0.10534111202481941,0.12398173321242764
101211,2025-10,0,0.2,0.03242221104454029,0.0299297739896979,0.02830396304355582
100105,2025-11,0,0.5,0.13496725047174188,0.1145455053342194,0.09793837519584966
100151,2025-12,0,0.7,0.09762594418981138,0.15273611748572355,0.13670646731013264
100954,2025-10,0,0.7,0.06876729184692834,0.057665404625576115,0.0661360940862309
101686,2025-11,0,0.2,0.028529949351453445,0.029846842494983726,0.02267709435741159
101449,2025-10,1,1.0,0.2769755011282353,0.36101791758483365,0.31422305812918633
101917,2025-10,0,0.8,0.1812852692014054,0.15417385036406675,0.16907165578753067
100691,2025-10,0,0.2,0.04293132944214217,0.07215107392324956,0.04300105199608811
101253,2025-11,0,0.6,0.07216368129477412,0.06541223800198136,0.055870349188551514
101437,2025-11,0,1.0,0.3397679526937382,0.30419911042111186,0.21557728609439064
100236,2025-12,0,0.2,0.01132123765345213,0.009938309440117914,0.015516236771214297
102035,2025-10,0,0.5,0.04372050413417946,0.03973953661630869,0.043712440662236084
101806,2025-10,0,0.9,0.2874806500383881,0.272054435790531,0.25615328810910276
100414,2025-12,0,0.8,0.026242020024470434,0.02713460008540442,0.03955741324027927
100722,2025-11,0,0.5,0.03692449946030681,0.03928137609395701,0.04416507227336273
100269,2025-10,0,0.9,0.20650482080120866,0.21363379678537237,0.19341475162592311
101693,2025-10,0,0.1,0.004884886744839276,0.005695617166761964,0.010139008674832625
100405,2025-11,0,0.1,0.014985063414009962,0.014535592116492734,0.021733140342009318
100182,2025-12,0,0.3,0.020711151898447713,0.021372530517620506,0.023996227035236888
100186,2025-11,0,0.5,0.08847652750063967,0.09409805246052844,0.09176518316944068
100025,2025-10,1,0.7,0.10127558686399468,0.1314500256144471,0.18069015170464528
100396,2025-10,0,0.5,0.07358874315245087,0.10443419072807619,0.10438964271627796
101648,2025-12,0,0.3,0.03674537807181705,0.02745963029604158,0.028875444601083246
101256,2025-12,0,0.7,0.17493170557261456,0.18679307459465505,0.19802424018722076
101317,2025-11,0,0.9,0.10973442105001593,0.11058936407462781,0.09468478399520984
100772,2025-10,0,0.8,0.04252417109611543,0.03544266590731528,0.03526130073887649
101330,2025-11,0,0.6,0.054452114651462095,0.04862965632101945,0.04905297110650956
100839,2025-12,0,0.5,0.017980705311999693,0.02220553097312956,0.031680898838297174
100681,2025-10,0,0.9,0.14766099571643967,0.14215419311002941,0.14738047665610915
102071,2025-11,0,0.5,0.013714730915014234,0.014217054023671778,0.024703193479083868
101817,2025-11,1,0.8,0.14677606036967267,0.0911307245413679,0.12590944823804567
101060,2025-11,0,0.2,0.048597929231905285,0.04102920670915588,0.026943620809100493
101357,2025-10,0,0.9,0.047953227255526594,0.08373520888592431,0.06916190862707691
101611,2025-10,0,0.5,0.11936678153301179,0.10924304053998732,0.12212501975788013
102056,2025-11,0,0.3,0.024756671054705658,0.013186438141134611,0.017553999232922824
100310,2025-10,0,0.5,0.03423491203304805,0.053361708072091514,0.04764211893338907
100976,2025-10,0,0.3,0.038888758621944075,0.019965000565023934,0.0229661278103702
100353,2025-12,0,0.4,0.054483570835214996,0.049254800433910666,0.05161927963063634
100389,2025-12,0,0.6,0.0333078697547383,0.029835745477776305,0.03335626420435403
100175,2025-10,1,1.0,0.1385714431668278,0.12491926496838789,0.1276634610742079
100893,2025-10,0,0.1,0.03552920834712344,0.0381434888238362,0.026883196990188905
100190,2025-12,0,0.5,0.077435160740129,0.0772463226047234,0.10741321594950921
101966,2025-12,0,0.3,0.025258501419555587,0.028664786147684012,0.03640963009250538
100600,2025-12,0,0.2,0.011013759771395773,0.009341805768821649,0.013969013225699056
100777,2025-10,0,1.0,0.04601902823043197,0.04355403929666553,0.05379700166633491
101302,2025-12,0,0.9,0.13582755189611506,0.1705509863561422,0.14662284610775944
100358,2025-10,0,0.7,0.0952757985037849,0.08418839003783751,0.09999890361363442
100977,2025-12,0,1.0,0.1437621635986585,0.13625268397789575,0.12566537185583967
101897,2025-12,0,0.6,0.04882655787502933,0.05804875634737182,0.055092373134399075
101994,2025-10,0,0.3,0.026212290709376997,0.022114364944714648,0.02286040157090413
101334,2025-10,0,0.8,0.17937018340453179,0.14950674754520304,0.15502308804564477
100919,2025-11,0,1.0,0.1620318675260498,0.15376614532937577,0.16175637433360557
101970,2025-10,0,0.3,0.036154294632468185,0.06121239368414911,0.05385302947072156
101901,2025-10,0,0.8,0.024643480882868118,0.023336527436395915,0.024426169569491167
101062,2025-10,0,0.4,0.0748722540517332,0.07328909841544483,0.0632150353974351
100455,2025-12,0,0.2,0.011255803592951396,0.010357351506050896,0.01664537192218967
100974,2025-10,0,0.2,0.009941128598910375,0.0076838233190963355,0.015676864727181314
100900,2025-10,0,0.6,0.07174389991769067,0.07272077935996503,0.05850267718348837
100781,2025-10,0,0.3,0.027280437914378144,0.02028878880132264,0.021737958306717133
100588,2025-10,0,0.5,0.02969367034210691,0.04193962638345039,0.045241773264832495
100985,2025-10,0,0.9,0.09332250943111185,0.07872193162551912,0.07274093695073985
100519,2025-12,0,1.0,0.1273497999630759,0.14943962771155855,0.1316893741428524
100911,2025-10,0,0.5,0.1022898474758719,0.10419366381390108,0.10392266546817475
102092,2025-11,0,0.3,0.01996366654178604,0.018578673746471926,0.02248123811035148
100731,2025-11,0,0.5,0.09994527795266799,0.15143907515047045,0.13341077293751252
100154,2025-11,0,0.6,0.019157669661634538,0.012185230737047402,0.02316294089551676
102068,2025-12,0,0.5,0.06377890242536169,0.06684823267415922,0.07208172864535055
100575,2025-11,0,0.2,0.025375122460173767,0.011253158290787714,0.016493718413557824
100623,2025-11,0,0.8,0.10541069515387938,0.10732919027697573,0.06893614371505678
101738,2025-12,1,1.0,0.2922641778855403,0.2848609449918557,0.2707886115659264
101718,2025-10,0,0.3,0.09247653623491307,0.11252036116693016,0.06587444511419971
101156,2025-11,0,0.7,0.12298529158729417,0.10872621727828251,0.09469234164106291
100466,2025-12,0,0.6,0.13811473386477108,0.19001377100522288,0.19250414613434336
100195,2025-10,0,0.5,0.04882593079063172,0.03345030805456835,0.057062843446854444
101765,2025-12,0,0.1,0.01936386116397751,0.021047878861693108,0.025414290481077646
100187,2025-10,0,0.9,0.2674591388369027,0.31451134560253774,0.365321714671107
101973,2025-10,0,0.1,0.03275633195548937,0.02771533588217233,0.021913859648870614
101105,2025-12,0,0.5,0.07799812093116869,0.08758134010151272,0.10950348423639242
101546,2025-11,0,0.2,0.03203841495117168,0.036113245684539275,0.034117625734309966
101548,2025-10,0,0.2,0.017452556062245474,0.011767538037876021,0.015774543771527493
100046,2025-10,0,0.2,0.016283013474360553,0.010333583096899563,0.016537242642428007
101283,2025-11,0,0.4,0.02532955106464081,0.025047901454839105,0.03483851696568436
101843,2025-12,0,0.7,0.023937451980289882,0.023846502203754415,0.02648863097490504
100249,2025-12,0,0.5,0.02692052204065553,0.024788818843870988,0.0355910446502138
100855,2025-11,0,0.7,0.030519648939056728,0.024648433761238167,0.028494447866896522
101660,2025-11,0,1.0,0.22023017212868987,0.180193749969735,0.15668632623842668
101323,2025-11,0,0.7,0.042089176380317915,0.04824766001065681,0.05207055978283059
100184,2025-11,0,0.1,0.018843196256334557,0.016549814059098354,0.021778152907215388
100005,2025-10,0,0.8,0.051457168445775185,0.03926559992786919,0.051322666964158895
101132,2025-10,0,0.6,0.046644795279541504,0.05057304361127812,0.04585394778690564
101844,2025-11,0,0.1,0.026568244607908645,0.03156084303334215,0.0308488745041865
101545,2025-10,0,0.5,0.047657840244093995,0.04795935396525196,0.05291516965347407
101737,2025-10,1,0.8,0.10120230126228108,0.08652620065411633,0.09122688475071969
100536,2025-11,0,0.8,0.23574915825321202,0.20249281109149508,0.16724424128361956
101124,2025-11,0,1.0,0.23175490171467328,0.2199856976262179,0.1891917160826754
101611,2025-12,0,0.5,0.09796432132789246,0.07732107980908748,0.10492482833391197
100024,2025-11,0,0.8,0.09401658929365785,0.11524408724383883,0.13469876389103294
101592,2025-12,0,0.8,0.12732023261237613,0.10893884899081635,0.1123441232992791
100595,2025-10,0,0.6,0.07029817821116353,0.06244732230973795,0.058602541848637724
100879,2025-12,0,0.4,0.01784109133345728,0.017364100520334366,0.02461716707472466
100391,2025-11,0,0.7,0.044067704133068715,0.021319315616979653,0.046227880318994836
100099,2025-10,0,0.5,0.044753045425226394,0.04415518630857965,0.04464936851226495
100626,2025-12,0,0.7,0.1623125116991928,0.199702784650842,0.21415906303957083
100141,2025-10,0,0.3,0.03135691993958609,0.03626191711288365,0.0303904054142675
101149,2025-11,0,0.1,0.03242362492558658,0.02904917003855648,0.0377653093490464
100269,2025-11,0,0.9,0.12067564171956291,0.11140041475695033,0.12375627302022707
101769,2025-10,0,0.9,0.12378258222147055,0.11762302113916308,0.1391978479729381
101215,2025-10,0,0.9,0.17933762302668665,0.14582418352999282,0.15224404536010167
101746,2025-12,0,1.0,0.10455749381839155,0.13465536246027146,0.11132684286715983
100764,2025-11,0,0.6,0.09272775776986028,0.08049299098468787,0.055543281080651555
101759,2025-12,0,0.5,0.07825146478906311,0.07638139622101493,0.09715584835667679
101256,2025-10,0,0.7,0.18620575668358136,0.24668338204715343,0.2796977467021713
101955,2025-11,0,0.3,0.013732731904769768,0.01284368223710194,0.01946940100361362
101100,2025-10,0,0.7,0.07605763865848661,0.10114659520699483,0.10658072029610866
100613,2025-12,0,0.6,0.08547483805732123,0.10800660041997545,0.07420116274252145
100861,2025-11,0,0.2,0.04080331841241357,0.039679697384469415,0.032286748030810934
101907,2025-10,0,0.9,0.10782952081863514,0.08107318672018926,0.08678420187982845
100639,2025-10,0,0.2,0.03299745609209229,0.04090437808136495,0.036264246463421565
101061,2025-12,0,0.2,0.015303344123986313,0.011392476189203487,0.01334639897173348
100786,2025-12,0,0.6,0.041509367999413224,0.03340729518112916,0.04029249096914654
100252,2025-10,0,0.7,0.09285362339259318,0.1265535543325038,0.1487657554897514
101201,2025-12,0,0.2,0.04036929978364239,0.03556500279167799,0.023343630652728643
100267,2025-10,0,1.0,0.10608215368390268,0.10032359496720304,0.07769399470517636
101602,2025-11,0,0.5,0.018238974662533027,0.0173433456968998,0.028533523240536308
101730,2025-11,0,0.4,0.022503255234183204,0.01452822103399721,0.019316823774432695
101069,2025-10,0,0.7,0.05510592645464106,0.06118868687436236,0.06337804946562774
100603,2025-11,0,0.8,0.13174169680373507,0.09490282025870418,0.09848253329770625
101332,2025-11,0,0.8,0.1812417424874688,0.16126414190036842,0.15176883459156915
101956,2025-10,0,0.9,0.06725815686042849,0.04913708567226701,0.0579886415186745
101315,2025-12,0,0.1,0.004459848723130836,0.004033141548928647,0.008264529944892405
100172,2025-10,0,0.6,0.057610530783425734,0.07355150812404715,0.060678108214533164
101816,2025-10,0,0.3,0.08424571608152606,0.07303193796784818,0.05413554805898783
101005,2025-10,0,1.0,0.18171710480290568,0.1466494898089025,0.145651528087975
100461,2025-11,0,0.9,0.12505228082261796,0.10494670084724991,0.12611802553931742
100136,2025-12,0,0.5,0.0947988816855462,0.09552771194717312,0.11398228220996572
101732,2025-12,0,0.1,0.013457772734706126,0.011263966915772331,0.014527002947587596
100907,2025-11,0,0.9,0.16513486654774157,0.17799345928124577,0.20038282408919267
101427,2025-11,0,0.3,0.023334529650795154,0.030540129524592955,0.03471556857668538
100969,2025-10,0,0.1,0.04582596745448361,0.03866993369962056,0.0237010170412582
101187,2025-10,0,0.1,0.04764360481767045,0.03665198518909135,0.02013116475524302
101068,2025-11,0,0.6,0.053434879456213266,0.05694966871161801,0.05306076904009029
100470,2025-12,0,0.7,0.03490467618409236,0.024153612426864566,0.03310030573315182
101060,2025-12,0,0.2,0.03931780038017723,0.032923534328136946,0.02022901738062967
100407,2025-11,0,0.9,0.18771840535549225,0.1389526004347714,0.15490233344635412
101135,2025-12,0,0.8,0.15168833266931636,0.10744213883348172,0.1274162098426144
100703,2025-12,0,0.5,0.053374921566267414,0.04921373729472972,0.06485889212477261
101460,2025-10,0,0.5,0.143855440453051,0.130258866447844,0.11342633939307853
100937,2025-10,0,0.7,0.09022111061639125,0.10294426502283889,0.11138915060836355
100064,2025-12,0,0.6,0.08238809783050442,0.09621879024017144,0.08406781378481026
101111,2025-12,0,0.3,0.02553264026891189,0.017308205674889984,0.01783998599158741
101440,2025-10,0,0.2,0.02992499398311719,0.020281244193160835,0.01670254900064779
101089,2025-11,0,0.6,0.07981005600573002,0.07734282515477542,0.06110439808207835
102039,2025-10,0,0.3,0.024951932027073822,0.020256800007600672,0.02606080141235586
101545,2025-11,0,0.5,0.07348476769229366,0.08746710332612727,0.10558089728938706
101777,2025-10,0,0.8,0.08983797889130198,0.09421463760406375,0.09078557512833685
102087,2025-12,0,0.1,0.015700066482412314,0.012747763634746574,0.018969901266589
101129,2025-10,0,0.4,0.0827000543857189,0.06859610470608951,0.05600162815924384
100252,2025-11,0,0.7,0.1150584931594949,0.1346357837802679,0.15033476675906768
100410,2025-12,0,0.1,0.01662761858113982,0.012866104993066878,0.013785816693837832
101995,2025-12,0,0.3,0.03363065456692926,0.0337318081583583,0.036475143244787206
101287,2025-11,0,0.8,0.1442973016307088,0.16848617149966572,0.18669866780744576
101270,2025-10,0,0.7,0.1721067901941418,0.18393657313831707,0.18039351706292323
101828,2025-12,0,0.8,0.08397804242286365,0.07315102188432705,0.08235080852235528
100161,2025-10,0,1.0,0.07751836102883632,0.08406127972352273,0.08509252870226576
100025,2025-11,0,0.7,0.0685946728100905,0.1263392565690562,0.10587590152831068
100107,2025-12,0,0.4,0.015428514344660242,0.020817790805045314,0.02281506148013246
100671,2025-12,0,0.2,0.03237654330825751,0.039796841775877556,0.03389491368498131
101868,2025-10,0,0.3,0.01754870725205688,0.01433696445446423,0.023845108017556224
101161,2025-10,0,0.5,0.06107792216494253,0.04631028297006099,0.062432024301842956
101681,2025-12,0,0.8,0.11407239041113358,0.11225841193679877,0.11921733500586307
101034,2025-12,0,0.1,0.016948965148299973,0.012477667377697782,0.016830941974688228
101108,2025-11,0,0.4,0.08254010159993834,0.0676108683261366,0.06396434586620604
101008,2025-12,0,0.3,0.06478117068270939,0.041217220531307774,0.032945944302282155
101112,2025-12,0,0.6,0.12915109219849424,0.14591177557400797,0.1280816901952702
101535,2025-11,1,0.6,0.1053187241108389,0.10469255920195826,0.10740958942884189
100496,2025-12,0,1.0,0.346175653734412,0.27857071936285077,0.21369310068101435
101755,2025-11,0,0.4,0.016183947117008404,0.01959278688360088,0.03002316779022869
101362,2025-12,0,0.6,0.05071171370398932,0.06181453973107727,0.0589308657649547
100098,2025-12,0,0.2,0.028398310484216566,0.03459078566862669,0.030952885031543465
101898,2025-12,0,0.6,0.07701416734128537,0.10039934725986056,0.0669868985469765
101018,2025-10,0,0.8,0.1803541067408428,0.13990625384276098,0.12643847530602506
100847,2025-12,0,0.5,0.03557288991683194,0.02660923275650425,0.03721099882280336
100037,2025-12,1,0.2,0.014460236757731072,0.015111731714763746,0.02105173505349818
100945,2025-12,0,0.8,0.15526725544581457,0.1326684827716781,0.12612795664685578
100572,2025-12,0,0.8,0.13817435996698185,0.11144725518335799,0.09666914887032865
101306,2025-12,0,0.3,0.009067180737009383,0.007299618501755145,0.014208159017913887
100335,2025-12,0,0.8,0.05136788533162859,0.04373471181820722,0.045688327734158665
101164,2025-10,0,0.9,0.09274868243153997,0.1299802318019354,0.1342603757748199
100282,2025-12,0,0.2,0.021132237460267284,0.013287315759286005,0.017618609005985535
101896,2025-10,1,0.5,0.11562240636309942,0.0877027016981802,0.10216672231313696
101682,2025-11,0,0.1,0.008674912399167666,0.0084795142580247,0.014197298309396467
100806,2025-11,0,0.7,0.1016968788045709,0.08330962740203693,0.11454772868135213
100668,2025-11,0,0.7,0.06092885966643498,0.046726616721970524,0.07099271860340146
101090,2025-11,0,0.1,0.0070735230141960774,0.0070346040056820745,0.01054045253912989
100206,2025-11,0,0.8,0.14869528703417653,0.16636160685298276,0.20260115816837973
100291,2025-10,0,0.7,0.06508498849695896,0.07084972943075052,0.07940199659016042
102042,2025-11,0,0.3,0.017711488364614916,0.02416599549510489,0.025202662040201204
100388,2025-11,0,0.6,0.04076377669233645,0.04792688761139463,0.048059093573570924
100688,2025-11,0,0.3,0.03848355869602197,0.05748418196427567,0.06359227479314987
102064,2025-10,0,0.2,0.026795875607039735,0.027692982029658718,0.02445137645609825
101589,2025-10,0,0.7,0.1067378807390467,0.1363442607689254,0.17426513591050452
100675,2025-11,0,0.1,0.0036779679217271433,0.003130093790230932,0.00930692301036626
100564,2025-10,0,1.0,0.17087394324923968,0.1566169737895181,0.17149253801833714
101389,2025-10,0,0.3,0.043780318226696056,0.036310678736968145,0.037134408731443275
100941,2025-12,0,0.6,0.03349255457277617,0.032465849128712046,0.03281155987951927
101225,2025-11,1,0.3,0.040850189116771525,0.034361430494068056,0.026154071441633245
100335,2025-10,0,0.8,0.06618792082250136,0.07682227894405654,0.05879676188085766
101900,2025-12,0,0.1,0.028021923938170094,0.028349404355445817,0.03556868302326218
101270,2025-11,0,0.7,0.13452138688633103,0.14699148147225793,0.14072843062554657
100702,2025-11,0,1.0,0.05941786352139896,0.05508384531464868,0.062370114869034494
101723,2025-11,0,0.8,0.03397503399996522,0.02885016513747533,0.03944285295604708
100146,2025-10,0,0.6,0.038450530610714094,0.05156673035411532,0.04322196559038932
100643,2025-10,0,0.7,0.029826575038660694,0.024595319343173817,0.025216312490840824
100110,2025-10,0,0.4,0.023056594958674678,0.01646846278455051,0.02072180805341253
100971,2025-12,0,0.9,0.08942746386074785,0.08382387522485873,0.08981655528021616
100251,2025-12,0,0.2,0.00763350222271471,0.007941183797154312,0.011648738096976809
100807,2025-12,1,0.7,0.1316870083475025,0.1326831832453895,0.15494360898659879
100087,2025-10,0,0.4,0.027393928564904746,0.03262417231039616,0.03940777959794241
100605,2025-12,0,0.9,0.14721882549114051,0.17138961705799247,0.14980339190888545
100837,2025-10,0,0.1,0.013329677496618123,0.012288105660362113,0.01743347129428975
100486,2025-11,0,0.8,0.09677903229135897,0.06909274416759371,0.09130127345669731
100367,2025-12,0,0.3,0.07974549556767571,0.07475318397877316,0.04283197190722408
101690,2025-10,1,1.0,0.23394287412168532,0.3492597452270329,0.20926323709608585
102019,2025-10,0,1.0,0.22062278306482597,0.18999383932241848,0.1688101072620663
101196,2025-12,0,0.7,0.11674052016125046,0.0820915937578003,0.13014582971849223
101323,2025-12,1,0.7,0.12938458250847973,0.13268656306502988,0.16550852682010353
101404,2025-12,0,0.2,0.038571760200405196,0.03541584736828516,0.020745433629488524
101025,2025-11,0,0.3,0.03791015897591926,0.06414648177137765,0.055129458953414465
100512,2025-10,0,0.7,0.0693476034688261,0.04124038597556032,0.07187408597157494
101698,2025-12,0,0.6,0.09761858267596675,0.07491897758565065,0.07932413259631871
100537,2025-10,0,0.4,0.0387342439585986,0.05244032416873986,0.04490313004091969
101529,2025-10,1,0.9,0.09711641344026946,0.08713563615586045,0.1013216478667888
101494,2025-12,0,0.6,0.044699959652104215,0.03764743542033764,0.047891412733241205
101181,2025-12,0,0.9,0.1941102575842233,0.21360355165068254,0.19272707899706595
100852,2025-12,0,0.8,0.07871704050732121,0.11060304410091318,0.10164769009096407
100026,2025-12,1,0.6,0.05202927524264666,0.04539326711421337,0.051863524183307204
100068,2025-10,0,0.5,0.07050361001329049,0.06883309111408059,0.09595658258323343
100877,2025-10,0,1.0,0.1315782434980405,0.13939549604930057,0.1365684837128816
101426,2025-12,0,0.1,0.00541646784782944,0.005258513615113094,0.01036857554768825
101431,2025-12,1,0.9,0.2530596125637266,0.2755897070474247,0.29437070747388105
100258,2025-12,0,0.6,0.07941880315003644,0.07817356676355414,0.08213129398721997
100043,2025-12,0,0.3,0.025665826816381396,0.03421194758523859,0.04429334925812601
100745,2025-12,0,1.0,0.2240798338891104,0.2342330636920191,0.20746917471965082
100219,2025-11,0,0.7,0.18978551577777494,0.16961383735440852,0.1671344218255125
101919,2025-10,1,0.9,0.22693395133369076,0.2529370390507404,0.21716674803022878
100507,2025-12,0,0.2,0.020882381991730335,0.01794650994975086,0.018261951152992915
100101,2025-10,0,0.2,0.006159096074078793,0.0036898212117941133,0.007504720498935365
100558,2025-10,0,0.5,0.10873439298823605,0.09877213639395226,0.105316302241549
101745,2025-12,0,0.1,0.030417050891490757,0.040142040961998374,0.037990122392328185
102036,2025-11,0,0.4,0.017143673252829,0.030477100565542054,0.032364638250062173
101998,2025-11,0,0.2,0.015444277013532853,0.015483780852256693,0.01951139721219889
100739,2025-11,0,0.4,0.040124193424180006,0.038577744957631326,0.042098822662272446
100267,2025-11,0,1.0,0.3434736213366345,0.3027712149514667,0.22351027330590711
101482,2025-12,0,0.9,0.05192597369941205,0.06630942718415965,0.0963163229333197
100266,2025-10,0,0.4,0.032066814433135186,0.03476144599523074,0.03657770523190356
100753,2025-12,0,0.6,0.0288969681778056,0.02587962613671019,0.03125585066659972
101673,2025-10,0,0.8,0.11927651585276024,0.14031445489904887,0.1091063310502701
100632,2025-11,0,0.6,0.07993468504964342,0.0798777722311544,0.10659359370516605
101616,2025-10,0,0.4,0.024363734431976647,0.023968616822475954,0.032203389105180266
100677,2025-12,0,0.3,0.03997215385935866,0.029334198561095755,0.02653633426631919
101497,2025-11,0,0.5,0.011964614181366509,0.010642956617684303,0.017109917228334336
100992,2025-10,0,1.0,0.3216819821905412,0.3291233271255595,0.26181104187719406
101637,2025-12,0,0.4,0.04173260959341225,0.04737050388047813,0.04618884318125005
100880,2025-11,0,0.9,0.16476440013199167,0.19445197238959014,0.1947814119360552
100858,2025-12,0,0.8,0.051282337236900885,0.051948521550309656,0.06598566363931656
100642,2025-10,0,0.1,0.022379345938317613,0.0177323156726259,0.021597210792717064
101268,2025-11,0,0.5,0.07550569616296322,0.07369914395105312,0.09579360094277294
100922,2025-12,0,0.3,0.027352159338720497,0.03072323689728105,0.03548018366800248
100915,2025-10,0,0.8,0.1842537882512282,0.2165337832377615,0.18793861167561574
101161,2025-12,0,0.5,0.01396457530401924,0.008474455742776558,0.018566133065933715
101429,2025-11,0,0.4,0.04519185592861625,0.04583358640565139,0.04260033722460077
101527,2025-12,1,1.0,0.25080812215959475,0.3081972521217455,0.26175121435997933
101038,2025-10,0,0.6,0.03407357649673507,0.02648925065852104,0.030636982763463758
101667,2025-11,0,0.3,0.046775408001469655,0.0531578770569316,0.058642172218796806
101499,2025-11,0,0.9,0.1783045400176506,0.16139385210341448,0.15241214641378614
100787,2025-11,0,0.8,0.17224238273052264,0.2391658123330226,0.2344045991925231
101119,2025-12,0,0.9,0.2327327527500988,0.22838913750318743,0.16844052772323154
101984,2025-10,0,0.1,0.029236443213996495,0.04345900664708809,0.03668258484154197
100379,2025-11,0,0.8,0.11550925200504324,0.07305917186109873,0.0922146120042983
100308,2025-11,1,0.8,0.2661358777293554,0.18903847891517603,0.16462598148866975
101396,2025-12,0,0.1,0.011936356485853207,0.01657488717417717,0.020511289562779138
101166,2025-11,0,0.2,0.01021581891112557,0.009188868118434808,0.01292131132459748
101322,2025-11,0,0.9,0.09102793032113281,0.1268920893260489,0.10883987075925984
100629,2025-11,0,0.7,0.1399067065923092,0.15368632982834793,0.14206666590167094
100221,2025-10,0,0.3,0.03973004941208767,0.04317910215828363,0.04022099959435575
100502,2025-11,1,0.5,0.06424528249288809,0.07071626110876406,0.09127733857401786
101269,2025-10,0,0.2,0.0064646263868868795,0.007164733089070112,0.014388444777553746
100594,2025-10,0,0.4,0.054044207548750826,0.06311008035934804,0.0609824736841371
100343,2025-11,0,0.4,0.04481421179692456,0.05366331006663287,0.054138512651992175
100782,2025-10,0,0.5,0.060143285796505075,0.06770594710173769,0.0833995422497719
100576,2025-11,0,0.2,0.015215248633832909,0.022781117420097908,0.019322190909884917
100162,2025-10,0,0.8,0.07625119603881814,0.06668077637737575,0.0745129709740564
100071,2025-10,0,0.5,0.0263557538002182,0.027319505160210797,0.03265433306046372
100718,2025-10,0,0.1,0.03675448191206734,0.06569872497196787,0.04996400969441257
100105,2025-10,0,0.5,0.09931958768187589,0.08502815326601748,0.09384084983160106
100398,2025-12,0,0.3,0.025953222489166455,0.030566103151766267,0.034558838615890194
100219,2025-12,0,0.7,0.12823901161289072,0.11435094892420943,0.10181551545593034
100568,2025-10,0,0.4,0.04698558045134429,0.04676435343498789,0.04579121333387323
100767,2025-12,0,0.5,0.04064527859721636,0.034334992705965024,0.04286497902513577
100807,2025-11,0,0.7,0.07650058006840801,0.08162220351306175,0.08707094989851084
101644,2025-12,0,0.3,0.06158912939200703,0.049363215531038306,0.037786246546950744
101626,2025-10,0,0.9,0.1897383701275378,0.24305116390537618,0.25796056939392636
100593,2025-10,0,0.8,0.06104765818481133,0.06501961573635073,0.07666363253240464
101647,2025-11,0,0.9,0.11103577740829386,0.1449866658450354,0.1262958731679765
100306,2025-12,0,0.4,0.021817291581697557,0.01139815167660862,0.0166598814853699
101631,2025-10,0,0.5,0.09252952198345037,0.09946147351856983,0.10876406363606675
101161,2025-11,0,0.5,0.016894986214468142,0.010872308399971106,0.018917673535388254
101636,2025-11,0,0.9,0.30008060723392044,0.29154594096328545,0.26313151329437773
100133,2025-11,0,0.1,0.012259490252132074,0.023484989021757812,0.02269640452486904
101426,2025-10,0,0.1,0.021737897492383453,0.02863048976417663,0.03184451359519689
100687,2025-11,1,0.3,0.04936088486596517,0.045078677630125935,0.041939131578611934
101825,2025-11,0,0.9,0.2707339509619551,0.2937886282821514,0.2508856468986701
100903,2025-11,0,0.7,0.06777520020206136,0.046518568897905725,0.06525345452016462
100222,2025-10,0,0.8,0.13466635768111063,0.1399110449015421,0.12898016023217787
100848,2025-10,0,0.7,0.14103197904775244,0.11858569158305912,0.14588374126967113
100712,2025-11,0,0.1,0.020859576496345362,0.02899306590050896,0.03049182490771128
101278,2025-12,0,0.3,0.03467487906264717,0.019246938853887063,0.021100340063016792
101446,2025-12,0,0.8,0.13850331304157662,0.15633596324370252,0.1343526796563863
100936,2025-12,0,1.0,0.2502899318142685,0.2774759561573255,0.2384377416171013
101641,2025-12,0,0.2,0.01883165778356304,0.025820937963447664,0.024677198475808675
101247,2025-11,0,0.6,0.15619519337340002,0.12101280580909587,0.095706263541917
101300,2025-12,0,0.2,0.011355923271777972,0.011968845392167136,0.01587407135207318
100598,2025-12,0,0.3,0.03674537807181705,0.020296376983049876,0.028322485780425084
101378,2025-10,1,1.0,0.1857187005624101,0.17243292827696347,0.15537840812280546
100652,2025-12,0,0.4,0.03319819161861011,0.027041649786873907,0.03651971920919673
101658,2025-12,0,0.2,0.030597791777221935,0.025198259917824407,0.02350231105624194
100441,2025-11,0,0.7,0.1775190102584906,0.17321139937895833,0.1883076618485858
100028,2025-12,0,0.2,0.0293517333944171,0.02077614029384761,0.016166390616696995
100198,2025-12,0,0.5,0.05462919516554145,0.0694323249750644,0.0862672258663966
100124,2025-10,0,0.6,0.16057128778720905,0.12468176243048093,0.09757701491329851
101448,2025-10,0,1.0,0.36933894480773005,0.43702998663098924,0.3635139783269742
101553,2025-10,0,0.5,0.02862979802976704,0.033314653525271985,0.04125783572062427
100492,2025-10,0,0.7,0.12435768148950208,0.1254528767568593,0.11685670687818403
100046,2025-11,0,0.2,0.0538475277116861,0.03405241626831859,0.02315425589401827
100364,2025-12,0,0.7,0.06430033431954262,0.0695889556741685,0.09171271787154904
100537,2025-11,0,0.4,0.016382604310555524,0.02050371429989282,0.023094690209441722
100719,2025-12,0,0.5,0.12210514244969085,0.11524097745645101,0.09641497975539344
101503,2025-10,0,0.1,0.028939808030675505,0.022138203455687958,0.018252342918916347
100829,2025-12,0,1.0,0.08690944434014379,0.10892312392211403,0.09455146016686093
100605,2025-10,0,0.9,0.1380447333795278,0.155121121751015,0.14980339190888545
101894,2025-10,0,0.4,0.017343394503152202,0.01201353034514492,0.01870606977220719
101136,2025-12,0,0.4,0.054950458054926966,0.040595095214556884,0.03764966730589023
101655,2025-10,0,0.4,0.026332620822905516,0.03423561606322506,0.03727253917119039
101252,2025-10,0,0.6,0.08229949668876044,0.08941363945085995,0.08169243241284486
100215,2025-12,0,1.0,0.10735498294558442,0.14395510149067625,0.10264579669532489
100043,2025-11,0,0.3,0.06046042104516766,0.07991130695486764,0.06472929995443366
100226,2025-10,0,0.5,0.04806918033231019,0.04376668623135623,0.06253181066022355
100904,2025-10,0,0.3,0.06703317288489208,0.06605573805349849,0.05960750870000324
100520,2025-11,0,0.8,0.041282096509852935,0.04448114701950848,0.04356763046343567
100967,2025-10,0,0.9,0.14156985559969207,0.2015034281526149,0.1832144796989042
100150,2025-11,0,0.8,0.09118930254020985,0.0824811734974928,0.08684472212093514
100416,2025-10,0,0.1,0.03289592629072812,0.027323781037300217,0.03511061242666526
101605,2025-12,0,0.8,0.1207913111541012,0.10462290022807576,0.1121982643258075
100031,2025-10,0,0.6,0.09248203083294096,0.09666216023551716,0.096591483318833
101214,2025-12,0,0.3,0.05802634956558951,0.07969228208567351,0.05910950958380249
101262,2025-11,0,0.4,0.026485160707147418,0.018380016784388064,0.018902107863785725
102023,2025-10,0,0.4,0.019525894282035182,0.012466720958286269,0.017696996233755608
101102,2025-11,0,0.9,0.10451557363094023,0.0722990258359789,0.06859439102342295
101358,2025-11,0,0.5,0.05319393998902304,0.05801149404093817,0.08396652492874604
101370,2025-12,0,0.1,0.006288059931129431,0.004233216068886122,0.009911936034310655
101219,2025-11,0,0.8,0.15782268262502291,0.1419137330236686,0.16420243081093824
100630,2025-11,0,0.5,0.031768610097666815,0.027519447374820736,0.031932763657364006
100371,2025-10,0,0.3,0.06657619075607396,0.055663123785476804,0.041094969167319396
101843,2025-10,0,0.7,0.03485292273821722,0.04569866717255899,0.0454835836650098
100456,2025-10,0,0.6,0.06496254069737083,0.05839242809062789,0.03911984122630193
100100,2025-11,0,0.3,0.03008334049339297,0.047194262848956635,0.05045361779301851
101055,2025-12,0,0.6,0.10301451615956653,0.11970767089795732,0.12676783810777253
100432,2025-10,0,0.5,0.022923339808840097,0.015714629776539094,0.026984129255385268
101528,2025-11,0,0.2,0.012594567085841935,0.010503111504725151,0.015080074070573326
100485,2025-10,0,1.0,0.1701204220898864,0.1634434268607832,0.1593477208327994
101117,2025-10,0,0.9,0.06699727161591924,0.058671737099289294,0.07448699725930905
102000,2025-12,0,0.3,0.005447669694296227,0.004867158751561811,0.011415972343812038
100427,2025-10,0,0.9,0.31278860003207887,0.33296639121985444,0.32386719806270103
100872,2025-10,0,0.4,0.03289843440683001,0.03470690428452901,0.04218802598172801
100579,2025-10,0,1.0,0.18517675565973885,0.19426372480640522,0.16410643450775844
100017,2025-11,0,1.0,0.16651134945480886,0.2084741892773038,0.17390992572045874
101704,2025-11,1,1.0,0.4021069441846218,0.35408900951698385,0.26055830392908436
100221,2025-11,0,0.3,0.04057770656354621,0.043463138417950124,0.047178683337653224
101401,2025-11,0,0.4,0.02111373240803771,0.016155537668614668,0.021278862539695208
100383,2025-11,0,1.0,0.07653898774220412,0.10814744822344827,0.0912693102064449
100983,2025-12,0,0.2,0.023367443308900077,0.034168151806912225,0.025741778639955224
101145,2025-11,0,0.9,0.21981505741365345,0.19310251179215696,0.2045996045257048
101115,2025-11,0,0.3,0.008000918209922141,0.007663401532400026,0.017179226155574115
100178,2025-10,0,0.8,0.0847659159258148,0.07531625258635041,0.08760409722463378
101496,2025-11,0,0.3,0.04176437143204793,0.05120169876114679,0.050328986250876534
100914,2025-10,0,0.2,0.008096694219206805,0.006074394788585374,0.01090332414608769
102067,2025-11,0,1.0,0.11753474951362643,0.1449135573979126,0.12294099173809181
101934,2025-10,0,0.1,0.008594615366205458,0.009670594325723078,0.016864856197749557
101412,2025-10,0,1.0,0.04716485749092659,0.04024004200191651,0.0435861282559751
100450,2025-12,0,0.1,0.01937940586597385,0.014939260751509045,0.02025775757696392
100213,2025-11,0,0.6,0.05060520389725661,0.027609604581134442,0.03076792991015907
101664,2025-12,0,0.3,0.049237145923593496,0.07115573146118878,0.06069800910642947
101123,2025-12,0,0.8,0.08377703136694686,0.09755155906465218,0.09138902079492424
100483,2025-10,0,0.4,0.03483031249250228,0.032604133968677645,0.036043691237597736
101713,2025-10,0,0.7,0.030050006711478953,0.02685275179862595,0.03442199044842209
101363,2025-11,0,0.4,0.057631575492508864,0.05291102549800363,0.04924967947299798
100353,2025-11,0,0.4,0.02905726537757991,0.02928863947733667,0.027859371750027527
100127,2025-12,0,0.4,0.03499069281777993,0.037851083028254594,0.04181174170017916
101954,2025-10,0,0.1,0.025313639867113612,0.04233707094164952,0.03343178608687955
101134,2025-10,0,0.1,0.015056693914704872,0.01139012550452002,0.012842704525615943
100512,2025-12,0,0.7,0.050562132656356895,0.0246767277034802,0.055808394175021724
100529,2025-11,0,0.6,0.05522815359881597,0.04951114355225126,0.041775623052088685
101757,2025-11,0,0.5,0.022573457846703216,0.025784331440910045,0.030774604064146987
101665,2025-10,0,0.7,0.06854237026796192,0.09197908025788795,0.0870271021116491
102059,2025-10,0,0.9,0.08314917275110838,0.07078397874966952,0.08872596462052597
100823,2025-10,1,1.0,0.2893502384917246,0.25273879781445885,0.22113705564456027
101020,2025-11,1,0.3,0.034987871207323294,0.05387837943096725,0.05180797856369932
101908,2025-12,0,0.3,0.03948278570562675,0.04413854809011573,0.05105905418183684
101936,2025-11,0,0.9,0.15305301379023376,0.1640351965199799,0.17223638520364856
100698,2025-11,0,1.0,0.18861605618661667,0.2525059539064458,0.24587268828549183
101005,2025-12,0,1.0,0.11435208486675572,0.093009136297249,0.09792375822469715
101528,2025-10,0,0.2,0.015769597210635776,0.013382419470334273,0.013272744899276595
101992,2025-10,0,0.5,0.06246096312522914,0.06949691111055746,0.057883239082305714
101130,2025-12,1,0.1,0.01458343694964096,0.014206778900177977,0.015569785774202531
100514,2025-12,1,0.7,0.04795024469319455,0.06079642977440421,0.07566337115960464
100133,2025-10,0,0.1,0.01617480045397196,0.020448588094276045,0.021700584093896785
100991,2025-10,0,0.9,0.043086714868054946,0.02936143145913915,0.04599547247549428
100706,2025-10,1,0.5,0.03431253202571961,0.03434181304484443,0.041315627021618256
101794,2025-10,0,0.3,0.01476900911060662,0.008056877283045698,0.01569025455502969
101627,2025-10,0,0.4,0.028217994138777118,0.03344626527904967,0.034795819527665243
100117,2025-10,0,0.8,0.2061072478496762,0.1377630490786158,0.13363789337898602
101934,2025-12,0,0.1,0.00915676242318729,0.012109921330667758,0.0187168064035888
100921,2025-12,0,0.4,0.030122386289467878,0.02802104399291031,0.030055146821794172
101924,2025-11,0,0.4,0.02829043315144738,0.023558716133016574,0.025863709880935344
101620,2025-10,0,1.0,0.09359603262941571,0.08153392999505607,0.07532248815056816
100119,2025-11,0,0.5,0.05454168193790716,0.05560262616901135,0.05450732265046497
101210,2025-11,0,0.2,0.00942951493551366,0.015448144258513739,0.013913997310296581
100721,2025-11,0,0.2,0.0369634125907305,0.02620323373281497,0.022284943178790446
101777,2025-11,0,0.8,0.09926698507088293,0.09291257364210032,0.10823406380008481
100577,2025-12,0,0.9,0.13734031687377007,0.13808587145244974,0.1558410917723291
101857,2025-12,1,1.0,0.3429450003002828,0.3180862138334828,0.25484201164058495
101285,2025-10,0,0.9,0.053506810694200116,0.05266645891177473,0.059235855267413026
102093,2025-10,0,0.2,0.008597478892842628,0.007162048192945831,0.013457558291123476
100711,2025-11,0,0.6,0.05932928626118088,0.04445476106506154,0.041291416352782384
101650,2025-10,0,0.6,0.05734105920031037,0.06734582636498465,0.06993379560328554
100104,2025-10,0,1.0,0.21895349076937035,0.16113414607750692,0.1070670862655191
101498,2025-10,0,0.2,0.013887849146363538,0.02021555117717617,0.016298657657608927
101699,2025-10,0,0.6,0.07950969935823272,0.10746875090190151,0.1036483534639246
101392,2025-11,0,0.6,0.08744291071967211,0.0621628340030664,0.051364853154818146
101832,2025-12,0,0.9,0.07919864291768952,0.0889081476027897,0.0818526075390425
101216,2025-11,0,0.7,0.14626647170059043,0.131820906192621,0.10250540747250671
100156,2025-11,0,0.6,0.05787280480802024,0.03650460207342432,0.032988093110407096
101018,2025-11,0,0.8,0.0956513723743784,0.08341130427017396,0.11186019863959736
101947,2025-12,0,0.7,0.09772928817582409,0.10055859909631332,0.09162899081267774
101320,2025-11,0,1.0,0.14594828014773584,0.1681054818872086,0.1541331527466598
100388,2025-12,0,0.6,0.07927843959699947,0.09061129686595894,0.07154043468679562
100448,2025-10,0,0.9,0.15038228366898537,0.1704470915806624,0.16377830740230798
101629,2025-10,0,0.9,0.22636909470631478,0.2178788394131628,0.20247217775896578
101660,2025-12,1,1.0,0.2713852756410524,0.2723140100873035,0.23257841811830038
100395,2025-11,0,0.3,0.009082437752989928,0.007838487295872679,0.01826040854903252
102029,2025-12,0,1.0,0.32243722242272194,0.3490485930096868,0.2967205462305932
101417,2025-12,0,0.7,0.05149459214037406,0.03303909786238835,0.05775527316926964
100132,2025-12,0,0.6,0.050941362170775446,0.047490169476849975,0.050530707874940885
101963,2025-11,0,0.3,0.008446586437655125,0.006459499447554503,0.014208159017913887
101183,2025-11,0,0.4,0.03588245820291218,0.06026442031280373,0.05726021690513429
100414,2025-11,0,0.8,0.06084633594025348,0.06480508887371061,0.06942902131400029
101787,2025-11,0,0.9,0.03381030242714562,0.03121140110526192,0.046027510663702136
101057,2025-12,0,0.8,0.1268579665941767,0.10151588389082553,0.10703244142767043
102045,2025-10,0,0.9,0.18780674098170114,0.19837857257479866,0.1725783975961291
101830,2025-11,0,0.2,0.027008909377170248,0.02674518112013728,0.019079189925716854
101831,2025-10,0,0.7,0.11333795176163758,0.1087797728987166,0.10683593786566561
101772,2025-10,0,1.0,0.17332952998592563,0.17097677863234265,0.15914081721747803
101029,2025-12,0,0.8,0.04006461055984363,0.056053946322030715,0.04985192803764203
100713,2025-12,0,0.4,0.02419706387003033,0.02317342623077081,0.03209372875856985
100771,2025-11,0,0.5,0.049735302348326176,0.041035163274871375,0.04186002021731165
101918,2025-11,0,0.3,0.03984006538995107,0.031641227218692815,0.032363638564806216
101667,2025-12,0,0.3,0.022690511976232654,0.02675861751129747,0.034460265551694264
100075,2025-12,0,0.2,0.023439745104692333,0.025798389820202664,0.025514051823222732
100109,2025-11,1,0.3,0.037569509201344234,0.027674414021158292,0.028863943109464846
101406,2025-10,0,1.0,0.1657367229138547,0.12998509127861885,0.12758362404385226
100018,2025-11,0,0.5,0.027680935942788375,0.02912416822035584,0.031295693410509556
100654,2025-12,0,0.5,0.07412117797358884,0.07203503067243762,0.08555908213510094
101199,2025-10,0,0.1,0.011262101271872858,0.009345230522533547,0.012259146315217892
100714,2025-10,0,0.8,0.09070460043654979,0.09705369054401315,0.08808904143407437
100940,2025-12,0,0.2,0.023601325385863386,0.04648919629313664,0.027482677354751617
102020,2025-11,0,0.3,0.03948012870690099,0.05458928515412848,0.050328986250876534
100804,2025-12,0,0.6,0.045601187756795336,0.06389402152386514,0.05038252524764997
101379,2025-10,0,1.0,0.147305425354039,0.13302062688852193,0.13109361687403667
101816,2025-11,0,0.3,0.07846427340537125,0.0622796036363941,0.04130516565799288
101499,2025-10,0,0.9,0.09825860507189005,0.11165498226356461,0.0931941124493793
101803,2025-12,0,0.5,0.03541718911436057,0.03313753344230021,0.042809122395222186
101288,2025-10,0,0.5,0.04479962832412243,0.028616738622867958,0.04558946647375614
101738,2025-10,0,1.0,0.262439869235939,0.2586983930977923,0.2539806619562295
100942,2025-12,0,0.7,0.04557657306598837,0.047033283095575314,0.05844846535589275
100087,2025-11,0,0.4,0.052465496574717725,0.05095158116291086,0.050866222708463145
101413,2025-12,0,0.7,0.08815443134843169,0.10196351249603554,0.14728071889958141
100110,2025-12,0,0.4,0.06940073059438441,0.06328939580099364,0.05579239871224615
101878,2025-10,0,1.0,0.06690711427021809,0.07837332762611163,0.08988041428006131
100355,2025-11,0,0.5,0.06287475195431103,0.05970477978562211,0.06675970457812659
101950,2025-10,0,0.7,0.04057649600479068,0.04370776515736513,0.042599311215128235
102056,2025-12,0,0.3,0.020496788682096045,0.014571654122725599,0.01911688089712109
100796,2025-12,0,0.9,0.06795004501422237,0.05322320027479337,0.05972044998819982
101577,2025-12,0,0.6,0.044693888704961764,0.058556304689295645,0.05599104314208777
101639,2025-12,0,1.0,0.2644188702324116,0.22953953048738565,0.21586661977530736
100811,2025-12,1,0.4,0.09999617932140928,0.08140856400166935,0.06834197454466859
100165,2025-12,0,0.1,0.008564694309752298,0.00577875371040112,0.00981593873202683
101070,2025-11,0,0.5,0.128556503054158,0.20481428984620073,0.18148649058809493
102030,2025-12,0,0.3,0.015707625180596554,0.020110166275493536,0.0270626314047753
101106,2025-10,0,0.5,0.07237020811409679,0.058617626599399585,0.074425364016465
100179,2025-11,0,0.5,0.051164535812043305,0.03975542746820028,0.05998881839295652
100423,2025-12,0,0.8,0.0860705111928539,0.12100654416702031,0.11973861079393251
102047,2025-11,0,0.1,0.027484086788630603,0.03157435567879554,0.036033622815641285
100666,2025-12,0,0.4,0.07643433960165771,0.0700378442071247,0.05765644480116787
100861,2025-10,0,0.2,0.0390946856894232,0.040750209062643254,0.03340414833985474
101467,2025-10,0,0.3,0.033907736335943704,0.029265438709006993,0.029799413974115372
101851,2025-12,0,0.5,0.07073908415909283,0.07866383871202882,0.09029951639952256
101721,2025-11,0,0.8,0.23573829071015256,0.24599015541308947,0.21538746467956266
100824,2025-10,0,0.5,0.08296456056542305,0.07351953679190477,0.06303465749854796
100485,2025-12,0,1.0,0.3384540341091998,0.3845321000115465,0.299345870631256
100245,2025-10,0,0.9,0.2378082865561544,0.2256262730323575,0.21391780538921687
101418,2025-11,0,0.6,0.10612730282941006,0.09625730603989208,0.06648869670723687
101571,2025-10,0,0.9,0.3349143392057738,0.32848761067084037,0.22485238612934733
100293,2025-10,0,0.1,0.012244452412624106,0.011808691403340895,0.01788050909849738
100452,2025-12,0,0.7,0.07200564490770228,0.08219270456931216,0.0752426407927703
102041,2025-12,0,0.4,0.04897778949104774,0.05554032526908346,0.047984862944317516
101293,2025-10,0,0.1,0.005433540663312114,0.005684160862573875,0.014104312934507252
102062,2025-11,1,0.9,0.18399266361269398,0.19117964804472123,0.17960765438170936
100673,2025-11,0,0.4,0.027911948584732865,0.0259220591001803,0.03055415139491509
100940,2025-11,0,0.2,0.01717328060580282,0.025118269574201192,0.02493998287560769
101315,2025-11,0,0.1,0.01260497439940357,0.01139405621662516,0.014425199630365261
101662,2025-10,0,0.1,0.004968540134091033,0.004607656680805874,0.011640275690602726
101707,2025-12,0,0.5,0.10103712492011667,0.07033153200225935,0.07521062895566893
102060,2025-11,0,0.4,0.07255478099503367,0.06996659367161519,0.05681029784917687
100531,2025-11,0,0.9,0.1041697097952488,0.11827988205535289,0.12167919189688438
101694,2025-12,0,0.3,0.011045194417709892,0.019958680995393014,0.02757913632890283
101047,2025-11,0,0.3,0.02533796463314973,0.02345996615071823,0.028625348310737864
100451,2025-12,0,0.1,0.012836129688379966,0.011654455199691787,0.015199040307033231
100693,2025-11,0,0.8,0.11083118445001817,0.13216178550243615,0.11849297185416796
100670,2025-10,0,1.0,0.30175029841988554,0.24728835890388567,0.202656255110127
101685,2025-11,0,0.6,0.04063199407172057,0.04857934388562287,0.04901828951641466
100785,2025-11,0,0.7,0.039718022904915086,0.052559489442120536,0.04669933487843024
100281,2025-10,0,0.3,0.02528160132223987,0.032475688993627655,0.035163982216771576
101537,2025-11,0,0.8,0.04740368540648219,0.052053711464858377,0.05220319417816456
101640,2025-11,0,0.4,0.06022888271993782,0.06377041940244337,0.0622912494283471
101870,2025-12,1,0.9,0.13071543537517114,0.09101697742189176,0.10761462582610166
101175,2025-10,0,0.9,0.2018844292146906,0.24787431640734817,0.17104921048675192
100775,2025-12,1,1.0,0.2985483711032963,0.2967042410990475,0.2910227903240722
102033,2025-10,0,0.5,0.046934115908491204,0.04058789087466191,0.049896384218244196
101635,2025-10,0,0.3,0.06421155722937039,0.06722287550004725,0.05454922976244583
100893,2025-12,0,0.1,0.014275253465259041,0.020884411967768645,0.024596145927497436
100112,2025-10,0,0.7,0.051370388055342664,0.0472808615581478,0.04971972416671076
101123,2025-11,0,0.8,0.2272390476216189,0.22230463476578452,0.20477093812653893
101060,2025-10,0,0.2,0.028151971443732316,0.02798682030874884,0.028783921552455165
102089,2025-10,1,1.0,0.2657758313198594,0.2880313015110106,0.23118084459489685
101980,2025-11,0,0.7,0.08192032832612195,0.07722237687320098,0.1070453806771272
100761,2025-12,0,0.6,0.028654889666262746,0.030249535533041005,0.03353394286833301
101185,2025-11,0,0.5,0.021597086515022172,0.02654190549386484,0.023217899370299482
100758,2025-10,0,1.0,0.3084493792965689,0.24978193804862958,0.19396488960613495
101065,2025-10,0,0.1,0.009892467306330791,0.009129416353756227,0.013877726659136586
101650,2025-11,0,0.6,0.0691155479960439,0.058242545136099874,0.07699901974142158
100120,2025-11,0,0.2,0.02685526718298046,0.025720142706633503,0.027150139455546566
100663,2025-11,0,0.3,0.02479186619297985,0.017496372955644043,0.023786140748165464
101242,2025-10,0,0.1,0.026500330168952257,0.02197241976937419,0.01686808427775298
100047,2025-12,0,0.2,0.01871712991992203,0.016471560297690563,0.023479961741816744
101444,2025-12,0,0.1,0.012546733387373932,0.012223831536235505,0.01586536906812248
100051,2025-11,0,0.2,0.039637933563992096,0.033537894687645994,0.018618569386985216
101292,2025-12,1,0.6,0.10939739989555249,0.11861165134226444,0.1254358867126575
100250,2025-12,0,0.7,0.15415353470394905,0.1155272470098778,0.13973879064672284
101510,2025-12,0,0.6,0.01929164035257045,0.022873126347050805,0.021433311729552512
100421,2025-10,0,0.3,0.041623822335893054,0.0435265897823054,0.04431041288730411
101244,2025-11,0,0.5,0.06010045446350069,0.07431356917192676,0.07247926909104857
101560,2025-10,0,0.7,0.06708930969679092,0.06831906329725926,0.11482596647683192
101971,2025-12,0,1.0,0.22729808085546854,0.22633802946310796,0.21391226452078382
101473,2025-12,0,0.2,0.01380778785777646,0.015942963039053824,0.014907502581596505
101382,2025-12,0,1.0,0.22158349711184303,0.18243163026538398,0.17132840003605976
100183,2025-11,0,0.6,0.09953077503064015,0.11798522357233761,0.08365523812956645
100200,2025-10,0,0.3,0.025307295394397456,0.020159591142519504,0.023786140748165464
101442,2025-12,0,0.5,0.0455583252739422,0.05044202489562424,0.06066550501715568
101584,2025-10,0,0.5,0.059487821989123627,0.07981243742393827,0.07651753697546138
101730,2025-12,0,0.4,0.039441139003723105,0.02756999555093455,0.02376338230095828
100608,2025-10,0,1.0,0.042597672114738076,0.033935838416431115,0.04644575886729538
101333,2025-10,0,0.5,0.07112081232290987,0.09372446058244092,0.10482229256447306
101044,2025-10,0,1.0,0.07970515458153758,0.08136320015708083,0.08302036795946059
101566,2025-10,0,0.2,0.03708883411258609,0.03948027231467937,0.03232162341184197
100367,2025-10,0,0.3,0.04693250034830399,0.039438798429277895,0.02829488521108096
100992,2025-11,0,1.0,0.16240815474030112,0.1676676414235057,0.1420702219143398
102093,2025-11,0,0.2,0.027039740209598075,0.025117152886917463,0.027150139455546566
100163,2025-10,0,0.1,0.01351035776025281,0.009180533845625552,0.01307162635184132
101676,2025-12,0,1.0,0.12982357017938143,0.13132562134780765,0.1319703268761335
100338,2025-10,0,0.5,0.03460814420188909,0.036535123155794984,0.04064299668776687
100901,2025-11,0,1.0,0.10501629369096672,0.0947157719179026,0.09653214448004319
100111,2025-11,0,0.2,0.012470108830251314,0.013539949154634221,0.015310480674688544
101227,2025-10,0,0.7,0.20405854558995642,0.1876042842504074,0.1947418101617547
100322,2025-12,0,1.0,0.2766816991709102,0.285448391631239,0.2303118005953418
100596,2025-10,0,0.3,0.030746830033833314,0.03144739363461796,0.033211032641199956
101625,2025-10,0,0.4,0.07957093493583406,0.12522827800514638,0.07785771872452052
101245,2025-10,0,0.8,0.15864946532352567,0.09573095616375768,0.10142436188528682
101905,2025-11,0,0.7,0.06303370880067374,0.06827114326639451,0.0704249542505615
101601,2025-10,0,1.0,0.19144913476873876,0.1703897890972774,0.12861849158527963
101287,2025-12,0,0.8,0.18633331246018572,0.19072224683244263,0.17399919813166356
100583,2025-11,0,0.8,0.10092494257964248,0.06409791708404965,0.07022897805425221
100302,2025-10,0,0.5,0.07445267894446006,0.07422767987952586,0.07373135500390302
101687,2025-11,0,0.4,0.00615535461009952,0.00530227096234841,0.012541524648504861
100552,2025-11,0,0.1,0.00542523751326497,0.006134428776940251,0.012908360791872945
100147,2025-10,0,0.9,0.356605642643527,0.3692442339792172,0.24416458131176158
101856,2025-11,0,0.5,0.04442997170152154,0.04070436707550066,0.04718712766702731
101422,2025-11,0,0.2,0.03245193045370674,0.03138188350193177,0.023280349706543548
102031,2025-10,0,0.4,0.029377823628762536,0.02780556579418721,0.03509178076423579
100009,2025-12,0,0.8,0.056822339089221754,0.06742621521563162,0.07058731537337522
101719,2025-12,0,0.9,0.17421012274275186,0.15574450824709674,0.15753249660627378
101655,2025-12,0,0.4,0.051463112748531464,0.04757597151890356,0.054090627370691625
100213,2025-10,0,0.6,0.1261547837582108,0.09190419630034169,0.09667745016963054
100040,2025-12,0,0.2,0.03994024622602943,0.04529072980324523,0.03647288165300836
101564,2025-11,0,0.5,0.09492474272376959,0.09256968125313854,0.1131350773101499
100474,2025-11,0,0.6,0.023420518499271684,0.016808078148198444,0.024485779789141217
102097,2025-12,0,0.3,0.017525046330175303,0.014915437079883645,0.01639858803331011
101930,2025-10,0,0.1,0.012974177468771435,0.013131083411946722,0.020466726300952302
101406,2025-12,0,1.0,0.13078440359755744,0.10268320525298097,0.11418241309764357
101873,2025-11,0,0.6,0.08318407915170994,0.055570363370058974,0.06915299543763133
101749,2025-10,0,0.7,0.2133521387719756,0.18494584166795633,0.21061012706855584
101820,2025-12,0,0.8,0.0400308759508026,0.022671382214436125,0.02792508244975161
101702,2025-10,0,0.9,0.12014145408127422,0.07520578645964948,0.11659603731099308
102027,2025-10,0,0.9,0.17404150414088956,0.11408500188021244,0.12669218859591486
101540,2025-12,0,0.3,0.02670282593165487,0.033802116022022106,0.03478682862424735
100017,2025-12,1,1.0,0.25590014584308607,0.2716007486202496,0.2107655898044469
101053,2025-10,0,0.6,0.16699415244704585,0.1763762962508492,0.14682669234189832
101879,2025-10,0,0.3,0.020896721993092133,0.03453389750105499,0.03711344160781602
101298,2025-12,0,0.9,0.19319478952371813,0.18632523212778646,0.1658154700716123
101257,2025-12,0,0.5,0.09381742165233042,0.12590538648940575,0.13672792249231272
102011,2025-11,0,0.4,0.05510251763749498,0.05116594510483657,0.04489957190216173
101681,2025-10,0,0.8,0.049708348856516434,0.05047768701885118,0.0676199047359295
101854,2025-12,0,0.9,0.2249349244114217,0.2103117064538306,0.22058854495235763
101903,2025-12,0,0.9,0.05702922223979262,0.04602997367454405,0.05399080408697003
101457,2025-11,0,0.6,0.09389412239788109,0.09046956737591944,0.0790338431834996
101005,2025-11,0,1.0,0.1099165350614376,0.07316817009554588,0.08634808768497361
100716,2025-11,0,0.7,0.10857319518838494,0.10020280276470211,0.09798137504021964
101313,2025-12,0,0.6,0.03518903507917647,0.033945244835637295,0.04714791464811868
100536,2025-10,1,0.8,0.19836165900735017,0.1688495168891846,0.1559211455904442
101228,2025-11,0,1.0,0.0824346651473482,0.07128526450457626,0.08142594762465233
100094,2025-11,0,0.1,0.029128427354962003,0.03319302296105547,0.04233458458696575
100856,2025-10,0,0.9,0.07852755262339457,0.08178071488591938,0.08385054391038989
101447,2025-10,0,1.0,0.12286593259565545,0.07842868846347507,0.09594927763576713
101822,2025-11,0,0.1,0.006428808626679252,0.003916727040264182,0.009034176932533517
101895,2025-10,1,0.9,0.1490978820219671,0.1186181629106814,0.10834334920261439
100634,2025-11,0,0.5,0.07260671160388821,0.09025997266963807,0.10025980301792686
100621,2025-11,0,0.1,0.007858473604397596,0.007378116429534933,0.013399081876888928
100450,2025-11,0,0.1,0.02265389700319481,0.021398141512028304,0.030653384105588672
100976,2025-11,0,0.3,0.01763709162074753,0.008784546293172137,0.015905152353926238
101218,2025-11,0,0.5,0.06943540489731347,0.05909969131119462,0.08295099494938872
100280,2025-12,0,0.2,0.003943920524571248,0.004315507231086116,0.010188958945138715
100913,2025-12,0,0.9,0.16387786152525244,0.1827464548973408,0.16981539799376189
101860,2025-12,0,0.6,0.05235227911265333,0.08032546017252376,0.08366754993188312
101902,2025-10,0,0.7,0.14135922116144645,0.08583549868726921,0.13716832085901404
100794,2025-10,0,0.8,0.09520891120028363,0.09753017311152093,0.08803593990059497
100596,2025-12,0,0.3,0.03326079595704139,0.04586137851716225,0.038654028973422384
101461,2025-10,0,0.7,0.08508785080618593,0.1299131295509346,0.11765311327721947
102086,2025-12,0,0.2,0.008587490413281702,0.011670553438683458,0.017174004992836386
101710,2025-11,0,0.6,0.07613912774060709,0.08259369380224231,0.09733184081325678
100720,2025-12,1,0.3,0.04782945837868925,0.04569906371230776,0.05128363321122811
100870,2025-11,0,0.9,0.13205356101442026,0.09615044890191068,0.12023879227343667
101719,2025-11,0,0.9,0.1913204080588677,0.17923027024976815,0.18067800486851754
100548,2025-11,0,0.7,0.09982215949961115,0.10743049517036564,0.10179938686217717
101012,2025-12,0,0.3,0.018478303920451435,0.01289013111134694,0.01639245945556767
101974,2025-11,0,0.5,0.07428709345399162,0.08503914855369542,0.09367156484861582
100899,2025-12,0,0.9,0.20855634928520006,0.21271359835913656,0.1780438215463276
100444,2025-12,0,0.2,0.05999788400739859,0.0471028359018108,0.024725715495599293
101401,2025-12,0,0.4,0.02257943082218276,0.016609041964393292,0.02243900380222079
100684,2025-12,0,1.0,0.11263242354747013,0.09922712264603048,0.1001287098789656
101533,2025-10,0,0.7,0.06212233091518232,0.06802089384131073,0.061171563298296254
101780,2025-10,1,0.8,0.14170224816554536,0.13381513940743986,0.12989092823257106
101363,2025-10,0,0.4,0.024746485146721058,0.023501716923455714,0.02590273272929021
102035,2025-12,0,0.5,0.01647182454959742,0.014627924074888627,0.02394182496598549
101706,2025-11,0,0.5,0.012545593049016323,0.010949914134344941,0.022481653399348857
100129,2025-12,0,0.3,0.035952978798987574,0.03612429950878052,0.03521221438467601
101239,2025-12,0,0.5,0.02176025357137702,0.03464066334700128,0.03260515862746988
100718,2025-11,0,0.1,0.025294945067447974,0.03773286245956138,0.03756229266735547
100204,2025-10,0,0.5,0.03469842209320605,0.049642339351882045,0.05040753947679704
100617,2025-11,0,0.3,0.027467749070043776,0.03741959033878622,0.044034656187210544
100396,2025-11,0,0.5,0.08111467805095912,0.10798176136003414,0.10952551925350204
100821,2025-12,0,0.3,0.06701849495220324,0.05141728332331314,0.0384225782317113
101554,2025-12,0,0.7,0.07003177355694758,0.0674929861913411,0.07906438830932098
100970,2025-11,1,0.3,0.03842670219225187,0.03979392163465405,0.032911684260582344
100844,2025-11,0,0.3,0.020264091035246012,0.01911999209509588,0.021210332330245274
101308,2025-12,1,0.4,0.0554359571638314,0.069665012117745,0.06021250731657849
101343,2025-10,0,0.9,0.2624809277325496,0.23432671217093234,0.22743732612345155
101244,2025-10,0,0.5,0.031839235250220324,0.03453674902076529,0.03553816090126188
100266,2025-11,0,0.4,0.03265425804452326,0.03862978456614747,0.03661715369660633
100783,2025-12,0,0.6,0.04722172106982126,0.04057171049940437,0.036141449683201064
101481,2025-10,0,0.3,0.06118377248731075,0.060150399523043505,0.06379275533145519
101359,2025-11,0,0.5,0.05672877461328559,0.05346638266626603,0.06375783571628704
100547,2025-11,0,0.3,0.023601636542582523,0.0335826770202986,0.0343318465725745
100325,2025-10,0,0.3,0.010419777751978086,0.01978623380741215,0.0214713473672695
100073,2025-11,0,1.0,0.13469054113527437,0.17456686919381106,0.13381539218949062
101064,2025-10,0,0.1,0.01999028569814301,0.017109407651193034,0.01725147624016729
100471,2025-10,0,0.7,0.1569256510151277,0.17532510226135403,0.18204912423035094
101385,2025-11,0,0.2,0.009080157211049517,0.008521597617401181,0.013740204441496236
100204,2025-11,0,0.5,0.09322597253439573,0.10325651035464715,0.11270795424493853
100497,2025-12,0,0.8,0.11016869273501739,0.12570833842932994,0.08994757234021153
100243,2025-11,0,0.8,0.08591948873500731,0.08656374432902043,0.07723838693315187
100326,2025-12,0,0.4,0.023422515643423722,0.022627130338878854,0.03332713353641454
101404,2025-10,0,0.2,0.018996339874583927,0.016656525779096265,0.018374521500671058
100460,2025-10,0,0.3,0.039095192929827716,0.039860441670723785,0.037036302241146526
100945,2025-11,1,0.8,0.20367209271502926,0.18256091094396631,0.18508936065869616
101077,2025-10,0,1.0,0.2479547949619753,0.21821097581874604,0.1864235108994263
102076,2025-12,0,0.2,0.02595111005205672,0.03598324796571895,0.03204921736127654
100001,2025-12,1,0.8,0.14099919181329734,0.10727638621031926,0.13389505643490043
101610,2025-12,0,0.9,0.21344796496182722,0.24509182036282987,0.2546689798346881
101142,2025-12,0,0.4,0.01161183665624306,0.010923304578348085,0.019771124475367347
101343,2025-11,0,0.9,0.07477948837102025,0.07087880038133995,0.07411364265776717
100036,2025-10,0,0.4,0.017984247976991472,0.027216421612737917,0.03532145570561001
100520,2025-12,0,0.8,0.08061341835194465,0.07850731966822,0.07403113151075176
100501,2025-11,0,0.7,0.2056246547967334,0.1749875179769477,0.15938650845130456
102010,2025-12,0,0.6,0.06788510901941273,0.05173722058932065,0.041213717275297726
100669,2025-12,0,0.6,0.04579548952269272,0.0464040367018484,0.044878983621158754
102085,2025-10,0,0.8,0.07217757670302398,0.07271825538506234,0.0751272221783707
101360,2025-10,0,0.1,0.02994345591402315,0.0302096127873513,0.019963750485928262
101597,2025-11,0,0.6,0.057379332932565315,0.0524026726915799,0.051841537571883096
101925,2025-11,0,0.4,0.03684576247570038,0.048954397150586255,0.04698259482704402
101677,2025-10,0,0.1,0.012132358910459261,0.01207015826614212,0.014704032178921538
100955,2025-12,0,0.4,0.10318505708134697,0.11751647256623302,0.0832207158577296
101830,2025-10,0,0.2,0.019643402416047204,0.020674968123934448,0.022427437912723225
102021,2025-11,0,0.2,0.027523701997801974,0.03152938263479503,0.028355884399953353
101874,2025-11,0,0.5,0.01831498310651066,0.018619415728719377,0.026657242311837477
101172,2025-10,0,0.3,0.020709730902307225,0.020615949745056348,0.028995131616035723
100197,2025-11,0,1.0,0.29220351519590787,0.2583852972774114,0.21409117236609848
100125,2025-11,0,0.3,0.030955082679525528,0.023434215981941755,0.027393834276077403
101328,2025-11,0,0.1,0.017881080484487527,0.018459086567208263,0.022972547441827182
102095,2025-12,0,0.7,0.02957320409702807,0.024665074178653545,0.03600751023468539
101020,2025-12,0,0.3,0.00975993982888868,0.014328604400676419,0.019394791429335412
101223,2025-10,0,0.8,0.1687201245717841,0.16896870473863893,0.13619216959667677
101180,2025-10,0,0.1,0.01621669367017635,0.016401165427438868,0.02184321511840883
100506,2025-12,0,0.4,0.023665119029539872,0.031722108810552194,0.03435474979220425
100505,2025-11,0,0.6,0.09557827677275449,0.11232073826359797,0.11181537474400977
100625,2025-10,0,0.2,0.006640166192645018,0.006552546583180186,0.01321867078144185
101598,2025-11,0,1.0,0.28004840012958643,0.19470397969634792,0.17290932997221378
101312,2025-10,0,0.9,0.24086114777167428,0.2550887339265873,0.2761298386139081
100637,2025-12,0,0.6,0.07348568700911491,0.058974170390981906,0.057293159426099194
101717,2025-11,0,0.2,0.03417487995009627,0.030405891407415907,0.029499241941783917
101657,2025-10,0,0.7,0.08087350809044651,0.12087981176618211,0.15582348313198338
101362,2025-11,0,0.6,0.07048587379755412,0.079226102020201,0.09721682619087794
101542,2025-12,0,0.7,0.16420252429243581,0.12712437425567563,0.14530048801775836
101822,2025-10,0,0.1,0.013079706495903787,0.009036780890348085,0.014798488539147517
100428,2025-12,0,0.1,0.009086406924363568,0.006646842291995313,0.011287268280353074
100977,2025-10,0,1.0,0.2122714698668661,0.16792108179543108,0.14526960881275167
100378,2025-11,0,0.4,0.07503485162624138,0.0659955102460331,0.04564368076670748
100253,2025-10,0,0.9,0.0621762158167486,0.06200239012919824,0.06201509181031831
100844,2025-12,0,0.3,0.03499023689201745,0.02500192908572408,0.023914925632787794
100256,2025-12,1,1.0,0.10690457878897605,0.0985892658663637,0.10109145305463808
102048,2025-12,0,0.8,0.13147368398693454,0.12643114057864124,0.14178110668037738
100526,2025-11,0,0.9,0.08382362201009295,0.11862443259232593,0.1237153970156287
101914,2025-11,0,0.7,0.12911277350307668,0.12031658865289206,0.13413858031587303
100873,2025-10,0,0.7,0.07845040280365945,0.06799207043140668,0.05870665482377967
100617,2025-10,0,0.3,0.018535567647309334,0.01686425117881155,0.023785475190397986
101069,2025-11,0,0.7,0.06544263909417322,0.06028854612995967,0.07857402730202567
100402,2025-11,0,0.6,0.08159380482438318,0.0740005044851174,0.07183756745208425
101380,2025-12,0,0.4,0.08847942734252325,0.058201086455319816,0.0423059188548991
100626,2025-10,0,0.7,0.2358402289495182,0.22296984314600884,0.17822429706755175
101792,2025-12,0,0.8,0.12163533679291463,0.13241664637840184,0.13312618260969772
100247,2025-10,0,0.5,0.027087590124613523,0.026768886380230443,0.032625942665135056
101274,2025-11,0,0.6,0.045998231902009495,0.03740256552903815,0.03975798858608476
100760,2025-10,0,0.3,0.050346623890793044,0.049854411456447964,0.04851565152557261
100523,2025-12,0,0.7,0.13411917393437459,0.1374201878102273,0.19446647051792548
100832,2025-12,0,0.6,0.10789286091349888,0.11497810408916442,0.09307833463290531
100772,2025-11,1,0.8,0.23363232101469159,0.223803997590645,0.16171153674460337
101642,2025-12,1,1.0,0.20018192667170054,0.17247839761560915,0.2046621276053594
101683,2025-11,0,0.3,0.007216815936835871,0.007701893657611711,0.012626841787046013
101328,2025-10,0,0.1,0.022564601362692404,0.028835669026175837,0.028527793808396363
101497,2025-12,1,0.5,0.05152446380191777,0.04298245273978641,0.04761977980518308
100543,2025-10,0,0.8,0.05923034584163903,0.07893111084783239,0.07363608476736205
101381,2025-12,0,0.3,0.04334356257112282,0.04017649389302912,0.047742923414915435
101061,2025-10,0,0.2,0.006784371614783754,0.003731099502508266,0.008548300542949461
101514,2025-12,0,0.6,0.051126006561786834,0.04671818332886272,0.04205702231454548
100449,2025-12,0,0.8,0.070470242434173,0.05613438116919783,0.051227984499983434
101959,2025-11,0,0.4,0.022605322849749244,0.022155061490015445,0.031101599347510195
100006,2025-12,0,0.7,0.05306303117777522,0.06511661260510472,0.07704547201632968
101938,2025-11,0,0.5,0.017823766422048522,0.018270768284757873,0.02642469545250042
101705,2025-10,0,0.4,0.0592079785663245,0.0441019762339097,0.03678095870235021
100472,2025-11,0,0.1,0.01613752502443219,0.011985355076587,0.013136721397000338
101267,2025-11,0,0.4,0.057519749410287556,0.051953362451634434,0.03784212973947977
101202,2025-11,1,1.0,0.2380768455940894,0.2399531851729821,0.21467806512550036
101471,2025-12,1,1.0,0.3679744063315475,0.35706181725482555,0.3028198517705525
101744,2025-10,0,0.3,0.007789687578455274,0.007720749563884094,0.016704863514985898
101858,2025-12,0,0.8,0.05298846485919633,0.04982812501215946,0.04815866759549065
101917,2025-11,0,0.8,0.14652683795426996,0.11292643731665171,0.11882720390053214
101086,2025-10,0,0.8,0.12062925917623633,0.1337551200260899,0.15241816864890595
101015,2025-10,0,0.3,0.03770163679871818,0.025812488053913778,0.023061238557431425
100070,2025-10,0,0.3,0.04314950120404773,0.04247226119705444,0.04704622003554627
101653,2025-11,0,0.3,0.011038113646944502,0.007610273170221758,0.011717612985086431
100708,2025-10,0,1.0,0.10623473628661724,0.09854685708098337,0.1001287098789656
101750,2025-12,0,0.3,0.03691207244216691,0.029755360430278276,0.026692629020844783
100969,2025-11,0,0.1,0.03271734858482809,0.026960814167449765,0.020796443387234766
100968,2025-12,0,1.0,0.32622681135667403,0.37813291772032864,0.3568785552561784
101050,2025-10,0,0.7,0.08846051170756379,0.09559820656348521,0.10425775980309018
100288,2025-11,0,0.9,0.07386700917860982,0.10122885405623124,0.08656057080706167
100276,2025-10,1,1.0,0.2807481897529861,0.37892472139975664,0.3262520923320313
100577,2025-10,0,0.9,0.12934772542389592,0.10452834888333007,0.13362317043469035
100260,2025-10,0,0.5,0.0549936702232396,0.06646604511161469,0.09260017273577685
101518,2025-10,1,0.5,0.06448208258444733,0.06645536602983329,0.06278277586046255
101459,2025-11,0,0.4,0.011539562497056297,0.008123570462878872,0.017517616731228227
100446,2025-12,0,0.9,0.19626645621998604,0.2528062634623306,0.2691685072290679
100311,2025-12,0,0.8,0.15427116569873572,0.16425796512166535,0.1810166776940925
100347,2025-11,0,0.4,0.017922229048173522,0.02059502358164639,0.02998801796717138
101889,2025-11,0,0.2,0.04376030386265543,0.031115711036962895,0.021982384822990617
101465,2025-10,1,0.6,0.14699838978890023,0.17390728509040843,0.1517918788570399
100625,2025-12,0,0.2,0.01842313643003086,0.017495132354760325,0.0201446371122723
100362,2025-10,0,0.5,0.025224000272687563,0.023802759361085005,0.03135440134127813
100914,2025-11,0,0.2,0.0295192249245947,0.026008174690269923,0.02207348990136513
100842,2025-10,0,0.2,0.01175243622999093,0.007658074478304995,0.01043390174725645
101037,2025-10,0,0.2,0.007286292768667347,0.006632897842858186,0.009777213333451865
100974,2025-11,0,0.2,0.016136627021865725,0.01213116532122416,0.017978646929066835
101619,2025-10,0,0.6,0.10162091511772953,0.15022461166772172,0.12605942185513602
101169,2025-10,1,0.7,0.18820400010386493,0.20128952100596098,0.18746601360862883
100240,2025-12,0,0.5,0.038104722622187684,0.038836531747940196,0.06344709865575626
101791,2025-12,0,0.5,0.04538293875240495,0.06772070581432514,0.059931667757728284
100441,2025-10,1,0.7,0.10836911227464789,0.1151260513434971,0.11603884720697412
101610,2025-11,1,0.9,0.21821059204582507,0.2716291525484928,0.276488969097577
102073,2025-11,0,0.5,0.03578189519512333,0.04307271759426414,0.040986760151967415
101303,2025-11,0,0.5,0.020687287665966426,0.01829382268190329,0.032203049628929344
101531,2025-11,0,0.6,0.029336203357015173,0.021308050388781488,0.027106961706524657
101875,2025-11,0,0.7,0.09979120789526029,0.12286343181217836,0.17739566646117189
100689,2025-10,0,0.3,0.04984731557422557,0.041128806470622656,0.02964455274335197
100118,2025-10,0,0.5,0.050124653442404694,0.04842048339069756,0.04586781176418209
100787,2025-12,0,0.8,0.18852870603629063,0.2538289818548715,0.2344045991925231
101592,2025-11,0,0.8,0.06550903442989271,0.050392060443737674,0.05546116735040912
101263,2025-12,0,0.3,0.0227217399388172,0.02739605208226238,0.0311964618235754
100053,2025-12,0,0.7,0.07064515925540424,0.08988273396557289,0.08458009666512406
100551,2025-10,0,0.5,0.07501606750725688,0.07475913978317776,0.09602418233170973
101326,2025-10,0,0.2,0.019181446558202947,0.018869002534666016,0.022984084766525505
100360,2025-10,0,0.2,0.0046554182841155416,0.003658563846186636,0.01053535446030463
100752,2025-12,0,1.0,0.26153126799444515,0.23100253491370984,0.1932427875585209
101234,2025-12,0,0.3,0.039172688004090975,0.026490387543482395,0.025727705392668266
101565,2025-11,0,0.5,0.04281344042432995,0.049503122234576126,0.04144630474724814
101500,2025-12,0,0.8,0.10050769901493967,0.1324269780409443,0.09717476029083205
100748,2025-12,1,0.6,0.12122419899132104,0.12690531512829048,0.11807046789429544
100799,2025-10,0,0.3,0.03514895060975116,0.023720323442260622,0.01973023029477621
100531,2025-12,0,0.9,0.16287592389843822,0.147716784649935,0.1534529994425364
101373,2025-10,0,0.7,0.06629170500125156,0.06641386690571677,0.06882639324158954
101653,2025-12,0,0.3,0.030755300145942285,0.02072306810821063,0.021753705189091643
100876,2025-12,1,1.0,0.18554144556103278,0.17301286870379792,0.14890069598920996
100208,2025-11,0,0.2,0.03353485058430661,0.03119530933036369,0.021644998774561844
100474,2025-10,0,0.6,0.05961991979527793,0.040293621948949546,0.042146717041473734
100371,2025-12,0,0.3,0.04548300007356693,0.03631061529803264,0.04623260483416204
100939,2025-10,0,0.4,0.05365553279993798,0.048294238033408314,0.04489957190216173
101209,2025-12,0,0.2,0.006635890415817465,0.006473791327165696,0.013274874754816826
100568,2025-11,0,0.4,0.030802101699440892,0.026051136828203945,0.034188288751074374
102019,2025-11,0,1.0,0.0702478010083048,0.06241506075994408,0.06396188941161393
101594,2025-12,0,0.9,0.09492047602377049,0.08449855492102362,0.10252538826434482
101188,2025-11,0,0.4,0.006148185775093526,0.00982752714528565,0.0198331280456852
100897,2025-12,0,0.3,0.022773871945306553,0.032571571396284874,0.030933296383121294
101153,2025-11,0,0.3,0.02099846556758574,0.02294994346334386,0.02165594269628123
100772,2025-12,0,0.8,0.13041420199032586,0.1377078360065031,0.1358752672926468
100874,2025-12,1,0.5,0.09994527795266799,0.11649263311486388,0.11464326836028525
100457,2025-10,0,0.4,0.04260905849279373,0.03810646034564352,0.04147880389724864
101732,2025-11,0,0.1,0.04445142698591209,0.03817842167519484,0.023062437204939636
100448,2025-12,0,0.9,0.16892770872326857,0.1807422479433254,0.18560502600488638
100827,2025-12,0,0.4,0.04940554425805769,0.07023128992390165,0.058770183794793485
101177,2025-12,0,0.4,0.01758482816740546,0.016607123683877498,0.0185139450698555
100231,2025-11,0,0.5,0.039428600940110504,0.034314717649733255,0.04230959780874762
101269,2025-12,0,0.2,0.015179103011975469,0.019740702519259076,0.02090461261128211
101697,2025-10,1,0.8,0.07093125220067657,0.09768123324101562,0.08292717346819779
101312,2025-11,1,0.9,0.2726015691508518,0.32957769150800503,0.36237146968600464
100847,2025-10,0,0.5,0.017125323262492838,0.016638208112988172,0.024724377479028534
100086,2025-11,0,0.4,0.0680350724032352,0.07881818767332258,0.07233971206900491
100900,2025-11,0,0.6,0.04405355164411204,0.03816407284224644,0.04380620445302963
101291,2025-11,0,0.1,0.03381072954933332,0.037227574015890545,0.0354530205496284
101195,2025-11,0,0.7,0.14103197904775244,0.14748256191269082,0.21298678691516001
100937,2025-12,0,0.7,0.09315034415186854,0.07834400664120567,0.09544107653920982
101033,2025-12,0,0.5,0.04327310492395646,0.055468850735714025,0.0519618279193586
101470,2025-11,0,0.7,0.02957320409702807,0.026202339896846356,0.03648331787821897
101794,2025-11,0,0.3,0.028165306820435745,0.018668251138282476,0.021026629137586215
100418,2025-12,0,0.4,0.02901423902785927,0.023289916632673095,0.02599810085595192
101403,2025-12,0,0.6,0.011646045025070346,0.008452773802110645,0.015750111159510354
100810,2025-11,0,0.6,0.1147582710965911,0.11455207955318877,0.10769100408595932
100212,2025-12,0,0.2,0.05019448336768357,0.04401442791221179,0.02772113238907641
101195,2025-12,0,0.7,0.14332002560600765,0.12555876043354516,0.16323513240891874
101494,2025-10,1,0.6,0.03342131801847387,0.02356091019501574,0.03055061374275243
100437,2025-10,1,0.5,0.031019880658883652,0.03049150507407712,0.031660178701691175
100493,2025-11,0,0.3,0.00887317678659654,0.007198252610297756,0.0149640766171048
100422,2025-10,0,1.0,0.1885618486970902,0.18658864065223033,0.13196994069716808
100703,2025-10,0,0.5,0.08845273584968183,0.09191151626196672,0.10351272055336805
100756,2025-10,1,0.5,0.07682078219219884,0.0594078154391452,0.07362561787387015
101394,2025-10,0,0.2,0.025599550780440926,0.023969548394301512,0.022545350437656556
101115,2025-12,0,0.3,0.022467232030269655,0.021715954943528112,0.029357884390575274
100122,2025-11,0,0.5,0.12286129691758658,0.13692288572539238,0.13699200147744117
100101,2025-11,0,0.2,0.04683710672051242,0.03753073811307655,0.021578991894759803
100824,2025-11,0,0.5,0.07414623794051668,0.06768682436310586,0.07244921053660779
100278,2025-11,0,0.7,0.09437519018169357,0.11697927765450751,0.11327655943462797
101823,2025-10,0,0.9,0.11927653022776574,0.13705832564207732,0.1452191215829953
101121,2025-11,0,0.2,0.007434591151005487,0.0066101419438941945,0.013221777274027945
101905,2025-12,0,0.7,0.15026536698953336,0.17087446743933435,0.22121074322787648
102089,2025-11,1,1.0,0.24030583347311638,0.2795231155826176,0.23442904379831275
100161,2025-11,0,1.0,0.15230529555825642,0.22129364866536272,0.1914154485987038
100092,2025-11,0,0.5,0.08971763051070818,0.09046401472148294,0.06744682481991159
101185,2025-12,0,0.5,0.0672962093938905,0.08659001587019596,0.08812308957280518
102017,2025-12,0,0.4,0.06337617176556345,0.04883934073086783,0.044095995379431874
100230,2025-10,0,0.5,0.05833681778164869,0.06784132376603662,0.06421664523479612
101868,2025-11,0,0.3,0.027687858577097112,0.016526432444704635,0.018204440573083482
101869,2025-11,1,0.9,0.12496396235221448,0.1023346148883893,0.10027236015749091
101247,2025-10,0,0.6,0.12602557965150032,0.13487387992637154,0.12216130468928464
101121,2025-12,0,0.2,0.03787983237739469,0.03482611543144805,0.031534759411172036
101807,2025-12,0,0.6,0.013475247429517133,0.01108222685688796,0.01748020907027225
100907,2025-12,0,0.9,0.1712032330369661,0.14221994363915624,0.17131539759714026
101876,2025-12,0,0.7,0.12157580030109481,0.11957600762588481,0.1259064746810481
101447,2025-11,0,1.0,0.3167636967203264,0.19988833172675222,0.16757343502849284
100854,2025-12,0,1.0,0.27527595585749487,0.2527997599816862,0.21036440503468865
101099,2025-11,0,0.5,0.04286392040810799,0.05710018811488777,0.05233848804508204
101703,2025-12,0,0.1,0.0089954057407508,0.009783695808367514,0.01708635500712227
100773,2025-11,0,1.0,0.23196373213281143,0.21850835948652578,0.20314555690684327
101532,2025-12,0,0.2,0.022245350697433285,0.02601304839664308,0.02630304678241299
101364,2025-11,0,0.6,0.08135633799622823,0.065131893622539,0.05301816345324737
100616,2025-12,0,1.0,0.0869543589214601,0.09538504059396985,0.0832102833857956
100027,2025-10,0,0.5,0.012118050674265315,0.014870705836737561,0.020609537785190032
101898,2025-11,0,0.6,0.050162282826127176,0.05492220194038428,0.04152004010733623
100495,2025-11,0,0.6,0.042530182524174905,0.03910247166023072,0.035803387213464315
101823,2025-12,1,0.9,0.19059581004244103,0.1809223862612584,0.1813732848497494
102037,2025-12,0,1.0,0.346175653734412,0.3423223044793329,0.2752179709844743
101195,2025-10,0,0.7,0.05389752118132058,0.06172433412544895,0.066469349898361
101947,2025-11,0,0.7,0.029307179062098405,0.03308061832067632,0.03715308754309218
101415,2025-10,0,0.9,0.07422738360685943,0.07760161317713364,0.08389624281763157
101027,2025-12,0,0.3,0.03564917165552218,0.04695608425598791,0.03959967837743595
100402,2025-10,0,0.6,0.10013203865330032,0.11259136388051971,0.10631398135107975
100412,2025-12,0,0.3,0.02829397071484478,0.027248179313005928,0.03174441049669827
101365,2025-11,0,1.0,0.22310282607653076,0.217370854614202,0.20137686130400245
100582,2025-11,0,0.5,0.06036252050026727,0.05859838432430532,0.05233794337538771
101341,2025-12,0,0.7,0.14274513232752528,0.1317432886296252,0.16684766353422878
100930,2025-11,0,0.5,0.057546172350632134,0.06941214835825307,0.08424825749490503
100036,2025-11,0,0.4,0.02645314058178239,0.03592013716937824,0.03727253917119039
100351,2025-12,0,0.4,0.014394475359715242,0.015424719775033388,0.02424185549007622
100937,2025-11,0,0.7,0.08045980761397135,0.06938955738847093,0.07817180276956893
100726,2025-11,0,0.7,0.18027477291544647,0.14809448122447408,0.16380254684667211
101184,2025-12,0,0.7,0.05346680670544079,0.042219002703316175,0.04928601737830475
100565,2025-10,0,0.6,0.018282502413166316,0.016787191372291267,0.0176536320118515
100364,2025-10,0,0.7,0.0456491995247957,0.050910423959788044,0.05605587861192429
100616,2025-10,0,1.0,0.11274966810732528,0.12949050467753917,0.10659530348341101
100174,2025-11,0,0.5,0.032773984935280415,0.02873061492510544,0.03848296449458962
101238,2025-11,0,0.3,0.02084709225682132,0.01645561111398115,0.024510039197502515
100131,2025-11,0,0.7,0.11958122641642609,0.1132018440601316,0.10727449918473342
102089,2025-12,0,1.0,0.18394151044831866,0.20598302279690964,0.1401726064615107
101711,2025-12,0,0.5,0.02028728910724089,0.020615639859758336,0.030517252891348837
101781,2025-10,0,0.1,0.024602048009062325,0.02730798278623309,0.03663514684670887
101627,2025-11,0,0.4,0.028314613818479696,0.030046347876381302,0.03249924149208069
100199,2025-11,0,0.3,0.02577748037041168,0.026055911820389875,0.025696749900959513
101324,2025-12,0,0.3,0.022136399464072698,0.027777489927005343,0.03194245065956407
101880,2025-12,0,0.4,0.038269861912298336,0.02889285412200938,0.030960024055993716
100580,2025-11,0,0.6,0.08462608621380373,0.10696530539518175,0.10873546109892343
101173,2025-12,0,1.0,0.26681906919473397,0.30404878012304853,0.2566412557135359
100906,2025-10,0,0.4,0.024803144759303723,0.024755271526991526,0.02400857193531858
100882,2025-12,0,1.0,0.258518582469094,0.27396211698962936,0.2018185221339218
101581,2025-10,0,0.4,0.016137664281582503,0.01118466414906364,0.017860567631059244
101762,2025-10,0,0.2,0.056474833296883076,0.05523628975533651,0.040496860043315014
100606,2025-10,0,0.1,0.0243917308149441,0.016063209134942205,0.021599516705247894
101490,2025-10,0,0.1,0.006122197364379834,0.004915972948310866,0.011335488238566688
101783,2025-10,0,1.0,0.09305208302340266,0.09269636911782249,0.09225182232000476
100384,2025-12,0,0.2,0.035409639422603244,0.02997379218154322,0.03247913516818351
100829,2025-11,0,1.0,0.24009184060789218,0.2608593903687284,0.18755990949323
100015,2025-11,0,1.0,0.20068889351204247,0.17242178934576674,0.14235363927146522
100115,2025-11,0,1.0,0.12852717989451184,0.10568987383610988,0.12563691783175537
100511,2025-12,0,0.2,0.0135537009624026,0.015456556952958857,0.020427679695566154
100838,2025-10,0,0.5,0.0704731638301026,0.06450268695418696,0.05800682124914249
101850,2025-10,0,0.6,0.029030574792735304,0.018660854525441906,0.02598620683346663
100849,2025-11,1,0.9,0.3053398386615886,0.325207684756931,0.308673881653841
101809,2025-10,0,0.9,0.0700360285775205,0.07056099825211187,0.07272179280587
100013,2025-10,0,0.3,0.05436172711974465,0.04317376597256122,0.032213977723029634
101867,2025-11,0,0.4,0.08148082068613069,0.07309625333506324,0.047987470317309086
101380,2025-10,0,0.4,0.05538141202153863,0.03384571529395229,0.0303968196194118
100857,2025-10,0,0.6,0.07600344211726044,0.08285175039332489,0.06923806562587267
101718,2025-12,0,0.3,0.07056303600163677,0.079123819820029,0.06541400008823899
101379,2025-12,0,1.0,0.31582590636036434,0.31693108788266233,0.2884332098654292
100720,2025-11,0,0.3,0.023793150630771247,0.024982407384129247,0.03440047443140282
101973,2025-11,0,0.1,0.021821868868836837,0.020173613729013048,0.022180060782718367
100984,2025-12,0,0.7,0.031842836713319174,0.04233848552051076,0.03987463162881492
101383,2025-12,0,0.1,0.021148904706212706,0.01717602809597447,0.014150214594281252
101659,2025-12,0,0.2,0.00980770672551502,0.010127154823768287,0.016411473688907694
100047,2025-11,0,0.2,0.027726738340640263,0.025777347254883325,0.028743674226416
101366,2025-11,0,0.3,0.029682249532037516,0.024775776432776928,0.025136122930704847
100961,2025-10,0,0.5,0.02146127373612846,0.024319552516837456,0.036061215319759206
102050,2025-11,0,0.6,0.04193408059877685,0.03585575091009547,0.03389136852383119
101457,2025-10,0,0.6,0.038895865393914014,0.04117369850296468,0.037827887519967636
100224,2025-12,0,0.9,0.2109000197570981,0.21774085526138795,0.2083215674316232
101992,2025-12,0,0.5,0.05957275568968607,0.04406895308213358,0.0449788936267409
100852,2025-11,0,0.8,0.10548219347663611,0.12304381668259716,0.1407595354383124
100315,2025-12,0,0.3,0.009096183350822623,0.011276506772376939,0.015034939209289777
100583,2025-12,0,0.8,0.06264755341540464,0.04363975038561574,0.06074223822165889
100120,2025-10,0,0.2,0.027917025908039843,0.029837755821611172,0.030952885031543465
101642,2025-11,0,1.0,0.3379291620160037,0.2796673110417624,0.24626091985907678
101263,2025-11,0,0.3,0.022054541724700553,0.03717795211753467,0.03928953144942693
100053,2025-11,0,0.7,0.02325399781425576,0.026097528474360615,0.025286035924453047
100763,2025-10,0,0.7,0.2379599211108391,0.23569131776982222,0.2481426716829487
100841,2025-12,0,0.5,0.05846577528958802,0.05831190362006817,0.057883239082305714
100918,2025-10,0,0.1,0.005029770554715883,0.004426089511151891,0.0099672683775602
101833,2025-10,0,0.3,0.04485060652501705,0.0267733946487403,0.025703805644812887
101260,2025-11,0,0.5,0.06448208258444733,0.04943875247779344,0.04914725408908172
100894,2025-10,0,0.5,0.029600911723277955,0.02116842012491167,0.030251649133572475
101848,2025-10,0,0.5,0.03149984403700495,0.032740528909000845,0.04257438400220044
100677,2025-10,0,0.3,0.019130981929522364,0.014316478214035866,0.02140799089732596
100581,2025-10,0,0.8,0.22951191346952174,0.1734560350186859,0.16373589586880835
100821,2025-10,0,0.3,0.025195063014932257,0.020262888435295084,0.019685430865279498
101011,2025-12,0,0.9,0.30353968462732306,0.3494753449914209,0.273870826873947
100303,2025-12,0,0.9,0.21727222784889005,0.18090011599463532,0.20752688451947698
101647,2025-10,0,0.9,0.0863796604479594,0.10612824374351557,0.1057310451485819
100686,2025-12,0,1.0,0.18964064579821166,0.2637883379462093,0.16213668993599792
101691,2025-10,0,0.8,0.08148673123046682,0.06495691384846371,0.08360847586096765
102083,2025-11,0,0.1,0.013414256266455782,0.013950668327425766,0.019835324075937837
101310,2025-12,0,0.5,0.0365489935353329,0.02408322082421728,0.03105406345142285
100657,2025-11,0,0.5,0.04039768513947681,0.04489132073384999,0.049848845418622896
100692,2025-12,0,0.4,0.019322190010845522,0.02023293383110189,0.026847045716073926
100798,2025-10,0,0.7,0.1621212609614119,0.18379118384596255,0.19623985288509352
100667,2025-10,0,0.3,0.03546846156362572,0.02733873615123491,0.024445347547361364
100081,2025-11,0,0.4,0.04577758395867988,0.043228979787589675,0.03203586795668553
101666,2025-12,0,0.6,0.11283658904085742,0.07250494583040522,0.07584251360211217
101923,2025-11,0,0.4,0.01310826272584599,0.01819536748185969,0.02727493176931841
100328,2025-12,0,0.7,0.06106424010125923,0.051227327160955766,0.04583451476865537
101113,2025-10,0,0.6,0.09296935153166291,0.07150196949516675,0.07709049743872141
100311,2025-10,0,0.8,0.0295132354158612,0.028355887136579105,0.025722175306593327
101983,2025-10,0,0.7,0.11918040476533474,0.08214079562044604,0.12572643102024395
100470,2025-10,0,0.7,0.1552267914833933,0.1408864970304381,0.15998551207608444
101292,2025-11,0,0.6,0.07724849986474423,0.07689699380303176,0.07586011754523608
102038,2025-12,0,0.6,0.08701777780396588,0.10742069976173961,0.11227712968262844
100965,2025-11,0,0.1,0.014398383188210448,0.0209538237395565,0.02469030244329416
101319,2025-11,0,1.0,0.3530403982395498,0.304633778250129,0.21888255003673235
100353,2025-10,0,0.4,0.023659272396856144,0.019376672658492886,0.025179065613302083
100770,2025-11,0,0.5,0.06509637496422156,0.053929048843521926,0.07208352535528234
100813,2025-12,0,0.4,0.05775906963833295,0.03167218086502297,0.03338316561552609
101331,2025-10,0,0.5,0.014231639492802553,0.012257320281513934,0.02583003765964512
101823,2025-11,0,0.9,0.058655168531970135,0.060865860905463726,0.06599616294742622
101482,2025-11,0,0.9,0.1310496857048701,0.12241813662008762,0.13696431590376196
100828,2025-11,0,0.8,0.07685227193178767,0.07018061792021528,0.06462691947907553
101754,2025-10,0,1.0,0.04113689254300235,0.04398563376114358,0.03725431259649728
100160,2025-10,0,0.2,0.0518982945037602,0.039477694718537924,0.02471905306492593
102081,2025-10,0,1.0,0.3117103070067619,0.23783192839153372,0.18025499656859822
100369,2025-11,0,0.6,0.11728355866476056,0.1537256288235919,0.1314239788254385
101840,2025-10,0,0.2,0.01750548741045226,0.025169291171425596,0.025466522767361652
100979,2025-12,0,0.2,0.007953073573716003,0.004969601918433307,0.010721206304704852
100415,2025-11,0,0.7,0.11374466511161889,0.11383084310531301,0.1282822731989552
101257,2025-11,0,0.5,0.041255502189376805,0.06914067233527647,0.06093363597705186
100867,2025-11,0,0.7,0.0952809980042685,0.06729290231502497,0.07788125886921315
100916,2025-11,0,0.1,0.04317434972303617,0.035881719196206,0.02276293551695857
100895,2025-10,0,0.4,0.04082528554291439,0.03539536894463451,0.038755050721884655
101799,2025-10,0,0.7,0.023121208133997505,0.02936371149958496,0.03228545357639705
100438,2025-10,1,0.3,0.020054260202754297,0.017623797172936266,0.02729127014368073
100760,2025-11,0,0.3,0.038256352470395764,0.034351430303569165,0.03950700101366944
100372,2025-10,0,0.8,0.06833952075920341,0.07653887165534169,0.07740546067129678
100078,2025-11,1,1.0,0.16932444189569756,0.18353626898372247,0.1941429968661077
100963,2025-11,0,0.5,0.04294281857912214,0.04961760600768934,0.0494816453582484
100286,2025-12,1,0.7,0.23264333694795059,0.19071339816263677,0.15734506326398617
100496,2025-10,0,1.0,0.13825948003058167,0.08276161008810978,0.10385646173226173
100998,2025-10,0,0.4,0.05078058457542308,0.0350371017819485,0.03174676667162032
101040,2025-12,0,0.1,0.019975441766019033,0.014780962283552085,0.01948795330304823
101458,2025-12,0,0.3,0.04398256825402478,0.03694698695874304,0.03970659095184102
102065,2025-12,0,0.3,0.019463829516858846,0.018251285685699444,0.027781259437318354
101997,2025-12,0,0.4,0.025976031060267562,0.0270492230182307,0.026135361124714252
100027,2025-12,0,0.5,0.07825146478906311,0.10616805147719362,0.1156480013228551
101788,2025-10,0,1.0,0.05902589821845771,0.05718540852102749,0.05862648525309969
100195,2025-12,0,0.5,0.024427545754496235,0.03230219240695627,0.04630789743791511
100753,2025-11,0,0.6,0.07575255492457197,0.08322576107257765,0.0673192511285367
101458,2025-11,1,0.3,0.03749976759466654,0.03324898071955668,0.04161851422637719
101919,2025-11,1,0.9,0.16255643058547214,0.1686305095176885,0.16440747188104868
100604,2025-12,0,0.3,0.05030748372386125,0.06087507385450249,0.05617817749232058
100533,2025-11,1,0.3,0.014044628035015872,0.013189375796728159,0.021712390510443838
100365,2025-10,1,0.8,0.20650111509816166,0.18891820017915642,0.19812966852260658
101959,2025-10,0,0.4,0.08800289309054957,0.07478522006662436,0.044737241838883404
101920,2025-12,0,0.1,0.008735622770735689,0.01002072900600169,0.018346191947952513
101772,2025-11,0,1.0,0.1853643212249398,0.14859681646844794,0.12301366868117283
100778,2025-12,0,0.3,0.00681374251236814,0.004380126895246779,0.009162796706886208
100465,2025-11,0,0.1,0.00963690335062715,0.010569994873724895,0.016385439830878767
100137,2025-12,0,0.2,0.02064398243758696,0.012642078369095831,0.01484201143818323
101911,2025-12,0,0.5,0.1375894827582635,0.1295319533846044,0.10287222047223406
100975,2025-11,0,0.9,0.07899696287287258,0.0664589689751754,0.0793134485615551
100351,2025-10,0,0.4,0.009712111238171662,0.01200015515523913,0.019633162479158067
101049,2025-11,0,0.1,0.012671824662149712,0.008662701424005367,0.014508302476624328
101190,2025-10,0,0.1,0.02646854330662268,0.03784323112766073,0.038083323762513714
100164,2025-11,0,0.1,0.0038494006765463005,0.002731567685114525,0.007179233716902897
100986,2025-11,0,0.9,0.06235686972327627,0.07553109435370564,0.07983401289634047
100539,2025-10,0,0.7,0.10266499336052315,0.12622311684576887,0.12940946374485796
100398,2025-11,0,0.3,0.023765931153151034,0.027203996653469644,0.03440047443140282
100406,2025-10,0,0.5,0.041336664874700016,0.0410255786257198,0.04874977138527532
100979,2025-11,0,0.2,0.01825426906902225,0.015574150513631176,0.0201446371122723
100730,2025-11,0,0.8,0.05657149810615259,0.09375390820010619,0.08030933951969743
100351,2025-11,0,0.4,0.027586055004695756,0.03664447341703415,0.05255508520585666
101051,2025-10,0,0.2,0.021374927153487155,0.022082334596719107,0.01915818555660024
100187,2025-12,0,0.9,0.07326752562396108,0.08842714760553226,0.13086593565856494
101888,2025-11,0,1.0,0.13469870718620042,0.17159263319375626,0.15174471874773962
100888,2025-10,0,0.5,0.053270888034829905,0.05970548391186846,0.05495837386658754
101372,2025-10,0,0.7,0.022647717077751317,0.02041925853331219,0.038620176207256905
101218,2025-12,0,0.5,0.03885270528386195,0.024797207580127753,0.0328767648310394
100570,2025-12,0,0.4,0.01946000116903233,0.012074539654521703,0.019917027499984443
101955,2025-12,0,0.3,0.035428370211078246,0.03406541358735997,0.033706597812991713
101101,2025-10,0,0.8,0.024983953725643528,0.01716348078836463,0.021299587422924326
101792,2025-11,0,0.8,0.07514226018101673,0.06880878586548457,0.06275041872032354
100737,2025-10,0,0.3,0.008700184692644244,0.012026204097958189,0.013061530151476177
100595,2025-11,0,0.6,0.12349060640890941,0.09011554163050477,0.09188477506023245
101227,2025-12,0,0.7,0.1418937418652523,0.1211140776301686,0.12435213423130416
101805,2025-11,0,0.9,0.20074355836404112,0.19631144793459973,0.1988340595034591
100646,2025-10,0,0.1,0.030071384614234357,0.030730357109725267,0.02937405770520059
100875,2025-11,0,0.9,0.28146631860432203,0.3143652604918959,0.29039416315637395
101229,2025-12,0,0.7,0.1394839566054781,0.13545217523104977,0.147362841233877
101744,2025-12,0,0.3,0.03664782472357169,0.030622773615221123,0.04039717969126347
100973,2025-10,0,0.7,0.03735371957794549,0.030422223707709858,0.03541325772077095
100855,2025-12,0,0.7,0.10534780061709663,0.06434905895362691,0.08742771953859681
100181,2025-11,0,0.1,0.009984075119353071,0.010681165493762038,0.015560131944405269
100544,2025-12,0,0.1,0.024211185630292596,0.020552584706333626,0.019899349562166976
100879,2025-11,0,0.4,0.016083017711250074,0.018086365262129447,0.02363807427020388
100505,2025-12,0,0.6,0.08383939332983203,0.12426547450061402,0.09175523089509396
100228,2025-12,0,0.5,0.04236824320986892,0.07061650590229801,0.05781828173318697
101993,2025-10,0,0.2,0.010959590758257488,0.016245759515306938,0.01922064790312888
100472,2025-10,0,0.1,0.015356238083044121,0.011796585056553325,0.014085459139146026
101764,2025-11,0,0.3,0.021022583681098297,0.032788030228882215,0.02948887332301792
100856,2025-12,0,0.9,0.10188777764104105,0.10240164564996511,0.11714694690517127
100314,2025-12,1,0.9,0.11767724854621862,0.12309063557884163,0.11583144229490347
101107,2025-11,1,0.7,0.22213895123281496,0.23983914968493764,0.22549883371191234
100495,2025-10,1,0.6,0.05632732622034632,0.0455499134837165,0.050975406218376866
101154,2025-11,0,1.0,0.32134906203281016,0.2922531338494632,0.24308598217891314
100036,2025-12,0,0.4,0.04376898808472047,0.052844780635605014,0.055758567690457915
101290,2025-11,0,0.2,0.023368819906781805,0.021799261132347446,0.016979492311411503
101646,2025-10,0,0.5,0.06705797197047246,0.08727491082129643,0.09175044365133875
101114,2025-12,0,0.3,0.08183523222874063,0.09736040882755079,0.06694090641167502
101042,2025-12,0,0.4,0.03705688517574542,0.03052212571032179,0.03470876644288413
100894,2025-12,0,0.5,0.07685083434234319,0.05128139040860259,0.07332211862585032
101565,2025-12,0,0.5,0.09000127347699756,0.10876603381797137,0.08607742831947113
100285,2025-10,0,0.6,0.045969357893886544,0.059591184573747,0.047297436792526674
100467,2025-11,0,0.7,0.034353572865680894,0.04713557233326055,0.049712571459189704
101509,2025-10,0,0.8,0.10891062837303091,0.10803102841993521,0.09028670062331012
101449,2025-11,0,1.0,0.3590222472244013,0.45239812558344006,0.376854426615208
101008,2025-11,0,0.3,0.019056942916678764,0.01596117058770909,0.01806174675042038
101258,2025-11,1,0.2,0.03189328246007906,0.03475399741006561,0.036264246463421565
100290,2025-12,0,0.4,0.09145517273816983,0.06470432712423003,0.048848577143938275
100780,2025-11,0,0.6,0.026236717919729813,0.03434176370003224,0.047900330268310254
100211,2025-10,0,0.7,0.07437440638282561,0.07925314875818881,0.08000964351508077
101138,2025-10,0,0.3,0.06520870575254899,0.06418664136286932,0.048543265674396936
101859,2025-12,0,0.3,0.08174717267791592,0.10099768174287013,0.08043937931213294
101591,2025-12,0,0.9,0.09948429291198371,0.12479493854030627,0.12842480003385517
101926,2025-10,0,0.2,0.055915143426314956,0.053358071073610756,0.0253710480014465
100869,2025-10,0,0.7,0.09160126141309216,0.14869261278901946,0.13844734255382668
101522,2025-11,0,0.4,0.0392867247484768,0.04140695093419722,0.04183112735748894
101565,2025-10,0,0.5,0.045079121154140304,0.05756554504994739,0.04628088198439176
100272,2025-10,0,0.5,0.053689418148418835,0.06796189795646285,0.06297273948581318
100463,2025-12,0,0.2,0.02442733673736227,0.03131235544364013,0.03068810890580964
101755,2025-12,0,0.4,0.039336721089004746,0.03921223053337884,0.05230523578821978
100695,2025-12,0,0.8,0.056822339089221754,0.055604228269400716,0.05989284773806917
101039,2025-10,0,0.7,0.123175884342504,0.1711969243560375,0.20384066258537897
101887,2025-11,0,0.7,0.10800795110200025,0.09624631569444127,0.109294389335525
100494,2025-11,0,0.7,0.05681027565474434,0.08240209168664493,0.07487354162217719
101384,2025-10,0,0.7,0.15724414849463111,0.14581171121943973,0.16218322156129208
101291,2025-12,0,0.1,0.02555520333344177,0.031129523531419203,0.031919709358195616
101814,2025-12,0,0.3,0.041066137888701185,0.03731776338242708,0.042036133207232124
101205,2025-10,0,0.4,0.06978032667729336,0.08198848029543518,0.061536063532202236
101661,2025-10,0,0.3,0.029767894581999913,0.030242168121949905,0.03604632581530095
100080,2025-12,0,0.5,0.06883623587711298,0.07389686805727286,0.09075364998299933
101542,2025-10,0,0.7,0.219315390662898,0.16336213842856542,0.15734506326398617
101946,2025-10,0,0.8,0.09222152646760358,0.06887731020134558,0.06748965020333698
100522,2025-10,0,0.3,0.03530835790311789,0.04709269120489332,0.04100262883681369
100215,2025-11,1,1.0,0.2240798338891104,0.27161414975016357,0.23053665296620748
101058,2025-11,0,0.7,0.06242163800445038,0.04684300374449128,0.07104688091353137
101011,2025-10,0,0.9,0.20000174852160466,0.236532528740053,0.2095093553170299
101475,2025-12,0,0.2,0.008644565223465616,0.007181978078073127,0.009648813060607825
101056,2025-12,0,0.3,0.03251494332430903,0.03571861332077027,0.03413277424309885
100959,2025-12,0,0.9,0.1694875275745947,0.139253945628364,0.13193111394123946
101297,2025-12,0,0.1,0.02946185894059758,0.02872543006554748,0.041875319776687285
101100,2025-12,0,0.7,0.04736486072415136,0.05594491193762052,0.06502338291679027
100418,2025-11,0,0.4,0.04097717232997524,0.02955706291976174,0.030965770977188122
101380,2025-11,0,0.4,0.05638620840385111,0.042391169394176254,0.03549483112210769
101491,2025-11,0,0.4,0.08515193319363845,0.07486970874252015,0.04956385134229115
100704,2025-10,1,1.0,0.30056582238163354,0.23033132664542988,0.2022546328621562
101075,2025-12,0,0.7,0.05292348908317524,0.0439608185810895,0.039147805456005075
101522,2025-12,0,0.4,0.05080057100102524,0.04016516874287001,0.03516463966731547
100636,2025-12,0,1.0,0.1505933151769787,0.2018999309033291,0.1870652643611694
100430,2025-12,0,0.1,0.03602267425895032,0.04716518990753033,0.042048063401316206
100996,2025-12,0,0.3,0.031489183004792365,0.02756916270490699,0.027766603448505543
100318,2025-11,0,0.3,0.03412727566781278,0.031092652511012914,0.04143639308531835
100391,2025-10,0,0.7,0.10148284452945659,0.07237271343484128,0.10299588535858799
100316,2025-12,0,0.4,0.01083228378402745,0.010885075708629744,0.014869868698825478
101306,2025-11,0,0.3,0.007230595364294744,0.008081850746039313,0.0188400366153808
100005,2025-12,0,0.8,0.1319164376720201,0.12616609984791768,0.1330878339012297
101993,2025-12,0,0.2,0.008230172170737023,0.008386223251642393,0.013786203173219136
102015,2025-12,1,0.6,0.12734881003251997,0.11500248577844147,0.10781073832637594
101131,2025-12,0,0.5,0.06610256951031764,0.08514551703307746,0.10142752996508492
101030,2025-12,0,0.9,0.10253980305793559,0.12367432426439941,0.10618383356329952
101332,2025-10,0,0.8,0.2119326296258956,0.1825066035902256,0.20437741976986182
101066,2025-12,0,0.4,0.06163778524254277,0.05996300398478427,0.04353138010001583
100488,2025-10,0,0.9,0.1730831020240648,0.2297416585523042,0.23966161503370043
101208,2025-10,0,0.5,0.047000628561908786,0.051692378407709814,0.05408735866895113
101468,2025-10,0,0.2,0.018918514007002764,0.015636518646127275,0.019310335054887426
100785,2025-12,0,0.7,0.047292357590010166,0.05152808424564431,0.042331127752958476
100013,2025-11,0,0.3,0.04354096891424228,0.04031082871036357,0.027923078360644747
101856,2025-12,0,0.5,0.06902767775822674,0.06703587216865459,0.055211188147267456
101074,2025-12,0,0.4,0.04974809659377194,0.05396439121293674,0.046750343609605755
101384,2025-12,0,0.7,0.045650008458694866,0.0484810719951897,0.0487701058700321
100789,2025-11,1,0.8,0.17207657008444618,0.1455742860700237,0.1454246276470946
100966,2025-10,0,0.8,0.09252913617612454,0.05569912614795378,0.06802739321113763
100678,2025-12,0,1.0,0.07970515458153758,0.056367855158658796,0.06621945219516297
101720,2025-12,0,0.8,0.0601145043812737,0.0617606024605908,0.055152370977514166
101333,2025-11,0,0.5,0.04050561326041226,0.05662019743089381,0.057622636845970666
101076,2025-12,0,0.7,0.11187408298799456,0.12515368527605805,0.1560168670677538
100663,2025-10,0,0.3,0.0069905512800154035,0.0032151531290924916,0.008649384194928634
101483,2025-11,0,0.6,0.033103742240862384,0.04532332015234807,0.04100034868884951
101581,2025-12,0,0.4,0.0573703281245914,0.047782536158034926,0.04537767412160621
100281,2025-12,0,0.3,0.03360375385262046,0.03306729524976919,0.04083957040871749
100584,2025-12,0,0.4,0.0617735610762106,0.04783141678206714,0.04337860253378879
100956,2025-10,0,0.3,0.020498195373060177,0.018644701518623342,0.021922015917065135
100202,2025-10,0,0.2,0.03519792809645866,0.03422579141310776,0.02223596962188328
101924,2025-12,0,0.4,0.014726717231599702,0.014038436943287153,0.01922708664734375
101293,2025-12,0,0.1,0.01984274537416595,0.024724641792126776,0.028022269988195368
101923,2025-10,0,0.4,0.07215722456299577,0.07602357506065548,0.06101101217359888
100610,2025-11,0,1.0,0.3077123954625774,0.27898407494908406,0.20258060895763938
100478,2025-11,0,0.1,0.02476974478003055,0.016410809274874056,0.014495325695648846
102012,2025-11,0,0.8,0.13586747830626025,0.13789477050147245,0.15742275753742246
101867,2025-10,0,0.4,0.019779267582811184,0.012455587550899146,0.016654225718899535
101893,2025-12,0,0.5,0.04543376426704115,0.04265444321228315,0.03271540077937077
101453,2025-10,0,0.5,0.047831182854982376,0.04897595589990312,0.04526552545975463
100198,2025-10,0,0.5,0.02326724572630345,0.03187385318783635,0.03740922575946337
100598,2025-10,0,0.3,0.01296748444003561,0.005639124748632905,0.01090440916198829
101885,2025-11,1,0.8,0.25999865747029327,0.20871699073888297,0.1676210303909952
100808,2025-10,0,0.3,0.019084364232686536,0.01903461148473756,0.027966194459968497
101220,2025-10,0,0.8,0.12961052791843553,0.07331959604403541,0.0918513044486572
101561,2025-10,0,0.7,0.07010360907994591,0.06387270351706731,0.08728372692453591
101981,2025-12,0,0.9,0.05726288881774346,0.05419485843616309,0.04836134014716607
101844,2025-10,0,0.1,0.03832168436301022,0.04386559727433797,0.038311467712227674
101631,2025-11,0,0.5,0.07192369785918935,0.05869273006640621,0.06543713354781193
100477,2025-10,0,1.0,0.13088694598947292,0.17710791506335666,0.18856939501813505
100274,2025-10,0,0.2,0.04850044704234311,0.045088764079174046,0.026150759765309027
100293,2025-11,0,0.1,0.018700572743736807,0.021022997494442044,0.03056762907416151
101048,2025-11,0,0.3,0.04892529964246489,0.061723144545269094,0.05617817749232058
101433,2025-11,0,0.4,0.01731466870895232,0.012520885419131968,0.01798956412112788
101877,2025-10,0,0.8,0.0704690261536215,0.06315437159669564,0.07622880536382315
100567,2025-12,0,0.5,0.08231994227843835,0.06489894086345364,0.09215377239240004
101137,2025-12,0,0.9,0.21846105741607288,0.20579784193300815,0.19271596536677926
100413,2025-10,0,0.1,0.01823811372964747,0.012208026498623738,0.014427378470011801
101789,2025-11,0,0.4,0.010991137344929207,0.007783299410211594,0.017507823400777757
101987,2025-10,0,0.9,0.1916726394334827,0.1987574764162185,0.14948423013236883
101243,2025-12,0,0.1,0.004413238551861385,0.005725129948205911,0.012226421045828778
100875,2025-10,0,0.9,0.08632773197544938,0.09533025417659304,0.10045868794915869
101871,2025-10,1,1.0,0.17344681237263357,0.19209404942913952,0.13656798239398224
100571,2025-12,0,0.1,0.005226855419321725,0.006476025177030835,0.011053928432687946
100819,2025-12,0,0.7,0.09065939216866675,0.08046102442363837,0.0986256707624366
101613,2025-12,1,1.0,0.3065147895934733,0.3627648402705788,0.33377010891126774
100229,2025-12,0,1.0,0.16851969646994183,0.15719217175650574,0.13393925315632174
101279,2025-10,0,0.4,0.06736080431802441,0.05203537413174803,0.040633920173766463
100572,2025-10,0,0.8,0.07728355552134594,0.06974787009089997,0.07981297058929794
100468,2025-10,0,0.2,0.03064813192955973,0.03349915262301001,0.02817543383585643
101151,2025-12,0,0.2,0.017757952496224166,0.011050948724677349,0.017201220571358727
100618,2025-11,0,0.2,0.026621946407066853,0.03975774135321983,0.03434967283952135
101918,2025-12,0,0.3,0.02542498096746297,0.029980016923358447,0.03453226781485811
100449,2025-11,0,0.8,0.1001143021779739,0.06815762888173167,0.06067172058336259
101070,2025-10,0,0.5,0.04505476907468659,0.07462376930064074,0.06660951025520716
101984,2025-11,0,0.1,0.04096343401403011,0.04184563807072755,0.042145748883910344
100330,2025-11,0,0.6,0.06120515108697602,0.06627590598864688,0.05095305196452893
101711,2025-10,0,0.5,0.05710263899805025,0.05398521112749613,0.07791361335975451
100607,2025-11,0,0.6,0.04048729520189861,0.04660457481847476,0.04041194409557528
101843,2025-11,0,0.7,0.07429372550917164,0.08087142152599924,0.08669355972452329
100882,2025-11,0,1.0,0.08552382009111215,0.0966674239520355,0.09788370002438089
101948,2025-12,1,0.7,0.22972568954606865,0.16534921097758087,0.15734506326398617
100307,2025-12,0,0.1,0.02011825963698634,0.02502066949187541,0.031944121189913334
101917,2025-12,1,0.8,0.08364505087329033,0.09482049300955389,0.08623826409948804
100090,2025-10,0,0.6,0.08779909457663697,0.0790831210838289,0.06952889814149837
100570,2025-11,0,0.4,0.053804930949430646,0.04418657665584667,0.043230627891353623
101520,2025-11,0,0.4,0.04628941717778218,0.03890594136853892,0.037261514450334085
100567,2025-11,0,0.5,0.09270180353643594,0.08173240068652864,0.09886770487172876
101101,2025-11,1,0.8,0.045868667466320935,0.03771162208929811,0.04717033529752416
101728,2025-10,0,0.1,0.007189255524332838,0.008643704794207466,0.01647023895462989
100962,2025-10,0,0.2,0.045294124200023864,0.052698738473158695,0.040447809425815204
101889,2025-12,0,0.2,0.013876638373784875,0.010197202026883364,0.013060536975967858
100737,2025-11,0,0.3,0.04074687050701711,0.06432914426531311,0.05524497779750263
100018,2025-10,0,0.5,0.06020959919061893,0.06052905524289567,0.0803644841655804
100871,2025-12,0,0.3,0.02654353349244835,0.01969480849108158,0.024379013399284437
101558,2025-12,0,0.2,0.009176239515922613,0.006834890438701441,0.010515582215021179
102038,2025-11,0,0.6,0.05243211260831361,0.05014577678881648,0.05432830049365205
100553,2025-11,0,0.1,0.038712491425546,0.03214017460971413,0.02314735042392345
101535,2025-10,0,0.6,0.09629014274947964,0.11842619427011478,0.11400319058453032
100764,2025-10,0,0.6,0.07037484990115196,0.06679290933198326,0.05621858254664559
101069,2025-12,0,0.7,0.12898885855730308,0.1276675679813655,0.2016372097520164
100111,2025-10,0,0.2,0.013727233075651562,0.013923809711024143,0.017823810664860766
100146,2025-11,0,0.6,0.020258623932750023,0.02762360406879369,0.03028727743972973
101394,2025-12,0,0.2,0.008552094118283482,0.008794561713059765,0.014144761576765802
100514,2025-10,1,0.7,0.07914227563866769,0.09219060739439906,0.12965458259408774
100092,2025-10,0,0.5,0.14717944713084388,0.1574713450171971,0.12777279221099008
101638,2025-11,0,1.0,0.14339919837327428,0.14640633053661284,0.13336204640799332
101983,2025-11,0,0.7,0.13097782561846838,0.08421778487848441,0.12852187638088594
101694,2025-11,0,0.3,0.022961758848495984,0.04279940099645893,0.0409112940380625
101235,2025-10,0,0.4,0.035941170451463354,0.03931098375614003,0.03945248650578515
100375,2025-10,0,0.9,0.05398386142571503,0.06226372011926076,0.06540421000706566
100412,2025-11,0,0.3,0.03199151829424357,0.03397510343623114,0.041145656788927176
100480,2025-10,0,0.5,0.02745708300690166,0.026968096405458917,0.03805088429106019
101551,2025-10,1,0.7,0.15495815624301257,0.12173990480263593,0.14310571678315742
101002,2025-10,0,0.2,0.023690714705487573,0.015768386098023078,0.01738032534454843
101292,2025-10,0,0.6,0.02207338118033229,0.021643005442839296,0.01993235523783522
100923,2025-10,0,0.9,0.1805487914239154,0.19312831579334008,0.18681329984050316
101254,2025-12,0,0.6,0.040817959147846306,0.04060075022888834,0.035769603171550396
100845,2025-11,0,0.6,0.1027497757154209,0.08988126687047644,0.06307902158271043
100579,2025-11,1,1.0,0.16637652279983092,0.16961465828438999,0.18737370092573027
101375,2025-12,0,0.3,0.049841140695677,0.0658735002195783,0.05109606224548417
100743,2025-11,0,0.4,0.025976031060267562,0.022184832105473316,0.025453249553773146
101327,2025-11,1,0.8,0.1752225904461757,0.13716995978909882,0.1696236661283538
101918,2025-10,0,0.3,0.04074687050701711,0.02814136181823274,0.03274823514381913
100732,2025-10,0,0.9,0.2535031380807734,0.31009969201655063,0.29892828555530626
101468,2025-12,0,0.2,0.012638387175914265,0.009195265330546685,0.015080074070573326
100995,2025-12,0,0.8,0.04155864644502811,0.040096180384902064,0.04837663007712154
101028,2025-10,0,0.6,0.08354783688171634,0.09226308259062223,0.0941859442473906
101683,2025-12,0,0.3,0.01869324564574398,0.023217589431618085,0.02832099363614085
101109,2025-11,0,0.4,0.03951700212915115,0.03979303924509527,0.04126005385770074
100424,2025-11,0,0.1,0.005169574769033723,0.005535586090709433,0.011739389521214158
100659,2025-10,0,0.5,0.04159620050465334,0.05037224858770986,0.0497803009785186
101339,2025-12,0,0.5,0.04037183609951954,0.05928522540947617,0.05290478863310095
100587,2025-11,0,1.0,0.11378942480509031,0.1383226434974731,0.10355370551546021
102023,2025-12,0,0.4,0.05232847593332827,0.03852397896679252,0.03388352166280196
102072,2025-10,0,0.3,0.039349599498124346,0.03926663080510966,0.04165039638489418
101167,2025-11,0,0.9,0.07747496331399488,0.060089218659637074,0.0860420633301165
101441,2025-10,0,0.8,0.12583029155125905,0.11697686953140067,0.11956130062729804
101473,2025-11,0,0.2,0.04483739070747716,0.038523159835043834,0.019934032236273644
101628,2025-12,0,0.9,0.21866131845175157,0.2214699171059559,0.20300018738773923
100392,2025-10,0,0.2,0.030313877653759556,0.032187057369676184,0.03041707729311176
102018,2025-10,0,0.1,0.018086681234027856,0.014491758732485534,0.01983677717068577
100413,2025-12,0,0.1,0.01197791425410126,0.009470168778898674,0.019416419613864797
101604,2025-10,1,0.6,0.08810008688046035,0.10898583120272688,0.07992192051441734
100569,2025-10,1,0.5,0.07477652177166766,0.09025595085508949,0.08772574641500158
100060,2025-11,0,0.4,0.010664636112957532,0.009153443030876549,0.018594875104176546
100854,2025-11,0,1.0,0.21617103967150422,0.1953237393462733,0.18826182684021756
101188,2025-10,0,0.4,0.05599113502359333,0.06712498505200186,0.05341915545048665
101222,2025-12,0,1.0,0.06552532527186124,0.06293710099607171,0.08632272354602565
100401,2025-11,1,0.4,0.10288165946817765,0.1045369707748908,0.07275209508036595
101728,2025-11,0,0.1,0.016286013068387693,0.015196086920748832,0.01964526651985766
100537,2025-12,1,0.4,0.044464179469640056,0.04684436867544162,0.04221246291505245
101974,2025-10,0,0.5,0.027825751726276035,0.0333949981784544,0.040613370858185234
100463,2025-11,0,0.2,0.016533386470056546,0.01773892846257043,0.018139207367146887
102059,2025-11,0,0.9,0.06807627920658671,0.06040537098736008,0.0737787006521222
100069,2025-12,0,0.1,0.020136935504662116,0.013359989477066965,0.013192467370888342
101665,2025-11,0,0.7,0.06757556546895964,0.08790098379217427,0.08552431428192915
100378,2025-12,0,0.4,0.04691769715307428,0.04161954689571141,0.03255086429633977
100420,2025-10,0,0.7,0.035100335849626706,0.03399947197173921,0.048274012554165635
100661,2025-10,1,1.0,0.38337341503812644,0.3229392512392073,0.25769210201818005
100093,2025-10,0,0.3,0.025242520642492463,0.03991737761493068,0.046588851631910434
101770,2025-12,0,0.3,0.01259033035054586,0.01036986068967441,0.02234344648049937
100506,2025-10,0,0.4,0.008187579864266417,0.009595871917411522,0.015519797524695515
100886,2025-10,0,0.4,0.03206022736620106,0.019338403659144125,0.02186746490050138
101309,2025-10,0,1.0,0.11054016311497633,0.09955996025525722,0.09612909967477454
101021,2025-11,0,0.4,0.03242164332278388,0.04199077382757958,0.04564650716801671
101846,2025-12,0,0.7,0.1656883832767901,0.13550995502106164,0.16502979029235984
100511,2025-11,0,0.2,0.007153933562581255,0.006828489693672289,0.015321153535098303
100557,2025-11,0,0.5,0.09962929057411558,0.08053891147016312,0.08565879877122187
100606,2025-11,0,0.1,0.017144454178141907,0.014216104844250125,0.014861477025510017
100559,2025-12,0,1.0,0.11784125405259523,0.08027795606745974,0.08906089176206017
101157,2025-11,0,0.6,0.05891724127055216,0.03648269740191028,0.03390718831247793
100035,2025-11,0,0.6,0.07747433643709523,0.10130223385443496,0.09391320350109753
101949,2025-11,0,0.2,0.012682357770326322,0.018091428165354695,0.01715397366290244
101680,2025-12,0,0.9,0.11010638152687359,0.13960235090212392,0.11742885327200697
101248,2025-12,1,0.5,0.1261846262149002,0.11498082472229335,0.09432122330976993
100233,2025-11,0,0.9,0.08651288062332355,0.0819944104552424,0.09326204191659354
100127,2025-11,0,0.4,0.028425512972363023,0.03467969651843892,0.03354341386196471
101474,2025-11,0,0.9,0.3707687221193904,0.4058191161744923,0.2767839095084109
100550,2025-10,0,0.7,0.16115972227366104,0.16018178114976186,0.18148721876166193
101072,2025-10,0,0.3,0.009915416452983503,0.009588174385612108,0.017500328478111057
100800,2025-11,0,0.2,0.01358509052854618,0.010954760754147742,0.014366466598774129
101752,2025-12,0,1.0,0.1291931635324862,0.06859170961166197,0.0969439097140661
101490,2025-12,0,0.1,0.017213863479167292,0.013090152751595044,0.014281648731419492
100658,2025-10,0,0.6,0.04043032088127394,0.03287554585853693,0.04084477241272798
100377,2025-11,0,0.6,0.17941532325505183,0.1705113664216972,0.12470066891174938
100333,2025-10,0,0.4,0.008546911482021082,0.008011319575038776,0.013674279402630655
100146,2025-12,0,0.6,0.08966168379678477,0.12128254577467504,0.11585900269400273
100555,2025-12,0,0.6,0.029943209592650948,0.03623549082620946,0.0336507265316874
101242,2025-11,0,0.1,0.011917406630634366,0.011642177578632706,0.015194557843514369
100480,2025-12,0,0.5,0.020910839140875073,0.021644965975890197,0.03318873068542139
100033,2025-10,0,0.8,0.03279981587255714,0.02177158514148583,0.03451673280087049
101642,2025-10,0,1.0,0.2553977498867406,0.1851726584024878,0.18689140035509946
101958,2025-11,0,0.9,0.10156634187358847,0.09433363748462496,0.11240832690927409
100012,2025-10,0,0.3,0.02899714821188185,0.04396559564394052,0.035372324139386374
100957,2025-12,0,0.1,0.03996419148434348,0.03995852666872434,0.030999166418301187
100605,2025-11,0,0.9,0.1979364673548582,0.19743275077057004,0.20626029133724294
101819,2025-11,0,0.6,0.061639975344504695,0.06897831310237737,0.04481341936878242
100624,2025-12,0,1.0,0.12874122335731925,0.14062658035486242,0.10636139239230888
100970,2025-12,0,0.3,0.03228328789999367,0.026128351581475504,0.023670307619989825
100779,2025-11,0,0.6,0.09581102562135284,0.08309340636392154,0.05842594319519006
101780,2025-12,0,0.8,0.07538220287878143,0.04652729402493861,0.07234410906597681
100886,2025-12,0,0.4,0.0372054513383033,0.034613652027548875,0.03758133473006195
101578,2025-12,0,1.0,0.05952363709464523,0.056626829135795295,0.053933589243049265
101795,2025-12,0,0.4,0.018519613363762167,0.018214145221865673,0.025013411202899443
100732,2025-11,0,0.9,0.18460855808959997,0.21259530016056136,0.1771539519379952
100516,2025-12,0,0.2,0.0036726831151476847,0.004308533481037607,0.011106982635387971
101978,2025-11,0,0.2,0.030754897648180953,0.0347842706437112,0.03407562588373184
100043,2025-10,0,0.3,0.06508018334030068,0.06046407704639688,0.056773636307948815
100771,2025-12,0,0.5,0.1458890452474161,0.13046863817975088,0.10156196278723803
100322,2025-11,0,1.0,0.08879419982337261,0.08887656731703567,0.08623801827252314
100729,2025-10,0,0.9,0.07259851200741897,0.07151227012992731,0.0711009991320504
100797,2025-12,0,0.5,0.043087621226617426,0.04705345982066341,0.0462311831594334
100224,2025-11,0,0.9,0.2043418540422492,0.1995490809458514,0.2057620966993115
100515,2025-10,0,0.3,0.01182781328896925,0.008734177500196581,0.015440867752324543
102078,2025-12,0,1.0,0.18956924436847236,0.17821623163194392,0.18157172529073212
100308,2025-10,0,0.8,0.17697377435902092,0.11680958802527235,0.10963753416466229
100420,2025-12,1,0.7,0.07957059842240098,0.10271598711494312,0.14018267958549566
101301,2025-10,0,1.0,0.3060289755625425,0.2718476998915309,0.25225220208182936
102002,2025-10,0,0.2,0.034642360877836106,0.0349565261072523,0.02870282213799856
101991,2025-10,0,0.5,0.03215201310368794,0.026177849199583905,0.03032203848534073
102026,2025-10,0,0.6,0.08899399582804438,0.11330972775616859,0.12077336735511571
100608,2025-11,0,1.0,0.2153773902133826,0.22148944919852095,0.21681531193875897
100082,2025-12,0,0.7,0.12419258069244028,0.11037396629388846,0.13331814458254596
101996,2025-11,0,0.7,0.13576162741230846,0.12573797082377727,0.1662813373255645
100779,2025-12,0,0.6,0.06383223043189777,0.07917666911037183,0.04454945169052879
100851,2025-12,0,0.3,0.046421190709249084,0.05031355473593266,0.043625561768726215
100532,2025-10,1,0.4,0.057266508615294615,0.05332261470887194,0.05073078832626626
101837,2025-11,0,1.0,0.2112928062437024,0.22201392895205674,0.2090802650300959
101634,2025-11,0,0.8,0.022383700866870943,0.021041985296053237,0.026034064414190972
101436,2025-12,1,0.9,0.2382977860874424,0.2636534658090817,0.27233087347906676
100368,2025-10,0,0.1,0.0482861145069955,0.03165996463687903,0.021110762081471945
100947,2025-12,0,0.7,0.14149448541012521,0.1059870214460892,0.10803522205599445
101388,2025-12,0,0.1,0.029394877874881768,0.03488714566258842,0.036492014949698726
101891,2025-10,0,0.3,0.07976272258150004,0.09056747099964926,0.057012702333816216
100399,2025-10,1,0.9,0.2537250932580247,0.17319611428950973,0.1934498715506296
100917,2025-11,0,0.6,0.1134248061935996,0.11458195665062361,0.11836724007896074
100205,2025-11,0,0.5,0.05269735334991862,0.048153546446071546,0.046546443092621556
100911,2025-11,0,0.5,0.031409916983555615,0.03436333196530901,0.03391461080290812
100607,2025-10,0,0.6,0.08716262296946768,0.08230442337295153,0.06372844662458071
101141,2025-11,0,0.1,0.022871983555444862,0.025460473727586325,0.027109737428269554
100662,2025-10,0,0.9,0.13899185783216084,0.13217583262809351,0.12478072406805067
101699,2025-11,1,0.6,0.10553989825123886,0.11178400561510439,0.10683078555075311
100102,2025-10,1,0.5,0.11926823456649102,0.17747769423436965,0.1556426633125777
101316,2025-11,0,0.4,0.048925927937437594,0.05363674267097676,0.04147518857013262
101039,2025-12,1,0.7,0.06681844024573275,0.08004768981818189,0.08428936483748267
101625,2025-11,0,0.4,0.07432600641300395,0.12142660382566339,0.07785771872452052
101675,2025-10,0,0.2,0.015273363267526045,0.01383627325856685,0.015570435539731623
101556,2025-10,0,0.9,0.15244602643464575,0.11995447811079402,0.15156064438578068
100113,2025-11,0,0.9,0.12035206003228148,0.10970120085400605,0.09468478399520984
101034,2025-10,0,0.1,0.010029129560419337,0.007623038380162678,0.012813743887888692
100350,2025-11,0,0.5,0.08676571889858536,0.12238399016472666,0.1267323310758652
101010,2025-12,0,0.1,0.02346081255977664,0.020126645464293554,0.021364515806211175
102052,2025-11,0,0.5,0.023751749685100364,0.026759510526356448,0.03456916900233071
100826,2025-10,0,0.9,0.2274061446797452,0.20807817226001984,0.19847390471153137
100722,2025-12,0,0.5,0.04198356372979623,0.037438183978150505,0.04463559815831558
100272,2025-11,0,0.5,0.04830330495482677,0.050006924684589345,0.0405455009321997
100676,2025-11,0,0.8,0.19154379804441415,0.20314381177837929,0.21538746467956266
100636,2025-11,0,1.0,0.1366152606060752,0.18588831306689457,0.14482673973295612
100003,2025-10,0,0.8,0.1444421423574404,0.16920869863463323,0.18669866780744576
101067,2025-11,0,1.0,0.23526977513406663,0.20921614895006085,0.19439023081100365
101513,2025-10,0,0.1,0.005925633809008493,0.004247135325707948,0.008757487093526951
100375,2025-12,0,0.9,0.14199788434019056,0.10448163973262811,0.11880290707397782
100521,2025-12,0,0.7,0.04272832294766568,0.03584114840862919,0.04827038144978691
100401,2025-10,0,0.4,0.030013943385719367,0.02541096213211928,0.02935273873420058
101786,2025-12,0,0.1,0.01832354375042406,0.019809078308228794,0.019675521491919038
101859,2025-11,0,0.3,0.043748597436373826,0.05110705713895422,0.048911518531424725
100389,2025-11,0,0.6,0.046174671532737646,0.03385056990477435,0.04186585075303524
102017,2025-10,0,0.4,0.03695425898512516,0.034073758040364284,0.03529122681386132
101175,2025-11,1,0.9,0.3252693795342117,0.3985311854452919,0.3173372571748282
101562,2025-12,0,0.1,0.02560630348855236,0.0175444940722996,0.016383289923049382
100655,2025-12,0,0.6,0.13181855307279194,0.12932085915930314,0.12404551117785247
100335,2025-11,0,0.8,0.0645678705849581,0.07003980265884269,0.06010072644402996
100285,2025-12,0,0.6,0.06091943135910837,0.06515971454585125,0.05806629637699
100553,2025-10,0,0.1,0.01813575656145106,0.012028538394635925,0.012879171559551855
102041,2025-11,0,0.4,0.025732958514028743,0.029685733026159625,0.033602806021631224
100747,2025-10,0,0.7,0.11433700597607933,0.11318079606166728,0.12561039813416167
101189,2025-10,0,0.7,0.07141887129441009,0.06236959574596434,0.07800485164677198
101178,2025-12,0,0.5,0.08873676891495641,0.13095784805295244,0.1286458659229961
100907,2025-10,0,0.9,0.1987369748955391,0.18316839301312884,0.18445651335273672
100932,2025-12,0,0.6,0.016899196029971742,0.02221283603650024,0.01949492022761684
101189,2025-11,0,0.7,0.018229283512202127,0.018477215671705446,0.025055064381678958
100522,2025-12,0,0.3,0.04042726255171953,0.04065648733694575,0.0377204541532095
101895,2025-11,1,0.9,0.07306886234829152,0.06872075053962931,0.07575214864802346
101894,2025-11,0,0.4,0.053214142731790856,0.04569530454037055,0.047527035098719736
101520,2025-10,0,0.4,0.04347548306431368,0.048893749448717556,0.055758567690457915
100731,2025-10,0,0.5,0.03294324189206341,0.041024162270077616,0.03376814145202173
100274,2025-12,0,0.2,0.02255863221953644,0.01748025914380228,0.014610324754301298
101044,2025-12,1,1.0,0.20722844344361635,0.18541085345849423,0.19102540350294156
101875,2025-10,0,0.7,0.05609097376503095,0.05702324030048874,0.05780787677961743
101943,2025-11,0,0.4,0.06626856698022786,0.0862248012753648,0.07041034999986368
100110,2025-11,0,0.4,0.02159817178294696,0.016285534711205155,0.02050005541950054
100098,2025-11,0,0.2,0.007962330062192267,0.007179091231808936,0.012450988081524393
101310,2025-10,0,0.5,0.12225607499788,0.0797506981629781,0.08499780011406076
100445,2025-12,0,0.1,0.019770073849436874,0.011483922584989759,0.013916706975275823
100501,2025-12,0,0.7,0.06044952432208661,0.05156300795721686,0.05084597888473547
100837,2025-12,0,0.1,0.01991241844422397,0.02157981480489034,0.02584754078951089
100087,2025-12,0,0.4,0.04513117197837589,0.040006380713092975,0.04499827730192716
100570,2025-10,0,0.4,0.06321616680790444,0.04683550780256338,0.03571767189139816
100017,2025-10,0,1.0,0.09038544535734168,0.08663271862256547,0.0863745349891983
101618,2025-10,0,0.6,0.0436884700255143,0.04507470277350427,0.0510695650456073
100400,2025-12,0,0.3,0.016730653678361778,0.019920816627555293,0.02812337560359047
101504,2025-12,0,0.3,0.030765842846091428,0.027641148890378046,0.032879083824672306
100196,2025-12,0,0.6,0.053139121099824174,0.02863749998360137,0.03935433745440468
101305,2025-12,0,1.0,0.19492145982326162,0.12706159374562595,0.11065054529363992
101724,2025-11,1,1.0,0.29512207105866006,0.2527838095974603,0.22887580156319923
101428,2025-11,0,0.8,0.04400694741822153,0.040963199905020585,0.04837663007712154
100059,2025-10,0,0.2,0.017298633811071714,0.02046101767670761,0.023978183767371517
101774,2025-12,0,0.9,0.09223532347767431,0.06455031620715887,0.07680465073105576
101236,2025-12,1,0.2,0.010329277338956963,0.011010906498748918,0.0185196174254168
100582,2025-10,0,0.5,0.07253251120616326,0.0671455028294308,0.08933215997808899
100918,2025-12,0,0.1,0.011848568149554236,0.01059529060417303,0.014506250882914695
100254,2025-10,0,0.2,0.027072450637686485,0.02692651064416258,0.01817908057442162
100296,2025-12,0,1.0,0.22197615089127623,0.23525090065659512,0.18533684798685163
100118,2025-12,0,0.5,0.06592571829581499,0.07225157332610974,0.05944414751587334
101942,2025-10,0,0.1,0.008683273463363313,0.009248482946879863,0.017711323392351003
101197,2025-10,0,0.6,0.04957124659801654,0.03984815303880463,0.044532207064402786
101257,2025-10,0,0.5,0.04373577131525441,0.04390406642134043,0.04254555580028783
101423,2025-10,0,0.8,0.16176625516235735,0.2260789186991763,0.2195844140775273
102014,2025-11,0,0.4,0.02992812725813898,0.0257527231306786,0.03070149414292394
101367,2025-11,0,1.0,0.09013137793786767,0.10910659657333119,0.0842848757210523
100970,2025-10,0,0.3,0.020662224046160242,0.028639244993683838,0.031685350754420784
100361,2025-11,0,1.0,0.23526977513406663,0.2714555216561715,0.2116700104131513
102052,2025-10,0,0.5,0.05048575674415021,0.04510541726065748,0.07181480435180579
101731,2025-11,1,0.6,0.12981872630307345,0.19273893810257578,0.17154771311286166
101002,2025-12,0,0.2,0.030131948049866127,0.02421073239782132,0.021323424006115654
101707,2025-10,0,0.5,0.06931135737662807,0.046855409409951226,0.06144803576360795
100674,2025-11,0,0.2,0.025288272337549312,0.0212834480808848,0.020438321207733815
100346,2025-10,0,0.1,0.03573874111567268,0.038249934036370725,0.041007123726338614
100317,2025-12,0,0.1,0.008414955824857498,0.00685926060957178,0.011757011813594736
100949,2025-11,0,0.6,0.08153177585308946,0.06872601928114645,0.054875916922804954
100964,2025-12,0,0.1,0.05267868568266001,0.06264107509960909,0.04494531121653192
101671,2025-10,0,0.7,0.06896568793431486,0.06450200850962332,0.08939496337420219
101749,2025-12,0,0.7,0.13825598010054138,0.15518760306919172,0.1661875659226711
101082,2025-11,0,0.1,0.029898824413970817,0.031293376531155596,0.02879187775883438
101048,2025-10,0,0.3,0.05960360249762146,0.06032679803072106,0.05022555902681541
101329,2025-10,0,0.2,0.02244273540425347,0.02394248636612225,0.023370001373544537
100417,2025-12,0,0.5,0.045586566270080155,0.05542946470168151,0.05134192997182926
102041,2025-10,0,0.4,0.04985907341475466,0.07311678391211897,0.05537608582182759
101171,2025-11,0,0.1,0.013907627880570017,0.01266386914041814,0.01814931691292559
100817,2025-11,1,1.0,0.22326541880482928,0.16345527700970772,0.1574196297816405
100962,2025-12,0,0.2,0.04720760945502656,0.06445906894942846,0.05066787243779011
102010,2025-11,0,0.6,0.09879316693456497,0.06878237912436382,0.06478374008190532
100643,2025-11,0,0.7,0.09337779101699373,0.09235782245150545,0.10036729869559875
101495,2025-12,0,0.5,0.028416104062036325,0.02289713540903956,0.027905056439795056
101543,2025-10,0,1.0,0.269755610699836,0.2778359862758055,0.21552889578295098
100863,2025-12,0,0.6,0.03418722708837485,0.03619508286723499,0.034562368138596804
101084,2025-11,0,1.0,0.24469132221621517,0.2647888816499486,0.2537329216022115
101383,2025-11,0,0.1,0.01148931441956818,0.007791163961156606,0.011254484487215619
101847,2025-11,0,0.3,0.018291481790456147,0.01573464820874474,0.02729127014368073
101359,2025-10,0,0.5,0.033871485057021984,0.03208148309075615,0.039617495925874026
102003,2025-11,0,0.1,0.0083678428716792,0.00934207346416131,0.015446142678401107
101308,2025-10,0,0.4,0.05452216167782285,0.05917990064553308,0.059141409617749455
101396,2025-11,0,0.1,0.01047062778353633,0.009752797601346367,0.01560361352625269
100162,2025-12,0,0.8,0.09677903229135897,0.10855525068334254,0.11138514292086428
100308,2025-12,0,0.8,0.1875901200047309,0.15977596395346488,0.18349648835172866
101775,2025-10,0,0.3,0.01588441527562701,0.02358162174326907,0.028321557908187103
101727,2025-10,1,1.0,0.3874839467782353,0.2734004520113532,0.21389095383876425
101163,2025-11,0,0.6,0.11676843321641249,0.10266728346093967,0.09993369382925314
101969,2025-12,0,0.2,0.027400002891275782,0.030420082626327706,0.025258428988284617
100416,2025-12,0,0.1,0.033536015948913644,0.03009687820270027,0.03237422069371515
100419,2025-12,0,0.4,0.032763335150375716,0.029308655925652478,0.031818772925171074
100293,2025-12,0,0.1,0.00484481234374059,0.005727139154270772,0.01323688547669811
101550,2025-10,0,0.7,0.05846937176073995,0.08916708093749469,0.08518147662204692
101824,2025-11,0,0.6,0.082965587857642,0.07553092320411069,0.06381724124158104
100692,2025-11,0,0.4,0.035042262034694925,0.04243120636895316,0.04411172955909645
101796,2025-12,0,0.1,0.030311707759035387,0.02633343158349725,0.019750075679105167
100628,2025-10,0,0.7,0.08839125861789901,0.09486063942960772,0.09093048255126768
100439,2025-10,0,0.4,0.021691243820965437,0.01517582770362115,0.019945123547760724
101102,2025-12,0,0.9,0.2004603830255936,0.21474581543512847,0.20467349433686458
100905,2025-11,0,0.7,0.17291018053494933,0.22807510163963085,0.29013135519276473
100384,2025-10,0,0.2,0.025791647149013566,0.024083002539974696,0.025606060603616327
100989,2025-11,0,0.3,0.03776305076732133,0.030428975707073175,0.026784928478811212
100985,2025-11,0,0.9,0.1680652209315506,0.14850770720924328,0.15863496299874627
100843,2025-12,0,0.6,0.06446575611206913,0.06499248896816304,0.04222288191932965
101634,2025-10,0,0.8,0.09069882194777815,0.0906070009658818,0.09856303663828514
101768,2025-11,0,0.8,0.11083118445001817,0.08167997342123193,0.09029590808973136
100563,2025-10,0,0.2,0.007446603844362247,0.006073273959115003,0.01107680933269331
101980,2025-12,0,0.7,0.06458309938412164,0.05752657091041358,0.08785327792945953
101761,2025-11,1,1.0,0.35821315454854075,0.2942495882317812,0.22214223559571408
101313,2025-10,0,0.6,0.0316501433260948,0.01771887392230801,0.026966224802879867
101489,2025-12,0,1.0,0.3466534640869344,0.3097620442788059,0.2400365418286742
101387,2025-10,0,0.4,0.05198414581203629,0.047965408544838085,0.0554944868840422
102087,2025-11,0,0.1,0.015178901169140717,0.014140585233243092,0.02185134988290569
100609,2025-10,0,1.0,0.13690038108842392,0.08479283421887268,0.11349832881658524
100639,2025-11,0,0.2,0.031857098794818524,0.0313785906542652,0.03187943230522303
100468,2025-11,0,0.2,0.018270196265497023,0.01994012328883077,0.02143360598193686
100113,2025-10,0,0.9,0.09342019695109781,0.07788192330553335,0.08630215264402576
101713,2025-11,0,0.7,0.06927196754352646,0.06639553339663871,0.07086260632396914
102024,2025-10,0,0.6,0.019558311716323933,0.018452736183240486,0.028132770844500606
101056,2025-10,0,0.3,0.01708142375476029,0.024629096709790712,0.02898780910782993
101047,2025-10,0,0.3,0.008853191584137412,0.008636030950272626,0.012422628165986114
101895,2025-12,0,0.9,0.16965264034122032,0.14942367600979092,0.12551004141158884
100126,2025-11,0,0.4,0.033813304975030135,0.037166349680006865,0.03624774162687435
100095,2025-10,0,0.6,0.0797883908087449,0.1240152836482103,0.08999317778572041
100874,2025-11,0,0.5,0.06285391984814039,0.08412854358735351,0.09505043935397971
100950,2025-11,0,0.8,0.09746771091477831,0.10890669788764439,0.09741617403179541
100310,2025-12,0,0.5,0.0759110450955653,0.11298046161288906,0.10318566306339438
100054,2025-12,0,0.4,0.013963436331855839,0.011295882291767693,0.014594732772087083
102012,2025-12,0,0.8,0.17680437981566063,0.20907397290911658,0.23338566626259652
100034,2025-11,0,0.9,0.1597130058236943,0.14943319780672712,0.14346277988282793
101997,2025-11,0,0.4,0.03538878343528755,0.033034343444788894,0.03593669520067117
101804,2025-10,1,0.8,0.22012336264028365,0.2918373063660325,0.3265354231981228
100189,2025-12,0,0.8,0.1442886507025125,0.23346919826071033,0.21818863981494976
100324,2025-12,1,0.8,0.1600074138073746,0.1544251156273278,0.17151698336171642
100411,2025-12,1,0.8,0.0997978396645419,0.09111918432692341,0.06959630873914223
101585,2025-10,0,0.7,0.0844456461994162,0.07674326142140353,0.09285123740645394
101072,2025-12,0,0.3,0.01272930812575643,0.015019976120372099,0.026524973468309197
100672,2025-12,0,1.0,0.29582719128940055,0.23473194433259664,0.15419411144590503
101927,2025-10,0,0.8,0.13976729427914442,0.16796860677104153,0.144284433981836
102070,2025-10,0,0.3,0.020124887335723617,0.012469176352742696,0.016554170856068758
101901,2025-11,0,0.8,0.12238146218920934,0.16589366805998848,0.15705406602276087
100439,2025-11,0,0.4,0.07192207165040525,0.06748206147986667,0.059971088924366575
101944,2025-12,0,0.9,0.24859752965172213,0.17987865385631335,0.15446206128229065
100585,2025-11,0,1.0,0.06421748235187025,0.08781059869661735,0.06839716049569794
100134,2025-10,0,0.8,0.0773672119036015,0.07935797023104559,0.09249304491999191
100395,2025-10,0,0.3,0.022161794982669288,0.020554078256685506,0.027712192503779376
101614,2025-10,0,0.3,0.04487861617950421,0.045481268504639315,0.03095104236180195
100378,2025-10,0,0.4,0.010413342545028296,0.009605739062796964,0.012050182584660445
100963,2025-10,0,0.5,0.0461349673543843,0.04788527629401703,0.04912401490966881
101420,2025-10,0,0.5,0.053582298170456094,0.06699906749184315,0.061802083432258174
100301,2025-11,0,0.4,0.09089167669470477,0.08612599183285576,0.07260513156935208
100066,2025-10,0,1.0,0.2784436814314434,0.2990526919731582,0.24355360392594297
102006,2025-12,0,0.7,0.06388253771442928,0.05684219269775152,0.07592209463700902
100004,2025-12,0,0.6,0.08292153007912037,0.07260186118133244,0.07093462238291447
101818,2025-10,0,0.2,0.03887503953771214,0.07675237657256775,0.038638495138225926
100352,2025-10,0,0.2,0.03386890535531578,0.019128216876856577,0.020400558973971732
100860,2025-12,0,0.4,0.08130548276721013,0.0644102038293156,0.04527999124121626
100427,2025-12,0,0.9,0.18634450498703234,0.2616339508103544,0.2481756138862224
101071,2025-12,0,1.0,0.08921469049397021,0.08375871594932,0.07786259685320662
101862,2025-11,0,0.2,0.017634440978699952,0.024302556595203858,0.022542413249856876
101178,2025-11,0,0.5,0.031196585294650504,0.03288342974348135,0.034362777326864845
101325,2025-12,1,0.7,0.1764941504109828,0.1886205486268291,0.18746601360862883
101174,2025-11,0,0.8,0.08803291528843557,0.06133497852555423,0.07400857062132062
101232,2025-10,1,0.9,0.18223873525948425,0.21040564366742145,0.18191630681203225
100135,2025-10,0,0.3,0.05352095007821508,0.06068504799946202,0.051828333772828326
100294,2025-12,0,0.7,0.029438899259495367,0.03957100810706834,0.04372891638127033
101068,2025-10,0,0.6,0.11271926557782679,0.1461059596370867,0.12665373589324427
100149,2025-10,0,0.8,0.3016667709231089,0.23969573194432628,0.1673181997742065
100338,2025-11,0,0.5,0.07198229370878277,0.06748709961976988,0.08299658568597362
100186,2025-10,0,0.5,0.03959632060530978,0.040062254014597225,0.04745188474218645
100071,2025-12,0,0.5,0.0157360071265778,0.014491462588818825,0.027394880609750965
100240,2025-10,0,0.5,0.05156446847516544,0.06457153304400089,0.08634372155255698
100320,2025-10,0,0.9,0.08731431548071854,0.0900479109424105,0.07219797202843888
100688,2025-12,0,0.3,0.015652429615758023,0.018693537917494663,0.02930268955089958
100709,2025-11,0,0.3,0.025512288313529117,0.03713153555463769,0.03556893766521906
100115,2025-12,0,1.0,0.16459532419881365,0.14968319601141727,0.17697743258726586
100403,2025-10,0,0.3,0.012678091881969491,0.016150794884137218,0.024742206055494844
100279,2025-10,0,0.4,0.03487413967203282,0.023144507363182982,0.023181303894505668
101463,2025-11,0,0.3,0.014675168547436569,0.012361096589186106,0.02050043876523122
100797,2025-10,0,0.5,0.016817260901174386,0.015525236136784276,0.023260758655588663
100823,2025-12,1,1.0,0.3939597777152643,0.3783202358618027,0.29549912925055316
100461,2025-10,0,0.9,0.09808953586703428,0.06802009839900303,0.08619211222654284
101049,2025-10,0,0.1,0.03897515148176535,0.03493835136313991,0.03766169744513785
101198,2025-12,0,0.4,0.028777964624501832,0.03041654398054996,0.03455959449402826
100819,2025-10,0,0.7,0.04317493364619454,0.03354819071442331,0.038131059347151955
100856,2025-11,0,0.9,0.11277674877416291,0.10411576693256479,0.11049950380865983
101488,2025-10,0,0.7,0.10310435942854361,0.05597831760857334,0.10806348807558509
101915,2025-12,0,0.2,0.024667216039490604,0.016303235217606765,0.019299054790153963
100083,2025-12,0,0.9,0.13620910839620204,0.14123972705680946,0.14556620807832324
101501,2025-10,0,0.4,0.013629223806758187,0.01120512528248744,0.017906584372701585
100889,2025-12,0,0.3,0.052575032376570706,0.040278078660286515,0.03043040175156548
100493,2025-12,0,0.3,0.029917137349194635,0.020913475201267188,0.021016893716132114
101028,2025-12,0,0.6,0.02574138731107693,0.03156796456133196,0.033440820757097374
101018,2025-12,0,0.8,0.142846949189387,0.0849733338825501,0.09459693935003582
101321,2025-11,0,0.5,0.06526452555843355,0.08418502923439944,0.0823596141646388
101356,2025-11,0,0.8,0.051054628645792834,0.05480710209649225,0.07145262475711792
100877,2025-11,0,1.0,0.17992780808720787,0.1445478561031,0.12767252684454442
100816,2025-12,0,0.1,0.019582316695462412,0.014406784265672367,0.013197173578845027
101455,2025-11,0,1.0,0.09948271602605455,0.09064397663401759,0.10937089765814421
100619,2025-10,0,0.1,0.012245299827544407,0.01097943318106392,0.013877726659136586
100321,2025-11,1,0.4,0.08359391716004615,0.08668057860786783,0.07115490101031424
100548,2025-10,1,0.7,0.16468585395470237,0.17410591432905062,0.18258417923024584
101306,2025-10,0,0.3,0.010355156629415356,0.011090752647805171,0.018925410924240892
100258,2025-11,0,0.6,0.04146274191001769,0.06305844607235106,0.057299435067246496
102005,2025-10,0,0.9,0.23807439630745936,0.2549749973835169,0.21698122570746853
101236,2025-10,0,0.2,0.008074244986448528,0.007334710476602042,0.014038222399171022
101508,2025-10,0,0.5,0.032681130143239326,0.02234063896320785,0.025366682107426368
100982,2025-10,0,0.1,0.019656602798163874,0.019127089983641817,0.018889774150635336
101654,2025-11,0,0.1,0.007888387377670678,0.00757460545934788,0.014490574450392422
100355,2025-10,0,0.5,0.0185844115197732,0.021408394016819654,0.02625046050731825
100912,2025-11,1,1.0,0.27224542117331174,0.2685355737973341,0.24337291358836358
100339,2025-11,0,0.3,0.015307352222631238,0.01565276234913803,0.024637927903677703
100770,2025-10,0,0.5,0.017229275970774234,0.013013576551353876,0.023014830736496517
100651,2025-12,0,0.8,0.11352295778818929,0.11258087968139052,0.08209497515238347
101637,2025-11,0,0.4,0.02503677899358344,0.019850508638743592,0.025837486909707632
100019,2025-12,0,0.3,0.02846539823794177,0.03141822732450763,0.036629822776919806
100425,2025-10,0,0.9,0.05314810972041641,0.06812169232654074,0.08431637145785285
101961,2025-10,1,0.8,0.12948620628512778,0.08659943827669626,0.10790937150025029
101246,2025-11,0,1.0,0.10756448727032454,0.08847275894604834,0.09869328938987378
102080,2025-10,0,0.8,0.09821728868512876,0.0966687879103234,0.12125214971663249
101388,2025-10,0,0.1,0.011799673670515641,0.01451915561117512,0.018998155439338162
101248,2025-10,0,0.5,0.09879636825844895,0.08146738733821214,0.09066799735063662
100158,2025-11,0,0.2,0.010306046639501175,0.008636638920481469,0.014519307942678736
100990,2025-10,0,1.0,0.057839750290488406,0.05952972817808699,0.055015583664919834
101028,2025-11,0,0.6,0.052786250656813256,0.06111287930829412,0.0551462811730012
101362,2025-10,0,0.6,0.06734464951482716,0.06419177265739641,0.05753933962835461
102018,2025-12,0,0.1,0.0029387197124735097,0.0025180911938148536,0.008763776049228785
102004,2025-12,0,0.4,0.06751269057215921,0.07064633307673017,0.0668771314248415
100238,2025-11,0,0.9,0.1491802739643452,0.12103531502524735,0.13169670676923872
100130,2025-12,0,0.9,0.3252693795342117,0.33958826908247886,0.34765591400373413
100738,2025-10,0,0.5,0.023468406609580363,0.020224396475446466,0.030342941812342542
101075,2025-11,0,0.7,0.0807699559977297,0.05480835469920918,0.05743152489522089
101441,2025-11,0,0.8,0.15735570098545618,0.16387966897346062,0.1804935067837392
100561,2025-12,0,0.3,0.017209513246155855,0.013539564246266258,0.020833753628117353
100097,2025-12,0,0.1,0.006391913803050503,0.003538199637041185,0.008022285421509904
100723,2025-12,0,0.6,0.11750221708163965,0.16171533261249427,0.14476130062870457
100992,2025-12,1,1.0,0.3003316887508246,0.36083048616850444,0.3030105019038824
101836,2025-12,0,0.1,0.030311707759035387,0.03357660152921003,0.03465279474334982
101742,2025-11,0,0.7,0.030165985225867012,0.02089733566773613,0.029484416717524727
100201,2025-11,0,0.1,0.01389559877185129,0.011383401525577328,0.016953805692258395
101104,2025-11,0,0.8,0.2185072753085753,0.208250267837854,0.21954607762318204
101646,2025-11,0,0.5,0.06555123367560083,0.09072543350914472,0.08170973509961818
101311,2025-12,0,0.7,0.0328199913916127,0.04535275666399291,0.041243487999093664
100156,2025-12,0,0.6,0.0688409678042951,0.056724432684862255,0.043336796362149745
100399,2025-12,0,0.9,0.171236540885052,0.11030698867535706,0.1474825691591699
101081,2025-10,1,0.3,0.02513605308634109,0.03566929578726364,0.034971344966841
101708,2025-12,0,0.5,0.01571894062748123,0.0130442221360489,0.023469350424047193
100144,2025-12,0,0.7,0.04892298877457628,0.053026949301191985,0.07335385363967098
101870,2025-10,0,0.9,0.17140300587186424,0.12105625407239654,0.15108172382492793
101632,2025-11,0,0.2,0.03897599856476706,0.041213286698367955,0.036891617293451626
100143,2025-12,0,0.8,0.1274244700817229,0.12135214182343357,0.09769468784206878
101567,2025-10,0,0.2,0.005720049368503616,0.005908294141490703,0.01605272443205315
101657,2025-11,0,0.7,0.03284785721282034,0.02808158675702123,0.042310050289961675
101462,2025-12,0,0.6,0.08732673900463736,0.11224495378600745,0.09225274939991679
101259,2025-11,0,1.0,0.19272289025396935,0.262958082006542,0.16312362633327207
100626,2025-11,0,0.7,0.09952755253770952,0.16085894014909835,0.1066241250093805
100818,2025-11,0,0.8,0.16420562801713634,0.16375733839808196,0.16305365230987082
100390,2025-11,0,0.8,0.11337037910315594,0.13784901007187766,0.12289010488664744
100450,2025-10,0,0.1,0.008213597318902472,0.006694152974212059,0.013399081876888928
101978,2025-10,0,0.2,0.009053261917150704,0.007539112541560837,0.0122638565478855
101956,2025-11,0,0.9,0.13184489158206597,0.12848126447974784,0.10529073780156999
101872,2025-11,0,0.8,0.1006649695402337,0.09029753334061097,0.07191251197069931
101978,2025-12,0,0.2,0.009628135233202325,0.010000029863542868,0.014646140192172209
101399,2025-10,0,0.2,0.011782041148330731,0.010147320214467402,0.013340336768556697
100406,2025-12,0,0.5,0.050432933473892855,0.04327255231874629,0.06375783571628704
101604,2025-11,0,0.6,0.11321881786984687,0.1168257327374833,0.09725496449416624
100349,2025-10,0,0.8,0.05898591392951652,0.048041311973235405,0.04257941268979021
101151,2025-10,0,0.2,0.004963998227936828,0.003947889284026805,0.008568182351864989
100558,2025-12,0,0.5,0.046357943490602536,0.03669995787027183,0.035008335368647045
101045,2025-11,1,0.9,0.28719247866104886,0.3381057724577217,0.3618074115286152
100289,2025-11,0,0.8,0.042679678172677905,0.04949712494343451,0.031385425754167584
100641,2025-10,1,0.5,0.09191584903398645,0.07367070971432481,0.0957515009927686
101882,2025-10,0,0.9,0.25544922799185743,0.40056039830367557,0.3853390001654102
100545,2025-10,0,0.2,0.027569128424283246,0.028993561947683346,0.03043880466537542
101526,2025-12,0,0.3,0.011582853467931012,0.009154906364113053,0.01860829653359688
102027,2025-12,0,0.9,0.26197016061396144,0.2091208384083883,0.18410732905279034
100456,2025-12,0,0.6,0.10948309424327374,0.10870851623885291,0.0815375746075964
101852,2025-10,0,0.5,0.07058048875052714,0.09259593230929844,0.09907590544706331
101470,2025-10,0,0.7,0.09728538232915623,0.1227327382027753,0.15436190216000473
100924,2025-12,1,0.9,0.07797928814292895,0.09395569833992781,0.11002881357900486
101733,2025-11,0,0.4,0.017772163562907683,0.020773680413036552,0.024128345507640817
101799,2025-11,1,0.7,0.1267658607409449,0.12618508378163895,0.1608917973812274
101456,2025-12,0,0.1,0.010288509600215321,0.008096249651793454,0.013417535872651522
100460,2025-12,0,0.3,0.018000266200776455,0.016115023749437872,0.021587192857867255
100294,2025-11,0,0.7,0.10320635448472136,0.1261433348811641,0.16027457628292538
101809,2025-11,0,0.9,0.10098759280480175,0.0900296340842289,0.09863664325419266
100517,2025-12,0,0.5,0.01711819340223119,0.019253899258446595,0.028927478653727263
100925,2025-12,0,1.0,0.1151170145141185,0.09847090983746977,0.09612909967477454
100318,2025-12,0,0.3,0.02033265040190013,0.017649171915491525,0.028201112475908476
100194,2025-10,0,0.8,0.03933211937789511,0.03901777441603458,0.04183053337360874
100078,2025-12,0,1.0,0.07004340823670492,0.07615304421201687,0.09862748594473879
101464,2025-10,0,0.9,0.1344240389691732,0.10532775272503081,0.12145721010396632
101717,2025-12,0,0.2,0.008527800667589486,0.0069755061977675205,0.015405722572629054
100653,2025-10,0,0.9,0.23908581611410465,0.24499581999024467,0.21391780538921687
100948,2025-11,0,0.8,0.12951824230526024,0.10513203954022168,0.10962375888472124
101905,2025-10,0,0.7,0.09680876627028898,0.0864075912245731,0.10583516001998244
101226,2025-11,0,0.9,0.2779700588847798,0.2378006604703842,0.23379775022798263
100836,2025-11,0,0.4,0.009734691709270467,0.0089148452217235,0.017825935788059664
101264,2025-11,1,0.9,0.242526597431323,0.21701819094153424,0.21795110313220914
101491,2025-12,0,0.4,0.06463706577626442,0.06984223014393051,0.05412561539518824
101777,2025-12,0,0.8,0.13776432846396372,0.12691200664086535,0.1584496626131461
100898,2025-12,0,0.9,0.1339464312690534,0.13940832790027585,0.13225609164281024
101600,2025-10,0,0.7,0.1009871376520178,0.14980109546930684,0.12317953960245596
101289,2025-10,0,0.1,0.0066269584618349,0.00900826171113544,0.016729875382010324
101494,2025-11,0,0.6,0.04278739338166038,0.03686164177072214,0.04756203558012781
101140,2025-12,1,1.0,0.2053470459395449,0.20135716410020948,0.19739100266944568
101927,2025-12,1,0.8,0.1666324732867411,0.20484036441942977,0.16821699964366837
101872,2025-10,0,0.8,0.22132338138569219,0.18930783270717347,0.1685514059517051
101838,2025-11,0,0.7,0.11862687780020337,0.1277279143913013,0.10860066538172056
100842,2025-11,0,0.2,0.011977708479491526,0.009042015257332291,0.011709686009994875
101250,2025-10,0,0.5,0.08012727310856116,0.10602205614551521,0.10893016138024772
101524,2025-10,1,0.6,0.06505163584080627,0.06019630634393306,0.05884107062316359
101421,2025-11,1,0.9,0.19589679218122932,0.16001465628514155,0.1929533738876164
100139,2025-12,0,0.9,0.038898312889495884,0.0457269015216403,0.0394004482000923
100733,2025-11,0,0.6,0.08413271064242406,0.0675146520438914,0.053465728187555746
100445,2025-10,0,0.1,0.021897081413068648,0.011995365131604995,0.01445178360448812
100743,2025-10,0,0.4,0.03033066279177926,0.02279443271391425,0.02975745189707381
101130,2025-11,0,0.1,0.02714302663126282,0.03344984014578688,0.03472882229214102
101277,2025-10,0,0.8,0.22682751081658534,0.2768398209634336,0.26614762864647956
100206,2025-12,0,0.8,0.16674749216882911,0.1986085699674448,0.23345038655266565
100405,2025-10,0,0.1,0.025491039230060342,0.02230531905176275,0.015885975766986644
100341,2025-10,0,0.7,0.12486390318996035,0.0873794339334822,0.0944990145699665
100665,2025-12,0,1.0,0.21271326650778863,0.2407658000033263,0.206476250799535
101153,2025-12,0,0.3,0.010537690022460518,0.011701714669960289,0.017772909416289166
101465,2025-11,1,0.6,0.13048245081239113,0.14566615501646119,0.12859424769966757
100620,2025-12,0,0.8,0.09285476073551666,0.09402424875580163,0.09234465054908118
100998,2025-11,0,0.4,0.04018729756079315,0.029521759726287684,0.029164198512242088
101516,2025-10,0,1.0,0.12066633958614227,0.0871628407290232,0.1042557091233587
101178,2025-10,0,0.5,0.05266844595803358,0.08968308121379125,0.08985346577085924
100394,2025-12,0,0.2,0.019884272197484495,0.02145416717360135,0.023892323189252013
100052,2025-11,0,0.9,0.1738321981970631,0.14077939621323027,0.17777461888928742
100438,2025-11,0,0.3,0.02624223672246436,0.03446774897140325,0.04335082104713345
101190,2025-11,0,0.1,0.019785950327818064,0.017194421369924124,0.014150214594281252
101521,2025-11,0,0.2,0.028377403898692595,0.031473139992067134,0.029747348496034765
101876,2025-11,0,0.7,0.15585075047272318,0.15361506281757642,0.18802445963048783
101284,2025-12,0,0.1,0.023834395251202813,0.02685749310403137,0.030222472787728785
101745,2025-10,0,0.1,0.021647160864739202,0.021607556872920146,0.024918454470503257
100055,2025-10,0,0.5,0.05896516483942554,0.06211357161420933,0.06342936610553387
100106,2025-11,1,0.9,0.23364717050594502,0.2562143769878763,0.29598293690692895
100242,2025-10,0,1.0,0.08380283706034138,0.11621986298806031,0.09065717571286504
101563,2025-11,0,0.2,0.006173467350783105,0.004736243534281893,0.0087698305798813
101054,2025-12,0,0.6,0.12031389906778879,0.10987829102642879,0.10585992472488935
101403,2025-10,0,0.6,0.023786754530127678,0.018765911388037567,0.02579809582833132
100597,2025-10,0,0.3,0.08804830728457254,0.07933330668002536,0.04114817534518346
101645,2025-12,0,1.0,0.10786184998822307,0.0954491256178859,0.10787200999193977
101208,2025-12,1,0.5,0.10005623616823284,0.06979387121786637,0.09341446262282334
101085,2025-10,0,0.4,0.038570927540493634,0.056139492813516025,0.045139612759636315
102024,2025-12,0,0.6,0.035208251337735565,0.03255756447103544,0.03252384639623973
101950,2025-11,1,0.7,0.17782734562175992,0.24761683364263956,0.30020024378265103
100750,2025-10,0,0.4,0.04222803900965087,0.05441708483476167,0.05526802768229525
100205,2025-10,0,0.5,0.11301071382976602,0.08367257334618572,0.09549737491507901
101633,2025-12,0,0.2,0.029890974439010867,0.03505025835924056,0.0322419217739309
100591,2025-12,0,0.9,0.14688025977545205,0.09534610785922105,0.09403318763069125
100113,2025-12,0,0.9,0.10394454746581075,0.09722363232825207,0.10590772973545096
100727,2025-12,1,0.9,0.1884438354422901,0.1520033061505481,0.16800607389250186
100256,2025-10,0,1.0,0.12022940944898235,0.13145549068613208,0.12230969832851954
101267,2025-12,0,0.4,0.08586709490521803,0.09476655213425922,0.07570891658236437
102047,2025-10,0,0.1,0.02412822063091836,0.02007847242441449,0.0192711263078741
100896,2025-12,0,0.3,0.02797337562449637,0.032935426908254094,0.042566385017568945
100300,2025-10,0,1.0,0.2842656352061743,0.2773664981423793,0.24308191825783185
101772,2025-12,0,1.0,0.3007503283636084,0.27920086448539105,0.21569051426944597
101304,2025-12,0,0.6,0.029817497545616203,0.03004127299366907,0.04173098085466818
100030,2025-10,0,0.3,0.04583760358907301,0.03304657520965079,0.023687167678641225
100868,2025-12,0,0.8,0.1275087717350345,0.10221014309958591,0.10514065182959284
100366,2025-10,0,0.8,0.03542808041747073,0.023120893618336958,0.03222140389586534
100922,2025-10,0,0.3,0.03328937265502784,0.042856679202654124,0.04090977618024891
101558,2025-10,0,0.2,0.03792258878094891,0.0364334139544792,0.031754268331538084
101898,2025-10,0,0.6,0.0874202367585137,0.08703796835766783,0.09245304338140586
100468,2025-12,0,0.2,0.005377251730047104,0.005374965794040434,0.015146376489597395
100684,2025-11,0,1.0,0.22015898805892684,0.2169548947074779,0.1588952852227037
101639,2025-10,0,1.0,0.2362749345126275,0.2615298292646965,0.24952832849455753
101624,2025-12,0,0.9,0.04723291157357724,0.036973830344340174,0.0521685816610622
100680,2025-10,0,0.4,0.06391411140449131,0.0679624555997313,0.06789858421314426
101288,2025-12,0,0.5,0.01483613451324953,0.011314306892501283,0.02499472494924195
100765,2025-10,0,0.7,0.13961750829714437,0.1645910268943172,0.1716377851448556
101000,2025-10,0,0.3,0.031250252689981065,0.016836492450638636,0.020419138605470944
101515,2025-10,0,0.1,0.006184141354700562,0.005225286995514656,0.011426812652511305
100746,2025-11,0,0.9,0.10303384992858221,0.09669093549629039,0.08912330162399514
101560,2025-11,0,0.7,0.036868648140864616,0.0320268637141961,0.05229377963411136
101062,2025-11,0,0.4,0.04323522973467039,0.05375803540841433,0.0475125723102443
101854,2025-11,0,0.9,0.18041008157170035,0.12980563138638077,0.15483520438322768
100492,2025-12,0,0.7,0.0365376553114421,0.0348219905444657,0.028242769835168803
100094,2025-12,0,0.1,0.016142037602311518,0.01913876386175789,0.02770436034699661
101022,2025-10,0,0.6,0.06683531998731258,0.07399720891952748,0.05973191639524736
101517,2025-12,0,0.4,0.007796661191871901,0.004201919116183156,0.01007917737565945
101651,2025-11,0,0.1,0.006417572206699721,0.00364799931813471,0.009355448994888688
100966,2025-11,0,0.8,0.05864117721509129,0.04771806886953925,0.06271280631638142
100372,2025-12,0,0.8,0.10767081939626642,0.0992408648589711,0.10932286221766337
100757,2025-11,0,0.9,0.06751478513302521,0.06761695529681734,0.06997329800361576
101467,2025-11,0,0.3,0.03538832251265622,0.03328839240109517,0.033388595007139
101846,2025-11,0,0.7,0.10005421435303455,0.0946500384099321,0.10262103290707411
100206,2025-10,0,0.8,0.0462006387663688,0.05044076797685003,0.04947849007733922
101412,2025-12,0,1.0,0.07004340823670492,0.06640703380292551,0.07396118985426692
101831,2025-11,0,0.7,0.16912029288581132,0.1439773907779191,0.16600757711836203
101297,2025-11,0,0.1,0.013811474196331996,0.01417990873199413,0.02755185212901709
100299,2025-11,0,0.6,0.14713790609240796,0.12848357788656203,0.1044725614379894
101908,2025-11,0,0.3,0.038996539597422226,0.047060645862388936,0.050792372925253564
100259,2025-10,0,0.7,0.072043464955549,0.08396736077744914,0.08477851611968057
101861,2025-11,0,0.6,0.03797130041338763,0.03164655432404718,0.036513190256336106
101709,2025-10,0,1.0,0.14776571455556575,0.14107891516085658,0.13069864015250776
100576,2025-10,0,0.2,0.018403210093159112,0.02653252093643559,0.025976462765429198
100948,2025-12,0,0.8,0.034635368973138236,0.037751439644209864,0.039932635394540304
101692,2025-11,0,1.0,0.15651018114863086,0.17376963533260822,0.14335156529617052
100140,2025-10,0,0.1,0.009754921534451207,0.007477069926941377,0.011013234848600112
101065,2025-11,0,0.1,0.011569491188428097,0.012180157702300949,0.0165838828505636
100923,2025-12,0,0.9,0.1481118738890353,0.2054583160234945,0.19542219800264107
101716,2025-12,0,0.3,0.05802634956558951,0.07279740461814398,0.055186201889734665
100030,2025-12,0,0.3,0.04324352908481038,0.03775289761806258,0.029491919493123277
100681,2025-12,0,0.9,0.06305010451725744,0.06442707572071428,0.0635507065918335
100229,2025-10,0,1.0,0.1920585619271221,0.16324243198069702,0.15252586459790426
100354,2025-12,0,0.1,0.028864320255905206,0.02931630906170835,0.036514880367256905
101647,2025-12,0,0.9,0.1698678281049624,0.2242881560658251,0.18865036562226678
102020,2025-10,0,0.3,0.01202039080241392,0.013696539218733253,0.02119372409215429
100029,2025-10,0,0.9,0.10914827386815767,0.113566794144403,0.12186005221232309
100082,2025-10,0,0.7,0.0430932040800641,0.043466857603576055,0.045131026025978974
101100,2025-11,0,0.7,0.07402312015759875,0.08074993641744091,0.0927384873574721
101476,2025-12,0,0.1,0.021293577407659827,0.02010234822845536,0.01863233370786729
101691,2025-11,0,0.8,0.05896953938180875,0.04674847804985945,0.06385571858807047
100916,2025-12,0,0.1,0.01077410243242534,0.010768282786325424,0.012910609192088949
101758,2025-10,0,0.5,0.03663166118243461,0.037546277972690216,0.041209551634493774
101594,2025-11,0,0.9,0.19112822967688622,0.23226704591321062,0.1966168879608077
100166,2025-12,0,1.0,0.07250140286855314,0.038463356178949075,0.05481891249873805
100987,2025-10,0,0.6,0.06342704987873526,0.056269925402006066,0.047033683751678095
102099,2025-12,0,0.8,0.055123424847127594,0.04471286517935761,0.05159411506076445
101657,2025-12,0,0.7,0.05967050326215629,0.06087620623473196,0.07532079462850792
101999,2025-10,0,0.7,0.09749152441435631,0.1188702509715754,0.15390810868805088
101435,2025-11,0,0.6,0.16072939548090667,0.15787320875886665,0.14038835585566936
100768,2025-11,0,0.9,0.2257536594201361,0.20423289979372583,0.2090693488417269
100887,2025-12,0,0.5,0.04004463529015734,0.029064003321219826,0.04158727363457537
101612,2025-12,0,0.7,0.07905686436044355,0.07422763053475373,0.0830872006361027
101285,2025-12,0,0.9,0.2556723034918178,0.2809435825755188,0.24246712457649133
100783,2025-10,0,0.6,0.10345520559300428,0.0835083835532319,0.08736146675868274
100673,2025-12,0,0.4,0.0761821472914185,0.08744796639997421,0.07122350072193655
100739,2025-12,0,0.4,0.04929595160443705,0.03915731706119739,0.037602197830852974
100177,2025-12,0,0.9,0.08801118686536166,0.07384298258680261,0.08194575709982603
101198,2025-10,0,0.4,0.017950345734076528,0.022570008605308674,0.025887042193690906
101569,2025-11,0,1.0,0.0629607667105811,0.0537847326616218,0.05600177862497521
101587,2025-11,0,0.1,0.006534971822791977,0.006753466059557257,0.0125457352914976
101607,2025-10,1,1.0,0.28139938173617574,0.26943403982898073,0.21768059274162282
101296,2025-10,0,0.8,0.19032908164313303,0.19089280875513398,0.12776119508172468
101284,2025-10,0,0.1,0.025172591121948786,0.025207212794431604,0.023769339949747306
100890,2025-12,0,0.3,0.04616493847477949,0.08031933171439658,0.06376326143446266
101743,2025-11,0,0.4,0.08653210240357442,0.09804130512136706,0.07762515665396795
101785,2025-11,0,0.3,0.02721827718980001,0.017370322306336203,0.01786591250438741
101708,2025-11,0,0.5,0.0735646398743908,0.08574553853685188,0.10356965519006424
101282,2025-10,0,1.0,0.2373878989719762,0.19094380621715148,0.15668019403758685
101783,2025-11,0,1.0,0.20333510768618743,0.20569766565351777,0.15721405643148983
101993,2025-11,0,0.2,0.012926648369785746,0.014490880266207115,0.016660433565610765
101596,2025-11,1,0.7,0.07905686436044355,0.08666651745215984,0.08932839960382799
101930,2025-11,0,0.1,0.005422788149020184,0.004709525231248459,0.010918722290145741
101873,2025-12,0,0.6,0.061942212528716976,0.04143097065323953,0.048771373430663185
101538,2025-11,0,0.2,0.03800567900785018,0.026303858809800105,0.01982831947633857
101620,2025-11,0,1.0,0.09832698255302377,0.09251329111055107,0.10472153515432313
101274,2025-10,0,0.6,0.08381756793818128,0.057579617481670516,0.06417948080658432
100397,2025-11,1,0.3,0.05960360249762146,0.059165203118795744,0.051859226251372646
101495,2025-10,0,0.5,0.06074257479242201,0.055912170220309435,0.07587704064398633
100131,2025-12,0,0.7,0.12718850968336048,0.11314829216223607,0.10977685380068777
101218,2025-10,0,0.5,0.015147796552586981,0.009887220187174006,0.020103398023492744
100337,2025-10,0,0.9,0.0511552232572766,0.06599384432631891,0.0587000760706532
100014,2025-11,0,0.8,0.07376866153141856,0.06354328092867638,0.061440873812593465
101960,2025-12,0,0.4,0.0710658809566613,0.08233906474669658,0.06273263792482907
100788,2025-11,1,0.8,0.23834692079517733,0.19245356821204956,0.16208859483805146
100223,2025-12,0,0.3,0.02346851504587541,0.01678213259104477,0.023170100187973074
101233,2025-10,0,0.8,0.08424362937216205,0.0762946273516797,0.09461041718358927
100155,2025-11,0,0.7,0.03000352287054014,0.021991721507820635,0.024098743661311182
100910,2025-10,0,0.9,0.06638080732231735,0.04671867670536497,0.06909804845475574
100190,2025-10,0,0.5,0.09583526695362282,0.09680678398344965,0.1131350773101499
100485,2025-11,0,1.0,0.10652199786035313,0.09405828544930092,0.10671918400131518
100375,2025-11,0,0.9,0.21881127537243641,0.23160810037503815,0.20062471553482528
100749,2025-12,0,0.6,0.0538515512829742,0.0456627412629165,0.04330627238111889
100668,2025-10,0,0.7,0.04461424683601727,0.030456966094324335,0.046211695228537936
101557,2025-12,0,0.6,0.020258623932750023,0.020730664865183726,0.030522151575832265
101215,2025-11,0,0.9,0.12309353246314275,0.12049496263697981,0.12976030818334325
101909,2025-10,1,1.0,0.2289497968724521,0.2012957903714311,0.18826182684021756
101774,2025-11,0,0.9,0.1637889148037617,0.1273698647504341,0.10718559576388574
101099,2025-10,0,0.5,0.07553038357311694,0.08206255520142666,0.09891344006019089
101017,2025-12,0,0.1,0.025440119764573683,0.03825884580358153,0.03495596463127991
101517,2025-11,0,0.4,0.008082941270882039,0.006074572513590429,0.01196844570928531
101339,2025-10,0,0.5,0.06056234517421897,0.0898917710795371,0.07761005981123738
100130,2025-10,0,0.9,0.09620025645775115,0.09410148302314247,0.09612629654520335
100654,2025-11,1,0.5,0.04400363094358796,0.03736705235420621,0.05758005629308129
100271,2025-11,1,0.8,0.15062621468913867,0.11951450215429482,0.12750557820327196
100169,2025-12,0,0.3,0.059850529585177926,0.032007271770298155,0.031759846444317466
101932,2025-11,0,0.7,0.1420292200316417,0.21372134579528573,0.22881363967217064
100062,2025-10,0,0.2,0.007815500467755547,0.007933145327676,0.013822164647133223
101317,2025-12,0,0.9,0.08128593203319415,0.08025152902683892,0.07662913633255619
100762,2025-12,0,0.9,0.06270053435172089,0.05949177672702233,0.07402083424872251
100528,2025-10,0,0.4,0.01942685797371527,0.013836255217487164,0.022158655130371522
101636,2025-12,0,0.9,0.22392306747701995,0.1742321763384247,0.16855742492347453
101879,2025-11,0,0.3,0.01756546951981086,0.02720794838815709,0.037124356781521234
100762,2025-11,0,0.9,0.07891169497913791,0.0783281472138875,0.10528692410263829
100988,2025-10,1,0.3,0.01760945680491234,0.01927266726232977,0.026946103591024288
101672,2025-11,0,1.0,0.25830730823493936,0.2675880725263993,0.23675680337642335
101885,2025-12,0,0.8,0.17813083651005623,0.14887195281814278,0.12683082416051075
101999,2025-12,0,0.7,0.03594390211969647,0.04212777696554641,0.06201548137428788
101388,2025-11,0,0.1,0.013875503546193284,0.019785150745697894,0.024413812447973485
100705,2025-12,0,0.5,0.08431636203588731,0.09826336093177081,0.07129035525638608
101177,2025-10,0,0.4,0.04677601004555825,0.049040242189185415,0.04003829261407465
100160,2025-12,0,0.2,0.06565546710345678,0.04256079036356134,0.023501474093025485
101125,2025-12,0,0.7,0.16259144335458378,0.15865303071266937,0.17894911555424822
100404,2025-11,0,0.2,0.017881082887584745,0.013608499431752704,0.018007982015696502
101348,2025-10,0,0.6,0.03273048400461521,0.03248608194296993,0.03786339022352598
100181,2025-12,0,0.1,0.0047752858158190276,0.005519889664163313,0.014584208218114396
101561,2025-12,0,0.7,0.1268879512380172,0.15493579897858625,0.18798944810426907
100925,2025-11,1,1.0,0.19272289025396935,0.17403963173048395,0.12943291867155168
101761,2025-10,0,1.0,0.1464166221522935,0.10936041193172971,0.11534134385515057
100404,2025-10,0,0.2,0.014179877321220271,0.018213056330630577,0.019704542357204216
100928,2025-11,0,0.7,0.17834222239403374,0.12381278533290127,0.1437496770364892
101723,2025-12,0,0.8,0.16431805071972916,0.1792349815798119,0.23345038655266565
101613,2025-10,0,1.0,0.16184549170580345,0.2192726846378087,0.24894531967727632
101818,2025-12,0,0.2,0.035437621295848105,0.06451267242328765,0.0357618117313379
100942,2025-11,0,0.7,0.035142445117027306,0.03743967815915691,0.036739688854322
101509,2025-12,0,0.8,0.23221854325770885,0.2501584011927456,0.21347211963713741
100866,2025-11,0,0.4,0.04284886149607043,0.04255328467964469,0.037417257812007
102072,2025-12,0,0.3,0.03102761167245222,0.034785437086190606,0.045092134777156075
101110,2025-12,0,0.5,0.039453870880810434,0.0667146454761526,0.06617855331315758
100125,2025-12,0,0.3,0.011330551842436629,0.008204636183853899,0.018437940956867068
100747,2025-11,0,0.7,0.043992813543515946,0.05921899563833366,0.05836859394833832
100930,2025-10,0,0.5,0.025775846812811164,0.028812432660220783,0.0389823735696716
101402,2025-11,0,0.2,0.0424521263183507,0.033333177882178835,0.02028468519062832
100860,2025-10,0,0.4,0.0944403864479086,0.066975770945451,0.046794674940989586
100808,2025-12,0,0.3,0.010809005311807347,0.011378466852814049,0.018684135944009247
100701,2025-12,1,0.5,0.06040895017786474,0.07106056731038396,0.09025775627544282
100852,2025-10,0,0.8,0.14838982486092742,0.1858056495199001,0.18791551127678535
100217,2025-10,0,0.1,0.030911957543945687,0.023474982540018712,0.01878007734788486
101067,2025-12,0,1.0,0.186294324449974,0.12037156816768496,0.14587553295256955
101138,2025-11,0,0.3,0.06621651361856215,0.07347373274854088,0.06412377395912246
101216,2025-10,1,0.7,0.17885826562211862,0.14383550985604496,0.1697685294013613
102074,2025-12,0,0.5,0.061523481416203625,0.09073927548565117,0.06802901217458193
100603,2025-10,0,0.8,0.03916973186582695,0.023497405452319983,0.03774952251075112
101399,2025-11,0,0.2,0.006640166192645018,0.005053389281201068,0.010661958417328293
101544,2025-11,0,0.7,0.18394220014815868,0.11646239949892913,0.14041765379664173
100365,2025-11,0,0.8,0.15845511898468193,0.11240910821744135,0.1103664552693102
101316,2025-10,0,0.4,0.012863136192915011,0.009194337126534722,0.010682909644362467
101093,2025-10,0,0.3,0.033679992740417324,0.04023858528028681,0.0428178005806617
100744,2025-11,0,1.0,0.15089353241733575,0.13070912089617343,0.13687216910047542
101505,2025-10,0,1.0,0.24215234509050035,0.28260188594020885,0.22725909103656486
100234,2025-12,0,0.7,0.08786651770931665,0.11651708998021652,0.11851444368393682
100386,2025-12,0,0.7,0.05690349574697874,0.049130769227310536,0.0525452028996257
101885,2025-10,0,0.8,0.11106845321931358,0.08715229956213964,0.0753167717187356
100855,2025-10,0,0.7,0.13411237213804908,0.10144161822946492,0.11388419709177279
100885,2025-12,0,0.2,0.015207675666305749,0.013340930532633593,0.013716187592343103
100314,2025-11,0,0.9,0.08185845003858674,0.08701105105058254,0.10908182032454544
100085,2025-12,0,0.1,0.013095756539897474,0.01324952621581751,0.024833917304552658
100272,2025-12,0,0.5,0.1302472756651822,0.15776592026971928,0.15425300406830605
100309,2025-11,0,0.4,0.013744952245786018,0.015582647445370816,0.021230299859877344
100182,2025-10,0,0.3,0.020568941600057022,0.016369240248108433,0.02122730169919331
100127,2025-10,0,0.4,0.0639842994242973,0.0725834858189215,0.06789858421314426
101458,2025-10,0,0.3,0.026889692202802358,0.025620507692649865,0.02708709745446718
101902,2025-11,0,0.7,0.06268834016313213,0.04591499972524026,0.05849668471435679
100449,2025-10,0,0.8,0.2271978328049328,0.18005138898307443,0.16213996167070596
101605,2025-10,0,0.8,0.07629106268490715,0.0755473441709147,0.07421463373123005
100796,2025-10,0,0.9,0.16794232077403276,0.11658484409075079,0.13144598392755633
100866,2025-10,0,0.4,0.030957589497429407,0.027815643836862792,0.03367090970756267
100501,2025-10,0,0.7,0.05919654135992327,0.07686975536831943,0.06091071350198443
101050,2025-12,0,0.7,0.03014203580835845,0.028426955121239866,0.03457211258143669
100041,2025-10,0,1.0,0.09329960899120607,0.08775253603928994,0.09423435302469797
101576,2025-11,0,0.8,0.07163450302570269,0.08353947079431394,0.07395708991252044
100473,2025-11,0,0.4,0.062353318597800717,0.08840432798961266,0.060775292657584815
100285,2025-11,0,0.6,0.06831669092770712,0.08503950575479183,0.05485983289438392
102079,2025-11,0,1.0,0.18880480570006483,0.1900267441970695,0.16777955078094947
101757,2025-10,0,0.5,0.032980617185871024,0.03801032682807373,0.034757283600107235
100464,2025-11,0,0.1,0.010030541296617655,0.011029179357349254,0.020379661529171762
101644,2025-11,0,0.3,0.031108575791986812,0.026035075030787835,0.029257560629588265
101391,2025-10,0,0.9,0.1498432018340964,0.10268051683939748,0.09535425354901132
101707,2025-11,0,0.5,0.03355765092129619,0.025452240046887807,0.029652968106892875
101139,2025-12,0,0.8,0.2099708913956963,0.20057418750359118,0.19728121068790538
101480,2025-12,0,0.6,0.01909299498084196,0.023326607865243997,0.019912127525623793
101826,2025-11,0,0.8,0.09735131820270669,0.07639086013501199,0.07845986887371138
101679,2025-10,0,0.6,0.06976363501717979,0.061770914598731935,0.056417640164364076
100804,2025-11,0,0.6,0.06855591329930502,0.07991005916500046,0.06381325758785053
100186,2025-12,0,0.5,0.08111031255042878,0.09537381373580135,0.0861429427095442
100004,2025-10,0,0.6,0.0718859449436222,0.06339857693790128,0.06639101787367707
102075,2025-10,0,0.9,0.13648525753443894,0.15420872913239153,0.14337076259911605
101324,2025-11,0,0.3,0.030063884467202356,0.039058877320759154,0.03905163036933061
100225,2025-10,0,0.9,0.17833893215211377,0.15350280113118023,0.15509162199977294
100504,2025-11,0,0.4,0.0101038298585041,0.009091995984411063,0.01291784104451194
100735,2025-11,0,0.6,0.06141981705695748,0.06036286904380775,0.053657907527903406
101890,2025-10,0,1.0,0.30272668860356877,0.3095603314778508,0.2652748360704174
100578,2025-11,0,0.9,0.06170109089568346,0.07482085684417196,0.08431637145785285
101105,2025-11,1,0.5,0.08447094996887444,0.08069384292528743,0.09568319498222175
101007,2025-10,0,0.1,0.014545027589016919,0.013160407792971037,0.018244255503679085
100182,2025-11,0,0.3,0.05411803740137297,0.04385216374195863,0.047677895462060284
101972,2025-12,0,0.3,0.07203818564692728,0.08047308178374907,0.05868478258623654
100023,2025-10,0,0.5,0.04596795142104894,0.03660846518919339,0.05214860114757028
101621,2025-10,0,0.2,0.012741220217487232,0.00888828637697679,0.014836498421806517
100386,2025-10,0,0.7,0.0968803946154094,0.10859267698264705,0.15921698884448662
100940,2025-10,0,0.2,0.010626898874311246,0.019368818444964735,0.017066378719336375
100370,2025-10,0,0.2,0.021399468206398722,0.020183843206639403,0.016693449578758547
101616,2025-11,0,0.4,0.02711815203400192,0.026374751412569366,0.039147150678141035
101515,2025-12,0,0.1,0.04786756375075958,0.036519346404509156,0.0219052894712209
100677,2025-11,0,0.3,0.035707516328995374,0.036321323734762705,0.04229221475575831
101533,2025-12,0,0.7,0.09660311804771311,0.10603521918941378,0.10314596647389492
101406,2025-11,0,1.0,0.28449198100489037,0.2332191315490485,0.17423646877612972
101624,2025-11,0,0.9,0.14895806720322555,0.11680520970072628,0.13549461049672118
101903,2025-11,0,0.9,0.11160884085008457,0.14644154270063303,0.1400124911445546
100758,2025-11,0,1.0,0.1099165350614376,0.09865056950817745,0.10007161264582808
101622,2025-10,0,0.4,0.05326667369702112,0.09803555388864789,0.06346753275956729
100513,2025-12,0,0.1,0.025820556480297182,0.019206621579053822,0.019738486062138967
100561,2025-11,0,0.3,0.014770028632618866,0.009883192653360805,0.018554940502205013
100653,2025-12,0,0.9,0.14780862959374913,0.15936235271577448,0.14528537449605294
101599,2025-11,0,0.7,0.034120952583163076,0.028022000780648676,0.04473584653186905
101579,2025-12,0,0.7,0.13262163582939648,0.1649442672533972,0.20421185610235942
100034,2025-12,0,0.9,0.2901418992121624,0.38688002261569454,0.40802243485714734
101572,2025-11,1,0.8,0.1990988996615654,0.1885372751496441,0.21213218825613084
101142,2025-11,0,0.4,0.02084736787739503,0.021514482594065767,0.025447548317297574
100892,2025-12,0,1.0,0.06361744459249517,0.07985651165554417,0.07928262904037665
100906,2025-12,0,0.4,0.0758569444366185,0.08015022850937828,0.07462972111293799
101445,2025-11,0,0.1,0.004511898060029898,0.005034597381670496,0.011463785824126136
101722,2025-12,0,0.4,0.04613745647781562,0.03712488149505642,0.0279135501185881
100123,2025-11,0,1.0,0.12811126706507642,0.11865294790903108,0.11818715108228593
101989,2025-12,0,0.4,0.04835061440980608,0.04240589838806073,0.0503610322880733
102092,2025-10,0,0.3,0.011179802963104524,0.009356977452651422,0.01702448388476683
100708,2025-11,0,1.0,0.11416492997079056,0.10401996746386702,0.09749506341866787
100959,2025-10,0,0.9,0.07227866658653999,0.07000855692890338,0.08202732426901385
101758,2025-11,0,0.5,0.06024634903248233,0.057680545312447956,0.05720332824253889
101071,2025-11,0,1.0,0.23394287412168532,0.21974718406042856,0.15159137877491777
101553,2025-11,0,0.5,0.053448571876348085,0.05633956710969079,0.05114574471865087
100080,2025-11,0,0.5,0.06742188975526733,0.06018939847353348,0.07915934772294946
101214,2025-11,0,0.3,0.05068405834197417,0.07338650737744241,0.05580396845242298
101446,2025-11,0,0.8,0.06809728124791409,0.0716878470860294,0.05135972321018973
100977,2025-11,1,1.0,0.14542744908248403,0.12804940540564416,0.12391403796599956
101559,2025-10,0,0.3,0.016273954352708574,0.012272767767208882,0.02020895066210409
100193,2025-10,1,1.0,0.33148058351016235,0.44922986461930686,0.4053714207080451
100014,2025-10,0,0.8,0.07400937050385135,0.06338952294159639,0.06097370543831765
100264,2025-12,0,0.9,0.08296523828192695,0.0960490376281136,0.09300346506753251
101465,2025-12,0,0.6,0.03657249301315262,0.04798716684018277,0.03976619654247321
100994,2025-11,0,0.1,0.006207977808014157,0.008698713988185102,0.01792166705298928
101751,2025-10,0,0.6,0.05840250677972516,0.0576232426663255,0.056207407283601664
100323,2025-12,0,0.7,0.08833752719414861,0.09058930727584041,0.10178203534613256
101928,2025-12,0,1.0,0.25993966568695714,0.2831907347382739,0.20887816064497533
100175,2025-11,0,1.0,0.13759458697262847,0.11015285500676802,0.12024715439927082
100933,2025-12,0,0.7,0.08078639235658981,0.09510406561586734,0.1087907682138855
101752,2025-10,0,1.0,0.2792703753196296,0.21956533768774186,0.21645384198010875
101469,2025-10,0,0.6,0.08158855467478933,0.08351009480266873,0.09380960846272199
100203,2025-11,0,0.9,0.3194297708222201,0.23692339480896496,0.18456377230571425
100649,2025-12,0,0.6,0.10389665462945641,0.13036672623756881,0.09385687882962959
101857,2025-10,1,1.0,0.3936238359843771,0.40780020078837054,0.324463307138818
100140,2025-11,0,0.1,0.0040006606203747165,0.002975093370787655,0.00776596997980502
100706,2025-11,0,0.5,0.03969324833408526,0.03306033692499737,0.034323465341201585
100895,2025-11,0,0.4,0.038764723906116565,0.03304029126905865,0.04060985617491672
100268,2025-10,0,0.5,0.028347514600261935,0.05701286612657123,0.04431609665458221
100761,2025-11,0,0.6,0.12770736982561878,0.13377198201601792,0.13195591698211745
101986,2025-10,0,0.9,0.16752591331844666,0.19440026857549358,0.16690790112941206
101534,2025-10,0,0.9,0.18628165710865263,0.16075031053756936,0.127298637484044
100284,2025-10,0,0.2,0.016587218086965443,0.015674612115094275,0.025117031491646978
100972,2025-12,0,0.2,0.03388017978858104,0.03133250786448761,0.028325368955311805
100343,2025-12,1,0.4,0.059306418008089674,0.05680682422433941,0.0568487754059609
100556,2025-10,0,0.3,0.020458248702760112,0.014510644626836565,0.018242640158513533
100475,2025-12,1,0.6,0.05866096173705868,0.05409151199571953,0.046622201527122195
101354,2025-12,0,0.5,0.045704926917188984,0.0376350472125309,0.04848427001686485
101567,2025-12,0,0.2,0.013983560931953905,0.008873001746635899,0.014799919031650989
100021,2025-12,0,0.2,0.012165259175270764,0.015886566589617273,0.01671330359457083
100121,2025-12,0,0.1,0.011654293227382633,0.011632643657445962,0.017188703530591494
100003,2025-11,0,0.8,0.06517684251321776,0.07120950632105587,0.07666309974098778
101726,2025-12,1,1.0,0.31227701918949236,0.2681201179699895,0.2767139950729644
101305,2025-10,0,1.0,0.08452045465431315,0.07123968321159325,0.08196978267410246
100994,2025-12,0,0.1,0.0086398662181948,0.016849197591054018,0.02277616636484285
101969,2025-10,0,0.2,0.022813597171410408,0.01427445011063493,0.014503939281526311
101411,2025-10,0,0.8,0.04444053148068193,0.06129826650685228,0.0684275545196523
101705,2025-12,0,0.4,0.08662483011851804,0.05456355550182372,0.04097191715032375
100457,2025-12,0,0.4,0.02154245189473435,0.022804769518623747,0.03146559536013556
100707,2025-12,0,0.2,0.010282154621516295,0.009902890871006632,0.015210270386028386
101110,2025-10,0,0.5,0.09703573998619588,0.12297104612721722,0.1364216609873302
101407,2025-10,0,0.3,0.009513757283577924,0.007310006150338781,0.015044868252612274
101803,2025-10,0,0.5,0.030562895339575607,0.02652020739927766,0.03943659671274818
101808,2025-12,0,0.7,0.055155949875316544,0.05994987760436354,0.07356313493943129
101454,2025-12,0,0.6,0.027142312395194195,0.013317132020881754,0.024930997000648582
102094,2025-12,0,1.0,0.09489722450008282,0.08053872245836853,0.0777404720203377
101321,2025-12,0,0.5,0.057251405431055266,0.04978317751692224,0.05737036243650587
100327,2025-11,0,0.6,0.042883543184767746,0.049429469879678015,0.049843519587065004
101126,2025-11,0,0.3,0.03564917165552218,0.034378862806323664,0.039925475074283366
100158,2025-12,0,0.2,0.02442733673736227,0.019687364265132644,0.01805101934609889
100380,2025-10,0,0.8,0.06411337883746474,0.08835676322985576,0.08083912974319933
101728,2025-12,0,0.1,0.008455864638536835,0.007714069310250956,0.013399081876888928
100201,2025-12,0,0.1,0.03802893080399894,0.032405100357981144,0.03756168380344559
100237,2025-12,0,0.4,0.04131262437168657,0.03232682814623326,0.03210736097347191
100530,2025-10,0,1.0,0.29683236431946286,0.24140653721525399,0.2419337606651149
101255,2025-11,0,0.4,0.10460417302475132,0.09254125156969957,0.0694896626912064
101578,2025-10,0,1.0,0.2175530905376733,0.17172827096376003,0.1247194524401387
100545,2025-11,0,0.2,0.012895868392366167,0.012160389981427124,0.017242276555534324
101326,2025-12,0,0.2,0.009381025438409678,0.009122343196433695,0.016363505235422293
101709,2025-11,0,1.0,0.06592945856978766,0.04927423346948592,0.05579050582524909
101059,2025-10,0,0.6,0.043835671837729566,0.0404465280837746,0.04428709555811725
100962,2025-11,0,0.2,0.012213080344764522,0.022525656156174547,0.02424722227811705
100834,2025-12,0,0.1,0.004341393124838863,0.00362135275563959,0.010110647267701
100541,2025-11,0,0.7,0.10819996386811667,0.08382310174996892,0.12632551918193347
101376,2025-11,0,0.1,0.016962615322149256,0.011668734575750184,0.016895997091331088
101652,2025-12,0,0.3,0.024756671054705658,0.02620117689256975,0.03359828604855139
100867,2025-12,0,0.7,0.2127623602549845,0.1343984436625839,0.1459002165114817
100381,2025-11,0,0.7,0.045445305556535434,0.036570429137240804,0.04571856109625463
100853,2025-11,0,0.6,0.06942244351475828,0.06261813250160798,0.06951364213941504
101671,2025-12,0,0.7,0.08975853880837892,0.09071489912257583,0.10036528525070058
101639,2025-11,0,1.0,0.09168177408864396,0.09871240705282404,0.0842848757210523
100963,2025-12,0,0.5,0.017469149257123315,0.020125106056016695,0.032496119446492194
101687,2025-10,0,0.4,0.019627559148054488,0.012855961809489874,0.018626507486755005
100631,2025-11,0,0.7,0.040357963760803583,0.036461419375899945,0.045963672211736174
101922,2025-11,0,1.0,0.12690444818706875,0.09846649635921444,0.11656977562687924
101276,2025-10,0,1.0,0.22811054901199013,0.2345653704487162,0.15361150713008503
100252,2025-12,0,0.7,0.05465086813969858,0.053792848742855025,0.05979031445853212
101319,2025-10,0,1.0,0.34796878456024927,0.3652362787004271,0.284915152326638
100526,2025-10,1,0.9,0.21443389685102235,0.22349651068043935,0.2157745592162305
100295,2025-11,0,0.5,0.1276136525113221,0.12455692180312196,0.10871717318402777
101207,2025-12,0,0.8,0.03991214119668401,0.058783238491151885,0.05481149455152124
101079,2025-10,0,0.2,0.026220989604162456,0.039216530486071884,0.03265936918500695
101736,2025-11,0,0.7,0.03571549973961657,0.06174331140572402,0.0613386740803008
100189,2025-10,0,0.8,0.08148148735926536,0.10674361572365053,0.10518646568948217
100447,2025-11,0,0.5,0.07979182823053176,0.08982833929388517,0.1021854122681425
100790,2025-12,0,0.7,0.16021091138512406,0.07988610070135567,0.13473402983974822
100902,2025-11,0,0.8,0.11743257884495552,0.07807872343587599,0.09200316143016121
100047,2025-10,0,0.2,0.03653336427442676,0.037165296413868724,0.03186545691010117
102035,2025-11,0,0.5,0.018748478698994674,0.017425803441816493,0.028666707797868566
100392,2025-12,0,0.2,0.059602334909528355,0.07515566182895152,0.05339471857671571
101916,2025-10,0,1.0,0.1540847204197764,0.11319416185058512,0.14048343458155357
100340,2025-10,0,1.0,0.09429467413443873,0.06430613043557683,0.06356058479218415
102051,2025-12,0,1.0,0.07364401344622554,0.07779357612376044,0.08078956577982789
101106,2025-11,0,0.5,0.05799293887166274,0.05782701621856016,0.07791361335975451
101351,2025-11,0,0.2,0.03202001999285762,0.037792583962615006,0.03040173449178351
100264,2025-11,0,0.9,0.11694874555481995,0.18143441111678574,0.13822365335539585
100862,2025-10,0,0.3,0.01867435424521995,0.012535277929686162,0.022851622279450746
102083,2025-12,0,0.1,0.014024720772745532,0.020553603023554273,0.027696020808744316
101166,2025-12,0,0.2,0.003741975248601025,0.003461854970597153,0.009345038745249425
101695,2025-11,0,0.3,0.01876049881857239,0.01752708235786493,0.027781259437318354
101129,2025-11,0,0.4,0.059456645581264685,0.05467960056996968,0.048759602922393744
101614,2025-11,0,0.3,0.020488047669919265,0.023843953371013527,0.028317276069394104
101361,2025-10,0,0.1,0.005011896502016642,0.004942536549499361,0.010404169140205782
101734,2025-12,0,0.7,0.08069416456985315,0.07592810233499865,0.09414840836643898
100608,2025-12,0,1.0,0.2116364564765877,0.22926955883131578,0.2090776103903769
101116,2025-11,0,0.6,0.086096256060791,0.06099285968438981,0.07653833881380236
101010,2025-10,0,0.1,0.038983944186195094,0.02822919717772537,0.02293681623009645
100195,2025-11,0,0.5,0.032495714975748484,0.03434841537151488,0.04364608051441548
100180,2025-11,0,0.6,0.10912793234837954,0.13027287051743705,0.12582229733328512
101134,2025-11,0,0.1,0.01621557593360543,0.013911674658251424,0.015884797578498776
101429,2025-12,0,0.4,0.03664121453582932,0.03835600592937791,0.03658795618556701
101702,2025-11,0,0.9,0.18700429471905666,0.12942244412229748,0.1491520199425709
101935,2025-10,0,0.8,0.06982876438401413,0.051599302452390146,0.04522102752224406
101505,2025-11,0,1.0,0.24534202477890255,0.3410444225493108,0.276080515596612
100833,2025-10,0,0.9,0.1495447062836245,0.12174541902631646,0.1192436028166466
100144,2025-10,0,0.7,0.06859019662126166,0.06184624446615626,0.08728372692453591
100930,2025-12,0,0.5,0.07624070877274924,0.07448723451605836,0.08743405668590307
100284,2025-12,0,0.2,0.021327150088677218,0.018140768281485874,0.02669550797571095
101755,2025-10,0,0.4,0.034988327103378354,0.032827046352311144,0.03668489562405005
100665,2025-11,0,1.0,0.14022693467190328,0.14428003970117118,0.14354665060408014
101926,2025-11,0,0.2,0.02590827864870448,0.027967406421202406,0.02558590030305596
100166,2025-10,0,1.0,0.1411100960500666,0.10542983575857544,0.12169558921322736
101344,2025-10,0,0.1,0.007517526768985622,0.005040103426859385,0.009161435484288546
101475,2025-10,1,0.2,0.013551017185469999,0.013352589813402422,0.014114191562642892
100674,2025-12,0,0.2,0.00901182041446941,0.007822088575507114,0.010066057179720573
101968,2025-12,0,0.1,0.03884360841346688,0.050680467393860694,0.05030513853069392
100968,2025-11,0,1.0,0.2312851748027648,0.2682493113788573,0.2116700104131513
100581,2025-11,0,0.8,0.17240256526405817,0.16401669644212355,0.18064368811898715
100123,2025-12,0,1.0,0.4097412396307549,0.37306172024509254,0.30050328854536174
100839,2025-11,1,0.5,0.06244079245477795,0.0750894943636429,0.09505043935397971
100059,2025-12,0,0.2,0.027681059608406552,0.031164856986301507,0.02833665968552255
100722,2025-10,0,0.5,0.08596095394943473,0.07985742586836518,0.08827830582157419
100466,2025-11,0,0.6,0.15358599779038581,0.1711041343066408,0.1397240165018236
102019,2025-12,0,1.0,0.14506605576451612,0.10774309004003339,0.0977583122565708
100138,2025-12,0,0.5,0.027680935942788375,0.0433592706064286,0.04947259992648389
101029,2025-10,0,0.8,0.08677196574508769,0.13135022177571457,0.10083214442021424
101633,2025-10,0,0.2,0.025047959372568273,0.025909518017293843,0.02899980153170819
101749,2025-11,0,0.7,0.0964515128371805,0.0849043621353132,0.08322649518528485
100137,2025-11,0,0.2,0.03367531023058567,0.02187232049088154,0.01701894840308412
100264,2025-10,0,0.9,0.11583422107600622,0.14603375901164986,0.1374169546594121
101903,2025-10,0,0.9,0.09451830574105782,0.10200844673552759,0.09163314093285264
101629,2025-12,0,0.9,0.28964709317928267,0.27261475492292897,0.21459984508012955
100196,2025-10,0,0.6,0.028472276734764806,0.02327061897770757,0.02906112292384252
102015,2025-11,0,0.6,0.06526233209151938,0.07324835367665439,0.04938657509520936
101996,2025-12,0,0.7,0.05533955376732952,0.058085504717408185,0.07323959456378724
100579,2025-12,0,1.0,0.06680126950179648,0.0587875754510638,0.0684580240392511
101711,2025-11,0,0.5,0.02395699668571708,0.01912551002180225,0.03156559944736826
100161,2025-12,1,1.0,0.3155725982983631,0.37951332233272406,0.37629538689763203
100504,2025-12,0,0.4,0.03168749765299505,0.030809592295990774,0.028781532371780022
101238,2025-12,0,0.3,0.032614603436094736,0.02831519747911682,0.03127998757049796
101154,2025-12,1,1.0,0.20107659436854514,0.21413265288121291,0.18013760288446756
101416,2025-12,0,0.5,0.023174625452604854,0.020726557715067852,0.03687276265908953
101136,2025-11,0,0.4,0.056367881522813724,0.047250618054279554,0.044794719293734145
100409,2025-10,0,0.6,0.050941362170775446,0.042427116143361476,0.04778505938942517
101172,2025-11,0,0.3,0.023982900295523468,0.026492002467536305,0.032023527499388846
100946,2025-11,0,0.7,0.18341476508536425,0.15747180455969711,0.1448127842794502
100816,2025-11,1,0.1,0.02312751420446922,0.02022645421000387,0.019612327313121566
101800,2025-12,0,0.6,0.051815801617277474,0.06427291296717842,0.05024395972556866
101588,2025-12,0,0.2,0.01642414677702459,0.018581075418877185,0.019614794405360618
100352,2025-12,0,0.2,0.025871266969661095,0.021124416976853532,0.02049392204945479
100725,2025-12,0,0.1,0.006141053280722515,0.005036983201158514,0.010080224683859515
101486,2025-10,0,0.5,0.027367091432251363,0.025572051506131895,0.03199665825727147
100364,2025-11,0,0.7,0.029006481092538335,0.0402957628210156,0.04484658405333446
100760,2025-12,0,0.3,0.019826484837912314,0.02047427394590751,0.022402089193221154
102033,2025-12,0,0.5,0.03908814061459706,0.024856874949451806,0.028680284517241028
100727,2025-11,0,0.9,0.19042428743952655,0.21621259694628678,0.22709883612595747
100916,2025-10,0,0.1,0.016866131794942164,0.014959860060747095,0.01542972193789325
100301,2025-10,0,0.4,0.0893533272291291,0.07599538127975115,0.06798886113966335
100301,2025-12,0,0.4,0.032608696098213576,0.030964858864771686,0.038601105313504046
101506,2025-12,0,0.8,0.0717859462515509,0.07262472326542944,0.07677654867661446
101967,2025-12,0,0.2,0.035689038931306295,0.02830802086847455,0.023538174328920587
100004,2025-11,0,0.6,0.0714179758407029,0.05669364592600508,0.06111509825822495
101389,2025-12,0,0.3,0.04830913396849385,0.041799173688096665,0.04751966613961776
102036,2025-10,0,0.4,0.0610302379497759,0.09596560433253783,0.07761962040856174
101540,2025-11,0,0.3,0.009151852056954192,0.010389441228369552,0.019220766367370183
101108,2025-10,0,0.4,0.07489269299659869,0.057500320419199315,0.052390049415771536
100282,2025-11,0,0.2,0.026087909134367537,0.01864138080760208,0.01827571433113108
100829,2025-10,0,1.0,0.156381933193727,0.2537912144586458,0.23180146541774788
100591,2025-10,0,0.9,0.13024268202510686,0.11368071271475869,0.10647317282069194
101940,2025-10,0,0.7,0.02244101229245625,0.027508109100045704,0.04424395799466125
100459,2025-10,0,0.8,0.07645153969082243,0.10583498980874885,0.10076831278453793
102044,2025-11,0,1.0,0.043855535393716394,0.04619993090009798,0.05200764440028598
101574,2025-12,0,0.1,0.012328101772980722,0.01638641532274285,0.021823474986263525
101436,2025-11,0,0.9,0.16777853622272185,0.16159367302431912,0.16847370385656835
101421,2025-10,0,0.9,0.15809859747736776,0.13125823266785352,0.1439285116028925
100359,2025-11,0,0.3,0.02123524053610297,0.01447083813425861,0.020310293810935826
101023,2025-10,0,0.6,0.026137995353436683,0.02753121231120226,0.03201742101944567
100074,2025-12,0,0.8,0.06302612007986529,0.0631935217803219,0.06543160865585049
101781,2025-11,0,0.1,0.028343059203381402,0.031066051015147065,0.03648230064690589
100525,2025-11,0,0.3,0.03502748218530915,0.03496632226307728,0.032255121612703934
101159,2025-12,0,0.2,0.03547532530011695,0.02565059331196695,0.017551524622273287
101909,2025-12,0,1.0,0.2598829124932624,0.24418833412785323,0.23314397961444364
101266,2025-10,0,0.9,0.14721882549114051,0.17609446948185356,0.1541615380957344
102061,2025-12,1,0.3,0.04228644837014689,0.04626110437823204,0.03948478558624123
100200,2025-12,0,0.3,0.023332932952724837,0.024545989427779618,0.030528099155130304
100929,2025-10,0,0.9,0.0996628456774122,0.12731442158768158,0.12470410968707549
101428,2025-12,0,0.8,0.09667046699065539,0.08544706028804719,0.10476777727590193
101874,2025-12,0,0.5,0.0155924542867656,0.012314366871940676,0.025873940091496978
101200,2025-11,0,0.3,0.05258152721638361,0.07547460158855782,0.05382992519997174
101017,2025-10,0,0.1,0.012108513956003627,0.011852817614301677,0.01603937686193362
101350,2025-10,0,1.0,0.04216653439571945,0.03649286997095705,0.038189512205982754
100500,2025-11,0,0.4,0.026274353894397636,0.0385189231396015,0.034351809317012594
101395,2025-10,0,0.9,0.2979179418264598,0.3330778636103988,0.2531343313455394
101621,2025-12,0,0.2,0.017007380202689177,0.015577217287830776,0.017173061470680408
101058,2025-12,0,0.7,0.02796815971558548,0.018997016910097628,0.03349886608904893
100471,2025-12,0,0.7,0.11307290986085923,0.13150057872250526,0.1093201431931741
101573,2025-10,0,0.9,0.10039542823473015,0.07739691168372165,0.09715306069493422
101430,2025-12,0,0.6,0.12044547661309145,0.11019932882932758,0.11233539456025295
101240,2025-12,0,0.8,0.07016242360772146,0.09929837193346615,0.08626832362174154
100306,2025-11,1,0.4,0.07374723074813982,0.048170395345877616,0.04238133412734728
101075,2025-10,0,0.7,0.12784627689133887,0.1059764647756545,0.08987407693010735
101318,2025-11,0,0.5,0.05737484745811171,0.05926399747747835,0.056047636756610016
100051,2025-12,0,0.2,0.021252634247166193,0.012389228761745176,0.015993980919005082
100083,2025-11,0,0.9,0.09776106979657939,0.11638025213402767,0.10028871281516279
100864,2025-12,0,0.3,0.010867315412804146,0.008815117200956126,0.01714243816673473
100841,2025-10,0,0.5,0.05712496393720299,0.052510483370230246,0.057883239082305714
102045,2025-12,1,0.9,0.23452852300809549,0.24586281686595207,0.1996452176376596
101893,2025-11,0,0.5,0.02225586767670869,0.019501000423523582,0.024609511684414432
100394,2025-11,0,0.2,0.02780915815134466,0.03077512369855037,0.027304038939007694
100265,2025-10,0,0.4,0.01894150338704993,0.01672685045130776,0.024801039835423092
100833,2025-12,0,0.9,0.15668977741125825,0.10030842052506736,0.0999540423166546
101484,2025-10,0,0.6,0.13672486428305045,0.10829699474611833,0.10453057562307368
100580,2025-12,0,0.6,0.02030522206625999,0.023381454857124378,0.029627539658784716
102007,2025-10,0,0.6,0.11286612727741155,0.11201119565375633,0.09535847852191351
100917,2025-12,0,0.6,0.04724902454245718,0.04821827307236557,0.055090276439593557
101740,2025-11,0,0.1,0.026865750498294892,0.02979684883251478,0.03398781143818941
100165,2025-11,0,0.1,0.007704574774397225,0.006414979162699793,0.013399081876888928
101319,2025-12,0,1.0,0.14239393470144573,0.14311975108156091,0.13336204640799332
101820,2025-11,0,0.8,0.09087582586678053,0.062123416101795864,0.06858300694881485
101101,2025-12,0,0.8,0.10930341279732464,0.07595351451975564,0.08960854935429666
100676,2025-12,0,0.8,0.10615450235842624,0.10739643226941244,0.11334178922862091
100693,2025-12,0,0.8,0.06489165819378039,0.07005235497837084,0.07992406602464572
101774,2025-10,1,0.9,0.11670678209152237,0.09619703239586908,0.10016810866542292
100462,2025-10,0,0.7,0.07001413818776787,0.08471817190443226,0.07992385404141282
102030,2025-11,0,0.3,0.04519380066346087,0.060015123133994146,0.05734766684850273
101841,2025-12,0,0.7,0.06955744110595789,0.06639000532541878,0.06519197449466378
102082,2025-11,1,0.6,0.08179557905634385,0.09270015003227279,0.07561413336636734
100075,2025-11,0,0.2,0.021287937172837848,0.016610140332652613,0.013284226314506032
101014,2025-11,0,0.4,0.038127634322311824,0.04979213532981732,0.047270585723933035
100744,2025-12,0,1.0,0.15160967266358108,0.16890460242652278,0.14009300694464755
101122,2025-10,1,0.7,0.12095107916597533,0.10418216520104594,0.0952059756004666
100202,2025-11,0,0.2,0.02925367082045707,0.02420154829909934,0.01805918057585092
100913,2025-10,0,0.9,0.19172921290004633,0.16456346084886372,0.13713225582425856
100797,2025-11,0,0.5,0.043806749592289536,0.03248966797579716,0.047883204261720685
100927,2025-11,0,0.5,0.039504071185188616,0.0799714208624893,0.0734404145360667
101727,2025-11,1,1.0,0.2446896380397152,0.2349450283631887,0.21678132766051839
101716,2025-10,0,0.3,0.03447917374889031,0.03585161585170939,0.03643584198483574
101572,2025-10,0,0.8,0.05567565725901367,0.03695156938658696,0.04665226771744118
100971,2025-11,1,0.9,0.13292229483489573,0.09316254984646657,0.08451891451848804
100678,2025-10,0,1.0,0.1613371256083264,0.10644481063559097,0.10378219465021911
100312,2025-10,0,0.1,0.01114818122008369,0.012091464184934581,0.0165838828505636
102063,2025-12,0,1.0,0.08534605956294591,0.08843128011844706,0.08440765951822195
101760,2025-11,0,0.2,0.03041771786056315,0.027240419535726493,0.026848262050267507
100487,2025-12,0,1.0,0.14286733693375067,0.19679671723864203,0.1584535002572839
100342,2025-12,0,0.7,0.07437440638282561,0.07620330232670813,0.08669355972452329
101228,2025-10,1,1.0,0.33669769712548886,0.3588807921389669,0.33496316116090696
100009,2025-10,0,0.8,0.07416543336389968,0.09993253862472289,0.08779964942404528
101168,2025-12,0,0.6,0.12260493110818958,0.120911000906316,0.10951524176990735
101688,2025-10,0,0.3,0.050529227339588784,0.03345638980051569,0.027366498794430132
101601,2025-12,0,1.0,0.16895494765897598,0.13050633640669332,0.09414158288414656
101175,2025-12,1,0.9,0.1963208051970818,0.210674142565271,0.16147766366371005
101839,2025-10,1,1.0,0.4291543253330749,0.37012246628799084,0.24806924840135294
100731,2025-12,0,0.5,0.06823740316853473,0.09658677547582643,0.10531896654228405
100105,2025-12,0,0.5,0.07159565035533108,0.049198572663660865,0.06192257326281314
101065,2025-12,0,0.1,0.03076296731219142,0.024161094156301806,0.019020521358819077
100437,2025-11,0,0.5,0.04644865797892221,0.05037002568759567,0.0503553661280891
101186,2025-11,0,0.6,0.043505210331620116,0.05078939863930112,0.04431963864037626
100534,2025-11,0,0.4,0.007814823422330577,0.011993216477036736,0.01797230186542703
101329,2025-11,0,0.2,0.032147683178952155,0.033280934411840116,0.031353452495841865
101666,2025-11,0,0.6,0.05524228586042912,0.044361849158449394,0.04394925100325918
100650,2025-10,0,1.0,0.15241105648513892,0.11983076267007904,0.14048343458155357
100055,2025-12,0,0.5,0.051396123864398645,0.05778716684968172,0.06452514099887222
100429,2025-10,0,0.9,0.08248275173201347,0.049489027235460135,0.08013707070829983
101118,2025-12,0,0.1,0.013054926930567664,0.00892597079051252,0.011719193503347276
100830,2025-10,0,0.7,0.028612799289084806,0.03825428683683085,0.04447315759248979
100775,2025-10,0,1.0,0.22710279623423957,0.1788806843580341,0.1705890283933498
101210,2025-12,0,0.2,0.012067017836678916,0.01545224298812351,0.014995570770218764
101451,2025-11,0,0.2,0.023199397243681863,0.020417610914840165,0.020359282740744965
101573,2025-12,0,0.9,0.2009205045376839,0.18868122863594666,0.18116534415398838
101951,2025-11,0,0.9,0.2525722872317112,0.24500997281200435,0.19135850820566544
101351,2025-10,0,0.2,0.020486015090109607,0.02257804141043058,0.021063466179029013
101769,2025-11,0,0.9,0.1401508704451242,0.09384251819479152,0.12306097404232967
101464,2025-12,1,0.9,0.17518347565075548,0.1935112439505148,0.22123863719253056
101712,2025-10,0,0.8,0.09801597271924715,0.10414363203120748,0.1122044446064759
100345,2025-12,0,0.9,0.048892606058008735,0.03593498065141901,0.060734445285393124
101682,2025-10,0,0.1,0.0075318760027149635,0.009928030247623454,0.01815120643031252
100304,2025-12,0,0.7,0.14548435158882722,0.12293269540699564,0.12146074172940381
101401,2025-10,0,0.4,0.04542038478575107,0.03563440423516002,0.031046349233783462
102065,2025-11,0,0.3,0.035186358685555155,0.03573264535140939,0.040827773938693336
102070,2025-11,0,0.3,0.028652695485148677,0.022335030071649834,0.026440263402319555
100438,2025-12,0,0.3,0.023067216268891497,0.021689953602475637,0.030528099155130304
100929,2025-12,1,0.9,0.14484385919587608,0.17972472710030496,0.2005881237871896
100780,2025-10,0,0.6,0.08484081362265393,0.09775313060553836,0.09336024798355538
100700,2025-12,0,0.7,0.09984325302262034,0.08162369265528431,0.08560043715836567
100539,2025-12,0,0.7,0.12714798443172445,0.13112885300917962,0.11772424325021716
100298,2025-10,0,1.0,0.35983214276713815,0.41528246592637796,0.29624641530267476
101414,2025-10,0,1.0,0.09418245256948321,0.10283920083873921,0.09504358943927158
101421,2025-12,0,0.9,0.1428571814641901,0.14078000568201235,0.14783360833882664
100224,2025-10,0,0.9,0.0850016964030519,0.10107733466167194,0.10230132351241546
100376,2025-12,0,0.9,0.06161103912530912,0.036029169182893145,0.05786967327839464
101438,2025-11,0,0.5,0.03533716166643698,0.030754496014632923,0.04066423184546385
100788,2025-10,0,0.8,0.1828568083258981,0.1656754605730213,0.18566877800826562
101538,2025-12,0,0.2,0.01236252566437039,0.00741774486637586,0.014292062776402728
100383,2025-10,0,1.0,0.046173703370708336,0.06403618214236657,0.05485078991688726
101587,2025-10,0,0.1,0.004119467176598068,0.005227807165988857,0.01121332794318473
101959,2025-12,0,0.4,0.02618450870639252,0.018637995697856645,0.01818825357775106
101135,2025-11,0,0.8,0.119922346502816,0.07257311119442197,0.08850233275082744
100781,2025-11,0,0.3,0.03970305241983029,0.02965906826341646,0.02786067780506705
101686,2025-10,0,0.2,0.03110635083686092,0.030176007156223147,0.033841936985894494
100076,2025-10,0,0.5,0.02977442486279964,0.03561685508614563,0.03893289690741886
101829,2025-12,0,0.9,0.23723526727297026,0.21135079703646076,0.19042287364338212
100323,2025-10,0,0.7,0.021387164317044238,0.02339413624398666,0.029735060353629383
100782,2025-12,0,0.5,0.03037299835264072,0.03513841056005035,0.042291301325569
100939,2025-11,0,0.4,0.0841525292410895,0.08001618629769879,0.06887408984306727
101869,2025-12,0,0.9,0.08352145343049212,0.05874674003429143,0.06670322038087458
101283,2025-10,0,0.4,0.006256594883921897,0.009336780923416065,0.015779741742869433
100754,2025-10,0,0.4,0.02698248373938397,0.02687959080417027,0.026592905055476464
100577,2025-11,0,0.9,0.10760412567341324,0.07894685610179678,0.09715306069493422
101024,2025-10,0,0.4,0.013251418796561021,0.015227124157216007,0.020790732916353225
101721,2025-12,0,0.8,0.18597802820606643,0.24819114303939568,0.24489037402047528
101631,2025-12,0,0.5,0.05252202827899485,0.05854996613482099,0.04903466700493331
101136,2025-10,0,0.4,0.04719333093251652,0.03771107422301789,0.035951440263755845
101773,2025-12,0,0.4,0.0777649382274057,0.08876389177687088,0.07122350072193655
100682,2025-10,0,0.5,0.00842623884732045,0.008305173345396797,0.017068427379408335
101046,2025-11,0,0.7,0.10005421435303455,0.1166767545705141,0.1143708051172222
100915,2025-12,0,0.8,0.10598706358105446,0.08670175984633482,0.07405258052298934
102004,2025-11,0,0.4,0.022322098940504697,0.01851276320455456,0.02810249590229735
101912,2025-12,0,0.1,0.0150718465413473,0.014165199720431792,0.021733140342009318
101163,2025-10,1,0.6,0.11994949167664154,0.08023700162992117,0.07982489653227551
100085,2025-10,0,0.1,0.010060592378380894,0.0070274366248629545,0.015585508577147722
101020,2025-10,0,0.3,0.008141728367127815,0.01427895181305375,0.022854620897610863
101801,2025-10,0,0.3,0.05951811751155747,0.05285250940045488,0.03804498616489178
100151,2025-11,0,0.7,0.048980839053879066,0.06536291617475351,0.06748502484534266
101833,2025-11,0,0.3,0.03879901808566093,0.03272343701230144,0.03845946752523883
101282,2025-12,0,1.0,0.21409103687462452,0.15418040639462946,0.16117032811984416
100939,2025-12,1,0.4,0.09454071159029426,0.10481379632884241,0.0791504958602623
101788,2025-12,0,1.0,0.09931716809632239,0.10077608786866062,0.08973222564533531
101370,2025-10,0,0.1,0.010159429905093621,0.0077176596967869476,0.012892753601526788
101264,2025-12,0,0.9,0.0804159558502962,0.08542590595906138,0.0820914568455815
101685,2025-10,0,0.6,0.013822508846152583,0.0109779516184958,0.016584899354982856
100672,2025-11,0,1.0,0.06629142060229429,0.052596161290325176,0.060195637918798985
102000,2025-11,0,0.3,0.05193626830294877,0.06341891103202939,0.050251191313079376
100091,2025-12,0,0.2,0.04302778815226844,0.03972109233510964,0.02960858657258946
100498,2025-12,0,0.1,0.021050584448939043,0.022788772976824367,0.025140762762509296
100432,2025-12,0,0.5,0.024039387433986467,0.022586676819316562,0.03760264104305804
100288,2025-12,0,0.9,0.14382154094319127,0.16025669439043178,0.12537209086570109
101254,2025-10,0,0.6,0.03076271446312817,0.026541301045226742,0.029063090905145375
100920,2025-10,0,0.6,0.06980214945119738,0.08851259848949336,0.09213237424061849
100088,2025-12,0,0.3,0.02505863771000666,0.02608739218094842,0.030200879352757854
101685,2025-12,0,0.6,0.10855927007549508,0.10399870955285809,0.10420308437303094
101504,2025-10,0,0.3,0.01942719328159718,0.013772286681141036,0.018242640158513533
101653,2025-10,0,0.3,0.029488044089752793,0.026781442391168715,0.03316863894974679
101354,2025-11,0,0.5,0.08798601148744147,0.06900525132052293,0.0848559009953713
101621,2025-11,0,0.2,0.012136386702148233,0.00787782132133501,0.014131416690184109
100040,2025-10,0,0.2,0.02952123216144826,0.03292327633135631,0.02946854772545247
102040,2025-10,0,1.0,0.24309959322650718,0.2727208449513635,0.2513418287101969
100317,2025-10,0,0.1,0.00870348292965511,0.006408642060489811,0.01134429787248222
100055,2025-11,0,0.5,0.028337776372927878,0.02843646373683282,0.036280116889423925
101147,2025-11,0,0.2,0.02627914138400544,0.025864905175021612,0.028138373031420996
101149,2025-12,0,0.1,0.00920327655153762,0.009293790769952178,0.015697446510479975
100289,2025-10,1,0.8,0.09263465093064097,0.10432215320840522,0.0898851171047277
100102,2025-11,0,0.5,0.0565091956661486,0.07491683835843183,0.07180252032298583
101664,2025-10,0,0.3,0.03727636951534489,0.03935502296889828,0.04165039638489418
100431,2025-12,0,0.4,0.050857580500012343,0.035560085465744275,0.026518187639892908
100406,2025-11,0,0.5,0.010410553607262164,0.010985745417944937,0.017958226615734946
100339,2025-10,0,0.3,0.043195042854676256,0.05110888232316016,0.045475552659307805
101916,2025-11,0,1.0,0.13428923694710615,0.10071548776120803,0.12391403796599956
101488,2025-11,0,0.7,0.06667236393641715,0.04305217269369459,0.07187408597157494
100139,2025-10,0,0.9,0.2011200808423241,0.20881962335050233,0.19188322504014702
100873,2025-11,0,0.7,0.07677167446585519,0.07912299581797959,0.08009685699117029
101703,2025-10,0,0.1,0.009181384472644038,0.009350060566655419,0.01648425007756151
100612,2025-10,0,0.8,0.09196382275426966,0.056875762379614205,0.07768953506976299
100423,2025-11,0,0.8,0.0912807103308298,0.12637717620551941,0.12176513894571181
100845,2025-12,0,0.6,0.0739863370141202,0.055099822184461425,0.052665641591555304
100072,2025-11,0,0.7,0.06228862448758042,0.0825516435153295,0.08526851342905577
100934,2025-12,0,0.1,0.01753293260655703,0.013477538709516446,0.015847259636248133
100231,2025-12,0,0.5,0.09662029926288494,0.054705944007781115,0.07569267338023065
100761,2025-10,0,0.6,0.06822019520813258,0.07420113172729972,0.0903214899405343
100092,2025-12,0,0.5,0.12110317184973518,0.11946724928380115,0.11959473569702346
101646,2025-12,0,0.5,0.024235791863891135,0.03584113879758967,0.03883846637744204
100109,2025-10,0,0.3,0.0266041953900576,0.0219582645187715,0.031496773890968194
100369,2025-10,0,0.6,0.030562380160510272,0.03744673356286126,0.03993558140018305
100215,2025-10,0,1.0,0.11130666225444476,0.19019399123374614,0.1389171140129376
101158,2025-12,0,0.2,0.01647726439417795,0.022032282611692426,0.023107689619601107
101194,2025-10,0,0.2,0.017615352380601888,0.0160039563695146,0.016876438362567348
101899,2025-10,0,0.4,0.05865563676442035,0.06976753376515117,0.06449524317700117
101586,2025-12,0,0.3,0.03572179349344274,0.04292736162848772,0.04573596707465981
100706,2025-12,0,0.5,0.06668400830346619,0.05876108880423902,0.075689398428931
100656,2025-10,0,0.9,0.18037537770390694,0.1308599995027074,0.14375568326502378
100696,2025-12,0,0.8,0.1287667951744812,0.1495353906857689,0.1256031334517099
101374,2025-12,0,0.2,0.05678804387022686,0.07232963332130322,0.04400901576532735
100615,2025-11,0,0.6,0.032821132757886735,0.023745408636753198,0.02651287822952023
101550,2025-11,0,0.7,0.09377561105116025,0.13248315529837099,0.1374939920004276
102037,2025-11,0,1.0,0.20004146758806263,0.2065111744607549,0.19585953227212405
101231,2025-11,0,0.4,0.012143115904078038,0.00817888516132638,0.016385855305529978
101523,2025-11,0,0.7,0.04069357477856232,0.031129511145267175,0.0434872765542188
102090,2025-12,0,1.0,0.13022147208005289,0.19962786817798361,0.19989949826100945
101260,2025-12,0,0.5,0.045729613578596014,0.04639584917690153,0.03691091630591581
100072,2025-12,0,0.7,0.03486519906411251,0.033620429336181555,0.03771902172155117
100145,2025-11,0,1.0,0.1489508971149458,0.15768760414766636,0.13069864015250776
100530,2025-12,0,1.0,0.41053545580627876,0.36265621917187446,0.33953692635621563
101677,2025-11,0,0.1,0.011013494405067317,0.014419343877686711,0.02232334168191843
100736,2025-10,0,0.6,0.09721235726050904,0.09252238830797171,0.1036948065574512
102003,2025-12,0,0.1,0.018385660882783556,0.027271655803317973,0.02524151744810832
101349,2025-11,0,0.8,0.16049020582052903,0.15484342004150817,0.1698168317914621
100039,2025-10,0,0.8,0.15259584192274467,0.13885898815462763,0.15941842605263085
100389,2025-10,0,0.6,0.046850677862689954,0.05173503988670427,0.05620315252292711
101331,2025-12,0,0.5,0.0475483446384872,0.04558044473523658,0.04898230058048355
100441,2025-12,0,0.7,0.21299816452331005,0.1810951472277665,0.15491898348552538
101994,2025-12,0,0.3,0.025416204797323805,0.0240467782097256,0.03174441049669827
101103,2025-12,0,0.7,0.05181790037900305,0.027033540492501,0.03526789586706061
100218,2025-11,0,1.0,0.1990147205813934,0.2121295454720545,0.17223594654089272
100267,2025-12,0,1.0,0.15264884484299404,0.13566742449210065,0.12571692745676558
100048,2025-11,0,0.6,0.1391298120065728,0.08945314043400641,0.0866685870472772
101640,2025-10,0,0.4,0.029296924939457722,0.02899778856533946,0.0343373605519443
100094,2025-10,0,0.1,0.020979656132410315,0.021707891463732667,0.03973162481250878
101433,2025-10,0,0.4,0.01855325724003377,0.0138528639126469,0.02135519100933788
100045,2025-11,0,0.6,0.033405305518005336,0.026875777895298575,0.031069997177232488
100135,2025-11,0,0.3,0.03139071985349281,0.03334832527232064,0.0332045375070172
101473,2025-10,0,0.2,0.05365361016864021,0.06708255674387645,0.03269999640985129
100207,2025-12,0,0.6,0.08730322692324477,0.06707199390030355,0.08447687322167348
102011,2025-12,0,0.4,0.04394371881064593,0.0322431699533002,0.034381918543805734
101041,2025-10,0,0.4,0.02068048143316517,0.019462954295209948,0.026017210716931347
101513,2025-12,0,0.1,0.010207411618546944,0.0074945997326632385,0.010165949131501055
101398,2025-11,0,0.4,0.06721802054874364,0.07599075845031185,0.061939367706252864
101073,2025-12,0,0.1,0.016118919007543465,0.011722143728666048,0.01362464021250703
100015,2025-10,0,1.0,0.14772993105087878,0.11735248683807276,0.09400443763596174
102008,2025-11,0,0.6,0.0350028633146637,0.026617660084631456,0.024856233857623828
100500,2025-12,0,0.4,0.049389367506730196,0.04920651595125421,0.05163553917239166
101120,2025-12,0,0.9,0.13276979179637294,0.14151172732458478,0.17307916694570488
101667,2025-10,0,0.3,0.05965290440324351,0.05618030614728912,0.06037690775435535
100802,2025-11,0,0.5,0.08513084947999212,0.06037800758342652,0.0758839168504358
101541,2025-11,1,0.9,0.12258167510427023,0.15025873357907546,0.1303710734923239
101509,2025-11,0,0.8,0.11120747160343095,0.13749752011950495,0.11191772647746155
100812,2025-10,0,0.2,0.04420155035452993,0.04815719238630723,0.03871521086300865
101883,2025-10,0,1.0,0.1616546850593941,0.13975026927550527,0.11603071537728407
100957,2025-11,0,0.1,0.024309551736928177,0.027207947835875667,0.026332536213494434
100159,2025-10,0,0.5,0.05644671301763954,0.05804463598570175,0.06251967791394385
101353,2025-11,0,0.9,0.11599068111342067,0.13253614458860974,0.1180693728375574
100462,2025-12,0,0.7,0.09652130450929729,0.11001734307890262,0.09448052483507231
100838,2025-11,0,0.5,0.1072715657543856,0.12047478707443274,0.1277505842673816
100586,2025-11,0,0.3,0.033804242240687905,0.027922602300438994,0.030305095161326265
101200,2025-10,0,0.3,0.04355280517334553,0.053681901173771036,0.04645823227149881
101361,2025-11,0,0.1,0.017984093076343122,0.018452188546058575,0.02608320534598563
101768,2025-12,0,0.8,0.0844301371016079,0.0523220094426576,0.07880189380385193
100728,2025-11,0,0.7,0.06844499817105963,0.06099236930042013,0.07821692856367542
100270,2025-11,0,0.7,0.09026866504611905,0.0846105590634399,0.08932394014589966
100175,2025-12,0,1.0,0.2708537772207304,0.24686694226378506,0.2354711164625024
101717,2025-10,0,0.2,0.017487931541635544,0.01652199980291713,0.023914417995892716
101931,2025-12,0,0.3,0.017975804708831717,0.018416403881259077,0.02479622944116421
100414,2025-10,0,0.8,0.13636917532813383,0.12744654148032347,0.14564004248808027
101356,2025-10,0,0.8,0.07876104912455947,0.08679693049566738,0.09102260440009471
101035,2025-12,0,0.9,0.13251739770173981,0.1606781147872509,0.1514887838694808
102077,2025-10,0,0.9,0.05551915424848279,0.037088736759256884,0.052639816626985164
100014,2025-12,1,0.8,0.10820126676400997,0.09541120068103455,0.10064172436059267
100193,2025-11,0,1.0,0.33853321327309943,0.44798515447572246,0.41566010783475704
102060,2025-12,0,0.4,0.02593360729436058,0.019851690063978376,0.02294282649177514
101815,2025-11,0,0.3,0.024481933109871647,0.020070663640058592,0.028939790625539124
100465,2025-12,0,0.1,0.008006104019458624,0.0071206765757461776,0.011516753174273829
100435,2025-10,0,0.6,0.029817497545616203,0.033046632289462946,0.047877511413114866
100248,2025-11,0,0.3,0.03554637334997901,0.03011055736544465,0.02828469794092405
100541,2025-10,0,0.7,0.07418883372968678,0.06480428016784058,0.08651492179392448
101048,2025-12,0,0.3,0.017852033912552932,0.01630800700527671,0.02510739799632476
101482,2025-10,0,0.9,0.05531650794964854,0.04757434089939526,0.0587117406013623
101496,2025-10,0,0.3,0.019553543364221358,0.01652876650365821,0.02421610547338428
101140,2025-11,0,1.0,0.25746616403529293,0.2607469537138062,0.2171726291658059
100280,2025-10,0,0.2,0.008917899334479427,0.009195534567961714,0.014504166887462682
101225,2025-12,0,0.3,0.07282595870305186,0.06329129076390218,0.038256064801749236
100242,2025-11,0,1.0,0.25384001177852866,0.4307734501777453,0.34679206003255786
100809,2025-11,0,0.7,0.13393391151375575,0.07140876325681389,0.0925184335940921
101125,2025-11,0,0.7,0.07739153803637834,0.08085266699019973,0.10063082274797827
101237,2025-10,0,0.9,0.08437015382143245,0.08967798103893165,0.06939912899038013
101551,2025-12,0,0.7,0.16846225926824765,0.14760408990295604,0.17877211691799774
101771,2025-10,0,0.4,0.02836081917282896,0.0407232348785396,0.03763608441528232
100568,2025-12,0,0.4,0.08838490647853525,0.07864563095240856,0.07493335070217479
100194,2025-12,0,0.8,0.07055046419062305,0.06136745364050465,0.05792689822519142
101663,2025-11,0,0.9,0.06807183437353119,0.03348711358906165,0.058737212362060434
101603,2025-11,0,0.4,0.023665119029539872,0.021220316527062286,0.03237664956802567
100641,2025-12,0,0.5,0.04161635885517136,0.03510540157489614,0.045575698498793525
101747,2025-11,0,0.3,0.049237145923593496,0.04211159598098824,0.03911730159168999
100774,2025-10,0,1.0,0.3657410916486514,0.42568162965931394,0.34217946807990746
100822,2025-10,0,0.3,0.026531529099737564,0.026617564215165326,0.030418617995240527
101562,2025-11,0,0.1,0.01617480045397196,0.015215676454253917,0.018448123007302482
101729,2025-10,0,0.5,0.034823569046851355,0.0319780885677096,0.03168238769275377
101570,2025-11,0,0.8,0.1322871550305026,0.1360182398487344,0.13753782747657486
100046,2025-12,0,0.2,0.012958948232548716,0.008049749706665976,0.013048165511433528
100147,2025-11,0,0.9,0.10412254342577962,0.09365853661609028,0.10073679508645543
100973,2025-12,0,0.7,0.041759498073147515,0.034957436394294744,0.04300654603446175
101963,2025-10,0,0.3,0.02430773333760549,0.019807906030509134,0.02244513352832271
100304,2025-10,0,0.7,0.1009495062783756,0.08784223914273578,0.11454772868135213
100340,2025-11,0,1.0,0.1448368534412825,0.1143236645496797,0.10017324216885098
101405,2025-11,0,0.3,0.016490907837203382,0.023187622468048716,0.029176095922638205
101091,2025-10,0,0.2,0.021132237460267284,0.014816640996124467,0.018998473369875146
101743,2025-12,0,0.4,0.016225370549733553,0.016678983544659427,0.018271623360775802
100045,2025-10,0,0.6,0.10553989825123886,0.08585852954540396,0.08736146675868274
101500,2025-11,0,0.8,0.19821257430292175,0.21932023956180896,0.17939402024004286
100791,2025-10,0,0.2,0.01909340668589621,0.04755811453639028,0.02418747425986753
100816,2025-10,0,0.1,0.02412822063091836,0.024638912527275316,0.028861232196086876
101204,2025-11,0,0.6,0.05682801399203434,0.044596256799153675,0.044948710403506904
101911,2025-10,0,0.5,0.07208369915055453,0.08624872573842743,0.06447017719473407
100232,2025-12,0,0.1,0.022602033281115718,0.015757957800538753,0.01470684020347589
101935,2025-11,0,0.8,0.16958400484584124,0.12850962890355605,0.11059418020727008
101478,2025-11,0,1.0,0.11392798305265359,0.1256745311843453,0.10437340223699275
100306,2025-10,0,0.4,0.058094512442917,0.03725419142018783,0.03033850092232252
100063,2025-11,0,0.7,0.07459251974926401,0.06496387692928812,0.08337800584551795
101689,2025-12,0,0.4,0.021741064089649164,0.021221542048613876,0.029382126273445285
100148,2025-12,1,1.0,0.256346941237411,0.19454023057970338,0.16777565290990634
101944,2025-10,0,0.9,0.07781587448961254,0.053288395126641644,0.0774856890429183
100248,2025-12,0,0.3,0.014565662485653243,0.011847514113724419,0.019210906854278828
101802,2025-10,0,0.4,0.029012265232452164,0.03307279589324519,0.036133076037558984
102037,2025-10,1,1.0,0.3778450504400402,0.400032216596947,0.3106981813513767
102013,2025-12,0,0.7,0.09189941927215677,0.11078052125432669,0.09859122404682014
101734,2025-10,0,0.7,0.023818260266458724,0.033428264112422494,0.044802591735034786
100090,2025-11,0,0.6,0.10621160616372377,0.10066043929229639,0.08462549733249447
100990,2025-12,0,1.0,0.14025113961808403,0.12196019632863624,0.11824598915914947
100220,2025-10,0,0.3,0.015360464035898719,0.015100349026985805,0.02326594029211593
101806,2025-11,0,0.9,0.23748836221626052,0.2059010142250669,0.18326475241329013
100520,2025-10,0,0.8,0.06061739677773698,0.05466129115005044,0.0695175842700114
102043,2025-11,0,0.6,0.061018957957598645,0.04904437060219937,0.038708986118334614
100326,2025-11,0,0.4,0.06945742482627222,0.1132305746761129,0.07334873067181295
101209,2025-11,0,0.2,0.013688824126739477,0.015045695585648075,0.020296661461274238
101259,2025-10,1,1.0,0.17160550230177202,0.23717010292675375,0.1574695042795746
100320,2025-12,0,0.9,0.10738092471161752,0.10769687971934733,0.09473918158490512
100436,2025-12,0,0.6,0.052625353816188374,0.05678941447965036,0.04518886112852979
101692,2025-10,0,1.0,0.11521604314690699,0.10758736036279326,0.10172526439595737
101083,2025-11,0,0.7,0.11008031263664846,0.13240249250234554,0.12517433055171232
101762,2025-11,0,0.2,0.015263974687919167,0.015796434527314773,0.021306909697609074
100505,2025-10,1,0.6,0.10476757716050879,0.11740578855167352,0.1261810151529332
100106,2025-10,0,0.9,0.06802434306474478,0.06043679414896143,0.06736957170187
101547,2025-12,0,0.6,0.023313484416575433,0.030751472015483592,0.033838018760766087
100444,2025-11,0,0.2,0.021468325386355343,0.018505030147115565,0.016797100819468763
102086,2025-10,0,0.2,0.01136624832485637,0.013782359118434789,0.016697995691005038
101179,2025-10,1,0.9,0.32557830650788533,0.32126175428217835,0.2502171388722625
101572,2025-12,0,0.8,0.12276731764484854,0.10533109109522283,0.1140928259378861
100952,2025-10,0,0.9,0.07446946905559503,0.08768790900935122,0.07377259763290073
100809,2025-10,0,0.7,0.12793081669044865,0.09864998935336403,0.11074886849399791
101906,2025-12,0,0.9,0.07342565158064583,0.09820318692019844,0.07942948243944883
101110,2025-11,0,0.5,0.07878541223194072,0.1079144710267402,0.0944134774079156
101830,2025-12,0,0.2,0.010845039776075215,0.009524760371760454,0.01421498101742733
101013,2025-10,0,0.5,0.04426845611801609,0.0315842973664302,0.03269492011503364
101484,2025-11,0,0.6,0.05241048125121074,0.04431376416918879,0.04444616941692635
100823,2025-11,0,1.0,0.15713035052663568,0.13354658275637837,0.13079274667241472
100419,2025-11,0,0.4,0.0503864087018267,0.05054520228934406,0.05116589760359488
101343,2025-12,0,0.9,0.30782006883857504,0.308330536914983,0.2697358834640052
100451,2025-10,0,0.1,0.008161394579430055,0.006553980203842644,0.013543694856563891
100898,2025-11,0,0.9,0.13111565891391425,0.11328809657206562,0.125470593533093
101316,2025-12,0,0.4,0.022227654474688108,0.017678950951944983,0.02200690758078291
100566,2025-10,0,0.2,0.017548474461078937,0.01694165835442141,0.022240117292941907
100657,2025-12,0,0.5,0.11656087342497945,0.13181778616049392,0.139209836115833
100853,2025-10,0,0.6,0.019049124676633857,0.015842015309739353,0.0177645283934939
100653,2025-11,0,0.9,0.15546346417239792,0.15346233267191633,0.13484979624406523
101617,2025-12,0,0.1,0.008501490178508953,0.005322666480133875,0.010401818962393845
100153,2025-12,0,0.4,0.03588245820291218,0.030488414105887488,0.027540913318104664
100703,2025-11,0,0.5,0.058269129119654275,0.04216309923371741,0.04526593079438974
101884,2025-11,0,0.2,0.05064358251916881,0.053664120789813086,0.04203645887989162
100407,2025-12,0,0.9,0.1381843114977993,0.11523299843542877,0.1320783674284136
101519,2025-12,0,0.1,0.01112235886161543,0.009207834013637747,0.01232077926868227
101516,2025-12,0,1.0,0.06186298177681603,0.048417761812424076,0.05519229694198103
100698,2025-12,0,1.0,0.3069507268217816,0.3044509334368953,0.23817145794941283
101669,2025-10,0,0.2,0.012644575480298818,0.010906288691116525,0.012274780013730361
101004,2025-12,0,0.4,0.027611843746598995,0.020370557852548498,0.02790304189827975
100765,2025-12,0,0.7,0.1323182284692922,0.13278580191380818,0.14391080274125476
101372,2025-11,0,0.7,0.09137689653812792,0.08564606316463488,0.11260967880979944
101206,2025-12,0,0.1,0.013355894741969689,0.010073914142558316,0.013746733338921792
100315,2025-11,0,0.3,0.03391932185158108,0.03212314175969614,0.034394319847658714
100477,2025-12,0,1.0,0.10477725655657075,0.12066512792402555,0.09808992525695412
101463,2025-10,0,0.3,0.021832366831430885,0.020391990966301374,0.02970087221897483
102082,2025-12,0,0.6,0.07151864756306281,0.062102002671851717,0.06055850483544536
100585,2025-10,0,1.0,0.1465883380146172,0.13813202657574786,0.13069864015250776
101649,2025-10,0,0.3,0.0237387420575204,0.023966625530968243,0.03294904682184558
100241,2025-10,0,1.0,0.11801479573958613,0.10414781260775051,0.09851520565605719
102043,2025-10,1,0.6,0.1410720813622625,0.13746231128199674,0.1416960456394043
100262,2025-11,0,0.6,0.05705990699432204,0.0383800780644505,0.03313798125642574
101831,2025-12,0,0.7,0.17786166563635153,0.17961145424254377,0.18577407534201754
101802,2025-11,0,0.4,0.05297179424671622,0.05185606350844262,0.058243466016158665
101271,2025-12,0,0.1,0.02210376535052408,0.017446982190194464,0.024114587886616766
100886,2025-11,0,0.4,0.0618105362727436,0.049335893644311526,0.03474923881526196
101111,2025-10,0,0.3,0.03254069497888466,0.0220793623372266,0.024743608926581322
101853,2025-12,0,0.8,0.25091157115267415,0.33970974316381086,0.28551386795821343
100645,2025-11,0,0.7,0.040484578769415254,0.05733832765972724,0.06789836863433295
101968,2025-11,0,0.1,0.0058395025050205236,0.004480457019287317,0.008801542863270695
101563,2025-10,0,0.2,0.014081868255480698,0.01566306619211393,0.01638130374683637
100544,2025-10,0,0.1,0.02283790059222828,0.018422859986986385,0.01725246443336576
101478,2025-12,0,1.0,0.10916429871476668,0.13690761836226287,0.10437340223699275
101087,2025-11,0,1.0,0.13738843469093143,0.11195134145942898,0.11899566379948393
101697,2025-11,1,0.8,0.14299057737275495,0.2221860125207903,0.2250926009390954
102085,2025-12,0,0.8,0.08542705623339407,0.07571161467316453,0.08042105813434654
101194,2025-11,0,0.2,0.012674763370973443,0.013258587130870986,0.016332435159413808
100927,2025-12,0,0.5,0.05741911950491907,0.0961384571551262,0.09084705687842845
100769,2025-10,0,0.1,0.043612400300067404,0.03341245241736326,0.022511085014069235
101897,2025-10,1,0.6,0.07063967297146698,0.07294498094571739,0.08977424162486818
100575,2025-12,0,0.2,0.047791147449008455,0.02133599589381065,0.0232955609634148
101414,2025-12,0,1.0,0.20588475725650396,0.23472120324196144,0.22431509015305587
100233,2025-12,0,0.9,0.2986050587596957,0.4030440191180576,0.3926383930984329
100283,2025-12,0,0.9,0.2128579932263489,0.1638067987240873,0.19274000060326732
100740,2025-12,0,0.2,0.012923940520575257,0.007139361938902335,0.013570631700225532
102013,2025-10,0,0.7,0.05286474902918724,0.06335701209893432,0.05015091430454842
101103,2025-10,0,0.7,0.12255057418383311,0.08271895193747297,0.10025267777705651
101939,2025-11,0,0.2,0.040711634320000294,0.0392836705770771,0.027868266954434714
100877,2025-12,0,1.0,0.05777588652870075,0.043841225730363406,0.05266821784964178
100024,2025-10,0,0.8,0.09411651102192546,0.0992704264841516,0.09165373065160223
101714,2025-11,1,0.7,0.22234162459489512,0.30636896992621376,0.2975001799205406
101775,2025-12,0,0.3,0.008904784182625441,0.010090754324030378,0.013953266869682448
101227,2025-11,0,0.7,0.0942750223997915,0.07852868408563352,0.08033838255091712
100987,2025-12,0,0.6,0.1298452441256822,0.1310158985718524,0.11330274130479637
100846,2025-12,0,0.8,0.12004615290782684,0.1467223238631645,0.15179852574987907
101440,2025-11,0,0.2,0.02064398243758696,0.009613682474817673,0.01484201143818323
101880,2025-11,0,0.4,0.028662914665797894,0.020366778656437032,0.02220425840106073
100119,2025-12,0,0.5,0.08095684295795956,0.06886883611595063,0.05438382928227023
100604,2025-11,0,0.3,0.011682090244098787,0.013040840274611545,0.020193042980248762
100192,2025-12,0,0.2,0.020084020988682238,0.02065123468919315,0.02135340341384204
100592,2025-10,0,1.0,0.10014133768253464,0.10554311661596827,0.08944600202376374
100714,2025-11,0,0.8,0.07494021186824178,0.08679802612390859,0.09540828940833013
100257,2025-11,0,0.8,0.09216570209572351,0.06132857806250761,0.07400857062132062
101341,2025-11,0,0.7,0.07423051472479428,0.05877234723540748,0.056564640730639264
101807,2025-10,0,0.6,0.06536585756363954,0.05238019921876189,0.07177581902449133
100458,2025-10,0,0.2,0.004075016687355973,0.004857130695947375,0.012117698683951234
100707,2025-11,0,0.2,0.0292203914664193,0.02259307230707942,0.019665330163256473
100878,2025-10,0,1.0,0.08424866965656681,0.10317877723883088,0.09356145577316359
101967,2025-11,0,0.2,0.042883177571971035,0.03778395737819082,0.027869900455560974
101856,2025-10,0,0.5,0.077435160740129,0.07653761940053178,0.0983518778048031
100237,2025-10,0,0.4,0.028256609388850915,0.02716782051058406,0.029018022072808566
101432,2025-10,0,0.2,0.036784287270978454,0.03837715823662119,0.033599726078473266
101266,2025-12,0,0.9,0.2296192395601268,0.2533478964877384,0.2190220413391515
101419,2025-11,1,0.7,0.23643238579062234,0.19406095481869864,0.1715940936942936
100145,2025-12,0,1.0,0.04970422449794056,0.05661934179367152,0.05910762292416395
101059,2025-11,0,0.6,0.09557827677275449,0.07128650633194604,0.07653833881380236
100058,2025-10,0,0.6,0.08632662982507153,0.07620037828838411,0.06923768629406803
100421,2025-11,0,0.3,0.005938534475603399,0.004920114923016745,0.010302579166466224
100157,2025-11,0,0.3,0.01736888672534043,0.012276767639381875,0.018050592039414497
101181,2025-10,0,0.9,0.1129679623397903,0.13242201073409993,0.12919100583878734
101753,2025-12,0,0.6,0.08734939103668772,0.08156396645166768,0.0699020569541828
100697,2025-10,0,0.3,0.02277201528352331,0.017967923624249576,0.01851584761149779
101884,2025-12,0,0.2,0.05596467032079589,0.056611225867110586,0.04298197493439398
100213,2025-12,0,0.6,0.15267366086556639,0.1074627483880594,0.1008466191206586
100184,2025-10,0,0.1,0.01437014937218034,0.01142057438949782,0.015305589781490039
101607,2025-11,0,1.0,0.07297591325410495,0.083253083726681,0.0718011036444577
100136,2025-11,0,0.5,0.0828791547525186,0.10343053686479285,0.07732904709915855
101413,2025-10,0,0.7,0.13384707002766216,0.11000694107003876,0.14203455211104968
101791,2025-10,0,0.5,0.09892173565624095,0.14054488709905272,0.13448667216765883
100583,2025-10,0,0.8,0.1329534946047241,0.12837046305818778,0.1415774216620167
100902,2025-12,0,0.8,0.10637056284270195,0.08263155291897051,0.09009725447586987
101523,2025-10,0,0.7,0.033853774103790514,0.036832397396122776,0.041508560762065994
101990,2025-12,0,1.0,0.22504073531284846,0.2682554639638858,0.25282716255518245
101084,2025-10,0,1.0,0.31430770301528843,0.25346148030931187,0.22010516131742916
100993,2025-10,0,0.1,0.00791883070325079,0.010421213306284281,0.017714033435653895
100827,2025-10,0,0.4,0.060049529796784074,0.07819780489115931,0.05629938533209475
100457,2025-11,0,0.4,0.0610302379497759,0.04819173421623671,0.041980735929979765
101811,2025-12,0,1.0,0.23585202793022622,0.28252508865718284,0.25495193536579375
101828,2025-10,0,0.8,0.095050562794413,0.09210132857281944,0.10511624478293406
101231,2025-10,0,0.4,0.016193609644958803,0.013507530044054344,0.020546568341210245
100460,2025-11,0,0.3,0.02349540208656161,0.02221168491550615,0.03132091658055647
100074,2025-10,0,0.8,0.0346963064492123,0.04123786655004378,0.03987325107947234
100926,2025-11,0,0.1,0.006273860373415568,0.005116732998130071,0.010067946210394332
101400,2025-10,0,0.8,0.22683778300568652,0.15429306385136568,0.15054199295211063
101589,2025-12,0,0.7,0.12547357052719474,0.17541463171936428,0.20943318416963488
101712,2025-11,0,0.8,0.06467853246962073,0.07120502634462818,0.08068613014348237
101118,2025-10,0,0.1,0.006322946780232952,0.003997750708930962,0.008912644452489807
101742,2025-10,1,0.7,0.10000207147494322,0.10237239666846855,0.12348957963808663
100883,2025-10,0,0.9,0.15446450414415783,0.171015280806885,0.14756079018291812
100733,2025-12,0,0.6,0.11948630928903509,0.099958264830773,0.10727717713002567
100986,2025-10,1,0.9,0.12682798800669484,0.11560414912706411,0.09399381611569337
100925,2025-10,0,1.0,0.253161084734187,0.23706427935612168,0.19698869946721265
100999,2025-12,0,0.4,0.03508193235182649,0.028218095490575,0.032833850907861055
101241,2025-11,1,0.4,0.05644911344723555,0.04253137521890004,0.05073078832626626
101491,2025-10,0,0.4,0.0728076840286512,0.07264417852608299,0.06420747836488579
100637,2025-10,0,0.6,0.025711997744852878,0.028315055156281847,0.029610978094834657
100834,2025-11,0,0.1,0.006870108407753415,0.005602660754973776,0.012574657260745999
100689,2025-11,0,0.3,0.01807438422602054,0.015259554609229403,0.01802471962923298
100606,2025-12,0,0.1,0.03377244638459046,0.026241216457651127,0.022902525999940637
101440,2025-12,0,0.2,0.007313920877564214,0.0036521009204508403,0.009324240006496448
100613,2025-11,0,0.6,0.029415142135903863,0.03894353718851277,0.03810792718980151
101118,2025-11,0,0.1,0.0183088188060205,0.011203189417978454,0.01581664446819678
101412,2025-11,0,1.0,0.11740592727320948,0.1153407281239553,0.1001287098789656
101015,2025-12,0,0.3,0.04863964497253381,0.026783977145424374,0.02228118053188745
100968,2025-10,0,1.0,0.15423761463075988,0.13584354396707884,0.14048343458155357
101036,2025-12,0,0.7,0.20501241142776833,0.23947619323147623,0.26987837262702946
100555,2025-11,0,0.6,0.15194702166372992,0.16121192252561872,0.1338649891445846
101933,2025-10,0,0.7,0.05933848401742902,0.07620411933142264,0.10043325045084749
101541,2025-10,0,0.9,0.049588234365022466,0.058669071778857045,0.058583109418542875
100210,2025-12,0,0.8,0.18744723796286925,0.16301184595720178,0.1569068419907806
100493,2025-10,0,0.3,0.006845555892626445,0.0055838223714003606,0.010882184416126081
101950,2025-12,1,0.7,0.21631888851415104,0.2907150076171274,0.3137760286449364
101314,2025-10,0,0.7,0.12195196600339961,0.09506702690561052,0.10035393121372115
100687,2025-12,0,0.3,0.021065315910523328,0.020616100969260066,0.031493345344993644
102099,2025-11,0,0.8,0.06647465370877702,0.05267308982614351,0.06566727278415878
101800,2025-11,0,0.6,0.11548089602815269,0.11368634379655146,0.12018968549819826
101530,2025-12,1,0.5,0.06056629556295798,0.0695962815526839,0.07755508477997602
101733,2025-10,0,0.4,0.03600434903608646,0.03856840978604701,0.0360945586427976
100008,2025-10,0,0.3,0.0264408283805565,0.02551491470837646,0.0321686541467191
101803,2025-11,0,0.5,0.021584740729057066,0.022588323555344705,0.03520460260123092
100244,2025-12,0,0.5,0.07332526281122687,0.075942658996381,0.09075364998299933
100613,2025-10,0,0.6,0.07891105747153103,0.10115649335334288,0.1036483534639246
101536,2025-12,0,0.5,0.02992931672121759,0.021990517159850665,0.03081934980597447
100683,2025-10,0,0.1,0.0258987254592464,0.03486859713827785,0.034403261998058314
101466,2025-11,0,1.0,0.21916606654104426,0.2160269452365401,0.2024102919266925
100491,2025-12,0,0.4,0.041873509976382416,0.052516526850456414,0.05357407513303719
101162,2025-11,0,0.6,0.03463828852428927,0.03275198242702001,0.03887694127807664
100479,2025-12,0,0.7,0.06605982312642639,0.05495684366189053,0.07367401927152374
101991,2025-12,0,0.5,0.01617993351208766,0.014695615028245144,0.01771250703269204
101934,2025-11,0,0.1,0.004085646307091463,0.004813342858591077,0.010503317947589096
101485,2025-11,0,0.1,0.01417987540835846,0.012456083493108762,0.021924211894364012
100385,2025-12,0,0.8,0.05872611658013482,0.07722194333624438,0.07144858086237908
101425,2025-11,0,0.6,0.056288160417621726,0.04819246240547049,0.04697145979862059
100016,2025-11,0,0.2,0.022287379254180863,0.020703341004907796,0.01728190686840181
100555,2025-10,0,0.6,0.14053307437588614,0.1409345981976274,0.12790981078384403
100038,2025-12,0,0.6,0.07143682423552646,0.04958504761985337,0.0437076094345385
102065,2025-10,0,0.3,0.03243013568529638,0.02512350507552197,0.028661489561396945
100344,2025-12,0,0.3,0.026070273288952072,0.028938073849798254,0.03262052675680737
101378,2025-11,0,1.0,0.09781460708672364,0.11566303658424734,0.12238170710512361
100784,2025-12,0,0.3,0.03383099997059903,0.04881885151790896,0.03977889202047532
100748,2025-10,0,0.6,0.049862168490127874,0.05007010219861404,0.051077302796179246
101096,2025-11,0,0.1,0.018067112106607042,0.017598288260719054,0.01940161153565815
101113,2025-12,0,0.6,0.057546904655524506,0.05409175081404715,0.055495232133996826
101511,2025-12,0,0.1,0.012459007606769705,0.00986348635739145,0.014050979947539753
100486,2025-10,0,0.8,0.07753978491125403,0.06776697005806398,0.07260069968871691
101006,2025-12,0,0.1,0.013417840782711058,0.007737841510426934,0.014874902788605251
101052,2025-10,0,0.3,0.017348008157019743,0.0176179831801359,0.02208057087764573
101753,2025-11,0,0.6,0.1298452441256822,0.1552157140687409,0.1267329723862047
100454,2025-12,0,0.2,0.011190743445027301,0.011825424929566647,0.016698635060884655
100360,2025-11,0,0.2,0.021411896800355257,0.01692856432513069,0.01814866779502374
100163,2025-11,0,0.1,0.014326972658549786,0.011990903968928003,0.013952640909487382
100319,2025-10,0,0.3,0.015333577234945179,0.013184056688947678,0.02050043876523122
100949,2025-12,0,0.6,0.04281759144805991,0.05147073445494668,0.03583321752960501
100379,2025-12,1,0.8,0.1038670989832032,0.0708074910436993,0.08444424588211073
101224,2025-12,0,0.6,0.017331950057755684,0.02544797632106081,0.03252821048483577
101574,2025-10,0,0.1,0.02167220076448456,0.03212417561234747,0.032224073234482516
101217,2025-12,0,0.3,0.053343039183198784,0.06003736529211454,0.05687374201492417
101253,2025-12,0,0.6,0.031075901816418415,0.03798195257451163,0.031640813316305104
100589,2025-10,0,0.8,0.12242599492284384,0.13864069983157046,0.11416655283339898
101834,2025-11,0,0.3,0.023199703227340107,0.020466471190722722,0.028939790625539124
101326,2025-11,0,0.2,0.014171969519281747,0.014343640196785853,0.020980114751198795
100640,2025-12,0,0.7,0.1476933660051346,0.1145314828937247,0.1230844876957239
101114,2025-11,0,0.3,0.03678690293406368,0.0487364903816638,0.04444274015440528
101143,2025-10,0,0.4,0.07703245011010088,0.06430275937349066,0.049234640586994706
101780,2025-11,0,0.8,0.14371052380853253,0.1365789609500715,0.12989092823257106
100584,2025-11,0,0.4,0.030765317976429313,0.02877801135606798,0.03298772645391138
100192,2025-10,0,0.2,0.006467993492621694,0.007540597477738537,0.010272209426080548
100614,2025-11,0,0.2,0.02155832892190628,0.015126703159958864,0.014820962878446907
101739,2025-11,0,0.7,0.09738840471408054,0.08921957949884018,0.113335920857902
101302,2025-10,1,0.9,0.07157889103805595,0.09996604479132391,0.08364975994550113
101663,2025-12,0,0.9,0.13455236870632256,0.0899520904186407,0.08379288242316629
100454,2025-10,0,0.2,0.010896223894333002,0.011111300871226028,0.016890483933819703
101680,2025-10,0,0.9,0.07479337901221818,0.09630318831704103,0.08389624281763157
100821,2025-11,0,0.3,0.010107140935918675,0.009157888207465196,0.01356120379384747
101729,2025-12,0,0.5,0.03450965963334889,0.03217910634126875,0.031932763657364006
102032,2025-11,0,0.2,0.038932102539834826,0.030546354360068223,0.025939045844036147
101504,2025-11,0,0.3,0.047155913751405855,0.045125787486528054,0.0487069893527884
101309,2025-12,0,1.0,0.22461981951512747,0.1857626609905742,0.11722820970590729
101628,2025-10,0,0.9,0.2098276044041596,0.1924455821191557,0.1765917387356763
100362,2025-12,0,0.5,0.06141903867969094,0.05190651740633083,0.0677568539088574
101301,2025-12,0,1.0,0.14229395789386248,0.10853973635991597,0.1198881176848319
100603,2025-12,1,0.8,0.038150615541266954,0.026414477127527307,0.03483845441890868
100462,2025-11,0,0.7,0.03696102582993545,0.04001140993200225,0.04046605503773909
101487,2025-12,0,0.8,0.046439563826820365,0.05616836543874682,0.043836957714574555
100428,2025-11,0,0.1,0.014553980493665773,0.0104953997927854,0.014557542475523044
101497,2025-10,0,0.5,0.07198229370878277,0.0798785439969557,0.10396950493590107
102029,2025-10,0,1.0,0.1824595619445459,0.2584623493443406,0.1931134099954247
100322,2025-10,0,1.0,0.07027746157155987,0.06591011347108695,0.0695627316219057
100428,2025-10,0,0.1,0.00674916437305761,0.0042934268805334816,0.009215581050199094
101375,2025-11,0,0.3,0.01771116532305657,0.025912263952643892,0.028056112634283856
101888,2025-10,0,1.0,0.21300913927463186,0.2457931018750265,0.24973213038855288
100464,2025-12,0,0.1,0.01781795076511912,0.02075870491446128,0.036346825714229467
101245,2025-12,1,0.8,0.07928254333547692,0.06288145786331421,0.06367400831778973
101683,2025-10,0,0.3,0.03536037813914988,0.036369868232472666,0.03440103943373546
101771,2025-12,0,0.4,0.011099325020791459,0.009939213212603274,0.014034376598346903
101487,2025-11,0,0.8,0.16064824895550806,0.17109586341104618,0.16057991600384813
100442,2025-10,0,0.1,0.026326954785395835,0.04309798365114227,0.03394806937188324
101271,2025-10,0,0.1,0.03354362442608654,0.03486907538992089,0.042997164753656024
102036,2025-12,0,0.4,0.009940958810003665,0.014340568010138513,0.017878024909748456
101500,2025-10,0,0.8,0.2810944047518178,0.3852913557935149,0.3628387255952739
101146,2025-12,0,0.8,0.09791235847591322,0.084471918268923,0.09632637387009782
101568,2025-11,0,0.3,0.022415785856651542,0.019156039109930745,0.024711006937830945
101994,2025-11,0,0.3,0.006265574427757987,0.006008852096936611,0.011623663962463619
101537,2025-10,0,0.8,0.16017449685055876,0.19879933991455911,0.18610759282176426
101146,2025-10,0,0.8,0.07489816461296812,0.07681643425421097,0.06207742310881689
100132,2025-11,0,0.6,0.09396880512064645,0.07545981361981982,0.08745390874535659
100001,2025-10,0,0.8,0.13111288343603786,0.08316481997840747,0.08578075335423947
102050,2025-10,0,0.6,0.06696397000341717,0.04269760395794723,0.05348076298091335
100071,2025-11,0,0.5,0.07436294486592462,0.08789066103677953,0.09762524875384933
101863,2025-12,0,0.1,0.008550539531855753,0.00551447320335207,0.01175179628175631
100316,2025-11,0,0.4,0.040599056063602326,0.05052416691871929,0.04834579255901505
102022,2025-10,1,0.7,0.17646003763399826,0.19582135814712598,0.25756797009703136
101670,2025-12,0,0.9,0.10340625631485055,0.14350010076514602,0.14012400682952586
101543,2025-12,0,1.0,0.1633594416128631,0.20093620372090362,0.1668901980816147
101452,2025-12,0,0.1,0.04835082582603844,0.03660895633218414,0.021816850640963118
100338,2025-12,0,0.5,0.049999100568844775,0.05231381320422476,0.05075139727182536
100509,2025-12,0,0.8,0.16068803629162803,0.18389937718691188,0.20669160164666533
101286,2025-11,0,0.7,0.03486519906411251,0.04221222669527915,0.04639193507120514
101054,2025-11,0,0.6,0.03810521752750732,0.046033974855158484,0.04869773027182858
100644,2025-11,0,1.0,0.18553085807681402,0.1517621874599882,0.10555321045396915
100176,2025-10,0,0.4,0.02711256970777467,0.035805492890313664,0.04166221581829806
101168,2025-10,0,0.6,0.03739040578971777,0.033535187556037994,0.03337424423548001
101850,2025-11,0,0.6,0.14862303818507397,0.07623132981031915,0.08956396442694087
102027,2025-11,0,0.9,0.10716128150885128,0.10462976451682732,0.11880919881044992
101220,2025-12,0,0.8,0.03613818055309147,0.024794459412553874,0.031918884808778296
101976,2025-10,0,0.4,0.07312890693563386,0.06296546231006064,0.05262658515041205
100702,2025-10,1,1.0,0.16536382874889685,0.173851682602646,0.11890866856483787
100363,2025-12,0,0.8,0.11421968937079684,0.1130112623027448,0.12330762377159322
100601,2025-10,0,0.2,0.010828682584532045,0.009351002560678489,0.014121518763205955
101307,2025-11,0,0.8,0.05647878932575661,0.05061054511474088,0.05757394804996625
101714,2025-10,0,0.7,0.07668860850762788,0.1254680453828428,0.12206756989305419
101626,2025-12,0,0.9,0.14231984668638284,0.13531101571200696,0.13303997591955813
101906,2025-10,0,0.9,0.06927166248496253,0.0913891660852491,0.08467563296785525
101237,2025-11,1,0.9,0.16578249420523272,0.17057458227548847,0.1840833603065051
100391,2025-12,0,0.7,0.05740520221134277,0.04016322250490816,0.06383133682960718
101672,2025-10,0,1.0,0.115185969764598,0.11691436820859324,0.11845715261744535
101986,2025-12,0,0.9,0.11581255033519022,0.12491876810133534,0.10849626484874406
100549,2025-12,0,0.4,0.025404261131926124,0.02920818648764392,0.033442905597461124
101174,2025-12,0,0.8,0.07105321737342647,0.05962720975327075,0.0629194930629152
102025,2025-11,0,1.0,0.23606341578155302,0.20574873818506495,0.1723597771827379
100404,2025-12,0,0.2,0.025453716094426173,0.02631856120086784,0.02243489676498722
101842,2025-10,0,0.7,0.05219871932295654,0.06255542345720082,0.05296857329071608
102069,2025-12,0,0.7,0.15101548712600277,0.20284675132371802,0.2532575797836728
101455,2025-10,0,1.0,0.1356582380432879,0.13179097948735344,0.14373866069012514
101057,2025-11,0,0.8,0.13187587692443456,0.12029960625194162,0.1262756770569893
101816,2025-12,0,0.3,0.027825616109206013,0.024665233823054637,0.02578723214614743
101952,2025-11,1,1.0,0.17086564527712583,0.1675362163266849,0.13479678016475163
101558,2025-11,0,0.2,0.021965239694474902,0.017123257514877626,0.018818579225899506
101145,2025-12,0,0.9,0.12390981278632444,0.1424968017678922,0.15558815369389498
101810,2025-12,0,0.1,0.028808549286893127,0.023738537148890102,0.030046276636693237
100623,2025-10,1,0.8,0.11234830072728622,0.12681427409177481,0.08442454561155918
100991,2025-12,0,0.9,0.07374538313818783,0.04205546272028593,0.05953470395688699
100958,2025-10,0,0.5,0.06432365596585397,0.06250846078543498,0.07220907657312312
100713,2025-10,0,0.4,0.012327332681249685,0.008754821741193327,0.014860366891364296
100745,2025-10,0,1.0,0.16277011690116125,0.1307289411921863,0.11616126348977437
100331,2025-11,0,0.7,0.06667236393641715,0.061629329301667625,0.08048776295891993
100064,2025-11,1,0.6,0.10356401206591814,0.1516905747297888,0.153249538875185
101323,2025-10,1,0.7,0.09525130547340152,0.10347780832123549,0.12832394005854617
101469,2025-12,0,0.6,0.016531889861890102,0.014921000914222615,0.02327119401353739
102062,2025-10,0,0.9,0.11022819472416483,0.1023043739460225,0.1142176555820308
101289,2025-11,0,0.1,0.01082355940382948,0.012907288527636913,0.020698883315276827
101382,2025-10,0,1.0,0.13885161180472425,0.1065423100034462,0.12024715439927082
100785,2025-10,0,0.7,0.060502810157522346,0.054942409545358686,0.04754020049607104
101203,2025-10,0,0.6,0.0396216988113562,0.033153738733375404,0.029145435485423667
100155,2025-10,0,0.7,0.0515420779357758,0.050673609906495214,0.0515696565476433
101588,2025-10,0,0.2,0.03400321787428175,0.047097520870095,0.029729021248029057
100860,2025-11,0,0.4,0.074649342698438,0.07236138689213802,0.06233819982500427
101525,2025-10,0,0.1,0.003954209539661575,0.005323754440101606,0.011346052939305361
100602,2025-12,0,0.3,0.01029133643881887,0.010216732618215311,0.01830336485538319
100615,2025-10,0,0.6,0.14832654919367635,0.14473654187940008,0.1291464656714827
100380,2025-12,0,0.8,0.10922377185514817,0.1426798972857322,0.12240096699535917
100958,2025-12,0,0.5,0.03476721135356211,0.03968614959932532,0.04312505982960842
100495,2025-12,0,0.6,0.1086854238133008,0.09440801152343793,0.08100172519875606
100411,2025-11,1,0.8,0.135179555002153,0.15563461134070103,0.1367865462087252
101116,2025-12,1,0.6,0.09005098537696439,0.08856576067777704,0.0985901621643166
100709,2025-10,0,0.3,0.020183178432777976,0.025992004237060988,0.02979981039592308
101919,2025-12,0,0.9,0.07516561481068841,0.07141446942761948,0.08991351988452494
100426,2025-12,0,0.3,0.013393693830838249,0.013829382360231072,0.019088924164646574
101317,2025-10,0,0.9,0.09715989548641206,0.1030838221062761,0.10630979542957325
100535,2025-10,0,0.4,0.027313790072065552,0.030969927810597438,0.027474944414244903
101935,2025-12,0,0.8,0.23175889947878797,0.2541640629861106,0.2844239862040813
100397,2025-12,0,0.3,0.01316195255007463,0.008458300187426193,0.012741508352488369
101173,2025-11,0,1.0,0.2510192124571069,0.2856362720177484,0.21173364124232943
102053,2025-11,1,1.0,0.32141340895270365,0.3023059414187032,0.28821448498814073
100341,2025-11,1,0.7,0.053823968077687884,0.05354904587849927,0.04804590348584114
100984,2025-11,0,0.7,0.04456727857865912,0.04675221660553952,0.053613658172015154
101833,2025-12,0,0.3,0.05395331238828934,0.04150149827765277,0.035777155170887864
100721,2025-12,0,0.2,0.0217222651972554,0.010989622784778883,0.020524901039377957
102087,2025-10,0,0.1,0.012721378267486759,0.011786702288970432,0.018107396747674937
101078,2025-12,0,0.9,0.22899758358659994,0.22701200878658004,0.21175236715578635
100781,2025-12,0,0.3,0.057005600299011576,0.042998101905309255,0.03043040175156548
100609,2025-12,0,1.0,0.1347694352799975,0.08498033866046713,0.09104544199866836
101542,2025-11,1,0.7,0.05901311784465104,0.042861368165678676,0.03573390731495425
101290,2025-10,0,0.2,0.014791923906946322,0.014661268076158277,0.015522642348575163
100380,2025-11,0,0.8,0.14516815932604374,0.17772454826332756,0.165747109679278
100454,2025-11,0,0.2,0.012852056035635306,0.021872188629707377,0.022089458955878223
101226,2025-12,1,0.9,0.12567309596758722,0.11241463738199661,0.11855845461942399
100672,2025-10,0,1.0,0.2085116745956798,0.1685106563286633,0.127883750334213
100843,2025-10,0,0.6,0.1360343542527899,0.14219834282517507,0.14890343065149836
101658,2025-10,0,0.2,0.05438771379314076,0.06594701467718483,0.04408143050796986
101686,2025-12,0,0.2,0.01861622478122001,0.022524824183977745,0.023057155418201355
101874,2025-10,0,0.5,0.053315708671507867,0.04439342389445734,0.06375783571628704
101891,2025-12,1,0.3,0.05614890074154169,0.0745183538094008,0.06536753212066392
100933,2025-11,0,0.7,0.1150584931594949,0.11986734740987971,0.13929291244499328
100077,2025-12,0,0.3,0.03977257095399042,0.04093997943864063,0.03850325771933972
100419,2025-10,0,0.4,0.022129024850812938,0.023674172735928468,0.03074851093784348
101288,2025-11,0,0.5,0.021634321791749525,0.0171285282763838,0.032141279751413836
100151,2025-10,0,0.7,0.10618018854085368,0.16091754481651827,0.18168771428710667
101031,2025-11,1,0.9,0.05371818904120105,0.04311477789756671,0.052446682570769024
101987,2025-11,0,0.9,0.1251806300056861,0.12427202132406641,0.15735948287930457
101521,2025-12,0,0.2,0.021174721861948093,0.021672584770151878,0.017415241687830638
100679,2025-10,0,0.8,0.15033538447333616,0.13952885878118168,0.14633397733412454
101778,2025-10,0,0.2,0.012163692435842298,0.009736170049106926,0.015948261962723132
100349,2025-12,0,0.8,0.122073723587634,0.11319659627270054,0.09183741553623363
101990,2025-11,1,1.0,0.34983333872290834,0.38306534005578585,0.2978258551880763
100865,2025-11,0,0.7,0.1198345184929501,0.0918159519997217,0.1290386635969729
101026,2025-10,0,0.8,0.18686721963530356,0.1491491651798219,0.14684714840689414
100766,2025-10,0,0.5,0.08770415020222132,0.09789009768691122,0.08658033103839681
100057,2025-10,0,0.5,0.08024068141910642,0.10519668627748574,0.11911889183475895
100053,2025-10,0,0.7,0.06762718383501978,0.10020979176303785,0.08514938749425639
101948,2025-10,0,0.7,0.02866167302998922,0.019661178567433848,0.02397878163625397
100571,2025-10,0,0.1,0.02811789168987217,0.030331594576693127,0.035534467498529815
101182,2025-11,0,0.8,0.1580256368007282,0.1664305582761199,0.17176459086713292
100498,2025-10,0,0.1,0.01360063104103345,0.016537211092791892,0.02664780939161565
101267,2025-10,0,0.4,0.03225116699284865,0.04851431347363193,0.04742603867481143
101281,2025-10,0,0.4,0.04260905849279373,0.03542200173464785,0.03630561953919865
100763,2025-12,0,0.7,0.10143514166941944,0.0734325537199744,0.08821057986211765
101630,2025-10,0,0.2,0.006733623517474311,0.005828034466559442,0.012602156578455115
101098,2025-10,0,0.3,0.05533425051564967,0.037125567736529926,0.02734070195093829
101946,2025-12,0,0.8,0.1641653798538692,0.12840846575321518,0.11269350748054195
100690,2025-10,1,0.1,0.03147177754465282,0.0308946822107585,0.019286505648780455
100436,2025-11,0,0.6,0.07929490911577709,0.06623663237725413,0.05551509469349521
101358,2025-10,0,0.5,0.02092617662918937,0.017418782808526722,0.029119727208161944
102077,2025-11,1,0.9,0.18510461428036942,0.16196214372685097,0.16720204612978112
101546,2025-10,0,0.2,0.020979933468065422,0.03046002054437529,0.02517430594464493
101377,2025-10,0,0.9,0.07411282101391131,0.08241617161330497,0.07790171297358264
100931,2025-12,0,0.2,0.029420619731409723,0.029859485497290342,0.028553691925423556
100044,2025-10,0,0.9,0.04131502999471313,0.05560321830745733,0.050355807986698996
100295,2025-10,0,0.5,0.10814489156288036,0.13660369484868953,0.12952332267395072
101759,2025-10,0,0.5,0.07485350734315796,0.05522441323945446,0.0732298467609279
101274,2025-12,0,0.6,0.06928942107610091,0.05156405650944615,0.047918997004758955
101176,2025-12,0,0.5,0.05378758646357143,0.046895072732360495,0.07836495803454979
100932,2025-10,0,0.6,0.09396880512064645,0.13285769732710867,0.10937501762781733
100978,2025-11,0,0.7,0.04984934644659945,0.043032070232721605,0.03540324960993875
100275,2025-11,0,1.0,0.3130455588117018,0.22441675317971807,0.20259067673983208
101704,2025-10,0,1.0,0.15775251772286958,0.12774321946954276,0.11748058994832487
101472,2025-12,0,0.8,0.04162627904665892,0.045255601541893134,0.04292707986017999
101612,2025-10,0,0.7,0.04621440822535975,0.044457513683350866,0.053892379035819865
100211,2025-11,0,0.7,0.08330692599928513,0.08461825068045989,0.09274691098071915
101762,2025-12,0,0.2,0.023201287923729386,0.02188827395221655,0.02309455316629605
100153,2025-11,0,0.4,0.05582473794249829,0.028313939959030636,0.030297442605273152
101813,2025-11,0,0.9,0.16292414364041274,0.11421666880623298,0.13112082261351654
101053,2025-12,0,0.6,0.08188368610152885,0.07363625565663255,0.06078618928574269
101347,2025-10,0,0.4,0.028620455035680115,0.026229249577417475,0.030271964211334875
100303,2025-10,0,0.9,0.10486124607419114,0.11560962765257878,0.11102604823286764
101236,2025-11,0,0.2,0.013136878998097849,0.010648286678399628,0.016887404447907428
101000,2025-11,0,0.3,0.033794664164020015,0.01751049113811601,0.025265285201223703
100964,2025-11,0,0.1,0.017849861605254064,0.024938827778101712,0.026999731974537193
101785,2025-12,0,0.3,0.029344022714045036,0.028919345457077538,0.036696341314225396
101279,2025-11,0,0.4,0.05531328989815261,0.03600923567318252,0.02924516290513422
100143,2025-11,0,0.8,0.2227005081705095,0.2366563353157314,0.22334169398358483
100850,2025-12,0,0.1,0.019341608419472144,0.019881370727430594,0.0250148107447507
100619,2025-12,0,0.1,0.013526929011267407,0.01170762943709729,0.01689697067057636
101143,2025-12,0,0.4,0.0567590541255357,0.0742057258901593,0.073083954814905
101261,2025-11,0,0.2,0.03241484839880403,0.01992590473664769,0.02249853394972419
101230,2025-10,0,0.4,0.030966441701299134,0.023890525704063872,0.02610083237452661
101159,2025-10,0,0.2,0.022987775725464007,0.0215178022489019,0.01961960903248775
100778,2025-10,0,0.3,0.014257275312364174,0.010489226886012453,0.014449150294309708
100660,2025-12,0,0.1,0.015538889254742625,0.01830829779988424,0.023963853917799677
100586,2025-10,0,0.3,0.02036447018246072,0.019077249411924662,0.02198011021789655
101591,2025-10,0,0.9,0.15755995922597046,0.18324586752627714,0.17157747938329965
101594,2025-10,0,0.9,0.09757209441998614,0.10104398473729605,0.11222695630550977
101675,2025-12,0,0.2,0.04440260884216207,0.041925276273288264,0.03289385281020865
100239,2025-10,0,0.9,0.10626043957527088,0.1080942804333081,0.11240832690927409
101311,2025-11,0,0.7,0.12527993048437883,0.15281731207916152,0.12695074979040719
100023,2025-12,0,0.5,0.013079422733311892,0.008410718167251193,0.017805242588210892
100035,2025-10,0,0.6,0.0167440589010615,0.02185397400946395,0.025084347697092887
100840,2025-11,0,0.1,0.014837479923181808,0.015253570564733867,0.019598884719947907
100808,2025-11,0,0.3,0.012508400766236744,0.017065240072593007,0.020694484678887383
100544,2025-11,0,0.1,0.009846634390670603,0.006772237086873204,0.011250981875794992
100806,2025-12,0,0.7,0.07669932182397396,0.07075399907573814,0.08642389283417494
100664,2025-11,0,0.9,0.19203623601612274,0.14479637946768237,0.11540955370286762
101243,2025-10,0,0.1,0.0296974600521392,0.030863347144631216,0.02937405770520059
101219,2025-12,0,0.8,0.20764635649957783,0.17750561930520775,0.1588019338655623
101350,2025-12,0,1.0,0.04035778581159886,0.03196823688620673,0.03481243212833848
101492,2025-11,0,0.7,0.028118325718821793,0.025070773474847093,0.024835672540773793
101798,2025-11,0,1.0,0.10164866714512705,0.12935906513708528,0.10848213631337246
100712,2025-10,0,0.1,0.017880845767750994,0.016791451961424814,0.016521988466589446
100929,2025-11,0,0.9,0.14153532332572222,0.16011548471790482,0.1739922686579413
100862,2025-12,0,0.3,0.035707516328995374,0.023056071077696156,0.027219270397555378
100220,2025-12,0,0.3,0.04329206727794143,0.05391769410033681,0.04708862233002157
101554,2025-11,0,0.7,0.10397503046220427,0.10809116230695798,0.11989568257206067
100183,2025-10,0,0.6,0.061626400329512464,0.0878108596256319,0.05427784228205746
101622,2025-11,0,0.4,0.012660039283122137,0.019272738453202133,0.02347330632925933
101518,2025-12,0,0.5,0.07876478940015506,0.09627868376414771,0.09969578103456561
101104,2025-12,1,0.8,0.24218879369017435,0.2498181581773209,0.2652993948022986
101126,2025-10,0,0.3,0.024900639750816293,0.034520128755563706,0.04091829127119203
100618,2025-10,0,0.2,0.0180892367407411,0.02668048538539985,0.024987441864030936
101597,2025-10,0,0.6,0.03042545166642404,0.02529656812390175,0.02823468590838889
102033,2025-11,0,0.5,0.012904430175169153,0.012006496124928271,0.01801402083964592
101340,2025-10,0,0.1,0.013304969134706914,0.01792352203535966,0.024922918105546817
101670,2025-10,0,0.9,0.22102395590080376,0.25742714021363217,0.2768807395741012
101687,2025-12,0,0.4,0.024086568428863375,0.015675732349674752,0.02352507754418548
101242,2025-12,0,0.1,0.010686973930181937,0.009721623709133804,0.012440297505084857
100553,2025-12,0,0.1,0.01590267652343457,0.010938208159620409,0.012740254339900838
100079,2025-11,0,0.8,0.16064824895550806,0.16262551712137588,0.1766481638948929
101122,2025-12,0,0.7,0.03958407588005208,0.03456214501273168,0.03427406418013121
100325,2025-11,0,0.3,0.008572705761480835,0.016012070659908055,0.016333206911498744
101423,2025-12,0,0.8,0.219871827364656,0.32532111017851645,0.3222121890804365
100247,2025-12,1,0.5,0.06639269767445462,0.060583786315174366,0.0834567454449367
101835,2025-12,0,0.1,0.023061220819040173,0.02879080202519687,0.028527793808396363
100489,2025-12,0,0.8,0.04607744869859576,0.04985955454783559,0.04180516879858429
101320,2025-10,0,1.0,0.09734364577932328,0.12467321133499074,0.11191556562086392
101971,2025-10,0,1.0,0.07867476366498215,0.08452827062409457,0.1016387024102772
100259,2025-12,0,0.7,0.02551174179994106,0.02892637066474768,0.027108522293220107
101735,2025-11,1,0.6,0.07095370131449161,0.05727202867949516,0.05272522075752661
100938,2025-11,0,0.4,0.048046887013911084,0.03448110817782512,0.03510424082110298
101081,2025-12,0,0.3,0.02804686628365817,0.03708824234825414,0.035729705083667004
100496,2025-11,0,1.0,0.25993966568695714,0.19317920295640886,0.16395862037774417
100394,2025-10,0,0.2,0.017459822713262824,0.013922032950637007,0.013675796911448091
100133,2025-12,0,0.1,0.020176267703336345,0.029650332860431686,0.032426690931258495
101451,2025-12,0,0.2,0.006259961633135016,0.004696221925102376,0.010462161205640471
100813,2025-11,0,0.4,0.04799328524293727,0.029310986801654285,0.03334936436105957
101568,2025-12,0,0.3,0.01272219883431087,0.0134200019422035,0.02307742765693764
100359,2025-12,0,0.3,0.04035881513917054,0.027029822011842022,0.025843393012627072
101896,2025-11,0,0.5,0.052231043692174996,0.05357494193371088,0.05126633941164597
100658,2025-11,0,0.6,0.07066293250482594,0.06415539983747073,0.05945183545072761
100503,2025-12,0,0.8,0.04195495167878859,0.034959988845169127,0.04493092177172299
101052,2025-12,0,0.3,0.02274257400167468,0.01897690693400573,0.02549973753223811
100655,2025-11,0,0.6,0.04272158291593766,0.046422927464991555,0.03540445428516759
100944,2025-10,1,0.6,0.07405123982005048,0.09595522737807191,0.08228536700824086
101011,2025-11,0,0.9,0.17455643754588676,0.2291705216441089,0.22432067474323578
102086,2025-11,0,0.2,0.011686857898995982,0.01224200277945091,0.014627305093143361
100529,2025-12,0,0.6,0.042396698744075395,0.037174329184789384,0.0370379227912413
101557,2025-11,1,0.6,0.09991463033694438,0.07390144531191059,0.08453043143967318
101309,2025-11,0,1.0,0.061659147333625236,0.041595750931507476,0.04500741835351643
100701,2025-10,0,0.5,0.023549157584054868,0.020991435050598858,0.0356597986698885
101662,2025-12,0,0.1,0.00857981557043176,0.007140373748240994,0.016058243781970447
100319,2025-12,0,0.3,0.03188276337706258,0.03235615110869493,0.04645477902209663
100187,2025-11,0,0.9,0.08190238462539774,0.09572855990474718,0.13206926061851196
100846,2025-10,0,0.8,0.15923038532700184,0.15757562815814605,0.18548659997495723
101095,2025-11,0,0.1,0.022200473827077596,0.019612260809453743,0.021597210792717064
101047,2025-12,0,0.3,0.00910356770353004,0.010029531803025224,0.01814784157154723
101442,2025-11,0,0.5,0.0490574684515517,0.05067903814075603,0.048409294902510634
100862,2025-11,0,0.3,0.04233111941970695,0.031107409915559034,0.02895046439871891
100562,2025-11,0,0.1,0.007206514344993085,0.0057096638589793705,0.009457292485330011
100176,2025-11,0,0.4,0.01284377198845335,0.012348269571228069,0.01913199112729668
101741,2025-12,0,0.7,0.13422131509022506,0.1058462429541335,0.10785520570501206
100793,2025-12,0,0.2,0.01670470409037043,0.018109136069900885,0.021317989266270376
100736,2025-11,0,0.6,0.033785990611019355,0.042207253914667606,0.03970342453013681
100736,2025-12,1,0.6,0.10687556251295136,0.15634163929555853,0.14066279033193765
100903,2025-10,0,0.7,0.024623495470226665,0.018860083344588583,0.02043545545268307
101674,2025-10,0,0.6,0.11225103613555118,0.12344812148045047,0.12699686627010867
101540,2025-10,0,0.3,0.010968610714635786,0.013573917033900169,0.022725775452435863
101266,2025-11,0,0.9,0.10178693778278486,0.1576422433252612,0.13731833625102002
100288,2025-10,0,0.9,0.05882067362029085,0.0628329584957069,0.06399958718404046
101442,2025-10,0,0.5,0.020101684754907995,0.019196262555725686,0.027866280312779497
101077,2025-12,0,1.0,0.26012011580978533,0.21524018636125672,0.16338264883883893
100491,2025-10,0,0.4,0.01993015883626831,0.02428457912455974,0.03395853651782827
101942,2025-11,0,0.1,0.029646618002189977,0.024237108923860166,0.01950930666505759
100754,2025-12,0,0.4,0.06932882009446632,0.0932660737442404,0.0697116615818063
101361,2025-12,0,0.1,0.009642974470155894,0.01190248406863263,0.01935672438515686
100654,2025-10,0,0.5,0.030947369160506173,0.033769061176865615,0.04179709836390942
101058,2025-10,0,0.7,0.0952452676694759,0.08168060772645652,0.1042665053060429
100617,2025-12,0,0.3,0.028423205177581283,0.04422307099067309,0.04749382457747525
100545,2025-12,0,0.2,0.017756730445713156,0.019164846259145194,0.022604450605010446
101357,2025-12,0,0.9,0.09116106794748051,0.09209131143297504,0.09000346623977538
101299,2025-11,0,0.8,0.09915593521261917,0.07156616435191973,0.0951660450141087
100217,2025-12,0,0.1,0.008183362242553479,0.006732457952905573,0.01221786836619027
101527,2025-11,0,1.0,0.33480177257461513,0.3216068232422661,0.22605211381987925
100817,2025-12,0,1.0,0.18068226155526299,0.19377982269281172,0.1669711608503984
102054,2025-12,0,0.6,0.03407127059917364,0.024181387129223735,0.02544735626280561
101460,2025-11,0,0.5,0.13187640294942665,0.1164664025679823,0.11342633939307853
100724,2025-12,1,1.0,0.1313877278478966,0.1276775909646081,0.11819872007550797
100589,2025-12,1,0.8,0.06892036024122551,0.07151652532523356,0.05394098755353689
100357,2025-10,0,0.5,0.09389204968952458,0.09816054238669189,0.09734761892480281
100238,2025-12,0,0.9,0.2923080531570225,0.2989803132843136,0.2479670237350616
101379,2025-11,0,1.0,0.09382168026100399,0.0762837448110336,0.0751178905852521
100484,2025-12,0,0.9,0.27839381278528985,0.2651652551847249,0.2580800413133591
102016,2025-11,0,0.7,0.049409674828486023,0.05054163347740606,0.0489405873775699
100142,2025-12,0,0.3,0.026070273288952072,0.025709109350577908,0.026809808617335645
101754,2025-11,0,1.0,0.1197341931382425,0.12233078908996488,0.10763998047500084
101883,2025-12,1,1.0,0.33741817390220546,0.3392563448663913,0.2929676651151572
101636,2025-10,0,0.9,0.16545842633552688,0.14095077349926804,0.17131539759714026
100691,2025-11,0,0.2,0.02638597730733903,0.03834446788696696,0.029553579775263208
100039,2025-12,0,0.8,0.06489165819378039,0.06781482395619702,0.0790827392566165
100699,2025-11,0,0.1,0.033306798514969094,0.03751073962704269,0.036508007673795494
101272,2025-12,0,0.7,0.11856633104985981,0.1516903888902098,0.1874865397411801
101232,2025-12,0,0.9,0.21681362432096668,0.21622363726078986,0.20151078978241158
100859,2025-12,0,0.9,0.3153651938796943,0.3851537423910039,0.33113819256870425
100798,2025-11,0,0.7,0.15708882749539574,0.2203811549766273,0.2582215940665756
101957,2025-12,0,0.9,0.15487668869865945,0.12634276136379952,0.13362317043469035
101404,2025-11,0,0.2,0.05940547747707187,0.04718516358806236,0.024725715495599293
101077,2025-11,0,1.0,0.33063662224176266,0.37308551205874396,0.35211438896757397
101278,2025-10,0,0.3,0.02823148968883287,0.02304620872547801,0.028923261297580945
100627,2025-12,0,1.0,0.16271943325460442,0.1682743648050305,0.1319874541676611
101675,2025-11,0,0.2,0.017949194088572335,0.02159333915994164,0.020031948733911235
101943,2025-12,0,0.4,0.05537825657315792,0.08226960712172673,0.06862255571823947
101247,2025-12,0,0.6,0.11437762521754959,0.0932092264060008,0.08332957380563757
101446,2025-10,0,0.8,0.11375917048497894,0.10501839953279901,0.08004488991510082
100122,2025-10,0,0.5,0.09280554930212274,0.07539797448888212,0.08453219284455248
101074,2025-10,0,0.4,0.050137542562587054,0.039460833837706315,0.03530057235840094
100564,2025-12,0,1.0,0.17120644198178733,0.19678775123849174,0.18779409157888224
100452,2025-10,0,0.7,0.11771122977557813,0.1202718460029886,0.1510406988543343
101213,2025-11,0,0.2,0.021783547228618777,0.014389904576297024,0.014159274496618286
101811,2025-10,1,1.0,0.1626405346250414,0.21571975752267492,0.22603314409288822
100467,2025-12,0,0.7,0.03144546512412678,0.031213503618211864,0.045677536470885474
100016,2025-10,0,0.2,0.0174075266868848,0.013649729937870399,0.013983173983831108
102004,2025-10,0,0.4,0.029733540351489864,0.033126326528682526,0.03586447150416466
100387,2025-11,0,0.9,0.1892057555419294,0.1911747341442128,0.19442904900930033
101132,2025-12,0,0.6,0.039619403637507794,0.0369037426179811,0.04855820101873039
100416,2025-11,0,0.1,0.02391637469125602,0.02000247027725838,0.029290849862076397
101477,2025-11,1,0.5,0.09530316946350018,0.10819315177544066,0.13461673269646207
100533,2025-10,0,0.3,0.02544526509363174,0.02255707422184793,0.02698362725876227
101813,2025-12,0,0.9,0.0586746961465257,0.050202132841565376,0.06212110690674387
101443,2025-11,0,0.7,0.050937134376158946,0.042026994023635286,0.03995589101600113
100582,2025-12,0,0.5,0.08978527844240487,0.07676042494204834,0.08327798002812288
100922,2025-11,0,0.3,0.04614937013740346,0.04380146853778291,0.04040086384188206
100149,2025-12,0,0.8,0.0615344597666023,0.05810559689933837,0.056232209297072296
100976,2025-12,0,0.3,0.030280093861072575,0.014918972986850786,0.022050602222408008
100759,2025-11,0,0.2,0.04211026110320991,0.037653601086652055,0.030462625732561234
100329,2025-12,0,0.1,0.013005141892483356,0.014236602662316324,0.015776307111334313
101779,2025-12,0,0.8,0.13028128589461108,0.1261445002887793,0.1365242112679275
100321,2025-10,0,0.4,0.07552880447478963,0.0851536844977601,0.07188878163774069
101066,2025-11,0,0.4,0.017861649159528033,0.020404684246047192,0.02353065932847129
101045,2025-10,0,0.9,0.1653803067978116,0.17324871465050054,0.1465545896208886
100298,2025-11,0,1.0,0.38921080846831224,0.3953339006472799,0.28955795651589455
100587,2025-12,0,1.0,0.41144381325022905,0.4727527086818482,0.3674783596048241
100325,2025-12,0,0.3,0.03601577836190316,0.05536214643025305,0.04288039588348808
100813,2025-10,0,0.4,0.02736270524278686,0.0138249960530874,0.023784407956715273
101414,2025-11,1,1.0,0.2160323113986431,0.21587798802749406,0.19475075006795567
100648,2025-11,0,0.4,0.06583457241403891,0.06557706821256382,0.0503599029411946
100167,2025-12,0,0.9,0.0534439152813409,0.05798981003720046,0.07575442334278018
100751,2025-10,0,0.4,0.028113130540519587,0.03413782799227876,0.030857122357963764
101574,2025-11,0,0.1,0.04037104576478202,0.04860504231558718,0.0382310358463033
101199,2025-12,0,0.1,0.014996884920707994,0.012551250789616764,0.01205022125497238
101424,2025-10,0,0.1,0.015236888607599475,0.014821128548828461,0.020184885186137102
100700,2025-11,0,0.7,0.051909427810137895,0.04250452417566336,0.04397086545838484
100759,2025-12,0,0.2,0.03576173897212934,0.02341674938288022,0.016565645529506304
101623,2025-12,1,0.9,0.13559396543423635,0.15356696017673152,0.17460548443018262
101158,2025-11,0,0.2,0.010909519063036405,0.01099420132103876,0.01402334958680864
100751,2025-11,0,0.4,0.013990304975357692,0.017726851808191824,0.027486348783034825
101922,2025-10,0,1.0,0.23903657688919455,0.23817105981084336,0.2668533462409462
102034,2025-12,0,0.4,0.013609531944496994,0.014121308278293767,0.015696476108816165
101815,2025-10,0,0.3,0.01273693478534385,0.0114485030912877,0.022746679578739482
100181,2025-10,0,0.1,0.022472880922591497,0.01987877372519601,0.01725147624016729
100506,2025-11,0,0.4,0.013953126395880658,0.021075864449837608,0.02727493176931841
101253,2025-10,0,0.6,0.13455972441936342,0.13352596472831013,0.1049122483956539
101013,2025-12,0,0.5,0.03490074090682892,0.033766183634486344,0.0308117020683176
101336,2025-10,0,0.9,0.1836408350388562,0.1517306809911696,0.15312460002180978
101282,2025-11,0,1.0,0.17838817437009066,0.09658111112724196,0.11156583651236503
100158,2025-10,0,0.2,0.03131908542300289,0.0228445041243149,0.023598552147722295
100735,2025-12,0,0.6,0.07987452386603117,0.08509911758004252,0.06421323712655551
100076,2025-12,0,0.5,0.026164723403258594,0.02516757544339944,0.02876014228499386
101913,2025-11,0,1.0,0.4145706839101065,0.40428429621912826,0.31439223028914604
100000,2025-11,0,0.1,0.030799748314005296,0.03549510830174293,0.037990122392328185
101485,2025-12,0,0.1,0.021528288489707833,0.015578995090179832,0.020713658772024343
101763,2025-11,0,0.9,0.08400389382700543,0.13079330733083266,0.12520730084870343
100618,2025-12,0,0.2,0.020410854529992695,0.023331248144110965,0.01866128830317051
101246,2025-10,0,1.0,0.3023064872951504,0.30750537826322116,0.2397885606695491
100988,2025-12,0,0.3,0.004933451070550735,0.00484295262779253,0.012556571706729362
100664,2025-12,0,0.9,0.06930815379162182,0.044137716415560545,0.06147956922480098
100008,2025-11,0,0.3,0.03884495687804445,0.03867925759711139,0.03704017959342368
101915,2025-10,0,0.2,0.010736916148775828,0.008840726175181684,0.01269945853420674
100372,2025-11,0,0.8,0.165335190248807,0.16179783537751477,0.16803162538273128
101632,2025-12,0,0.2,0.011325196334824482,0.009516205945813913,0.014173834016024732
101851,2025-11,0,0.5,0.03322521254505592,0.03270113680718705,0.03845779620651172
101956,2025-12,0,0.9,0.0560286758364577,0.04523515745340331,0.052086135339256656
101904,2025-11,0,0.3,0.018882377810799125,0.014719201781429048,0.01714789087391087
100602,2025-11,0,0.3,0.02459587738526187,0.03082686674350039,0.033977618674218314
100521,2025-10,0,0.7,0.06106317549881235,0.04273102191416691,0.06337618477082287
102096,2025-10,0,1.0,0.07078577168747195,0.07065229883337179,0.06490358901084399
101382,2025-11,0,1.0,0.13787309667703804,0.10718620293614486,0.12391403796599956
101784,2025-10,0,0.1,0.012340656081020874,0.013421508083111619,0.02286654644324076
101454,2025-11,0,0.6,0.06338849070327368,0.04159063795509988,0.0559058897673427
100642,2025-11,0,0.1,0.016524474220436944,0.006241779399703687,0.016030084194909214
100329,2025-10,0,0.1,0.029528987990267392,0.02832739838591181,0.020858696832928406
100009,2025-11,0,0.8,0.06760570198784807,0.07499302633420873,0.0797786753687705
101998,2025-10,0,0.2,0.02499075484379407,0.024264445369970116,0.020087799430251255
100459,2025-11,0,0.8,0.07320505334709682,0.10405781311742807,0.08165224537761431
100461,2025-12,0,0.9,0.1030741023283165,0.07125417221011025,0.08544428164382446
101733,2025-12,0,0.4,0.04652570829736127,0.04523183162823594,0.044242292923686866
100329,2025-11,0,0.1,0.025257569177227265,0.025072071004662938,0.028158724201847795
101703,2025-11,0,0.1,0.02419046329928418,0.029415728972804686,0.052775201886094025
101176,2025-10,0,0.5,0.0527234806889448,0.04904714810753965,0.07629648264600675
100178,2025-12,0,0.8,0.023060622054926,0.02283569077871209,0.0245595609791863
100052,2025-10,0,0.9,0.24101091860338952,0.17190179960298788,0.16850412184931388
102022,2025-11,1,0.7,0.1042258704147911,0.12355675662321146,0.1371348384231428
100101,2025-12,0,0.2,0.036909124292234925,0.021791206542172276,0.019757296901807355
100287,2025-11,0,0.5,0.058414171957901544,0.059392759307435435,0.05758396636975918
101131,2025-10,0,0.5,0.04122982839086323,0.036567735529638254,0.06025253256734891
101566,2025-11,0,0.2,0.028377655155424033,0.030716682995770846,0.024097782297876534
101583,2025-12,0,0.9,0.3150614305585754,0.2820374092576478,0.22646066005441995
101817,2025-12,0,0.8,0.05071823205130296,0.03930223525909722,0.04777773093923574
101971,2025-11,0,1.0,0.19109721702178117,0.24404513196623878,0.22612700887774073
100515,2025-12,0,0.3,0.04276386482960383,0.03177947076474041,0.03274823514381913
102090,2025-11,1,1.0,0.31988090401651686,0.42128496439948054,0.38289943298705365
101219,2025-10,0,0.8,0.15366022380390773,0.15034937016639333,0.15941842605263085
101275,2025-10,0,0.2,0.024567439122096323,0.029131963834280333,0.029316988693664697
100356,2025-11,0,0.8,0.06753182805572208,0.06651640690080309,0.07622880536382315
101688,2025-12,0,0.3,0.014611150088877072,0.008944942249089928,0.014153076311067417
101957,2025-11,0,0.9,0.07618448884485858,0.07077065900729802,0.06982479210520687
100473,2025-10,0,0.4,0.08307442891639555,0.07604424234525047,0.048613599403484385
100585,2025-12,0,1.0,0.20928677272458707,0.21723556133013036,0.18533684798685163
100622,2025-11,0,0.3,0.024122165912222236,0.019320498823836057,0.0258517675032884
101736,2025-12,1,0.7,0.1575940983341418,0.16609264996461012,0.17584493196939893
101786,2025-11,0,0.1,0.0217393874699791,0.022330775838260684,0.01678437001833017
101532,2025-10,0,0.2,0.04234738105314517,0.05548268227889675,0.04987216875915764
101782,2025-12,0,0.1,0.03257108957984329,0.02224458202685629,0.01950738183733846
100861,2025-12,0,0.2,0.03905066142680262,0.0403089635431063,0.031754268331538084
101234,2025-10,0,0.3,0.013559131234011054,0.011219278606016693,0.019123127762696722
101151,2025-11,0,0.2,0.04263114775322815,0.03571900108693257,0.021578991894759803
100479,2025-11,0,0.7,0.11144303246598664,0.08562436066444037,0.10035393121372115
100692,2025-10,0,0.4,0.04826228161318546,0.05362180550285734,0.05603492388239275
101450,2025-11,1,0.3,0.01874021455931432,0.016539148460789528,0.02122730169919331
102059,2025-12,0,0.9,0.08976960150950809,0.07647322714860537,0.09187902835706355
100166,2025-11,0,1.0,0.21105014826352106,0.14034227337376817,0.15450857386662073
101715,2025-10,0,0.7,0.15836617768623182,0.11611028880037644,0.14378877514020869
100844,2025-10,0,0.3,0.02053394927072589,0.023716998098122454,0.03030054189268766
100546,2025-12,0,0.7,0.11386998837466612,0.08067706366085489,0.1260856391247764
100686,2025-11,0,1.0,0.22605256668499743,0.26093909673691323,0.20172319581584353
101852,2025-11,0,0.5,0.03837390885537968,0.053079278500405114,0.05201497366891294
100411,2025-10,1,0.8,0.11554445303327529,0.1074900878115175,0.09903843806875284
100743,2025-12,0,0.4,0.030817197216294938,0.02639807407498974,0.035671496307224146
100561,2025-10,0,0.3,0.03997484259310424,0.03359253524345997,0.04016409170232689
101359,2025-12,0,0.5,0.07893073367577375,0.09584257264257727,0.11119000279709283
100130,2025-11,1,0.9,0.3087701889668928,0.3709555270539629,0.36622339120061564
100866,2025-12,0,0.4,0.02112627503072105,0.029228419896413133,0.03161477209177697
100602,2025-10,0,0.3,0.03611589602441691,0.04490749525784646,0.04022619487817735
101063,2025-11,0,0.2,0.004810050467314591,0.006024731503190479,0.011286955895985178
100705,2025-11,0,0.5,0.020439290480665968,0.020764483204515065,0.01768480761176967
101609,2025-12,0,0.9,0.042797580250083345,0.046378768793377566,0.05330991587046568
100905,2025-10,0,0.7,0.08967342872132752,0.09714806842160133,0.08740010070212509
100123,2025-10,0,1.0,0.2900740919500747,0.2814252760944841,0.25376918087627515
101338,2025-10,0,0.7,0.04748224106404867,0.0427779793361175,0.043739715271746894
101035,2025-10,0,0.9,0.038200401847310446,0.04471343604077768,0.05390103094974658
100063,2025-10,0,0.7,0.092188352515427,0.07100878288178383,0.08322403256386342
101531,2025-10,0,0.6,0.07869774615833557,0.06766740610235163,0.05669156906236558
101062,2025-12,0,0.4,0.009735367140449471,0.011166383301710228,0.015143496072295525
100573,2025-10,0,0.8,0.21021444217152435,0.20130774352030684,0.20815313771929247
102032,2025-10,0,0.2,0.013029066325591141,0.00794307534226426,0.014713149448203337
101053,2025-11,0,0.6,0.11738068432154636,0.12471293503145613,0.09466084662772038
101459,2025-10,0,0.4,0.04431199774336857,0.04151896383395664,0.05098103192489714
102052,2025-12,0,0.5,0.021448536583378856,0.023078188758475005,0.03266753498047298
101289,2025-12,0,0.1,0.02371753747790604,0.021793103061180843,0.019806724663927106
102011,2025-10,0,0.4,0.0172676251607095,0.020403406931170185,0.024128345507640817
100410,2025-10,0,0.1,0.006719763488226775,0.004626282558661214,0.011376771417270167
100792,2025-11,0,0.7,0.13765723519549453,0.14840236940845553,0.1599023042078456
102048,2025-11,0,0.8,0.04844978754250049,0.03885920388376001,0.05702702793494803
101493,2025-11,0,0.9,0.06896988298505598,0.08389143761466623,0.09221446373108635
101066,2025-10,0,0.4,0.06293898391505648,0.05308222768606976,0.036915028017536586
102012,2025-10,0,0.8,0.2029219259140664,0.22217697356906332,0.24353313269312285
100757,2025-10,0,0.9,0.17790057745191537,0.21000123484540684,0.14255090621226016
100169,2025-10,0,0.3,0.052698474252165194,0.03994242927916137,0.02684383700184281
102049,2025-11,0,0.9,0.10460820199736999,0.08685423887313373,0.11783129285062148
100543,2025-12,0,0.8,0.16756366568575562,0.22875061116158188,0.23560275640030867
100128,2025-12,0,0.9,0.18492643872880885,0.18197202430858472,0.18681329984050316
101180,2025-12,0,0.1,0.0070242819623335204,0.007267083892692951,0.012474917864967718
100453,2025-11,0,1.0,0.2939039470851899,0.31004156671937083,0.2910227903240722
101273,2025-12,0,0.5,0.04206616631901772,0.03894518108380099,0.04848427001686485
100507,2025-10,0,0.2,0.009792217159963146,0.010649162882361209,0.017601268486433726
101649,2025-12,0,0.3,0.046929802374683326,0.0438972460656028,0.048502897613067406
102066,2025-12,0,0.3,0.05201492050796126,0.05228748415994276,0.052578534613295244
100715,2025-12,0,0.1,0.014996884920707994,0.01732237143530475,0.023092634470595345
100341,2025-12,0,0.7,0.1909059196090628,0.1919528206555338,0.1788014335412259
101578,2025-11,0,1.0,0.28927516915891616,0.2564738425923731,0.18987257180723546
101346,2025-10,0,0.5,0.11535887271017092,0.15990722922602332,0.17064928965020937
100021,2025-10,0,0.2,0.04838153233936737,0.06433899410850825,0.049604246148565755
102046,2025-12,0,0.9,0.15798038935285807,0.15437264232878112,0.15753249660627378
100243,2025-10,0,0.8,0.1295260704297504,0.14278130049835483,0.11844145421701524
101230,2025-12,0,0.4,0.026267426262103103,0.02650133270608095,0.031876675003576355
101855,2025-12,0,0.1,0.0218143220687795,0.020556595807527885,0.015523391743838724
100420,2025-11,0,0.7,0.036641052349047125,0.035096106554778,0.05626807476191145
101173,2025-10,1,1.0,0.26225661716990867,0.3267024812845357,0.26673938491375926
102072,2025-11,0,0.3,0.02346851504587541,0.020098115861565014,0.030770472829110898
101389,2025-11,0,0.3,0.014940598674842617,0.01454120149758094,0.02626999193984715
100023,2025-11,0,0.5,0.05225695258864805,0.03162540809505327,0.049860717056297243
100814,2025-11,0,0.1,0.0162672386804982,0.016292509056081046,0.027565016375645655
100908,2025-12,0,0.6,0.026926906215613295,0.02342034254181126,0.018300998100031163
101741,2025-10,0,0.7,0.12992064018746982,0.11930217025839639,0.12365886742804558
100038,2025-10,0,0.6,0.07857082934440629,0.06683830588406423,0.0813471449781567
101423,2025-11,1,0.8,0.10934377954821292,0.15977219563042658,0.12054355668299074
100728,2025-12,0,0.7,0.043726165243014224,0.04394904248351963,0.049237347169301116
100354,2025-10,0,0.1,0.00516624101963279,0.005568389057429952,0.010951539836116917
100965,2025-10,0,0.1,0.019695191591272684,0.025904908163962057,0.026656633569186936
101377,2025-11,0,0.9,0.11563048173289933,0.12886307127130683,0.11645564259459733
101564,2025-12,0,0.5,0.06457056429110526,0.06707341261189152,0.06076393617664727
101303,2025-10,0,0.5,0.022949616940235583,0.018668084002675885,0.030272795646989092
100012,2025-12,0,0.3,0.06821603371773947,0.07350824720919044,0.06507495841782684
100876,2025-11,0,1.0,0.05666561045036727,0.043793035358756456,0.052497082841390784
100405,2025-12,0,0.1,0.022630834332569794,0.017793179449100482,0.01627037046507731
100718,2025-12,0,0.1,0.015002380581884897,0.02116680992598962,0.03112789981549561
101984,2025-12,0,0.1,0.028254444818010496,0.03569429766920307,0.03668258484154197
102069,2025-11,0,0.7,0.0597902892814711,0.0722991934104389,0.07746420434480641
100489,2025-11,0,0.8,0.11517931141040205,0.12772716010802201,0.1185330183431706
100168,2025-12,0,0.1,0.03285672689949812,0.031526382368005555,0.02205985683694212
102026,2025-11,0,0.6,0.07613912774060709,0.07365166353610926,0.08629941360449567
100581,2025-12,0,0.8,0.08698140443287006,0.09413762974579146,0.09373415026699883
101887,2025-12,0,0.7,0.0819735814402597,0.0825076052825748,0.0996976615725447
101094,2025-11,0,0.9,0.13467133561776853,0.10661428653127661,0.12244530215815633
100390,2025-12,0,0.8,0.1641571033799763,0.2187407809074915,0.23421726113492758
100941,2025-10,1,0.6,0.10294533952188628,0.07957575493019405,0.08746430573548225
101699,2025-12,0,0.6,0.0990804548846944,0.11369790772636222,0.1105795354939143
100978,2025-10,0,0.7,0.10164908671776549,0.07995797196260226,0.08433137788857283
100601,2025-12,0,0.2,0.03729667666206863,0.03817755751103481,0.029270348133633498
100752,2025-10,0,1.0,0.1215538720957577,0.1342925345177464,0.10879275471211593
101155,2025-11,0,0.7,0.1115600977771385,0.08946112431388882,0.12116986788014183
100423,2025-10,0,0.8,0.10427137509433095,0.10249669999317558,0.10513139696454833
100346,2025-12,0,0.1,0.028061923734833252,0.031644020460123254,0.03834579192050376
100177,2025-11,0,0.9,0.1785978385189677,0.17650835923606426,0.17960765438170936
100997,2025-10,0,0.5,0.026615063054772146,0.033445421400158534,0.03673942525718511
100171,2025-10,0,0.4,0.016952133225141428,0.016903294307633102,0.0236220267390433
102084,2025-12,0,0.3,0.027604442565635934,0.017972845909909507,0.018120686125540478
100589,2025-11,1,0.8,0.1457940499883219,0.19774982134492336,0.14667630992986566
100397,2025-10,0,0.3,0.045856137228485964,0.041460038742137884,0.04942701128965258
101410,2025-11,0,0.9,0.04277898390684187,0.0611080304299232,0.06494622503178961
100904,2025-12,0,0.3,0.012114027255661193,0.016724299264254183,0.01720865360145906
100083,2025-10,0,0.9,0.2066874164101699,0.20243850709211783,0.18790348952349462
100218,2025-10,1,1.0,0.31632018382630456,0.3072780972549588,0.26673673647024143
101041,2025-12,0,0.4,0.02023406892870092,0.022179340655637005,0.0277637175722009
101942,2025-12,0,0.1,0.030285926056406166,0.023611307229211734,0.016906265502985043
102007,2025-11,0,0.6,0.15934239060224123,0.19453775282990793,0.1484091474148234
100313,2025-12,0,0.1,0.006203978590508223,0.003698102479729729,0.00934078732343099
100225,2025-11,0,0.9,0.15324335014132956,0.13543216097504857,0.13885470091406252
101888,2025-12,0,1.0,0.20107659436854514,0.2598788451198434,0.2478387915006615
102081,2025-12,0,1.0,0.1335436354334995,0.10830462456009125,0.1235447231033338
101459,2025-12,0,0.4,0.020467833676853363,0.014687960616840103,0.020891668473406646
101748,2025-10,0,0.2,0.03329808448433084,0.04051188103422602,0.03540787523120725
102025,2025-12,0,1.0,0.12079824963912444,0.095458825431928,0.11132530537059204
100792,2025-12,0,0.7,0.046212567950523635,0.04752573949489761,0.041169544926419784
101600,2025-11,0,0.7,0.08195151271736245,0.12673936406246586,0.08374697922114965
101964,2025-12,0,0.4,0.013453020619773907,0.008225457289067208,0.01108819392532088
101893,2025-10,0,0.5,0.13887453606786535,0.19222026638362893,0.1363927885668173
100629,2025-12,0,0.7,0.07968691415130495,0.09948861969607974,0.07688852604824208
101002,2025-11,0,0.2,0.007017385858913083,0.004208070382542261,0.010276890360357444
100590,2025-11,0,0.2,0.016764730795360738,0.014258095447076069,0.016797100819468763
100830,2025-12,0,0.7,0.07257026789081206,0.07241536254528252,0.08642389283417494
101337,2025-12,0,0.8,0.10707502371638525,0.08676079083649577,0.09039139215006604
101252,2025-12,0,0.6,0.06949823147170861,0.07522356151269999,0.06951364213941504
100810,2025-10,0,0.6,0.07684763701289375,0.06197774806082319,0.05571958330933986
100870,2025-10,0,0.9,0.22026816418663595,0.23084303783629298,0.24221992140924337
100931,2025-10,0,0.2,0.008562041782451634,0.009266548098858095,0.015270290994711895
100557,2025-10,0,0.5,0.020088916053147124,0.016529306190940316,0.022895329651442416
101715,2025-11,0,0.7,0.16650040867130206,0.1152375283550201,0.14883527603685054
100793,2025-11,0,0.2,0.0105043229276845,0.011279008236380584,0.016118050118102033
100961,2025-11,0,0.5,0.026116110246917526,0.03521582916790699,0.034525482787216295
100518,2025-12,0,0.7,0.038945440302834464,0.06863082494868727,0.05557253803091271
100000,2025-10,0,0.1,0.026896422431335235,0.03006121068526815,0.037990122392328185
101921,2025-12,0,0.1,0.007858473604397596,0.006932313200102157,0.015421794230513819
101949,2025-10,0,0.2,0.028529949351453445,0.03457713387885606,0.026714466910743986
101469,2025-11,0,0.6,0.045609925577736195,0.05211483761413892,0.052366105832093675
100527,2025-10,0,0.3,0.007548771941217438,0.005748167932919815,0.014607798819551541
100178,2025-11,0,0.8,0.17572138897303718,0.16143783010832316,0.14936054663448073
101849,2025-12,0,0.4,0.02143492819794122,0.019525494238436268,0.02496729907894765
101437,2025-12,0,1.0,0.12110775035108363,0.1301150698159617,0.10845132241932808
102055,2025-10,0,0.2,0.005555726165781244,0.005043875837139523,0.012747551577684868
102001,2025-12,0,0.8,0.125822584965949,0.15499927835042693,0.18153343014842127
100458,2025-12,0,0.2,0.004489670897462616,0.0037227761057952793,0.010077956020082822
100028,2025-11,0,0.2,0.020426015277560716,0.01446779528325182,0.012624858063242247
100896,2025-10,0,0.3,0.006443246165425296,0.0071061888970539175,0.01296114745809583
101743,2025-10,0,0.4,0.043993006785845314,0.04943163159132979,0.045944547222425226
100122,2025-12,0,0.5,0.0839331002161853,0.0749957367718804,0.06971134947061135
100556,2025-11,0,0.3,0.009673755529719467,0.007988425717515412,0.011659125357529495
101493,2025-10,0,0.9,0.0606647792713621,0.0659884669755049,0.07596121749537144
100250,2025-10,0,0.7,0.10076896365827073,0.06831174383924062,0.07517750792941573
100969,2025-12,0,0.1,0.004880623039602302,0.004512115506781739,0.010550395859578681
100064,2025-10,0,0.6,0.08472239375718672,0.11782959548802227,0.11039369335254093
100230,2025-11,0,0.5,0.09952956488754126,0.11946848272003066,0.13692896859641518
100921,2025-11,0,0.4,0.01201717668605481,0.013022267806761046,0.021600403590471468
100180,2025-12,0,0.6,0.013197536518069429,0.0123703513286092,0.016955453298946814
101581,2025-11,0,0.4,0.027846493348379346,0.016336283466025045,0.022288106352410172
100892,2025-11,0,1.0,0.2375467940178386,0.24727010331651353,0.22270588784274728
101055,2025-10,0,0.6,0.056210829615769065,0.05278235732118638,0.06571410504580147
102018,2025-11,0,0.1,0.007913515834991523,0.005763866115051708,0.012939317615843443
100912,2025-10,0,1.0,0.12110775035108363,0.16010662677755602,0.13817469293496387
100342,2025-10,0,0.7,0.06068520250931199,0.05101065283585488,0.056886905271300574
100297,2025-12,0,0.8,0.20177695578771246,0.22938932940122478,0.23572004039156935
101265,2025-12,0,0.4,0.049998459216944485,0.06780382154977149,0.05471858818874004
102039,2025-11,0,0.3,0.015081219180488313,0.017208283434715258,0.020966223895273844
100425,2025-11,0,0.9,0.2126498695817666,0.3404681400864455,0.3021172797461614
101189,2025-12,0,0.7,0.16694811357388553,0.13475400532713266,0.13972866702603176
101036,2025-11,0,0.7,0.14375988442291088,0.1833901015717471,0.21402394491727994
101940,2025-12,0,0.7,0.10201868078286157,0.09988541130714908,0.12884166671271435
101838,2025-10,0,0.7,0.058096119904568186,0.04104111771360197,0.0470998377183246
101949,2025-12,0,0.2,0.018745192704101042,0.017241599579170538,0.01929213335037366
100865,2025-12,0,0.7,0.0728961638167149,0.05569972848636989,0.057880931531414846
100812,2025-11,0,0.2,0.03279207292071822,0.037309990495325844,0.029512326718665584
100201,2025-10,0,0.1,0.03324085542893173,0.026064471316806698,0.032946467907164614
100357,2025-12,0,0.5,0.05022235055761845,0.05574042031024334,0.051179664642098034
101559,2025-11,0,0.3,0.016349210390109475,0.011750097214512424,0.021136732417232438
101985,2025-11,0,0.4,0.034411440786196394,0.03648243331445125,0.0345742133947443
101318,2025-10,0,0.5,0.045983489241491766,0.04040566615650002,0.04816863972468939
102013,2025-11,0,0.7,0.12070196686234447,0.12817045491439777,0.09975853308235907
100488,2025-11,0,0.9,0.04467860623251921,0.0612880420596421,0.05315378060674301
101153,2025-10,0,0.3,0.021984622595350743,0.021881713269337546,0.026042156970006267
100650,2025-12,0,1.0,0.1431113787318049,0.11001399045401145,0.12024715439927082
101616,2025-12,0,0.4,0.012106421040744797,0.01456772736407561,0.0217879998870805
101549,2025-12,0,0.8,0.13417471637009654,0.09779520631190204,0.10888386918328367
100393,2025-10,0,0.9,0.25544922799185743,0.23929381966148233,0.2106787766190075
101194,2025-12,0,0.2,0.004704574136486339,0.004065594564644052,0.009573267985542507
100006,2025-10,0,0.7,0.019130569430046814,0.024724362754307075,0.02364534745311969
101770,2025-11,1,0.3,0.02951961174329555,0.02672552150883217,0.03124817664688737
101270,2025-12,0,0.7,0.0766622747032684,0.09142058427272479,0.0775045883749051
101369,2025-11,0,0.6,0.049102829584560456,0.0838730963611884,0.06120742031115501
100543,2025-11,0,0.8,0.20305441576327443,0.2436016330590839,0.26308591416911803
100971,2025-10,0,0.9,0.18574904078924026,0.15659134219982365,0.13413255162396462
101577,2025-11,0,0.6,0.0702254079816548,0.10515619556266256,0.07998596113531374
100572,2025-11,0,0.8,0.1575019392291964,0.15714763891829048,0.14842431381623894
101789,2025-12,1,0.4,0.023976565165090055,0.016343770588144263,0.02655331981430919
101156,2025-10,0,0.7,0.08250013757268586,0.0704366102348361,0.07094679114259028
100286,2025-10,0,0.7,0.1594317763020906,0.14427314076342967,0.17922999785367755
101779,2025-10,0,0.8,0.09216570209572351,0.060756782516614774,0.07400857062132062
100900,2025-12,0,0.6,0.08158855467478933,0.06465058120168565,0.08054946176738866
100994,2025-10,0,0.1,0.006934406558244801,0.006739830054650513,0.014353808371946606
101427,2025-10,0,0.3,0.01511519420333666,0.019204334568208303,0.024665049116702968
102054,2025-10,0,0.6,0.05759510414256713,0.037846565122932364,0.04851710195298452
101801,2025-11,0,0.3,0.051882010288207846,0.0409856965358631,0.02895264519853043
100037,2025-11,0,0.2,0.00691953610802136,0.008840344805216132,0.01620059011671628
101094,2025-12,0,0.9,0.1700417479713789,0.11963794067221245,0.1484333252528982
100490,2025-10,0,0.3,0.007918144777914355,0.007456083080113754,0.012361821042550269
100897,2025-10,0,0.3,0.06784432655619348,0.07664689837158195,0.06307090016787555
100005,2025-11,0,0.8,0.1248331419767831,0.09386200483981841,0.10357107868836662
101221,2025-12,0,0.7,0.023872846636645715,0.023496712390557745,0.04138713492402755
101133,2025-12,0,0.6,0.041886998292115125,0.05008618802470916,0.03850132279742446
100188,2025-11,0,0.5,0.06467376352293984,0.05318230971983022,0.07413500591792292
101461,2025-12,0,0.7,0.12586006830368043,0.1574847067011001,0.21162700413891206
101890,2025-11,0,1.0,0.10442017079928181,0.11410420103850094,0.12075567015796895
101963,2025-12,0,0.3,0.015035505915042284,0.00954976760315043,0.013717749252044623
100516,2025-11,0,0.2,0.01002223799204449,0.012915532409753332,0.01881021414439859
100141,2025-11,0,0.3,0.07554770649756173,0.11675515029476743,0.09380290263941984
100204,2025-12,0,0.5,0.061455815572964506,0.09915461731932128,0.06506979882808518
102060,2025-10,0,0.4,0.0794679287431005,0.06023701587106665,0.04481953745326118
101564,2025-10,0,0.5,0.07972729311176223,0.061815536671882276,0.09226147175176873
101166,2025-10,0,0.2,0.01283630078405099,0.01204797094687009,0.014680654640136423
100379,2025-10,0,0.8,0.16239503676679798,0.10981784171430406,0.13529394196575278
101403,2025-11,0,0.6,0.013382042542076136,0.010179618746529404,0.015750111159510354
101886,2025-11,1,1.0,0.4270873186821799,0.3862398595132691,0.29621379056593916
100840,2025-10,0,0.1,0.02929468307867667,0.026671587038538513,0.021285556164359908
100858,2025-10,0,0.8,0.09976060228766864,0.08258468717582439,0.07592106663912841
102034,2025-11,0,0.4,0.02076682689768066,0.02466629482673587,0.029013299196538837
101425,2025-10,0,0.6,0.020407808329211064,0.01900383743274289,0.028659384129925074
101977,2025-11,0,0.3,0.006944805079449166,0.005456531584869934,0.010357068655216137
100339,2025-12,0,0.3,0.03607266393296974,0.04901570683313288,0.04838303157313503
101255,2025-12,0,0.4,0.030178225738971155,0.02059504455751109,0.025261140267873544
101928,2025-10,0,1.0,0.24712490675549798,0.284732827415616,0.2329843806730113
100444,2025-10,0,0.2,0.028735199688496568,0.02037003045650801,0.02112206052699032
100246,2025-12,0,0.1,0.015258924953634642,0.011547317172810143,0.013495196564451148
101109,2025-12,0,0.4,0.04284886149607043,0.045881729590897605,0.04199001321647385
101938,2025-12,0,0.5,0.0471284773306356,0.03794632972688085,0.043508862513380535
101200,2025-12,1,0.3,0.025851712072093393,0.037138363758353526,0.04084452320845281
100097,2025-10,0,0.1,0.021939774614435723,0.015877593778324147,0.012242472367748686
101043,2025-10,0,0.3,0.010686050812302656,0.013658329202220324,0.01921579196499776
100634,2025-12,0,0.5,0.018041681576025804,0.023573716297004648,0.03172580230579228
102079,2025-10,1,1.0,0.30076301351972035,0.28353801017156366,0.20038911637135168
101767,2025-10,0,0.8,0.2782126728111038,0.3005397758458371,0.2552149675352055
101761,2025-12,0,1.0,0.23469046889981196,0.17915452057721146,0.17484049029902096
101159,2025-11,0,0.2,0.011782041148330731,0.012449993252159813,0.014627305093143361
100566,2025-12,0,0.2,0.02892055742617833,0.03248568791803032,0.031123616515093204
101613,2025-11,0,1.0,0.08296391538370197,0.10075047953701795,0.08242182723275925
101704,2025-12,1,1.0,0.33747065194275283,0.30753987919132936,0.22446437492425395
100287,2025-10,0,0.5,0.028998987777935456,0.018633275489822645,0.023271999715490495
102098,2025-12,0,0.7,0.055408323790511575,0.04759269686279517,0.06677942023766058
101342,2025-10,0,0.1,0.004566529765788568,0.007060370893740613,0.022489912959331095
101352,2025-11,0,0.6,0.060683913403207945,0.042276836741699034,0.03514385437210595
101928,2025-11,0,1.0,0.16026122015701103,0.21501227964265432,0.1940245107243742
100881,2025-11,0,0.1,0.03772980314556753,0.04111621232235088,0.03580328863555838
101049,2025-12,0,0.1,0.016340032272563913,0.013227094249248908,0.01828142779884537
101645,2025-10,0,1.0,0.06206744548943859,0.07912049942488507,0.06568562677600807
101808,2025-10,0,0.7,0.0597902892814711,0.0484417646378242,0.062064140327567484
101260,2025-10,0,0.5,0.1240030762870293,0.13686386523747873,0.14184805723797667
101492,2025-10,0,0.7,0.1201998396404839,0.11140288726705057,0.10533011743058394
100534,2025-12,0,0.4,0.022955687110452434,0.03093198474778332,0.03359578306477993
101043,2025-11,0,0.3,0.06842499972905348,0.08853992561466592,0.0800118443906695
100489,2025-10,0,0.8,0.16658463957356134,0.1993340546087899,0.23653880275864933
100889,2025-11,0,0.3,0.011383212508944822,0.007584147218733534,0.016255804993127395
101496,2025-12,0,0.3,0.012597366892823831,0.017273303029856135,0.027634907345082598
101596,2025-10,0,0.7,0.10528662150907034,0.1150365841330668,0.12753540962173263
101082,2025-10,0,0.1,0.010482783461255854,0.0094150079511827,0.014345575773554027
100255,2025-12,0,0.6,0.09075498905425397,0.08200314200725647,0.07515112660625987
100999,2025-11,0,0.4,0.0842474608181541,0.07613956147150058,0.06496302152912295
100632,2025-12,0,0.6,0.07211630043320784,0.07733190161828275,0.09733184081325678
101429,2025-10,0,0.4,0.056010436131982394,0.0535353260352473,0.03870831670199435
101209,2025-10,0,0.2,0.03429349679215026,0.027247829652950157,0.023109093558037783
100202,2025-12,0,0.2,0.03657712755116636,0.028540287292687795,0.020514520130152595
100560,2025-10,0,1.0,0.13139461187600526,0.15510644563189813,0.11839545494443635
100376,2025-11,0,0.9,0.04696977730701712,0.034764069397480855,0.04962375764299748
100011,2025-12,0,0.5,0.07749368453964604,0.07666030932826347,0.09920965837480465
100499,2025-10,0,0.6,0.12173098759103244,0.10222114801583695,0.09245724497382672
100138,2025-10,0,0.5,0.022858231466011018,0.03713840167627626,0.055301299886237595
101585,2025-11,0,0.7,0.08625409606161755,0.08349688761562805,0.1169545099182983
101046,2025-10,0,0.7,0.08667585215717412,0.10177492052029179,0.0867837416079404
100349,2025-11,0,0.8,0.10460818918019532,0.08076382846640956,0.07581214201647955
100660,2025-11,0,0.1,0.012546733387373932,0.01335170585504599,0.01776471277721195
100176,2025-12,0,0.4,0.01942685797371527,0.026156441548887813,0.031196276846133783
100347,2025-10,0,0.4,0.016100473033174426,0.015973064214517853,0.02415862933813145
101295,2025-10,0,0.4,0.05638357693252314,0.03680331526882331,0.03173124475522314
100007,2025-12,0,0.3,0.04666515696136916,0.05379778606177703,0.048515737945721726
102032,2025-12,1,0.2,0.05128157492585275,0.05323140723196559,0.03814028842738727
101196,2025-11,0,0.7,0.06311554437317603,0.04043304313761943,0.05543218383495232
100497,2025-11,0,0.8,0.05024829311318185,0.05167489590627166,0.045376299414555135
101150,2025-10,1,0.8,0.10414779522353933,0.11753746771878981,0.09353868703928345
101584,2025-11,0,0.5,0.06690764369421937,0.07015663845686022,0.08880759011670637
100259,2025-11,0,0.7,0.13124498036148038,0.15287569743242516,0.21572394016872315
101884,2025-10,0,0.2,0.017677375889958623,0.013540786753822837,0.015133410216783544
101139,2025-10,0,0.8,0.0855241901442826,0.07356717567666571,0.07944603502807854
100619,2025-11,0,0.1,0.012366686701868806,0.010323960803672585,0.0160526090135573
101258,2025-12,0,0.2,0.0299951841442656,0.029797567958366442,0.028276673359532305
100208,2025-10,0,0.2,0.014258258096741487,0.016793327796053643,0.017412349562552637
100779,2025-10,0,0.6,0.13741832184726915,0.176780368758141,0.15671906608684893
100887,2025-11,0,0.5,0.06753211739130355,0.053258943475507324,0.05604424474063291
101913,2025-10,0,1.0,0.37922422950067614,0.33058416523946565,0.24309411837011305
100167,2025-10,0,0.9,0.18083459008492353,0.17006248523633086,0.1407012021211004
100358,2025-11,0,0.7,0.12457569470370368,0.12016223858342892,0.20448926416149876
102056,2025-10,0,0.3,0.014257275312364174,0.00841271275676252,0.014745373196802481
100413,2025-11,0,0.1,0.02701602354167227,0.015535040358072997,0.014770541342155576
100814,2025-10,0,0.1,0.010666802911942257,0.008118265554748762,0.015877046287243016
101555,2025-11,0,0.2,0.05740666580848376,0.07246704095734602,0.04842299686164315
101016,2025-11,0,0.9,0.0832332592660076,0.05214670483815021,0.0758443747489149
100742,2025-10,0,0.1,0.01086053274267265,0.007326890677738158,0.01423909608700416
101501,2025-12,0,0.4,0.07078013284662965,0.0757336461243998,0.07024120119385364
101751,2025-12,0,0.6,0.039277363125806694,0.03471035260603162,0.0426288764256826
101881,2025-10,0,0.9,0.14761641715179316,0.1486260437817975,0.12056161681852616
101460,2025-12,0,0.5,0.056759777017188616,0.04257349915080315,0.050314573947121896
100234,2025-10,0,0.7,0.048383512834460074,0.05433467516441258,0.06748502484534266
101682,2025-12,0,0.1,0.017392107453295686,0.014747427500864344,0.01904567745901756
100995,2025-11,0,0.8,0.039819697519640235,0.03040851330998397,0.03833429500484578
101736,2025-10,0,0.7,0.12641602948062966,0.1552288313276028,0.1993446600926164
100541,2025-12,0,0.7,0.10002765106258561,0.06417920431052147,0.07517750792941573
100298,2025-12,0,1.0,0.25657053053587237,0.3130162988755806,0.26366332916978175
101455,2025-12,0,1.0,0.09065074319646352,0.06975025558214912,0.08346473538407513
100313,2025-10,0,0.1,0.004266324219188618,0.0033789085823587267,0.0079461516424997
101225,2025-10,0,0.3,0.08115066968490775,0.0793873653425478,0.055950471595793035
100395,2025-12,1,0.3,0.06267883556747768,0.05665052262522107,0.05366995539939266
100936,2025-10,0,1.0,0.11158200535835179,0.0848210777463283,0.08337963650078986
101612,2025-11,0,0.7,0.11966626088423814,0.10743811054779215,0.11751838127190932
100551,2025-12,0,0.5,0.08231994227843835,0.09223648336470447,0.10221787920970693
100835,2025-12,0,0.9,0.062185589736952554,0.06289031363374291,0.0778359003197178
101211,2025-11,0,0.2,0.05529938771758452,0.04945684015206245,0.03944495983189702
101116,2025-10,0,0.6,0.1126020486202886,0.09638833261380318,0.08736146675868274
100327,2025-10,0,0.6,0.0509946893690792,0.04079987042727879,0.043016874910898284
101910,2025-11,1,0.6,0.15104268326915213,0.1951134008543127,0.14558276729528025
101344,2025-11,0,0.1,0.030115930023510974,0.021985532498068047,0.017432960230856782
101977,2025-10,0,0.3,0.012831070301642506,0.01240555734985923,0.017972460741460295
100029,2025-11,0,0.9,0.25036519620231273,0.2914594340022187,0.31680271684706995
100593,2025-11,0,0.8,0.11646386380698545,0.13095976782435012,0.15241816864890595
101256,2025-11,0,0.7,0.15755516522439708,0.21358027663066811,0.24712788128405203
101023,2025-11,0,0.6,0.0663252296742467,0.06097168695920017,0.055249631369738546
101782,2025-10,0,0.1,0.01433697222209409,0.008697683034458838,0.013082476731278705
100311,2025-11,0,0.8,0.11792683879766522,0.11755490595895053,0.12204895731341057
100905,2025-12,0,0.7,0.055286683898973246,0.06150815870041944,0.057157915932778046
101989,2025-10,0,0.4,0.04328085777380006,0.030327603485571942,0.03425228654165965
100801,2025-10,0,0.4,0.0816565031182935,0.07325196696989386,0.04773413738399084
101825,2025-12,0,0.9,0.17408392057959848,0.22632490136691283,0.213537700745256
100463,2025-10,0,0.2,0.027665474259813482,0.031641903216709,0.02329861034356916
101310,2025-11,0,0.5,0.047247180277386315,0.04167317946628563,0.03809380527062343
100815,2025-12,0,0.9,0.11115156812690255,0.08498241883490586,0.10899409085889074
100600,2025-11,0,0.2,0.04118368424123083,0.038210882037069946,0.023026120076426636
100624,2025-11,1,1.0,0.2671764712777168,0.24332367175464226,0.2044012405456202
101745,2025-11,0,0.1,0.029564338617381565,0.030947380826420425,0.02702028789511876
100401,2025-12,0,0.4,0.03737171683110482,0.030798390071376414,0.02746365580636605
101398,2025-10,0,0.4,0.0385599879870716,0.04298267841252233,0.04097676676219573
100635,2025-10,0,0.6,0.02050318927181546,0.016386412975953488,0.023237634526788974
101374,2025-10,0,0.2,0.047376673556197936,0.06072585083799363,0.04346045845132118
100302,2025-11,0,0.5,0.07145878353314412,0.0756085249773319,0.06447017719473407
100082,2025-11,0,0.7,0.06851979762822996,0.06459996250752659,0.07086260632396914
100740,2025-10,0,0.2,0.022534082508343833,0.015147404111803563,0.019095330594218314
100833,2025-11,0,0.9,0.17824380973388027,0.1244434196627217,0.10565069362830146
100604,2025-10,0,0.3,0.05132546999524728,0.05122240330773274,0.04904388726246282
100793,2025-10,0,0.2,0.02238981040010903,0.021000535271324536,0.02125440566575384
100361,2025-10,0,1.0,0.09013137793786767,0.12474166640772791,0.09981388263104142
101700,2025-11,0,0.3,0.03587178572216033,0.04999331691661997,0.04589668714822825
101525,2025-12,0,0.1,0.005254687141492769,0.006234361824519924,0.01407662656194624
100459,2025-12,0,0.8,0.1803541067408428,0.23497279323301926,0.22941120275025412
100693,2025-10,0,0.8,0.102780769961659,0.10374806298755711,0.11184354623329411
100584,2025-10,0,0.4,0.03821373096527107,0.029365882964348056,0.03107796475432645
101119,2025-10,0,0.9,0.19022350586684575,0.2106039975140137,0.14489996918013162
100887,2025-10,0,0.5,0.11137565041461424,0.10442007323138047,0.12302092389413884
100554,2025-10,0,0.5,0.03445178527866619,0.03379555429750957,0.04286924923284912
101243,2025-11,0,0.1,0.033043538300541464,0.03257841279523005,0.029923191054832723
101944,2025-11,0,0.9,0.17484488258132222,0.13520839212631852,0.15312276917376103
101032,2025-10,0,0.8,0.03202975885226864,0.037321175679597626,0.03091945648631201
101785,2025-10,0,0.3,0.015592719081481686,0.008250971005732757,0.015282488511819162
101546,2025-12,0,0.2,0.01593422731080744,0.01833729505217864,0.01669217915888389
100550,2025-11,0,0.7,0.05658968661067211,0.05902001163906365,0.059888516637425525
100684,2025-10,0,1.0,0.09196927854839393,0.07944020783512593,0.08913199730576155
100987,2025-11,0,0.6,0.05161267612604561,0.054226836182046295,0.05331919009462204
100469,2025-10,0,0.6,0.07758283201030451,0.07482775963964405,0.06612351367429686
100542,2025-10,0,0.2,0.014146156014179463,0.011893446194641633,0.017104057748296243
100192,2025-11,0,0.2,0.011138963140694078,0.01620626139519748,0.01871254281985503
100171,2025-11,0,0.4,0.09196307890267132,0.135759267990121,0.08392094560284578
100725,2025-10,0,0.1,0.01845586615151486,0.014522078986132551,0.016162862945124357
100817,2025-10,0,1.0,0.3413614767500481,0.21175780341489486,0.19555889682883537
100676,2025-10,0,0.8,0.14085723513357107,0.1348006916289753,0.15370311372904308
100524,2025-11,1,0.9,0.1593417751303034,0.12132091619303538,0.1137412621398501
101396,2025-10,0,0.1,0.012703095480044946,0.012374793754268336,0.02312234756119369
101450,2025-10,0,0.3,0.026161521995699995,0.02148594398803666,0.025510943130034314
101268,2025-10,0,0.5,0.025080249943582045,0.021369773114241496,0.03326824263694692
101312,2025-12,1,0.9,0.18813024987869253,0.23759665068565924,0.2584536434444664
100089,2025-10,0,0.5,0.07577637079139601,0.07494116108662073,0.09180055477612417
101385,2025-10,0,0.2,0.010895468810076487,0.010354387066448803,0.015484674771035966
101998,2025-12,0,0.2,0.011465724970199306,0.011127365070766088,0.01528855244544064
101376,2025-12,0,0.1,0.016575972678702155,0.011763820933568361,0.01675948729818878
101615,2025-12,0,0.8,0.07949087927981172,0.09510409428094914,0.08172201841438088
100711,2025-12,1,0.6,0.11473442816502678,0.08184407106629266,0.07947827490945093
100032,2025-10,0,0.8,0.23452609898953578,0.24222779582236334,0.22411519255856263
100685,2025-11,0,0.4,0.040124193424180006,0.036089526935432256,0.03322430682751166
101481,2025-12,0,0.3,0.019885104719737888,0.02172949242850364,0.02415886263142694
101078,2025-11,0,0.9,0.1750141146039684,0.125084286824152,0.1491520199425709
101141,2025-12,0,0.1,0.006487103147947307,0.005376255477030062,0.010072057452264284
102067,2025-12,0,1.0,0.2567379428194374,0.23924464804018233,0.21586661977530736
100361,2025-12,0,1.0,0.2628255313600853,0.3445261969325525,0.3085094956866553
101853,2025-11,0,0.8,0.05931544357343783,0.07935311370531704,0.06075314260480501
101420,2025-12,0,0.5,0.03928536767179569,0.048426909830239416,0.05137252309148249
101296,2025-11,0,0.8,0.29792546255053914,0.3223442552529289,0.25120898119115814
101792,2025-10,0,0.8,0.09216570209572351,0.08960229644946126,0.08880150342691595
100751,2025-12,0,0.4,0.06521008430571515,0.058816330348653724,0.04455870416951767
101614,2025-12,0,0.3,0.062133509239572414,0.07780987718510544,0.0630897215214499
101330,2025-10,0,0.6,0.12181856868326886,0.12811487754393613,0.11797420556145277
100919,2025-12,0,1.0,0.25762055815209334,0.269829199601765,0.21396338664598785
101179,2025-12,1,0.9,0.21231855027349564,0.18609389019817016,0.1701457257620024
100850,2025-10,0,0.1,0.025547857227717595,0.026152432853902483,0.0354732966147851
100523,2025-10,0,0.7,0.12589897754524346,0.09092778811124587,0.1305772784682154
101529,2025-11,0,0.9,0.10874204643389879,0.12535271583059193,0.12229028932928042
101358,2025-12,0,0.5,0.05196735603554007,0.04294068329088953,0.060523808297293986
101561,2025-11,0,0.7,0.027275347584936948,0.029959405142387215,0.03964627032942709
100276,2025-12,1,1.0,0.3188613876333809,0.3773036988408279,0.3245058831883641
101834,2025-10,0,0.3,0.009377859451937596,0.010181174968122791,0.019220766367370183
100255,2025-11,0,0.6,0.10792109417346044,0.11732045363191267,0.10114346785594854
102068,2025-10,0,0.5,0.017994971901436705,0.019091182372139377,0.025188543182651797
101302,2025-11,0,0.9,0.1587238765432733,0.17124927868361228,0.15582198315457216
101196,2025-10,0,0.7,0.1771338643265043,0.13641277713317757,0.13973879064672284
101872,2025-12,0,0.8,0.11325391374399922,0.09732426055328189,0.08473957240308196
100421,2025-12,0,0.3,0.010922750997907873,0.009572803135760297,0.01646346920751373
100310,2025-11,0,0.5,0.04386780892942343,0.06831307030756013,0.057705485713689234
101512,2025-12,1,0.9,0.06325822723176207,0.048573453630361065,0.060717245402254684
101835,2025-11,1,0.1,0.021185199480361665,0.018322372130816927,0.025773976206413085
101172,2025-12,0,0.3,0.032837303290672845,0.022426668900843875,0.02250901409697768
100666,2025-10,0,0.4,0.0688005185438312,0.06148855437137462,0.044218743762169666
101598,2025-12,0,1.0,0.23718464162435762,0.17843898021724755,0.15584394267694637
101203,2025-12,0,0.6,0.13208716199750317,0.13729495281553256,0.1399128456623694
101855,2025-10,0,0.1,0.025723586844805312,0.027427565446483858,0.030488746031459922
101205,2025-12,0,0.4,0.06233670596572105,0.08576318303659623,0.068306874938013
100442,2025-12,0,0.1,0.038375741545159776,0.04520064875653,0.034809213014417875
100143,2025-10,0,0.8,0.15294395792097643,0.17377916433800678,0.14888822441314056
101371,2025-12,0,0.6,0.05816228541384521,0.05857112507892183,0.05806629637699
101417,2025-11,0,0.7,0.09514427342645426,0.11118329605081365,0.1500534501090229
101964,2025-11,0,0.4,0.07886957440752049,0.04119790883797515,0.04097517399730352
101556,2025-11,0,0.9,0.09214305667630138,0.09092326558671342,0.09086525669848228
102074,2025-11,0,0.5,0.04837073415986297,0.066261846500539,0.05201352458797549
100486,2025-12,0,0.8,0.0651054373158837,0.04160990805638704,0.061889528585926716
100981,2025-12,0,0.2,0.03856952340397741,0.03409750275104928,0.022875575484863363
100958,2025-11,0,0.5,0.16654296704081056,0.1826363248488943,0.13445597237175094
101146,2025-11,0,0.8,0.07392905399142878,0.07082606494607596,0.06207742310881689
101334,2025-11,0,0.8,0.1113234189470749,0.12328363199434701,0.10831162664062195
101773,2025-10,0,0.4,0.02306269583977728,0.025758244641579504,0.03183203673277787
100141,2025-12,0,0.3,0.06337482935325327,0.09865158869546235,0.07714764474416975
101715,2025-12,0,0.7,0.07245621674374235,0.05549803497920062,0.057531118385186736
100473,2025-12,0,0.4,0.06086206802195415,0.04923479143833152,0.03651413643233556
101395,2025-12,0,0.9,0.19141003927696723,0.20907651844616104,0.17391373192085124
101674,2025-12,0,0.6,0.03611864047493977,0.0278868291975959,0.04020692367919657
100347,2025-12,0,0.4,0.014114397683024974,0.011591700315505757,0.019674792315595064
101713,2025-12,0,0.7,0.13137873112272233,0.1452528758845495,0.15027922196337376
101478,2025-10,1,1.0,0.06506823214831306,0.07298570927181501,0.06014783613904801
100811,2025-11,0,0.4,0.058477954045906944,0.033589674284381595,0.030058138715620186
100705,2025-10,0,0.5,0.09046327650190125,0.08456047976052608,0.08848232389541623
102046,2025-11,0,0.9,0.25993497903951834,0.2466241918962544,0.2106787766190075
101033,2025-10,0,0.5,0.0866034162371467,0.10336560222031728,0.09621156211735976
101812,2025-10,1,0.7,0.13890635955739472,0.12405695787886258,0.12583374585352344
101300,2025-11,0,0.2,0.048608783009574254,0.05562319740049777,0.04346045845132118
100323,2025-11,0,0.7,0.08045980761397135,0.07926065509997783,0.10160773306823874
100320,2025-11,0,0.9,0.12474836545226871,0.11064367631665598,0.11497008081739371
100051,2025-10,0,0.2,0.029563307045405246,0.023583560129048484,0.019537440852527215
100831,2025-12,0,0.4,0.018540938273708986,0.020794414772029125,0.0277637175722009
102073,2025-10,1,0.5,0.0983742109409208,0.1122437872831836,0.11026479652028495
102030,2025-10,0,0.3,0.006952896280841396,0.015910699670999357,0.01874703381133286
101322,2025-12,1,0.9,0.21208329563316627,0.29378119989473733,0.2665811558122593
101879,2025-12,0,0.3,0.0340328538696721,0.05083075130694792,0.04591744882970804
100503,2025-10,0,0.8,0.15503763415608085,0.1622837718563448,0.2166517516109673
100724,2025-11,0,1.0,0.08344342852129046,0.07127171066950966,0.07668069321770186
101790,2025-11,0,0.9,0.07386700917860982,0.09253364721309752,0.08525634430905044
102088,2025-10,0,0.3,0.04086132515854272,0.03988636559056806,0.038765759850579076
100899,2025-10,0,0.9,0.10782952081863514,0.15711857549475114,0.132287237244138
100074,2025-11,0,0.8,0.060113455276570235,0.06227758079483277,0.06390127708797637
100205,2025-12,0,0.5,0.04403095266515891,0.027850831148890958,0.036576795249661634
100388,2025-10,1,0.6,0.03114659045186418,0.04875614498075353,0.045606083335591435
100832,2025-11,0,0.6,0.13262577202118853,0.13791514629585805,0.1399128456623694
100229,2025-11,0,1.0,0.3808264742326114,0.37985345260078585,0.33003878665791425
102017,2025-11,0,0.4,0.016674244136166836,0.013665127090888166,0.01781884581621239
101137,2025-11,0,0.9,0.20135598191491064,0.1872371191297363,0.17874911085198542
100212,2025-11,0,0.2,0.024240648437059815,0.028789707556291944,0.021715595127312012
101696,2025-11,0,0.8,0.07712147789639702,0.057999065260819306,0.06933474322849344
101226,2025-10,0,0.9,0.28317690457301303,0.27012337557958543,0.2438724738330759
100595,2025-12,0,0.6,0.11631591090091219,0.08845977478956789,0.0989645053218486
100627,2025-10,0,1.0,0.060762924404186895,0.0376028670191546,0.043438312259465414
101171,2025-12,0,0.1,0.010429126381259165,0.009894090706172682,0.01754866707023641
101271,2025-11,0,0.1,0.025264833976826963,0.022003584626354603,0.026895854623584455
100002,2025-10,1,0.9,0.188793499686955,0.17852180408875712,0.17777461888928742
101773,2025-11,0,0.4,0.0368167335793044,0.03287168046703844,0.03828841956614533
101726,2025-10,0,1.0,0.30353208345195815,0.2829407771551068,0.26580746873451855
101824,2025-10,1,0.6,0.1598141499073851,0.17317685486306356,0.13516592935365504
100873,2025-12,0,0.7,0.16372033510958367,0.15000792298874097,0.17478380997085666
101878,2025-11,0,1.0,0.18469991974576513,0.1883514552591073,0.20489938910367544
101476,2025-11,0,0.1,0.015213996552145575,0.01655778432797255,0.02220044450968892
100261,2025-11,0,0.5,0.03126541744280258,0.032686141889855934,0.042686894591243724
101447,2025-12,0,1.0,0.22915685361580831,0.17171943937895048,0.17132840003605976
100704,2025-11,0,1.0,0.34564506352427826,0.27180185992721667,0.21864085459228597
100591,2025-11,0,0.9,0.11914605668495895,0.07236845380515856,0.08909965029773514
101483,2025-12,0,0.6,0.10687556251295136,0.12190812377150664,0.12628319960636644
100980,2025-11,0,0.4,0.03550665957407212,0.03634591020996266,0.03985333149762217
100622,2025-12,0,0.3,0.010936183581735415,0.010685715383665898,0.018459537471669275
101163,2025-12,0,0.6,0.11908576275538386,0.06629149625361949,0.07975196298691087
100475,2025-11,0,0.6,0.05132930867470448,0.056693902300599945,0.05374208229596649
101927,2025-11,0,0.8,0.15627840075320715,0.16405365342724593,0.13940081878085211
101536,2025-10,0,0.5,0.015324775722384635,0.011563543241246874,0.02104576072322088
100041,2025-11,0,1.0,0.2003793919106137,0.20639275493887935,0.17128478224085575
100967,2025-12,0,0.9,0.2254972454753707,0.2564225166196773,0.21885982029227594
101610,2025-10,1,0.9,0.2030106173287586,0.24766592921798575,0.2645645236608468
100934,2025-10,0,0.1,0.011894941167774946,0.007470333471510497,0.01293633830127158
101197,2025-11,0,0.6,0.02527505552979781,0.018430448134060144,0.02485563611564851
101981,2025-11,0,0.9,0.13773376642165197,0.17319307133678702,0.15330369870316496
101272,2025-11,0,0.7,0.0814192551722525,0.10631617310950345,0.1141075840360932
100857,2025-12,0,0.6,0.09258555574204184,0.1218853408310772,0.11912820509003777
101724,2025-12,0,1.0,0.23782166731244112,0.19756914123565295,0.18361406619355544
101503,2025-12,0,0.1,0.019724502894822762,0.018352704844939848,0.018889774150635336
101582,2025-12,0,0.3,0.018068823033078562,0.017393633277617424,0.022201783369361287
101383,2025-10,0,0.1,0.03654535980972156,0.03778143023579694,0.031017329635657422
101290,2025-12,0,0.2,0.027864683770548574,0.027735500834814217,0.026947646578714766
101878,2025-12,0,1.0,0.11176546020633388,0.09551522809124134,0.11694126817974598
100000,2025-12,0,0.1,0.03501055865418717,0.037627824269077355,0.046506586474530626
100888,2025-11,0,0.5,0.08276391710665594,0.08825576299157953,0.10211524874568315
100938,2025-10,0,0.4,0.0567464890338875,0.03139066575825174,0.0293760930098734
101094,2025-10,0,0.9,0.28028214677448365,0.2287096646302356,0.1991781783171388
101132,2025-11,0,0.6,0.0305883897786063,0.040593775363074576,0.052298465020711254
101580,2025-12,0,0.5,0.030654348125849596,0.02732349754058321,0.02827113147331977
101324,2025-10,0,0.3,0.04266797139685526,0.04548809499923077,0.05112087906710278
100098,2025-10,0,0.2,0.019620834853265146,0.022834405669335815,0.024754072970310386
100528,2025-12,0,0.4,0.04088511424292507,0.03732642272562049,0.039689095041769186
100435,2025-12,0,0.6,0.03990695327250324,0.04620613050639856,0.049843519587065004
101031,2025-12,1,0.9,0.15918477352559104,0.17145974348000886,0.16810285828932606
101798,2025-10,0,1.0,0.1297138269807876,0.14538841639621164,0.14078358547220857
101847,2025-12,0,0.3,0.01771116532305657,0.015211342581205212,0.023845108017556224
100525,2025-12,0,0.3,0.01437308879189215,0.016313788615631968,0.021175188526520842
101299,2025-12,0,0.8,0.06556533133903161,0.04209358988802479,0.06528785668446346
101618,2025-11,0,0.6,0.07261233872310306,0.08234872287580328,0.06604257626504112
100611,2025-12,0,0.1,0.00854060511626419,0.010579777192843637,0.01827582397839603
102094,2025-11,0,1.0,0.18499990038991473,0.18050102052305778,0.13132523732864007
100789,2025-12,0,0.8,0.029624318388120366,0.02246741246696678,0.02564260720497205
100982,2025-12,0,0.1,0.022481989771226115,0.02205768531425733,0.024918454470503257
101010,2025-11,0,0.1,0.022694268603867505,0.02260793684383093,0.021778178622103635
100576,2025-12,0,0.2,0.018810004910143775,0.026004043930293333,0.02304886288186221
100647,2025-12,0,0.7,0.03664352556815112,0.04381994545299148,0.044124644995425774
101953,2025-11,0,0.9,0.095915199915218,0.10742909451333295,0.09336631658915841
101668,2025-12,0,0.6,0.032176028954390014,0.02511688061378627,0.03486831931179553
101810,2025-11,0,0.1,0.005364595111285813,0.006955747038077306,0.01180193982966704
100431,2025-11,0,0.4,0.023484324802553597,0.012990359808601692,0.020427709017738216
101193,2025-12,0,0.5,0.015113894428807536,0.012477572558608612,0.015784277407010425
102028,2025-11,0,0.7,0.024258382702055617,0.024441696957132563,0.040529897430759514
100556,2025-12,0,0.3,0.012816226854681227,0.011544769779781965,0.01765233204290701
101213,2025-10,0,0.2,0.026704295982822767,0.015725953200093443,0.014159274496618286
101142,2025-10,0,0.4,0.05410059775395734,0.061134588639219396,0.059141409617749455
100896,2025-11,0,0.3,0.03243013568529638,0.0395214657875477,0.04645477902209663
100975,2025-12,0,0.9,0.05285384998651024,0.04177015863048375,0.054428032220992996
101072,2025-11,0,0.3,0.026909533096734013,0.025436400492503567,0.03205978046074392
101064,2025-12,0,0.1,0.017553141695379894,0.01988092611159735,0.026449001523017712
100417,2025-11,0,0.5,0.04546008327334064,0.0399903058914444,0.043029593108607433
101747,2025-10,0,0.3,0.03740281169692529,0.02954580607693331,0.028870812457660894
100957,2025-10,0,0.1,0.014403402175514992,0.015158215731235287,0.0199257368683377
102024,2025-11,0,0.6,0.025360129622647755,0.028444674219525904,0.03578468982770107
101502,2025-10,0,0.8,0.0651054373158837,0.06301279716792252,0.06878995055255298
101201,2025-10,0,0.2,0.02994384812030506,0.027957764240332122,0.026006955776526675
100410,2025-11,0,0.1,0.007611171685565259,0.00459673565722319,0.011852713557743241
101090,2025-10,0,0.1,0.021889509183839174,0.017036512904245103,0.013964955384830998
101050,2025-11,0,0.7,0.050635446856016314,0.048454117471067926,0.05210555891294951
100609,2025-11,0,1.0,0.1944255184301495,0.1446758369422494,0.14166384883927027
101502,2025-11,1,0.8,0.18245391374231554,0.14698459866919455,0.1331566963671727
102057,2025-10,0,0.3,0.03986222811981249,0.02808103116652577,0.027530380826757805
100773,2025-12,0,1.0,0.27416660147977856,0.24910456950897308,0.2355205846606843
101992,2025-11,0,0.5,0.04326338836406291,0.03896651059693223,0.04059985938621392
101212,2025-12,0,0.2,0.04365983231301179,0.05163633991912379,0.04161154707244879
100620,2025-10,0,0.8,0.10496356659744685,0.07019389745859571,0.09051350494356947
101999,2025-11,0,0.7,0.04741779559156991,0.05545368346124782,0.07701996315765872
100093,2025-12,0,0.3,0.01332496539153731,0.019209112186928994,0.027834035868130987
101352,2025-10,1,0.6,0.16650539864054886,0.08391400413475257,0.10418653254225466
100274,2025-11,0,0.2,0.020182368246167835,0.021305012434653353,0.018364991098766884
101678,2025-11,0,0.3,0.0177724670944303,0.02089976659310288,0.0280731514115511
100932,2025-11,0,0.6,0.043056029954104555,0.05024011080130499,0.05178378937741707
101453,2025-11,0,0.5,0.054481249161820684,0.050965333249217176,0.05402264320880907
101906,2025-11,0,0.9,0.13716781856233737,0.1478735137528697,0.11035931915126418
100674,2025-10,0,0.2,0.04244258592344481,0.042143973450120095,0.03156751762884609
101779,2025-11,0,0.8,0.05648252305620461,0.04650213236007384,0.048910061782489515
101606,2025-10,0,0.5,0.03635014034169589,0.02446310434904175,0.03177853777026955
100765,2025-11,0,0.7,0.07455346905521165,0.07549601830434996,0.06453611636675732
100377,2025-12,0,0.6,0.05165860063209197,0.06994576688283238,0.06681857386823654
101954,2025-11,0,0.1,0.010879223502212612,0.015284033202790802,0.021886113581019825
100988,2025-11,0,0.3,0.024763533162805256,0.024833850055509338,0.031098115511887212
100864,2025-11,0,0.3,0.01068467251662148,0.008308205160459046,0.01685687790107129
101962,2025-10,0,0.1,0.013848280639527153,0.012175683581520495,0.01454188668674604
100715,2025-11,0,0.1,0.032978098654050825,0.030692815976101885,0.030180239529053767
101368,2025-12,0,0.9,0.0898308284895953,0.08589925947983038,0.0783600209711841
101476,2025-10,0,0.1,0.004727530501518982,0.005134800947428259,0.013115971781068452
101286,2025-10,0,0.7,0.04713141130851255,0.05131459481729849,0.0660134854402627
102068,2025-11,0,0.5,0.03747040149699096,0.03670504927924959,0.04478729252696732
102001,2025-11,0,0.8,0.0453074863601816,0.055010476113555085,0.05760896166699472
100314,2025-10,0,0.9,0.08568107970329221,0.08162090735708774,0.09000346623977538
100033,2025-12,0,0.8,0.1003942087508515,0.06279206325850958,0.06529116079033828
100015,2025-12,0,1.0,0.09713615427283176,0.08803767502410802,0.08111604469692964
101756,2025-11,0,0.9,0.1853946167392119,0.11360473167376652,0.1022906063255548
101880,2025-10,0,0.4,0.03649796942467026,0.023339976724239726,0.026847895027452304
100801,2025-11,0,0.4,0.016076318084179204,0.017941947638128914,0.017674893916188303
100515,2025-11,0,0.3,0.030755300145942285,0.024867114947181725,0.03262210522041801
101237,2025-12,0,0.9,0.09249371050148668,0.08883489585934552,0.09265364789540756
101948,2025-11,1,0.7,0.22868991653734766,0.22705198041453514,0.22549883371191234
100710,2025-12,0,0.8,0.09098934754474479,0.0784608147746299,0.09005467586647548
101526,2025-10,0,0.3,0.022544617655589447,0.019580069619406858,0.028939790625539124
101723,2025-10,0,0.8,0.09246044861168802,0.08093107652003552,0.0850165905652779
101693,2025-12,0,0.1,0.010754514122804749,0.012208657964156506,0.014160091099067264
101016,2025-12,0,0.9,0.10999154488200424,0.07983594474088844,0.09835441588900334
101424,2025-12,0,0.1,0.01228791983998535,0.01003015059344067,0.014826222496521418
100350,2025-10,0,0.5,0.1013248710326459,0.1447285578294983,0.14046054107796
101098,2025-11,0,0.3,0.021206011235167535,0.011004033720019388,0.01821785055863802
100784,2025-11,0,0.3,0.03222114977566903,0.05534495242455855,0.0473510395006107
101425,2025-12,0,0.6,0.05103769811951073,0.0463166687941776,0.05959807780896685
101920,2025-10,0,0.1,0.011501842356248243,0.015897624882461124,0.021309731566100047
100960,2025-10,0,0.4,0.043884633835729006,0.03800562856612266,0.04415899153891386
101517,2025-10,0,0.4,0.03955886840320313,0.0273837393616137,0.026717931626181853
101141,2025-10,0,0.1,0.014537173272785048,0.01563754153249997,0.019581878514386416
101250,2025-11,0,0.5,0.011922276614395032,0.013337631280943979,0.01709174617924817
100042,2025-12,0,0.2,0.0380940784189071,0.04351473303015002,0.03160015709622835
100200,2025-11,0,0.3,0.006057372005229227,0.004821586743391176,0.010442398144381942
101251,2025-11,0,0.2,0.011519006557168343,0.0092059347970322,0.014663940890817292
101795,2025-10,0,0.4,0.01923619901850863,0.013213588208918787,0.018248554606250588
100050,2025-10,0,0.2,0.008607478889565713,0.01603529789720433,0.019044258139139777
101801,2025-12,0,0.3,0.038559487412029636,0.03153518370330402,0.02510063878309643
101475,2025-11,0,0.2,0.0515646931827415,0.05237774392862098,0.035318953515106735
101080,2025-10,0,0.6,0.07944911769847457,0.08426712121130238,0.06509978503161754
100263,2025-12,0,0.2,0.04220251813831284,0.040942478185574095,0.02762184911346984
100924,2025-10,0,0.9,0.06844469648647426,0.060402729477654724,0.07141119874613755
100635,2025-11,0,0.6,0.03177894716866177,0.024977690939193678,0.032348632536295864
102069,2025-10,0,0.7,0.07775244298512268,0.10802197693552387,0.10183927726816636
100049,2025-11,0,0.3,0.04187296825953316,0.05269724476857013,0.051748020261660435
100103,2025-12,0,0.6,0.06676222758895141,0.0577594520197951,0.04948310664062736
101466,2025-12,0,1.0,0.23269693137742425,0.19415054495335177,0.17132840003605976
101862,2025-12,0,0.2,0.00925571183484676,0.00990747888724993,0.015024944840511666
100022,2025-10,0,0.3,0.011850294140451358,0.008149108684568784,0.010270590632495939
100863,2025-11,1,0.6,0.09886507893591541,0.09809386389048336,0.10340399230433112
100794,2025-11,0,0.8,0.10792650676407733,0.07329501016105575,0.07628923505620161
101844,2025-12,0,0.1,0.015317480646037173,0.023206768297559875,0.028737242321206804
100368,2025-11,0,0.1,0.028377031609594715,0.02515934477806422,0.023329786567462037
100002,2025-12,0,0.9,0.05027726073210925,0.06407866659276765,0.0703213748043663
101575,2025-12,0,0.1,0.006822273660512012,0.006496417375676848,0.01261398237140826
101433,2025-12,0,0.4,0.036157206785091885,0.030175530824720714,0.03523054345155988
101235,2025-11,0,0.4,0.02878193878440159,0.025272418357080727,0.02908727882389581
101035,2025-11,0,0.9,0.05498370110758891,0.055814640898668215,0.05593292233174283
100118,2025-11,0,0.5,0.09850445744733766,0.08811374455860747,0.09313747693933429
100152,2025-11,0,0.5,0.057884275388001935,0.0669125777793805,0.05823727436073917
101822,2025-12,0,0.1,0.00980033178157389,0.007939439642102072,0.013399081876888928
101076,2025-10,0,0.7,0.10970736862760837,0.13763277264791746,0.11041834273685512
100611,2025-11,0,0.1,0.009727517534865294,0.011904042447132218,0.01976456099110992
100535,2025-11,0,0.4,0.025505559749438623,0.03105695076526714,0.028288470006086627
101933,2025-11,0,0.7,0.034043750693217974,0.033161351568610165,0.04684979451616631
100168,2025-11,0,0.1,0.016671813310964977,0.012828221248006538,0.01775188389517418
101853,2025-10,0,0.8,0.16037989943203773,0.1809626400767882,0.17084688416979368
101724,2025-10,1,1.0,0.2741198945282043,0.258004440822201,0.2044012405456202
101507,2025-10,0,0.9,0.12656851434850286,0.15960424931346684,0.14097642362128154
101088,2025-10,0,0.7,0.07411247700091166,0.07797255787993644,0.06523360713304643
101606,2025-12,0,0.5,0.016922024255906647,0.014224239545169347,0.025465867470279544
101767,2025-12,0,0.8,0.12452204510540224,0.148781278721464,0.11299752177127667
102002,2025-12,0,0.2,0.014410192102098993,0.019029971416127507,0.021805265886364784
100738,2025-11,0,0.5,0.008544618102161217,0.008878884249569747,0.0173180739774018
101241,2025-12,0,0.4,0.026509932023333477,0.01853209390907321,0.025387124205998556
100934,2025-11,0,0.1,0.006174698311271336,0.004552632969693764,0.009850961738570195
101849,2025-10,0,0.4,0.0723341821646541,0.05969728136534652,0.057180840600912504
101026,2025-11,0,0.8,0.16723681402265284,0.12716872920785252,0.13483517039009787
100412,2025-10,0,0.3,0.01750832194975769,0.015345359478922578,0.020844900574732598
101778,2025-12,0,0.2,0.008370631480905895,0.006795234322081038,0.01251067773135828
101393,2025-12,1,0.9,0.21661458635600297,0.33864022602310917,0.31423642095303694
100126,2025-10,0,0.4,0.03292391517508864,0.02843448694747867,0.027785957054292373
100802,2025-12,0,0.5,0.11828640647435228,0.11283850285606321,0.11510930506831953
100795,2025-10,0,1.0,0.23458645061184705,0.21070513458605522,0.1743115587502346
100084,2025-11,0,0.2,0.030511171280523178,0.028021780467851535,0.028301389837062603
101454,2025-10,0,0.6,0.02096871990029342,0.014961804288535921,0.02159406720272033
100776,2025-11,0,0.5,0.03635014034169589,0.04539869755374572,0.05063592230993006
100814,2025-12,0,0.1,0.0042313027745701625,0.0029526651725715423,0.012153275414926109
101939,2025-12,0,0.2,0.012355975367188141,0.015539161007011746,0.016916710697164983
102066,2025-11,0,0.3,0.023182738852099417,0.035382511063618234,0.025646983983121832
100818,2025-12,0,0.8,0.1383645508429784,0.14624476579616053,0.1252703087066692
100750,2025-11,0,0.4,0.047180554099997905,0.04972133486696007,0.041696811378882426
101360,2025-12,0,0.1,0.009730360037918337,0.010106829704264528,0.013136624407673665
100487,2025-10,0,1.0,0.09458334308714864,0.10256038771365963,0.0915821817950073
101575,2025-10,0,0.1,0.006171912683244641,0.004139825175691074,0.008709355977227504
100762,2025-10,0,0.9,0.21920040001933294,0.20208920244469936,0.17160889005498375
101566,2025-12,0,0.2,0.015273363267526045,0.01866258106545263,0.020420811387724454
101929,2025-10,0,0.7,0.047874140988275075,0.04519075979103946,0.05275664186804573
100716,2025-10,1,0.7,0.1320887099288505,0.1033868576340235,0.09771004187411579
101679,2025-11,0,0.6,0.114401403583897,0.09633317575565249,0.07929255339937824
100699,2025-12,0,0.1,0.01581024770058961,0.017252957528586747,0.023852841197767365
100826,2025-11,0,0.9,0.22802475811952616,0.24308752272206424,0.224497035945593
100521,2025-11,0,0.7,0.06849719153824911,0.03410130288870482,0.06451309890942948
102021,2025-10,0,0.2,0.027871042670875923,0.029712207855350753,0.028355884399953353
101369,2025-10,0,0.6,0.048967091025046226,0.10830091538163654,0.0863142631029806
100219,2025-10,0,0.7,0.10367977976408654,0.10374178794067883,0.1106507243788228
100455,2025-10,0,0.2,0.007025561023925952,0.004716219168527016,0.011449658980927115
101037,2025-12,0,0.2,0.03147246689050209,0.03118787226580795,0.027491730543098496
101635,2025-11,0,0.3,0.03437169303286262,0.042021688626543284,0.038187427703999036
101264,2025-10,0,0.9,0.2581461137855282,0.17927255483167667,0.19285808959888764
102034,2025-10,0,0.4,0.034384849711781774,0.046279515747642344,0.054333388915589476
101167,2025-12,0,0.9,0.06388225476071493,0.06375367098111262,0.07201449094091657
100777,2025-12,0,1.0,0.19975008938622588,0.15610557205279524,0.13382736345248003
100758,2025-12,0,1.0,0.1316555920020195,0.14228987865179338,0.14883558783554487
100574,2025-12,0,0.5,0.04716898810142362,0.03163238951122961,0.03504531913203701
100016,2025-12,0,0.2,0.01340584473602438,0.009628565460205648,0.013989572001189509
100824,2025-12,0,0.5,0.03111762093086229,0.03093143191746334,0.03385742428424597
101254,2025-11,1,0.6,0.12069413221709181,0.12721072266213895,0.12649387125664127
101180,2025-11,0,0.1,0.013325027599362467,0.014065030787464006,0.021248015157017828
101073,2025-10,0,0.1,0.01033276117594041,0.007799951867798847,0.01452830235382775
102051,2025-11,0,1.0,0.1295894210159107,0.14605675409196642,0.12155753731661859
100237,2025-11,0,0.4,0.0728076840286512,0.05863358703331237,0.04720808985950548
101275,2025-12,0,0.2,0.031965769058422196,0.04143529610127167,0.03656589137326472
100597,2025-12,0,0.3,0.015907372979414264,0.01494359428567164,0.01767238000572782
101973,2025-12,0,0.1,0.02970765124657871,0.021060036406496035,0.018660413746465345
100869,2025-12,0,0.7,0.11881163126145855,0.1720916626240791,0.19359284163139232
100783,2025-11,0,0.6,0.09721235726050904,0.07197932958882215,0.08303488523141736
100245,2025-12,0,0.9,0.15503940299928687,0.14458562149955428,0.15475294713649454
101205,2025-11,0,0.4,0.07344346290804034,0.07344923426071613,0.06420747836488579
100601,2025-11,0,0.2,0.017865679288909694,0.01565024118049694,0.016367107426526854
100331,2025-10,0,0.7,0.10584680702147452,0.09123475944170584,0.12348957963808663
101651,2025-12,0,0.1,0.02789609730617748,0.014970552410801015,0.01712000602569505
101391,2025-12,0,0.9,0.03485990373325088,0.023447781500410634,0.037607576015478865
100620,2025-11,0,0.8,0.10375801093757632,0.0755980194359672,0.09925194005401575
100492,2025-11,0,0.7,0.14318352165367076,0.13274861946411803,0.13513809672396004
100560,2025-11,0,1.0,0.3538580402596209,0.32871841591400786,0.25980234517559325
100183,2025-12,0,0.6,0.06720567874818917,0.08438192966511737,0.052120249488532416
101700,2025-12,0,0.3,0.009558719014032439,0.012940834735928506,0.018241498562689452
101662,2025-11,0,0.1,0.021002312464530753,0.013711449353763236,0.015008801260113006
101016,2025-10,0,0.9,0.15591664832055813,0.10384255047464358,0.09403318763069125
101456,2025-11,0,0.1,0.005174090690599065,0.005196380492079976,0.011202968989311456
101828,2025-11,1,0.8,0.11515035291998768,0.11297138915554526,0.11900384428952987
101121,2025-10,0,0.2,0.013712314842555676,0.012184538756020546,0.0157229881526294
101480,2025-11,0,0.6,0.039219814724494116,0.05427557727657792,0.06190903087172061
100241,2025-11,0,1.0,0.06202563102594977,0.07056095883134672,0.08161948161763048
100699,2025-10,0,0.1,0.0036440081482510545,0.004808729914134567,0.010866695603011269
101346,2025-12,0,0.5,0.11998443658323016,0.11660889111946957,0.12785035574310016
100748,2025-11,0,0.6,0.04241513626875709,0.04954822068573884,0.04427534076126027
100508,2025-12,0,1.0,0.15286602606117664,0.1526641010800379,0.1623524217110507
100989,2025-12,0,0.3,0.04888125612673097,0.056896880905079945,0.041673934993165976
102070,2025-12,0,0.3,0.040291024009065306,0.024965472293431126,0.029781007082164145
101787,2025-12,0,0.9,0.07581539079674583,0.07160009361998107,0.08536123150311913
101223,2025-12,0,0.8,0.265449424066235,0.22119068068111006,0.18457305821588083
100214,2025-11,0,1.0,0.21192887951434047,0.18410212009625873,0.1745909503489321
101696,2025-10,0,0.8,0.12444934877773271,0.08889725550268887,0.09307992414549777
101953,2025-12,0,0.9,0.14361285144666266,0.17825125781846288,0.1591516732686474
100194,2025-11,0,0.8,0.08087451177407477,0.0824580530701488,0.07403113151075176
101355,2025-11,0,0.1,0.020643709449256534,0.018726651924757597,0.019816370021734194
100972,2025-10,0,0.2,0.029230165298439286,0.023618844172341398,0.022553808163603334
101658,2025-11,0,0.2,0.018664520314299073,0.019210311958402435,0.020224301742166505
100168,2025-10,0,0.1,0.022603581120479534,0.019776386758824295,0.018090848976566012
100209,2025-10,0,0.4,0.03755972325287616,0.029372126196514893,0.03025559853624855
101692,2025-12,0,1.0,0.22350955866550493,0.2442242467993991,0.20568090915266607
100299,2025-12,0,0.6,0.08176970917715475,0.05929298096128327,0.06417948080658432
100026,2025-11,0,0.6,0.09396880512064645,0.06761063871744716,0.0848186601533147
100483,2025-12,0,0.4,0.016485382279805935,0.016044647064270168,0.025013411202899443
101014,2025-12,0,0.4,0.07318443433871709,0.08322413268603815,0.06911663036526434
101376,2025-10,0,0.1,0.02590049308104644,0.016966114088089467,0.017740545580868867
100587,2025-10,0,1.0,0.434332383158683,0.4151756437125102,0.27998305043212407
101695,2025-12,0,0.3,0.018418242208080977,0.009121068872851065,0.01829897758545708
101408,2025-11,0,0.6,0.05196802126175754,0.04093218687681214,0.038347311645446136
100260,2025-12,0,0.5,0.04764176491360246,0.055848697380299996,0.06404264915521486
101251,2025-10,0,0.2,0.021632653221762745,0.021771309137171863,0.022240117292941907
100956,2025-12,1,0.3,0.04507749120168214,0.05534707565221226,0.052895924039081575
101067,2025-10,0,1.0,0.1261893692459012,0.08685748705207334,0.10682447925510184
101006,2025-10,0,0.1,0.02578242448844129,0.017425222044510785,0.022172465210027713
100180,2025-10,0,0.6,0.0667401598108476,0.058858804016615696,0.0690735774790897
100867,2025-10,0,0.7,0.1453548395435868,0.10376692110378749,0.12072557504448492
100382,2025-12,0,0.5,0.029004641065341247,0.031112792520271788,0.03929084689327673
101652,2025-10,0,0.3,0.016623413996118882,0.02375513208132491,0.0287868182661891
101800,2025-10,0,0.6,0.08384472653419599,0.11823324921971735,0.09580658050381781
100870,2025-12,0,0.9,0.300129908648855,0.323991932828518,0.3038041142931151
101088,2025-12,0,0.7,0.0898650471853349,0.12059820571761812,0.08642170077251553
100173,2025-12,0,0.7,0.15267540761125142,0.13870596537895666,0.12405418139884443
101291,2025-10,0,0.1,0.02762528199979657,0.036402362689303996,0.029998079143157882
101547,2025-11,0,0.6,0.1126020486202886,0.15277082048655227,0.12670748015131722
101456,2025-10,0,0.1,0.02326837439825927,0.019226543420184164,0.014494662085728314
100328,2025-11,0,0.7,0.09568607056584968,0.06400395509967693,0.07598359791385949
100111,2025-12,0,0.2,0.017312365120215438,0.020633326164874673,0.02091231594437291
101515,2025-11,1,0.1,0.03084178446724485,0.022633953287923968,0.015933060285263156
101222,2025-10,1,1.0,0.24116310827468895,0.2314852638535745,0.20220124370145826
100629,2025-10,0,0.7,0.08212811927499385,0.0944564286744185,0.06391044333989086
100480,2025-11,0,0.5,0.023104689167809087,0.02581789250043669,0.03281793950730717
101547,2025-10,0,0.6,0.11580447792672291,0.15172092444344082,0.13164229431956992
101463,2025-12,0,0.3,0.012006473772558809,0.00959512458234401,0.02051839607409783
101160,2025-11,0,1.0,0.1948485481937935,0.10647583848258795,0.1441501565810744
100946,2025-10,0,0.7,0.08751490326529074,0.08642380272778485,0.08674930469541148
100632,2025-10,0,0.6,0.0979288864496241,0.08901310729856023,0.1030769557940373
100340,2025-12,0,1.0,0.14454663517147953,0.10517709631082937,0.09719749287801199
101966,2025-10,0,0.3,0.03245051537975128,0.03191446420681067,0.03677501394919981
100424,2025-10,0,0.1,0.030069341129874746,0.043413775532218285,0.034190763226593396
101866,2025-12,0,0.8,0.11214384612863622,0.14822146248319606,0.12939611885809058
100104,2025-12,0,1.0,0.06138834409626047,0.04991075435508122,0.05246551332808512
100097,2025-11,0,0.1,0.006186744448242841,0.004452892776790479,0.009137957499574929
100456,2025-11,0,0.6,0.06990071494063876,0.06790439916138023,0.04785697396334548
100897,2025-11,0,0.3,0.05565384328957291,0.08270375339929703,0.06375971683590313
100234,2025-11,0,0.7,0.0710310423654012,0.07609101690364387,0.08421788513897803
100433,2025-11,1,0.8,0.19617998594025207,0.20663027336436085,0.191759937535678
102096,2025-12,0,1.0,0.11808525513051664,0.15694236780673224,0.14059988209220872
100170,2025-10,0,1.0,0.3693525877605807,0.27033639800140935,0.2151090555430002
100189,2025-11,0,0.8,0.08236336186123343,0.10948716583237196,0.10518646568948217
101593,2025-10,0,0.1,0.00612177106204731,0.008707363671855818,0.017167193318432434
100571,2025-11,0,0.1,0.008838357679036346,0.010911662485767621,0.01654050234340337
100972,2025-11,0,0.2,0.021555137856820464,0.018089936928918735,0.021326135872759496
100680,2025-12,0,0.4,0.028718412035173495,0.0528675394901568,0.04013541298507289
101698,2025-11,0,0.6,0.04385645718373303,0.032262015685877284,0.03760579202513992
101008,2025-10,0,0.3,0.05638548998555032,0.05301416763642999,0.035565328152348016
100426,2025-11,0,0.3,0.013818550211128128,0.01192046507982571,0.015137787727266372
100667,2025-12,0,0.3,0.019724599829602125,0.0197344626936643,0.0275541019320565
101695,2025-10,0,0.3,0.044973644074635,0.03020723786383371,0.022908657616742736
101308,2025-11,0,0.4,0.011288193080845157,0.01425866384350275,0.02521233369782995
100155,2025-12,0,0.7,0.0980659985651687,0.09551349011584297,0.09320470540892818
100769,2025-12,0,0.1,0.03021025228156665,0.02754115398349926,0.025938679151899766
101602,2025-12,0,0.5,0.033205730478271675,0.030136267892631338,0.03259657138897778
100657,2025-10,0,0.5,0.04771382678652314,0.0356957197798132,0.029524770238256087
100107,2025-10,0,0.4,0.030607763983310825,0.03776839702083518,0.039293198828719816
100120,2025-12,0,0.2,0.015319966421333478,0.014568886590825659,0.019347950187426823
100114,2025-12,0,0.2,0.017595072950802114,0.018428527562590342,0.018957043836352543
101443,2025-10,1,0.7,0.1887420240589888,0.18287768083181793,0.1843332875968445
101995,2025-10,0,0.3,0.047351148038902245,0.05883985520274233,0.05292886804248262
100547,2025-12,0,0.3,0.027249340323622372,0.03267867334482123,0.038563833870026216
100536,2025-12,0,0.8,0.0653951819503937,0.06454573054477919,0.04599346414370721
101349,2025-12,0,0.8,0.07804449600058641,0.08385012967386654,0.07403113151075176
101987,2025-12,0,0.9,0.20375916363730184,0.20173654722981532,0.19179264905814383
100170,2025-12,0,1.0,0.24016914768766792,0.1605010754381911,0.16914800513515402
100820,2025-12,0,0.5,0.07372462404636645,0.07445090484260372,0.10164368042110734
100185,2025-12,0,0.6,0.12512431887806882,0.12021426751954631,0.11885636596700526
100491,2025-11,0,0.4,0.02955592975726891,0.032927775488601124,0.037001738131714694
100108,2025-10,0,0.9,0.059801955705709536,0.07935327773576938,0.0758882765479027
100376,2025-10,0,0.9,0.18933281582211867,0.1249359489313425,0.1491520199425709
100045,2025-12,0,0.6,0.08843091385365293,0.06417466707503813,0.07818287667920885
101836,2025-10,0,0.1,0.017473645186852644,0.013482693697832858,0.014869419197152192
100540,2025-12,0,0.7,0.09509923471408882,0.08369970840564667,0.08653637135769354
100482,2025-12,0,0.2,0.009838481811674358,0.010863534984900024,0.017981654196558623
100470,2025-11,0,0.7,0.10910843037503239,0.11540699866520791,0.19020553428279227
100472,2025-12,0,0.1,0.01773727661380642,0.015415494872783368,0.014085459139146026
101840,2025-12,0,0.2,0.02701980597731222,0.038040351420857835,0.03404463383319374
101147,2025-10,0,0.2,0.018588351413011628,0.016905851433575043,0.02125440566575384
101797,2025-12,0,0.1,0.00486214058208659,0.006633891682472752,0.01166238769843032
100220,2025-11,0,0.3,0.010171885786333195,0.012959765476117319,0.020219860844048844
100333,2025-11,0,0.4,0.019302675501645106,0.024944416571321352,0.03216200791494377
100088,2025-10,0,0.3,0.030478956888979714,0.026333603169479466,0.034584736556718315
100883,2025-12,0,0.9,0.26066908814763157,0.25880737439644363,0.2531084070699522
101829,2025-11,0,0.9,0.041770155412293015,0.043197382641695405,0.041637248031807676
100227,2025-10,1,0.4,0.08451924227612735,0.11583484077622826,0.08213957803553065
100214,2025-10,0,1.0,0.39423976334822086,0.33846407195473704,0.25480478725104777
101787,2025-10,0,0.9,0.150441665182154,0.13526082320679916,0.11567208892658909
101245,2025-11,1,0.8,0.2090099922875,0.11155819909798181,0.1424070254658587
101432,2025-11,0,0.2,0.03189328246007906,0.025847402405996374,0.023109093558037783
100453,2025-12,1,1.0,0.29762650088829307,0.2908835839970128,0.2524675086912012
100235,2025-10,0,0.1,0.012564928739104453,0.012677014844961178,0.015581041681350959
100149,2025-11,1,0.8,0.24739100781269607,0.2205725042737051,0.19754368920700324
101097,2025-12,0,1.0,0.11020165001909422,0.10511206536970615,0.10168513885613076
101756,2025-12,0,0.9,0.07366533031965194,0.06361689619550741,0.0674515828039579
101397,2025-12,0,0.2,0.024736596174974992,0.02708955350869015,0.030030632680724114
101552,2025-12,0,0.5,0.011880909561517066,0.011610040450255904,0.018037613034317262
101445,2025-10,0,0.1,0.017035068003378853,0.02160649257492397,0.0230980488988642
100068,2025-11,0,0.5,0.045762702004384447,0.04310772564968357,0.06470689560287483
101338,2025-11,1,0.7,0.14050038415555613,0.15690652109209047,0.18305678176255136
100842,2025-12,0,0.2,0.02590827864870448,0.01744133682237785,0.01840740509336382
100008,2025-12,0,0.3,0.0590799920058466,0.06747847854569129,0.05911889073742807
100951,2025-12,0,0.3,0.008625198667170859,0.00890137902861546,0.018001712703352213
101461,2025-11,0,0.7,0.08454176736093037,0.0869180254459768,0.09543356975050721
100434,2025-10,0,0.5,0.04983228039807499,0.04787147967298668,0.051094842335071805
101571,2025-12,0,0.9,0.10747232559792971,0.10199680120784212,0.10763375805077599
101570,2025-12,0,0.8,0.08379782100771613,0.0736024438517879,0.08610543224552325
101799,2025-12,0,0.7,0.037565106139296964,0.04034364724907366,0.0451828461910308
100196,2025-11,0,0.6,0.044903671610418895,0.02591026384915615,0.02754899175839519
101862,2025-10,0,0.2,0.02420313692202943,0.022933964188415968,0.018658511654060888
100522,2025-11,0,0.3,0.05358037801478667,0.05041965731855743,0.03421771040572141
101671,2025-11,0,0.7,0.04600811143435935,0.04294298291173406,0.05229377963411136
100031,2025-11,0,0.6,0.08176970917715475,0.0621050562704568,0.06649317030879054
101409,2025-10,0,0.8,0.19447525049754757,0.17477417098745335,0.19090541489031243
101746,2025-11,1,1.0,0.18220039175491504,0.18871651173492365,0.15341457128399208
100442,2025-11,0,0.1,0.0041888380073770125,0.004368299140939821,0.010718524465021405
101466,2025-10,0,1.0,0.0886046424254506,0.0842453795893958,0.08397885883954435
101813,2025-10,0,0.9,0.16708512075066748,0.11095329029746248,0.12601695928241305
100519,2025-11,0,1.0,0.11505938621622792,0.1878063365733034,0.19446898929262152
101839,2025-11,0,1.0,0.08819256487818483,0.06743440092889254,0.07314444231996958
100227,2025-12,0,0.4,0.02512422219257572,0.024562843443708997,0.032253445063475425
101160,2025-12,0,1.0,0.276283325141442,0.18375241856943997,0.18206880609873552
100981,2025-11,0,0.2,0.007033745645439236,0.0076487752377425245,0.014892934562361192
101929,2025-11,0,0.7,0.1179549976251944,0.12226036494467424,0.1380578217213445
100502,2025-12,0,0.5,0.028448494249739362,0.026381275511262816,0.03531009064563438
100790,2025-11,0,0.7,0.11613736032069366,0.053487640336599154,0.13156816376803124
102045,2025-11,0,0.9,0.0813924746499246,0.08635564137707351,0.08012387679320451
101345,2025-12,0,0.4,0.023353493935936772,0.022735504626558663,0.032203389105180266
100238,2025-10,0,0.9,0.2681949578725867,0.2835908135432285,0.2508856468986701
102055,2025-12,0,0.2,0.011795701138130058,0.009722623423518177,0.012274780013730361
100348,2025-12,0,0.2,0.0436129634958821,0.036534062969867144,0.027672306309527682
101351,2025-12,0,0.2,0.03987258911820143,0.06476862047909279,0.03753884007104054
100386,2025-11,0,0.7,0.11117697877839999,0.08091923834922297,0.12632112402532103
101210,2025-10,0,0.2,0.05522591632953822,0.07423204101523016,0.046486356600143455
100247,2025-11,0,0.5,0.016301732085669825,0.019068565053178863,0.031610911115556625
100100,2025-10,0,0.3,0.07762061555502275,0.09065782490584526,0.06250443231207448
100297,2025-11,0,0.8,0.1687929149370323,0.219188320030652,0.1843507833138886
101003,2025-12,0,0.3,0.03516094478561234,0.02060818344457543,0.021515860247661087
101976,2025-11,0,0.4,0.0425394663646178,0.03316223873631703,0.03289236081111413
101758,2025-12,0,0.5,0.08200992016725979,0.09064313572857798,0.06801862542721679
101892,2025-11,0,0.8,0.12051235953675021,0.09218916546507254,0.09781756419620057
100711,2025-10,0,0.6,0.05024125881977062,0.033317435308854275,0.037402366326712407
101805,2025-12,1,0.9,0.21841068764672683,0.18388605072741437,0.16838729587468826
101451,2025-10,0,0.2,0.02029137090000358,0.016500716173744018,0.01681674789950669
101390,2025-10,0,0.7,0.11398127981038826,0.10380369914356245,0.1324588267012371
100278,2025-12,0,0.7,0.1390622774894001,0.11905641830661198,0.10808569496526557
100223,2025-10,0,0.3,0.020194371713207353,0.017527274515482454,0.01906954930124987
100374,2025-10,0,0.3,0.032175755823152914,0.04127698652111661,0.04090977618024891
100374,2025-12,0,0.3,0.04672046856005114,0.05584526317906663,0.054650409535940817
100999,2025-10,1,0.4,0.019344420854946413,0.020819263947114315,0.027152269063728498
101804,2025-12,0,0.8,0.0511889365108092,0.05723013371203536,0.0437086099194348
101263,2025-10,0,0.3,0.02480069492607233,0.03393959999410256,0.03205977718545625
101407,2025-11,0,0.3,0.029713633378870764,0.025320647914719243,0.02642005639925063
101913,2025-12,0,1.0,0.13686838515637614,0.11087351173767535,0.11673852712823465
102025,2025-10,0,1.0,0.28664496240077836,0.2718557332833179,0.2353303691747149
100815,2025-11,0,0.9,0.16736245318174858,0.1592064246790774,0.1565489343369682
100034,2025-10,0,0.9,0.07191480237207315,0.06205360332980507,0.06557823245466846
101063,2025-12,1,0.2,0.04544386230619889,0.06121057469595333,0.03821933022527225
101725,2025-10,0,0.4,0.06455203596446718,0.07353822798835011,0.06303306973135885
100889,2025-10,0,0.3,0.00692573616744,0.004381367418898644,0.009776679817100682
100993,2025-11,0,0.1,0.029596265329656025,0.0308148062319206,0.02972261838826531
100070,2025-12,0,0.3,0.016199039016992326,0.014876913605399854,0.02512522631725012
100534,2025-10,0,0.4,0.056489013312718564,0.08172582175385196,0.06224988334957414
101520,2025-12,0,0.4,0.014511386924198942,0.013153997068409813,0.02381276308248786
100586,2025-12,0,0.3,0.024380244747948827,0.02498447418694838,0.028788033354006
101398,2025-12,0,0.4,0.07215722456299577,0.07956455982726084,0.06305774244325865
100150,2025-10,0,0.8,0.06724147478609736,0.04766311596835227,0.05352171628454935
101489,2025-11,0,1.0,0.35654354130101845,0.3552570695645667,0.28280416944994863
101127,2025-10,0,0.6,0.09426871920063126,0.08078066076213841,0.09518055656918788
101721,2025-10,0,0.8,0.046699873281563636,0.045124582617039985,0.04096893394379368
100490,2025-12,0,0.3,0.03627952371056113,0.022683442395977693,0.02003049860413836
101250,2025-12,0,0.5,0.06624748603527036,0.08128535113465786,0.09907590544706331
101080,2025-12,0,0.6,0.0858469103621344,0.09674602743558476,0.08121419984319353
100549,2025-11,0,0.4,0.038473142423466986,0.053064915091951236,0.04450027152196185
101298,2025-10,0,0.9,0.14619888420727534,0.15657226221122522,0.1472517984759073
101249,2025-11,0,0.6,0.034381950761377254,0.027258479092377018,0.029513043725923824
100337,2025-11,0,0.9,0.19736751140966713,0.29007585452371787,0.26009238387420214
100739,2025-10,0,0.4,0.010962477652863591,0.00819626333834085,0.01304099586280077
101191,2025-11,0,0.7,0.05547339553045731,0.060872644337020734,0.05983637738826689
101105,2025-10,0,0.5,0.027682821745963513,0.03028281506337982,0.04007641876909023
101897,2025-11,0,0.6,0.024292567054796186,0.02975069168208617,0.037177185941285766
101560,2025-12,0,0.7,0.0906010533033069,0.10137142321828044,0.14558850568182485
100211,2025-12,0,0.7,0.05341045877774467,0.04372572777773135,0.05339904450366076
101063,2025-10,0,0.2,0.03507866801405907,0.04349889443266298,0.03705298503470597
101549,2025-11,0,0.8,0.020117735710734257,0.014905694878040651,0.025666115003944123
100690,2025-12,0,0.1,0.01341863929362064,0.014107911550005575,0.015569785774202531
100271,2025-12,0,0.8,0.07312554076647779,0.07259085213430162,0.07622880536382315
101766,2025-10,0,0.4,0.050783961881311825,0.06196253809249917,0.052262651654827005
101207,2025-10,0,0.8,0.09770542288690927,0.12553574532172282,0.12100259288940411
100297,2025-10,0,0.8,0.05103750993583371,0.055537102561853596,0.05353619569608671
101217,2025-11,0,0.3,0.018536842287259155,0.019531759476745958,0.026945236745874394
101676,2025-11,0,1.0,0.10184464688680146,0.09248527654452864,0.08530194190575673
101543,2025-11,0,1.0,0.08198789014015778,0.09356332649592046,0.07562151370020785
100061,2025-11,0,0.2,0.014344721880620009,0.014691610582117947,0.01557552655329789
100798,2025-12,1,0.7,0.1256089147708882,0.1443545773454604,0.13056875592722428
101278,2025-11,0,0.3,0.00861965576738856,0.006137326776753418,0.010825945648411077
101148,2025-11,1,0.6,0.09287052286099481,0.10621074814506021,0.10359049607403335
100060,2025-10,0,0.4,0.02238418191064682,0.021182412008679492,0.02907252288648656
100597,2025-11,0,0.3,0.053298744846812435,0.055300159452773674,0.04802749649064936
101573,2025-11,0,0.9,0.08084918679130253,0.07054877239952528,0.08031773331352057
102050,2025-12,0,0.6,0.03457884303514146,0.025229460778309846,0.03003124093187001
100678,2025-11,0,1.0,0.15959954887628533,0.08206644833163533,0.10241188810435194
101660,2025-10,0,1.0,0.19379616823042142,0.1898768376387364,0.14480374992882422
100067,2025-12,0,0.8,0.15650155654942693,0.1411338514320146,0.1146706197389525
101712,2025-12,0,0.8,0.18140684736663615,0.21358703812934968,0.23774622063009565
101211,2025-12,0,0.2,0.02032196129487228,0.019454698967304875,0.020567685868950854
101679,2025-12,0,0.6,0.11230876884548355,0.10270176645143146,0.067770754218133
100464,2025-10,0,0.1,0.028244422203132467,0.031775601847067125,0.039248415946740375
101387,2025-11,0,0.4,0.051581135167644475,0.05886682935005363,0.06504077005624373
101025,2025-12,0,0.3,0.03451589449943545,0.058679873011831606,0.05348495407619411
100784,2025-10,0,0.3,0.040110056694833446,0.04727049216967851,0.050001205095438574
101405,2025-10,0,0.3,0.06051028672928928,0.09112175907497874,0.06521480227377106
100694,2025-11,0,1.0,0.1650195700180372,0.15690361134665282,0.1488737756779439
100159,2025-11,0,0.5,0.0731258521884972,0.05645278769137566,0.04857699948582117
100164,2025-10,0,0.1,0.01989860869652624,0.019925963460952868,0.03075496123423774
101536,2025-11,0,0.5,0.012387668116268534,0.013151571643701496,0.01696164631755176
101951,2025-10,0,0.9,0.31886919693553745,0.3232929076723101,0.2690101649884964
101128,2025-11,0,0.8,0.07026663175134405,0.07074042002966605,0.06789646914054723
101029,2025-11,0,0.8,0.03302597465300264,0.0515967459410948,0.030759367614181108
100639,2025-12,0,0.2,0.007797878744534886,0.010515501741705768,0.015701142012242226
101938,2025-10,1,0.5,0.08658008043033019,0.09670115079791199,0.10351272055336805
101303,2025-12,0,0.5,0.032866386878295864,0.03956907568028138,0.0440056203582584
101287,2025-10,0,0.8,0.12833312062154395,0.16161600015433103,0.14859132737066078
100741,2025-10,1,0.9,0.11056677922695456,0.09281682310374434,0.10631687684317169
101191,2025-12,0,0.7,0.038945440302834464,0.030602611732936293,0.03666142503820498
101368,2025-11,0,0.9,0.21946368420735884,0.24506350469220184,0.18500257070367312
101089,2025-12,0,0.6,0.06999226303247948,0.07220374731650446,0.057925073672688634
101539,2025-10,0,0.2,0.0306850698228854,0.0229403049181653,0.017616255447938635
100794,2025-12,0,0.8,0.21846719646390292,0.17849464349716088,0.1685300181824313
101128,2025-10,0,0.8,0.07553588841914946,0.0657560245143031,0.07736055773207638
101441,2025-12,0,0.8,0.05985295003441542,0.052258032654515174,0.05817776975883383
101030,2025-10,0,0.9,0.04208565619616237,0.04985254816321094,0.04194660178280287
100997,2025-12,0,0.5,0.026282951738813388,0.03064070614587668,0.03715282109433274
102091,2025-11,0,0.5,0.014143292541403745,0.014650160601527159,0.026737836896004372
101307,2025-12,0,0.8,0.10394328985259216,0.08672477187287608,0.0907097776685413
101519,2025-11,0,0.1,0.020298145817521686,0.023089439317362945,0.025414290481077646
101148,2025-12,0,0.6,0.0567257480675682,0.061131758546061836,0.05564142969958572
101419,2025-12,0,0.7,0.08003155539493707,0.056659077574950194,0.05814483550947329
101680,2025-11,0,0.9,0.06681814521627528,0.08802858631646528,0.08330926819378878
100562,2025-10,0,0.1,0.009961612970293804,0.012912439694054239,0.017090529740829797
100078,2025-10,0,1.0,0.06760982032059434,0.06221514609067865,0.06350731100898378
100302,2025-12,0,0.5,0.06855820934440436,0.07743098485681237,0.0727074474138885
100108,2025-11,0,0.9,0.031371466778649305,0.03663367095806715,0.03395548347997851
100056,2025-10,0,1.0,0.1266839574809599,0.11008514199903116,0.10925804387945932
100973,2025-11,0,0.7,0.16100127247746357,0.16282770914163822,0.16027997316269044
100832,2025-10,0,0.6,0.0405237434284892,0.028665086444088776,0.02587644481638116
100557,2025-12,0,0.5,0.03025382580776261,0.020142534630816465,0.024949472186217965
100944,2025-12,0,0.6,0.1248998856102441,0.15759642807620872,0.12968118161360095
101875,2025-12,0,0.7,0.05967050326215629,0.057218915391730345,0.06664842225193303
101471,2025-10,1,1.0,0.3206466730579557,0.31965990494722246,0.2947767007765793
101601,2025-11,0,1.0,0.1621525233577379,0.12157601741038454,0.09530963049842678
101174,2025-10,0,0.8,0.07728855196088744,0.047780819954301425,0.06295832447822211
101562,2025-10,0,0.1,0.015610800054734253,0.013410078570999677,0.01592061648790364
100550,2025-12,0,0.7,0.11807704546408732,0.1347993529015388,0.18771466746661739
100881,2025-12,0,0.1,0.02155300174245676,0.02063018481992385,0.024971305857906648
101015,2025-11,0,0.3,0.05388152740804429,0.02715514573227101,0.026772436688377314
101117,2025-11,0,0.9,0.1558089851254529,0.12604175415855357,0.15031552875385204
100560,2025-12,1,1.0,0.27295488914784083,0.2895299907559583,0.20865469422846303
100513,2025-11,0,0.1,0.04823225937271481,0.045752268956535926,0.023062437204939636
101782,2025-11,0,0.1,0.03574075962014529,0.026251574452162977,0.01984365596760497
101111,2025-11,0,0.3,0.03825377471766277,0.025858445932734835,0.027035775539116635
100894,2025-11,0,0.5,0.023290673125944773,0.018350269296342894,0.025253439080890287
101032,2025-11,0,0.8,0.06891648966796804,0.09173067731408986,0.08118258952445932
101947,2025-10,0,0.7,0.038120104208734004,0.034533206922507866,0.03874829987805475
100508,2025-11,0,1.0,0.19328168128005885,0.12029591868987585,0.11633405706672248
100569,2025-11,0,0.5,0.05483262846185423,0.06413182340726536,0.0468248670737594
101417,2025-10,0,0.7,0.051666674526131905,0.045471370468785126,0.06770606799063827
101531,2025-12,1,0.6,0.03264294736904659,0.036010808836534,0.03939441007711821
100951,2025-10,0,0.3,0.008776898483632714,0.01225089424429175,0.02051560654819209
100649,2025-10,0,0.6,0.11296006287511366,0.12631909704456595,0.10321616447048433
101834,2025-12,0,0.3,0.022358242239223947,0.026225535743426273,0.042566385017568945
100390,2025-10,0,0.8,0.07171251977424127,0.0771577778765759,0.06301915120335136
102066,2025-10,0,0.3,0.039230170078485734,0.0376233521522247,0.037777538388094056
100210,2025-10,1,0.8,0.1759442178951854,0.16011007688788467,0.1594057979290711
101387,2025-12,0,0.4,0.03203044040561643,0.037873185195502486,0.04001539757686049
100381,2025-10,0,0.7,0.09324351599877408,0.07933061002788627,0.09577137329497006
102053,2025-12,0,1.0,0.07785021191491649,0.05688456776740947,0.08035847345496906
101170,2025-11,0,0.2,0.010757343852752902,0.010164576637785654,0.014967024171638551
100400,2025-10,1,0.3,0.04079272583707497,0.038863570595050724,0.04704622003554627
100003,2025-12,0,0.8,0.0677223657468434,0.0765121197492578,0.0830341429093794
100803,2025-12,0,1.0,0.0725251850511665,0.0913277280122323,0.09903520855468376
101791,2025-11,0,0.5,0.09757131008010397,0.155885031772807,0.14129011552825488
100251,2025-10,1,0.2,0.05948743607037276,0.08689904804383128,0.04188190149032969
100305,2025-12,0,0.3,0.019463829516858846,0.016615735473673565,0.02559450176468373
100841,2025-11,0,0.5,0.026995528889875064,0.027997136499099493,0.03127030321478591
101977,2025-12,0,0.3,0.021102404121054075,0.013741469696230938,0.015378379809028408
100935,2025-11,0,0.9,0.27277595032316515,0.32662441589391783,0.35230118011729555
100849,2025-10,0,0.9,0.23596455952544498,0.266868435905211,0.2854385896761837
101694,2025-10,0,0.3,0.013883183475845896,0.021579408250751667,0.026976611684252555
101192,2025-10,0,0.5,0.04190970784094733,0.041210645375309295,0.040358034053310475
101858,2025-11,0,0.8,0.14633608511836446,0.14888974009235584,0.1577155356042753
101436,2025-10,0,0.9,0.24582665385837013,0.2251292515912004,0.21796403987235013
100811,2025-10,0,0.4,0.03294323753261294,0.026741592156634228,0.03501834690249895
100277,2025-11,0,0.2,0.011766062304790475,0.011961901661634243,0.016684655195979458
101477,2025-12,0,0.5,0.06591126572568681,0.04646480977077417,0.046735447437297496
101464,2025-11,0,0.9,0.05621872935620747,0.04720780704433653,0.0542341224671532
101297,2025-10,0,0.1,0.0072654758284858975,0.006186496206869605,0.013668401371752452
101629,2025-11,0,0.9,0.17257185577120493,0.17368367715219504,0.17391373192085124
101325,2025-10,0,0.7,0.13993495369120545,0.14640354522486645,0.14392414729361763
100028,2025-10,0,0.2,0.013121686482961347,0.009359436241320214,0.012809347813757874
101198,2025-11,0,0.4,0.0332634627583343,0.030447026637906,0.036925062347516344
101618,2025-12,0,0.6,0.08221098229313907,0.08428430610946107,0.08756653120500363
100471,2025-11,0,0.7,0.09034075161324838,0.09582031111299928,0.1013023196138293
100128,2025-11,0,0.9,0.1466385178082087,0.12693610492813437,0.14606984068534296
100675,2025-12,0,0.1,0.024460081309227624,0.022807312614996127,0.028720720342729385
101375,2025-10,0,0.3,0.0158738397022759,0.018502388009091868,0.022600610752112924
101932,2025-10,0,0.7,0.041246417383262096,0.05346812837625721,0.0526470347378511
100214,2025-12,0,1.0,0.2334292204791179,0.22321761028681206,0.19224117986081565
100818,2025-10,0,0.8,0.06774469479233362,0.07316881884638694,0.07668272865841885
100435,2025-11,0,0.6,0.05048640401463891,0.05686482841090463,0.05991246197898277
101894,2025-12,0,0.4,0.04322607406126688,0.033332108275546,0.03500454002260857
102085,2025-11,0,0.8,0.06446183304542233,0.05617669253479018,0.06903080711270299
101037,2025-11,0,0.2,0.03928460290001217,0.041372102615665034,0.037559404790004434
100067,2025-10,0,0.8,0.2137399432187131,0.1972012407434048,0.19122374651199028
102078,2025-10,0,1.0,0.20378398727857824,0.2242781290316507,0.19358085973479053
101864,2025-12,0,0.2,0.03282183057969463,0.030578380779455284,0.028325368955311805
100067,2025-11,0,0.8,0.15507628865817347,0.16508204637493856,0.14776655406644454
101605,2025-11,0,0.8,0.13610146175883003,0.11765619101620522,0.1410905449565339
100467,2025-10,0,0.7,0.08227376542971657,0.08881453305814395,0.10310723721180164
101040,2025-11,0,0.1,0.028539124675987237,0.014391748439572416,0.015033699184579113
101980,2025-10,0,0.7,0.04488906039366559,0.04263473706775639,0.05698588035987819
101989,2025-11,0,0.4,0.034939175427212185,0.027496031932060683,0.03237424705038392
100041,2025-12,0,1.0,0.11507266250565827,0.12578889488688316,0.08681670708024115
101672,2025-12,1,1.0,0.2690052225579385,0.27832513069001413,0.24022334299317805
101548,2025-12,0,0.2,0.030336166360884594,0.02596805646194753,0.02794147646440843
101690,2025-11,0,1.0,0.0758786062923322,0.09852875241660489,0.07178923674520515
100630,2025-10,0,0.5,0.0525657129603076,0.03931658769775828,0.042883635351092436
100749,2025-11,0,0.6,0.05243559368611062,0.04712333667090248,0.04905297110650956
101079,2025-12,0,0.2,0.009261919731850551,0.011450121905244172,0.014716064532732323
100152,2025-12,0,0.5,0.06432002571051582,0.09615498656162179,0.10644007549585555
100715,2025-10,0,0.1,0.022798526177275028,0.025881051671870253,0.028797715478082814
100947,2025-11,0,0.7,0.1776902731989704,0.15767969832707174,0.15875657904330168
101432,2025-12,0,0.2,0.025482818158827688,0.027272025029838123,0.03134511453093194
100114,2025-11,0,0.2,0.010234534903334314,0.00825052023023132,0.012038758054225957
100107,2025-11,0,0.4,0.03838648464580572,0.042001197722701646,0.03872687264935875
101155,2025-10,0,0.7,0.08100817774491978,0.07611297912614831,0.07984807286431546
101524,2025-12,0,0.6,0.0645542169615879,0.05578653227329648,0.051739632611171524
100063,2025-12,0,0.7,0.09148011896162504,0.07412864147931703,0.09544107653920982
101608,2025-11,0,0.3,0.011582853467931012,0.009110070833979264,0.018134794377172046
101535,2025-12,0,0.6,0.07908167622445178,0.09758653728779763,0.1036483534639246
100030,2025-11,0,0.3,0.007950938259632861,0.006008629454400228,0.011357504671210283
100153,2025-10,0,0.4,0.04919671540027568,0.037494118793836725,0.03198557344832158
101124,2025-12,1,1.0,0.19154966171079363,0.20918225937954177,0.1698634444633705
100054,2025-11,0,0.4,0.06386163134824069,0.05400321023376405,0.034644814348408305
101784,2025-12,0,0.1,0.007950422955293352,0.008197737958172514,0.01665413642360507
101766,2025-12,0,0.4,0.04787054766585935,0.05678707029055345,0.052262651654827005
100254,2025-12,0,0.2,0.01459553554371983,0.013555542287950839,0.014470976955021232
101526,2025-11,0,0.3,0.017159167011913255,0.012615924149124306,0.020391110173557242
100481,2025-10,0,0.6,0.1143715153503725,0.153400972818576,0.13164229431956992
101286,2025-12,0,0.7,0.04752194419648444,0.05758285479846665,0.047433510474851164
101937,2025-10,0,0.5,0.05511567002847831,0.05641540317817357,0.08334657323559005
100173,2025-10,0,0.7,0.07874613055921258,0.07671642955784426,0.06391044333989086
100359,2025-10,0,0.3,0.02572453583363847,0.020578532667899392,0.020986255742317498
101674,2025-11,0,0.6,0.05151123747404737,0.03430303818361393,0.04330627238111889
100273,2025-10,0,0.4,0.05434471425419493,0.05277706814674142,0.05646144651775068
100162,2025-11,0,0.8,0.07753978491125403,0.08336787665528948,0.07403113151075176
101846,2025-10,0,0.7,0.17786166563635153,0.2021105001904545,0.24380439524776393
100021,2025-11,0,0.2,0.02880072217287424,0.03450432806809554,0.029747348496034765
100774,2025-11,0,1.0,0.372567467045152,0.45404452401902656,0.3960337925198806
101812,2025-12,0,0.7,0.1175822398795461,0.10066909193438042,0.10619341935775495
101570,2025-10,1,0.8,0.20059889724141808,0.18619600657248467,0.1742403323766933
101775,2025-11,0,0.3,0.041068897061500104,0.053063796275221876,0.053821328635852136
100948,2025-10,0,0.8,0.05774534777284631,0.057074728473383414,0.05908666085444893
100527,2025-12,0,0.3,0.017488163543771845,0.014298224046287993,0.023845108017556224
101229,2025-11,0,0.7,0.21811322061916313,0.1704610888782659,0.16127946259714557
100542,2025-11,0,0.2,0.015462116531506183,0.009256348955283038,0.014684583648589905
100336,2025-12,0,0.1,0.018435697113344324,0.014464420273998066,0.020087873732642383
100854,2025-10,0,1.0,0.24096140845947409,0.20686670424880846,0.20743650931892071
100081,2025-12,0,0.4,0.03599411016749541,0.033313576572044645,0.03287982237406709
100096,2025-11,0,0.5,0.017238152573367763,0.019861791139438156,0.028918695519982683
101400,2025-12,0,0.8,0.042634186589480295,0.03333785853549654,0.04441872871803898
101599,2025-10,0,0.7,0.12701791097378046,0.12127056686763506,0.1416239567044066
100792,2025-10,0,0.7,0.11062692155865285,0.1522603358573697,0.11970428693209681
101964,2025-10,0,0.4,0.09421998855394671,0.049244845345343534,0.04015732770909376
100675,2025-10,0,0.1,0.017153273578605174,0.014798121789275144,0.01964526651985766
100366,2025-12,0,0.8,0.06306609663330445,0.03429040361786854,0.058635848375211595
101439,2025-12,0,0.4,0.08588552091837635,0.08640562005220843,0.06897979504830191
101818,2025-11,0,0.2,0.016590680572542583,0.03293734589073318,0.02036394747339297
100134,2025-12,0,0.8,0.06240579842352062,0.05530269973054546,0.06453393514122352
100439,2025-12,0,0.4,0.05580918889532319,0.04978226128604385,0.0554944868840422
101367,2025-10,0,1.0,0.21676766529760175,0.17035539930411397,0.16524450697751095
101076,2025-11,1,0.7,0.12912065184519117,0.17163335088193607,0.21346840198655495
100271,2025-10,0,0.8,0.1424167859054909,0.11193917982784908,0.11176534315456545
101295,2025-11,0,0.4,0.1047360537184383,0.08953389464043052,0.0590338314320972
101486,2025-11,0,0.5,0.0347031846384174,0.03971559976499987,0.044518501986465134
101009,2025-10,0,0.9,0.0736267264087315,0.10042217237230985,0.0970223705564382
101128,2025-12,0,0.8,0.07041998878452826,0.068478475972665,0.06789646914054723
100040,2025-11,0,0.2,0.04404075330243286,0.05079483574387628,0.03714964468317437
101277,2025-12,0,0.8,0.15282250083617369,0.1784495507450536,0.13985475675584472
100820,2025-11,0,0.5,0.07104801410527066,0.06550057655357926,0.09075364998299933
101114,2025-10,0,0.3,0.05001418342789313,0.043792133359765194,0.029955093413483024
100661,2025-11,1,1.0,0.21153747978201193,0.2117296788909994,0.2182651507709854
100803,2025-11,1,1.0,0.18777438938544758,0.16775768619605844,0.18263342020134188
100077,2025-10,0,0.3,0.01639172290591162,0.011393494464428304,0.01723116227702783
100417,2025-10,1,0.5,0.04979074795224991,0.050052536865398796,0.04715109454393798
101374,2025-11,0,0.2,0.025701942263905833,0.027737648303819855,0.025765101722915008
101584,2025-12,0,0.5,0.01800944906374361,0.014869755856438457,0.02214513585244328
101641,2025-11,0,0.2,0.014842392288116586,0.022998720460469604,0.023566192441461506
100136,2025-10,0,0.5,0.1126351269554979,0.13180943227234834,0.13522535978705333
101003,2025-11,0,0.3,0.015707625180596554,0.00879755559222937,0.01800006285786862
100717,2025-10,0,0.7,0.03440757304270625,0.031277766517052386,0.041897344921540125
101837,2025-12,0,1.0,0.18576168018032974,0.19274776157084186,0.19829294602854078
101988,2025-12,0,0.5,0.048395970744630874,0.03146039828299226,0.03537466222062783
101410,2025-12,0,0.9,0.02593721512568084,0.025010855415648726,0.03208406197612141
101202,2025-10,1,1.0,0.28264623822937757,0.2820521725919292,0.25376918087627515
101106,2025-12,0,0.5,0.05591490087811966,0.054648167632535945,0.07791361335975451
101133,2025-10,0,0.6,0.1100500906076596,0.1476083540006669,0.1275088932753183
101261,2025-10,0,0.2,0.0563998934348227,0.04177812774963957,0.026513677132250467
101269,2025-11,0,0.2,0.025715048607303243,0.02036021725703573,0.01908947784716013
100514,2025-11,0,0.7,0.131370735786617,0.1530457645721899,0.1817605940871188
101654,2025-12,0,0.1,0.01572475282284876,0.01305224281075544,0.02162034170025584
100313,2025-11,0,0.1,0.018129623140263243,0.011827905312434082,0.013136721397000338
101607,2025-12,0,1.0,0.10980187198794625,0.08733977706014837,0.09940347067089558
101598,2025-10,0,1.0,0.3750376170183874,0.2627370719854132,0.19912057208978834
101103,2025-11,0,0.7,0.08707742600588989,0.07605091178548523,0.07593053002024375
100246,2025-11,0,0.1,0.005228389715921748,0.006552600581419769,0.015469325791363373
101910,2025-12,0,0.6,0.04464135411988612,0.05395074624659803,0.046547076358491965
101012,2025-10,0,0.3,0.039986166849825686,0.02492136191105584,0.024243917386466297
100057,2025-12,0,0.5,0.05102546631407704,0.06308048340964707,0.05468968724949751
100396,2025-12,0,0.5,0.026004982856551093,0.03819973807983432,0.046009820876981314
101606,2025-11,0,0.5,0.022701620298549347,0.01863697589413662,0.03468449890482396
101892,2025-10,0,0.8,0.10307933151339711,0.10475052617731798,0.1250009980607042
100500,2025-10,0,0.4,0.01118977730479595,0.01349922377048387,0.01615261587420895
100745,2025-11,0,1.0,0.2597236751793572,0.26402329726161944,0.22687758104588177
102076,2025-10,0,0.2,0.01145885065463351,0.015754816517261603,0.019128557632983937
100006,2025-11,0,0.7,0.11493203150456555,0.137387714144458,0.1449329274179154
102075,2025-11,0,0.9,0.0710074146160619,0.08288850659431937,0.08399793323814968
100551,2025-11,0,0.5,0.1090470917620961,0.12117447801531231,0.10703039701516548
100333,2025-12,0,0.4,0.02806955027939194,0.033686248407347054,0.03657854901403405
100967,2025-11,0,0.9,0.04101176393486811,0.04700403091467643,0.0415099751275558
101814,2025-11,0,0.3,0.03181045881976889,0.02510837934628316,0.02828469794092405
101867,2025-12,0,0.4,0.060378490991541835,0.06354606742318197,0.05413020368213754
101314,2025-12,0,0.7,0.13892195550230432,0.14095432536710129,0.16163376549679678
100482,2025-10,0,0.2,0.019946029092839296,0.016291449438202772,0.025539107357198502
100455,2025-11,0,0.2,0.019946029092839296,0.01288208532941653,0.017201220571358727
101638,2025-10,0,1.0,0.2755099385922161,0.2921077362603827,0.24625516967605876
101144,2025-12,0,0.7,0.16516200801923556,0.13771880886675703,0.13596551221130554
100099,2025-11,0,0.5,0.04167493194925267,0.03876874714692646,0.037012974245458186
100240,2025-11,0,0.5,0.022949616940235583,0.021952340219859298,0.030284433949114016
101986,2025-11,0,0.9,0.17688418921348395,0.22474075965508958,0.22101305447770098
100246,2025-10,0,0.1,0.010323791701173488,0.011399893400886152,0.01619600290215758
101677,2025-12,0,0.1,0.022525997764173192,0.02710261485212399,0.030204780000413333
101826,2025-10,0,0.8,0.2447371714091324,0.22310171829459707,0.1866072962958477
101776,2025-12,0,1.0,0.18207505247948041,0.25229132345627897,0.20434701037700476
100757,2025-12,1,0.9,0.14527141159998141,0.14301075501099664,0.12009558270773303
101953,2025-10,0,0.9,0.2515113183268968,0.2829515612687198,0.28906109151336173
100209,2025-12,0,0.4,0.031025911212660604,0.02649692589585629,0.03248067281967966
101965,2025-11,1,1.0,0.0908492235693127,0.1047153569585849,0.08690497809550489
100538,2025-12,0,0.1,0.013034376453785319,0.022991683383157928,0.025721640429152686
102084,2025-11,0,0.3,0.05809377359906592,0.03426143487881249,0.032945944302282155
101765,2025-11,0,0.1,0.005880134690345116,0.007578987747414749,0.013535156108465
101776,2025-10,0,1.0,0.19841724229953808,0.28103363417524685,0.2595429258754796
100061,2025-10,0,0.2,0.004826918406894307,0.003695808085255172,0.008568182351864989
102046,2025-10,1,0.9,0.054828363266553166,0.055637411701236074,0.06242900486560693
102014,2025-12,0,0.4,0.06812435605184246,0.04973005769524497,0.04087922845879917
100825,2025-10,0,0.3,0.03223035127257159,0.02907934722972785,0.035939183147168846
100646,2025-12,0,0.1,0.03733792468338484,0.028247848572105626,0.018375870867944816
100255,2025-10,1,0.6,0.07775147476992082,0.09098270830519507,0.07154043468679562
100370,2025-11,0,0.2,0.05139293205147489,0.05809276762606715,0.04306744056137472
102098,2025-10,0,0.7,0.017050034068209156,0.012271012802101189,0.021142797660525774
101470,2025-12,0,0.7,0.0714920202607655,0.08683971690646794,0.10040111904980968
100714,2025-12,0,0.8,0.13944423245238138,0.14940746989601192,0.20260115816837973
101502,2025-12,0,0.8,0.034753176213618286,0.03188744339824501,0.03331703652139509
100465,2025-10,0,0.1,0.01351035776025281,0.011186090988347117,0.014027826944823515
100747,2025-12,0,0.7,0.15096117585310895,0.1979157135461718,0.1772156354863746
101666,2025-10,0,0.6,0.06957409598000407,0.054659680189232264,0.05822369658186027
100332,2025-11,0,1.0,0.15561924903605837,0.1548703168242702,0.16448374657336629
101759,2025-11,0,0.5,0.020204650872268286,0.017965385426976763,0.02596280081991539
100062,2025-11,0,0.2,0.011015946656469955,0.012743181830612505,0.019324717982837008
100291,2025-11,0,0.7,0.18655222270459082,0.19452078032987363,0.16500656042384262
100154,2025-10,0,0.6,0.04099922905691381,0.03607786370697799,0.04184762239303492
100612,2025-12,0,0.8,0.05370111137467103,0.04739246594346409,0.05503332801996274
101448,2025-11,1,1.0,0.3155599478499386,0.3360012588969503,0.26201722132557864
100588,2025-12,0,0.5,0.03003337207932981,0.030402875579462457,0.029631189101557244
101171,2025-10,0,0.1,0.006444253736995783,0.006171877602623043,0.011666580375116762
101890,2025-12,0,1.0,0.10365509410129707,0.07304215897596018,0.09363309337047054
101995,2025-11,0,0.3,0.01807331373829712,0.02147517487401477,0.028307716599758507
101400,2025-11,0,0.8,0.1508669469672254,0.11648378859689783,0.11734736987749161
100280,2025-11,0,0.2,0.01442685466235396,0.014728952150087588,0.019347950187426823
102058,2025-11,0,0.7,0.12761115280958915,0.1396938381075984,0.11950933629581136
101599,2025-12,0,0.7,0.07290577323422508,0.06175264023372879,0.08939496337420219
101617,2025-11,0,0.1,0.01555776012910322,0.012975285607315139,0.015520066460999226
100773,2025-10,1,1.0,0.28003842834997256,0.26863304046870307,0.24078055211554264
100324,2025-11,0,0.8,0.029916891237647656,0.03195021147899665,0.04480611610661355
101202,2025-12,1,1.0,0.13507758828577476,0.12439588959146726,0.13439190144931704
100073,2025-10,0,1.0,0.15040707342420603,0.17352829689776691,0.10810001142860072
101936,2025-10,0,0.9,0.14810426334962945,0.13777212303336844,0.15031552875385204
100356,2025-12,0,0.8,0.14618092473612154,0.19162367894202614,0.19467399852712858
100622,2025-10,0,0.3,0.023957107324169526,0.01638919082056792,0.02381206148696975
100871,2025-11,0,0.3,0.019396809012501112,0.014140107441722402,0.024952969499805255
101924,2025-10,0,0.4,0.07762223471525508,0.08135179777438359,0.06524503296581866
100531,2025-10,0,0.9,0.23908581611410465,0.2483367477644026,0.2207007562713167
101453,2025-12,0,0.5,0.12505130619215457,0.10201895516764536,0.1087264737817188
100436,2025-10,0,0.6,0.11193030409162431,0.11894239580816286,0.09291892493949233
100393,2025-11,1,0.9,0.24165496528804764,0.29132128733153884,0.31582613072380494
101043,2025-12,0,0.3,0.03544014472330341,0.03658830944547637,0.043632759281651216
100554,2025-11,0,0.5,0.06432002571051582,0.07370713877261227,0.09505043935397971
101206,2025-10,0,0.1,0.013126099646417696,0.008471445491357426,0.013157818132793344
100523,2025-11,0,0.7,0.11726160146202559,0.09045275138965617,0.11064786158525822
100729,2025-12,1,0.9,0.23568952735784665,0.2675023173017115,0.29930015451861264
101124,2025-10,0,1.0,0.17003667364237787,0.20177916020423659,0.1528724651104187
100600,2025-10,0,0.2,0.011568491167272736,0.01127306853726928,0.013969746171646738
101097,2025-11,0,1.0,0.23526977513406663,0.22635164703459526,0.191142308966727
100917,2025-10,1,0.6,0.10334650025556301,0.08086875648525212,0.0959948265209102
101839,2025-12,0,1.0,0.1295588772885561,0.11779528006853625,0.12190709792426209
101519,2025-10,0,0.1,0.013972096678940666,0.012875147405984555,0.02137858909475541
101514,2025-11,0,0.6,0.10449230003956138,0.14166102816132786,0.10499052927633284
102054,2025-11,0,0.6,0.05511637321277431,0.04079530041930246,0.04020764443829736
100575,2025-10,0,0.2,0.0617404832126236,0.03250783389481653,0.02270687099257832
101643,2025-11,0,0.4,0.01977435738669411,0.018136278240006826,0.024571005791759547
101764,2025-10,0,0.3,0.040291024009065306,0.05497767037858308,0.05544270074603373
101045,2025-12,0,0.9,0.19799116486224214,0.20963685995845005,0.18681329984050316
100169,2025-11,0,0.3,0.015867038245691738,0.01321505378121115,0.0191278233915376
100424,2025-12,0,0.1,0.02267987244037564,0.03127694258702298,0.032242774823663715
102063,2025-11,0,1.0,0.2266808599521345,0.16494638431010533,0.16405257778834245
100787,2025-10,1,0.8,0.19985748829582745,0.3195205060351982,0.30633117127531984
100095,2025-11,0,0.6,0.04951603268730491,0.07258292251788652,0.06865054379639361
102022,2025-12,0,0.7,0.0845464358135571,0.09284404830942529,0.0812597950344376
100532,2025-11,0,0.4,0.02327016613387493,0.024180329175367846,0.02984756382420502
101057,2025-10,0,0.8,0.03631779293619239,0.031879537462581056,0.0400905390573301
100429,2025-11,0,0.9,0.1507869891421813,0.08974051057531415,0.12503579505140727
100615,2025-12,0,0.6,0.07124796316549703,0.08455076667901303,0.07146328373236702
100482,2025-11,0,0.2,0.012249364649277497,0.013177546152274821,0.02252536054946228
100022,2025-11,0,0.3,0.011632609130808868,0.009324768574300158,0.011764015299496658
100236,2025-11,0,0.2,0.02190882675443483,0.023978639950053983,0.025771371398348227
100366,2025-11,0,0.8,0.06936929217268405,0.047481384061866964,0.06484573894009285
100184,2025-12,0,0.1,0.013985332774762917,0.0102278201760237,0.015164255211442332
100991,2025-11,0,0.9,0.07768327174178312,0.04194529313456137,0.06699631250444632
100381,2025-12,1,0.7,0.08017380826185971,0.06467404406305646,0.07999324623674467
100996,2025-11,0,0.3,0.02775295157574398,0.022745804734382907,0.026206966948556162
100918,2025-11,0,0.1,0.03683759656826702,0.03431437942086351,0.03645808245469565
100106,2025-12,0,0.9,0.10923184107857586,0.07855616916961382,0.10255211812690464
101507,2025-12,0,0.9,0.124509030748643,0.1623615112745149,0.12612494759222723
101557,2025-10,0,0.6,0.013258757946902181,0.013555319074258235,0.022313829602336292
100117,2025-12,1,0.8,0.12570137197415251,0.0956336129678237,0.10238353078739093
101203,2025-11,0,0.6,0.06698549743192128,0.0711642776217459,0.052982513175708776
101434,2025-11,0,0.4,0.02328878660303959,0.02869547341314285,0.03305467280284366
100177,2025-10,0,0.9,0.08665766945221282,0.07195143998367044,0.08535939650113673
100927,2025-10,0,0.5,0.03350592167150343,0.0614002537366627,0.047736240755340116
100499,2025-11,0,0.6,0.04464385215948513,0.04218490386471573,0.043716368616626894
100096,2025-12,0,0.5,0.10735001536336213,0.10520489512938914,0.10031898526727022
101757,2025-12,0,0.5,0.07058508498242809,0.07979346566462558,0.09964288596738391
101232,2025-11,0,0.9,0.15829258879063726,0.21020847122552613,0.1945146259872173
101939,2025-10,0,0.2,0.015733240653711088,0.015340110881165315,0.016669661222104643
101659,2025-11,0,0.2,0.035329628408882235,0.029110921466563737,0.03247913516818351
100037,2025-10,0,0.2,0.020239167966248375,0.023042485554066596,0.0283235009543251
101131,2025-11,0,0.5,0.048948183933608426,0.06094595217237276,0.06093735600301815
101126,2025-12,0,0.3,0.016241167492642056,0.014694619505032583,0.02265633979272979
100533,2025-12,0,0.3,0.010704680320851496,0.00798168728476157,0.01526629080562744
101167,2025-10,0,0.9,0.16866388192224982,0.17010335955346925,0.12664924992869991
100651,2025-10,0,0.8,0.13435920033698986,0.1254641714708569,0.10198754121915762
100592,2025-11,0,1.0,0.1448119903816665,0.16364870694533626,0.14403559986627498
101474,2025-10,0,0.9,0.08603343473884231,0.08385022377200997,0.07920131214913667
101702,2025-12,0,0.9,0.08486341646453952,0.05908033896407494,0.07843313320301891
100920,2025-12,0,0.6,0.061622912274599255,0.06631090280817752,0.06072959719600359
101769,2025-12,0,0.9,0.14314457527663188,0.14459763566870176,0.152054060598906
100885,2025-10,0,0.2,0.05008279933969425,0.0652200965841092,0.05078589182653589
102064,2025-11,0,0.2,0.021940064357720508,0.024741850769013148,0.024932538013447497
100254,2025-11,0,0.2,0.015409721722347176,0.014143143759571788,0.015022444508491578
101784,2025-11,0,0.1,0.008604612061178659,0.011188070828483738,0.01660142866985814
100282,2025-10,0,0.2,0.017409955699636714,0.011673052643719971,0.015343794341129176
101663,2025-10,0,0.9,0.14099234135675978,0.09327053823545185,0.10002427341853058
101025,2025-10,0,0.3,0.029679846763746756,0.04422180535896818,0.047762954322957234
100057,2025-11,0,0.5,0.05370134486610557,0.08002286229674836,0.06869126043226123
101665,2025-12,1,0.7,0.10346289814607623,0.13318345950650717,0.1641553770917196
100163,2025-12,0,0.1,0.02242142211064939,0.02437005061576116,0.03114003433459206
100296,2025-10,0,1.0,0.1439326294236566,0.14627280198753662,0.11071170617153024
101656,2025-11,1,1.0,0.20988110379290642,0.2057223686321163,0.17705588843417283
101857,2025-11,0,1.0,0.1754513919544248,0.20299420002584723,0.17341331178806113
101345,2025-11,0,0.4,0.007724430115287431,0.006378648675603439,0.01346107054681984
100701,2025-11,0,0.5,0.025967411264155825,0.027903975076289216,0.032625942665135056
101595,2025-12,0,0.6,0.051393366320845145,0.05576716717280283,0.05991246197898277
100150,2025-12,0,0.8,0.12803928860227898,0.09637719212021624,0.11629600144635785
101534,2025-11,1,0.9,0.08058816795924052,0.09748990036847026,0.08188376694473307
101331,2025-11,0,0.5,0.0759110450955653,0.07045345702980918,0.08758680398755693
100767,2025-10,0,0.5,0.028532134408955,0.025169685216090948,0.03406397627392768
101246,2025-12,0,1.0,0.1718729791402518,0.20322744963773592,0.18466808037139354
100453,2025-10,1,1.0,0.3490473830055692,0.4094960965587961,0.3941923383870555
100469,2025-12,0,0.6,0.1876726365406781,0.16707551653616448,0.13345873493082608
101471,2025-11,0,1.0,0.2954149015263928,0.33355785334302285,0.2947785186545202
101979,2025-12,0,0.6,0.05571525837641189,0.06705662099183436,0.06621237588191815
101760,2025-12,0,0.2,0.011725909568549542,0.008962422312292977,0.013103767769387074
101795,2025-11,0,0.4,0.017383088945528754,0.017193224012010656,0.025447548317297574
100671,2025-11,0,0.2,0.015281609173171817,0.016866125478414085,0.020941699346375027
100458,2025-11,0,0.2,0.02830141351979886,0.026149436722020025,0.027150139455546566
100332,2025-10,0,1.0,0.20506134150148456,0.21832654016595684,0.2092347229133207
101452,2025-11,0,0.1,0.02082354018974221,0.01963994220820581,0.02374733863965095
100199,2025-10,0,0.3,0.032664715161568623,0.022577586666454316,0.02135207848393148
100290,2025-11,0,0.4,0.08120042925732555,0.0432570893962141,0.04044324347496376
101373,2025-11,0,0.7,0.1650410505283685,0.18053696710098974,0.18410359481000818
101169,2025-12,0,0.7,0.11631729877870857,0.1216391922539609,0.11170899058927901
100307,2025-10,0,0.1,0.009012279089761209,0.006473876863359167,0.012772987563497946
100656,2025-12,0,0.9,0.12360069196829385,0.10112874277033063,0.0978836456198127
101330,2025-12,0,0.6,0.054031061378542584,0.05167961156260263,0.050079515613126145
100914,2025-12,0,0.2,0.013759018926269632,0.01248636197869943,0.017674245725488303
100258,2025-10,0,0.6,0.014145849446721846,0.015238877918214615,0.01817465236867144
101162,2025-10,0,0.6,0.03286001072005625,0.03862267975474108,0.04329753320664221
101012,2025-11,0,0.3,0.048272025240391724,0.04253326297031969,0.029041256545653486
100235,2025-12,0,0.1,0.014328150869478279,0.021046035368676917,0.025373388232450878
100634,2025-10,0,0.5,0.025021264289990193,0.034762486629618124,0.04684278298141432
100878,2025-12,0,1.0,0.1209755488312633,0.14800822092467136,0.12515197960165422
101239,2025-10,0,0.5,0.028016699237866687,0.03120024531810111,0.040816354843218945
101348,2025-11,0,0.6,0.04095590341187803,0.051050215158114524,0.04470639433980392
100331,2025-12,0,0.7,0.03639598363667449,0.022908427076686798,0.036197746933467126
101626,2025-11,0,0.9,0.2066874164101699,0.2383918539535244,0.1803738520364489
101910,2025-10,0,0.6,0.1174050042401395,0.15540883790144336,0.12852128428128615
100726,2025-10,0,0.7,0.1586789958424436,0.12823562016297838,0.15703894665221105
100749,2025-10,0,0.6,0.01651397466988597,0.011488078330285669,0.014350500994597275
100207,2025-10,0,0.6,0.015842215758089608,0.011626211622284704,0.016375035797649956
101827,2025-10,0,0.4,0.0444762550258236,0.045712390230428716,0.042361589855771035
101827,2025-12,0,0.4,0.04572639224677529,0.05303380222100049,0.04857435655286261
100920,2025-11,0,0.6,0.07968150050124359,0.0924852702756354,0.09606612602115687
100669,2025-11,0,0.6,0.06369223689933531,0.06742387553357745,0.03988817792301166
100740,2025-11,0,0.2,0.011039972281257936,0.006975331129411472,0.010230207744467739
101122,2025-11,0,0.7,0.19599158596053648,0.17055637065481655,0.16033389838006568
101996,2025-10,0,0.7,0.1372820726153813,0.1622774336034096,0.20999762094674831
100567,2025-10,1,0.5,0.03594406607756786,0.02998380294989462,0.03830315416245576
100599,2025-12,0,0.4,0.04997028478157271,0.04025254047026091,0.04202512364693069
100708,2025-12,0,1.0,0.04653653804570344,0.034161366230034115,0.04272067290725756
101693,2025-11,0,0.1,0.010171933425708235,0.011464484797344649,0.013662253923213779
101514,2025-10,0,0.6,0.0363906256958117,0.03235852579719143,0.0376351531151547
102049,2025-10,0,0.9,0.030843487937621712,0.019950235965874738,0.036757991252768164
101850,2025-12,0,0.6,0.09172644840748788,0.047645133568808236,0.04930482451932606
100947,2025-10,0,0.7,0.04869591800247578,0.03535150811343282,0.03624253381731095
102095,2025-10,0,0.7,0.033017882367541544,0.025126665792236835,0.040501960494824754
100565,2025-11,1,0.6,0.08384472653419599,0.07714074882115315,0.06833345106193121
101588,2025-11,1,0.2,0.053787820309626574,0.05508237866134776,0.033864002197248444
101239,2025-11,0,0.5,0.04476462422887834,0.04937809429743649,0.05066129641821962
101370,2025-11,0,0.1,0.017715640078214946,0.015750789453954035,0.022295404486256682
101625,2025-12,0,0.4,0.06084582691761133,0.1040905407103134,0.06902367648298671
100685,2025-12,0,0.4,0.012467283013628743,0.0078032937326937245,0.010616893845218139
100330,2025-10,0,0.6,0.12879564936091809,0.10457093159091689,0.09455059531083015
101957,2025-10,0,0.9,0.043768633163060545,0.033601201976205426,0.049695166433774335
100382,2025-10,0,0.5,0.04005235308025798,0.03973793894483058,0.047173015991837965
101739,2025-12,0,0.7,0.05294532034346437,0.03392641732512736,0.05683565589802999
100342,2025-11,0,0.7,0.055861817213980605,0.048615257913141696,0.05748681759366778
101975,2025-11,0,0.1,0.014064439630459703,0.010815997775151283,0.012716294573267553
101608,2025-10,0,0.3,0.027009264216296538,0.023547724856993864,0.027221383853030478
102031,2025-12,0,0.4,0.008302057438271948,0.007214128703128581,0.01389383183910027
100911,2025-12,0,0.5,0.011826792805874188,0.01304787563047113,0.018071849926166696
100831,2025-10,0,0.4,0.009121666067748658,0.012977701708067248,0.0162439214606398
100993,2025-12,0,0.1,0.009361767538725072,0.01267360353580291,0.019125565880888092
100953,2025-11,0,0.1,0.04780346672603069,0.05197647934619589,0.051670408839088924
101301,2025-11,0,1.0,0.1952167143877867,0.16015950621097877,0.1659625551024007
101182,2025-10,0,0.8,0.07973307745774338,0.09846314398770308,0.08586797516004722
101510,2025-11,0,0.6,0.07606161346752847,0.06198384379782028,0.06243601484879225
101951,2025-12,0,0.9,0.21130060819527888,0.2441464641840867,0.16281085404910298
101855,2025-11,0,0.1,0.02377189863423252,0.02928867573982657,0.03081543115539419
101891,2025-11,0,0.3,0.045304859256749604,0.050608102903698736,0.039696659681069064
100251,2025-11,0,0.2,0.03528968824313549,0.03395493010476741,0.026557313784654965
100336,2025-11,0,0.1,0.017444357979302178,0.013259206268995702,0.01862310407968074
101013,2025-11,1,0.5,0.14397098200161113,0.12990798326135986,0.10602714112679393
100398,2025-10,0,0.3,0.01348093904675722,0.01832425917915607,0.021467421838270006
100724,2025-10,0,1.0,0.09315700378027432,0.06929272329203814,0.07097763928940849
101262,2025-10,0,0.4,0.052740501166279485,0.03692060101085755,0.036180200081946695
100569,2025-12,0,0.5,0.11668166958730436,0.13683136171770865,0.13711854140944257
100670,2025-12,1,1.0,0.3382050488229488,0.38868833449649853,0.37657875288832776
101150,2025-12,0,0.8,0.11699017007810579,0.1358202827225487,0.10791302377427717
101767,2025-11,1,0.8,0.08761667977321083,0.10027791234220906,0.08901457021403977
101215,2025-12,0,0.9,0.18002894003580328,0.2129953135841847,0.2251234001981347
100198,2025-11,0,0.5,0.03751784758774738,0.04137101781041282,0.04837211855203005
101902,2025-12,0,0.7,0.09683361692450763,0.06245856490141554,0.08364889108267191
101093,2025-11,0,0.3,0.049791810279002265,0.06471604589673821,0.057288765176073404
100659,2025-12,1,0.5,0.09963470149395151,0.11826694485076958,0.11441466695168281
100402,2025-12,0,0.6,0.040863891070949405,0.05275296788256696,0.04329753320664221
100268,2025-11,0,0.5,0.050071641436674565,0.08308448937781521,0.06668835631356117
100669,2025-10,0,0.6,0.10610034730071186,0.12953244879256587,0.10656577241383244
100171,2025-12,0,0.4,0.04215667664821989,0.05965076088937347,0.048621366455822795
100503,2025-11,0,0.8,0.10452375868218157,0.08449191768992488,0.10064172436059267
101224,2025-11,0,0.6,0.020634360486507828,0.03158024101929276,0.04178763311235432
101499,2025-12,1,0.9,0.3173431498186372,0.33721341386341386,0.2880966747996467
100119,2025-10,0,0.5,0.05046067924753726,0.042584895910557564,0.03958027140866427
101595,2025-11,0,0.6,0.0916919159343669,0.11191195748016472,0.1190469985657703
100216,2025-12,0,1.0,0.0697136121554783,0.06332658778226653,0.06728632391584317
101280,2025-11,1,1.0,0.32811142546805,0.2953195778060955,0.2618305213650045
101162,2025-12,0,0.6,0.0805456020647361,0.147950445634652,0.10427471320938021
101483,2025-10,1,0.6,0.05009772523460899,0.05940390045370245,0.054305494453685
100156,2025-10,0,0.6,0.18482928531591863,0.16382659606347347,0.11261115086245642
101329,2025-12,0,0.2,0.013321469341569291,0.013680530440313289,0.014741456150317023
101352,2025-12,0,0.6,0.09469946880936352,0.06902334235742859,0.05515959275383642
100443,2025-11,0,0.9,0.1655631161833381,0.1461589682326746,0.11910632555181813
100713,2025-11,0,0.4,0.008438305850041957,0.00869035586761625,0.013874983205319866
101615,2025-11,0,0.8,0.11878329547353589,0.1588088721018873,0.17312173922797527
100942,2025-10,0,0.7,0.034215638106364375,0.03062685642320029,0.03265342397421076
101590,2025-12,0,0.1,0.013918854658899332,0.012801417730694669,0.01964526651985766
101096,2025-10,0,0.1,0.012612527517133754,0.010240240250043326,0.013067778159358822
100590,2025-10,0,0.2,0.0422049563772602,0.03503166651861021,0.030462625732561234
100170,2025-11,0,1.0,0.10046406089911121,0.0830429861306991,0.0912523104868952
100432,2025-11,0,0.5,0.06127996066082567,0.04924762183014365,0.08218792754059841
100763,2025-11,0,0.7,0.06658260410821104,0.04231504188974951,0.05848383840887253
101273,2025-11,1,0.5,0.10026759738909906,0.1046712133870971,0.12041085487227061
100355,2025-12,0,0.5,0.08763382508311782,0.084026779749227,0.09675676084417914
100825,2025-11,0,0.3,0.060327345858455596,0.05469164763584395,0.054794309984246434
101585,2025-12,0,0.7,0.13584951625727876,0.14184186088076917,0.1797910568523604
102005,2025-12,0,0.9,0.24278521592379462,0.24960473578818593,0.21698122570746853
101204,2025-12,0,0.6,0.045133987503860024,0.03418945302120161,0.036972431802814384
101378,2025-12,0,1.0,0.10032622488937125,0.09057638891930939,0.10489064915151716
101021,2025-12,0,0.4,0.008566806321847016,0.012846170257425904,0.014852259881215813
100346,2025-11,0,0.1,0.03747520842957482,0.05228577721899236,0.040950743082332625
100580,2025-10,0,0.6,0.0737814472960448,0.1064378704392926,0.10037256813605962
101130,2025-10,0,0.1,0.027991646544617714,0.03253781068200031,0.03037740907455508
102080,2025-11,0,0.8,0.08086930383196815,0.07807403032721397,0.09688006217971269
100174,2025-10,0,0.5,0.009777387722382009,0.006448953727733942,0.014902562363192618
101863,2025-10,0,0.1,0.030553891006307465,0.022700030018004216,0.01803470773984067
100588,2025-11,0,0.5,0.05833681778164869,0.07175103043310652,0.07724122112380628
102042,2025-12,0,0.3,0.01641417904320559,0.0172954275450854,0.0217119512486293
100847,2025-11,0,0.5,0.014520070617127541,0.015364041230068258,0.0174749296550347
100044,2025-12,0,0.9,0.15407382851642892,0.18750037025452085,0.1262615808421726
101193,2025-10,0,0.5,0.08214296014379675,0.05705400500402166,0.07596784862036614
101349,2025-10,0,0.8,0.1304464332000299,0.1467812829566922,0.1330878339012297
101511,2025-10,0,0.1,0.008232722738314666,0.007795872348689581,0.014073418306048694
101042,2025-11,1,0.4,0.025520643320576724,0.021362190416230362,0.028628559169238198
100131,2025-10,0,0.7,0.17581349671285085,0.19810244061618812,0.19246044172199822
100903,2025-12,0,0.7,0.19542839055560995,0.16810412513988054,0.1576901791877513
101139,2025-11,0,0.8,0.11756142643330916,0.12462448494122591,0.1172144362966095
101177,2025-11,0,0.4,0.02540575459924884,0.026708378962786557,0.026262878576346425
100901,2025-12,0,1.0,0.11924074012662546,0.12994161578131982,0.10078360144082642
101697,2025-12,0,0.8,0.09514543588422138,0.14028253875747823,0.161145668349227
101214,2025-10,0,0.3,0.01582952092346442,0.01838779644265333,0.025603226848983862
100400,2025-11,1,0.3,0.05375903553521949,0.0745657155452525,0.05886927481856373
100348,2025-10,0,0.2,0.02799201392336342,0.018753361156286803,0.024321368165677877
101022,2025-11,0,0.6,0.10345520559300428,0.13181325943345548,0.12462512926749834
101727,2025-12,0,1.0,0.08649149179556456,0.0602749952734027,0.06679363771108546
100104,2025-11,0,1.0,0.040494240574898276,0.018435578512383526,0.02880274137670367
100926,2025-12,0,0.1,0.02006069213785721,0.019227401071010734,0.01671896319431765
100060,2025-12,0,0.4,0.022811943904983173,0.021821159790744882,0.030602003094957714
100717,2025-11,0,0.7,0.12714798443172445,0.09152067346583043,0.10890144502858481
101952,2025-12,0,1.0,0.17488940179551202,0.2090990198261943,0.16831907550450556
101241,2025-10,0,0.4,0.054498212258434854,0.045020637432334115,0.04203510956116786
100822,2025-12,0,0.3,0.022194891853622126,0.02968117359665374,0.024986238608662715
101920,2025-11,0,0.1,0.027988099305618748,0.02540247427712532,0.02632428242897477
101873,2025-10,0,0.6,0.03832068756065984,0.019963884703906483,0.029546099491356736
102078,2025-11,0,1.0,0.11910273400461734,0.1292552255811001,0.12920948910911878
100931,2025-11,1,0.2,0.021634136145146372,0.021265448537310133,0.024496264923256607
100795,2025-11,0,1.0,0.07646110007841107,0.08559260897029318,0.0679790477753001
101095,2025-12,0,0.1,0.017723014292623455,0.01743120755004671,0.024060303346816806
100058,2025-11,0,0.6,0.10996417830059355,0.07059223676891384,0.07850892068266493
101840,2025-11,0,0.2,0.04827367715416857,0.06376706196100841,0.04926762363156376
100946,2025-12,0,0.7,0.16263161870722065,0.18051103772812352,0.16558770707723997
100756,2025-11,0,0.5,0.017308871994166575,0.02025775049495175,0.03250256081029222
100476,2025-10,0,0.7,0.04590529199725365,0.03552455286963268,0.05395719635007257
102043,2025-12,0,0.6,0.06098654499341456,0.05080114698086753,0.05414005473239517
100114,2025-10,0,0.2,0.010234534903334314,0.007575916344767817,0.011877821102734297
101551,2025-11,0,0.7,0.08897881600484764,0.09055741155389377,0.08068349754810086
100076,2025-11,0,0.5,0.12541094258650104,0.1257796450680676,0.139209836115833
101866,2025-11,0,0.8,0.17731693350133226,0.21953645847439343,0.23403709788124777
100885,2025-11,0,0.2,0.02094549380924058,0.020705325682263902,0.02343472684321859
101259,2025-12,0,1.0,0.22461981951512747,0.1996675947655352,0.14657338715406468
101849,2025-11,0,0.4,0.06330313260134438,0.05940602151388678,0.05434235396767128
100086,2025-10,0,0.4,0.06029870217346518,0.06330973863014688,0.06207993777648543
101871,2025-12,0,1.0,0.052583434418829435,0.04877041794610264,0.053019052761336324
101962,2025-11,0,0.1,0.013657435303836056,0.01001794696671729,0.011719193503347276
101073,2025-11,0,0.1,0.010779491779451159,0.009441128757742199,0.013877726659136586
101865,2025-11,0,0.1,0.01260497439940357,0.009133129488418242,0.01294403564385941
100764,2025-12,0,0.6,0.05624528482141851,0.0462852897443783,0.03622571030858819
101484,2025-12,0,0.6,0.03696230570352246,0.039136452304169504,0.03975417817266718
100909,2025-12,0,0.2,0.010621687405900382,0.007049445897974587,0.011807399517741053
101188,2025-12,0,0.4,0.016495221760320474,0.024382238405797126,0.029892811456602605
100826,2025-12,0,0.9,0.13310532151096954,0.13039869692124362,0.10108554584420187
101527,2025-10,0,1.0,0.18330057899616606,0.269070554198658,0.233296031741179
100741,2025-12,0,0.9,0.051497783240188125,0.0460336632157218,0.05535531806666081
100062,2025-12,0,0.2,0.01096496617955819,0.013635761424723634,0.019324717982837008
100268,2025-12,0,0.5,0.03665370341681107,0.06125750716529843,0.04883419404868771
100088,2025-11,0,0.3,0.015725764030531508,0.011847913188495294,0.019222365128154135
101265,2025-11,0,0.4,0.03640318606286352,0.04629285816609794,0.04224499293107491
100117,2025-11,0,0.8,0.15229284523786074,0.12121462228794444,0.13473772902093736
100836,2025-12,0,0.4,0.05095040909152184,0.0471209856432489,0.05116589760359488
100277,2025-10,0,0.2,0.030597791777221935,0.02203971256851325,0.023557795370701774
101089,2025-10,0,0.6,0.1305090838788953,0.1446017956828281,0.11281960798399122
101937,2025-11,0,0.5,0.030912224389068477,0.03888162254802479,0.0440056203582584
101467,2025-12,0,0.3,0.015638542375176753,0.012363424312115102,0.017810736324755935
102028,2025-12,0,0.7,0.05516335986506579,0.06102219551224115,0.0763455313570687
101107,2025-12,0,0.7,0.058276024442606,0.058880769827969706,0.0582394368513465
100207,2025-11,0,0.6,0.05573389844927959,0.03832004101208543,0.039945876695803254
102080,2025-12,0,0.8,0.1559522746157101,0.17242738202480068,0.2207573566845819
100752,2025-11,0,1.0,0.252574836227751,0.3133511545135956,0.30107010759058356
100159,2025-12,0,0.5,0.12364690639950392,0.10974472965621679,0.11021354020220074
100955,2025-11,0,0.4,0.08866874292187936,0.11685838862028522,0.0997528547924975
100623,2025-12,0,0.8,0.20117326755443882,0.22154781770269355,0.19725478884306408
101552,2025-11,0,0.5,0.02690279967824833,0.026336230663668945,0.03208123151956749
101710,2025-10,0,0.6,0.03827750017232389,0.0336155683105972,0.03927019467506806
100859,2025-10,0,0.9,0.16387786152525244,0.18842228561745136,0.17068357182239083
100890,2025-11,0,0.3,0.025873357146376584,0.03457294203640445,0.037087531140506697
100039,2025-11,0,0.8,0.0958604920659622,0.09920720815693419,0.11147687392021562
100941,2025-11,1,0.6,0.15716351834796374,0.10206227073004709,0.08182661981090061
100909,2025-11,0,0.2,0.0103660173042908,0.011669591637284137,0.017027222175162757
100868,2025-10,1,0.8,0.06570915294705951,0.062792727822498,0.07309541863251566
101472,2025-11,0,0.8,0.0844301371016079,0.09126035348083684,0.08518765135120208
101576,2025-12,1,0.8,0.19723577602234832,0.24780044090953615,0.2909251549049491
101000,2025-12,0,0.3,0.06499461111377977,0.04465156470465954,0.037786246546950744
100253,2025-12,0,0.9,0.09776623612103187,0.07579578457519481,0.08918421377362598
100212,2025-10,0,0.2,0.02080170861353769,0.023247962164160498,0.024614013896292423
100574,2025-11,0,0.5,0.10704159838247335,0.08417690744564017,0.09113545306670953
100996,2025-10,0,0.3,0.04432642984566074,0.04105417942294624,0.048889869360209025
101753,2025-10,0,0.6,0.04824778049332412,0.04752942295129267,0.04316138065337608
101811,2025-11,0,1.0,0.14441036391129466,0.20208058587127622,0.1555822775061656
100409,2025-11,0,0.6,0.08265442239838583,0.07308570857884146,0.08007250047895258
101238,2025-10,0,0.3,0.027624795875464164,0.031793500664436924,0.03614658408717399
101966,2025-11,0,0.3,0.01867067571560661,0.02142751217110454,0.02872544989467281
102039,2025-12,0,0.3,0.04414270443659102,0.03850533670706355,0.03381628750817945
100508,2025-10,0,1.0,0.09740149422242797,0.07526562611598393,0.09557661613160394
100563,2025-11,0,0.2,0.021965239694474902,0.0176919558540627,0.0189306608906946
100511,2025-10,0,0.2,0.007434074147297447,0.007118483783110187,0.013723836375444515
100226,2025-12,0,0.5,0.0528407258359216,0.05515886427691976,0.08314578121606826
100367,2025-11,0,0.3,0.06152139607982686,0.04064055639009919,0.03542335422003784
100447,2025-12,0,0.5,0.05547527234712789,0.04779846110596405,0.05044644137518584
100902,2025-10,0,0.8,0.02094287186143922,0.01897221282736749,0.026576406780688178
100024,2025-12,0,0.8,0.030327955763536918,0.038755841389299814,0.04550690560434959
101983,2025-12,0,0.7,0.10408432017754196,0.06877464964198161,0.10774929324470459
101272,2025-10,0,0.7,0.026401005906967815,0.031912083236844115,0.038239368153650484
100102,2025-12,0,0.5,0.07239472237577037,0.10672977586998038,0.1180341195082144
101233,2025-12,0,0.8,0.028585318753275905,0.028825838929674736,0.03785386407535309
101627,2025-12,0,0.4,0.09421998855394671,0.09731666024669547,0.0744573700836723
100072,2025-10,0,0.7,0.07330779001701707,0.05595330891516366,0.077579287711838
101357,2025-11,0,0.9,0.0884772458988297,0.10016988190024653,0.091031689670442
102016,2025-10,0,0.7,0.06358999189684271,0.07972917614378745,0.07487463577228848
101930,2025-12,0,0.1,0.013967217147192927,0.013477505924450243,0.016926527770647723
100262,2025-10,0,0.6,0.09106434884749497,0.04935121192962308,0.049805197234779566
101365,2025-12,0,1.0,0.08076080409155542,0.07803945534605329,0.07806125478115264
100607,2025-12,0,0.6,0.023997272128341546,0.022484634233686716,0.022741308307522433
100776,2025-10,0,0.5,0.029807778853678857,0.04229035392225221,0.05036034587262058
100124,2025-11,0,0.6,0.049408612643960466,0.04124207531903135,0.034390546384247746
101534,2025-12,0,0.9,0.024580686074921566,0.015624717764084781,0.029426554171788827
100710,2025-11,0,0.8,0.10113793264651874,0.11522547346681859,0.13967239741887172
101859,2025-10,0,0.3,0.01852487161155412,0.02101773121305644,0.02317208510876163
101645,2025-11,0,1.0,0.12216729074271562,0.1394463725300178,0.1386462947651334
101958,2025-10,0,0.9,0.18275308084861927,0.15769047019818905,0.1423384006247219
100953,2025-12,0,0.1,0.023455435594925585,0.023439009903027767,0.03227094139163182
100800,2025-12,0,0.2,0.02233853745771979,0.02473120977166407,0.024754072970310386
101418,2025-12,0,0.6,0.03199799796817813,0.031175904189771043,0.03001211179402613
101952,2025-10,0,1.0,0.14322199364671617,0.142365070995495,0.13103493231168692
101265,2025-10,0,0.4,0.023773728199010646,0.029747612913689266,0.03377684218544533
102028,2025-10,0,0.7,0.03018496170584127,0.03153047102961154,0.03951387798964299
101941,2025-12,0,0.3,0.04842307178224505,0.0512090347123648,0.0461014129018552
101138,2025-12,0,0.3,0.06421518178284215,0.08547266469349682,0.07425047469152322
100697,2025-11,0,0.3,0.017347691627931157,0.01599991538078261,0.020844900574732598
101590,2025-10,0,0.1,0.00601568392723934,0.005653095110721619,0.012197220756732258
100878,2025-11,0,1.0,0.11392798305265359,0.17912807235757114,0.1272135715629104
101821,2025-11,0,0.7,0.07424505802409223,0.08035704261576003,0.09117037571262043
100479,2025-10,0,0.7,0.08777741831074333,0.08825093979138482,0.08089921079980199
100840,2025-12,0,0.1,0.014265870749196193,0.013873573751479058,0.019271488757770603
100304,2025-11,0,0.7,0.06458309938412164,0.06445998840946285,0.08785327792945953
101091,2025-11,1,0.2,0.04086309151373267,0.02858992452157579,0.021685574666048143
101506,2025-11,0,0.8,0.1369224914468034,0.13229110203815347,0.12335191786993023
100352,2025-11,0,0.2,0.051492967140456564,0.039930377426859426,0.023487716345129653
100020,2025-12,0,0.4,0.02460538746048833,0.030575599348728177,0.03233303330732183
101221,2025-10,0,0.7,0.08681019117391835,0.05924537255377825,0.08912711279507184
101498,2025-12,0,0.2,0.007975742949353116,0.01016880619085569,0.013177879568623352
101212,2025-11,0,0.2,0.036877944547135055,0.03870869851558309,0.029297701699072747
100221,2025-12,0,0.3,0.03273918434165743,0.035928312699352045,0.04668730283691402
101737,2025-11,0,0.8,0.25025099531306766,0.2691922870176513,0.27021059512717366
100245,2025-11,0,0.9,0.10942576271712193,0.13062716282610398,0.1262958731679765
101355,2025-12,0,0.1,0.00951991423244775,0.01114423752794227,0.016013418010971472
101154,2025-10,0,1.0,0.21187960753312393,0.23604704984963593,0.2116700104131513
100010,2025-11,0,0.8,0.16598218585312513,0.13280031508422793,0.1272732063926296
101148,2025-10,0,0.6,0.09023757862445579,0.10848657014523513,0.10524384909354884
101115,2025-10,0,0.3,0.034869297131472625,0.025847214507743858,0.02601712197358198
101563,2025-12,0,0.2,0.03779445845582472,0.02320085650501169,0.020577378077354568
101979,2025-11,0,0.6,0.05030446595559891,0.05205356247875572,0.064877721202013
102088,2025-11,0,0.3,0.044053745140944615,0.04719526250182333,0.042739364132401085
100704,2025-12,0,1.0,0.33983414094806813,0.24427238901996204,0.2137317688199583
101416,2025-10,0,0.5,0.04860857052302479,0.03222153768150003,0.05770302228193153
100466,2025-10,1,0.6,0.09399813939585146,0.07690104040296208,0.053660891803642675
100767,2025-11,1,0.5,0.038463130507047395,0.037475959242031114,0.04506136609177662
101760,2025-10,0,0.2,0.016236735343682075,0.01206683109183519,0.014064386821605856
101861,2025-12,0,0.6,0.13759216625982088,0.11129784256548463,0.09486022447415329
100478,2025-10,0,0.1,0.003130207261354198,0.0026343680602220125,0.009132313317434807
100880,2025-10,0,0.9,0.09866959130206117,0.08717517679414338,0.10220974846182751
102005,2025-11,0,0.9,0.26361743811509647,0.3332616638322556,0.3177519451682182
101505,2025-12,0,1.0,0.14752391328114559,0.17270816831813365,0.14617414986155416
101933,2025-12,0,0.7,0.09687426460343856,0.10639728562938508,0.14887072832592008
101337,2025-10,0,0.8,0.12882679855931245,0.11061395302829398,0.12982504343009527
102055,2025-11,0,0.2,0.012622890510162927,0.011117088537346527,0.01770775782341052
101262,2025-12,0,0.4,0.03748782259400256,0.03577570574012254,0.039549980417469016
100954,2025-12,0,0.7,0.11524294990038576,0.10551493649467983,0.09603009530105448
101112,2025-11,0,0.6,0.05672949714248808,0.05957392687769485,0.05378883476456786
101638,2025-12,0,1.0,0.30099697106526346,0.31408755813234396,0.27319926441700787
100038,2025-11,0,0.6,0.027253287415512025,0.017584673447925022,0.022744238771024328
100160,2025-11,0,0.2,0.020027995601980635,0.015262361214295243,0.019137568881984906
101027,2025-11,0,0.3,0.07581018917054805,0.07263310669592486,0.05678843522474243
101390,2025-11,0,0.7,0.08662446658100557,0.05855777012806399,0.0997006022196835
100287,2025-12,0,0.5,0.05601115005530086,0.03989817414220333,0.04701973778812895
101481,2025-11,0,0.3,0.05096980562493053,0.04479732526735464,0.033461543118129204
101907,2025-12,0,0.9,0.05658943400634473,0.047903116437017605,0.048438809989578335
100695,2025-10,0,0.8,0.08542705623339407,0.08797008682820558,0.10218948813928339
100755,2025-12,0,0.6,0.09860982994986581,0.10643251016859581,0.07795106098536786
101945,2025-12,1,1.0,0.2171660768499253,0.1465998530396359,0.17622182873769765
101397,2025-10,0,0.2,0.02117347171068749,0.024948033516957114,0.024423242988245927
101925,2025-10,0,0.4,0.013152936847784357,0.013292946837088978,0.021050417205082248
101052,2025-11,0,0.3,0.03009985558466272,0.04283926457835331,0.03737243267410935
101044,2025-11,1,1.0,0.2736535211841305,0.29963440311623135,0.24009993651013078
100265,2025-12,0,0.4,0.036147304452748136,0.037690909254103316,0.04387540818548061
100997,2025-11,0,0.5,0.029963378555643783,0.040070048848287486,0.04489169161378015
100357,2025-11,0,0.5,0.029305320535806065,0.027219572126635724,0.030546339855043618
101798,2025-12,0,1.0,0.25919343731433325,0.2668610030231677,0.2237103131385433
100928,2025-12,0,0.7,0.12486930776512283,0.09972534489784457,0.08866924002421014
101402,2025-12,0,0.2,0.02477889211895866,0.01992249830385565,0.025927404552931018
100599,2025-11,0,0.4,0.02194779881197491,0.016068133571387647,0.02221266702059406
100167,2025-11,0,0.9,0.12339398465669302,0.11977696921107349,0.14017091408644225
100239,2025-12,0,0.9,0.12097411298100569,0.1500912206043329,0.1374169546594121
101240,2025-10,0,0.8,0.07803945482502955,0.09483394541531702,0.09672101617072673
100965,2025-12,0,0.1,0.006746794311733621,0.008795672498329032,0.014717046447870715
101887,2025-10,0,0.7,0.18731882915909584,0.18189752361033382,0.18436532571760975
101883,2025-11,0,1.0,0.3301178237478926,0.2659142609380015,0.21478019647787822
100803,2025-10,1,1.0,0.18510665101180498,0.14485314948492134,0.15311065327725068
101985,2025-10,0,0.4,0.048814201795228926,0.05807711475879926,0.04900025932171739
101630,2025-11,0,0.2,0.0059125019193819895,0.005501215944473529,0.012393927074405708
100559,2025-11,0,1.0,0.34983333872290834,0.303894233309009,0.24308598217891314
101877,2025-12,0,0.8,0.10328985625160501,0.07795575075583754,0.08986058194062278
100909,2025-10,0,0.2,0.02589366485305735,0.022631597007484194,0.02292706456196922
100321,2025-12,0,0.4,0.07007008928600182,0.0627340048513625,0.04289049927061059
100483,2025-11,0,0.4,0.008017399390215896,0.007872815066438242,0.014355662498241224
101428,2025-10,0,0.8,0.15258678219516505,0.1575030622847586,0.1439131352449058
101741,2025-11,0,0.7,0.16744631459962184,0.13174484495954122,0.15217780663047092
101119,2025-11,1,0.9,0.12377498329237768,0.11889730492514118,0.13828154931825623
101553,2025-12,0,0.5,0.06654255677293283,0.09283495208060402,0.10168982384109973
101941,2025-11,0,0.3,0.030427360344507257,0.04674080048639178,0.04874883684733389
100452,2025-11,0,0.7,0.16743790585147608,0.17560642126306023,0.17987905827509423
100476,2025-12,0,0.7,0.1281926732590655,0.09270175204337404,0.10716140211308117
102058,2025-12,0,0.7,0.17683525288136356,0.186248339755738,0.18496247672877827
101907,2025-11,1,0.9,0.16107708334923818,0.13369977165948285,0.10088804943336867
100661,2025-12,0,1.0,0.350167213838601,0.2868020951396323,0.23991462234948627
100702,2025-12,0,1.0,0.14732328495117866,0.11891549611333323,0.11149337998237768
101368,2025-10,0,0.9,0.12846707043279337,0.14901716183284455,0.11781032258147575
101911,2025-11,0,0.5,0.08677049851909345,0.10107959819756596,0.07575645269518298
101825,2025-10,0,0.9,0.15007543274665736,0.23962803029658122,0.18750940497008461
100261,2025-12,0,0.5,0.06516777091513408,0.0693706938022969,0.08776668945757164
100924,2025-11,0,0.9,0.21206150904607646,0.1975920481436924,0.16387248443671507
101698,2025-10,0,0.6,0.04341606653789023,0.04223890826619252,0.04591882425387827
102016,2025-12,0,0.7,0.1597856716657501,0.13429915518282334,0.13864947500297553
101746,2025-10,0,1.0,0.23358822164331178,0.25158478325694295,0.17705946532086442
100109,2025-12,0,0.3,0.03635914995611793,0.035984707831854444,0.04562489296621671
100769,2025-11,0,0.1,0.0341881201930381,0.03678034235544985,0.04041294972451087
101554,2025-10,0,0.7,0.0396263811337062,0.056852733869198674,0.04651167587247304
101104,2025-10,0,0.8,0.19032146001000105,0.22130669030686317,0.23151258989877857
101912,2025-10,0,0.1,0.011862304344287554,0.011343515061750357,0.014552770396677961
100915,2025-11,0,0.8,0.0511512083145773,0.05784092559671261,0.05928571054450908
100981,2025-10,0,0.2,0.01305470014195929,0.012613516420925699,0.018412309796436675
100563,2025-12,0,0.2,0.038008240703209045,0.02768940703603572,0.02016567796870474
101829,2025-10,0,0.9,0.12293322801376015,0.1308944205766234,0.1306163893351349
101107,2025-10,0,0.7,0.07123005404656874,0.07335558877096192,0.08493919564935282
101643,2025-12,0,0.4,0.013077056030965041,0.01036204032044095,0.017542306686007307
101748,2025-11,0,0.2,0.018213542960344418,0.023165818087181114,0.02440311492950522
101366,2025-10,0,0.3,0.03192155330761223,0.019048920038987224,0.021115206545046415
101508,2025-12,0,0.5,0.10005623616823284,0.10897322800808341,0.1312087795143788
100908,2025-10,0,0.6,0.12461179652621543,0.10528788527418277,0.10003746346280161
101042,2025-10,0,0.4,0.05398429450657235,0.043727845846204316,0.04169022994211856
100403,2025-12,0,0.3,0.02859344652319844,0.05062760651909126,0.040672592349543187
100443,2025-10,0,0.9,0.14109996831227434,0.1187466389686007,0.10512153324043653
101592,2025-10,0,0.8,0.09010381512786572,0.09025331628812083,0.09245604920446873
100700,2025-10,0,0.7,0.14670008233799525,0.10173277641184479,0.140597112297218
100805,2025-10,0,0.4,0.11979032336350523,0.0641796265951095,0.040491892041856735
100275,2025-12,1,1.0,0.2238776155983555,0.2293043045100785,0.1907124232446335
101854,2025-10,0,0.9,0.10837542516086132,0.07758496297264454,0.10138928108510258
101661,2025-11,1,0.3,0.043261061410215795,0.054442952723271404,0.05399030347381111
101512,2025-10,0,0.9,0.06459127940416717,0.0497686187414016,0.060717245402254684
100408,2025-12,0,0.4,0.02578440470305889,0.027495625690459668,0.03499363777651376
100720,2025-10,0,0.3,0.01736888672534043,0.01594678634804197,0.022886899725531217
101413,2025-11,1,0.7,0.09182606879317869,0.08860968352090645,0.1015490406078287
101555,2025-12,0,0.2,0.018183560132061797,0.022747809054421014,0.025285658124324917
101347,2025-11,0,0.4,0.06363407612388189,0.06771130676649459,0.06093043789032149
100197,2025-10,0,1.0,0.3094636189627906,0.28599928305837885,0.21762337348310773
101415,2025-12,0,0.9,0.21383016247418804,0.21264133261085252,0.18497262757050967
101525,2025-11,0,0.1,0.015056693914704872,0.01297585627990043,0.013234946623765759
101838,2025-12,0,0.7,0.2010660773391396,0.1913325123856938,0.1682687937905593
102001,2025-10,0,0.8,0.07202068863338516,0.07540996399042671,0.0797786753687705
101863,2025-11,0,0.1,0.01516667368472052,0.011728622244617452,0.016431901414163577
101335,2025-12,0,0.6,0.027516831847759785,0.02744968462072203,0.02147106237557886
100891,2025-11,0,0.7,0.09534635782011958,0.13465503186885708,0.1529667370887585
100084,2025-10,0,0.2,0.008692410015318616,0.00856392991697372,0.014129498333860069
101742,2025-12,0,0.7,0.06580211670228217,0.04701787152003008,0.06525345452016462
101255,2025-10,0,0.4,0.021792282036539472,0.020622588945583047,0.02428437543876808
100719,2025-11,0,0.5,0.12223088936763203,0.12024668044186886,0.11959473569702346
101144,2025-11,0,0.7,0.1876221808237302,0.1598503665278977,0.12924296342271846
100317,2025-11,0,0.1,0.008877156440607025,0.009099426005189575,0.017700290251072
102003,2025-10,0,0.1,0.004377016416672868,0.0071810195499100535,0.014140621070526545
101220,2025-11,0,0.8,0.11828592727075234,0.07069114456168767,0.08636436573285561
101007,2025-12,0,0.1,0.0392041805565453,0.03496089536139605,0.03449200837758648
101102,2025-10,0,0.9,0.10112091134050333,0.08479932933320565,0.09400453179645583
100980,2025-12,0,0.4,0.03324070777398275,0.0375829027170184,0.051133180808762134
100707,2025-10,0,0.2,0.02281204937893409,0.01723357439277855,0.019451605677930143
101842,2025-12,0,0.7,0.04004127895608989,0.05245627775015195,0.04811123850713584
101837,2025-10,0,1.0,0.29146407290680165,0.35258388365535703,0.3369911408769998
100422,2025-12,1,1.0,0.18730921357509073,0.2245600049054588,0.15829318415699278
101381,2025-11,0,0.3,0.0192984145442795,0.02299098006895468,0.02979981039592308
100233,2025-10,0,0.9,0.18719180343807176,0.1749768576747843,0.16022207867732322
101083,2025-12,0,0.7,0.06118623548545721,0.06765096126704953,0.05645692237432607
101668,2025-11,0,0.6,0.0713356132718656,0.056299300774201255,0.07574010756111907
100019,2025-11,1,0.3,0.034013817357263755,0.02769285619194399,0.02343176967164
101411,2025-11,0,0.8,0.15098078687471655,0.18372772212007463,0.20855140398916264
101391,2025-11,0,0.9,0.17687398845308602,0.16940199302869524,0.14156525383238255
100864,2025-10,0,0.3,0.0263322746327257,0.024252336104047954,0.033811746258767254
101284,2025-11,0,0.1,0.013364687077892776,0.01150537316388529,0.01598676481312814
100066,2025-12,0,1.0,0.19355496965295702,0.17131444348544742,0.14334265727338638
101123,2025-10,1,0.8,0.21295279436905,0.2716193593893503,0.2645931524891812
102008,2025-10,0,0.6,0.1773873709141783,0.16972809340678183,0.1172661963173323
100085,2025-11,0,0.1,0.015449459095650382,0.012083515156005534,0.023220536632412647
101074,2025-11,0,0.4,0.08606981049113453,0.07139473479642322,0.04800009553459601
101393,2025-11,0,0.9,0.11372580435090147,0.15631156361887716,0.133665834240593
101501,2025-11,0,0.4,0.031144619021186443,0.03582914693384575,0.037903760837031605
101579,2025-11,0,0.7,0.10927882495459516,0.15139768828891473,0.14137656120588107
101602,2025-10,0,0.5,0.04101262851613943,0.03992707398948714,0.049043524151505265
101021,2025-10,0,0.4,0.015303272823646429,0.022937549244282682,0.02761855142587632
101092,2025-12,0,0.8,0.07465124066653857,0.05247569567619643,0.04561816609194876
100144,2025-11,0,0.7,0.06769673238501585,0.057831323846491985,0.08018718730735262
101845,2025-10,0,0.2,0.023387725566305445,0.027442804053661972,0.024290754267400655
101722,2025-10,0,0.4,0.04629251035312533,0.040616577552773196,0.03327479509213649
102057,2025-11,0,0.3,0.05168016377367386,0.05991284756745903,0.043381490114814576
101298,2025-11,0,0.9,0.27231100571831945,0.2666004008206394,0.20463119500342733
101009,2025-12,0,0.9,0.14195473071485146,0.1799711146102708,0.14868384439227467
101164,2025-12,0,0.9,0.2920655554165185,0.3699887831164958,0.33697458699558136
101735,2025-10,0,0.6,0.17147798665442812,0.14123805375839732,0.12091690240287738
100786,2025-10,0,0.6,0.08785982045571698,0.08984486628426237,0.09945850784398828
101006,2025-11,0,0.1,0.021343967712478807,0.014345699803912664,0.01590123098335585
100625,2025-11,0,0.2,0.008789463205797243,0.007356963903076161,0.015405722572629054
100203,2025-12,1,0.9,0.2030583582422811,0.1439251060853386,0.1330507866332803
100573,2025-11,0,0.8,0.1326231890671425,0.1242994680307186,0.12240982465425587
100559,2025-10,0,1.0,0.3034697154364454,0.2790909653010531,0.2554845545480532
101039,2025-11,0,0.7,0.07714074524622254,0.08724962876055907,0.0991693425753271
100273,2025-12,0,0.4,0.025375246445714206,0.02634874232562715,0.033741041211809326
100851,2025-10,0,0.3,0.021406505895346557,0.014072057263227208,0.020873592175474978
100809,2025-12,0,0.7,0.06864697190231248,0.043390571215902646,0.06701357566319686
100307,2025-11,0,0.1,0.008145382659777272,0.008877110373013586,0.022306650518031868
100904,2025-11,0,0.3,0.07056303600163677,0.07461367449027773,0.060563495006177845
101532,2025-11,0,0.2,0.0143210149410293,0.017166644206355608,0.022816607660601586
100377,2025-10,0,0.6,0.0904643874858136,0.09593980981707131,0.07684762244138575
100696,2025-11,0,0.8,0.11971232355738225,0.12364724024367776,0.1152282719132105
101868,2025-12,0,0.3,0.01237354199766357,0.008698117340146638,0.016932857218466234
100278,2025-10,0,0.7,0.12496641762758358,0.10806102732133983,0.1030806385702064
100950,2025-12,0,0.8,0.07620354143470988,0.11049121778941785,0.10155385848707725
100789,2025-10,1,0.8,0.21891800566019462,0.2126374552536669,0.19450074159527317
101152,2025-10,0,0.7,0.06929099220306023,0.044518448951447506,0.05640254965046478
101125,2025-10,0,0.7,0.0984302093420423,0.10850474996718457,0.16069309594899558
101228,2025-12,0,1.0,0.0720053521785455,0.06310446194812715,0.07179937681766037
100498,2025-11,0,0.1,0.017613906324028164,0.022731035934214078,0.03021347458088152
100835,2025-11,1,0.9,0.2734742966359673,0.3387853798837691,0.3667299054898268
100644,2025-10,0,1.0,0.05394328661630722,0.07264855175899732,0.05953846030970024
100746,2025-10,0,0.9,0.1946611172029596,0.16874412203786648,0.1509073279645251
101208,2025-11,0,0.5,0.04811593279833569,0.03867061790147053,0.04079738691636312
100643,2025-12,0,0.7,0.06164583415730776,0.05564832133554216,0.05887996550786091
101022,2025-12,0,0.6,0.05942300795266597,0.0726246038544527,0.06084704573951489
101197,2025-12,0,0.6,0.08720984235449769,0.0820644747970119,0.10326483595388139
101751,2025-11,0,0.6,0.051015196700592,0.05166328663304782,0.04998900356859131
101276,2025-11,0,1.0,0.055705166163761796,0.048173218454659474,0.054316022754375366
100179,2025-12,0,0.5,0.023997679381181882,0.02110368559969303,0.030308438271411293
101007,2025-11,0,0.1,0.01443589745418062,0.013637167710073091,0.017611875315297412
100518,2025-11,0,0.7,0.028078247848661905,0.038163247735536504,0.03595797740597007
100191,2025-11,0,0.2,0.021820906867372113,0.025743201434056902,0.019114821226258846
100881,2025-10,0,0.1,0.008877156440607025,0.011958860802109256,0.02015328985054532
100054,2025-10,0,0.4,0.0326265509188441,0.0338726973839006,0.03208372651197703
100363,2025-11,0,0.8,0.0983211904454715,0.08047546698024369,0.10055031754717104
100648,2025-12,0,0.4,0.03825684926676193,0.029953337163940705,0.030662596307844372
100422,2025-11,0,1.0,0.12273207984966285,0.1697193681080383,0.13285338930401694
101206,2025-11,0,0.1,0.01026681428231388,0.007641353091114049,0.011439935922219676
101797,2025-10,0,0.1,0.02156551754206883,0.027451941798233615,0.0298384245101723
100710,2025-10,0,0.8,0.0661074363684724,0.06863626167801759,0.0853264854387941
100433,2025-10,0,0.8,0.058470616751781265,0.053228365355842876,0.0536030729846011
101327,2025-12,1,0.8,0.09667658548718017,0.07663862633866754,0.10267558439257474
101051,2025-11,0,0.2,0.04164919186886202,0.05083167763653899,0.037127136018573585
100638,2025-12,0,0.3,0.04008947319848737,0.027419502907723475,0.02471227040728176
100592,2025-12,0,1.0,0.34326217433286255,0.36850940548206784,0.28033723449379766
100188,2025-10,0,0.5,0.013955649408544213,0.01490686270314856,0.01712026068941026
100431,2025-10,0,0.4,0.01289294735517692,0.008314129032560671,0.009942974844999923
101975,2025-12,0,0.1,0.02124476029833828,0.0239636361541045,0.027763908682273755
101673,2025-11,0,0.8,0.1354814338505515,0.1409039207653903,0.13077012443425146
100898,2025-10,0,0.9,0.22946405136923195,0.20046431519872035,0.20064119857075594
101541,2025-12,0,0.9,0.0678821764984069,0.08007936840571817,0.08180061460204806
101550,2025-12,0,0.7,0.031894883071469114,0.030583913499435286,0.025241884768877954
100530,2025-11,0,1.0,0.10501803888276642,0.0737617532700416,0.06900954338553245
100547,2025-10,0,0.3,0.02897887235686225,0.027965478831563893,0.025279631848368626
101877,2025-11,0,0.8,0.04060654048705205,0.03794047079684596,0.058601879239060725
101092,2025-10,0,0.8,0.06877002741816911,0.05539803329571278,0.04998624860346228
101416,2025-11,0,0.5,0.04400363094358796,0.037072379846297916,0.05856655557878643
101821,2025-12,0,0.7,0.14244984811517183,0.1763502259335282,0.1772156354863746
100112,2025-12,0,0.7,0.03801871976538646,0.0320039649313179,0.04010093518815308
101583,2025-11,0,0.9,0.18581175000610692,0.18489891217602822,0.14804444997993196
100091,2025-11,0,0.2,0.016396087622194994,0.013711754127423712,0.01921328646616381
101185,2025-10,0,0.5,0.044244521675330564,0.047671628054004093,0.05433125290428992
101479,2025-10,0,0.4,0.009970464726542802,0.009204278860496275,0.020562374305605598
102023,2025-11,0,0.4,0.03525684916335665,0.023847215422669033,0.025271014409477387
100846,2025-11,0,0.8,0.12129029722875526,0.1267361063159645,0.13899828855692922
100226,2025-11,0,0.5,0.018654074740157563,0.018950294922671695,0.03303912365753484
100263,2025-11,0,0.2,0.02586410604338674,0.021873899383604983,0.01656528428847162
101735,2025-12,0,0.6,0.1574666345514179,0.14329081611140282,0.12729097003113798
101168,2025-11,0,0.6,0.12450953160331735,0.12786308525913262,0.11832851045291301
101752,2025-11,1,1.0,0.23081804203541423,0.2024037392552949,0.2024102919266925
101281,2025-12,0,0.4,0.01511792412017897,0.011403187781356737,0.0167999377272918
101299,2025-10,1,0.8,0.09464189542636244,0.053329729274658566,0.08380285390110323
100635,2025-12,0,0.6,0.07747433643709523,0.06375747913788532,0.06174681469717067
100974,2025-12,0,0.2,0.004787317275861854,0.002282596678311841,0.008747713685510024
101024,2025-12,0,0.4,0.04078213589466279,0.048225429111304376,0.05084071613283119
102071,2025-10,0,0.5,0.03916037318628408,0.036985486470635244,0.04398488953791046
101771,2025-11,0,0.4,0.062250979613755954,0.06943679779480064,0.06696272599004618
100360,2025-12,0,0.2,0.035881148284855474,0.034476590533530777,0.03583305762683152
100191,2025-12,0,0.2,0.017529707444653087,0.023311252096007824,0.023817744527275288
100729,2025-11,0,0.9,0.24144015283924775,0.24440725782545683,0.2233856282048093
100116,2025-12,0,0.3,0.03530597149720829,0.03961627169542803,0.04645477902209663
101869,2025-10,0,0.9,0.2749211158537897,0.2683543102065902,0.24208914987818614
100966,2025-12,1,0.8,0.09157291211954817,0.06285797255833916,0.0816783403041608
101580,2025-11,0,0.5,0.09097031547594663,0.0665292326549244,0.05066583771388913
101537,2025-12,0,0.8,0.052032497658914996,0.0580380639251601,0.055734897037691945
101720,2025-11,0,0.8,0.201361764132215,0.2125182144870406,0.1956644689091302
101365,2025-10,1,1.0,0.17812754932254832,0.18821439812174043,0.163268821613746
100695,2025-11,0,0.8,0.10231652120026358,0.09355798846660374,0.106029910779415
101356,2025-12,0,0.8,0.0952219449559066,0.09899789153013784,0.09670740289365357
100647,2025-10,0,0.7,0.02420459140151826,0.027647989043213056,0.02534028086838498
100989,2025-10,0,0.3,0.025636521249328366,0.025768495633145143,0.023990746799080687
100236,2025-10,0,0.2,0.016686604801450757,0.019447939569313,0.020502595184769927
101233,2025-11,0,0.8,0.15273845841948439,0.13001245914286455,0.13206350197158165
100068,2025-12,0,0.5,0.03529721329595078,0.04677928735711226,0.04952346684806174
101147,2025-12,0,0.2,0.006044895454523492,0.00460207231313858,0.010342321417102437
100513,2025-10,0,0.1,0.029071904138942145,0.02357904946709721,0.020242411512388633
101493,2025-12,0,0.9,0.07350546460582695,0.0694250411747972,0.06982479210520687
100926,2025-10,0,0.1,0.007167920539660128,0.007600246986219965,0.012592654966174913
100510,2025-12,0,0.9,0.12176211088968837,0.11174331640768595,0.12877631971779985
100242,2025-12,0,1.0,0.1068572518562573,0.1592621789689707,0.1380984719498325
101544,2025-10,0,0.7,0.14378877941959428,0.10443846325051791,0.11780523182226346
101827,2025-11,0,0.4,0.016745496483926463,0.018815591538889058,0.022755176761353996
101617,2025-10,0,0.1,0.015097674264539337,0.01306412056912543,0.017271067699757402
101796,2025-11,0,0.1,0.005877481164639398,0.0047022007962688505,0.00940595977374548
101915,2025-11,0,0.2,0.023971709519070527,0.017336354531632923,0.019100561799731353
100671,2025-10,0,0.2,0.018021001653026444,0.023587038735307073,0.023172733830355435
101836,2025-11,0,0.1,0.00893128423796173,0.006179460481794062,0.011731965331465073
100283,2025-10,1,0.9,0.1986821223911352,0.14783703003387486,0.1685793394111929
100103,2025-11,0,0.6,0.03386262846308451,0.03643382538027167,0.03633067180389794
101221,2025-11,0,0.7,0.04768331416963821,0.045316192181396105,0.0613521539978293
100445,2025-11,0,0.1,0.020866800042259836,0.011615350201218908,0.014182031562326993
102091,2025-10,0,0.5,0.05641214179511221,0.0632622086887849,0.09260017273577685
101630,2025-12,0,0.2,0.02519152940687969,0.023687292725399756,0.027150139455546566
100519,2025-10,0,1.0,0.046225371599636626,0.06229206939500146,0.0506384457612545
102008,2025-12,0,0.6,0.07045159887734372,0.07694373470781384,0.05856404651249269
101320,2025-12,0,1.0,0.20047661756996368,0.2628308901139223,0.2596897557420152
101990,2025-10,0,1.0,0.12388043204871098,0.1387427268886939,0.11944757586154849
101165,2025-10,0,0.5,0.06545836966086396,0.05715720426381616,0.06640770271805715
101082,2025-12,0,0.1,0.009279729302751014,0.008099449728747765,0.012486662146477225
101001,2025-10,0,0.9,0.18176632782518318,0.14991879629501545,0.15598222953056753
101341,2025-10,0,0.7,0.1179549976251944,0.10305529419216602,0.13995553551555456
101443,2025-12,0,0.7,0.10724133224998302,0.08971430048424796,0.09771453197371495
101439,2025-10,0,0.4,0.08370178516198616,0.06314201021810018,0.04584871147814151
101982,2025-10,0,0.9,0.08986545722121336,0.07572859324957032,0.09688032138111835
101701,2025-12,0,0.3,0.022794752694201767,0.018358555328748423,0.025897880911719382
100031,2025-12,0,0.6,0.03078414479477374,0.02332421676760348,0.02968692586212782
100960,2025-11,0,0.4,0.028606403811705372,0.02781200125138073,0.03277880599590438
100330,2025-12,0,0.6,0.052862610231201076,0.060377312572911915,0.04624166396299376
101369,2025-12,0,0.6,0.08372756979550348,0.16130847276848156,0.11940735843178973
100497,2025-10,1,0.8,0.23305581794571364,0.28710661747801886,0.2727911790936653
100291,2025-12,0,0.7,0.11187408298799456,0.12582558057999688,0.15033476675906768
101988,2025-11,0,0.5,0.08350138555410873,0.07443386676334503,0.07321702702143797
100096,2025-10,0,0.5,0.03914172239194391,0.05385342912484276,0.058080373114856525
100399,2025-11,0,0.9,0.0896979257472009,0.05641944871656314,0.0777884292934706
100776,2025-12,0,0.5,0.059746839034196295,0.059430343800791215,0.0803644841655804
101737,2025-12,0,0.8,0.08656630172694635,0.07432721954012009,0.0778218262874812
101982,2025-12,0,0.9,0.07207819440026918,0.05868432930742722,0.06668736880364855
100771,2025-10,0,0.5,0.052580408663544624,0.05313594130900157,0.04737212480273259
100197,2025-12,0,1.0,0.17116482927697024,0.12860409306229403,0.1282880454662631
100668,2025-12,0,0.7,0.07481117730894024,0.04420680988093243,0.06513990120815429
101377,2025-12,0,0.9,0.14988833461334014,0.15181806181314278,0.15475294713649454
100679,2025-12,0,0.8,0.07194704066009758,0.055211397705226935,0.05939092189903832
101858,2025-10,0,0.8,0.0942467633269959,0.0736958437103491,0.08682363770252682
101922,2025-12,0,1.0,0.2177646857747855,0.211732159942942,0.24000416067140468
100565,2025-12,1,0.6,0.09765591023745641,0.09388618550230138,0.09787699345060635
100527,2025-11,0,0.3,0.019576035074895953,0.01732895147822356,0.027781259437318354
100872,2025-12,0,0.4,0.05965366182047221,0.059561533533208345,0.05318890703045315
100345,2025-11,0,0.9,0.2001685473195134,0.17689081984409055,0.17160889005498375
100007,2025-11,0,0.3,0.027163762853244056,0.028766030687691787,0.03396360422646657
100578,2025-10,0,0.9,0.15855802099969774,0.1690783349578068,0.1356084629757563
100157,2025-10,0,0.3,0.014217404678245026,0.008950300735207499,0.01564242742260258
100774,2025-12,0,1.0,0.13206517062393971,0.1799759092084925,0.1376807724211775
101087,2025-10,0,1.0,0.12079824963912444,0.12186284191239455,0.1420850566087125
100261,2025-10,0,0.5,0.01848313044668136,0.01835308850052025,0.030193715240546235
100232,2025-10,0,0.1,0.004525679189420165,0.003917864248367009,0.011640275690602726
100754,2025-11,0,0.4,0.03758531988156457,0.037930868517842366,0.0362770420136109
101279,2025-12,0,0.4,0.06862392648664334,0.050631048016694755,0.038613208175118464
100299,2025-10,0,0.6,0.08499556513949669,0.08366404341117809,0.09456224681517446
102092,2025-12,0,0.3,0.0077450435742672675,0.006835446170097232,0.013099065695611475
101864,2025-11,0,0.2,0.007560570174947672,0.009262660030024029,0.014374783155246089
101734,2025-11,0,0.7,0.048542494787531074,0.04750441471831665,0.06045148500208733
101457,2025-12,0,0.6,0.16507835396704015,0.15076132430294253,0.10944938641604586
101583,2025-10,0,0.9,0.11793451790189537,0.1091156803879026,0.09489447829544366
101034,2025-11,0,0.1,0.039294819906456786,0.033400866502918285,0.022483637569749623
101084,2025-12,0,1.0,0.14952834170816615,0.13844332024336048,0.159173199561956
101468,2025-11,0,0.2,0.01722435871081964,0.016111484305963944,0.01967694208723312
101582,2025-10,0,0.3,0.04306735279510861,0.042254777342480156,0.0406971629387303
101725,2025-12,0,0.4,0.029667696880007963,0.024118158803719845,0.02835034408302039
100295,2025-12,0,0.5,0.031004689035538813,0.03187334686660321,0.030198901023903248
100011,2025-11,0,0.5,0.03486300073274646,0.021154051880232293,0.028269774202448947
100799,2025-11,0,0.3,0.041207652936987214,0.02373489583101318,0.028398413751724427
101097,2025-10,1,1.0,0.300257388704927,0.37390755488870164,0.3310553908788764
100540,2025-10,0,0.7,0.1330595807147113,0.1253216069252882,0.1114643015201878
100303,2025-11,0,0.9,0.27353257370585043,0.26286966999908595,0.25291511464117294
100628,2025-12,0,0.7,0.04253764994118472,0.0505061193239769,0.04933985501582613
101342,2025-11,0,0.1,0.021472973125323508,0.029924570457868796,0.040549934812217824
101569,2025-10,0,1.0,0.1467350840615284,0.17619890623549153,0.15096196913864754
101589,2025-11,0,0.7,0.07283129121241817,0.10036190943822182,0.08722645153288437
101600,2025-12,0,0.7,0.037161876469853215,0.0684832185172043,0.0620705067471371
100630,2025-12,0,0.5,0.026828528158964134,0.0207370824789125,0.031149961609095382
101539,2025-11,0,0.2,0.009988089706180536,0.009175748977147164,0.012857280845676661
100913,2025-11,0,0.9,0.07280711156183024,0.06557670905656611,0.06767505123972294
101559,2025-12,0,0.3,0.008123377115314126,0.006724409194331671,0.011690454921094308
101750,2025-11,0,0.3,0.0328597915100621,0.03234885850267196,0.0363971329703951
101748,2025-12,0,0.2,0.014411187216862213,0.012416562851676452,0.014741456150317023
101327,2025-10,0,0.8,0.18473864983269472,0.1592049943757152,0.18701326740323
101511,2025-11,0,0.1,0.020361148814662697,0.020982134390091275,0.0267016929586824
101346,2025-11,0,0.5,0.02617629490675463,0.025833953579292947,0.03467496544125073
101832,2025-11,0,0.9,0.18652373416957924,0.16042708246109955,0.17499358043293972
101304,2025-11,0,0.6,0.022411286494328334,0.02343092559648276,0.029704591035238703
101538,2025-10,0,0.2,0.03284590083311544,0.022310918646630453,0.018817776097792265
101720,2025-10,0,0.8,0.20862255622231643,0.24018817085186456,0.22318723088769057
101988,2025-10,0,0.5,0.0947184359538839,0.05638037223033448,0.08197904143055644
101437,2025-10,0,1.0,0.1166861031197546,0.13719845719972246,0.10167202462781004
101961,2025-11,0,0.8,0.09414671768414767,0.07078282982328012,0.0841286429816177
100152,2025-10,0,0.5,0.038463130507047395,0.05084392246003042,0.052356720858086944
101399,2025-12,0,0.2,0.0045529997051732074,0.003430513245987882,0.00852302330426614
101739,2025-10,0,0.7,0.03396671733707943,0.02505258811493527,0.04012484671054806
101889,2025-10,0,0.2,0.043272266019108066,0.031979601697603395,0.02316171754836017
100945,2025-10,1,0.8,0.08568655791227886,0.05415485278276723,0.06805894852224043
101155,2025-12,0,0.7,0.03836544109926322,0.03434415022038319,0.04181557649518779
100528,2025-11,0,0.4,0.04396865258511403,0.0339915484054001,0.031046349233783462
101684,2025-10,1,1.0,0.27486716239587955,0.29393688545825586,0.28062072479903816
101384,2025-11,0,0.7,0.19840470414085692,0.1975963054674401,0.18866093954349827
102009,2025-11,0,0.6,0.015214919255176484,0.020936526058593533,0.023814346816010055
101881,2025-11,0,0.9,0.12210079565793774,0.11672515354823945,0.09506286412965996
102093,2025-12,0,0.2,0.008557593947334786,0.007418350609836339,0.015230476945640054
100998,2025-12,0,0.4,0.01783986366548771,0.015140764470119047,0.02504822481804388
100283,2025-11,0,0.9,0.18527106629600454,0.1269317567044713,0.1335804658488168
102038,2025-10,0,0.6,0.05666304035563712,0.07453922078830048,0.05999839350984896
101120,2025-11,0,0.9,0.16578249420523272,0.19891021399632738,0.22185573143665444
101434,2025-10,0,0.4,0.02075326728681038,0.024286768230916737,0.026135361124714252
101608,2025-12,0,0.3,0.022052742383602487,0.023184395349590017,0.032311695904715866
102061,2025-10,0,0.3,0.04630446210725867,0.04353397061454928,0.03485758279597918
100286,2025-11,0,0.7,0.14361561299560838,0.12234486472632516,0.13838695392938555
100640,2025-10,0,0.7,0.05090093407750744,0.05504545254407761,0.06525815742885899
100020,2025-10,0,0.4,0.07447133334816808,0.08222279423266632,0.08121662987487883
100305,2025-11,0,0.3,0.012445392087606876,0.010075482135630356,0.018930626384990448
101793,2025-10,0,0.7,0.17445838746928144,0.20974617405021456,0.24176093055045533
101064,2025-11,0,0.1,0.003605641775149281,0.00371314996665446,0.009386357650992634
100147,2025-12,0,0.9,0.11040874322594073,0.12504412383266433,0.12557007618111868
100633,2025-11,0,0.6,0.07810469888019915,0.0678790643139893,0.054575646730499985
101974,2025-12,0,0.5,0.03262784402087046,0.04044880021296475,0.04654758616035117
100795,2025-12,0,1.0,0.27832732356947426,0.26179158889063975,0.21645384198010875
101430,2025-11,0,0.6,0.059883419666967495,0.05551554458746625,0.0597029685647833
100526,2025-12,0,0.9,0.0987199264087646,0.10202376298628348,0.10542105263449628
101113,2025-11,0,0.6,0.08399243723932155,0.08818870902283628,0.1140396225115709
101790,2025-10,0,0.9,0.1684995361789331,0.17921682533605168,0.13937643607398317
100430,2025-10,0,0.1,0.010639970098471415,0.011531533543895937,0.021057512160629743
101224,2025-10,1,0.6,0.07370135844382049,0.12065552449411729,0.12172105361426788
101405,2025-12,0,0.3,0.04804351066459874,0.05720641330207565,0.055944621083679355
100865,2025-10,0,0.7,0.1528283358744863,0.118343397264159,0.1363855807657927
100791,2025-11,0,0.2,0.013500146203247835,0.026109221539661172,0.022470197268011218
100069,2025-10,0,0.1,0.027587749484307058,0.018398857511262967,0.018415392271923382
100766,2025-11,0,0.5,0.08411358586184789,0.0804138805892839,0.06555976736267301
100649,2025-11,0,0.6,0.12706238890559582,0.19460926715899104,0.15583718447347744
100324,2025-10,0,0.8,0.0735239005343023,0.07490438313903705,0.07911999557096921
101528,2025-12,0,0.2,0.009133694352567338,0.007605641546154624,0.010861726743834248
101503,2025-11,0,0.1,0.02089058376343019,0.023361340014396974,0.028173303495812246
102040,2025-11,0,1.0,0.08009318875779851,0.10459669262275698,0.09653213208953683
100848,2025-11,0,0.7,0.14288867520303863,0.1362660308204532,0.16684766353422878
101439,2025-11,0,0.4,0.09265077727344516,0.1048243266373704,0.09001916537034971
101085,2025-12,0,0.4,0.060245584572083385,0.09427323099212494,0.09403755612894305
100135,2025-12,0,0.3,0.011239753164658183,0.011084258311764643,0.01734054849971544
101348,2025-12,1,0.6,0.11413419491206854,0.15791867862973896,0.1370010908824795
101345,2025-10,0,0.4,0.02842357805472684,0.02872924636672832,0.03556010833344193
100652,2025-10,0,0.4,0.029432324728561308,0.021116580658048882,0.024226851415211418
101552,2025-10,0,0.5,0.03484160995020688,0.04156364022955157,0.04179995905907346
101544,2025-12,0,0.7,0.09843139543605114,0.05960976999013984,0.05542888456506045
100723,2025-10,0,0.6,0.029496888885339547,0.023646091318132865,0.026750470744850745
100370,2025-12,0,0.2,0.022365983740580707,0.020168127790401297,0.025976147312734194
101338,2025-12,0,0.7,0.18429447575035557,0.18485748639565874,0.1883076618485858
101392,2025-10,0,0.6,0.05300765497583369,0.04610641367245044,0.05114762080624705
101285,2025-11,0,0.9,0.22264321630415973,0.27180696736634546,0.26251599377599183
100385,2025-10,1,0.8,0.29091067426628464,0.2643564840579059,0.20798556841802604
101533,2025-11,0,0.7,0.04934087242378581,0.06422655845825168,0.04465492441075993
101530,2025-10,0,0.5,0.020328079552705196,0.020881827503533748,0.027298461066102713
100883,2025-11,0,0.9,0.21177829372066295,0.1859836050550147,0.1800077118666087
100425,2025-12,1,0.9,0.18681545025655324,0.24275030847415396,0.18980684705236067
101788,2025-11,0,1.0,0.07473551211353503,0.0792751205924771,0.07136166696922548
100256,2025-11,0,1.0,0.17958204169696015,0.19665130388855895,0.1331176708439423
101709,2025-12,0,1.0,0.21775275115183915,0.18396815684144555,0.15542281615005243
100157,2025-12,0,0.3,0.011833121254014584,0.0081623325221457,0.014257212726295616
101434,2025-12,1,0.4,0.06576249732481348,0.09050489674796837,0.06929414977323957
100884,2025-12,0,0.9,0.22060841435368125,0.20794422669473017,0.18116534415398838
100510,2025-10,0,0.9,0.22982672127174197,0.18888947565317213,0.17161411425630332
101841,2025-10,0,0.7,0.20352585860847416,0.20329726209319424,0.18628270180389067
101684,2025-11,1,1.0,0.38171166395959844,0.3268746095371976,0.269579098825194
101152,2025-12,0,0.7,0.059655309691082424,0.03573140837197994,0.04738769790688481
101731,2025-10,0,0.6,0.14611842936559907,0.21055572729989613,0.21025829470002946
101635,2025-12,0,0.3,0.033592568208187276,0.037380576254978044,0.03721208226869035
102049,2025-12,0,0.9,0.24532666995585117,0.20593483654437814,0.20608752590377896
101315,2025-10,0,0.1,0.00922662503087759,0.013118168818249957,0.019577091401482984
101339,2025-11,0,0.5,0.06250947057448736,0.09295402322147517,0.10644007549585555
100538,2025-10,0,0.1,0.011212219940948667,0.017785624277143433,0.022843156963150105
100050,2025-12,0,0.2,0.01224117912703884,0.01818203747270709,0.019354922636605036
100645,2025-10,0,0.7,0.08802620657586326,0.10172033613976524,0.11945565046808425
100309,2025-10,0,0.4,0.07920658562404037,0.11738268081881244,0.07268874576714608
101372,2025-12,0,0.7,0.10105597448792365,0.09688017692299411,0.1219359131012969
100029,2025-12,0,0.9,0.19595106374983778,0.19337743280942457,0.1936850597862252
101545,2025-12,0,0.5,0.08704485203454031,0.08409413566065509,0.09411152176852645
100179,2025-10,0,0.5,0.06838219355649816,0.05700291587376042,0.07117772585490889
101899,2025-11,0,0.4,0.03419803365640001,0.03840367430962497,0.053312223908972486
100481,2025-11,0,0.6,0.04893884574138788,0.06694742158341146,0.05023268118962065
101435,2025-12,0,0.6,0.026199294248396295,0.03133144846001245,0.024048143124224427
100564,2025-11,0,1.0,0.1587729036355709,0.1884271697054233,0.15510193254272078
101366,2025-12,0,0.3,0.06644890637243989,0.058991418267535234,0.04585265847232283
101444,2025-10,0,0.1,0.016962615322149256,0.016545550270052913,0.02374435201906848
100124,2025-12,0,0.6,0.10732985917745459,0.07491204545939413,0.06327209380316287
100132,2025-10,0,0.6,0.03393943404891712,0.029297786931211187,0.034643163298718783
101678,2025-12,0,0.3,0.021957920821697337,0.029844324871293293,0.03309064569935601
100893,2025-11,0,0.1,0.009147311829766138,0.013237450452983326,0.017896676023183133
100244,2025-10,0,0.5,0.036168918501917086,0.03365177720695607,0.03966990584681435
100562,2025-12,0,0.1,0.008812893575675135,0.011898035126751976,0.018833170717601676
101904,2025-12,0,0.3,0.03641479853369616,0.037866871531775155,0.043632759281651216
100440,2025-10,0,0.6,0.11761759865854922,0.1296941579585176,0.11990371973250517
100683,2025-12,0,0.1,0.009258194290399238,0.010493140919382327,0.018346191947952513
101277,2025-11,0,0.8,0.03940479241574692,0.047215454122057784,0.04928092431310314
100827,2025-11,0,0.4,0.03236113656112028,0.043504687270146676,0.03408099603450581
101360,2025-11,0,0.1,0.017353498780326007,0.01623517010340714,0.01866275947632791
102007,2025-12,0,0.6,0.16378954410640484,0.17342427648009653,0.13955381493245986
100049,2025-12,0,0.3,0.045051958257806723,0.05616471831831918,0.04450651794950984
100385,2025-11,0,0.8,0.16744130209698277,0.1844919426485571,0.18298904432895574
101392,2025-12,0,0.6,0.17365447356961766,0.16653645299191935,0.12905340938027512
100879,2025-10,0,0.4,0.04304163158164858,0.04833763724807063,0.045229863152617684
100688,2025-10,0,0.3,0.05765902995220296,0.06023913360191353,0.059770737759320215
100443,2025-12,0,0.9,0.05218942108468866,0.056337037169113306,0.05593292233174283
100007,2025-10,0,0.3,0.03829693640322251,0.028608405236928165,0.028530184359549533
101506,2025-10,0,0.8,0.13254851696166584,0.11225129552862641,0.10488435920694293
101740,2025-12,1,0.1,0.024463192657331306,0.027980640981059096,0.03564343573118524
100735,2025-10,0,0.6,0.027723455600418688,0.02139849316966323,0.022870202922874196
101231,2025-12,0,0.4,0.031666739213298954,0.02386817101405938,0.025545784878079913
100734,2025-11,0,0.6,0.0543881719174586,0.057015907506426274,0.05532430092121238
101004,2025-10,0,0.4,0.0806726211779955,0.05959178555299346,0.044737241838883404
101313,2025-11,1,0.6,0.07141332954134433,0.06389690173097111,0.0903727179500998
100188,2025-12,0,0.5,0.0556715126111645,0.04958884504654591,0.06757235536362238
101472,2025-10,1,0.8,0.1021338114867504,0.12596231425369048,0.11250486519520318
101568,2025-10,0,0.3,0.014439683638854776,0.010817063558607743,0.014527602409400993
100073,2025-12,1,1.0,0.20257640460766124,0.23548356509273097,0.1564473695979882
101183,2025-10,0,0.4,0.07513677218079999,0.0770520742422963,0.06454231245755074
100819,2025-11,0,0.7,0.1255123774402478,0.11011582266212015,0.14821117707469506
100275,2025-10,1,1.0,0.16384880036404487,0.16298913124235143,0.17143498981175184
101353,2025-10,0,0.9,0.13832400809672052,0.16239665339236875,0.14902734733339343
101216,2025-12,0,0.7,0.13439068510510258,0.10739648052525917,0.10250540747250671
100727,2025-10,1,0.9,0.3143028290606642,0.3241345659854152,0.35164966623324057
101571,2025-11,0,0.9,0.09942836634434729,0.08567103464133406,0.08533661614446811
101462,2025-10,0,0.6,0.06547724685589787,0.07766869935512624,0.05473969171465168
101240,2025-11,0,0.8,0.1384538548046903,0.20024010957766247,0.19117285237268075
102077,2025-12,0,0.9,0.23979079758096827,0.1670959378268577,0.16795622779465522
101165,2025-12,0,0.5,0.029573339886442663,0.033323548356853874,0.03476897707007265
100906,2025-11,0,0.4,0.021692523865684203,0.018339480945929743,0.020927476802814104
101908,2025-10,0,0.3,0.027196619119839383,0.02066067258366442,0.026562247844233035
100806,2025-10,0,0.7,0.14606839708300082,0.15830044628615136,0.1797910568523604
101273,2025-10,0,0.5,0.1132224279187972,0.13588738804470565,0.1489275335021983
101234,2025-11,0,0.3,0.019758240752191906,0.015528997188433685,0.018894863128447265
100598,2025-11,0,0.3,0.04962564559640846,0.029905963017353956,0.02465684249908499
100027,2025-11,0,0.5,0.024206653748846684,0.0323243475558173,0.03951691529294035
100430,2025-11,0,0.1,0.01283718689322454,0.018064652744465077,0.022115970622348685
101420,2025-11,0,0.5,0.059062442252126424,0.07118250375582737,0.0624425098109332
101479,2025-11,0,0.4,0.047547733149688576,0.03973298216802816,0.04138990767950283
101350,2025-11,0,1.0,0.16423410935907126,0.1652476178632431,0.12411591153128895
101580,2025-10,0,0.5,0.1302472756651822,0.13206494293020712,0.13727358462833736
101083,2025-10,0,0.7,0.07745594781481381,0.08716757786007122,0.07992385404141282
101824,2025-12,0,0.6,0.14556340891488037,0.1590634841440957,0.13516592935365504
100673,2025-10,0,0.4,0.04352718660187693,0.03296287481551133,0.0314587388759054
102097,2025-10,0,0.3,0.016474869835478852,0.014684012475268954,0.01833031808963033
100804,2025-10,0,0.6,0.06825702325954631,0.0992802529599694,0.0767337719454518
101336,2025-11,0,0.9,0.2373834885044274,0.22862532425669477,0.21391780538921687
100910,2025-11,0,0.9,0.10515201619237712,0.06635732424407752,0.08815621514530315
100666,2025-11,0,0.4,0.020576927494329753,0.015820426317922503,0.018811393683940955
101371,2025-10,0,0.6,0.04084408167125647,0.03356007716630669,0.030044792309309194
101169,2025-11,0,0.7,0.14407773235312074,0.16022003770946477,0.13667704256137905
101508,2025-11,0,0.5,0.03933793303334421,0.04126667489698428,0.03609947333309426
100165,2025-10,0,0.1,0.009056065234779503,0.006678190702802077,0.011013234848600112
100093,2025-11,0,0.3,0.044273820876610914,0.06267575445584991,0.052484461790715344
100775,2025-11,1,1.0,0.3860934114544683,0.37310810506238173,0.33003878665791425
101187,2025-12,0,0.1,0.009010183019168302,0.00938458327978596,0.01532595133858267
100756,2025-12,0,0.5,0.025864327028571898,0.021533859394556033,0.03632204348322273
100318,2025-10,0,0.3,0.03366650314426487,0.03478749750523809,0.04574009212007792
101192,2025-12,0,0.5,0.038409785358088824,0.053971786087946096,0.054699508894761543
100524,2025-12,0,0.9,0.0903868749312588,0.0690509881200207,0.08440720824575393
101031,2025-10,0,0.9,0.054498323876393445,0.04314658457527903,0.05312774746677281
101431,2025-10,0,0.9,0.23217028680165946,0.2234061701376061,0.21791984624393793
100845,2025-10,0,0.6,0.08568143965308113,0.06952418829271191,0.05981798017833589
101524,2025-11,0,0.6,0.056780905823705735,0.06124620990371376,0.05701801714510098
101916,2025-12,0,1.0,0.09596783386575554,0.07620720416783679,0.09557661613160394
101819,2025-12,0,0.6,0.09692990316329564,0.11881945529697041,0.11728996544411796
100013,2025-12,0,0.3,0.0452317566112001,0.0330091201969544,0.023930508661706387
100475,2025-10,0,0.6,0.09530511936825233,0.08614378110227117,0.09053620975865706
100746,2025-12,1,0.9,0.20211924858928035,0.13896382660096146,0.14348218535062493
100682,2025-11,0,0.5,0.016547980210738982,0.01500672795272077,0.024697788503473216
101841,2025-11,0,0.7,0.04351284116321654,0.039011014475554176,0.03980244354992149
100048,2025-12,0,0.6,0.03426003829145545,0.025107846533738,0.030475498832584692
101127,2025-12,0,0.6,0.09111347097186424,0.09056301114480238,0.10176093461227566
101157,2025-10,0,0.6,0.047024369257517136,0.04194481859158297,0.04806624641233993
100961,2025-12,0,0.5,0.07221293392164906,0.085077287409716,0.09232444518921835
100010,2025-10,0,0.8,0.08724247216844247,0.08680866016010032,0.09182044771808585
101945,2025-10,0,1.0,0.14332970513032348,0.11196382862944629,0.1335509468624345
100172,2025-11,1,0.6,0.07540012987652835,0.10427132031458201,0.09721682619087794
100440,2025-11,0,0.6,0.09700674201600248,0.11847259171352975,0.11519848683567165
101516,2025-11,1,1.0,0.21006398741890514,0.1958865448793538,0.1588952852227037
101864,2025-10,1,0.2,0.04168664063624793,0.07205716276254537,0.04539404787045699
101014,2025-10,0,0.4,0.05095379708577497,0.07446586384732753,0.06510360007964704
101886,2025-12,0,1.0,0.17621306894562982,0.15123534930387794,0.13107462562578093
101056,2025-11,0,0.3,0.013834538256433479,0.015952812919030904,0.020264983224474432
100884,2025-11,0,0.9,0.09391791166900319,0.06722414450098618,0.07924827589691973
101819,2025-10,0,0.6,0.041876131184122,0.05539936475469451,0.04387815808417241
101673,2025-12,0,0.8,0.06317973834789725,0.06635168234454283,0.05902868157939473
100807,2025-10,0,0.7,0.058387623547427936,0.060356718095097454,0.061919312586877384
100319,2025-11,0,0.3,0.020169799474676137,0.024952326197503028,0.031671198708876525
100685,2025-10,0,0.4,0.03213308080063383,0.0344494758131419,0.03535941065174388
100636,2025-10,0,1.0,0.15480407733014093,0.1672036282576569,0.10434461378852093
101807,2025-11,0,0.6,0.0840826939598833,0.07337118218421254,0.09873650281019443
101395,2025-11,1,0.9,0.24364849898390817,0.28179990043088915,0.22721670904114455
101283,2025-12,0,0.4,0.031810874678555374,0.033693456594740656,0.03638548307311069
100488,2025-12,0,0.9,0.10832247195928073,0.14153085216144032,0.12919724406660732
100048,2025-10,0,0.6,0.13469632946352406,0.08836301455310863,0.08471890079560966
100943,2025-12,0,0.7,0.12602706686197218,0.18935745884620914,0.1549382937948167
100986,2025-12,0,0.9,0.12361708143125603,0.10466792108621664,0.08258170801356925
100103,2025-10,0,0.6,0.05825427777431209,0.04702350203954491,0.04406019418506751
100566,2025-11,0,0.2,0.02928499514275313,0.04037080575246764,0.030543899262632533
100990,2025-11,0,1.0,0.20485885709883236,0.21042013061049986,0.15324079715161742
101490,2025-11,0,0.1,0.004005615028891113,0.0031708325409466062,0.008152751239443841
101003,2025-10,0,0.3,0.05658859751097783,0.043500186008629,0.037858722212406354
101766,2025-11,0,0.4,0.032359247800000844,0.03638881222761418,0.03650934901654448
101656,2025-12,1,1.0,0.08851000078537306,0.0669649508603799,0.07543795372688865
100725,2025-11,0,0.1,0.007304812772227602,0.0074775174584796565,0.01181673921701343
100766,2025-12,0,0.5,0.024807580319908287,0.02733718647120936,0.029559947795189223
101251,2025-12,0,0.2,0.017715875046756896,0.019337048942795622,0.020737381626160165
100546,2025-11,0,0.7,0.03619092857814272,0.03182151773295271,0.038709485393085746
100228,2025-11,0,0.5,0.041754080465901254,0.058943069768880654,0.04888322609897317
100611,2025-10,0,0.1,0.012316414533585986,0.01416974107082019,0.018998155439338162
100891,2025-12,0,0.7,0.06710709824432359,0.08438703436135465,0.0950052218149484
100624,2025-10,0,1.0,0.3044747901801539,0.3062412346194255,0.2542082078674795
100172,2025-12,0,0.6,0.09761858267596675,0.13604723747993205,0.13100706950190782
101143,2025-11,0,0.4,0.027936425463690524,0.025931944104664338,0.028430408342413668
100279,2025-12,1,0.4,0.10504427961026526,0.063825690969166,0.04721035825532845
100943,2025-11,0,0.7,0.09317944920426847,0.09716047847411548,0.10339707133043984
101117,2025-12,0,0.9,0.14296599503076177,0.11987380743143931,0.13327103493266837
101394,2025-11,0,0.2,0.04590383484118389,0.046810547955233255,0.03682586596071592
101513,2025-11,0,0.1,0.024377951033538167,0.019769673561233016,0.025823680864824415
101156,2025-12,0,0.7,0.06963336541090114,0.08830833714969495,0.08065697183310067
101170,2025-12,0,0.2,0.008055484736020033,0.009990572969875175,0.014821852856006849
100095,2025-12,0,0.6,0.056792273972902686,0.057737587126140785,0.05381864413483696
101940,2025-11,0,0.7,0.046317886414357815,0.05682523945120934,0.06527985268830756
100730,2025-10,0,0.8,0.07530051769103659,0.0906315891423754,0.10046515231599848
100933,2025-10,0,0.7,0.06388253771442928,0.0785829993333037,0.08037328581682975
100337,2025-12,1,0.9,0.07141855750683437,0.08977289636724192,0.08854055486622515
100266,2025-12,0,0.4,0.020233241254112126,0.021031438499183392,0.02253226591503212
100374,2025-11,0,0.3,0.02505000018329669,0.02453998661121547,0.033150906832133197
100284,2025-11,0,0.2,0.008462236490605348,0.007968333711658789,0.01892264281311548
100660,2025-10,0,0.1,0.01329423083336159,0.008976672355078902,0.013908746955959174
100312,2025-12,0,0.1,0.02076399732666343,0.022623682490493666,0.02608320534598563
101333,2025-12,0,0.5,0.06690326968586192,0.08258266651546778,0.09855102355181083
100139,2025-11,0,0.9,0.2030106173287586,0.14213674443112034,0.15042458532250766
100434,2025-12,0,0.5,0.037267141408283945,0.027671707726889136,0.03252917625720701
100663,2025-12,0,0.3,0.013332406966290178,0.010451258953622177,0.02050043876523122
101353,2025-12,0,0.9,0.04377156562424146,0.04272971619055981,0.055663141552601846
101641,2025-10,0,0.2,0.03551786787627884,0.04030967075550335,0.03150542212448342
100843,2025-11,0,0.6,0.10240435357141209,0.09313746275991841,0.0761802985667165
100373,2025-12,0,0.1,0.010679183877599903,0.01118008140471699,0.017510859741752965
100309,2025-12,0,0.4,0.03113395069310488,0.04733476182400359,0.04563241777777466
101691,2025-12,1,0.8,0.03575003470212249,0.023631569923736793,0.032709377885719725
100753,2025-10,1,0.6,0.10098043571682294,0.1216849146622483,0.12166892000550496
101280,2025-10,1,1.0,0.3531211683204782,0.2957143670097047,0.24610341864908886
100294,2025-10,0,0.7,0.04431533638171202,0.04858624740645236,0.0655120952241702
100089,2025-12,0,0.5,0.042960234461107874,0.04569497634152004,0.04794599324737356
100646,2025-11,0,0.1,0.007479988381292288,0.006781022900061449,0.010480861539147323
101261,2025-12,0,0.2,0.040032583598952426,0.03127978123522108,0.018705907000025085
100518,2025-10,0,0.7,0.14651646682153754,0.2302288574773894,0.25075806798257483
100116,2025-11,0,0.3,0.006719180722078057,0.008472675876085883,0.013881207381849751
101664,2025-11,0,0.3,0.01804176540127367,0.01824030611476676,0.021977084617186372
100696,2025-10,0,0.8,0.14289883253818644,0.1401055955273703,0.14087667795885844
101623,2025-10,1,0.9,0.13766868333091326,0.20135949685248378,0.17866923602234333
100033,2025-11,0,0.8,0.10614785450690362,0.08830267211896052,0.0837596238141464
100249,2025-11,0,0.5,0.04078266409993891,0.02759657774576363,0.0365381662480197
102067,2025-10,1,1.0,0.15794438644584133,0.19019471972155105,0.18592335810836016
101931,2025-10,0,0.3,0.03281352832968666,0.03324943671803051,0.028091899954552465
101187,2025-11,1,0.1,0.033384333374384303,0.037038331994087174,0.035132970489138514
101972,2025-11,0,0.3,0.04201432175349338,0.04644210689231572,0.04596032667752518
100899,2025-11,0,0.9,0.053361690003782845,0.0577715126580327,0.058977251799121035
100290,2025-10,0,0.4,0.02659327006287919,0.017114379468241236,0.02118520472996321
101575,2025-11,0,0.1,0.010434244367136348,0.009133761309264674,0.012359937573962188
101882,2025-12,0,0.9,0.07639743941790916,0.13139211142485066,0.13962225917452936
101170,2025-10,0,0.2,0.024819904001264617,0.03025788174857272,0.027830273767296916
101954,2025-12,0,0.1,0.014939637189015885,0.01884526992994624,0.02203102686603471
101936,2025-12,0,0.9,0.2898276739508215,0.28289088287771613,0.2106787766190075
101655,2025-11,0,0.4,0.019934080470810904,0.02645407142233147,0.032760732727799086
102006,2025-10,0,0.7,0.10053096393212117,0.09079459560233394,0.12348957963808663
101900,2025-11,0,0.1,0.01776267443651179,0.016554990540747078,0.021015295902128774
101294,2025-11,0,0.7,0.06036964766603764,0.052765467028088105,0.0582394368513465
100689,2025-12,0,0.3,0.03612789047545012,0.02688609828189645,0.027563829210103134
100928,2025-10,0,0.7,0.0538717484059427,0.03760516516758792,0.04002342273576746
100334,2025-10,0,1.0,0.058595035017773585,0.05035764054105645,0.04649281804053346
101786,2025-10,0,0.1,0.004919204679054947,0.006053669474036379,0.010102311387519993
100012,2025-11,0,0.3,0.07063997461368458,0.06520229103540179,0.059347782566684125
101390,2025-12,0,0.7,0.102881235390549,0.08734311093839904,0.12477074301399958
100418,2025-10,0,0.4,0.04650002020911075,0.03775575585923912,0.03431690520809582
100667,2025-11,0,0.3,0.03611589602441691,0.03810378365296103,0.03436923699003395
100044,2025-11,0,0.9,0.14924670096549902,0.12999117830349238,0.10140326560364088
100549,2025-10,0,0.4,0.03444060971185254,0.04636048359038869,0.0417422950293575
101832,2025-10,1,0.9,0.2074671410666157,0.17365314073269852,0.17159850416375888
102095,2025-11,0,0.7,0.03167436607468268,0.022962186618568713,0.03325530671804746
101726,2025-11,1,1.0,0.42170248612207295,0.30899212008052007,0.22081182669342383
101604,2025-12,0,0.6,0.04085327807864848,0.03690348484276009,0.032749725287885896
100446,2025-11,0,0.9,0.14747775077987604,0.19649120516679136,0.2070124177665095
101344,2025-12,0,0.1,0.035219134505674966,0.028758114990540352,0.029200392064234578
100682,2025-12,0,0.5,0.0843749019033673,0.07757120573650594,0.08747203100230741
100035,2025-12,0,0.6,0.049597913042680894,0.07051368333943682,0.05914764904978291
100362,2025-11,0,0.5,0.03969591908293099,0.034989948443624415,0.04434615175232299
100387,2025-12,0,0.9,0.09846658441809081,0.09829639234160707,0.09662317983570884
100820,2025-10,0,0.5,0.022341789552990817,0.025307179901967135,0.032248097502492606
101718,2025-11,0,0.3,0.018649204423157425,0.023196178251564368,0.03046354296213822
102044,2025-12,0,1.0,0.10250845045820432,0.09552299713169689,0.08964671056158052
100020,2025-11,0,0.4,0.06976509219459978,0.057234133147996934,0.04289049927061059
100733,2025-10,0,0.6,0.06059825843714056,0.042094881780511566,0.0409611183528546
100778,2025-11,0,0.3,0.04185832287760277,0.038265539878328744,0.034721912184242476
100075,2025-10,0,0.2,0.017193082401340664,0.017497688066471645,0.0201446371122723
100227,2025-11,0,0.4,0.0447290422490069,0.05773480259070919,0.05758486306724716
100662,2025-11,0,0.9,0.19872909921112533,0.1803529087910647,0.1638714199494382
100128,2025-10,0,0.9,0.0877251314488093,0.061603908748458114,0.06871568246980293
101810,2025-10,0,0.1,0.023807341522762787,0.025339890791933974,0.02702494950613657
100478,2025-12,0,0.1,0.030103557377444246,0.024472217806314422,0.01906768287724766
101661,2025-12,0,0.3,0.01736526469555471,0.02104058800808303,0.02688029785974264
100730,2025-12,0,0.8,0.0514537487962208,0.061555946770065935,0.07362208203790231
101407,2025-12,0,0.3,0.02538717682536188,0.016709556405677846,0.018171635827964747
100140,2025-12,0,0.1,0.01937940586597385,0.013960413182290927,0.015767160662762465
101144,2025-10,0,0.7,0.0988725241498953,0.07709794454630638,0.07776072096927583
101186,2025-12,0,0.6,0.04165965861718033,0.04773270630095033,0.05427946153716008
101295,2025-12,0,0.4,0.046473720725620955,0.038086702758049144,0.03891558455215547
101556,2025-12,0,0.9,0.10749830543324185,0.07932972406065565,0.10998092361604249
100952,2025-11,0,0.9,0.13278721286790507,0.13610876717677498,0.11100444828751253
101943,2025-10,0,0.4,0.03632101458223186,0.032001044613028766,0.03314320991627733
102083,2025-10,0,0.1,0.02815802450682364,0.03606453734719571,0.032707346403303986
101419,2025-10,1,0.7,0.17358196144879023,0.13438653003718792,0.16518922264442232
101201,2025-11,0,0.2,0.012482081727465606,0.011952957419810383,0.01633904958540838
100253,2025-11,0,0.9,0.14993339801397823,0.17965939733933162,0.16377830740230798
100257,2025-12,0,0.8,0.09031850998021963,0.054547718958184,0.07400857062132062
101914,2025-10,0,0.7,0.11082294948113752,0.10287521428714912,0.1282822731989552
100504,2025-10,0,0.4,0.03599411016749541,0.043682805463505746,0.04102368194997353
100231,2025-10,0,0.5,0.05192705590778195,0.042699696728320816,0.03929706841975283
101092,2025-11,0,0.8,0.08057595854117695,0.06468336434686642,0.06437022208029836
100895,2025-12,0,0.4,0.028847564678654534,0.030207537625325503,0.03741819599506626
101603,2025-12,0,0.4,0.025144288059509395,0.02154752590737179,0.03151501811116012
100759,2025-10,0,0.2,0.04075980998466538,0.040911663305370743,0.029682831669187594
101701,2025-11,0,0.3,0.04747262030099634,0.039219130882044054,0.04161070362774096
101794,2025-12,1,0.3,0.04820143200335132,0.023665719404641843,0.02294341095752086
101486,2025-12,0,0.5,0.048513351020641714,0.038328253503511454,0.03982644357672661
102082,2025-10,1,0.6,0.17094553522941636,0.17780576742553683,0.15091834267200227
101648,2025-11,0,0.3,0.02140158943691437,0.012409576782376835,0.01821785055863802
102009,2025-10,0,0.6,0.11131967298420521,0.12285489077333746,0.11923888064494832
101706,2025-10,0,0.5,0.022009746061872903,0.014440686225252145,0.026584896549532146
100956,2025-11,0,0.3,0.049512322536824825,0.03363140008501111,0.027906162841911414
100535,2025-12,0,0.4,0.057501076551960024,0.06156067690264655,0.058347550148365325
101960,2025-10,0,0.4,0.017677462945688303,0.01466213374326852,0.02052500626892397
100305,2025-10,0,0.3,0.03199151829424357,0.0222582430897319,0.026437278313977117
100782,2025-11,1,0.5,0.04877150443495509,0.07288849482372543,0.08794833463711718
101080,2025-11,0,0.6,0.07902139269570647,0.10078394629532508,0.07320195341564537
101304,2025-10,0,0.6,0.058816309430999206,0.08008892309813256,0.0883013985381417
100863,2025-10,0,0.6,0.02823173031494232,0.02755806887547068,0.04186658462781823
101997,2025-10,0,0.4,0.017697835624466543,0.021132100560503058,0.027309319009923783
100312,2025-11,0,0.1,0.007863751798265735,0.00980266561140798,0.01751426306160059
100546,2025-10,0,0.7,0.06674536498701596,0.05805378337830676,0.07716779703902481
100032,2025-12,0,0.8,0.24739100781269607,0.16826568029194972,0.16569198091290527
101871,2025-11,1,1.0,0.1621911355125871,0.17541354191717223,0.1875773184831179
101452,2025-10,0,0.1,0.0046471804167169855,0.004575029690346392,0.012983584506643714
100910,2025-12,0,0.9,0.054197016445849705,0.03495509850412417,0.04695984538010757
101804,2025-11,0,0.8,0.13770082025442928,0.1913922569179413,0.18696909539068537
101086,2025-11,0,0.8,0.03506684943240925,0.05977515379513489,0.0630836638939268
101426,2025-11,0,0.1,0.016436977253609996,0.020335763675406467,0.023316921691267343
102084,2025-10,1,0.3,0.05732862140472746,0.03509824794848098,0.02833923261095209
100269,2025-12,0,0.9,0.0469856087730711,0.04665288664419225,0.042726700117770355
100952,2025-12,0,0.9,0.07310719684366111,0.06391975404819752,0.07205054621851772
100891,2025-10,1,0.7,0.04023559379275076,0.053610127623299864,0.06827572384626913
100344,2025-11,0,0.3,0.04242628935045871,0.043585580195919585,0.04866152313926194
102051,2025-10,1,1.0,0.3303638273408627,0.24293489188383,0.1751108514854938
101648,2025-10,0,0.3,0.0284995129805184,0.022494626912438767,0.021685160017322357
101098,2025-12,0,0.3,0.06607166005174134,0.034441092854523986,0.032497913849315746
102076,2025-11,0,0.2,0.02630916170669312,0.0322782269628618,0.03204921736127654
100750,2025-12,0,0.4,0.041944413986956086,0.04460277108312869,0.04199001321647385
100726,2025-12,0,0.7,0.10870947233358431,0.06794239173840293,0.0939999302461069
100825,2025-12,0,0.3,0.02946294167037151,0.030504177833755242,0.03110023871309315
101714,2025-12,0,0.7,0.056500165186933834,0.09640784516352428,0.08755258590503552
101023,2025-12,0,0.6,0.06734905029694772,0.06549960121176614,0.06128201587652101
100059,2025-11,0,0.2,0.007812760551452257,0.006149603336777122,0.009923469928896035
100328,2025-10,0,0.7,0.1934177381263736,0.1688814751877406,0.20104737250067756
100190,2025-11,0,0.5,0.10615384786633339,0.10393518423649324,0.10543390118785323
100191,2025-10,0,0.2,0.020698847748153146,0.023270464695806133,0.02027474983294227
101729,2025-11,0,0.5,0.06526084590651884,0.06241719686698095,0.053341079603109263
100621,2025-10,0,0.1,0.014199085219281243,0.015091541926470874,0.020711072289789037
102097,2025-11,1,0.3,0.08264945850868768,0.07645550362745966,0.042726597811782015
101730,2025-10,1,0.4,0.0783599810673024,0.04358280872299812,0.04238133412734728
101652,2025-11,0,0.3,0.029011884863169392,0.0363084845670192,0.03495536615686314
100802,2025-10,0,0.5,0.04929383946309152,0.05046831916550626,0.04827336350465203
102006,2025-11,0,0.7,0.11734639662541288,0.12551146335648394,0.19020553428279227
101965,2025-10,1,1.0,0.38220985034141824,0.5006752580323672,0.4663000520428371
101793,2025-12,0,0.7,0.05376428531465969,0.0524186630046434,0.04985207329254911
100244,2025-11,0,0.5,0.020297708672606194,0.02115221746229103,0.026429586756280734
101926,2025-12,0,0.2,0.05266517951784401,0.053729903599931794,0.025036398450803923
100552,2025-10,0,0.1,0.016493942866790567,0.0205627874832852,0.023537029562195187
101019,2025-12,0,0.7,0.043677162567689436,0.05290498315214717,0.050436531869642635
100042,2025-10,0,0.2,0.024288013429731206,0.026697659007780213,0.02281478445375532
100573,2025-12,1,0.8,0.19304654954923095,0.2369548275527751,0.22999794514477048
101577,2025-10,0,0.6,0.059639748247953,0.06543521497831298,0.05230773063992452
100116,2025-10,0,0.3,0.03235663127140688,0.03956288193466413,0.04645477902209663
100203,2025-10,0,0.9,0.12715996299335028,0.10992492179678005,0.09732146490284631
101979,2025-10,0,0.6,0.024281807509300608,0.03378016684254575,0.038528456448154266
101923,2025-12,0,0.4,0.011747996266893043,0.013466869773099507,0.021016598158012736
101985,2025-12,0,0.4,0.0590774867060502,0.084637981392368,0.057026549527396504
101332,2025-12,0,0.8,0.23113318870600533,0.2021045458003498,0.21048761430149596
100734,2025-10,0,0.6,0.022540093030010127,0.02757887652306882,0.033172634958847765
101778,2025-11,0,0.2,0.019898872031989395,0.020339972471270437,0.022226329165520503
100517,2025-10,0,0.5,0.03700292348102307,0.048987461398489945,0.08223705402923089
100209,2025-11,0,0.4,0.03667967814360362,0.032095148265249805,0.039147150678141035
101036,2025-10,0,0.7,0.047823468876250864,0.04437124387373773,0.038929582985269405
101038,2025-11,0,0.6,0.04566404633460351,0.04116757249432861,0.03557863926225015
100292,2025-11,0,0.9,0.07508414526196526,0.08118840725576136,0.09391906217949635
100525,2025-10,0,0.3,0.011161062398645767,0.014168598911209382,0.021970047243086023
101235,2025-12,0,0.4,0.04878406347477612,0.05560979312652212,0.05163800979614528
100768,2025-10,1,0.9,0.23196132659016455,0.1905250449681041,0.20299974094194356
101252,2025-11,1,0.6,0.030505497025364686,0.026672071306506992,0.030740785259013803
100815,2025-10,0,0.9,0.1518044201342199,0.12934313322830732,0.13327103493266837
101409,2025-12,0,0.8,0.09143923352482072,0.0972925508207633,0.09307568499306165
101078,2025-10,0,0.9,0.18647008571315896,0.15464929468294417,0.168083033934329
101088,2025-11,0,0.7,0.08843686482617492,0.10464561744029913,0.0784715030262777
100744,2025-10,1,1.0,0.1514954431855348,0.16689489830411505,0.1594766028214979
100871,2025-10,0,0.3,0.01642367678384258,0.016104339573506606,0.026485019888740642
100451,2025-11,0,0.1,0.008137535275328223,0.006682454855289864,0.011639641729906773
100690,2025-11,0,0.1,0.014013654685713148,0.014077208978844152,0.020374843500000482
101539,2025-12,0,0.2,0.02232067319010103,0.018285474934540576,0.019451605677930143
101765,2025-10,0,0.1,0.02949540494834047,0.036763710138313824,0.036492014949698726
100437,2025-12,0,0.5,0.013542290617703926,0.008710432424308358,0.013344089001178248
100148,2025-11,0,1.0,0.256346941237411,0.1668506851061277,0.15732429839663514
100964,2025-10,0,0.1,0.017767822785352817,0.017656158562996044,0.025756865762239758
100953,2025-10,0,0.1,0.030660049192839118,0.03224689451329609,0.038048165714800825
101318,2025-12,0,0.5,0.036765589382115514,0.03735020455273669,0.039370441260255684
101529,2025-12,1,0.9,0.05603238157768295,0.05313091114421817,0.05692606990669385
100923,2025-11,0,0.9,0.0525092552544322,0.056112467927733424,0.043291085888959004
100694,2025-12,0,1.0,0.31652303344405747,0.3423621235901031,0.37264805329450396
100599,2025-10,0,0.4,0.03474483001763503,0.028437116702705722,0.03486115206169567
100061,2025-12,0,0.2,0.01297160868669762,0.012122888053573722,0.015021686694917736
100548,2025-12,0,0.7,0.0634330670685454,0.0814496558560068,0.06595181068081815
101079,2025-11,0,0.2,0.017253810448704637,0.01849403539557049,0.018343608750430875
101275,2025-11,0,0.2,0.025424646398272948,0.02420884707110091,0.023370001373544537
100665,2025-10,0,1.0,0.11804116253509507,0.10704177300239141,0.08791832518527534
100257,2025-10,0,0.8,0.11918182221247858,0.07320642952104883,0.08578075335423947
101492,2025-12,0,0.7,0.15820995644217326,0.16706128625478184,0.1645887944255485
101619,2025-12,0,0.6,0.06251026185066619,0.08161522633088311,0.06786414949344811
101340,2025-11,0,0.1,0.013806649973966243,0.01797230812311574,0.030105876056826648
101632,2025-10,0,0.2,0.022918390085285217,0.02157668921209311,0.024739297218137165
102031,2025-11,0,0.4,0.035097665956842564,0.02951833161552033,0.032628550176858964
100487,2025-11,0,1.0,0.24642912156474941,0.25569487650764533,0.2201706234805428
102053,2025-10,1,1.0,0.16962626416972934,0.15453239601799065,0.14630622262421106
101740,2025-10,0,0.1,0.023779894660008648,0.03605430742270179,0.03449393354640648
100728,2025-10,0,0.7,0.08174938807340515,0.07787297339233111,0.10883096269055607
100652,2025-11,0,0.4,0.02094370334130207,0.012022416674184648,0.015383034414340269
101870,2025-11,0,0.9,0.08232773847741494,0.07314569925611461,0.06811746798490984
100235,2025-11,0,0.1,0.02492063122730395,0.029749076232948823,0.03608039150664465
101109,2025-10,0,0.4,0.038767334701581835,0.041166916540147466,0.04126005385770074
100373,2025-10,0,0.1,0.014277382528033226,0.012868714576183196,0.021509294335805246
100874,2025-10,0,0.5,0.022896157999523773,0.02396767157223824,0.030301635522947724
100790,2025-10,0,0.7,0.07882685481732202,0.050473753337749006,0.08037525409324545
101281,2025-11,0,0.4,0.061367069690335306,0.057736402764683066,0.05895073892837184
100982,2025-11,0,0.1,0.03802034497799096,0.03838325263271216,0.03645808245469565
100644,2025-12,0,1.0,0.10337466930394952,0.14805844349625413,0.09767566260457124
100919,2025-10,0,1.0,0.09916177108705196,0.07697627224260269,0.08721239459392398
100738,2025-12,0,0.5,0.05511567002847831,0.06688132710572262,0.08257348032689549
100686,2025-10,0,1.0,0.1280027584001569,0.14302232355316155,0.12854519429127328
100640,2025-11,0,0.7,0.05804679615835448,0.05100796079111948,0.052077900895437644
101474,2025-12,0,0.9,0.24887177049171907,0.27546549103092827,0.2182150576670054
102099,2025-10,0,0.8,0.08524947807896416,0.06951552401300122,0.08445453050283344
100641,2025-11,0,0.5,0.06596226417212041,0.06188687021986475,0.07628903267759246
101199,2025-11,0,0.1,0.026597305664686568,0.018105856690815617,0.013859376519602291
100056,2025-11,0,1.0,0.07379729173459873,0.0647344528388501,0.07013651219811066
101152,2025-11,1,0.7,0.16666319538952373,0.16516475622135068,0.18203679265876305
100142,2025-11,0,0.3,0.015574731263675971,0.013622574221053056,0.019671381622462958
101024,2025-11,0,0.4,0.05434471425419493,0.05508225145137947,0.05520607840529234
100250,2025-11,0,0.7,0.13151259755451764,0.07804263086380787,0.11768137347276378
101689,2025-11,0,0.4,0.028849527601886832,0.030779403462809888,0.03258601380519023
101450,2025-12,1,0.3,0.05447929864605626,0.05199299099976207,0.048552093536885714
100612,2025-11,0,0.8,0.042170061046985695,0.0266261564245993,0.03882749757177788
101422,2025-10,0,0.2,0.01961189819640197,0.016882497511804418,0.017512305092445602
100032,2025-11,0,0.8,0.13221906411202353,0.13128346694907322,0.13069270885092363
101587,2025-12,0,0.1,0.012496242433277271,0.01574394551896904,0.022422460084718317
100848,2025-12,0,0.7,0.15630613973023727,0.18432378841405167,0.22298699590671453
101770,2025-10,0,0.3,0.030955082679525528,0.03446259810619233,0.046176373327661356
101962,2025-12,0,0.1,0.023135504566476905,0.022177069517948945,0.024104761385849906
100742,2025-11,0,0.1,0.006136055784451808,0.004934387927287853,0.010939232250354635
101958,2025-12,0,0.9,0.04800678654340335,0.03029561384911102,0.04209145962598291
100080,2025-10,0,0.5,0.07292789456571834,0.07551009267262875,0.09075364998299933
100627,2025-11,1,1.0,0.31076812668761816,0.289884678456686,0.271067173604112
101322,2025-10,0,0.9,0.13229562899305108,0.16654949588535237,0.15402219973785217
101670,2025-11,0,0.9,0.16545009757610168,0.15908371609208427,0.16646259064576172
100440,2025-12,0,0.6,0.12257319627985643,0.12039941212480339,0.11145557440440629
100334,2025-12,1,1.0,0.20959812192994745,0.28120573302775803,0.26354196183283835
101970,2025-11,0,0.3,0.009134719799528108,0.012809862657048369,0.019503465167809247
100839,2025-10,0,0.5,0.06581792759179886,0.08562316132690866,0.0978358599829783
100018,2025-12,0,0.5,0.04516443016998137,0.04854022723475666,0.05101002115049718
101860,2025-10,0,0.6,0.08538793686192811,0.09412350596252168,0.07693082419476652
101619,2025-11,0,0.6,0.10822608506351329,0.16218128226418332,0.13471520994729527
102000,2025-10,0,0.3,0.01596568657900987,0.013132478604914713,0.018989779026867465
101756,2025-10,1,0.9,0.08278699396260099,0.06774184113282522,0.08083931350964182
100145,2025-10,0,1.0,0.05185152575691557,0.06419429557851339,0.06618713742749804
100502,2025-10,0,0.5,0.02304227832794239,0.028293732720483748,0.041517602734323145
100985,2025-12,0,0.9,0.18884626551733738,0.20435888237306543,0.19598188033497405
100281,2025-11,0,0.3,0.0682756681800537,0.07230612861429034,0.07120018873090071
100316,2025-10,0,0.4,0.024477142388208348,0.031657361380197355,0.027679569628698223
100648,2025-10,0,0.4,0.047035408620697834,0.05632732987018013,0.04499795267534423
100812,2025-12,0,0.2,0.02805454209335214,0.023790402683887886,0.016869701878853234
100638,2025-10,0,0.3,0.02426893361888729,0.014909883708000005,0.019875349781957593
101814,2025-10,0,0.3,0.006727010835424304,0.0061467365395730155,0.011959545266409828
100356,2025-10,0,0.8,0.10805402957333907,0.10801716605047502,0.10437298334166153
101705,2025-11,0,0.4,0.041779525929606084,0.02334693648212088,0.03022564958878471
101248,2025-11,0,0.5,0.023915861525646547,0.02267739659094917,0.027711875545457603
101776,2025-11,0,1.0,0.33978148386613005,0.33443855782573284,0.2929676651151572
101690,2025-12,0,1.0,0.0651672542968233,0.08302358378787668,0.08007834151308196
100888,2025-12,0,0.5,0.04776438855316915,0.04674761482900274,0.05304859514908867
100270,2025-12,0,0.7,0.14149448541012521,0.15970196172500253,0.19221557001631687
101108,2025-12,0,0.4,0.0322774385695575,0.020873272607041256,0.027133628300153638
100510,2025-11,1,0.9,0.20017976481383828,0.210138873136039,0.20145948879000686
100830,2025-11,0,0.7,0.02887467341117766,0.031004217257058084,0.04039937299659547
101579,2025-10,0,0.7,0.08561592830046699,0.11556630636965673,0.09105456584472435
101860,2025-11,0,0.6,0.05120098590877136,0.05333990814165744,0.052268830649480874
100659,2025-11,0,0.5,0.10435942843346145,0.10711230949271167,0.1098535035381265
101040,2025-10,0,0.1,0.050995998366924034,0.04262156395577357,0.02469560921847768
100979,2025-10,0,0.2,0.007195695507258714,0.005920001687680653,0.012602156578455115
100134,2025-11,0,0.8,0.03704754051445195,0.03532106507221995,0.041725191797306084
101925,2025-12,0,0.4,0.012256155716341073,0.015319375937215477,0.021759417787879952
100681,2025-11,0,0.9,0.08029129904513173,0.07137216923835232,0.09522304431231486
101410,2025-10,0,0.9,0.033391486613407004,0.04575597610318886,0.04298739689923101
100270,2025-10,1,0.7,0.1107713974852245,0.11435261031274044,0.11077526627296949
100358,2025-12,0,0.7,0.05039353359801088,0.04835075570058164,0.0662886745207175
101229,2025-10,0,0.7,0.17817046723516228,0.1313600330877073,0.16357195406549388
100049,2025-10,0,0.3,0.05933798681203635,0.08232322438917777,0.06329221413768335
101793,2025-11,1,0.7,0.11428402942909528,0.12080102375616429,0.11668832770694952
101033,2025-11,0,0.5,0.06909929909325153,0.07582916340869757,0.06337203449511668
101808,2025-11,0,0.7,0.14729552350095917,0.12422666934985234,0.16561861619249846
101438,2025-12,0,0.5,0.03231189719639147,0.025084512066477434,0.03444517031016352
101213,2025-12,0,0.2,0.006260397498040923,0.004357359235131219,0.008081294425214318
101386,2025-10,0,0.6,0.06155514424638836,0.0446898080913362,0.04176357310547633
100230,2025-12,0,0.5,0.09683045823980126,0.10941656833553924,0.1312087795143788
100090,2025-12,0,0.6,0.08188368610152885,0.07411795522555144,0.06611418174343055
100300,2025-12,0,1.0,0.08438432002619962,0.13235910831362332,0.11971979431600828
100637,2025-11,0,0.6,0.024461550842625194,0.027398765692252483,0.03317629677733003
100734,2025-12,0,0.6,0.040041947317847014,0.03933504140211842,0.04772754077490345
101701,2025-10,0,0.3,0.056260846765411904,0.04632885379419876,0.046114907199289054
101095,2025-10,0,0.1,0.024695116447243384,0.02466583676713913,0.02586091291321803
101518,2025-11,0,0.5,0.07912648975501983,0.10568497228647239,0.08311195685428134
101186,2025-10,1,0.6,0.17382279611288237,0.16297345535493216,0.140174546032059
100539,2025-11,0,0.7,0.04263250566426231,0.04672149479331691,0.05223762848348207
100243,2025-12,0,0.8,0.17425905657696636,0.15388529179045765,0.1454246276470946
101001,2025-11,0,0.9,0.26608301568223336,0.1934402910775641,0.20452352136970853
101179,2025-11,0,0.9,0.21606823641288153,0.2265137415318674,0.19423556516856266
100115,2025-10,0,1.0,0.15453462088073217,0.13840714667747278,0.1721982531660118
100901,2025-10,0,1.0,0.2291444775376286,0.2372189152205405,0.16146296589934447
101085,2025-11,0,0.4,0.07653374058190539,0.12297064108754402,0.1001615088956835
100222,2025-12,0,0.8,0.041969167301404965,0.04000332506623652,0.040930264184927
101129,2025-12,0,0.4,0.07231843346925015,0.05816992689084086,0.041905179833450074
101418,2025-10,0,0.6,0.02853888956708123,0.030878059745918937,0.022725690460285677
100810,2025-12,0,0.6,0.12035254646371879,0.11123399283122043,0.10951524176990735
100980,2025-10,0,0.4,0.007933905329417134,0.008197221341107973,0.017243576519549497
101204,2025-10,0,0.6,0.04730455467980369,0.030390470312048615,0.03478107231092479
101448,2025-12,1,1.0,0.3301697321620153,0.4173454912843101,0.32856686547589226
101764,2025-12,0,0.3,0.032690889579095064,0.0494923985136733,0.04592088421473207
101586,2025-10,0,0.3,0.01601418194254936,0.0160647653187775,0.020188815621002238
101402,2025-10,0,0.2,0.02456775941618118,0.01804462782225809,0.01818681490556041
101182,2025-12,0,0.8,0.15771386521690323,0.13922936397110122,0.163773949412922
100343,2025-10,0,0.4,0.03332756211703599,0.03327273899579696,0.0362854487050848
100691,2025-12,0,0.2,0.037560377452818185,0.06503145417063814,0.03598845550690181
101381,2025-10,0,0.3,0.03786996877783125,0.03553597945744376,0.0408070090996416
100216,2025-10,0,1.0,0.1436874998009163,0.13030072423255476,0.13336204640799332
101019,2025-11,0,0.7,0.1181992026630535,0.17064484024274623,0.19628898802601033
101137,2025-10,0,0.9,0.13510921512095192,0.13280964848550822,0.13804828351565623
101781,2025-12,0,0.1,0.010507865176827913,0.009985308716000455,0.013877726659136586
100697,2025-12,0,0.3,0.02731156999801852,0.023585355406825183,0.021703565366808925
101305,2025-11,0,1.0,0.03954826345410481,0.03959833276067051,0.035864280082732534
101158,2025-10,0,0.2,0.010758731420906201,0.010425580971488685,0.015059762786517
100326,2025-10,0,0.4,0.024758688735085334,0.02745767881308546,0.027429203264380954
100002,2025-11,1,0.9,0.2064468838285521,0.20721179685692756,0.20151078978241158
100382,2025-11,0,0.5,0.02104663141272016,0.022398478762784193,0.03538895362560239
101314,2025-11,0,0.7,0.11884770345098743,0.11048602775846669,0.12237733485650895
101820,2025-10,0,0.8,0.17492651607497067,0.1525310423281119,0.15754760001838244
101336,2025-12,0,0.9,0.2130545181837104,0.16662573567412484,0.15677203592601383
100698,2025-10,0,1.0,0.054996870762248365,0.062360604240102716,0.0649574093888855
100019,2025-10,0,0.3,0.03207521693457941,0.031475647663159766,0.034388718662249115
100680,2025-11,1,0.4,0.058461711747924416,0.0733243988670768,0.06504077005624373
101296,2025-12,0,0.8,0.14667239247454258,0.11662103455902056,0.10629510081965883
101817,2025-10,0,0.8,0.08316981029479617,0.05953652149862063,0.07845554078321988
100755,2025-10,0,0.6,0.053509157847245796,0.05613957270411077,0.0422815636377018
101112,2025-10,0,0.6,0.059751533709947555,0.084023085976166,0.06561972872257218
101960,2025-11,0,0.4,0.019970241671623038,0.025097927433457123,0.030285482340829853
100614,2025-10,0,0.2,0.009877656278943252,0.006722753564563058,0.012274780013730361
101325,2025-11,0,0.7,0.08013522856097394,0.07992990384925909,0.06339013554338524
100796,2025-11,0,0.9,0.22740774571205197,0.18856773148302447,0.17176679410056628
101669,2025-12,0,0.2,0.02173214217955565,0.03215657123854944,0.028655498924437396
101896,2025-12,0,0.5,0.050124653442404694,0.04293389853031482,0.04474727991116329
101071,2025-10,0,1.0,0.1519115537070449,0.1391996765661745,0.10381872536011069
100393,2025-12,0,0.9,0.12314811119170488,0.15610871785568206,0.15411968020235423
100433,2025-12,0,0.8,0.05925005289284819,0.0697266877220697,0.056837540856841756
101165,2025-11,0,0.5,0.04367443376442531,0.04205968365758531,0.045575698498793525
100476,2025-11,0,0.7,0.0185241343441117,0.013170081654083525,0.02338231149490329
100065,2025-11,0,0.4,0.06657770476189062,0.055114312701109835,0.047808867708433435
100517,2025-11,0,0.5,0.03517762907415049,0.040827693578612524,0.04559212304331824
100628,2025-11,0,0.7,0.21631888851415104,0.20028496463942358,0.191056685944259
100408,2025-10,0,0.4,0.020340740646216885,0.025757332733820117,0.03113370073848823
100610,2025-10,0,1.0,0.2750541237516967,0.2624292137061875,0.19799076462393891
100610,2025-12,1,1.0,0.325209976935094,0.3242658416871457,0.2709012095921827
102081,2025-11,0,1.0,0.2155756042030478,0.1616195928601736,0.16212948892608744
101835,2025-10,0,0.1,0.010615312264691637,0.009192860354478399,0.012226922400915259
101848,2025-11,0,0.5,0.09610978241242815,0.13759148703016266,0.12206104252566781
