hcp_id,period,responded_loose,selected_score,decile_score
100225,2025-12,0,0.772067803065761,0.9
101744,2025-11,0,0.029932058429463382,0.3
100066,2025-11,1,0.6943648708881085,1.0
100983,2025-10,0,0.0670282483418515,0.2
102015,2025-10,0,0.1051345713121983,0.6
100936,2025-11,0,0.19025186351940115,1.0
101982,2025-11,0,0.5430960429146715,0.9
100868,2025-11,0,0.12999930978680552,0.8
100995,2025-10,0,0.2132199258605681,0.8
100469,2025-11,1,0.22200604977164523,0.6
100052,2025-12,0,0.5652977413436748,0.9
102020,2025-12,1,0.1382694190796143,0.3
101747,2025-12,0,0.15657487744703236,0.3
101070,2025-12,0,0.2644190072928148,0.5
101684,2025-12,1,0.40498619543394837,1.0
101668,2025-10,1,0.31030757803939024,0.6
101477,2025-10,0,0.1982991706064607,0.5
100409,2025-12,0,0.24286103061044628,0.6
101763,2025-12,1,0.5015576619960302,0.9
101706,2025-12,0,0.2080487986445746,0.5
101955,2025-10,0,0.161872612530409,0.3
101431,2025-11,0,0.5541431763138954,0.9
100384,2025-11,1,0.12574291128729498,0.2
100880,2025-12,0,0.26799558765149045,0.9
100869,2025-11,1,0.5593766094580522,0.7
100025,2025-12,0,0.48220503123994946,0.7
100350,2025-12,1,0.3790185929136406,0.5
100647,2025-11,0,0.5554884819181615,0.7
101087,2025-12,1,0.639226322626663,1.0
101845,2025-11,0,0.09119478132381166,0.2
101549,2025-10,0,0.23455676295261482,0.8
100363,2025-10,0,0.40380247603025066,0.8
101975,2025-10,0,0.021138852439173645,0.1
101722,2025-11,1,0.128402223536725,0.4
101946,2025-11,1,0.6518485044501647,0.8
101865,2025-10,0,0.012011327836973368,0.1
101696,2025-12,0,0.42167451855132126,0.8
100524,2025-10,0,0.44272752373435725,0.9
100805,2025-11,0,0.07553898774436987,0.4
101444,2025-11,0,0.09371905028861513,0.1
101866,2025-10,1,0.5988802696187957,0.8
100777,2025-11,1,0.37893674656851006,1.0
101555,2025-10,0,0.2792519297544008,0.2
100850,2025-11,0,0.14254523113674075,0.1
100126,2025-12,0,0.3757947738376251,0.4
100983,2025-11,0,0.21799445895988145,0.2
101628,2025-11,0,0.5001699078260595,0.9
100148,2025-10,0,0.5649175088082524,1.0
101488,2025-12,0,0.31383644710265274,0.7
101624,2025-10,1,0.5841665709271713,0.9
101789,2025-10,0,0.04972956064306026,0.4
101945,2025-11,1,0.5345967636500243,1.0
101649,2025-11,0,0.16540655198139728,0.3
101969,2025-11,0,0.07472008981398062,0.2
100407,2025-10,0,0.423102969468418,0.9
101921,2025-10,0,0.1239401551348426,0.1
100474,2025-12,0,0.2789469387877979,0.6
101523,2025-12,1,0.22328544518894478,0.7
100276,2025-11,1,0.4604109502929471,1.0
100239,2025-11,1,0.43422353473123126,0.9
101367,2025-12,1,0.78315311489593,1.0
101489,2025-10,0,0.7581730309616634,1.0
100260,2025-11,0,0.2173859638181708,0.5
101244,2025-12,0,0.44525591854770286,0.5
101268,2025-12,0,0.1941691788882551,0.5
101725,2025-11,0,0.442933450906748,0.4
100490,2025-11,0,0.22651025833988048,0.3
100642,2025-12,0,0.12769266838867424,0.1
100210,2025-11,0,0.24759270397343003,0.8
100112,2025-11,1,0.5985659441624896,0.7
100786,2025-11,1,0.3552243485855382,0.6
101593,2025-12,0,0.07644467481675231,0.1
100633,2025-12,0,0.4182940951481451,0.6
101507,2025-11,1,0.6200738089184558,0.9
100216,2025-11,1,0.4586198890559214,1.0
100208,2025-12,0,0.041847234849193234,0.2
101160,2025-10,0,0.629055804311053,1.0
101009,2025-11,0,0.3914524579473357,0.9
101688,2025-11,0,0.08920438455402524,0.3
101809,2025-12,1,0.3483826289178405,0.9
100719,2025-10,0,0.18763560602309803,0.5
100010,2025-12,0,0.6314710451180181,0.8
100185,2025-11,0,0.4239147545046231,0.6
101276,2025-12,0,0.34338157570112643,1.0
101495,2025-11,0,0.23366873746606767,0.5
100509,2025-10,1,0.5992083789466088,0.8
101716,2025-11,0,0.34782390377776656,0.3
100960,2025-12,1,0.18327437174179592,0.4
101865,2025-12,0,0.12351546157041234,0.1
101149,2025-10,0,0.05442079443900832,0.1
101965,2025-12,1,0.47789545426652463,1.0
101424,2025-11,0,0.033195018881671645,0.1
100670,2025-11,0,0.8094406566144291,1.0
101081,2025-11,0,0.08399594317719816,0.3
101783,2025-12,0,0.683637655642033,1.0
101427,2025-12,0,0.2230474290948696,0.3
101001,2025-12,1,0.6158268844969289,0.9
102014,2025-10,0,0.13837199867036837,0.4
101929,2025-12,0,0.32740004564212827,0.7
101340,2025-12,0,0.050438447400497695,0.1
101422,2025-12,0,0.12406811118158484,0.2
100529,2025-10,0,0.5617512737141328,0.6
101637,2025-10,0,0.1369964634906843,0.4
101041,2025-11,0,0.10342082671889002,0.4
100578,2025-12,0,0.16958767629693983,0.9
100011,2025-10,1,0.22228748949276236,0.5
101991,2025-11,0,0.47614867076025286,0.5
100042,2025-11,0,0.18175885702509303,0.2
101335,2025-10,0,0.249969843322149,0.6
102009,2025-12,1,0.5299553793669411,0.6
100084,2025-12,1,0.17930687209390933,0.2
101596,2025-12,1,0.23132170930397436,0.7
102074,2025-10,0,0.27220151758469735,0.5
101438,2025-10,0,0.21990755378599885,0.5
101678,2025-10,0,0.12069532382053925,0.3
101914,2025-12,0,0.29429649603005165,0.7
100070,2025-11,0,0.19745517817835603,0.3
101091,2025-12,0,0.07020015285091058,0.2
102075,2025-12,1,0.617451866370631,0.9
101449,2025-12,1,0.5601196314273249,1.0
101294,2025-10,1,0.5705893734550282,0.7
100058,2025-12,1,0.3575942082556932,0.6
101510,2025-10,0,0.4580911599868547,0.6
100596,2025-11,0,0.09091872283485321,0.3
101321,2025-10,1,0.475209293891708,0.5
100975,2025-10,0,0.20997819407314006,0.9
102026,2025-12,1,0.24291934547994384,0.6
100056,2025-12,0,0.5883727627875498,1.0
100228,2025-10,1,0.36286525439741435,0.5
101640,2025-12,0,0.11782233908632289,0.4
100638,2025-11,0,0.10926552551055728,0.3
101790,2025-12,1,0.6701266618029201,0.9
100594,2025-12,0,0.13320766647575308,0.4
101409,2025-11,0,0.4440169635859599,0.8
100633,2025-10,0,0.6017000519800899,0.6
101659,2025-10,0,0.09485962700549465,0.2
101293,2025-11,1,0.20875994928614375,0.1
101643,2025-10,0,0.1922111247768443,0.4
100890,2025-10,0,0.2607442499100417,0.3
102010,2025-10,0,0.35837471755578915,0.6
100447,2025-10,0,0.25513852506470225,0.5
101046,2025-12,1,0.4895692263854774,0.7
100348,2025-11,0,0.14637383147865693,0.2
100262,2025-12,0,0.2006104801367013,0.6
101937,2025-12,0,0.18887186668406933,0.5
101191,2025-10,0,0.26692518902679346,0.7
100837,2025-11,0,0.09424961616202658,0.1
100494,2025-10,0,0.641349515940537,0.7
101068,2025-12,1,0.49977629316644245,0.6
100594,2025-11,0,0.12687103044603595,0.4
101634,2025-12,0,0.17970618772409627,0.8
100277,2025-12,0,0.17310242958258248,0.2
100069,2025-11,0,0.03732497713987717,0.1
101912,2025-11,0,0.34663088961901384,0.1
100801,2025-12,0,0.23179646881328048,0.4
101498,2025-11,0,0.18036228134769972,0.2
100834,2025-10,0,0.12078979503222743,0.1
101881,2025-12,0,0.5644113449118797,0.9
100484,2025-11,0,0.6919966886267898,0.9
100737,2025-12,0,0.09156103724576847,0.3
101650,2025-12,0,0.3599242895597925,0.6
101408,2025-12,1,0.3250902127409223,0.6
101802,2025-12,0,0.12591404360182518,0.4
100935,2025-10,0,0.4365062529491577,0.9
100344,2025-10,0,0.23362085431729707,0.3
100484,2025-10,0,0.41770439776879403,0.9
100892,2025-10,1,0.678999693790849,1.0
100540,2025-11,0,0.3241428873427703,0.7
101445,2025-12,0,0.029502536577349067,0.1
100780,2025-12,0,0.2514430603965837,0.6
100712,2025-12,0,0.046372670965490234,0.1
100415,2025-10,1,0.387763436508981,0.7
101750,2025-10,0,0.13231246537206087,0.3
101435,2025-10,0,0.33006893542131344,0.6
100345,2025-10,1,0.4699066393575107,0.9
100065,2025-10,0,0.1431992696051246,0.4
101054,2025-10,0,0.32758377224959573,0.6
101090,2025-12,0,0.024054527953712507,0.1
100875,2025-12,1,0.7773925814436795,0.9
100273,2025-11,0,0.3107799629600323,0.4
100512,2025-11,0,0.27302018288003443,0.7
101393,2025-10,0,0.38818484855479407,0.9
101900,2025-10,0,0.06012954295629581,0.1
101181,2025-11,0,0.44120793687804416,0.9
100884,2025-10,1,0.35104207433253226,0.9
100065,2025-12,0,0.11627381194992649,0.4
100662,2025-12,1,0.6415312620551279,0.9
100174,2025-12,0,0.18949214664946962,0.5
101595,2025-10,0,0.235120370478782,0.6
100516,2025-10,0,0.20895906573351083,0.2
101230,2025-11,0,0.1152455941409886,0.4
101845,2025-12,0,0.10916741161904661,0.2
100327,2025-12,0,0.15040853771299456,0.6
102079,2025-12,1,0.6647755446361581,1.0
101932,2025-12,0,0.2177977951498919,0.7
100614,2025-12,0,0.10475829097745605,0.2
101140,2025-10,0,0.4277727089923561,1.0
100164,2025-12,0,0.037480002941040744,0.1
102096,2025-11,0,0.7490780645871732,1.0
101480,2025-10,1,0.5930852450645795,0.6
102073,2025-12,0,0.28393825044454607,0.5
101593,2025-11,0,0.05703286809230825,0.1
101512,2025-11,1,0.7342832520639757,0.9
102029,2025-11,0,0.5316195420831237,1.0
101280,2025-12,1,0.7800958592986961,1.0
102061,2025-11,0,0.051265019160812365,0.3
100086,2025-12,1,0.30358849723083103,0.4
100108,2025-12,0,0.26516151393503484,0.9
101815,2025-12,0,0.150515653295109,0.3
100770,2025-12,0,0.22517748980713595,0.5
101654,2025-10,1,0.11696692516825957,0.1
100373,2025-11,0,0.014510535057716717,0.1
100742,2025-12,0,0.06358338609792537,0.1
102042,2025-10,1,0.23728798427002118,0.3
101212,2025-10,0,0.215251472773413,0.2
101901,2025-12,1,0.5556878417037089,0.8
101164,2025-11,1,0.4425192920102283,0.9
101150,2025-11,1,0.6928039495956316,0.8
102064,2025-12,0,0.09768640546991038,0.2
100755,2025-11,0,0.12207614507945798,0.6
101176,2025-11,0,0.21521098573471797,0.5
100499,2025-12,0,0.2531083328927993,0.6
100984,2025-10,1,0.24924960959236092,0.7
101017,2025-11,0,0.06458168521903491,0.1
100621,2025-12,0,0.0694381437307752,0.1
100121,2025-10,0,0.055434540489410336,0.1
101899,2025-12,0,0.3731006697001616,0.4
100849,2025-12,1,0.7814577795005556,0.9
101099,2025-12,1,0.22927558379434984,0.5
101622,2025-12,0,0.31666346863162614,0.4
101972,2025-10,0,0.23263009759546577,0.3
100955,2025-10,1,0.38432257977588036,0.4
100334,2025-11,1,0.7019593073343007,1.0
101821,2025-10,0,0.1442284298753687,0.7
100978,2025-12,1,0.18844770162623378,0.7
100336,2025-10,0,0.03151011116228593,0.1
100077,2025-11,0,0.09063521780015592,0.3
101569,2025-12,1,0.7410395688535866,1.0
100709,2025-12,0,0.2813858448633305,0.3
101904,2025-10,0,0.11660009236400418,0.3
100199,2025-12,1,0.2931077882647226,0.3
101623,2025-11,1,0.5874243666946196,0.9
100882,2025-10,1,0.6321480178005846,1.0
101385,2025-12,0,0.052531826075532896,0.2
101909,2025-11,1,0.5190876720034089,1.0
101700,2025-10,1,0.17857442178741603,0.3
102091,2025-12,0,0.26161854832410203,0.5
101644,2025-10,0,0.32521049939367036,0.3
100079,2025-10,0,0.4508663954386781,0.8
100552,2025-12,0,0.06920219115064367,0.1
100800,2025-10,0,0.023000641191234603,0.2
101190,2025-12,0,0.10235164069566563,0.1
100289,2025-12,1,0.32677817658792696,0.8
100554,2025-12,0,0.16097560814198017,0.5
100788,2025-12,0,0.3517910494120988,0.8
101548,2025-11,1,0.1679299007261255,0.2
101249,2025-10,0,0.18759004055449688,0.6
101892,2025-12,1,0.37944226227302497,0.8
101408,2025-10,0,0.20818071084133238,0.6
101223,2025-11,0,0.46264310993300384,0.8
100532,2025-12,0,0.3581329041170268,0.4
100300,2025-11,1,0.47386842285780023,1.0
101826,2025-12,0,0.5657847273053086,0.8
100683,2025-11,0,0.07611991414984196,0.1
101386,2025-11,0,0.19804129627448996,0.6
102048,2025-10,1,0.4482174676610158,0.8
101211,2025-10,0,0.1679864320026823,0.2
100105,2025-11,1,0.4499724781955046,0.5
100151,2025-12,0,0.49620663625384553,0.7
100954,2025-10,1,0.26660013137178296,0.7
101686,2025-11,0,0.16705723237171255,0.2
101449,2025-10,1,0.7670368540903898,1.0
101917,2025-10,1,0.5978150293633431,0.8
100691,2025-10,1,0.3063280498109932,0.2
101253,2025-11,0,0.32584607274148125,0.6
101437,2025-11,0,0.750872259134652,1.0
100236,2025-12,0,0.05670776442205773,0.2
102035,2025-10,0,0.20187005032777267,0.5
101806,2025-10,1,0.703927648492602,0.9
100414,2025-12,0,0.1582681179939714,0.8
100722,2025-11,0,0.20777049052796118,0.5
100269,2025-10,0,0.634378713816207,0.9
101693,2025-10,0,0.03005846781940492,0.1
100405,2025-11,0,0.08824357988487146,0.1
100182,2025-12,0,0.12070880070216367,0.3
100186,2025-11,0,0.36628243705238905,0.5
100025,2025-10,1,0.47128616327242445,0.7
100396,2025-10,0,0.42740551068147475,0.5
101648,2025-12,0,0.16088954138161696,0.3
101256,2025-12,1,0.6050915026856603,0.7
101317,2025-11,0,0.42291589538983193,0.9
100772,2025-10,0,0.1809031962947162,0.8
101330,2025-11,0,0.24758606408231357,0.6
100839,2025-12,0,0.12938692651722042,0.5
100681,2025-10,0,0.49474863543650055,0.9
102071,2025-11,0,0.0837515424343663,0.5
101817,2025-11,1,0.41485979492537656,0.8
101060,2025-11,0,0.21316046810346737,0.2
101357,2025-10,0,0.32236418767613123,0.9
101611,2025-10,0,0.4939719370941502,0.5
102056,2025-11,1,0.07349554499423192,0.3
100310,2025-10,0,0.25662148312017896,0.5
100976,2025-10,0,0.13413386924289014,0.3
100353,2025-12,0,0.26170159076065364,0.4
100389,2025-12,0,0.1807532898106127,0.6
100175,2025-10,1,0.48474706009635354,1.0
100893,2025-10,0,0.19767348472639198,0.1
100190,2025-12,0,0.373706188782395,0.5
101966,2025-12,0,0.13862298341738125,0.3
100600,2025-12,0,0.04409371893143522,0.2
100777,2025-10,0,0.21466333177634916,1.0
101302,2025-12,0,0.5247361346524821,0.9
100358,2025-10,0,0.38335587224388773,0.7
100977,2025-12,0,0.5041356687782336,1.0
101897,2025-12,0,0.2514753386519594,0.6
101994,2025-10,0,0.1184012557442482,0.3
101334,2025-10,1,0.5404855653842321,0.8
100919,2025-11,1,0.5140133699827021,1.0
101970,2025-10,0,0.2914013428180781,0.3
101901,2025-10,0,0.11969250597981898,0.8
101062,2025-10,0,0.35244461236634844,0.4
100455,2025-12,0,0.062442948974702275,0.2
100974,2025-10,0,0.05291825860106192,0.2
100900,2025-10,0,0.3257533960765904,0.6
100781,2025-10,0,0.11770735022318606,0.3
100588,2025-10,0,0.1986559332439055,0.5
100985,2025-10,0,0.35307525508906606,0.9
100519,2025-12,0,0.4749927258193185,1.0
100911,2025-10,0,0.45772262166053274,0.5
102092,2025-11,1,0.09723181247637003,0.3
100731,2025-11,0,0.5139245273062826,0.5
100154,2025-11,0,0.06544423392709434,0.6
102068,2025-12,1,0.3234028375801193,0.5
100575,2025-11,0,0.07159168925803715,0.2
100623,2025-11,0,0.390283023073343,0.8
101738,2025-12,1,0.7210646688762903,1.0
101718,2025-10,0,0.45165845982140224,0.3
101156,2025-11,0,0.4090821498749882,0.7
100466,2025-12,1,0.5801991925025028,0.6
100195,2025-10,0,0.18777303786269098,0.5
101765,2025-12,0,0.12252454170546136,0.1
100187,2025-10,1,0.7883441783361342,0.9
101973,2025-10,0,0.16661742857490108,0.1
101105,2025-12,0,0.3844410275726618,0.5
101546,2025-11,0,0.18004191393964802,0.2
101548,2025-10,0,0.07067721189490138,0.2
100046,2025-10,0,0.05361592910997421,0.2
101283,2025-11,0,0.15060094737254007,0.4
101843,2025-12,0,0.16617324151861643,0.7
100249,2025-12,0,0.14135521836284626,0.5
100855,2025-11,0,0.1493249443240845,0.7
101660,2025-11,1,0.6027367523193626,1.0
101323,2025-11,1,0.22493783828742914,0.7
100184,2025-11,0,0.1099213215824005,0.1
100005,2025-10,0,0.21868289621555217,0.8
101132,2025-10,0,0.23048351117335183,0.6
101844,2025-11,0,0.16409568431157226,0.1
101545,2025-10,0,0.24568554466864706,0.5
101737,2025-10,1,0.40653045567675283,0.8
100536,2025-11,1,0.627635624382482,0.8
101124,2025-11,1,0.6181268797072137,1.0
101611,2025-12,1,0.4066800398964338,0.5
100024,2025-11,0,0.4200192944585791,0.8
101592,2025-12,0,0.4185534968924538,0.8
100595,2025-10,0,0.26732312910371936,0.6
100879,2025-12,0,0.08523213129268355,0.4
100391,2025-11,0,0.15470753320674754,0.7
100099,2025-10,1,0.22195683825311038,0.5
100626,2025-12,0,0.6187974850944603,0.7
100141,2025-10,0,0.16940940239289448,0.3
101149,2025-11,0,0.16404549665870624,0.1
100269,2025-11,0,0.42813159046439675,0.9
101769,2025-10,1,0.4919012379971184,0.9
101215,2025-10,0,0.5290369185383567,0.9
101746,2025-12,0,0.44873200391211576,1.0
100764,2025-11,0,0.3364494651059337,0.6
101759,2025-12,0,0.3485428228064393,0.5
101256,2025-10,1,0.673675068018893,0.7
101955,2025-11,0,0.08238929498163862,0.3
101100,2025-10,0,0.39416613740792417,0.7
100613,2025-12,1,0.4303685599296519,0.6
100861,2025-11,0,0.22960477927407033,0.2
101907,2025-10,0,0.3547499081751632,0.9
100639,2025-10,0,0.2190035719342468,0.2
101061,2025-12,0,0.0664602523757923,0.2
100786,2025-12,0,0.16553209764949284,0.6
100252,2025-10,1,0.43818627091042733,0.7
101201,2025-12,0,0.1964071783480779,0.2
100267,2025-10,0,0.4186852730069289,1.0
101602,2025-11,0,0.0953834994712662,0.5
101730,2025-11,0,0.09982333885602988,0.4
101069,2025-10,0,0.2960060520504609,0.7
100603,2025-11,0,0.38651754593901955,0.8
101332,2025-11,1,0.5602030821702404,0.8
101956,2025-10,0,0.23931857700437506,0.9
101315,2025-12,0,0.024122655602493222,0.1
100172,2025-10,0,0.33301757408791083,0.6
101816,2025-10,0,0.36817602451920894,0.3
101005,2025-10,0,0.5156917085082069,1.0
100461,2025-11,1,0.4060830811380112,0.9
100136,2025-12,0,0.3996599403476004,0.5
101732,2025-12,0,0.06267582558759466,0.1
100907,2025-11,0,0.571999220784045,0.9
101427,2025-11,0,0.13994558154370124,0.3
100969,2025-10,1,0.20083191116582702,0.1
101187,2025-10,0,0.23831805133773212,0.1
101068,2025-11,1,0.2566453345886332,0.6
100470,2025-12,0,0.1373185702101269,0.7
101060,2025-12,0,0.16599264199265226,0.2
100407,2025-11,0,0.4999089998868698,0.9
101135,2025-12,0,0.43806009939338414,0.8
100703,2025-12,0,0.2560490121495331,0.5
101460,2025-10,0,0.5109133420328666,0.5
100937,2025-10,0,0.3917540774200169,0.7
100064,2025-12,0,0.4189257266348657,0.6
101111,2025-12,0,0.10344014125522596,0.3
101440,2025-10,0,0.13660058412910855,0.2
101089,2025-11,0,0.3073520488084428,0.6
102039,2025-10,1,0.12860757867148462,0.3
101545,2025-11,0,0.3944162483081744,0.5
101777,2025-10,0,0.4011024725336135,0.8
102087,2025-12,0,0.08773791992176784,0.1
101129,2025-10,0,0.3202337519729998,0.4
100252,2025-11,0,0.4849985725690439,0.7
100410,2025-12,0,0.07988315367937693,0.1
101995,2025-12,0,0.19193140643278173,0.3
101287,2025-11,0,0.5491825393089704,0.8
101270,2025-10,1,0.5701157202505605,0.7
101828,2025-12,0,0.30231173472604256,0.8
100161,2025-10,0,0.37923052933725704,1.0
100025,2025-11,1,0.45476055634454865,0.7
100107,2025-12,0,0.09741882580599617,0.4
100671,2025-12,0,0.18514918903982872,0.2
101868,2025-10,0,0.08207574727120369,0.3
101161,2025-10,0,0.22216579998282418,0.5
101681,2025-12,0,0.45560021633287234,0.8
101034,2025-12,0,0.07678134312083858,0.1
101108,2025-11,0,0.33770203735600224,0.4
101008,2025-12,0,0.23298744935499893,0.3
101112,2025-12,1,0.5258083050998054,0.6
101535,2025-11,1,0.4126988449980692,0.6
100496,2025-12,1,0.7145229362766553,1.0
101755,2025-11,0,0.10962703013273056,0.4
101362,2025-12,0,0.27068362163106613,0.6
100098,2025-12,0,0.18310717164561385,0.2
101898,2025-12,0,0.359395250243547,0.6
101018,2025-10,0,0.5423276121721087,0.8
100847,2025-12,0,0.15890451656818097,0.5
100037,2025-12,1,0.09965994872887461,0.2
100945,2025-12,1,0.5171420150341078,0.8
100572,2025-12,1,0.42666838982532695,0.8
101306,2025-12,0,0.04885163766311201,0.3
100335,2025-12,1,0.23485268114618152,0.8
101164,2025-10,0,0.46512224949462366,0.9
100282,2025-12,0,0.07806852038617253,0.2
101896,2025-10,1,0.4001837743466295,0.5
101682,2025-11,0,0.04989855918183209,0.1
100806,2025-11,1,0.37645311189205144,0.7
100668,2025-11,0,0.21354492650089676,0.7
101090,2025-11,0,0.035377849097909676,0.1
100206,2025-11,1,0.5655817021454076,0.8
100291,2025-10,0,0.2822395807949138,0.7
102042,2025-11,0,0.14514894038092355,0.3
100388,2025-11,0,0.22869982616120824,0.6
100688,2025-11,1,0.2604964297117047,0.3
102064,2025-10,0,0.14288003278772465,0.2
101589,2025-10,1,0.5387923858356247,0.7
100675,2025-11,0,0.021663106611833943,0.1
100564,2025-10,0,0.5312813446433243,1.0
101389,2025-10,0,0.23726893302274835,0.3
100941,2025-12,0,0.18446859272459526,0.6
101225,2025-11,1,0.159449658344219,0.3
100335,2025-10,0,0.33494117227469544,0.8
101900,2025-12,0,0.16415396282184075,0.1
101270,2025-11,0,0.5120092491558751,0.7
100702,2025-11,1,0.2926118377442109,1.0
101723,2025-11,0,0.1734005671625975,0.8
100146,2025-10,0,0.21706623961792093,0.6
100643,2025-10,0,0.1251306808667233,0.7
100110,2025-10,0,0.0933372467717748,0.4
100971,2025-12,0,0.37447162733886585,0.9
100251,2025-12,0,0.04340508863951009,0.2
100807,2025-12,1,0.5408491281658943,0.7
100087,2025-10,1,0.17705452462039784,0.4
100605,2025-12,1,0.5920369987013342,0.9
100837,2025-10,0,0.08321672385551111,0.1
100486,2025-11,1,0.3232511728704131,0.8
100367,2025-12,0,0.33754959689155745,0.3
101690,2025-10,1,0.7714425733504944,1.0
102019,2025-10,0,0.5888915928681712,1.0
101196,2025-12,0,0.3740600257586845,0.7
101323,2025-12,1,0.4864219075942143,0.7
101404,2025-12,0,0.19648022970603024,0.2
101025,2025-11,0,0.28737702221015976,0.3
100512,2025-10,0,0.21512066117292072,0.7
101698,2025-12,0,0.3699121171879804,0.6
100537,2025-10,0,0.2345176112004455,0.4
101529,2025-10,1,0.39981454224283347,0.9
101494,2025-12,0,0.23149093403744425,0.6
101181,2025-12,0,0.6177801501084966,0.9
100852,2025-12,0,0.402645934160197,0.8
100026,2025-12,1,0.23197285613731314,0.6
100068,2025-10,0,0.3368697420352386,0.5
100877,2025-10,1,0.49400615451695284,1.0
101426,2025-12,0,0.028608420877821093,0.1
101431,2025-12,1,0.7111062972225153,0.9
100258,2025-12,1,0.3327824656255767,0.6
100043,2025-12,0,0.17978144990169,0.3
100745,2025-12,0,0.6175470981769968,1.0
100219,2025-11,1,0.5603181244860991,0.7
101919,2025-10,1,0.6778061581853475,0.9
100507,2025-12,0,0.09558672934045047,0.2
100101,2025-10,0,0.023119914900479273,0.2
100558,2025-10,0,0.43461881506623384,0.5
101745,2025-12,0,0.21890633399833495,0.1
102036,2025-11,0,0.14614936779843704,0.4
101998,2025-11,0,0.08489337579034474,0.2
100739,2025-11,0,0.22770016748026986,0.4
100267,2025-11,0,0.7551204782309874,1.0
101482,2025-12,1,0.30676912398292605,0.9
100266,2025-10,0,0.16644082565465576,0.4
100753,2025-12,0,0.13826599864849548,0.6
101673,2025-10,0,0.487619720794064,0.8
100632,2025-11,0,0.38938717430377245,0.6
101616,2025-10,0,0.1354284738642717,0.4
100677,2025-12,1,0.17734535624919182,0.3
101497,2025-11,0,0.059896927088343675,0.5
100992,2025-10,0,0.7548939966620855,1.0
101637,2025-12,0,0.2283774784231653,0.4
100880,2025-11,1,0.6029688490781304,0.9
100858,2025-12,0,0.25476082749503415,0.8
100642,2025-10,0,0.1179757727997377,0.1
101268,2025-11,0,0.3589991321832086,0.5
100922,2025-12,0,0.15467640643158154,0.3
100915,2025-10,1,0.5955009465515049,0.8
101161,2025-12,0,0.04574200369197896,0.5
101429,2025-11,0,0.1914894689648027,0.4
101527,2025-12,1,0.7116947782246766,1.0
101038,2025-10,0,0.14195132942300373,0.6
101667,2025-11,0,0.2528977005974156,0.3
101499,2025-11,0,0.5403628882205769,0.9
100787,2025-11,1,0.6437365340725901,0.8
101119,2025-12,0,0.6580673176140767,0.9
101984,2025-10,0,0.22598933222523845,0.1
100379,2025-11,0,0.3280315374306456,0.8
100308,2025-11,1,0.633113991658292,0.8
101396,2025-12,0,0.10413279304050749,0.1
101166,2025-11,0,0.0458113482836141,0.2
101322,2025-11,0,0.48064489299484714,0.9
100629,2025-11,1,0.515999428988664,0.7
100221,2025-10,0,0.25569452414892957,0.3
100502,2025-11,1,0.3353161495359193,0.5
101269,2025-10,0,0.036676628574888744,0.2
100594,2025-10,0,0.2936580990905967,0.4
100343,2025-11,0,0.2576119952739499,0.4
100782,2025-10,0,0.3232217247156478,0.5
100576,2025-11,0,0.11272419604721763,0.2
100162,2025-10,0,0.30680062480703285,0.8
100071,2025-10,0,0.1328075317001237,0.5
100718,2025-10,0,0.2978543605084975,0.1
100105,2025-10,0,0.3587224874437164,0.5
100398,2025-12,0,0.14827442113718434,0.3
100219,2025-12,0,0.45002057446566585,0.7
100568,2025-10,0,0.24027911032177546,0.4
100767,2025-12,0,0.16241950473092398,0.5
100807,2025-11,0,0.3839759201312092,0.7
101644,2025-12,1,0.25462933594598297,0.3
101626,2025-10,1,0.6501202859668833,0.9
100593,2025-10,1,0.3003217956128002,0.8
101647,2025-11,0,0.46506999206892247,0.9
100306,2025-12,0,0.06457431213039033,0.4
101631,2025-10,0,0.3807429310930046,0.5
101161,2025-11,0,0.06193775436903649,0.5
101636,2025-11,0,0.7505290255642844,0.9
100133,2025-11,0,0.11167258052130777,0.1
101426,2025-10,0,0.15575276320479178,0.1
100687,2025-11,1,0.21210926162535151,0.3
101825,2025-11,1,0.6946031550796498,0.9
100903,2025-11,0,0.2574358589764927,0.7
100222,2025-10,1,0.53637186701352,0.8
100848,2025-10,1,0.47771752070809786,0.7
100712,2025-11,0,0.15160611977190985,0.1
101278,2025-12,0,0.12714720243264957,0.3
101446,2025-12,1,0.5267808672400393,0.8
100936,2025-12,0,0.69921840503809,1.0
101641,2025-12,0,0.12502217935863968,0.2
101247,2025-11,0,0.4955063538452927,0.6
101300,2025-12,0,0.0694820368213364,0.2
100598,2025-12,0,0.10908424421889795,0.3
101378,2025-10,1,0.5557616793682184,1.0
100652,2025-12,0,0.15992247009238225,0.4
101658,2025-12,0,0.15338628387373132,0.2
100441,2025-11,0,0.6044190348186099,0.7
100028,2025-12,0,0.1202095059584689,0.2
100198,2025-12,0,0.30997524708468965,0.5
100124,2025-10,0,0.4849956044113206,0.6
101448,2025-10,1,0.8142148122695745,1.0
101553,2025-10,0,0.17128463632814792,0.5
100492,2025-10,0,0.47736201299984726,0.7
100046,2025-11,0,0.18591056855202495,0.2
100364,2025-12,0,0.2873042293427928,0.7
100537,2025-11,0,0.11095163095740607,0.4
100719,2025-12,0,0.45907071455017234,0.5
101503,2025-10,0,0.14454658300337644,0.1
100829,2025-12,0,0.4132403365219957,1.0
100605,2025-10,0,0.5563991775119657,0.9
101894,2025-10,0,0.07921193443795384,0.4
101136,2025-12,0,0.20581513601564153,0.4
101655,2025-10,0,0.17495722104980466,0.4
101252,2025-10,0,0.3767792628406841,0.6
100215,2025-12,0,0.485296814129278,1.0
100043,2025-11,0,0.3679462942403119,0.3
100226,2025-10,0,0.2240637316756281,0.5
100904,2025-10,0,0.290053307302591,0.3
100520,2025-11,0,0.22555886427602248,0.8
100967,2025-10,0,0.6090165298109973,0.9
100150,2025-11,0,0.3504025618983268,0.8
100416,2025-10,0,0.17305933774505253,0.1
101605,2025-12,0,0.40631993058445864,0.8
100031,2025-10,0,0.3731713122289978,0.6
101214,2025-12,0,0.3518411483018919,0.3
101262,2025-11,0,0.10226315525703279,0.4
102023,2025-10,0,0.06824637649888912,0.4
101102,2025-11,0,0.3203992197834938,0.9
101358,2025-11,0,0.24398334104565708,0.5
101370,2025-12,0,0.02874058639476754,0.1
101219,2025-11,0,0.49741906213297804,0.8
100630,2025-11,0,0.1567051743281365,0.5
100371,2025-10,0,0.30292701415749695,0.3
101843,2025-10,0,0.2772618269720459,0.7
100456,2025-10,0,0.28021701452836184,0.6
100100,2025-11,0,0.21499370642052426,0.3
101055,2025-12,0,0.48756396382322653,0.6
100432,2025-10,0,0.09977147948247896,0.5
101528,2025-11,0,0.06896210123964709,0.2
100485,2025-10,0,0.514692441988345,1.0
101117,2025-10,0,0.30548773442580174,0.9
102000,2025-12,0,0.026178859330237118,0.3
100427,2025-10,1,0.7706473009238923,0.9
100872,2025-10,0,0.2008357187250953,0.4
100579,2025-10,1,0.6306155205130394,1.0
100017,2025-11,0,0.6050731321213799,1.0
101704,2025-11,1,0.7921155662343565,1.0
100221,2025-11,0,0.2582067996874031,0.3
101401,2025-11,0,0.07885179478687283,0.4
100383,2025-11,0,0.4167297943355913,1.0
100983,2025-12,0,0.1919725787382136,0.2
101145,2025-11,1,0.642427560321019,0.9
101115,2025-11,0,0.051879343826192935,0.3
100178,2025-10,0,0.3282302552153837,0.8
101496,2025-11,0,0.25252757046990754,0.3
100914,2025-10,0,0.04381250058202481,0.2
102067,2025-11,1,0.4891136391375059,1.0
101934,2025-10,0,0.051358117018664336,0.1
101412,2025-10,1,0.20034553725594176,1.0
100450,2025-12,1,0.10220325770780354,0.1
100213,2025-11,0,0.1429288409818189,0.6
101664,2025-12,0,0.31776634112450514,0.3
101123,2025-12,0,0.37024532086084394,0.8
100483,2025-10,1,0.1696622724455962,0.4
101713,2025-10,0,0.13047549450412044,0.7
101363,2025-11,0,0.28052158711945974,0.4
100353,2025-11,0,0.15332825778569378,0.4
100127,2025-12,0,0.19434163218206552,0.4
101954,2025-10,0,0.22080102111464645,0.1
101134,2025-10,1,0.06172754542308028,0.1
100512,2025-12,0,0.15254896765899265,0.7
100529,2025-11,0,0.21642403146470832,0.6
101757,2025-11,0,0.12751438489846662,0.5
101665,2025-10,0,0.3896154237293832,0.7
102059,2025-10,0,0.31017987123617113,0.9
100823,2025-10,1,0.6660618695816951,1.0
101020,2025-11,1,0.2603909489919451,0.3
101908,2025-12,0,0.22147373570019088,0.3
101936,2025-11,0,0.571840106755632,0.9
100698,2025-11,1,0.670583092305755,1.0
101005,2025-12,0,0.40942813372757053,1.0
101528,2025-10,1,0.0834794716770968,0.2
101992,2025-10,0,0.2860077473789628,0.5
101130,2025-12,1,0.08131453926145321,0.1
100514,2025-12,1,0.29271423810749747,0.7
100133,2025-10,0,0.09836777486531383,0.1
100991,2025-10,0,0.15697242063827918,0.9
100706,2025-10,1,0.1563929488458124,0.5
101794,2025-10,0,0.05647236839976456,0.3
101627,2025-10,0,0.16747558222078868,0.4
100117,2025-10,1,0.5485454820606919,0.8
101934,2025-12,0,0.07161345740996117,0.1
100921,2025-12,0,0.13536544053673114,0.4
101924,2025-11,0,0.16493427644287692,0.4
101620,2025-10,0,0.3228150987228149,1.0
100119,2025-11,0,0.2405543108149924,0.5
101210,2025-11,0,0.08656276404269915,0.2
100721,2025-11,0,0.17764908504533566,0.2
101777,2025-11,0,0.3986230529380137,0.8
100577,2025-12,1,0.5788867082376441,0.9
101857,2025-12,1,0.765152799041124,1.0
101285,2025-10,0,0.25132753995021273,0.9
102093,2025-10,0,0.04944528015288375,0.2
100711,2025-11,0,0.26855164091054606,0.6
101650,2025-10,1,0.2886179795892254,0.6
100104,2025-10,0,0.5643952099406092,1.0
101498,2025-10,0,0.09321494054614968,0.2
101699,2025-10,1,0.42397551412153844,0.6
101392,2025-11,0,0.2774196011094034,0.6
101832,2025-12,0,0.37650707291481994,0.9
101216,2025-11,0,0.5215544365103435,0.7
100156,2025-11,0,0.18431847658850287,0.6
101018,2025-11,1,0.3686653518083346,0.8
101947,2025-12,0,0.3707917919015881,0.7
101320,2025-11,0,0.5452979969681504,1.0
100388,2025-12,0,0.3814293957078056,0.6
100448,2025-10,1,0.5757086602198107,0.9
101629,2025-10,1,0.6178539342894341,0.9
101660,2025-12,1,0.7086120698590902,1.0
100395,2025-11,0,0.05286807333124516,0.3
102029,2025-12,0,0.7839153974053892,1.0
101417,2025-12,0,0.18115079962471287,0.7
100132,2025-12,0,0.22587366731280942,0.6
101963,2025-11,0,0.04113577871493761,0.3
101183,2025-11,1,0.2602724468830701,0.4
100414,2025-11,0,0.30595998013371334,0.8
101787,2025-11,0,0.15654112529946843,0.9
101057,2025-12,1,0.42432703400891636,0.8
102045,2025-10,0,0.6004581884385359,0.9
101830,2025-11,0,0.1399034232882855,0.2
101831,2025-10,1,0.38936881817422203,0.7
101772,2025-10,0,0.5366961242046461,1.0
101029,2025-12,0,0.2542813586525039,0.8
100713,2025-12,0,0.12474793197917035,0.4
100771,2025-11,0,0.17723980699754288,0.5
101918,2025-11,0,0.1787977272068369,0.3
101667,2025-12,0,0.1436492636392879,0.3
100075,2025-12,1,0.1428933825228545,0.2
100109,2025-11,1,0.1545156898763803,0.3
101406,2025-10,0,0.4652889480744708,1.0
100018,2025-11,1,0.15742256645753286,0.5
100654,2025-12,0,0.3291780900034261,0.5
101199,2025-10,0,0.05464891187651416,0.1
100714,2025-10,0,0.4138339182619102,0.8
100940,2025-12,0,0.24275709614734842,0.2
102020,2025-11,0,0.2662714796169022,0.3
100804,2025-12,0,0.28063176357183,0.6
101379,2025-10,0,0.5164455791026807,1.0
101816,2025-11,0,0.32449944892937216,0.3
101499,2025-10,0,0.42666332430188997,0.9
101803,2025-12,0,0.16270438121981834,0.5
101288,2025-10,0,0.1637223305327229,0.5
101738,2025-10,0,0.7170658573075307,1.0
100942,2025-12,0,0.22518056001582534,0.7
100087,2025-11,0,0.26215182309019747,0.4
101413,2025-12,1,0.43515551078245307,0.7
100110,2025-12,0,0.3107227847243067,0.4
101878,2025-10,1,0.35734874479466927,1.0
100355,2025-11,1,0.3015620163673731,0.5
101950,2025-10,0,0.22952591896855282,0.7
102056,2025-12,0,0.0834669633599444,0.3
100796,2025-12,0,0.24625253916552647,0.9
101577,2025-12,0,0.27450281789699893,0.6
101639,2025-12,1,0.6938519249161271,1.0
100811,2025-12,1,0.3840827754161407,0.4
100165,2025-12,0,0.03307716702430812,0.1
101070,2025-11,1,0.5985860858489793,0.5
102030,2025-12,0,0.11448672568151688,0.3
101106,2025-10,1,0.29717929143244765,0.5
100179,2025-11,0,0.2113734849246817,0.5
100423,2025-12,0,0.44389096321109806,0.8
102047,2025-11,0,0.15979030438569072,0.1
100666,2025-12,0,0.3204610247507593,0.4
100861,2025-10,0,0.2276664813640666,0.2
101467,2025-10,1,0.15770809480276396,0.3
101851,2025-12,0,0.3423750373541334,0.5
101721,2025-11,0,0.6897273944791054,0.8
100824,2025-10,1,0.3058290045473766,0.5
100485,2025-12,1,0.797651351754308,1.0
100245,2025-10,1,0.6564356571682831,0.9
101418,2025-11,0,0.4053102819772005,0.6
101571,2025-10,1,0.7372128347273706,0.9
100293,2025-10,0,0.07100268137428202,0.1
100452,2025-12,0,0.36901541139516975,0.7
102041,2025-12,1,0.25268068364301977,0.4
101293,2025-10,0,0.033981949195918446,0.1
102062,2025-11,1,0.6130058158327799,0.9
100673,2025-11,0,0.13739111665437423,0.4
100940,2025-11,0,0.12576048502444787,0.2
101315,2025-11,0,0.05882014399532227,0.1
101662,2025-10,0,0.025217416239021843,0.1
101707,2025-12,0,0.33156478783155585,0.5
102060,2025-11,0,0.3273912241898031,0.4
100531,2025-11,0,0.43491261885353427,0.9
101694,2025-12,0,0.11757105049022466,0.3
101047,2025-11,0,0.13222428271287917,0.3
100451,2025-12,0,0.06291188083473095,0.1
100693,2025-11,0,0.4384724433237198,0.8
100670,2025-10,1,0.697010559336128,1.0
101685,2025-11,0,0.2331775366741996,0.6
100785,2025-11,0,0.2505074462917745,0.7
100281,2025-10,0,0.16331030920611045,0.3
101537,2025-11,0,0.24054364602534214,0.8
101640,2025-11,0,0.31661700945315024,0.4
101870,2025-12,1,0.36413276326119987,0.9
101175,2025-10,1,0.657139008778975,0.9
100775,2025-12,1,0.7388047279190065,1.0
102033,2025-10,0,0.2212806446396973,0.5
101635,2025-10,1,0.3403266017503453,0.3
100893,2025-12,1,0.10726545059989835,0.1
100112,2025-10,0,0.24645330729890633,0.7
101123,2025-11,1,0.6318235763272595,0.8
101060,2025-10,0,0.14473336964350064,0.2
102089,2025-10,1,0.7536357098615013,1.0
101980,2025-11,1,0.3761618464268165,0.7
100761,2025-12,0,0.15306877030837404,0.6
101185,2025-11,0,0.14734189413699328,0.5
100758,2025-10,0,0.6783598404395393,1.0
101065,2025-10,0,0.046658895537899876,0.1
101650,2025-11,0,0.2883544165595123,0.6
100120,2025-11,1,0.15358792572224378,0.2
100663,2025-11,0,0.11757709931098334,0.3
101242,2025-10,0,0.12969963986210942,0.1
100047,2025-12,1,0.13245564030802895,0.2
101444,2025-12,0,0.06635918955448009,0.1
100051,2025-11,0,0.17608519579020532,0.2
101292,2025-12,1,0.49309909854866757,0.6
100250,2025-12,0,0.4518526317394327,0.7
101510,2025-12,0,0.11965199979817438,0.6
100421,2025-10,0,0.24356758711530377,0.3
101244,2025-11,0,0.3470097412270243,0.5
101560,2025-10,1,0.31740604752050555,0.7
101971,2025-12,0,0.6603720989967257,1.0
101473,2025-12,0,0.08109526647203796,0.2
101382,2025-12,0,0.5906022381346314,1.0
100183,2025-11,0,0.43182344024185804,0.6
100200,2025-10,0,0.10846499787039447,0.3
101442,2025-12,0,0.23396496370246025,0.5
101584,2025-10,0,0.3191532941706288,0.5
101730,2025-12,0,0.16760348873064618,0.4
100608,2025-10,0,0.17445650976456586,1.0
101333,2025-10,0,0.39963530374758793,0.5
101044,2025-10,0,0.34143006110944674,1.0
101566,2025-10,0,0.2378731161491458,0.2
100367,2025-10,1,0.2087974533833817,0.3
100992,2025-11,0,0.5594857819335389,1.0
102093,2025-11,1,0.14031089026049953,0.2
100163,2025-10,0,0.05913506987645317,0.1
101676,2025-12,0,0.4638919568237109,1.0
100338,2025-10,0,0.1696567343545831,0.5
100901,2025-11,1,0.4082476792484903,1.0
100111,2025-11,1,0.06761886737245212,0.2
101227,2025-10,1,0.6105357601056621,0.7
100322,2025-12,0,0.6966627544507924,1.0
100596,2025-10,0,0.17073495555420568,0.3
101625,2025-10,1,0.4904849164854805,0.4
101245,2025-10,0,0.45976684637167997,0.8
101905,2025-11,0,0.3541210953507579,0.7
101601,2025-10,1,0.5701974341523796,1.0
101287,2025-12,1,0.6106108033014174,0.8
100583,2025-11,0,0.3155363009838273,0.8
100302,2025-10,0,0.3175610602746739,0.5
101687,2025-11,0,0.0277549341408424,0.4
100552,2025-11,0,0.037217897709326965,0.1
100147,2025-10,1,0.7848199006142829,0.9
101856,2025-11,0,0.2073450757981427,0.5
101422,2025-11,0,0.15965318692905428,0.2
102031,2025-10,0,0.15871928956662695,0.4
100009,2025-12,0,0.2811569634812638,0.8
101719,2025-12,0,0.5461869664067801,0.9
101655,2025-12,0,0.2777105528281443,0.4
100213,2025-10,1,0.42523996053715435,0.6
100040,2025-12,0,0.2333236332731808,0.2
101564,2025-11,0,0.4369058334411536,0.5
100474,2025-11,0,0.09781165138548813,0.6
102097,2025-12,0,0.06933901548789174,0.3
101930,2025-10,0,0.07088667906891467,0.1
101406,2025-12,1,0.41235234510223684,1.0
101873,2025-11,0,0.2924050581874999,0.6
101749,2025-10,1,0.6218066824880657,0.7
101820,2025-12,0,0.13246751672779805,0.8
101702,2025-10,0,0.33532616419139344,0.9
102027,2025-10,0,0.46462411196022296,0.9
101540,2025-12,0,0.16507708080293632,0.3
100017,2025-12,1,0.6577871021809458,1.0
101053,2025-10,1,0.5735282012545048,0.6
101879,2025-10,0,0.14219933173195567,0.3
101298,2025-12,1,0.5665177334104483,0.9
101257,2025-12,0,0.4598572477166739,0.5
102011,2025-11,0,0.23064656155622953,0.4
101681,2025-10,1,0.25921354632502647,0.8
101854,2025-12,0,0.6600242798948962,0.9
101903,2025-12,0,0.21911179222462165,0.9
101457,2025-11,1,0.3821736098958303,0.6
101005,2025-11,0,0.3248303037410004,1.0
100716,2025-11,1,0.43982263380535724,0.7
101313,2025-12,0,0.16740354352295053,0.6
100536,2025-10,1,0.5473398965698362,0.8
101228,2025-11,0,0.33889162619221885,1.0
100094,2025-11,0,0.1697674970744193,0.1
100856,2025-10,0,0.32617521724751836,0.9
101447,2025-10,0,0.3568071238377046,1.0
101822,2025-11,0,0.029266139569886856,0.1
101895,2025-10,1,0.44646392049137923,0.9
100634,2025-11,0,0.4051719567562343,0.5
100621,2025-11,0,0.04633625669917647,0.1
100450,2025-11,1,0.1439765865805032,0.1
100976,2025-11,0,0.0585027835993973,0.3
101218,2025-11,0,0.3008940720541792,0.5
100280,2025-12,0,0.024922040356616697,0.2
100913,2025-12,1,0.5484747761556199,0.9
101860,2025-12,0,0.35869873639330796,0.6
101902,2025-10,0,0.4078572222917188,0.7
100794,2025-10,0,0.37883298022726863,0.8
100596,2025-12,0,0.2224928521694984,0.3
101461,2025-10,1,0.49967097299905694,0.7
102086,2025-12,0,0.06639233973824467,0.2
101710,2025-11,0,0.370757601691851,0.6
100720,2025-12,1,0.2613813826615666,0.3
100870,2025-11,1,0.38265980039498454,0.9
101719,2025-11,1,0.6018135353125582,0.9
100548,2025-11,1,0.3891465088491009,0.7
101012,2025-12,0,0.065462732704709,0.3
101974,2025-11,0,0.3618255844258761,0.5
100899,2025-12,0,0.6250332105238935,0.9
100444,2025-12,1,0.2813237864912934,0.2
101401,2025-12,0,0.09526109407989973,0.4
100684,2025-12,0,0.4329409044242517,1.0
101533,2025-10,0,0.27797401842402564,0.7
101780,2025-10,1,0.4992380285002802,0.8
101363,2025-10,0,0.1269135729265113,0.4
102035,2025-12,1,0.07834494478046736,0.5
101706,2025-11,0,0.06965141865473691,0.5
100129,2025-12,0,0.1909398922341385,0.3
101239,2025-12,0,0.1626146337779252,0.5
100718,2025-11,0,0.1920923271076601,0.1
100204,2025-10,0,0.2860208233609787,0.5
100617,2025-11,0,0.17349773498844384,0.3
100396,2025-11,0,0.5011122288579148,0.5
100821,2025-12,0,0.2547217834182064,0.3
101554,2025-12,0,0.2670579374023863,0.7
100970,2025-11,1,0.195164132164936,0.3
100844,2025-11,0,0.10097888047397655,0.3
101308,2025-12,1,0.3279398616910699,0.4
101343,2025-10,0,0.667938586851287,0.9
101244,2025-10,0,0.2158024078319882,0.5
100266,2025-11,0,0.19061902915375975,0.4
100783,2025-12,0,0.18682543244399738,0.6
101481,2025-10,0,0.31684325897051513,0.3
101359,2025-11,0,0.24947826373680343,0.5
100547,2025-11,0,0.16844895813026717,0.3
100325,2025-10,0,0.13999028104698355,0.3
100073,2025-11,1,0.5520533409829013,1.0
101064,2025-10,0,0.09545832466155166,0.1
100471,2025-10,1,0.5847102580683752,0.7
101385,2025-11,0,0.044071403179595826,0.2
100204,2025-11,0,0.4853866109111495,0.5
100497,2025-12,1,0.4290529807619524,0.8
100243,2025-11,0,0.3704438194355623,0.8
100326,2025-12,0,0.13179471549971225,0.4
101404,2025-10,0,0.09613307043117247,0.2
100460,2025-10,0,0.22770726219367052,0.3
100945,2025-11,1,0.6434914147906647,0.8
101077,2025-10,0,0.619307422849783,1.0
102076,2025-12,1,0.18371697385496089,0.2
100001,2025-12,1,0.4452922155425425,0.8
101610,2025-12,1,0.6818772617224944,0.9
101142,2025-12,0,0.06523335100205313,0.4
101343,2025-11,1,0.30573952161549783,0.9
100036,2025-10,0,0.1551096892941142,0.4
100520,2025-12,0,0.34813641656470007,0.8
100501,2025-11,0,0.584561347561388,0.7
102010,2025-12,0,0.2362445561513444,0.6
100669,2025-12,0,0.2166618885424124,0.6
102085,2025-10,0,0.30383813619795996,0.8
101360,2025-10,0,0.138250587468784,0.1
101597,2025-11,0,0.28052786686742565,0.6
101925,2025-11,0,0.2148852738203356,0.4
101677,2025-10,0,0.07748033765579421,0.1
100955,2025-12,0,0.5074123737233822,0.4
101830,2025-10,1,0.102613292413464,0.2
102021,2025-11,0,0.15944325693205622,0.2
101874,2025-11,0,0.10517665969317132,0.5
101172,2025-10,0,0.11893938032876256,0.3
100197,2025-11,0,0.6693789877569979,1.0
100125,2025-11,0,0.14079145443215074,0.3
101328,2025-11,0,0.10582204458424765,0.1
102095,2025-12,0,0.12787629816477047,0.7
101020,2025-12,1,0.0852577812164181,0.3
101223,2025-10,1,0.5455033260164799,0.8
101180,2025-10,0,0.09725635146089005,0.1
100506,2025-12,0,0.16356468083291595,0.4
100505,2025-11,0,0.4295787721989106,0.6
100625,2025-10,0,0.038568960541120995,0.2
101598,2025-11,1,0.6226169339023357,1.0
101312,2025-10,1,0.7314699737618416,0.9
100637,2025-12,0,0.2808597656183342,0.6
101717,2025-11,1,0.19869215098915455,0.2
101657,2025-10,0,0.46690227549459085,0.7
101362,2025-11,0,0.35581704253582314,0.6
101542,2025-12,1,0.4788776832419048,0.7
101822,2025-10,0,0.06680824001194609,0.1
100428,2025-12,0,0.04113427751656335,0.1
100977,2025-10,1,0.5640380063843188,1.0
100378,2025-11,0,0.32178922081440203,0.4
100253,2025-10,1,0.29705039611800993,0.9
100844,2025-12,0,0.14709913760980275,0.3
100256,2025-12,1,0.36896685481554164,1.0
102048,2025-12,1,0.48474083419735436,0.8
100526,2025-11,1,0.45386616374902855,0.9
101914,2025-11,0,0.4847922776307589,0.7
100873,2025-10,1,0.3187283041518162,0.7
100617,2025-10,0,0.09331630005447536,0.3
101069,2025-11,0,0.31315986122603534,0.7
100402,2025-11,0,0.31171396900278275,0.6
101380,2025-12,0,0.33396237660699546,0.4
100626,2025-10,0,0.6530152924682175,0.7
101792,2025-12,1,0.4853950087441019,0.8
100247,2025-10,0,0.14188737702685034,0.5
101274,2025-11,0,0.21158127195957332,0.6
100760,2025-10,0,0.251814564065305,0.3
100523,2025-12,0,0.5383322959880028,0.7
100832,2025-12,0,0.46879184794286594,0.6
100772,2025-11,1,0.6451877993774259,0.8
101642,2025-12,1,0.6142205109795784,1.0
101683,2025-11,0,0.04316092927895097,0.3
101328,2025-10,0,0.1548725971934668,0.1
101497,2025-12,1,0.21712913200026052,0.5
100543,2025-10,0,0.34633687231622606,0.8
101381,2025-12,0,0.21243611930526496,0.3
101061,2025-10,0,0.025637422844530192,0.2
101514,2025-12,0,0.20109370902566043,0.6
100449,2025-12,1,0.29663719802493077,0.8
101959,2025-11,0,0.14064084380622907,0.4
100006,2025-12,0,0.30236096826052306,0.7
101938,2025-11,0,0.10006997045648632,0.5
101705,2025-10,0,0.20893913915937817,0.4
100472,2025-11,0,0.0775469495501667,0.1
101267,2025-11,1,0.24315210140682003,0.4
101202,2025-11,1,0.6479816639787098,1.0
101471,2025-12,1,0.7857844605038321,1.0
101744,2025-10,0,0.048116838309732186,0.3
101858,2025-12,0,0.23985026827656064,0.8
101917,2025-11,0,0.48435947890155584,0.8
101086,2025-10,0,0.4917238174500303,0.8
101015,2025-10,0,0.1418281004471624,0.3
100070,2025-10,0,0.22169130549350846,0.3
101653,2025-11,0,0.048514954907696015,0.3
100708,2025-10,0,0.41060994329546335,1.0
101750,2025-12,1,0.18778668735249132,0.3
100969,2025-11,1,0.14950497297732881,0.1
100968,2025-12,1,0.8203387592612917,1.0
101050,2025-10,0,0.38859377018670554,0.7
100288,2025-11,0,0.39169678749983333,0.9
100276,2025-10,1,0.7826781148070483,1.0
100577,2025-10,0,0.4604690866256178,0.9
100260,2025-10,1,0.3010200589881285,0.5
101518,2025-10,1,0.30787530874637375,0.5
101459,2025-11,0,0.051657036979484844,0.4
100446,2025-12,0,0.6792323812642814,0.9
100311,2025-12,0,0.5750906476305592,0.8
100347,2025-11,0,0.12066117974521332,0.4
101889,2025-11,0,0.20804677763881868,0.2
101465,2025-10,1,0.5833054836376473,0.6
100625,2025-12,0,0.09908774648037837,0.2
100362,2025-10,0,0.11496743056194171,0.5
100914,2025-11,0,0.15469723604026406,0.2
100842,2025-10,0,0.042643047203276954,0.2
101037,2025-10,0,0.049298704779330633,0.2
100974,2025-11,0,0.08165263645492803,0.2
101619,2025-10,0,0.5646130277947659,0.6
101169,2025-10,1,0.6159847833774531,0.7
100240,2025-12,1,0.20342226174989325,0.5
101791,2025-12,0,0.26348313339077756,0.5
100441,2025-10,1,0.44847456479896536,0.7
101610,2025-11,1,0.7132199504275706,0.9
102073,2025-11,0,0.2073317079557813,0.5
101303,2025-11,0,0.1006794146124328,0.5
101531,2025-11,0,0.11695613369997428,0.6
101875,2025-11,0,0.4962178831169518,0.7
100689,2025-10,0,0.20816621249567735,0.3
100118,2025-10,0,0.22653390723065167,0.5
100787,2025-12,0,0.6730488727836662,0.8
101592,2025-11,0,0.25761843963801156,0.8
101263,2025-12,0,0.12448275282316862,0.3
100053,2025-12,0,0.34230459029466126,0.7
100551,2025-10,1,0.3260641788001236,0.5
101326,2025-10,0,0.106705530196369,0.2
100360,2025-10,0,0.020324151836151508,0.2
100752,2025-12,1,0.6354827283546556,1.0
101234,2025-12,0,0.1478152621251433,0.3
101565,2025-11,0,0.20779095344138293,0.5
101500,2025-12,0,0.46506117149642556,0.8
100748,2025-12,1,0.46408665035641683,0.6
100799,2025-10,0,0.1318656290317632,0.3
100531,2025-12,0,0.5123909274971714,0.9
101373,2025-10,0,0.2915915994567757,0.7
101653,2025-12,0,0.1243155239936608,0.3
100876,2025-12,1,0.5822784827174065,1.0
100208,2025-11,0,0.15376817422945496,0.2
100474,2025-10,0,0.21724220086459392,0.6
100371,2025-12,0,0.1980879591044718,0.3
100939,2025-10,0,0.21760947207482695,0.4
101209,2025-12,0,0.04529933400105085,0.2
100568,2025-11,0,0.1590365046014816,0.4
102019,2025-11,0,0.28413603826117495,1.0
101594,2025-12,0,0.3755747216107307,0.9
101188,2025-11,0,0.04788074881136956,0.4
100897,2025-12,0,0.1590520444012462,0.3
101153,2025-11,0,0.11475573601305193,0.3
100772,2025-12,1,0.47886332583497854,0.8
100874,2025-12,1,0.46536539988512216,0.5
100457,2025-10,0,0.19580205010420323,0.4
101732,2025-11,0,0.21207733449553295,0.1
100448,2025-12,1,0.5961640432962042,0.9
100827,2025-12,0,0.30605354597623263,0.4
101177,2025-12,0,0.08353663584426815,0.4
100231,2025-11,0,0.1531751324063766,0.5
101269,2025-12,0,0.10268728870323438,0.2
101697,2025-10,1,0.3574268280894892,0.8
101312,2025-11,1,0.7901856181632042,0.9
100847,2025-10,0,0.09649137049665642,0.5
100086,2025-11,0,0.3713602264054784,0.4
100900,2025-11,0,0.2040610816264513,0.6
101291,2025-11,0,0.17163780160734,0.1
101195,2025-11,0,0.551156163842827,0.7
100937,2025-12,0,0.333792696495296,0.7
101033,2025-12,0,0.2770152319482336,0.5
101470,2025-11,1,0.12494311300378412,0.7
101794,2025-11,0,0.12256274554997178,0.3
100418,2025-12,0,0.13779640221224562,0.4
101403,2025-12,0,0.05001060810692374,0.6
100810,2025-11,0,0.4903094333705938,0.6
100212,2025-12,0,0.22186940506290226,0.2
101195,2025-12,1,0.4995776744008679,0.7
101494,2025-10,1,0.143285318660657,0.6
100437,2025-10,1,0.15736995572995305,0.5
100493,2025-11,0,0.04196325391558228,0.3
100422,2025-10,1,0.6171070584685587,1.0
100703,2025-10,0,0.40521781860969325,0.5
100756,2025-10,1,0.3249233964835501,0.5
101394,2025-10,0,0.14901877258904936,0.2
101115,2025-12,0,0.12833386538114444,0.3
100122,2025-11,0,0.5267933976809654,0.5
100101,2025-11,0,0.20031068677426386,0.2
100824,2025-11,0,0.288909370650783,0.5
100278,2025-11,0,0.428536384623476,0.7
101823,2025-10,0,0.48168327369389496,0.9
101121,2025-11,0,0.0394571433301665,0.2
101905,2025-12,1,0.5820147800492929,0.7
102089,2025-11,1,0.7276341907009635,1.0
100161,2025-11,0,0.6559301266402248,1.0
100092,2025-11,0,0.37452238345218314,0.5
101185,2025-12,0,0.3646219718096379,0.5
102017,2025-12,0,0.26777219083757514,0.4
100230,2025-10,0,0.3118375478315292,0.5
101868,2025-11,0,0.09997840585822916,0.3
101869,2025-11,1,0.3908646857745596,0.9
101247,2025-10,0,0.5313774939292129,0.6
101121,2025-12,0,0.19999425227730852,0.2
101807,2025-12,0,0.06448772974051377,0.6
100907,2025-12,0,0.517546190719721,0.9
101876,2025-12,0,0.4336358113341876,0.7
101447,2025-11,0,0.6497082580096983,1.0
100854,2025-12,0,0.669895716997491,1.0
101099,2025-11,0,0.27620389566749187,0.5
101703,2025-12,0,0.05506626746576894,0.1
100773,2025-11,1,0.6310390780289367,1.0
101532,2025-12,0,0.13490555131229276,0.2
101364,2025-11,0,0.2900511618131218,0.6
100616,2025-12,0,0.34457106160434103,1.0
100027,2025-10,0,0.08643608723810758,0.5
101898,2025-11,0,0.2487987229248544,0.6
100495,2025-11,0,0.23677660248386084,0.6
101823,2025-12,1,0.5635990741706285,0.9
102037,2025-12,0,0.7563114569928016,1.0
101195,2025-10,0,0.28808649232129613,0.7
101947,2025-11,0,0.15803171481754638,0.7
101415,2025-10,0,0.3218771768430602,0.9
101027,2025-12,0,0.20717812735970959,0.3
100402,2025-10,1,0.42427294070722593,0.6
100412,2025-12,1,0.14148536549473997,0.3
101365,2025-11,0,0.605610420683566,1.0
100582,2025-11,0,0.2946609259153565,0.5
101341,2025-12,0,0.48600393718983687,0.7
100930,2025-11,0,0.30068320985471664,0.5
100036,2025-11,0,0.17923833330263456,0.4
100351,2025-12,0,0.09424595137925071,0.4
100937,2025-11,0,0.2997574449086407,0.7
100726,2025-11,1,0.503141916206434,0.7
101184,2025-12,0,0.20010986402737416,0.7
100565,2025-10,0,0.09954594234753497,0.6
100364,2025-10,0,0.2168411990448079,0.7
100616,2025-10,0,0.44890981950083353,1.0
100174,2025-11,0,0.16828452932912338,0.5
101238,2025-11,0,0.10267891204082243,0.3
100131,2025-11,0,0.3929299731743646,0.7
102089,2025-12,1,0.6471920583120726,1.0
101711,2025-12,0,0.12035311350330735,0.5
101781,2025-10,0,0.14903190389437604,0.1
101627,2025-11,0,0.14812241598191547,0.4
100199,2025-11,0,0.1470579051149424,0.3
101324,2025-12,0,0.1375878927092523,0.3
101880,2025-12,0,0.1761738283330669,0.4
100580,2025-11,0,0.43356356044087857,0.6
101173,2025-12,1,0.7114298918122755,1.0
100906,2025-10,0,0.12505055128091166,0.4
100882,2025-12,0,0.7135370150650532,1.0
101581,2025-10,0,0.07137821455115832,0.4
101762,2025-10,1,0.294232042804942,0.2
100606,2025-10,0,0.08438649800571874,0.1
101490,2025-10,0,0.02846034658255073,0.1
101783,2025-10,0,0.4214927578895474,1.0
100384,2025-12,0,0.20505561614230858,0.2
100829,2025-11,0,0.6802526100119428,1.0
100015,2025-11,1,0.6138291961900123,1.0
100115,2025-11,0,0.5000016905047275,1.0
100511,2025-12,0,0.07623924988823574,0.2
100838,2025-10,1,0.3389608690462857,0.5
101850,2025-10,0,0.1245762437889741,0.6
100849,2025-11,1,0.788279131259271,0.9
101809,2025-10,0,0.29458407482915194,0.9
100013,2025-10,0,0.20985050641782094,0.3
101867,2025-11,0,0.31334390995104494,0.4
101380,2025-10,0,0.20729463746929325,0.4
100857,2025-10,0,0.3440935858971399,0.6
101718,2025-12,0,0.3594264057741334,0.3
101379,2025-12,1,0.7642671649875655,1.0
100720,2025-11,0,0.14340407896633842,0.3
101973,2025-11,0,0.119047104767411,0.1
100984,2025-12,0,0.19756702221319344,0.7
101383,2025-12,0,0.0969471805721147,0.1
101659,2025-12,0,0.0737497548661523,0.2
100047,2025-11,0,0.16299079317193807,0.2
101366,2025-11,0,0.1371462634038558,0.3
100961,2025-10,0,0.13042309596110882,0.5
102050,2025-11,0,0.1844885132510013,0.6
101457,2025-10,0,0.20426594334192494,0.6
100224,2025-12,1,0.6355508518506036,0.9
101992,2025-12,0,0.2103584318903824,0.5
100852,2025-11,0,0.43688885111853426,0.8
100315,2025-12,0,0.06921656579112474,0.3
100583,2025-12,0,0.2339932021425184,0.8
100120,2025-10,1,0.1628633506825467,0.2
101642,2025-11,1,0.7560484325446493,1.0
101263,2025-11,0,0.16042987886611204,0.3
100053,2025-11,0,0.12587871670453857,0.7
100763,2025-10,1,0.7032349638317206,0.7
100841,2025-12,0,0.2562402581460384,0.5
100918,2025-10,0,0.03220678251086982,0.1
101833,2025-10,0,0.16191958519233873,0.3
101260,2025-11,0,0.25292464561126066,0.5
100894,2025-10,0,0.1349811362889596,0.5
101848,2025-10,0,0.2067700874060923,0.5
100677,2025-10,0,0.08584239667271093,0.3
100581,2025-10,0,0.5910994857713429,0.8
100821,2025-10,0,0.11009732873386914,0.3
101011,2025-12,0,0.7845147024594725,0.9
100303,2025-12,0,0.6370074133301084,0.9
101647,2025-10,1,0.40172451977852025,0.9
100686,2025-12,1,0.6886668612225159,1.0
101691,2025-10,0,0.309780470767065,0.8
102083,2025-11,0,0.06981894912619421,0.1
101310,2025-12,0,0.14603862714619587,0.5
100657,2025-11,0,0.22766591914522918,0.5
100692,2025-12,0,0.12372672442742554,0.4
100798,2025-10,0,0.5931287772495566,0.7
100667,2025-10,0,0.1509946689452654,0.3
100081,2025-11,0,0.19064395399112857,0.4
101666,2025-12,1,0.32718358977942724,0.6
101923,2025-11,0,0.09307321628137998,0.4
100328,2025-12,0,0.2728912131159128,0.7
101113,2025-10,1,0.3440995617136644,0.6
100311,2025-10,0,0.1438794479744871,0.8
101983,2025-10,1,0.3583943844379033,0.7
100470,2025-10,0,0.5289958370960615,0.7
101292,2025-11,1,0.35542438306359125,0.6
102038,2025-12,0,0.45333133319177976,0.6
100965,2025-11,0,0.10922481499938319,0.1
101319,2025-11,1,0.7513950669202913,1.0
100353,2025-10,0,0.1120910201010838,0.4
100770,2025-11,0,0.2827053289323924,0.5
100813,2025-12,0,0.168255775427633,0.4
101331,2025-10,0,0.08572663905965026,0.5
101823,2025-11,1,0.2793138803374396,0.9
101482,2025-11,1,0.46944626721612853,0.9
100828,2025-11,1,0.311267190190515,0.8
101754,2025-10,0,0.199244520799582,1.0
100160,2025-10,0,0.21926283363812785,0.2
102081,2025-10,1,0.6568130183900351,1.0
100369,2025-11,0,0.5238301231943819,0.6
101840,2025-10,0,0.12499809746547962,0.2
100979,2025-12,0,0.038208193289707496,0.2
100415,2025-11,1,0.4589858263504669,0.7
101257,2025-11,1,0.28594360412648046,0.5
100867,2025-11,0,0.3493193806711222,0.7
100916,2025-11,1,0.19391613470610922,0.1
100895,2025-10,0,0.19058379950194368,0.4
101799,2025-10,1,0.15209737392213937,0.7
100438,2025-10,1,0.1094327484156355,0.3
100760,2025-11,0,0.1788676364921448,0.3
100372,2025-10,0,0.37691893222556283,0.8
100078,2025-11,1,0.5760055583000752,1.0
100963,2025-11,0,0.25572560204528205,0.5
100286,2025-12,1,0.6394296819626724,0.7
100496,2025-10,0,0.35072639954842355,1.0
100998,2025-10,0,0.20682154952026294,0.4
101040,2025-12,0,0.08047831326863905,0.1
101458,2025-12,0,0.23165734019275366,0.3
102065,2025-12,1,0.10152901827645577,0.3
101997,2025-12,0,0.1421252919491752,0.4
100027,2025-12,1,0.4495401447327019,0.5
101788,2025-10,0,0.2682686237544086,1.0
100195,2025-12,0,0.16717565598921344,0.5
100753,2025-11,0,0.34933111340161843,0.6
101458,2025-11,1,0.2108312852939793,0.3
101919,2025-11,1,0.5415405552301851,0.9
100604,2025-12,0,0.3104191428057818,0.3
100533,2025-11,1,0.0714648176868648,0.3
100365,2025-10,1,0.6534616277074626,0.8
101959,2025-10,1,0.366291059300799,0.4
101920,2025-12,0,0.05759415943996786,0.1
101772,2025-11,0,0.5111287871567732,1.0
100778,2025-12,0,0.026532421541509275,0.3
100465,2025-11,0,0.05853359686349869,0.1
100137,2025-12,0,0.08055681785469657,0.2
101911,2025-12,0,0.4978803621213523,0.5
100975,2025-11,0,0.31250700121814734,0.9
100351,2025-10,0,0.06545029390289513,0.4
101049,2025-11,0,0.058631801133147574,0.1
101190,2025-10,0,0.19774683123659959,0.1
100164,2025-11,0,0.019181877048095014,0.1
100986,2025-11,0,0.3367853166300272,0.9
100539,2025-10,0,0.4542662655920731,0.7
100398,2025-11,0,0.13789561783535748,0.3
100406,2025-10,0,0.21043184454526265,0.5
100979,2025-11,0,0.11699151490384341,0.2
100730,2025-11,0,0.3664392855872514,0.8
100351,2025-11,0,0.1762281176610356,0.4
101051,2025-10,0,0.10419680033678312,0.2
100187,2025-12,0,0.40061411850115164,0.9
101888,2025-11,1,0.5338700441638733,1.0
100888,2025-10,0,0.2789373248506047,0.5
101372,2025-10,0,0.12196441784640692,0.7
101218,2025-12,0,0.1384743312829024,0.5
100570,2025-12,0,0.06345315270542838,0.4
101955,2025-12,0,0.1837569333370733,0.3
101101,2025-10,0,0.09914528901347573,0.8
101792,2025-11,0,0.3041424592092636,0.8
100737,2025-10,0,0.0635586326042527,0.3
100595,2025-11,0,0.4055959500888462,0.6
101227,2025-12,1,0.4688086852239282,0.7
101805,2025-11,0,0.6257746503310491,0.9
100646,2025-10,0,0.16708515179830816,0.1
100875,2025-11,0,0.7414619934458581,0.9
101229,2025-12,0,0.4851245564744661,0.7
101744,2025-12,0,0.18432364323522415,0.3
100973,2025-10,0,0.14174129985373857,0.7
100855,2025-12,0,0.32652233995033814,0.7
100181,2025-11,0,0.051152799331112976,0.1
100544,2025-12,0,0.11503711443440409,0.1
100879,2025-11,0,0.09229898787975925,0.4
100505,2025-12,0,0.4591104345018499,0.6
100228,2025-12,1,0.31497498601652246,0.5
101993,2025-10,0,0.09295343901438616,0.2
100472,2025-10,0,0.07292878842457522,0.1
101764,2025-11,0,0.15246231547187253,0.3
100856,2025-12,0,0.4109912409339125,0.9
100314,2025-12,1,0.4499655100996834,0.9
101107,2025-11,1,0.6762771888187468,0.7
100495,2025-10,1,0.2594637324718679,0.6
101154,2025-11,1,0.7241416281161878,1.0
100036,2025-12,0,0.2597361970287002,0.4
101290,2025-11,1,0.1249953816697753,0.2
101646,2025-10,0,0.36795846192347365,0.5
101114,2025-12,1,0.41535812101024017,0.3
101042,2025-12,1,0.1684934536187334,0.4
100894,2025-12,0,0.29411210198947696,0.5
101565,2025-12,0,0.3769545998220902,0.5
100285,2025-10,0,0.2834625919403453,0.6
100467,2025-11,1,0.20650472358819977,0.7
101509,2025-10,0,0.3842245662574181,0.8
101449,2025-11,1,0.825340618914416,1.0
101008,2025-11,0,0.0853651926384743,0.3
101258,2025-11,1,0.1811895038979647,0.2
100290,2025-12,1,0.3648389021010185,0.4
100780,2025-11,0,0.2021231525114111,0.6
100211,2025-10,1,0.34369462883839463,0.7
101138,2025-10,0,0.290156992807165,0.3
101859,2025-12,0,0.427922448063979,0.3
101591,2025-12,1,0.47018716067894706,0.9
101926,2025-10,0,0.2284791799031944,0.2
100869,2025-10,0,0.46904589574747835,0.7
101522,2025-11,0,0.22067639022353344,0.4
101565,2025-10,0,0.21957953163259128,0.5
100272,2025-10,0,0.2819150071546654,0.5
100463,2025-12,1,0.16922443496041248,0.2
101755,2025-12,0,0.20482591393744487,0.4
100695,2025-12,0,0.2558464636424757,0.8
101039,2025-10,0,0.5998272789920204,0.7
101887,2025-11,0,0.4459333715621679,0.7
100494,2025-11,0,0.3472783219948708,0.7
101384,2025-10,1,0.514960363122076,0.7
101291,2025-12,0,0.1486110306428404,0.1
101814,2025-12,0,0.21628516562844502,0.3
101205,2025-10,1,0.3307507247966438,0.4
101661,2025-10,0,0.1687507126755805,0.3
100080,2025-12,0,0.32830554234773585,0.5
101542,2025-10,0,0.5821753524043836,0.7
101946,2025-10,0,0.35187829052849795,0.8
100522,2025-10,0,0.22138665732295595,0.3
100215,2025-11,1,0.6692267694120401,1.0
101058,2025-11,0,0.2240260421618233,0.7
101011,2025-10,0,0.6500693103405938,0.9
101475,2025-12,0,0.042810739102906836,0.2
101056,2025-12,0,0.18369982469784105,0.3
100959,2025-12,1,0.5183801653365816,0.9
101297,2025-12,0,0.17059522209098943,0.1
101100,2025-12,0,0.22627446491313796,0.7
100418,2025-11,0,0.16784183085826773,0.4
101380,2025-11,0,0.23645091315769207,0.4
101491,2025-11,0,0.31012312025980393,0.4
100704,2025-10,1,0.6861037926262066,1.0
101075,2025-12,0,0.24182970359482708,0.7
101522,2025-12,0,0.19661079015125163,0.4
100636,2025-12,1,0.6300176229983026,1.0
100430,2025-12,0,0.24080160299518763,0.1
100996,2025-12,0,0.14305584857146678,0.3
100318,2025-11,0,0.198677082140193,0.3
100391,2025-10,0,0.3690270818532867,0.7
100316,2025-12,0,0.06042701302844417,0.4
101306,2025-11,0,0.05103476386551624,0.3
100005,2025-12,0,0.48813913340856285,0.8
101993,2025-12,0,0.05389157920157651,0.2
102015,2025-12,1,0.44780070039811753,0.6
101131,2025-12,0,0.3858951800033053,0.5
101030,2025-12,1,0.4537551151116135,0.9
101332,2025-10,1,0.619629377336487,0.8
101066,2025-12,0,0.26013459169475117,0.4
100488,2025-10,0,0.6374057786118074,0.9
101208,2025-10,0,0.2491386259569805,0.5
101468,2025-10,0,0.08948311460800644,0.2
100785,2025-12,1,0.23846896614704094,0.7
100013,2025-11,0,0.18704698917281576,0.3
101856,2025-12,0,0.3175487688889513,0.5
101074,2025-12,0,0.25270189782929514,0.4
101384,2025-12,0,0.24828455024354126,0.7
100789,2025-11,1,0.5603255252822686,0.8
100966,2025-10,0,0.28655051534573583,0.8
100678,2025-12,0,0.2623339178925915,1.0
101720,2025-12,0,0.2861539968776942,0.8
101333,2025-11,1,0.2742820445893533,0.5
101076,2025-12,1,0.46521005086234896,0.7
100663,2025-10,0,0.021412420820159542,0.3
101483,2025-11,0,0.2258438414426328,0.6
101581,2025-12,0,0.2597231087595926,0.4
100281,2025-12,0,0.18581376028037114,0.3
100584,2025-12,1,0.2607929083284914,0.4
100956,2025-10,0,0.11050836860427461,0.3
100202,2025-10,0,0.17951459146211085,0.2
101924,2025-12,0,0.10080971872445746,0.4
101293,2025-12,0,0.12619324293941872,0.1
101923,2025-10,0,0.3368795477240133,0.4
100610,2025-11,1,0.6961542298339861,1.0
100478,2025-11,0,0.11201045207948711,0.1
102012,2025-11,1,0.5492800789473323,0.8
101867,2025-10,0,0.0682253082870335,0.4
101893,2025-12,0,0.1812180624011122,0.5
101453,2025-10,0,0.2284251846130494,0.5
100198,2025-10,0,0.1399397618800296,0.5
100598,2025-10,0,0.03565450191004658,0.3
101885,2025-11,1,0.6424504225369025,0.8
100808,2025-10,0,0.10747629781655614,0.3
101220,2025-10,0,0.33875744338641745,0.8
101561,2025-10,0,0.3059731153815998,0.7
101981,2025-12,1,0.22995867087432537,0.9
101844,2025-10,0,0.22983757116399645,0.1
101631,2025-11,0,0.23662495718707283,0.5
100477,2025-10,0,0.5635583312157075,1.0
100274,2025-10,0,0.22792850716343846,0.2
100293,2025-11,0,0.12364168778736112,0.1
101048,2025-11,1,0.30884218922463524,0.3
101433,2025-11,0,0.07587932462479037,0.4
101877,2025-10,0,0.3009069839326411,0.8
100567,2025-12,0,0.3625888528919905,0.5
101137,2025-12,1,0.6117146581846915,0.9
100413,2025-10,0,0.08250136334162524,0.1
101789,2025-11,0,0.05786118893871595,0.4
101987,2025-10,1,0.6380023197933815,0.9
101243,2025-12,0,0.03594667951886087,0.1
100875,2025-10,1,0.39477416500637214,0.9
101871,2025-10,1,0.5754570182935542,1.0
100571,2025-12,0,0.04006874390964779,0.1
100819,2025-12,0,0.38306546793887686,0.7
101613,2025-12,1,0.765706679783749,1.0
100229,2025-12,1,0.5474455650242911,1.0
101279,2025-10,0,0.2676547723243003,0.4
100572,2025-10,1,0.2887217721649464,0.8
100468,2025-10,1,0.1804012198395399,0.2
101151,2025-12,0,0.061393043158884726,0.2
100618,2025-11,0,0.21462350770460586,0.2
101918,2025-12,0,0.15975985752365515,0.3
100449,2025-11,0,0.3279011790058802,0.8
101070,2025-10,0,0.30419766305224355,0.5
101984,2025-11,0,0.23915235357143746,0.1
100330,2025-11,0,0.3249781919476477,0.6
101711,2025-10,0,0.2861806955923613,0.5
100607,2025-11,0,0.19996107393373846,0.6
101843,2025-11,0,0.36454949967188005,0.7
100882,2025-11,0,0.3737738878021364,1.0
101948,2025-12,1,0.6027215368642,0.7
100307,2025-12,0,0.129329209424042,0.1
101917,2025-12,1,0.4204687544306153,0.8
100090,2025-10,0,0.3589449935623728,0.6
100570,2025-11,0,0.21043720588570822,0.4
101520,2025-11,0,0.23185289199439543,0.4
100567,2025-11,1,0.3957922087622114,0.5
101101,2025-11,1,0.1971782815689738,0.8
101728,2025-10,0,0.052358737128626015,0.1
100962,2025-10,0,0.246540813240802,0.2
101889,2025-12,0,0.06901079419609125,0.2
100737,2025-11,0,0.3037260624666974,0.3
100018,2025-10,1,0.2918107233091566,0.5
100871,2025-12,0,0.11845858744488678,0.3
101558,2025-12,0,0.041291943276139866,0.2
102038,2025-11,0,0.259222095033298,0.6
100553,2025-11,1,0.19002457396954933,0.1
101535,2025-10,0,0.47402080009982955,0.6
100764,2025-10,0,0.29335585113025875,0.6
101069,2025-12,0,0.5011313758555699,0.7
100111,2025-10,0,0.06937744259960875,0.2
100146,2025-11,0,0.13078436285196043,0.6
101394,2025-12,0,0.058425602966893864,0.2
100514,2025-10,1,0.3995559006950098,0.7
100092,2025-10,1,0.540833615501688,0.5
101638,2025-11,1,0.5376783757225168,1.0
101983,2025-11,0,0.38144277418790534,0.7
101694,2025-11,0,0.209242625088783,0.3
101235,2025-10,0,0.20924074859061237,0.4
100375,2025-10,0,0.2850589406255356,0.9
100412,2025-11,0,0.19126353333839952,0.3
100480,2025-10,0,0.16492457090698093,0.5
101551,2025-10,1,0.45583144094148387,0.7
101002,2025-10,0,0.09522392565214045,0.2
101292,2025-10,0,0.1286350641269288,0.6
100923,2025-10,1,0.5974216082156334,0.9
101254,2025-12,0,0.20903652217345958,0.6
100845,2025-11,0,0.37475133083086754,0.6
100579,2025-11,1,0.5895856961202902,1.0
101375,2025-12,1,0.3102431048100718,0.3
100743,2025-11,0,0.12729670613007335,0.4
101327,2025-11,1,0.5594237651592988,0.8
101918,2025-10,1,0.17360919423897664,0.3
100732,2025-10,1,0.7036458237383554,0.9
101468,2025-12,0,0.05755184309705853,0.2
100995,2025-12,0,0.19751400496821422,0.8
101028,2025-10,1,0.42432270180905063,0.6
101683,2025-12,0,0.13201791581417818,0.3
101109,2025-11,0,0.1918235501329807,0.4
100424,2025-11,0,0.029845984284161634,0.1
100659,2025-10,0,0.21498821728488404,0.5
101339,2025-12,0,0.27775262537920437,0.5
100587,2025-11,1,0.45578719861687494,1.0
102023,2025-12,0,0.20165679305496473,0.4
102072,2025-10,0,0.21197308162101747,0.3
101167,2025-11,1,0.274624885100828,0.9
101441,2025-10,1,0.4347992600478794,0.8
101473,2025-11,0,0.20696002395023755,0.2
101628,2025-12,1,0.6404605083644501,0.9
100392,2025-10,0,0.16925751781626538,0.2
102018,2025-10,0,0.09891885497374706,0.1
100413,2025-12,0,0.06410638365304039,0.1
101604,2025-10,1,0.4004068512442946,0.6
100569,2025-10,1,0.3804740114974638,0.5
100060,2025-11,0,0.047982332799127676,0.4
100854,2025-11,0,0.596871542554382,1.0
101188,2025-10,0,0.28143576688327887,0.4
101222,2025-12,0,0.34417055623698634,1.0
100401,2025-11,1,0.4432516742530164,0.4
101728,2025-11,0,0.08767626803969944,0.1
100537,2025-12,1,0.22207557218499016,0.4
101974,2025-10,1,0.16426675770989807,0.5
100463,2025-11,0,0.09307159505414332,0.2
102059,2025-11,0,0.2845113701583517,0.9
100069,2025-12,0,0.08439398245037662,0.1
101665,2025-11,0,0.388091198357499,0.7
100378,2025-12,0,0.21318682661972377,0.4
100420,2025-10,0,0.17783318148753147,0.7
100661,2025-10,1,0.77160926380629,1.0
100093,2025-10,0,0.18476925050065748,0.3
101770,2025-12,0,0.0648620378425257,0.3
100506,2025-10,0,0.05985117733520024,0.4
100886,2025-10,0,0.1270900790478282,0.4
101309,2025-10,0,0.4149422495021322,1.0
101021,2025-11,1,0.19511138955411136,0.4
101846,2025-12,1,0.5157700705836017,0.7
100511,2025-11,0,0.03812764018438453,0.2
100557,2025-11,1,0.38020558317231257,0.5
100606,2025-11,0,0.07469452082229465,0.1
100559,2025-12,0,0.3536767677659679,1.0
101157,2025-11,0,0.18902446328652575,0.6
100035,2025-11,1,0.403757123869808,0.6
101949,2025-11,0,0.11650356468066789,0.2
101680,2025-12,0,0.48572096632072087,0.9
101248,2025-12,1,0.44317037272411514,0.5
100233,2025-11,0,0.3817098763314625,0.9
100127,2025-11,1,0.1793252072814082,0.4
101474,2025-11,1,0.8173935339912342,0.9
100550,2025-10,1,0.5764923431508647,0.7
101072,2025-10,0,0.057332838321960865,0.3
100800,2025-11,0,0.06254067631652022,0.2
101752,2025-12,0,0.35026560839777265,1.0
101490,2025-12,0,0.08457613145136648,0.1
100658,2025-10,0,0.1684803288444781,0.6
100377,2025-11,0,0.6049999150451201,0.6
100333,2025-10,0,0.045739851366580125,0.4
100146,2025-12,0,0.44964576541249884,0.6
100555,2025-12,0,0.18593307642586362,0.6
101242,2025-11,0,0.06743306783900348,0.1
100480,2025-12,0,0.12895184555653563,0.5
100033,2025-10,0,0.11905843078506134,0.8
101642,2025-10,0,0.6723566233442003,1.0
101958,2025-11,0,0.40475079329995767,0.9
100012,2025-10,0,0.2208803549378312,0.3
100957,2025-12,0,0.24688264666199536,0.1
100605,2025-11,1,0.6597888366606233,0.9
101819,2025-11,0,0.2715402292961096,0.6
100624,2025-12,0,0.5241209794799606,1.0
100970,2025-12,0,0.13282590389920643,0.3
100779,2025-11,0,0.3418154699779747,0.6
101780,2025-12,0,0.22323871048912391,0.8
100886,2025-12,0,0.18639857484248903,0.4
101578,2025-12,0,0.286361071395289,1.0
101795,2025-12,0,0.10008011472739385,0.4
100732,2025-11,1,0.5732655222290644,0.9
100516,2025-12,0,0.023283747020242832,0.2
101978,2025-11,0,0.19074431691586038,0.2
100043,2025-10,0,0.28249357317101825,0.3
100771,2025-12,0,0.4856223393360147,0.5
100322,2025-11,0,0.34928080533379907,1.0
100729,2025-10,0,0.30030050945918546,0.9
100797,2025-12,0,0.22722846648647732,0.5
100224,2025-11,0,0.6132625750298157,0.9
100515,2025-10,0,0.061050314702569705,0.3
102078,2025-12,1,0.6138745043005778,1.0
100308,2025-10,1,0.5033361585001906,0.8
100420,2025-12,1,0.3953079742800728,0.7
101301,2025-10,1,0.7363798620059507,1.0
102002,2025-10,1,0.19139044541208228,0.2
101991,2025-10,0,0.14403301242722522,0.5
102026,2025-10,0,0.4401197491900859,0.6
100608,2025-11,1,0.6204654306537772,1.0
100082,2025-12,1,0.41988803837343114,0.7
101996,2025-11,0,0.5381886045273387,0.7
100779,2025-12,0,0.29857374945176035,0.6
100851,2025-12,1,0.23187326211377426,0.3
100532,2025-10,1,0.30537416020068686,0.4
101837,2025-11,0,0.6348959139931734,1.0
101634,2025-11,0,0.11224538063313366,0.8
101436,2025-12,1,0.7016459868509813,0.9
100368,2025-10,1,0.19775183415282835,0.1
100947,2025-12,1,0.4175400525572817,0.7
101388,2025-12,0,0.18341716145012837,0.1
101891,2025-10,0,0.36134765715559675,0.3
100399,2025-10,1,0.5628071159880613,0.9
100917,2025-11,0,0.4815220078342336,0.6
100205,2025-11,0,0.2098627438051769,0.5
100911,2025-11,0,0.1627580852445911,0.5
100607,2025-10,0,0.31430980159760924,0.6
101141,2025-11,0,0.13485106230448057,0.1
100662,2025-10,1,0.4725561592058038,0.9
101699,2025-11,1,0.4286951663717086,0.6
100102,2025-10,1,0.5878559319329734,0.5
101316,2025-11,0,0.24886181842199664,0.4
101039,2025-12,1,0.36764454299739563,0.7
101625,2025-11,0,0.45798369355300295,0.4
101675,2025-10,0,0.08894163963151473,0.2
101556,2025-10,0,0.4666224287126527,0.9
100113,2025-11,0,0.4461606983932529,0.9
101034,2025-10,1,0.05401527274281116,0.1
100350,2025-11,0,0.4569471130555286,0.5
101010,2025-12,0,0.10506040054223531,0.1
102052,2025-11,0,0.14533168088585485,0.5
100826,2025-10,0,0.6373153651672634,0.9
100722,2025-12,0,0.2077716701085158,0.5
100272,2025-11,0,0.2314537354579488,0.5
100676,2025-11,1,0.6099973908302077,0.8
100636,2025-11,1,0.5852860608958784,1.0
100003,2025-10,1,0.5358214001174066,0.8
101067,2025-11,1,0.6529841997702502,1.0
101513,2025-10,0,0.02361682457275744,0.1
100375,2025-12,0,0.41021955371622093,0.9
100521,2025-12,0,0.20092380016539718,0.7
100401,2025-10,0,0.14254818395917285,0.4
101786,2025-12,0,0.09695939654892789,0.1
101859,2025-11,0,0.2390231328454906,0.3
100389,2025-11,0,0.19498025120637602,0.6
102017,2025-10,1,0.18338494570382607,0.4
101175,2025-11,1,0.7954297954922985,0.9
101562,2025-12,0,0.10482388290764817,0.1
100655,2025-12,0,0.5159822971291742,0.6
100335,2025-11,0,0.3302254465969992,0.8
100285,2025-12,1,0.2988462639135916,0.6
100553,2025-10,0,0.07242832167238276,0.1
102041,2025-11,0,0.15193344037161186,0.4
100747,2025-10,0,0.437730093546715,0.7
101189,2025-10,0,0.2779377321156485,0.7
101178,2025-12,0,0.4785665265211147,0.5
100907,2025-10,1,0.5849540568033085,0.9
100932,2025-12,0,0.11339691308633709,0.6
101189,2025-11,0,0.09625315383440114,0.7
100522,2025-12,0,0.19795646712292075,0.3
101895,2025-11,1,0.3256180239164398,0.9
101894,2025-11,1,0.23745670832965846,0.4
101520,2025-10,0,0.25592450967773644,0.4
100731,2025-10,0,0.19288094189664345,0.5
100274,2025-12,0,0.08920677795461138,0.2
101044,2025-12,1,0.575476662378254,1.0
101875,2025-10,0,0.305756527174955,0.7
101943,2025-11,0,0.35544905308423447,0.4
100110,2025-11,0,0.09571773378216421,0.4
100098,2025-11,0,0.04267487544152449,0.2
101310,2025-10,0,0.38603946197320826,0.5
100445,2025-12,0,0.08618405857952001,0.1
100501,2025-12,0,0.24033939637360763,0.7
100837,2025-12,0,0.14404996317779883,0.1
100087,2025-12,0,0.22495622325969272,0.4
100570,2025-10,0,0.24241950311516805,0.4
100017,2025-10,0,0.35435728096470415,1.0
101618,2025-10,1,0.23742820637032644,0.6
100400,2025-12,0,0.11725689062320636,0.3
101504,2025-12,0,0.1603679383597975,0.3
100196,2025-12,0,0.16024316826001628,0.6
101305,2025-12,0,0.5098292213699558,1.0
101724,2025-11,1,0.7310521753318081,1.0
101428,2025-11,1,0.1998330936316554,0.8
100059,2025-10,0,0.09531330254648211,0.2
101774,2025-12,0,0.28359520965149604,0.9
101236,2025-12,1,0.0741938805047279,0.2
100582,2025-10,0,0.31010713250244903,0.5
100918,2025-12,0,0.06741500224196555,0.1
100254,2025-10,1,0.12811804544769095,0.2
100296,2025-12,0,0.6705148279064153,1.0
100118,2025-12,0,0.3134192604944424,0.5
101942,2025-10,0,0.04437203443550585,0.1
101197,2025-10,0,0.22636074719211854,0.6
101257,2025-10,0,0.2051158847646856,0.5
101423,2025-10,0,0.616541027868143,0.8
102014,2025-11,0,0.13170257792654233,0.4
101367,2025-11,1,0.4325797924078718,1.0
100970,2025-10,1,0.13238622811388262,0.3
100361,2025-11,0,0.6979105986734214,1.0
102052,2025-10,0,0.23678467335961412,0.5
101731,2025-11,1,0.5860781725351635,0.6
101002,2025-12,0,0.14404484178643584,0.2
101707,2025-10,0,0.24993909108217285,0.5
100674,2025-11,0,0.11423932919519478,0.2
100346,2025-10,0,0.2157857723115668,0.1
100317,2025-12,0,0.04028608275507193,0.1
100949,2025-11,0,0.3099337930760001,0.6
100964,2025-12,0,0.35389261261215416,0.1
101671,2025-10,0,0.2906341733104814,0.7
101749,2025-12,0,0.5392974817516215,0.7
101082,2025-11,1,0.17604071226630036,0.1
101048,2025-10,1,0.32231810524844434,0.3
101329,2025-10,0,0.13053650918057583,0.2
100417,2025-12,0,0.2541237157870888,0.5
102041,2025-10,0,0.2978344527533136,0.4
101171,2025-11,0,0.0653961080483072,0.1
100817,2025-11,1,0.5738219049987848,1.0
100962,2025-12,0,0.30297004369909036,0.2
102010,2025-11,0,0.3045209545880513,0.6
100643,2025-11,0,0.3605369641468693,0.7
101495,2025-12,0,0.11267364820790371,0.5
101543,2025-10,1,0.6886682824201227,1.0
100863,2025-12,0,0.18371882196771758,0.6
101084,2025-11,1,0.7282000552111337,1.0
101383,2025-11,0,0.044790128449120656,0.1
101847,2025-11,0,0.09506284807560104,0.3
101359,2025-10,0,0.16195475879474028,0.5
102003,2025-11,1,0.05211436708538898,0.1
101308,2025-10,0,0.2704060709854,0.4
101396,2025-11,0,0.06343387069017038,0.1
100162,2025-12,0,0.42238135250537434,0.8
100308,2025-12,0,0.5689962419883727,0.8
101775,2025-10,0,0.12989430652724127,0.3
101727,2025-10,1,0.7367275857250862,1.0
101163,2025-11,0,0.44450951305494174,0.6
101969,2025-12,0,0.1743876711846983,0.2
100416,2025-12,1,0.1805147054698337,0.1
100419,2025-12,0,0.17235669611991355,0.4
100293,2025-12,0,0.03497965649365598,0.1
101550,2025-10,0,0.3819565573669689,0.7
101824,2025-11,1,0.3491266286707542,0.6
100692,2025-11,0,0.22889766377211493,0.4
101796,2025-12,0,0.1439624904598335,0.1
100628,2025-10,0,0.42107369864426186,0.7
100439,2025-10,0,0.08807423494481022,0.4
101102,2025-12,0,0.5924505168155251,0.9
100905,2025-11,1,0.6809719129613983,0.7
100384,2025-10,0,0.1745934407738035,0.2
100989,2025-11,0,0.14203738346120648,0.3
100985,2025-11,1,0.5192515963365439,0.9
100843,2025-12,0,0.31724496493917315,0.6
101634,2025-10,0,0.4071429972138006,0.8
101768,2025-11,0,0.3574023835183312,0.8
100563,2025-10,0,0.03900890643050914,0.2
101980,2025-12,1,0.3062287720690974,0.7
101761,2025-11,1,0.7422222301952252,1.0
101313,2025-10,0,0.10114461121113093,0.6
101489,2025-12,0,0.7429358242624361,1.0
101387,2025-10,0,0.24140925298306556,0.4
102087,2025-11,0,0.08462313961471386,0.1
100609,2025-10,0,0.36434781584557274,1.0
100639,2025-11,0,0.17187767188644518,0.2
100468,2025-11,1,0.11399157075527577,0.2
100113,2025-10,0,0.3384895904245692,0.9
101713,2025-11,0,0.2569714410029008,0.7
102024,2025-10,0,0.09042147339525264,0.6
101056,2025-10,1,0.12979149731552744,0.3
101047,2025-10,0,0.05093692320079214,0.3
101895,2025-12,1,0.5266413628466721,0.9
100126,2025-11,0,0.17666733914982885,0.4
100095,2025-10,0,0.43746296033969373,0.6
100874,2025-11,1,0.38232128800482423,0.5
100950,2025-11,0,0.40161467596420597,0.8
100310,2025-12,0,0.4523416016186717,0.5
100054,2025-12,0,0.060787031177034566,0.4
102012,2025-12,1,0.6676216526213558,0.8
100034,2025-11,1,0.5192896665482367,0.9
101997,2025-11,0,0.16109031559415884,0.4
101804,2025-10,1,0.749264979137744,0.8
100189,2025-12,1,0.6606313584817015,0.8
100324,2025-12,1,0.5929404730813016,0.8
100411,2025-12,1,0.36067815520578717,0.8
101585,2025-10,0,0.35980787404678616,0.7
101072,2025-12,0,0.07497459124041968,0.3
100672,2025-12,0,0.6805825948619855,1.0
101927,2025-10,1,0.5676890052601874,0.8
102070,2025-10,0,0.06651377534831893,0.3
101901,2025-11,0,0.5431583722624997,0.8
100439,2025-11,0,0.29934735563268305,0.4
101944,2025-12,0,0.572479756095678,0.9
100585,2025-11,0,0.3837902239670335,1.0
100134,2025-10,0,0.36515030647413826,0.8
100395,2025-10,0,0.12379603988027037,0.3
101614,2025-10,0,0.21648700136344037,0.3
100378,2025-10,0,0.05562806425131133,0.4
100963,2025-10,0,0.2599759126594307,0.5
101420,2025-10,0,0.275419829892476,0.5
100301,2025-11,0,0.3739279907970896,0.4
100066,2025-10,0,0.723049539212937,1.0
102006,2025-12,0,0.2561429617597099,0.7
100004,2025-12,0,0.3201907066023966,0.6
101818,2025-10,0,0.33984321224216796,0.2
100352,2025-10,0,0.12931053463407077,0.2
100860,2025-12,0,0.3273239795529797,0.4
100427,2025-12,1,0.7022640920091163,0.9
101071,2025-12,0,0.3378893955944534,1.0
101862,2025-11,0,0.11683574829263216,0.2
101178,2025-11,0,0.16006028139128087,0.5
101325,2025-12,1,0.576756294492579,0.7
101174,2025-11,0,0.29005646031579235,0.8
101232,2025-10,1,0.627760008018014,0.9
100135,2025-10,1,0.31920210460281445,0.3
100294,2025-12,0,0.2188810313667194,0.7
101068,2025-10,1,0.5252665444618262,0.6
100149,2025-10,1,0.6794494544784621,0.8
100338,2025-11,0,0.2935165640706851,0.5
100186,2025-10,0,0.18501285096601644,0.5
100071,2025-12,0,0.08134589072214585,0.5
100240,2025-10,1,0.29638046649802796,0.5
100320,2025-10,0,0.3872995504773124,0.9
100688,2025-12,0,0.09967067124497293,0.3
100709,2025-11,0,0.18330515716625403,0.3
100115,2025-12,1,0.5737261172261922,1.0
100403,2025-10,0,0.09455409843664146,0.3
100279,2025-10,0,0.1502427876155457,0.4
101463,2025-11,0,0.07572939325505158,0.3
100797,2025-10,0,0.08484322508283856,0.5
100823,2025-12,1,0.791971340903801,1.0
100461,2025-10,0,0.2989237209587147,0.9
101049,2025-10,0,0.20440270840912014,0.1
101198,2025-12,0,0.1746067387915339,0.4
100819,2025-10,0,0.2036252042027942,0.7
100856,2025-11,0,0.41788930086772275,0.9
101488,2025-10,0,0.2891315787843571,0.7
101915,2025-12,0,0.09764255100581562,0.2
100083,2025-12,0,0.5185314834464017,0.9
101501,2025-10,0,0.07037368373413619,0.4
100889,2025-12,0,0.22232254092571607,0.3
100493,2025-12,0,0.12430273920224717,0.3
101028,2025-12,0,0.18170595113637167,0.6
101018,2025-12,0,0.4114220933896895,0.8
101321,2025-11,0,0.3563607299312139,0.5
101356,2025-11,0,0.24950615339602017,0.8
100877,2025-11,0,0.5286264517086273,1.0
100816,2025-12,0,0.08615050046953192,0.1
101455,2025-11,0,0.412711139062393,1.0
100619,2025-10,1,0.06695952492159996,0.1
100321,2025-11,1,0.37003904317779956,0.4
100548,2025-10,1,0.556031071245666,0.7
101306,2025-10,0,0.07775549804159544,0.3
100258,2025-11,0,0.2550304003595236,0.6
102005,2025-10,1,0.6505786996220009,0.9
101236,2025-10,0,0.04684532763955991,0.2
101508,2025-10,0,0.14898581912994924,0.5
100982,2025-10,0,0.10610333623053415,0.1
101654,2025-11,0,0.0597458011516391,0.1
100355,2025-10,0,0.13375550734308983,0.5
100912,2025-11,1,0.7032184842887601,1.0
100339,2025-11,0,0.08410541561079524,0.3
100770,2025-10,0,0.07931299964349003,0.5
100651,2025-12,0,0.4145766355290977,0.8
101637,2025-11,0,0.11176132810956861,0.4
100019,2025-12,0,0.1630316522089035,0.3
100425,2025-10,1,0.3114493963993862,0.9
101961,2025-10,1,0.37775235284588554,0.8
101246,2025-11,0,0.3663642649625502,1.0
102080,2025-10,1,0.41846939929637217,0.8
101388,2025-10,0,0.06941604518975891,0.1
101248,2025-10,0,0.3542816883011249,0.5
100158,2025-11,0,0.0430151986492407,0.2
100990,2025-10,0,0.2810594508770697,1.0
101028,2025-11,0,0.2840286538169838,0.6
101362,2025-10,0,0.3118892225063692,0.6
102018,2025-12,0,0.015657211306454696,0.1
102004,2025-12,0,0.3601704844383722,0.4
100238,2025-11,1,0.4562157965610392,0.9
100130,2025-12,1,0.7980121547110962,0.9
100738,2025-10,0,0.11209365919562742,0.5
101075,2025-11,0,0.27891466718156405,0.7
101441,2025-11,1,0.5572710422540834,0.8
100561,2025-12,0,0.07908727596820375,0.3
100097,2025-12,0,0.02428228889670741,0.1
100723,2025-12,1,0.5478852740603836,0.6
100992,2025-12,1,0.7845773378222594,1.0
101836,2025-12,0,0.18486143700788193,0.1
101742,2025-11,0,0.1109966620374248,0.7
100201,2025-11,0,0.05837146952710392,0.1
101104,2025-11,1,0.6298693522033477,0.8
101646,2025-11,1,0.36519332252748066,0.5
101311,2025-12,0,0.19616241419625333,0.7
100156,2025-12,0,0.27149942330739074,0.6
100399,2025-12,1,0.4218417244648753,0.9
101081,2025-10,1,0.17331160320680244,0.3
101708,2025-12,0,0.06769014094796261,0.5
100144,2025-12,0,0.2449679975072062,0.7
101870,2025-10,0,0.4703254888011038,0.9
101632,2025-11,1,0.24311685879540282,0.2
100143,2025-12,0,0.4307962104675078,0.8
101567,2025-10,0,0.03705193630411462,0.2
101657,2025-11,0,0.15640801236348856,0.7
101462,2025-12,0,0.4280725044084151,0.6
101259,2025-11,1,0.6781936101588497,1.0
100626,2025-11,0,0.5400797820025607,0.7
100818,2025-11,1,0.5635241273247542,0.8
100390,2025-11,0,0.4545563168493391,0.8
100450,2025-10,0,0.05073793230123122,0.1
101978,2025-10,0,0.04778495663687523,0.2
101956,2025-11,0,0.4569550294370088,0.9
101872,2025-11,0,0.3702981072230933,0.8
101978,2025-12,1,0.06495458633758946,0.2
101399,2025-10,0,0.060150773405935186,0.2
100406,2025-12,1,0.2283625813804453,0.5
101604,2025-11,0,0.4397292697890282,0.6
100349,2025-10,0,0.2189341137090812,0.8
101151,2025-10,1,0.022408075509047144,0.2
100558,2025-12,0,0.17845637110064877,0.5
101045,2025-11,1,0.7601906693428576,0.9
100289,2025-11,0,0.21726618811789195,0.8
100641,2025-10,1,0.33912795271002555,0.5
101882,2025-10,1,0.7949162367754425,0.9
100545,2025-10,0,0.14880934023040499,0.2
101526,2025-12,0,0.05322946651282138,0.3
102027,2025-12,1,0.6482721662326891,0.9
100456,2025-12,1,0.4348595778328322,0.6
101852,2025-10,1,0.3818959898445584,0.5
101470,2025-10,0,0.4471754961959801,0.7
100924,2025-12,1,0.42541890799500437,0.9
101733,2025-11,0,0.11088688862668059,0.4
101799,2025-11,1,0.45953210327121197,0.7
101456,2025-12,0,0.05523367533093237,0.1
100460,2025-12,0,0.09094935114614658,0.3
100294,2025-11,0,0.4991494893903749,0.7
101809,2025-11,1,0.4000682939771297,0.9
100517,2025-12,0,0.11707284301528913,0.5
100925,2025-12,0,0.41170992390621824,1.0
100318,2025-12,0,0.10276077083340722,0.3
100194,2025-10,0,0.18212202856066834,0.8
100078,2025-12,0,0.3354600729511968,1.0
101464,2025-10,1,0.4242077168252405,0.9
101717,2025-12,0,0.04973591483742289,0.2
100653,2025-10,0,0.6731589309523479,0.9
100948,2025-11,0,0.4214497810122164,0.8
101905,2025-10,1,0.4179243379734727,0.7
101226,2025-11,0,0.6622535491472931,0.9
100836,2025-11,0,0.05276802187289158,0.4
101264,2025-11,1,0.6453114529203939,0.9
101491,2025-12,0,0.29709874385462226,0.4
101777,2025-12,0,0.5159402098795722,0.8
100898,2025-12,0,0.4487282294353479,0.9
101600,2025-10,0,0.5109862558331338,0.7
101289,2025-10,1,0.045050012166246635,0.1
101494,2025-11,0,0.22114283833364004,0.6
101140,2025-12,1,0.5863501685425293,1.0
101927,2025-12,1,0.6546461813374531,0.8
101872,2025-10,0,0.5862446970388713,0.8
101838,2025-11,0,0.4554274781034782,0.7
100842,2025-11,0,0.051186885630138915,0.2
101250,2025-10,0,0.44282801965932966,0.5
101524,2025-10,1,0.2730707929616364,0.6
101421,2025-11,1,0.6029870376809637,0.9
100139,2025-12,0,0.20658244064713144,0.9
100733,2025-11,0,0.30090156280152247,0.6
100445,2025-10,0,0.08439857496551041,0.1
100743,2025-10,0,0.1303970572136408,0.4
101130,2025-11,0,0.17749720714966366,0.1
101277,2025-10,0,0.7402226174300855,0.8
100206,2025-12,1,0.6227851552994041,0.8
100405,2025-10,0,0.11896803220491338,0.1
100341,2025-10,1,0.3655217050759155,0.7
100665,2025-12,1,0.6785715270341263,1.0
101153,2025-12,0,0.07001720131575111,0.3
101465,2025-11,1,0.5299395399468702,0.6
100620,2025-12,1,0.4222982139364774,0.8
100998,2025-11,0,0.16756802130783788,0.4
101516,2025-10,0,0.39741903649883475,1.0
101178,2025-10,0,0.38318339279479385,0.5
100394,2025-12,0,0.11196123419784935,0.2
100052,2025-11,1,0.5013155146440464,0.9
100438,2025-11,1,0.20361992223072445,0.3
101190,2025-11,0,0.09528370480237892,0.1
101521,2025-11,0,0.18920278106795868,0.2
101876,2025-11,0,0.5407684376439172,0.7
101284,2025-12,0,0.15032885810741767,0.1
101745,2025-10,0,0.12284835131724373,0.1
100055,2025-10,0,0.27667358578584067,0.5
100106,2025-11,1,0.7270656763600966,0.9
100242,2025-10,0,0.41638055065002655,1.0
101563,2025-11,0,0.027379883899054065,0.2
101054,2025-12,1,0.521177797310127,0.6
101403,2025-10,0,0.11042914779747112,0.6
100597,2025-10,1,0.33879852078352296,0.3
101645,2025-12,0,0.38610733261703584,1.0
101208,2025-12,1,0.3180748269294434,0.5
101085,2025-10,0,0.23403754211700684,0.4
102024,2025-12,1,0.14849049203749262,0.6
101950,2025-11,1,0.667463264440368,0.7
100750,2025-10,0,0.24980763111930604,0.4
100205,2025-10,0,0.36090560541282357,0.5
101633,2025-12,0,0.1886231358531358,0.2
100591,2025-12,0,0.41799280266103933,0.9
100113,2025-12,0,0.39560740825002577,0.9
100727,2025-12,1,0.5663602613692741,0.9
100256,2025-10,0,0.45590198473154747,1.0
101267,2025-12,1,0.39490746704233287,0.4
102047,2025-10,1,0.1080471054057844,0.1
100896,2025-12,0,0.1673443352135439,0.3
100300,2025-10,1,0.7069280208795085,1.0
101772,2025-12,1,0.7137097122716797,1.0
101304,2025-12,0,0.15784440795411475,0.6
100030,2025-10,0,0.19103290057020744,0.3
100868,2025-12,1,0.39521586207637965,0.8
100366,2025-10,0,0.12878800154568024,0.8
100922,2025-10,0,0.20387105799644628,0.3
101558,2025-10,0,0.20661798838332554,0.2
101898,2025-10,0,0.3549958287530795,0.6
100468,2025-12,0,0.03373266579450473,0.2
100684,2025-11,0,0.6586793981089692,1.0
101639,2025-10,0,0.7105250757208699,1.0
101624,2025-12,0,0.19351896197375063,0.9
100680,2025-10,0,0.32978987680985666,0.4
101288,2025-12,0,0.06973355761434248,0.5
100765,2025-10,0,0.5303246835380984,0.7
101000,2025-10,0,0.099668737461722,0.3
101515,2025-10,0,0.028636671081509045,0.1
100746,2025-11,0,0.3779835781789288,0.9
101560,2025-11,0,0.15380988280017832,0.7
101062,2025-11,1,0.26577080036160594,0.4
101854,2025-11,1,0.5112450653081733,0.9
100492,2025-12,0,0.18375219531440148,0.7
100094,2025-12,0,0.10111134610585003,0.1
101022,2025-10,0,0.3039938897236416,0.6
101517,2025-12,0,0.024270462327773835,0.4
101651,2025-11,0,0.02834455488724379,0.1
100966,2025-11,0,0.2565581914823013,0.8
100372,2025-12,0,0.43894329870851695,0.8
100757,2025-11,0,0.27630780450463466,0.9
101467,2025-11,0,0.1764030171290577,0.3
101846,2025-11,0,0.3991448962145264,0.7
100206,2025-10,0,0.2531739793417258,0.8
101412,2025-12,0,0.30846092984154866,1.0
101831,2025-11,1,0.51386705938547,0.7
101297,2025-11,0,0.07896711631145223,0.1
100299,2025-11,0,0.4839077929924998,0.6
101908,2025-11,0,0.24901484022009301,0.3
100259,2025-10,0,0.32802614757706816,0.7
101861,2025-11,0,0.1885367118725172,0.6
101709,2025-10,1,0.5600847166983797,1.0
100576,2025-10,0,0.1343574473109445,0.2
100948,2025-12,0,0.2024091997399544,0.8
101692,2025-11,1,0.5419244122385085,1.0
100140,2025-10,0,0.042454485966957826,0.1
101065,2025-11,0,0.06176588108094186,0.1
100923,2025-12,0,0.6266368032388174,0.9
101716,2025-12,0,0.350588996010876,0.3
100030,2025-12,1,0.21133112054471254,0.3
100681,2025-12,0,0.2981789173413612,0.9
100229,2025-10,1,0.565868814322828,1.0
100354,2025-12,0,0.18289229810699797,0.1
101647,2025-12,0,0.6102301741374122,0.9
102020,2025-10,0,0.0681623390003698,0.3
100029,2025-10,1,0.4902976531108442,0.9
100082,2025-10,0,0.20712374808703463,0.7
101100,2025-11,0,0.3324191916637779,0.7
101476,2025-12,0,0.1399792397223656,0.1
101691,2025-11,0,0.24891075506612287,0.8
100916,2025-12,0,0.06188758448918875,0.1
101758,2025-10,0,0.18414657909676505,0.5
101594,2025-11,1,0.6678921325798443,0.9
100166,2025-12,0,0.22221035277266624,1.0
100987,2025-10,0,0.25126332847363686,0.6
102099,2025-12,1,0.22154349720062966,0.8
101657,2025-12,0,0.2832098287990106,0.7
101999,2025-10,0,0.46933655477103703,0.7
101435,2025-11,1,0.5587048021699893,0.6
100768,2025-11,1,0.625310366559969,0.9
100887,2025-12,0,0.15601149058643063,0.5
101612,2025-12,1,0.31157198906121364,0.7
101285,2025-12,1,0.7317377427282332,0.9
100783,2025-10,0,0.3547254542625975,0.6
100673,2025-12,1,0.3992263230218051,0.4
100739,2025-12,0,0.2381556148864715,0.4
100177,2025-12,0,0.32267285505668036,0.9
101198,2025-10,0,0.12407033305001743,0.4
101569,2025-11,0,0.26837456751331235,1.0
101587,2025-11,0,0.03714600151374383,0.1
101607,2025-10,1,0.6817494047405392,1.0
101296,2025-10,0,0.5950599062518543,0.8
101284,2025-10,0,0.1405264261121249,0.1
100890,2025-12,0,0.3556966760571826,0.3
101743,2025-11,1,0.42262315909860426,0.4
101785,2025-11,0,0.09954124577975723,0.3
101708,2025-11,0,0.3489619187000473,0.5
101282,2025-10,0,0.577529790198601,1.0
101783,2025-11,0,0.6409015321882223,1.0
101993,2025-11,0,0.07433360661301192,0.2
101596,2025-11,1,0.34304487263333255,0.7
101930,2025-11,0,0.025897248611711297,0.1
101873,2025-12,0,0.2285642439940731,0.6
101538,2025-11,0,0.1781199212785816,0.2
101620,2025-11,0,0.3690995340685607,1.0
101274,2025-10,0,0.29102220275507806,0.6
100397,2025-11,1,0.3274051889225432,0.3
101495,2025-10,0,0.2559113790076024,0.5
100131,2025-12,0,0.4102238759891376,0.7
101218,2025-10,0,0.06407835256987933,0.5
100337,2025-10,0,0.2779126974005602,0.9
100014,2025-11,0,0.30674317900711207,0.8
101960,2025-12,0,0.3793100327157565,0.4
100788,2025-11,1,0.6678400435321691,0.8
100223,2025-12,0,0.0898686758540953,0.3
101233,2025-10,0,0.3295328533011249,0.8
100155,2025-11,0,0.11779343180574127,0.7
100910,2025-10,0,0.26756867140190643,0.9
100190,2025-10,1,0.4459683491064707,0.5
100485,2025-11,1,0.4008634307304983,1.0
100375,2025-11,1,0.6521575256370634,0.9
100749,2025-12,0,0.21792631521546257,0.6
100668,2025-10,0,0.15480064939215168,0.7
101557,2025-12,0,0.11745653352731304,0.6
101215,2025-11,0,0.4896294883370391,0.9
101909,2025-10,1,0.6115818655447567,1.0
101774,2025-11,1,0.5067640852228199,0.9
101099,2025-10,0,0.38003176141986916,0.5
101017,2025-12,0,0.1989761655552065,0.1
101517,2025-11,0,0.03461036507750878,0.4
101339,2025-10,0,0.38013103210594396,0.5
100130,2025-10,1,0.4270162357817465,0.9
100654,2025-11,1,0.20454767288309966,0.5
100271,2025-11,1,0.5017528625045965,0.8
100169,2025-12,0,0.209102431142861,0.3
101932,2025-11,0,0.626712398234895,0.7
100062,2025-10,0,0.04735068482978733,0.2
101317,2025-12,0,0.34571051069927183,0.9
100762,2025-12,0,0.2886985601793442,0.9
100528,2025-10,0,0.07477981746762273,0.4
101636,2025-12,1,0.6080485193891568,0.9
101879,2025-11,0,0.12070455134378101,0.3
100762,2025-11,0,0.3564168305754958,0.9
100988,2025-10,1,0.0958983947056232,0.3
101672,2025-11,1,0.7108155076876922,1.0
101885,2025-12,0,0.5254557193426929,0.8
101999,2025-12,1,0.23902249013602256,0.7
101388,2025-11,0,0.10673877982652209,0.1
100705,2025-12,0,0.42588682961417584,0.5
101177,2025-10,1,0.20534788466495232,0.4
100160,2025-12,0,0.24813464796917922,0.2
101125,2025-12,0,0.5916595385174873,0.7
100404,2025-11,0,0.07541096181558586,0.2
101348,2025-10,0,0.17844919359861305,0.6
100181,2025-12,0,0.028632629145514562,0.1
101561,2025-12,0,0.568252695012699,0.7
100925,2025-11,1,0.5944786903064475,1.0
101761,2025-10,0,0.4453662807874759,1.0
100404,2025-10,1,0.09206007706854205,0.2
100928,2025-11,1,0.4842182273021124,0.7
101723,2025-12,0,0.5984566724276457,0.8
101613,2025-10,0,0.6363612015893497,1.0
101818,2025-12,0,0.3012614141798835,0.2
100942,2025-11,0,0.18235891927813802,0.7
101509,2025-12,1,0.6879436845214862,0.8
100866,2025-11,0,0.2146869030712922,0.4
102072,2025-12,0,0.19261406681532758,0.3
101110,2025-12,0,0.2923839034496895,0.5
100125,2025-12,0,0.056197871551414626,0.3
100747,2025-11,1,0.23578605436920463,0.7
100930,2025-10,0,0.15787780206967947,0.5
101402,2025-11,1,0.1858762691014846,0.2
100860,2025-10,0,0.3278702121941863,0.4
100808,2025-12,0,0.06297560366473802,0.3
100701,2025-12,1,0.36262856420092293,0.5
100852,2025-10,0,0.5845049271779346,0.8
100217,2025-10,0,0.13862465297834764,0.1
101067,2025-12,0,0.4882465233846101,1.0
101138,2025-11,0,0.3278719077229486,0.3
101216,2025-10,1,0.5404249288564464,0.7
102074,2025-12,1,0.38354047405222796,0.5
100603,2025-10,0,0.12231451985926037,0.8
101399,2025-11,0,0.0321202471634334,0.2
101544,2025-11,1,0.5104054095608666,0.7
100365,2025-11,0,0.48910645990599627,0.8
101316,2025-10,0,0.05572032541210822,0.4
101093,2025-10,0,0.22421222570766872,0.3
100744,2025-11,0,0.5045158345995816,1.0
101505,2025-10,1,0.717327830467928,1.0
100234,2025-12,1,0.4637970441648568,0.7
100386,2025-12,1,0.23380181082305215,0.7
101885,2025-10,0,0.38820384149778664,0.8
100855,2025-10,0,0.45381457443698825,0.7
100885,2025-12,0,0.08660293898615233,0.2
100314,2025-11,1,0.36670966956236967,0.9
100085,2025-12,0,0.07844596585044926,0.1
100272,2025-12,0,0.5399692236338447,0.5
100309,2025-11,0,0.07388593568591896,0.4
100182,2025-10,0,0.09945755675281939,0.3
100127,2025-10,0,0.32532159813159833,0.4
101458,2025-10,1,0.1684532547338121,0.3
101902,2025-11,0,0.2655748322273026,0.7
100449,2025-10,0,0.6081765364301633,0.8
101605,2025-10,0,0.3089671881260596,0.8
100796,2025-10,0,0.474972993241747,0.9
100866,2025-10,0,0.15359119268143073,0.4
100501,2025-10,0,0.332231527830852,0.7
101050,2025-12,0,0.16428798303999723,0.7
100041,2025-10,1,0.3887517577580282,1.0
101576,2025-11,0,0.3331380440304919,0.8
100473,2025-11,0,0.35684717188148285,0.4
100285,2025-11,0,0.3544792233839657,0.6
102079,2025-11,0,0.5507930794102189,1.0
101757,2025-10,0,0.17602858149432193,0.5
100464,2025-11,0,0.06179112222320232,0.1
101644,2025-11,0,0.1444163572234899,0.3
101391,2025-10,0,0.4372928144562512,0.9
101707,2025-11,0,0.14153059150185945,0.5
101139,2025-12,1,0.6290652170955296,0.8
101480,2025-12,1,0.13313047778686118,0.6
101826,2025-11,0,0.3444326286695277,0.8
101679,2025-10,1,0.2911271538219476,0.6
100804,2025-11,0,0.3449484397042658,0.6
100186,2025-12,1,0.3717066438259617,0.5
100004,2025-10,0,0.2938510581272282,0.6
102075,2025-10,0,0.4950934262388501,0.9
101324,2025-11,0,0.18951627056064668,0.3
100225,2025-10,0,0.48611620466306715,0.9
100504,2025-11,0,0.047047268107688646,0.4
100735,2025-11,0,0.26695811745891773,0.6
101890,2025-10,1,0.7194158780306836,1.0
100578,2025-11,0,0.32498204057541713,0.9
101105,2025-11,1,0.40142575010319753,0.5
101007,2025-10,0,0.08762656988081644,0.1
100182,2025-11,0,0.24548367102392898,0.3
101972,2025-12,0,0.33507085138130727,0.3
100023,2025-10,0,0.18918780727445075,0.5
101621,2025-10,0,0.05403533007489831,0.2
100386,2025-10,1,0.41119735497011917,0.7
100940,2025-10,0,0.10343262096981036,0.2
100370,2025-10,0,0.10661302646805568,0.2
101616,2025-11,0,0.14039208860378244,0.4
101515,2025-12,1,0.2013483576628629,0.1
100677,2025-11,1,0.19711432527216208,0.3
101533,2025-12,1,0.38243203227932626,0.7
101406,2025-11,0,0.6669645785022019,1.0
101624,2025-11,1,0.46301488779635663,0.9
101903,2025-11,1,0.504548768940569,0.9
100758,2025-11,1,0.394662237483644,1.0
101622,2025-10,1,0.3926124116566525,0.4
100513,2025-12,0,0.10677248557099456,0.1
100561,2025-11,0,0.06575649949991841,0.3
100653,2025-12,0,0.5208373572032887,0.9
101599,2025-11,0,0.1849468196683899,0.7
101579,2025-12,1,0.5140227136480919,0.7
100034,2025-12,1,0.8108039377195113,0.9
101572,2025-11,1,0.632245073194666,0.8
101142,2025-11,0,0.1112693782690843,0.4
100892,2025-12,0,0.33987033724159493,1.0
100906,2025-12,1,0.35101272397903965,0.4
101445,2025-11,0,0.027428447560562147,0.1
101722,2025-12,0,0.1928730750740547,0.4
100123,2025-11,0,0.42309545060172965,1.0
101989,2025-12,0,0.23703091563514186,0.4
102092,2025-10,0,0.06214654333670452,0.3
100708,2025-11,0,0.42087217909226954,1.0
100959,2025-10,0,0.3260550259663575,0.9
101758,2025-11,0,0.27159386202723385,0.5
101071,2025-11,1,0.6574149267845829,1.0
101553,2025-11,0,0.2494272273135376,0.5
100080,2025-11,1,0.3146985844628462,0.5
101214,2025-11,0,0.33084490413456114,0.3
101446,2025-11,0,0.30258838838601543,0.8
100977,2025-11,1,0.49614071869361764,1.0
101559,2025-10,0,0.07110753071649557,0.3
100193,2025-10,1,0.850162808840461,1.0
100014,2025-10,0,0.2974744922268799,0.8
100264,2025-12,0,0.3954159918748939,0.9
101465,2025-12,0,0.2198938101655787,0.6
100994,2025-11,0,0.051218569336351855,0.1
101751,2025-10,0,0.3363765237947677,0.6
100323,2025-12,0,0.39844352393059324,0.7
101928,2025-12,0,0.7249665978249319,1.0
100175,2025-11,0,0.4399661199932961,1.0
100933,2025-12,0,0.36931494938072984,0.7
101752,2025-10,1,0.6835122581302531,1.0
101469,2025-10,1,0.3342951320342453,0.6
100203,2025-11,1,0.6577344594253565,0.9
100649,2025-12,1,0.483868390528848,0.6
101857,2025-10,1,0.8288022357213283,1.0
100140,2025-11,0,0.018912466236358578,0.1
100706,2025-11,0,0.16101925857695795,0.5
100895,2025-11,0,0.17182777038987745,0.4
100268,2025-10,0,0.2723112542935088,0.5
100761,2025-11,0,0.5196760511732171,0.6
101986,2025-10,1,0.575121810037633,0.9
101534,2025-10,1,0.5845979780940115,0.9
100284,2025-10,0,0.1107203123435453,0.2
100972,2025-12,0,0.18411104186201552,0.2
100343,2025-12,1,0.2619000344752256,0.4
100556,2025-10,0,0.0909798460273431,0.3
100475,2025-12,1,0.26501855950761527,0.6
101354,2025-12,0,0.22500332283569097,0.5
101567,2025-12,0,0.05583268198910458,0.2
100021,2025-12,0,0.08873720843121541,0.2
100121,2025-12,0,0.07269023089061177,0.1
100003,2025-11,0,0.3056682789252502,0.8
101726,2025-12,1,0.7172824538142943,1.0
101305,2025-10,0,0.33726184075408616,1.0
100994,2025-12,0,0.0875995316543718,0.1
101969,2025-10,0,0.0960112060458187,0.2
101411,2025-10,0,0.31848677505912276,0.8
101705,2025-12,0,0.2545301911068386,0.4
100457,2025-12,0,0.1329527867475185,0.4
100707,2025-12,0,0.060895552566593465,0.2
101110,2025-10,0,0.4651225891078892,0.5
101407,2025-10,0,0.047138718925886856,0.3
101803,2025-10,0,0.141064121649619,0.5
101808,2025-12,1,0.3043515387441633,0.7
101454,2025-12,0,0.07520899453681065,0.6
102094,2025-12,0,0.345123054551856,1.0
101321,2025-12,0,0.23094217141574944,0.5
100327,2025-11,0,0.24610236145838024,0.6
101126,2025-11,0,0.18738577652459934,0.3
100158,2025-12,0,0.09858058082510109,0.2
100380,2025-10,0,0.3431964670017198,0.8
101728,2025-12,0,0.04441162883011714,0.1
100201,2025-12,0,0.16591447000616127,0.1
100237,2025-12,0,0.14244501410754531,0.4
100530,2025-10,1,0.7233605598191631,1.0
101255,2025-11,1,0.40730751748004085,0.4
101578,2025-10,1,0.613348406938181,1.0
100545,2025-11,0,0.061518629242992486,0.2
101326,2025-12,0,0.05857266720511107,0.2
101709,2025-11,0,0.2841600456252372,1.0
101059,2025-10,0,0.22815295862500595,0.6
100962,2025-11,0,0.1169231593848871,0.2
100834,2025-12,0,0.023551928823008505,0.1
100541,2025-11,1,0.3551192446562286,0.7
101376,2025-11,0,0.07348922622026316,0.1
101652,2025-12,0,0.12800939342572168,0.3
100867,2025-12,0,0.5708310953324195,0.7
100381,2025-11,1,0.16142356935871738,0.7
100853,2025-11,0,0.3292055085297718,0.6
101671,2025-12,0,0.37907834055621203,0.7
101639,2025-11,0,0.42234151297793304,1.0
100963,2025-12,0,0.10781197419125729,0.5
101687,2025-10,0,0.081764551349128,0.4
100631,2025-11,1,0.18905777905125115,0.7
101922,2025-11,0,0.47843452076624404,1.0
101276,2025-10,1,0.6467274147302591,1.0
100252,2025-12,1,0.2702268264823378,0.7
101319,2025-10,1,0.823116955285186,1.0
100526,2025-10,1,0.655014341557224,0.9
100295,2025-11,1,0.4955289745348947,0.5
101207,2025-12,0,0.2914777861161935,0.8
101079,2025-10,1,0.18090201121321475,0.2
101736,2025-11,0,0.28411291074375444,0.7
100189,2025-10,0,0.3952686546909877,0.8
100447,2025-11,0,0.4155669572525491,0.5
100790,2025-12,0,0.38201189306434863,0.7
100902,2025-11,0,0.3959186725691868,0.8
100047,2025-10,0,0.24634630774219915,0.2
102035,2025-11,0,0.10141534930275836,0.5
100392,2025-12,1,0.34519715519991123,0.2
101916,2025-10,0,0.42973403728758297,1.0
100340,2025-10,0,0.28363174085167836,1.0
102051,2025-12,1,0.33952208553207297,1.0
101106,2025-11,0,0.2658040618329893,0.5
101351,2025-11,0,0.18399218125749064,0.2
100264,2025-11,0,0.5825798823249968,0.9
100862,2025-10,0,0.08335890940699586,0.3
102083,2025-12,0,0.08840266728557912,0.1
101166,2025-12,0,0.017885618926991278,0.2
101695,2025-11,0,0.1062817541725053,0.3
101129,2025-11,0,0.25938147922912796,0.4
101614,2025-11,0,0.12026216707541065,0.3
101361,2025-10,0,0.032921198114741694,0.1
101734,2025-12,0,0.33852286491327527,0.7
100608,2025-12,0,0.6533243593982148,1.0
101116,2025-11,0,0.2797344602117907,0.6
101010,2025-10,1,0.14283597464802297,0.1
100195,2025-11,0,0.17921001382565444,0.5
100180,2025-11,1,0.5051393935716746,0.6
101134,2025-11,0,0.07068350147566992,0.1
101429,2025-12,0,0.18236805020488125,0.4
101702,2025-11,1,0.5240560631512924,0.9
101935,2025-10,0,0.23695769773489686,0.8
101505,2025-11,0,0.772699666144555,1.0
100833,2025-10,0,0.5156296087125894,0.9
100144,2025-10,0,0.28655200970169825,0.7
100930,2025-12,0,0.35814013786752613,0.5
100284,2025-12,0,0.11916443134111078,0.2
101755,2025-10,0,0.17510887057624067,0.4
100665,2025-11,1,0.5131393465494533,1.0
101926,2025-11,0,0.1308985161545803,0.2
100166,2025-10,0,0.45368675693517624,1.0
101344,2025-10,0,0.03154744021740025,0.1
101475,2025-10,1,0.08080763292461725,0.2
100674,2025-12,0,0.04551643433795612,0.2
101968,2025-12,0,0.2555951532934694,0.1
100968,2025-11,0,0.7079447771501173,1.0
100581,2025-11,1,0.555476509440073,0.8
100123,2025-12,1,0.7910033401755022,1.0
100839,2025-11,1,0.3396461144910826,0.5
100059,2025-12,1,0.16777658315383961,0.2
100722,2025-10,0,0.3891337408070239,0.5
100466,2025-11,0,0.5600995333327032,0.6
102019,2025-12,1,0.43073575286802207,1.0
100138,2025-12,0,0.18812043096587583,0.5
101029,2025-10,0,0.475089676583921,0.8
101633,2025-10,0,0.1467476625735221,0.2
101749,2025-11,0,0.435170444138696,0.7
100137,2025-11,0,0.13892716900417026,0.2
100264,2025-10,0,0.538903740603481,0.9
101903,2025-10,0,0.3945503528614004,0.9
101629,2025-12,0,0.7099086436224826,0.9
100196,2025-10,0,0.14430108591340565,0.6
102015,2025-11,0,0.3141307914082661,0.6
101996,2025-12,0,0.32100503656129564,0.7
100579,2025-12,0,0.3021215745655868,1.0
101711,2025-11,0,0.12521278253431525,0.5
100161,2025-12,1,0.8116549651856245,1.0
100504,2025-12,0,0.16278254925555008,0.4
101238,2025-12,0,0.1696389731089915,0.3
101154,2025-12,1,0.6156460355948649,1.0
101416,2025-12,0,0.11128433285007154,0.5
101136,2025-11,0,0.2378326977282587,0.4
100409,2025-10,1,0.20624638214217567,0.6
101172,2025-11,0,0.13985828903694306,0.3
100946,2025-11,1,0.5390821239200281,0.7
100816,2025-11,1,0.11260069103409509,0.1
101800,2025-12,1,0.3357820340388091,0.6
101588,2025-12,0,0.09639426478794558,0.2
100352,2025-12,0,0.1353517363301063,0.2
100725,2025-12,0,0.028759061813312732,0.1
101486,2025-10,0,0.12030053047320159,0.5
100364,2025-11,1,0.17689952618233495,0.7
100760,2025-12,0,0.1024398338144381,0.3
102033,2025-12,0,0.15007460732246042,0.5
100727,2025-11,0,0.6927400825029133,0.9
100916,2025-10,0,0.07679352756994848,0.1
100301,2025-10,1,0.33589627215199647,0.4
100301,2025-12,0,0.1660676768599965,0.4
101506,2025-12,1,0.2985213398711918,0.8
101967,2025-12,0,0.1523765171915653,0.2
100004,2025-11,0,0.25273864870648605,0.6
101389,2025-12,0,0.25439413824926055,0.3
102036,2025-10,0,0.39263086859178026,0.4
101540,2025-11,0,0.05937210565401693,0.3
101108,2025-10,0,0.299497027511572,0.4
100282,2025-11,0,0.1074311490238334,0.2
100829,2025-10,0,0.6655160272396516,1.0
100591,2025-10,1,0.45163578452499736,0.9
101940,2025-10,0,0.14490922060402567,0.7
100459,2025-10,0,0.4693887625212019,0.8
102044,2025-11,0,0.2232391550134663,1.0
101574,2025-12,0,0.10027127293769303,0.1
101436,2025-11,0,0.5775151313246116,0.9
101421,2025-10,0,0.5148463710240324,0.9
100359,2025-11,0,0.08672735307424792,0.3
101023,2025-10,0,0.15636985823065927,0.6
100074,2025-12,0,0.27437380943777123,0.8
101781,2025-11,0,0.18090554571715395,0.1
100525,2025-11,0,0.1816951303064882,0.3
101159,2025-12,0,0.1507744204469972,0.2
101909,2025-12,1,0.6863489868047535,1.0
101266,2025-10,0,0.5634080781940544,0.9
102061,2025-12,1,0.2012059517543705,0.3
100200,2025-12,0,0.1236762179626669,0.3
100929,2025-10,0,0.47916686427372973,0.9
101428,2025-12,0,0.36964571465372287,0.8
101874,2025-12,0,0.07925167922143586,0.5
101200,2025-11,0,0.32272584537104343,0.3
101017,2025-10,0,0.06866765726276525,0.1
101350,2025-10,0,0.17914868371228893,1.0
100500,2025-11,0,0.1959639363705925,0.4
101395,2025-10,1,0.7465724643256955,0.9
101621,2025-12,0,0.09344500243038942,0.2
101058,2025-12,0,0.10597736431484381,0.7
100471,2025-12,1,0.4751696118099336,0.7
101573,2025-10,1,0.3472529354422195,0.9
101430,2025-12,1,0.45904288795800313,0.6
101240,2025-12,1,0.4173080237855967,0.8
100306,2025-11,1,0.2398263350473117,0.4
101075,2025-10,1,0.46018129225335586,0.7
101318,2025-11,0,0.29161553138949803,0.5
100051,2025-12,0,0.07349480883915034,0.2
100083,2025-11,1,0.45071737323729577,0.9
100864,2025-12,0,0.05459240002760908,0.3
100841,2025-10,1,0.25340528530544876,0.5
102045,2025-12,1,0.653904443365167,0.9
101893,2025-11,0,0.09864161028231554,0.5
100394,2025-11,0,0.1745865260487207,0.2
100265,2025-10,0,0.09238121910681786,0.4
100833,2025-12,0,0.45481340164418316,0.9
101484,2025-10,0,0.42827914957965685,0.6
100580,2025-12,0,0.12280838553190226,0.6
102007,2025-10,0,0.4353028716797634,0.6
100917,2025-12,0,0.23868879614474833,0.6
101740,2025-11,1,0.16592802852222777,0.1
100165,2025-11,0,0.03554922273819649,0.1
101319,2025-12,1,0.4954223482214624,1.0
101820,2025-11,0,0.33066546541780073,0.8
101101,2025-12,0,0.3632603395869194,0.8
100676,2025-12,1,0.3764910860294635,0.8
100693,2025-12,0,0.29846315930790523,0.8
101774,2025-10,1,0.389771437185432,0.9
100462,2025-10,1,0.3522103181985482,0.7
102030,2025-11,0,0.3079930997042885,0.3
101841,2025-12,1,0.2875766842598591,0.7
102082,2025-11,1,0.3930734596287054,0.6
100075,2025-11,0,0.09077657003337024,0.2
101014,2025-11,0,0.22371151392967348,0.4
100744,2025-12,0,0.5670787606545382,1.0
101122,2025-10,1,0.39516752545831957,0.7
100202,2025-11,1,0.11986538960181045,0.2
100913,2025-10,0,0.5093047574159794,0.9
100797,2025-11,0,0.1633468054459917,0.5
100927,2025-11,1,0.3209997953521198,0.5
101727,2025-11,1,0.6782806904613836,1.0
101716,2025-10,0,0.18857843603566352,0.3
101572,2025-10,0,0.2119679802585376,0.8
100971,2025-11,1,0.40704144358842953,0.9
100678,2025-10,0,0.4185132108142408,1.0
100312,2025-10,0,0.06256142504906254,0.1
102063,2025-12,0,0.3671667592981585,1.0
101760,2025-11,0,0.17445843658542112,0.2
100487,2025-12,0,0.6185438083933963,1.0
100342,2025-12,0,0.35583263904987344,0.7
101228,2025-10,1,0.7894882990020426,1.0
100009,2025-10,0,0.3846731289599108,0.8
101168,2025-12,0,0.45474538247117036,0.6
101688,2025-10,0,0.1830129091695948,0.3
101601,2025-12,0,0.4945235637590076,1.0
101175,2025-12,1,0.6015910682681418,0.9
101839,2025-10,1,0.796734000242855,1.0
100731,2025-12,0,0.39359888823160794,0.5
100105,2025-12,0,0.22749436658265845,0.5
101065,2025-12,1,0.1299941446959099,0.1
100437,2025-11,0,0.23502269173315388,0.5
101186,2025-11,0,0.2765814926309268,0.6
100534,2025-11,0,0.060373469804850775,0.4
101329,2025-11,1,0.18949680146962225,0.2
101666,2025-11,0,0.20901511984318882,0.6
100650,2025-10,0,0.467614964386944,1.0
100055,2025-12,1,0.23800758411907244,0.5
100429,2025-10,0,0.27813234992774155,0.9
101118,2025-12,0,0.06008524292448127,0.1
100830,2025-10,0,0.2111751681707355,0.7
100775,2025-10,1,0.5924534530892291,1.0
101210,2025-12,0,0.0889788872847664,0.2
101451,2025-11,0,0.11307232362434058,0.2
101573,2025-12,1,0.6356958827321235,0.9
101951,2025-11,1,0.6562049198850436,0.9
101351,2025-10,0,0.11576924000827654,0.2
101769,2025-11,0,0.4383049949865095,0.9
101464,2025-12,1,0.6120492015461426,0.9
101712,2025-10,0,0.4140789945019152,0.8
100345,2025-12,0,0.20542954744295694,0.9
101682,2025-10,1,0.060049999378445976,0.1
100304,2025-12,0,0.47312517446308333,0.7
101401,2025-10,0,0.18491486421118808,0.4
102065,2025-11,0,0.20707710555078335,0.3
102070,2025-11,0,0.12044512141873025,0.3
100438,2025-12,0,0.12534160576678643,0.3
100929,2025-12,1,0.5939361593546281,0.9
100780,2025-10,0,0.4388989808427134,0.6
100700,2025-12,0,0.3507234110205405,0.7
100539,2025-12,1,0.46474094137834426,0.7
100298,2025-10,1,0.8023280362231788,1.0
101414,2025-10,0,0.416254018988351,1.0
101421,2025-12,1,0.5366385988908237,0.9
100224,2025-10,0,0.41746170872228405,0.9
100376,2025-12,0,0.22723767508404802,0.9
101438,2025-11,0,0.15832734707521862,0.5
100788,2025-10,0,0.6137714314599203,0.8
101538,2025-12,0,0.054013317736743414,0.2
100383,2025-10,0,0.2724534170348767,1.0
101587,2025-10,0,0.0291764811966953,0.1
101959,2025-12,0,0.10163781637698299,0.4
101135,2025-11,0,0.3462467778687032,0.8
100781,2025-11,0,0.170752665828846,0.3
101686,2025-10,0,0.15792788417670153,0.2
100076,2025-10,0,0.20653631549004609,0.5
101829,2025-12,1,0.6506656374867155,0.9
100323,2025-10,0,0.131450370686792,0.7
100782,2025-12,0,0.1804662263736154,0.5
100939,2025-11,0,0.36314432732598406,0.4
101869,2025-12,0,0.2718114061552932,0.9
101283,2025-10,0,0.05637749037729036,0.4
100754,2025-10,0,0.126001571473483,0.4
100577,2025-11,1,0.3945144554088241,0.9
101024,2025-10,0,0.08843527769999569,0.4
101721,2025-12,1,0.6629783837730677,0.8
101631,2025-12,0,0.22624612279329712,0.5
101136,2025-10,0,0.19944026809803234,0.4
101773,2025-12,0,0.3868432999019521,0.4
100682,2025-10,0,0.04879006884067023,0.5
101046,2025-11,0,0.43572682524763473,0.7
100915,2025-12,1,0.32332931107749574,0.8
102004,2025-11,0,0.12616584554150037,0.4
101912,2025-12,0,0.08334174255652076,0.1
101163,2025-10,1,0.3797018967887642,0.6
100085,2025-10,0,0.04774352700643484,0.1
101020,2025-10,0,0.08260879936984268,0.3
101801,2025-10,0,0.26487337619224516,0.3
100151,2025-11,0,0.2637828790384136,0.7
101833,2025-11,0,0.18314712665985755,0.3
101282,2025-12,0,0.527534096561176,1.0
100939,2025-12,1,0.451616734666279,0.4
101788,2025-12,1,0.3903209304840215,1.0
101370,2025-10,0,0.04930071948819708,0.1
101264,2025-12,0,0.3612019314207939,0.9
101685,2025-10,0,0.06853729788330204,0.6
100672,2025-11,1,0.2607756188543455,1.0
102000,2025-11,0,0.2979758831257536,0.3
100091,2025-12,1,0.20661467188994379,0.2
100498,2025-12,0,0.11929687182425391,0.1
100432,2025-12,1,0.13919019742497293,0.5
100288,2025-12,0,0.5275768550815826,0.9
101254,2025-10,1,0.16769850025842517,0.6
100920,2025-10,1,0.35242140187215093,0.6
100088,2025-12,0,0.1344210652212653,0.3
101685,2025-12,0,0.46085646389023466,0.6
101504,2025-10,0,0.08137180311267316,0.3
101653,2025-10,0,0.1432636509641086,0.3
101354,2025-11,0,0.33997246296440864,0.5
101621,2025-11,0,0.04774676368083936,0.2
100040,2025-10,0,0.1651167075396169,0.2
102040,2025-10,1,0.6925742393395332,1.0
100317,2025-10,0,0.03951092391469594,0.1
100055,2025-11,0,0.13728182339640035,0.5
101147,2025-11,0,0.15889404709238641,0.2
101149,2025-12,0,0.052566971454468,0.1
100289,2025-10,1,0.38950046634576907,0.8
100102,2025-11,1,0.3213876065442914,0.5
101664,2025-10,0,0.19519439845203945,0.3
100431,2025-12,0,0.19704744040719374,0.4
100406,2025-11,0,0.06206557887785814,0.5
100339,2025-10,0,0.2508537666379613,0.3
101916,2025-11,1,0.38338573926399644,1.0
101488,2025-11,0,0.21482026020499476,0.7
100139,2025-10,0,0.655069617943649,0.9
100873,2025-11,0,0.3711651166169007,0.7
101703,2025-10,0,0.04726288015648315,0.1
100612,2025-10,0,0.32590404844007664,0.8
100423,2025-11,1,0.4730970513766244,0.8
100845,2025-12,0,0.25622181202775063,0.6
100072,2025-11,1,0.3484743721915716,0.7
100934,2025-12,0,0.09531775335226246,0.1
100231,2025-12,1,0.26174406416292206,0.5
100761,2025-10,0,0.33915661547798787,0.6
100092,2025-12,1,0.47212696368147383,0.5
101646,2025-12,0,0.1650151411852771,0.5
100109,2025-10,0,0.12754323312229726,0.3
100369,2025-10,0,0.19370212099411702,0.6
100215,2025-10,0,0.5601538036731222,1.0
101158,2025-12,0,0.10552661829259169,0.2
101194,2025-10,0,0.08427612765505743,0.2
101899,2025-10,0,0.34688451515381713,0.4
101586,2025-12,0,0.22181047155193986,0.3
100706,2025-12,0,0.28658390256855965,0.5
100656,2025-10,0,0.47719797093620336,0.9
100696,2025-12,0,0.5511209946362033,0.8
101374,2025-12,1,0.3436661233003194,0.2
100615,2025-11,0,0.1405138533655987,0.6
101550,2025-11,1,0.4635232267320214,0.7
102037,2025-11,0,0.5937551741162117,1.0
101231,2025-11,0,0.044305477235049795,0.4
101523,2025-11,1,0.15881138662564281,0.7
102090,2025-12,1,0.5875730709211154,1.0
101260,2025-12,0,0.22064733680262974,0.5
100072,2025-12,0,0.16469490495272734,0.7
100145,2025-11,0,0.5658173153323579,1.0
100530,2025-12,1,0.8302957811996301,1.0
101677,2025-11,0,0.08878571673309388,0.1
100736,2025-10,0,0.3991059833716604,0.6
102003,2025-12,0,0.144396970141515,0.1
101349,2025-11,1,0.5395651922472753,0.8
100039,2025-10,1,0.5337936662158936,0.8
100389,2025-10,0,0.25621871855941303,0.6
101331,2025-12,0,0.24035886921881663,0.5
100441,2025-12,0,0.6202643401343692,0.7
101994,2025-12,0,0.1300083486345074,0.3
101103,2025-12,0,0.16278506106409873,0.7
100218,2025-11,0,0.6085865527206472,1.0
100267,2025-12,1,0.5405183972663639,1.0
100048,2025-11,1,0.4168883247508795,0.6
101640,2025-10,0,0.17206702171140578,0.4
100094,2025-10,0,0.12854130679919934,0.1
101433,2025-10,0,0.08819361941048608,0.4
100045,2025-11,0,0.15234570451525412,0.6
100135,2025-11,0,0.19013875690573714,0.3
101473,2025-10,0,0.3415578488691281,0.2
100207,2025-12,1,0.32998687407658794,0.6
102011,2025-12,0,0.15697379054347924,0.4
101041,2025-10,0,0.10315979639815222,0.4
101513,2025-12,0,0.04252086105367763,0.1
101398,2025-11,0,0.3292030304816384,0.4
101073,2025-12,0,0.07966317534432456,0.1
100015,2025-10,0,0.48116996147388746,1.0
102008,2025-11,0,0.1339174789162102,0.6
100500,2025-12,0,0.2622653089799614,0.4
101120,2025-12,0,0.5690363577640107,0.9
101667,2025-10,0,0.2698239582630185,0.3
100802,2025-11,1,0.3001275746065118,0.5
101541,2025-11,1,0.5366821656491527,0.9
101509,2025-11,1,0.4535917442392525,0.8
100812,2025-10,0,0.2560221477562361,0.2
101883,2025-10,0,0.5015370844956967,1.0
100957,2025-11,0,0.19024108342022922,0.1
100159,2025-10,0,0.26258307376702694,0.5
101353,2025-11,0,0.45759242049934784,0.9
100462,2025-12,1,0.4022228877511326,0.7
100838,2025-11,1,0.5030059776279704,0.5
100586,2025-11,0,0.15713998797310355,0.3
101200,2025-10,0,0.24711663077847068,0.3
101361,2025-11,0,0.10581518682418924,0.1
101768,2025-12,0,0.24642701646217913,0.8
100728,2025-11,0,0.25779355327780407,0.7
100270,2025-11,1,0.34171720368810343,0.7
100175,2025-12,1,0.7078743418599265,1.0
101717,2025-10,0,0.10515252062194282,0.2
101931,2025-12,0,0.09963450796078731,0.3
100414,2025-10,0,0.5060576420656481,0.8
101356,2025-10,0,0.4005324457733851,0.8
101035,2025-12,0,0.5335955359389152,0.9
102077,2025-10,0,0.2174055153619045,0.9
100014,2025-12,1,0.45450581425122777,0.8
100193,2025-11,1,0.8525422471573086,1.0
102060,2025-12,0,0.11478452411481883,0.4
101815,2025-11,0,0.12998137962345896,0.3
100465,2025-12,0,0.03623656754308317,0.1
100435,2025-10,0,0.18766481535783974,0.6
100248,2025-11,0,0.18121391729725492,0.3
100541,2025-10,0,0.28768747167378605,0.7
101048,2025-12,0,0.10023634403106921,0.3
101482,2025-10,0,0.2521350420185785,0.9
101496,2025-10,0,0.09236153553918576,0.3
101140,2025-11,0,0.6720746449793515,1.0
100280,2025-10,0,0.0491822826443365,0.2
101225,2025-12,0,0.278739077802461,0.3
100242,2025-11,1,0.8198242910047945,1.0
100809,2025-11,0,0.3555641407698212,0.7
101125,2025-11,0,0.35887550183703765,0.7
101237,2025-10,0,0.3754539283491161,0.9
101551,2025-12,1,0.5313624646024119,0.7
101771,2025-10,0,0.22992647049155587,0.4
100568,2025-12,0,0.37536695420569466,0.4
100194,2025-12,0,0.26797872215664215,0.8
101663,2025-11,0,0.187075725022872,0.9
101603,2025-11,1,0.13811567347496634,0.4
100641,2025-12,0,0.1842673405321332,0.5
101747,2025-11,0,0.21721043176305388,0.3
100774,2025-10,1,0.8264873046672162,1.0
100822,2025-10,1,0.13652402533094982,0.3
101562,2025-11,1,0.09011311682512624,0.1
101729,2025-10,0,0.1523423977318314,0.5
101570,2025-11,1,0.4874121566711058,0.8
100046,2025-12,0,0.046799618518950245,0.2
100147,2025-11,0,0.3660666832595794,0.9
100973,2025-12,0,0.16740549209058558,0.7
101963,2025-10,0,0.11607591172080814,0.3
100304,2025-10,0,0.4040759472912552,0.7
100340,2025-11,1,0.4308220450060519,1.0
101405,2025-11,0,0.12322147520539645,0.3
101091,2025-10,0,0.08900947052953397,0.2
101743,2025-12,1,0.09861414209114348,0.4
100045,2025-10,1,0.4218301759014393,0.6
101500,2025-11,0,0.6257083207665276,0.8
100791,2025-10,0,0.212091445295523,0.2
100816,2025-10,0,0.1304445791506996,0.1
101204,2025-11,0,0.22335756415415142,0.6
101911,2025-10,0,0.3244120231775058,0.5
100232,2025-12,0,0.10043155648370386,0.1
101935,2025-11,0,0.4795907975893998,0.8
101478,2025-11,1,0.43961182651582337,1.0
100306,2025-10,0,0.20504292937227497,0.4
100063,2025-11,0,0.30203502546622035,0.7
101689,2025-12,0,0.11206216854268446,0.4
100148,2025-12,1,0.6141256038216351,1.0
101944,2025-10,0,0.25260984144906984,0.9
100248,2025-12,0,0.07345884095276939,0.3
101802,2025-10,0,0.19437377975830256,0.4
102037,2025-10,1,0.8117155900072984,1.0
102013,2025-12,0,0.3709801053642863,0.7
101734,2025-10,0,0.1816428095368622,0.7
100090,2025-11,0,0.42778260368835785,0.6
100990,2025-12,0,0.4834197629287958,1.0
100220,2025-10,0,0.08418554340330776,0.3
101806,2025-11,1,0.6270603722283496,0.9
100520,2025-10,0,0.29517056935816266,0.8
102043,2025-11,0,0.25043819121768407,0.6
100326,2025-11,0,0.4549150983401639,0.4
101209,2025-11,0,0.08976404642480376,0.2
101259,2025-10,1,0.6862629330218041,1.0
100320,2025-12,0,0.45810801752579683,0.9
100436,2025-12,0,0.23499631441534488,0.6
101692,2025-10,0,0.42115861317418135,1.0
101083,2025-11,0,0.46045403492089837,0.7
101762,2025-11,0,0.09806222314314329,0.2
100505,2025-10,1,0.47446388846111187,0.6
100106,2025-10,1,0.30380615795715954,0.9
101547,2025-12,0,0.17455197850770882,0.6
100444,2025-11,0,0.1085408188139363,0.2
102086,2025-10,0,0.07330433746144385,0.2
101179,2025-10,1,0.7357105965977699,0.9
101572,2025-12,0,0.4462333414772852,0.8
100952,2025-10,1,0.35984831107982995,0.9
100809,2025-10,1,0.44652682171673647,0.7
101906,2025-12,1,0.3601677033726029,0.9
101110,2025-11,0,0.3997646813825583,0.5
101830,2025-12,0,0.05466741321702132,0.2
101013,2025-10,0,0.15384320262651677,0.5
101484,2025-11,1,0.22083986855167348,0.6
100823,2025-11,1,0.4604280506318869,1.0
100419,2025-11,1,0.24933409771959267,0.4
101343,2025-12,0,0.7356519382074733,0.9
100451,2025-10,1,0.041414026385759466,0.1
100898,2025-11,0,0.38979063816798415,0.9
101316,2025-12,1,0.10003721569698298,0.4
100566,2025-10,0,0.0885446773996709,0.2
100657,2025-12,0,0.4987057492344976,0.5
100853,2025-10,0,0.10663513381203515,0.6
100653,2025-11,0,0.5143299422101385,0.9
101617,2025-12,0,0.03529677146271351,0.1
100153,2025-12,0,0.1454157756817465,0.4
100703,2025-11,0,0.22129916779139622,0.5
101884,2025-11,1,0.28205435350352837,0.2
100407,2025-12,0,0.43537229821992873,0.9
101519,2025-12,0,0.05089985215992618,0.1
101516,2025-12,0,0.23440829273713265,1.0
100698,2025-12,1,0.7661525186974467,1.0
101669,2025-10,0,0.05798537918369394,0.2
101004,2025-12,0,0.12809917437674548,0.4
100765,2025-12,0,0.46554632491320214,0.7
101372,2025-11,0,0.39941172990253304,0.7
101206,2025-12,0,0.059601909090949555,0.1
100315,2025-11,0,0.173590681787409,0.3
100477,2025-12,0,0.44150933924932456,1.0
101463,2025-10,0,0.11981278584657941,0.3
102082,2025-12,0,0.28571633004811203,0.6
100585,2025-10,1,0.5130423459042275,1.0
101649,2025-10,0,0.1366263248172961,0.3
100241,2025-10,0,0.38615971374685104,1.0
102043,2025-10,1,0.5370910009958604,0.6
100262,2025-11,1,0.1916116401631021,0.6
101831,2025-12,0,0.5710852653312763,0.7
101802,2025-11,1,0.3199656881541691,0.4
101271,2025-12,0,0.10392211766168906,0.1
100886,2025-11,0,0.2801627574071535,0.4
101111,2025-10,0,0.13349197043548988,0.3
101853,2025-12,1,0.7791826491351364,0.8
100645,2025-11,0,0.22290351323023347,0.7
101968,2025-11,0,0.028916793890638337,0.1
101563,2025-10,0,0.07682671643081249,0.2
100544,2025-10,0,0.10142737548012105,0.1
101478,2025-12,1,0.4761315214891975,1.0
101087,2025-11,0,0.4532406449824346,1.0
101697,2025-11,1,0.6147624636939782,0.8
102085,2025-12,0,0.3452828293812176,0.8
101194,2025-11,0,0.06438932221596486,0.2
100927,2025-12,0,0.3811484818227938,0.5
100769,2025-10,0,0.1853618989649092,0.1
101897,2025-10,1,0.3281690820022398,0.6
100575,2025-12,0,0.14154211445811862,0.2
101414,2025-12,1,0.64765300064094,1.0
100233,2025-12,0,0.8100394404172561,0.9
100283,2025-12,1,0.5952568212390277,0.9
100740,2025-12,0,0.04519403458993719,0.2
102013,2025-10,0,0.2592417055967278,0.7
101103,2025-10,0,0.3866371434278402,0.7
101939,2025-11,0,0.20861286224226985,0.2
100877,2025-12,0,0.21885064965626924,1.0
100024,2025-10,1,0.3857135676898776,0.8
101714,2025-11,1,0.7214106747190173,0.7
101775,2025-12,0,0.06464332880363421,0.3
101227,2025-11,1,0.3352213772718969,0.7
100987,2025-12,0,0.5314943044014894,0.6
100846,2025-12,0,0.5298390651663945,0.8
101440,2025-11,0,0.060685227726096753,0.2
101880,2025-11,0,0.13061919679661066,0.4
100119,2025-12,1,0.295679254909424,0.5
100604,2025-11,0,0.07662366198286368,0.3
100192,2025-12,0,0.10739268735616474,0.2
100592,2025-10,1,0.40650298482911523,1.0
100714,2025-11,0,0.37847375267197164,0.8
100257,2025-11,0,0.2746025346691035,0.8
101341,2025-11,0,0.3015232005361677,0.7
101807,2025-10,0,0.262422285624763,0.6
100458,2025-10,0,0.03378384601190997,0.2
100707,2025-11,0,0.14607740516237064,0.2
100878,2025-10,0,0.40369833535598004,1.0
101967,2025-11,0,0.2075012682656775,0.2
101856,2025-10,0,0.35817596058796586,0.5
100237,2025-10,0,0.1435500746989594,0.4
101432,2025-10,0,0.2185499651338374,0.2
101266,2025-12,0,0.6783283782564365,0.9
101419,2025-11,1,0.631160714783627,0.7
100145,2025-12,0,0.28795327433114853,1.0
101059,2025-11,1,0.34546986947118086,0.6
100058,2025-10,0,0.3310849399873666,0.6
100421,2025-11,0,0.028617052795985212,0.3
100157,2025-11,0,0.07048111863601353,0.3
101181,2025-10,0,0.4810261144912736,0.9
101753,2025-12,0,0.38556500344298783,0.6
100697,2025-10,0,0.0895577151980693,0.3
101884,2025-12,1,0.2949516765318464,0.2
100213,2025-12,0,0.4536646868098508,0.6
100184,2025-10,0,0.07621207657164124,0.1
101607,2025-11,0,0.3399507846073792,1.0
100136,2025-11,1,0.4159802247917261,0.5
101413,2025-10,1,0.4518496632439788,0.7
101791,2025-10,0,0.4899885807130023,0.5
100583,2025-10,0,0.5066760648518714,0.8
100902,2025-12,1,0.42189238132332085,0.8
101523,2025-10,0,0.1785109069132547,0.7
101990,2025-12,1,0.6834838058940909,1.0
101084,2025-10,1,0.7482956282670402,1.0
100993,2025-10,0,0.06044590800898126,0.1
100827,2025-10,1,0.3560020107345842,0.4
100457,2025-11,1,0.26304355415333813,0.4
101811,2025-12,1,0.7143772528028369,1.0
101828,2025-10,1,0.359475596068025,0.8
101231,2025-10,0,0.07759581237119985,0.4
100460,2025-11,0,0.12398469298662229,0.3
100074,2025-10,0,0.1994913043005917,0.8
100926,2025-11,0,0.02863512317365422,0.1
101400,2025-10,1,0.6268819177728198,0.8
101589,2025-12,0,0.5832202895024206,0.7
101712,2025-11,0,0.3240848151350428,0.8
101118,2025-10,0,0.03283400687331024,0.1
101742,2025-10,1,0.38990817828148155,0.7
100883,2025-10,1,0.5418182474628042,0.9
100733,2025-12,1,0.3999554475595509,0.6
100986,2025-10,1,0.435669825113335,0.9
100925,2025-10,0,0.6917212957314044,1.0
100999,2025-12,0,0.16841291881705533,0.4
101241,2025-11,1,0.28171460812329774,0.4
101491,2025-10,1,0.2952408871067479,0.4
100637,2025-10,0,0.1527167661985611,0.6
100834,2025-11,0,0.03474573425399345,0.1
100689,2025-11,0,0.09255139050152661,0.3
100606,2025-12,1,0.14692266658478612,0.1
101440,2025-12,0,0.02299412951718511,0.2
100613,2025-11,0,0.19492043933393538,0.6
101118,2025-11,0,0.08059236978305127,0.1
101412,2025-11,1,0.42277820016049655,1.0
101015,2025-12,0,0.1560769749818318,0.3
100968,2025-10,0,0.5169833047692846,1.0
101036,2025-12,1,0.6706247956238708,0.7
100555,2025-11,0,0.5670209702247386,0.6
101933,2025-10,0,0.33709946078946007,0.7
101541,2025-10,0,0.2773470113854853,0.9
100210,2025-12,1,0.5408709065547842,0.8
100493,2025-10,0,0.03289894040331712,0.3
101950,2025-12,1,0.7397286033351255,0.7
101314,2025-10,0,0.42470673037538365,0.7
100687,2025-12,0,0.11791541276279542,0.3
102099,2025-11,1,0.2733811853986846,0.8
101800,2025-11,0,0.5174389196434162,0.6
101530,2025-12,1,0.32431732740228175,0.5
101733,2025-10,0,0.1849904762312212,0.4
100008,2025-10,1,0.14267950867000806,0.3
101803,2025-11,0,0.11879177005134924,0.5
100244,2025-12,0,0.3535608162412108,0.5
100613,2025-10,1,0.40699381464982465,0.6
101536,2025-12,0,0.12447215333803226,0.5
100683,2025-10,0,0.1920972704787356,0.1
101466,2025-11,0,0.6245069043955426,1.0
100491,2025-12,0,0.24975887148923087,0.4
101162,2025-11,0,0.1745959995609476,0.6
100479,2025-12,0,0.2942720328190873,0.7
101991,2025-12,0,0.08306843124658753,0.5
101934,2025-11,0,0.028636158147233776,0.1
101485,2025-11,0,0.07475193254157722,0.1
100385,2025-12,0,0.33704541233741403,0.8
101425,2025-11,0,0.22849839098438018,0.6
100016,2025-11,0,0.11273898135865813,0.2
100555,2025-10,0,0.5072785179326631,0.6
100038,2025-12,0,0.26387783413070354,0.6
102065,2025-10,1,0.13336616042802996,0.3
100344,2025-12,0,0.1547684256759386,0.3
101378,2025-11,0,0.4388526916686512,1.0
100784,2025-12,1,0.2313946316735129,0.3
100748,2025-10,0,0.23736777919171922,0.6
101096,2025-11,0,0.09821355443168257,0.1
101113,2025-12,1,0.24574091178153437,0.6
101511,2025-12,0,0.06056869179777045,0.1
100486,2025-10,0,0.31278275791679744,0.8
101006,2025-12,0,0.05620995901632201,0.1
101052,2025-10,0,0.10474649925300832,0.3
101753,2025-11,1,0.5848320824405334,0.6
100454,2025-12,0,0.06217420871306612,0.2
100360,2025-11,0,0.0857932122563413,0.2
100163,2025-11,0,0.07872900714771194,0.1
100319,2025-10,0,0.07528210820332253,0.3
100949,2025-12,1,0.24170303865183404,0.6
100379,2025-12,1,0.3085232691296444,0.8
101224,2025-12,0,0.13658255130122224,0.6
101574,2025-10,0,0.17688094729080364,0.1
101217,2025-12,0,0.3141174801858464,0.3
101253,2025-12,1,0.2013732314718906,0.6
100589,2025-10,1,0.4774770589017576,0.8
101834,2025-11,1,0.1146181082632639,0.3
101326,2025-11,0,0.08287352983719146,0.2
100640,2025-12,0,0.45828549939928787,0.7
101114,2025-11,0,0.22344218333357593,0.3
101143,2025-10,0,0.3174701586342533,0.4
101780,2025-11,1,0.5114757707018776,0.8
100584,2025-11,0,0.16548496892425416,0.4
100192,2025-10,0,0.04226545439459667,0.2
100614,2025-11,0,0.10301823654791918,0.2
101739,2025-11,0,0.38265647950075465,0.7
101302,2025-10,1,0.35548257583921156,0.9
101663,2025-12,1,0.400367815970926,0.9
100454,2025-10,0,0.06754120685132879,0.2
101680,2025-10,0,0.3602859728245588,0.9
100821,2025-11,0,0.053743423694790474,0.3
101729,2025-12,0,0.163676230922489,0.5
102032,2025-11,0,0.1978381914003291,0.2
101504,2025-11,0,0.24049923730866082,0.3
101309,2025-12,0,0.5889976805399241,1.0
101628,2025-10,0,0.6132504333429813,0.9
100362,2025-12,0,0.23196461511613928,0.5
101301,2025-12,0,0.46024130528073737,1.0
100603,2025-12,1,0.12791341587862595,0.8
100462,2025-11,0,0.18613483560690902,0.7
101487,2025-12,0,0.22567945995519112,0.8
100428,2025-11,0,0.06034918244487685,0.1
101497,2025-10,0,0.33694062046260986,0.5
102029,2025-10,0,0.6410183637977844,1.0
100322,2025-10,0,0.2827535666740076,1.0
100428,2025-10,0,0.028425569610994208,0.1
101375,2025-11,0,0.13264520558616574,0.3
101888,2025-10,1,0.6444879682850105,1.0
100464,2025-12,1,0.12193797602567304,0.1
101245,2025-12,1,0.32717183866907684,0.8
101683,2025-10,1,0.19124823867926524,0.3
101771,2025-12,0,0.06728206691671294,0.4
101487,2025-11,1,0.526995295685072,0.8
100442,2025-10,0,0.22927715188067183,0.1
101271,2025-10,0,0.19356714167664335,0.1
102036,2025-12,0,0.0730228850437825,0.4
101500,2025-10,1,0.8066783631243578,0.8
101146,2025-12,0,0.3727842691020208,0.8
101568,2025-11,0,0.1072227335073944,0.3
101994,2025-11,0,0.034407720167927855,0.3
101537,2025-10,0,0.5976922634588165,0.8
101146,2025-10,0,0.33014814459712366,0.8
100132,2025-11,0,0.34871838794864674,0.6
100001,2025-10,1,0.3881051546905683,0.8
102050,2025-10,0,0.22402369792416138,0.6
100071,2025-11,1,0.38519910699518584,0.5
101863,2025-12,0,0.033759767452023214,0.1
100316,2025-11,0,0.2469262701362514,0.4
102022,2025-10,1,0.6287208008997243,0.7
101670,2025-12,0,0.48761400907284547,0.9
101543,2025-12,1,0.5848883462442924,1.0
101452,2025-12,0,0.19650076312237144,0.1
100338,2025-12,0,0.22786079585122443,0.5
100509,2025-12,0,0.5952693561547313,0.8
101286,2025-11,0,0.20718958689599062,0.7
101054,2025-11,0,0.25121045627884403,0.6
100644,2025-11,0,0.5702451469158409,1.0
100176,2025-10,1,0.19550729963449096,0.4
101168,2025-10,0,0.18893738013905706,0.6
101850,2025-11,0,0.3916504495029444,0.6
102027,2025-11,0,0.4020387109218652,0.9
101220,2025-12,1,0.1319145893815726,0.8
101976,2025-10,0,0.3236623674897553,0.4
100702,2025-10,1,0.5928638125370287,1.0
100363,2025-12,0,0.42076125843799167,0.8
100601,2025-10,1,0.04816308689089992,0.2
101307,2025-11,0,0.24139118120629435,0.8
101714,2025-10,1,0.45734544458037196,0.7
101626,2025-12,0,0.46782482927137026,0.9
101906,2025-10,1,0.36652105947615504,0.9
101237,2025-11,1,0.5598714535377026,0.9
100391,2025-12,1,0.23110014131519221,0.7
101672,2025-10,0,0.46671498718076143,1.0
101986,2025-12,0,0.4640910535206479,0.9
100549,2025-12,0,0.15642990591446615,0.4
101174,2025-12,0,0.29116719467562574,0.8
102025,2025-11,0,0.6227042780127857,1.0
100404,2025-12,0,0.1448271352722098,0.2
101842,2025-10,0,0.2801620073058658,0.7
102069,2025-12,1,0.651034714129907,0.7
101455,2025-10,0,0.46126758632893744,1.0
101057,2025-11,1,0.49252337004314706,0.8
101816,2025-12,0,0.136101823538652,0.3
101952,2025-11,1,0.519892004875393,1.0
101558,2025-11,0,0.10576599575664415,0.2
101145,2025-12,1,0.5192055128957797,0.9
101810,2025-12,0,0.14394813684915436,0.1
100623,2025-10,1,0.44731506359640083,0.8
100991,2025-12,0,0.20787685005429868,0.9
100958,2025-10,0,0.27968536269296557,0.5
100713,2025-10,0,0.049025243144937065,0.4
100745,2025-10,0,0.48592207347705424,1.0
100331,2025-11,0,0.3185818640430927,0.7
100064,2025-11,1,0.5370235557305272,0.6
101323,2025-10,1,0.4102042944431821,0.7
101469,2025-12,0,0.08149427153331419,0.6
102062,2025-10,0,0.4189734527128983,0.9
101289,2025-11,0,0.06871436901776516,0.1
101382,2025-10,0,0.41381599564107396,1.0
100785,2025-10,0,0.26247454763947825,0.7
101203,2025-10,0,0.16433033752531392,0.6
100155,2025-10,0,0.23046963246262592,0.7
101588,2025-10,1,0.21878595298556489,0.2
100860,2025-11,0,0.33691790204218325,0.4
101525,2025-10,0,0.03235655753243773,0.1
100602,2025-12,0,0.05645547592726958,0.3
100615,2025-10,0,0.5230371589317221,0.6
100380,2025-12,0,0.456489325852848,0.8
100958,2025-12,0,0.18614496650093165,0.5
100495,2025-12,1,0.4250415861417529,0.6
100411,2025-11,1,0.5226849030079349,0.8
101116,2025-12,1,0.35484997278325275,0.6
100709,2025-10,1,0.1397456653674218,0.3
101919,2025-12,0,0.3148993349856507,0.9
100426,2025-12,0,0.08734120196696736,0.3
101317,2025-10,0,0.42492363393626253,0.9
100535,2025-10,1,0.1408992806376306,0.4
101935,2025-12,0,0.6932073152006974,0.8
100397,2025-12,0,0.05813535214360065,0.3
101173,2025-11,1,0.7025306373102441,1.0
102053,2025-11,1,0.7176617895840302,1.0
100341,2025-11,1,0.2548753656958474,0.7
100984,2025-11,1,0.223157977966198,0.7
101833,2025-12,0,0.22452880520269322,0.3
100721,2025-12,0,0.07319028702577003,0.2
102087,2025-10,0,0.07042551102928118,0.1
101078,2025-12,0,0.6361899087299729,0.9
100781,2025-12,0,0.2478885642581301,0.3
100609,2025-12,0,0.3935429358302039,1.0
101542,2025-11,1,0.23798631793408304,0.7
101290,2025-10,0,0.09005468109387585,0.2
100380,2025-11,1,0.5556937447086717,0.8
100454,2025-11,0,0.11672169293694852,0.2
101226,2025-12,1,0.43892999439605856,0.9
100672,2025-10,1,0.5763327363931288,1.0
100843,2025-10,0,0.5313595417429451,0.6
101658,2025-10,0,0.30200548775375124,0.2
101686,2025-12,0,0.12546452472428088,0.2
101874,2025-10,0,0.241397861177259,0.5
101891,2025-12,1,0.30969969485928867,0.3
100933,2025-11,0,0.4184932250268565,0.7
100077,2025-12,0,0.17975972766806236,0.3
100419,2025-10,0,0.1233831166567404,0.4
101288,2025-11,0,0.10685553272009518,0.5
100151,2025-10,0,0.5310097146197662,0.7
101031,2025-11,1,0.2053577859563409,0.9
101987,2025-11,0,0.48112681267186663,0.9
101521,2025-12,0,0.122267059610897,0.2
100679,2025-10,0,0.48521941944231733,0.8
101778,2025-10,0,0.06030521611964866,0.2
100349,2025-12,1,0.41423457758336907,0.8
101990,2025-11,1,0.7886370957397528,1.0
100865,2025-11,0,0.4467956633442177,0.7
101026,2025-10,1,0.5269132322700585,0.8
100766,2025-10,0,0.37885235351307917,0.5
100057,2025-10,0,0.4579144767060944,0.5
100053,2025-10,0,0.3506542809685889,0.7
101948,2025-10,0,0.11402511879432971,0.7
100571,2025-10,0,0.19636251685698208,0.1
101182,2025-11,0,0.5765220952980507,0.8
100498,2025-10,0,0.08675662421616134,0.1
101267,2025-10,0,0.22532742876836206,0.4
101281,2025-10,0,0.2074990897242384,0.4
100763,2025-12,0,0.34926455368476467,0.7
101630,2025-10,0,0.03412758695830682,0.2
101098,2025-10,0,0.19720484885397066,0.3
101946,2025-12,1,0.506869532898478,0.8
100690,2025-10,1,0.16899284689459323,0.1
100436,2025-11,0,0.26753954780853956,0.6
101358,2025-10,0,0.09530435244816333,0.5
102077,2025-11,1,0.5837414899437952,0.9
101546,2025-10,0,0.1480880458761504,0.2
101377,2025-10,0,0.32804733766371025,0.9
100931,2025-12,0,0.16260089550910115,0.2
100044,2025-10,0,0.21974041369337424,0.9
100295,2025-10,1,0.5165556009189589,0.5
101759,2025-10,0,0.2906655030592584,0.5
101274,2025-12,0,0.26696984026262255,0.6
101176,2025-12,0,0.23219198846042602,0.5
100932,2025-10,0,0.48198223394043926,0.6
100978,2025-11,0,0.20214403392186311,0.7
100275,2025-11,1,0.6955676550919415,1.0
101704,2025-10,0,0.4911242554730808,1.0
101472,2025-12,0,0.2103593202389948,0.8
101612,2025-10,0,0.20505617341123733,0.7
100211,2025-11,0,0.3504647464775148,0.7
101762,2025-12,0,0.13843826544563778,0.2
100153,2025-11,0,0.13510514964939255,0.4
101813,2025-11,1,0.4731045985075616,0.9
101053,2025-12,1,0.3312988491963917,0.6
101347,2025-10,0,0.12174537448323557,0.4
100303,2025-10,0,0.4945105718669301,0.9
101236,2025-11,0,0.062274742608350385,0.2
101000,2025-11,0,0.09983079048907814,0.3
100964,2025-11,0,0.15073383069749538,0.1
101785,2025-12,0,0.1482228575143683,0.3
101279,2025-11,0,0.1950182073595069,0.4
100143,2025-11,1,0.652458091700338,0.8
100850,2025-12,0,0.11814507278912348,0.1
100619,2025-12,0,0.06709489118551379,0.1
101143,2025-12,0,0.33411605369894837,0.4
101261,2025-11,0,0.11902262746970993,0.2
101230,2025-10,0,0.10914163448129095,0.4
101159,2025-10,0,0.1262950216927211,0.2
100778,2025-10,0,0.05460395433497243,0.3
100660,2025-12,0,0.09982741023449329,0.1
100586,2025-10,0,0.10306573988061171,0.3
101591,2025-10,1,0.6055508666007665,0.9
101594,2025-10,0,0.40650663347501265,0.9
101675,2025-12,0,0.25672471211307807,0.2
100239,2025-10,0,0.4156941780299859,0.9
101311,2025-11,0,0.48389843323338777,0.7
100023,2025-12,0,0.04912646231084787,0.5
100035,2025-10,0,0.1126293338627688,0.6
100840,2025-11,0,0.0804400511293491,0.1
100808,2025-11,0,0.09270098728775235,0.3
100544,2025-11,0,0.03611244292019732,0.1
100806,2025-12,0,0.32715072325272243,0.7
100664,2025-11,1,0.5263815568197441,0.9
101243,2025-10,0,0.17777633298626053,0.1
101219,2025-12,0,0.5853522733539761,0.8
101350,2025-12,0,0.16959744969757456,1.0
101492,2025-11,0,0.12004445837264226,0.7
101798,2025-11,0,0.48036478680019323,1.0
100712,2025-10,0,0.09715289792195284,0.1
100929,2025-11,1,0.5504701654766353,0.9
100862,2025-12,0,0.15015213782077547,0.3
100220,2025-12,1,0.25109253329282555,0.3
101554,2025-11,0,0.4007313239614064,0.7
100183,2025-10,0,0.343951905828631,0.6
101622,2025-11,0,0.09804837519201079,0.4
101518,2025-12,0,0.3753435708312263,0.5
101104,2025-12,1,0.7066504986705024,0.8
101126,2025-10,0,0.18969671647002267,0.3
100618,2025-10,0,0.14935975557151818,0.2
101597,2025-10,0,0.1622328528429692,0.6
102033,2025-11,0,0.0757884614039296,0.5
101340,2025-10,1,0.10849740844637369,0.1
101670,2025-10,1,0.7080129896850087,0.9
101687,2025-12,1,0.0965888755212445,0.4
101242,2025-12,0,0.05905096898246471,0.1
100553,2025-12,1,0.07071581668713177,0.1
100079,2025-11,1,0.5527474206064976,0.8
101122,2025-12,0,0.16707715532398812,0.7
100325,2025-11,0,0.0940874676085254,0.3
101423,2025-12,0,0.7317295786831112,0.8
100247,2025-12,1,0.32208387991249104,0.5
101835,2025-12,0,0.15474689432616592,0.1
100489,2025-12,0,0.24794412983917827,0.8
101320,2025-10,0,0.4792950357053249,1.0
101971,2025-10,0,0.359438996728554,1.0
100259,2025-12,0,0.14523188762739045,0.7
101735,2025-11,1,0.2904825123637262,0.6
100938,2025-11,0,0.19803375029967968,0.4
101081,2025-12,1,0.20634739542283992,0.3
100496,2025-11,1,0.6095406253035865,1.0
100394,2025-10,0,0.08251898258191029,0.2
100133,2025-12,0,0.148682266888394,0.1
101451,2025-12,0,0.02791968722061759,0.2
100813,2025-11,0,0.1523735995452445,0.4
101568,2025-12,0,0.07401989648050682,0.3
100359,2025-12,0,0.154645801825318,0.3
101896,2025-11,0,0.24546877136928313,0.5
100658,2025-11,1,0.281464215152231,0.6
100503,2025-12,1,0.21643501232763251,0.8
101052,2025-12,1,0.11354095913255627,0.3
100655,2025-11,0,0.22929067086637042,0.6
100944,2025-10,1,0.38810320520571534,0.6
101011,2025-11,1,0.6354199878465571,0.9
102086,2025-11,0,0.06610155688537614,0.2
100529,2025-12,0,0.16380933944497839,0.6
101557,2025-11,1,0.36905298709821416,0.6
101309,2025-11,0,0.2073565008984106,1.0
100701,2025-10,0,0.1279578675774627,0.5
101662,2025-12,0,0.042579162480044674,0.1
100319,2025-12,0,0.18296191555176528,0.3
100187,2025-11,0,0.4300889334820123,0.9
100846,2025-10,0,0.5576446533455206,0.8
101095,2025-11,0,0.1284390094397248,0.1
101047,2025-12,0,0.058183228574359314,0.3
101442,2025-11,0,0.2595036888493696,0.5
100862,2025-11,0,0.19757435920642996,0.3
100562,2025-11,0,0.033769100425395576,0.1
100176,2025-11,0,0.0723001505392332,0.4
101741,2025-12,0,0.4313943372449926,0.7
100793,2025-12,0,0.09667942970503014,0.2
100736,2025-11,0,0.21591411927470014,0.6
100736,2025-12,1,0.5669738242664871,0.6
100903,2025-10,0,0.11413942561490069,0.7
101674,2025-10,0,0.4903846664809746,0.6
101540,2025-10,0,0.07903288968823388,0.3
101266,2025-11,0,0.5102483328125086,0.9
100288,2025-10,1,0.277237158758114,0.9
101442,2025-10,1,0.1103474821173214,0.5
101077,2025-12,1,0.6434482396003276,1.0
100491,2025-10,0,0.12296565380644353,0.4
101942,2025-11,0,0.11695938653060341,0.1
100754,2025-12,0,0.3721427812435489,0.4
101361,2025-12,0,0.0657086597541419,0.1
100654,2025-10,0,0.1699975668043124,0.5
101058,2025-10,0,0.37198506841671936,0.7
100617,2025-12,0,0.20480438957341676,0.3
100545,2025-12,0,0.09891713642311477,0.2
101357,2025-12,0,0.3622859921579338,0.9
101299,2025-11,0,0.3484849840213513,0.8
100217,2025-12,0,0.03810316982487615,0.1
101527,2025-11,1,0.7548483046322327,1.0
100817,2025-12,1,0.6057291822170572,1.0
102054,2025-12,0,0.1271343895774719,0.6
101460,2025-11,1,0.47496726778021475,0.5
100724,2025-12,1,0.4871060878371478,1.0
100589,2025-12,1,0.3061077338172201,0.8
100357,2025-10,0,0.4069897784691466,0.5
100238,2025-12,1,0.7327159799075526,0.9
101379,2025-11,0,0.3674606254130843,1.0
100484,2025-12,1,0.7191409870502594,0.9
102016,2025-11,0,0.24378889163032133,0.7
100142,2025-12,0,0.13512917159267096,0.3
101754,2025-11,0,0.40392528808935446,1.0
101883,2025-12,1,0.7699576881545449,1.0
101636,2025-10,1,0.5175662543846813,0.9
100691,2025-11,0,0.1646476527452369,0.2
100039,2025-12,0,0.36121729052746615,0.8
100699,2025-11,0,0.22813670276060363,0.1
101272,2025-12,0,0.5659292991425486,0.7
101232,2025-12,1,0.6481278002440912,0.9
100859,2025-12,1,0.789892646666201,0.9
100798,2025-11,1,0.6300300044807078,0.7
101957,2025-12,1,0.5400724779297416,0.9
101404,2025-11,0,0.2616512390460121,0.2
101077,2025-11,1,0.7935191286100365,1.0
101278,2025-10,0,0.16120572548718412,0.3
100627,2025-12,0,0.5302212388420506,1.0
101675,2025-11,0,0.13481680136988872,0.2
101943,2025-12,0,0.3441974202930226,0.4
101247,2025-12,0,0.4014690999882127,0.6
101446,2025-10,0,0.3932562274821023,0.8
100122,2025-10,1,0.37842733462075595,0.5
101074,2025-10,0,0.19881097047553523,0.4
100564,2025-12,0,0.5961114813914167,1.0
100452,2025-10,1,0.46891659730526153,0.7
101213,2025-11,0,0.08664375176999313,0.2
101811,2025-10,1,0.61457418023157,1.0
100467,2025-12,0,0.15560597705991386,0.7
100016,2025-10,0,0.07058736904816545,0.2
102004,2025-10,0,0.19663929794611826,0.4
100387,2025-11,0,0.591351899581653,0.9
101132,2025-12,0,0.18810764401694796,0.6
100416,2025-11,0,0.12200893300797859,0.1
101477,2025-11,1,0.4305224119660482,0.5
100533,2025-10,0,0.136088076178704,0.3
101813,2025-12,0,0.2660052883297839,0.9
101443,2025-11,0,0.22041411092604585,0.7
100582,2025-12,1,0.36231877323221845,0.5
100922,2025-11,0,0.23323234799137854,0.3
100149,2025-12,0,0.2702872949031421,0.8
100976,2025-12,0,0.09889539651184395,0.3
100759,2025-11,0,0.2127542648717324,0.2
100329,2025-12,0,0.0727305197929227,0.1
101779,2025-12,1,0.48878811670809375,0.8
100321,2025-10,1,0.3519142106924789,0.4
101066,2025-11,0,0.09124742198894426,0.4
101045,2025-10,0,0.5853141507302331,0.9
100298,2025-11,1,0.7832406683722848,1.0
100587,2025-12,1,0.8514617543006698,1.0
100325,2025-12,0,0.3342439123319662,0.3
100813,2025-10,0,0.08249030264779274,0.4
101414,2025-11,1,0.6362739541883259,1.0
100648,2025-11,1,0.28239352050629746,0.4
100167,2025-12,0,0.2761234553469046,0.9
100751,2025-10,0,0.1628178105804401,0.4
101574,2025-11,0,0.2708275236872813,0.1
101199,2025-12,0,0.06576156130698739,0.1
101424,2025-10,0,0.07778374577849877,0.1
100700,2025-11,1,0.2021610441425007,0.7
100759,2025-12,0,0.13952288603586627,0.2
101623,2025-12,1,0.5788734874695293,0.9
101158,2025-11,0,0.059818172713230505,0.2
100751,2025-11,0,0.09191159862518293,0.4
101922,2025-10,0,0.7140124014653803,1.0
102034,2025-12,0,0.07932745961623268,0.4
101815,2025-10,0,0.07352697988135506,0.3
100181,2025-10,0,0.10916904303747879,0.1
100506,2025-11,0,0.1018492897685068,0.4
101253,2025-10,0,0.5117122361599405,0.6
101013,2025-12,0,0.18662167148025932,0.5
101336,2025-10,0,0.518384728768091,0.9
101282,2025-11,0,0.41358136116734057,1.0
100158,2025-10,0,0.12168027223508567,0.2
100735,2025-12,1,0.35943581796161633,0.6
100076,2025-12,0,0.13466023130497906,0.5
101913,2025-11,0,0.8123091097413337,1.0
100000,2025-11,0,0.20733094839291555,0.1
101485,2025-12,0,0.08668857590294378,0.1
101763,2025-11,0,0.4832671892702139,0.9
100618,2025-12,1,0.12909772560160276,0.2
101246,2025-10,1,0.738841105885652,1.0
100988,2025-12,0,0.026876665441029422,0.3
100664,2025-12,0,0.22258632175398324,0.9
100008,2025-11,0,0.21431770384782456,0.3
101915,2025-10,0,0.05983813113835197,0.2
100372,2025-11,0,0.5917703132240006,0.8
101632,2025-12,0,0.06879001163624984,0.2
101851,2025-11,0,0.1618488565496632,0.5
101956,2025-12,0,0.21541939945095498,0.9
101904,2025-11,0,0.08454791342231584,0.3
100602,2025-11,0,0.15672899287910866,0.3
100521,2025-10,0,0.21513575419173442,0.7
102096,2025-10,1,0.3026713305520663,1.0
101382,2025-11,0,0.433113038582692,1.0
101784,2025-10,0,0.06928082792359393,0.1
101454,2025-11,0,0.22742560968587375,0.6
100642,2025-11,0,0.045663159553211555,0.1
100329,2025-10,0,0.15030200154712745,0.1
100009,2025-11,0,0.3099074001429903,0.8
101998,2025-10,1,0.1381716621616296,0.2
100459,2025-11,1,0.4416363421749862,0.8
100461,2025-12,0,0.30664149663021706,0.9
101733,2025-12,0,0.20006687271392462,0.4
100329,2025-11,0,0.13738306335643305,0.1
101703,2025-11,0,0.16520564593010945,0.1
101176,2025-10,0,0.2407363613760638,0.5
100178,2025-12,0,0.1306788019690168,0.8
100052,2025-10,1,0.581880337201518,0.9
102022,2025-11,1,0.45942270776203953,0.7
100101,2025-12,0,0.1265311823694864,0.2
100287,2025-11,0,0.2582155821866909,0.5
101131,2025-10,0,0.19587537118292264,0.5
101566,2025-11,0,0.18030723188592263,0.2
101583,2025-12,1,0.7142591506847157,0.9
101817,2025-12,1,0.20536609831247724,0.8
101971,2025-11,1,0.6587436427000776,1.0
100515,2025-12,0,0.20740448669812697,0.3
102090,2025-11,1,0.807009553661193,1.0
101219,2025-10,0,0.5194071778210724,0.8
101275,2025-10,0,0.16502001450314177,0.2
100356,2025-11,0,0.3014130367878334,0.8
101688,2025-12,0,0.058003842919275544,0.3
101957,2025-11,0,0.3426150234670669,0.9
100473,2025-10,0,0.3136964062166325,0.4
100585,2025-12,0,0.656305611917432,1.0
100622,2025-11,0,0.10186915089552077,0.3
101736,2025-12,1,0.5751877352447392,0.7
101786,2025-11,0,0.11225229014731568,0.1
101532,2025-10,0,0.26250058243602487,0.2
101782,2025-12,0,0.1628848218540858,0.1
100861,2025-12,0,0.2236925047243357,0.2
101234,2025-10,0,0.06332572233553231,0.3
101151,2025-11,0,0.18978508952213616,0.2
100479,2025-11,0,0.43252010562525695,0.7
100692,2025-10,0,0.30886993094456183,0.4
101450,2025-11,1,0.08596423621693651,0.3
102059,2025-12,0,0.3391109630805795,0.9
100166,2025-11,0,0.5551836839838501,1.0
101715,2025-10,0,0.46965372239320935,0.7
100844,2025-10,0,0.1455512625066215,0.3
100546,2025-12,1,0.35655282387364,0.7
100686,2025-11,1,0.7111775469858163,1.0
101852,2025-11,0,0.24917831879920108,0.5
100411,2025-10,1,0.3971716534172917,0.8
100743,2025-12,0,0.1481660727986041,0.4
100561,2025-10,0,0.20524474550854738,0.3
101359,2025-12,0,0.39339273059662705,0.5
100130,2025-11,1,0.8359266208520522,0.9
100866,2025-12,1,0.1675682231346916,0.4
100602,2025-10,0,0.23267367038137365,0.3
101063,2025-11,0,0.03343186679135723,0.2
100705,2025-11,0,0.11302395356150427,0.5
101609,2025-12,0,0.22424287389039815,0.9
100905,2025-10,0,0.3915783333215942,0.7
100123,2025-10,0,0.6870058319958884,1.0
101338,2025-10,0,0.2376512576387459,0.7
101035,2025-10,0,0.2180984813451141,0.9
100063,2025-10,0,0.34369312314226763,0.7
101531,2025-10,1,0.29327119095291987,0.6
101062,2025-12,0,0.06610543349036367,0.4
100573,2025-10,0,0.6284509706399085,0.8
102032,2025-10,0,0.059217753220381024,0.2
101053,2025-11,1,0.4653257543367254,0.6
101459,2025-10,1,0.22570459298714746,0.4
102052,2025-12,0,0.13438274436202072,0.5
101289,2025-12,0,0.1138534256269819,0.1
102011,2025-10,0,0.11165263067995058,0.4
100410,2025-10,0,0.029258372330867505,0.1
100792,2025-11,1,0.4968396000034197,0.7
102048,2025-11,0,0.2246788930706252,0.8
101493,2025-11,0,0.3724002133481076,0.9
101066,2025-10,0,0.2555273658125128,0.4
102012,2025-10,1,0.7084567992549783,0.8
100757,2025-10,1,0.6051734975577309,0.9
100169,2025-10,1,0.24455643889991674,0.3
102049,2025-11,0,0.35804908929607315,0.9
100543,2025-12,0,0.6619896989924676,0.8
100128,2025-12,0,0.5890664315042875,0.9
101180,2025-12,0,0.04222924508348733,0.1
100453,2025-11,1,0.7384431167017308,1.0
101273,2025-12,0,0.20860795271795934,0.5
100507,2025-10,0,0.056781821790267535,0.2
101649,2025-12,0,0.24894979686361968,0.3
102066,2025-12,0,0.30278208455928673,0.3
100715,2025-12,0,0.08161425730525572,0.1
100341,2025-12,1,0.6042725217917906,0.7
101578,2025-11,1,0.7287573749933005,1.0
101346,2025-10,0,0.5675156812187475,0.5
100021,2025-10,1,0.31225472778179353,0.2
102046,2025-12,0,0.5594903569316925,0.9
100243,2025-10,0,0.5082881485143984,0.8
101230,2025-12,0,0.12490336503527312,0.4
101855,2025-12,0,0.11185739986565271,0.1
100420,2025-11,0,0.1748737404470575,0.7
101173,2025-10,1,0.7308085967749217,1.0
102072,2025-11,0,0.10508676804018076,0.3
101389,2025-11,1,0.09771388653538128,0.3
100023,2025-11,0,0.17563728202676668,0.5
100814,2025-11,0,0.09104967695897702,0.1
100908,2025-12,0,0.12225569448706561,0.6
101741,2025-10,1,0.4652331842953842,0.7
100038,2025-10,1,0.3477924740608546,0.6
101423,2025-11,1,0.4794624968204911,0.8
100728,2025-12,0,0.20722380019337264,0.7
100354,2025-10,0,0.038330066258111306,0.1
100965,2025-10,0,0.12896064323679332,0.1
101377,2025-11,0,0.43112551479764516,0.9
101564,2025-12,1,0.36684296029341573,0.5
101303,2025-10,0,0.09877254501143873,0.5
100012,2025-12,0,0.338253938320587,0.3
100876,2025-11,0,0.21750969968986283,1.0
100405,2025-12,0,0.10590414356300294,0.1
100718,2025-12,1,0.11582938181988826,0.1
101984,2025-12,0,0.2055579367110624,0.1
102069,2025-11,0,0.34035305359492396,0.7
100489,2025-11,1,0.46988868737873846,0.8
100168,2025-12,0,0.15810600656431784,0.1
102026,2025-11,0,0.3159276580809513,0.6
100581,2025-12,0,0.40105637551638523,0.8
101887,2025-12,0,0.3720397353919449,0.7
101094,2025-11,0,0.45857206740089834,0.9
100390,2025-12,0,0.6033173677139273,0.8
100941,2025-10,1,0.3795710418191727,0.6
101699,2025-12,0,0.4461679300150494,0.6
100978,2025-10,0,0.34041656385222574,0.7
100601,2025-12,1,0.17559262710959747,0.2
100752,2025-10,0,0.47746267987310087,1.0
101155,2025-11,1,0.4518270432632943,0.7
100423,2025-10,1,0.4153770213322141,0.8
100346,2025-12,0,0.16761216776826662,0.1
100177,2025-11,0,0.5766749693321002,0.9
100997,2025-10,0,0.1645316757244651,0.5
100171,2025-10,0,0.10115915304371342,0.4
102084,2025-12,0,0.09349389370901846,0.3
100589,2025-11,1,0.5802883790202349,0.8
100397,2025-10,0,0.23273965946456307,0.3
101410,2025-11,0,0.25154451288806107,0.9
100904,2025-12,0,0.08926037770741309,0.3
100083,2025-10,0,0.6275374620287233,0.9
100218,2025-10,1,0.7331064551065881,1.0
101041,2025-12,0,0.11476555665262056,0.4
101942,2025-12,0,0.11650855190460409,0.1
102007,2025-11,1,0.5892205670566,0.6
100313,2025-12,0,0.023015578550717626,0.1
100225,2025-11,0,0.4482046448505056,0.9
101888,2025-12,0,0.6728030118767344,1.0
102081,2025-12,0,0.420360935222439,1.0
101459,2025-12,0,0.08801263159174838,0.4
101748,2025-10,0,0.21072379129776556,0.2
102025,2025-12,0,0.39083642573655475,1.0
100792,2025-12,0,0.23076607754818274,0.7
101600,2025-11,0,0.46668223306834045,0.7
101964,2025-12,0,0.050517554999502445,0.4
101893,2025-10,0,0.5701417564585982,0.5
100629,2025-12,0,0.3940478331300011,0.7
101002,2025-11,0,0.026988160416672038,0.2
100590,2025-11,0,0.07391394982569778,0.2
100830,2025-12,1,0.35292750652468646,0.7
101337,2025-12,1,0.38340572711507614,0.8
101252,2025-12,0,0.32221079920461376,0.6
100810,2025-10,0,0.30323862198426554,0.6
100870,2025-10,0,0.6510964192790717,0.9
100931,2025-10,0,0.05068881638798059,0.2
100557,2025-10,0,0.10437721736002492,0.5
101715,2025-11,0,0.4698495415397434,0.7
100793,2025-11,0,0.061290747480785966,0.2
100961,2025-11,0,0.16293339862573394,0.5
100518,2025-12,0,0.28709205182710673,0.7
100000,2025-10,0,0.16519627348874666,0.1
101921,2025-12,0,0.03745935200176058,0.1
101949,2025-10,0,0.1964271014886141,0.2
101469,2025-11,0,0.22061372319856343,0.6
100527,2025-10,0,0.038347467385091094,0.3
100178,2025-11,0,0.5768854567270897,0.8
101849,2025-12,0,0.1092775227619173,0.4
101437,2025-12,1,0.4509021566639398,1.0
102055,2025-10,0,0.029686559859122868,0.2
102001,2025-12,0,0.5274079783838103,0.8
100458,2025-12,0,0.02480342152007349,0.2
100028,2025-11,0,0.08594648284131776,0.2
100896,2025-10,0,0.03927108210789997,0.3
101743,2025-10,0,0.23003498774948802,0.4
100122,2025-12,1,0.3759453372016857,0.5
100556,2025-11,0,0.051230436254715725,0.3
101493,2025-10,0,0.2981265774665437,0.9
100250,2025-10,0,0.3246197193285323,0.7
100969,2025-12,0,0.023756892344008823,0.1
100064,2025-10,0,0.463061376606068,0.6
100230,2025-11,1,0.4809471571856645,0.5
100921,2025-11,0,0.06242803057787398,0.4
100180,2025-12,0,0.0644620746960031,0.6
101581,2025-11,0,0.09873371124620917,0.4
100892,2025-11,0,0.6415691588277979,1.0
101055,2025-10,1,0.25693719705053497,0.6
102018,2025-11,0,0.03519295047482628,0.1
100912,2025-10,1,0.5459062647577156,1.0
100342,2025-10,0,0.2949663471763837,0.7
100297,2025-12,0,0.6446923074379054,0.8
101265,2025-12,1,0.3107382241790834,0.4
102039,2025-11,0,0.09817084630760267,0.3
100425,2025-11,0,0.7473587712959128,0.9
101189,2025-12,0,0.4965305937223843,0.7
101036,2025-11,1,0.5905772337354855,0.7
101940,2025-12,1,0.4090696403832737,0.7
101838,2025-10,0,0.1932768681760303,0.7
101949,2025-12,0,0.10212925906196628,0.2
100865,2025-12,0,0.3036874207265408,0.7
100812,2025-11,0,0.18574020079516154,0.2
100201,2025-10,0,0.15280968236361214,0.1
100357,2025-12,0,0.2683604741429825,0.5
101559,2025-11,0,0.07549592618515094,0.3
101985,2025-11,0,0.17907192941799305,0.4
101318,2025-10,0,0.20055204936332036,0.5
102013,2025-11,0,0.4243336509542919,0.7
100488,2025-11,1,0.27581100562678007,0.9
101153,2025-10,0,0.10913657377281068,0.3
100650,2025-12,0,0.44465341114936596,1.0
101616,2025-12,0,0.08770162766977486,0.4
101549,2025-12,1,0.4262872934836405,0.8
100393,2025-10,1,0.69124766735201,0.9
101194,2025-12,0,0.020541005992671335,0.2
100006,2025-10,0,0.13394877890353868,0.7
101770,2025-11,1,0.14808407160677206,0.3
101270,2025-12,1,0.34922118323544865,0.7
101369,2025-11,0,0.322299093581948,0.6
100543,2025-11,0,0.6926207845605256,0.8
100971,2025-10,1,0.5664019674487009,0.9
101577,2025-11,0,0.43799239948263147,0.6
100572,2025-11,1,0.5326869122730784,0.8
101789,2025-12,1,0.11357736411244078,0.4
101156,2025-10,0,0.28444828645689024,0.7
100286,2025-10,1,0.5313857541360187,0.7
101779,2025-10,0,0.2852385238380109,0.8
100900,2025-12,0,0.3147089634550329,0.6
100994,2025-10,0,0.041027349338003054,0.1
101427,2025-10,0,0.0934291073082101,0.3
102054,2025-10,0,0.18720694473986674,0.6
101801,2025-11,0,0.20459349995399556,0.3
100037,2025-11,0,0.055298739141466664,0.2
101094,2025-12,0,0.4816500517668539,0.9
100490,2025-10,0,0.04400894445437419,0.3
100897,2025-10,0,0.34796099564891436,0.3
100005,2025-11,0,0.4180995207193229,0.8
101221,2025-12,1,0.13583210999735312,0.7
101133,2025-12,1,0.2195218917829036,0.6
100188,2025-11,0,0.2768791442982053,0.5
101461,2025-12,0,0.5693397483790331,0.7
101890,2025-11,1,0.4133769750393487,1.0
101963,2025-12,0,0.0578037034391347,0.3
100516,2025-11,0,0.07189544216631534,0.2
100141,2025-11,0,0.4327607422324945,0.3
100204,2025-12,1,0.4721196164885081,0.5
102060,2025-10,0,0.30810213134579645,0.4
101564,2025-10,0,0.3265155901453429,0.5
101166,2025-10,0,0.06811140311022156,0.2
100379,2025-10,0,0.45275770731644693,0.8
101403,2025-11,0,0.0623516738687591,0.6
101886,2025-11,1,0.8267810132797478,1.0
100840,2025-10,0,0.1471900685536728,0.1
100858,2025-10,1,0.3458799993228507,0.8
102034,2025-11,0,0.12705606383171764,0.4
101425,2025-10,0,0.11068623919527383,0.6
101977,2025-11,0,0.03698486977286018,0.3
100339,2025-12,0,0.23573776196126536,0.3
101255,2025-12,0,0.11366434405179728,0.4
101928,2025-10,0,0.6993677039252233,1.0
100444,2025-10,0,0.12629467154720006,0.2
100246,2025-12,0,0.06817336447456084,0.1
101109,2025-12,0,0.21986454146399995,0.4
101938,2025-12,0,0.2053859321397154,0.5
101200,2025-12,1,0.18435224567735772,0.3
100097,2025-10,0,0.1038829948835378,0.1
101043,2025-10,0,0.09208274872506937,0.3
100634,2025-12,0,0.1372050751229873,0.5
102079,2025-10,1,0.7181398341804545,1.0
101767,2025-10,1,0.7262372093916412,0.8
101761,2025-12,1,0.5771224117799494,1.0
101159,2025-11,0,0.07355747647478234,0.2
100566,2025-12,0,0.18401436715795355,0.2
101613,2025-11,1,0.40538912763661195,1.0
101704,2025-12,1,0.7343824872616891,1.0
100287,2025-10,0,0.1019416362520615,0.5
102098,2025-12,1,0.22842130933666385,0.7
101342,2025-10,0,0.03635024514172529,0.1
101352,2025-11,0,0.2084365717306731,0.6
101928,2025-11,0,0.6563561311046662,1.0
100881,2025-11,0,0.20333927783047723,0.1
101049,2025-12,0,0.08975548401285327,0.1
101645,2025-10,0,0.30629643247103533,1.0
101808,2025-10,0,0.2884252840029248,0.7
101260,2025-10,0,0.5115889231540256,0.5
101492,2025-10,0,0.3991257314333582,0.7
100534,2025-12,0,0.133401188421909,0.4
101043,2025-11,0,0.4072788462750549,0.3
100489,2025-10,0,0.6172356987441912,0.8
100889,2025-11,0,0.04731437227939112,0.3
101496,2025-12,0,0.08664662400860561,0.3
101596,2025-10,0,0.41567048525878997,0.7
101082,2025-10,0,0.05588643945831733,0.1
100255,2025-12,0,0.37898588702565367,0.6
100999,2025-11,0,0.37318512150180744,0.4
100632,2025-12,1,0.3732927390540949,0.6
101429,2025-10,0,0.23319849770156592,0.4
101209,2025-10,1,0.15797898931694299,0.2
100202,2025-12,0,0.14689317594554016,0.2
100560,2025-10,0,0.5124400942576673,1.0
100376,2025-11,1,0.20706207837436205,0.9
100011,2025-12,0,0.34116038584460445,0.5
100499,2025-10,0,0.4416436924474909,0.6
100138,2025-10,0,0.1948215160967111,0.5
101585,2025-11,1,0.3719888032755676,0.7
101046,2025-10,1,0.40042507944385974,0.7
100349,2025-11,0,0.34016279132633925,0.8
100660,2025-11,0,0.06927254815318007,0.1
100176,2025-12,0,0.14600210931657728,0.4
100347,2025-10,0,0.08693106770940076,0.4
101295,2025-10,0,0.19176953441317052,0.4
100007,2025-12,0,0.26411533564764855,0.3
102032,2025-12,1,0.328599235201724,0.2
101196,2025-11,0,0.2142197766419429,0.7
100497,2025-11,0,0.23143640163815404,0.8
101150,2025-10,1,0.45600220068301034,0.8
101584,2025-11,0,0.30064418949925337,0.5
100259,2025-11,1,0.5228602362449044,0.7
101884,2025-10,0,0.0777879906205908,0.2
101139,2025-10,0,0.31334410581584854,0.8
100619,2025-11,0,0.06875777110548911,0.1
101258,2025-12,1,0.16207453271631614,0.2
100208,2025-10,0,0.08366251150252946,0.2
100779,2025-10,0,0.5630319121289961,0.6
100887,2025-11,0,0.2710474574196186,0.5
101913,2025-10,0,0.7646219068553425,1.0
100167,2025-10,1,0.5656694386378057,0.9
100358,2025-11,0,0.4767026060243947,0.7
102056,2025-10,0,0.04738567514736713,0.3
100413,2025-11,0,0.11267784293969256,0.1
100814,2025-10,0,0.04270371003064223,0.1
101555,2025-11,0,0.3405584091741271,0.2
101016,2025-11,0,0.25586359030372136,0.9
100742,2025-10,0,0.0425029491203087,0.1
101501,2025-12,1,0.3599263918777931,0.4
101751,2025-12,0,0.21895832794302808,0.6
101881,2025-10,0,0.5292151131103682,0.9
101460,2025-12,0,0.2179424570900596,0.5
100234,2025-10,0,0.24480861458173875,0.7
101682,2025-12,0,0.08616545688572663,0.1
100995,2025-11,0,0.1521596311220518,0.8
101736,2025-10,1,0.5703983420074977,0.7
100541,2025-12,0,0.2898636465331818,0.7
100298,2025-12,1,0.7402170308895956,1.0
101455,2025-12,0,0.3457021715918957,1.0
100313,2025-10,0,0.020832259800257998,0.1
101225,2025-10,0,0.35467827500121246,0.3
100395,2025-12,1,0.3221521807377185,0.3
100936,2025-10,0,0.3462637472403009,1.0
101612,2025-11,0,0.44791251167429963,0.7
100551,2025-12,0,0.3635456415135226,0.5
100835,2025-12,0,0.3398903423554001,0.9
101211,2025-11,0,0.2650972563966754,0.2
101116,2025-10,1,0.40113749359752876,0.6
100327,2025-10,0,0.24207845986493204,0.6
101910,2025-11,1,0.6231465253738669,0.6
101344,2025-11,0,0.13222209711460606,0.1
101977,2025-10,0,0.0817599043902501,0.3
100029,2025-11,1,0.7637859523361724,0.9
100593,2025-11,0,0.5171650321265968,0.8
101256,2025-11,0,0.6084442117721779,0.7
101023,2025-11,0,0.27660064010798396,0.6
101782,2025-10,0,0.06134925133342688,0.1
100311,2025-11,0,0.456306173814923,0.8
100905,2025-12,1,0.31120154589113075,0.7
101989,2025-10,0,0.1876429500540974,0.4
100801,2025-10,0,0.32211525244062267,0.4
101825,2025-12,0,0.6095359290239126,0.9
100463,2025-10,0,0.15939293025936008,0.2
101310,2025-11,0,0.230234769447513,0.5
100815,2025-12,1,0.37893998016529873,0.9
100600,2025-11,0,0.17999601404067744,0.2
100624,2025-11,1,0.6879609381312968,1.0
101745,2025-11,0,0.16647731578771777,0.1
100401,2025-12,0,0.16050062905408588,0.4
101398,2025-10,0,0.2128362970546061,0.4
100635,2025-10,0,0.08791480454573132,0.6
101374,2025-10,0,0.2875168112588356,0.2
100302,2025-11,0,0.322880824747053,0.5
100082,2025-11,0,0.26031525236712133,0.7
100740,2025-10,0,0.09440259605321608,0.2
100833,2025-11,0,0.4992763396011606,0.9
100604,2025-10,0,0.2734221719669459,0.3
100793,2025-10,0,0.1220641567320723,0.2
100361,2025-10,0,0.49239007754679415,1.0
101700,2025-11,0,0.22542522684633381,0.3
101525,2025-12,0,0.03768920530321731,0.1
100459,2025-12,1,0.7048754883207716,0.8
100693,2025-10,0,0.3993129579896234,0.8
100584,2025-10,1,0.16470128249571345,0.4
101119,2025-10,1,0.6376119965920359,0.9
100887,2025-10,0,0.42854238331043076,0.5
100554,2025-10,0,0.18379429874270808,0.5
101243,2025-11,0,0.1943031149734836,0.1
101944,2025-11,1,0.4800888994619133,0.9
101032,2025-10,1,0.1901762284757292,0.8
101785,2025-10,0,0.051626828400282765,0.3
101546,2025-12,0,0.09414188284865786,0.2
100550,2025-11,0,0.29556886752114636,0.7
100684,2025-10,0,0.38016549109220443,1.0
100987,2025-11,0,0.2614452333181144,0.6
100469,2025-10,0,0.328343718293303,0.6
100542,2025-10,0,0.06858940402217538,0.2
100192,2025-11,0,0.08710986386862049,0.2
100171,2025-11,0,0.5103518804526581,0.4
100725,2025-10,1,0.077393521112311,0.1
100817,2025-10,1,0.6611117031914439,1.0
100676,2025-10,1,0.46063859635218135,0.8
100524,2025-11,1,0.4707050051203959,0.9
101396,2025-10,0,0.07431742877444396,0.1
101450,2025-10,0,0.11033917129891076,0.3
101268,2025-10,0,0.13027972380836883,0.5
101312,2025-12,1,0.6919022110982364,0.9
100089,2025-10,0,0.36751516182187155,0.5
101385,2025-10,0,0.053763873603108206,0.2
101998,2025-12,0,0.06186734252400841,0.2
101376,2025-12,0,0.07082179161473343,0.1
101615,2025-12,0,0.3642719792035475,0.8
100711,2025-12,1,0.4213011758401933,0.6
100032,2025-10,0,0.6921189151841602,0.8
100685,2025-11,0,0.18191142942917363,0.4
101481,2025-12,0,0.1258324977126486,0.3
101078,2025-11,0,0.47054509940290085,0.9
101141,2025-12,0,0.03203358287951514,0.1
102067,2025-12,1,0.677635888542732,1.0
100361,2025-12,0,0.7584246190997297,1.0
101853,2025-11,0,0.36404835110431005,0.8
101420,2025-12,0,0.20868501893579694,0.5
101296,2025-11,1,0.7346151566097401,0.8
101792,2025-10,0,0.36882561766671623,0.8
100751,2025-12,0,0.2885370455103772,0.4
101614,2025-12,1,0.31700438482412596,0.3
101330,2025-10,0,0.5175727630598466,0.6
100919,2025-12,0,0.7338803342840352,1.0
101179,2025-12,1,0.5459482311063439,0.9
100850,2025-10,0,0.17754425889764175,0.1
100523,2025-10,0,0.4236068697520566,0.7
101529,2025-11,0,0.46321839644463747,0.9
101358,2025-12,0,0.19692197681528636,0.5
101561,2025-11,0,0.17583370979956106,0.7
100276,2025-12,1,0.7817901782027303,1.0
101834,2025-10,0,0.05738094384425845,0.3
100255,2025-11,0,0.45618142715595084,0.6
102068,2025-10,0,0.11881390876427256,0.5
101302,2025-11,0,0.5334766119501825,0.9
101196,2025-10,0,0.5439210221862193,0.7
101872,2025-12,0,0.3937826024187656,0.8
100421,2025-12,0,0.06293659885289415,0.3
100310,2025-11,0,0.3148040295547655,0.5
101512,2025-12,1,0.26703698545012894,0.9
101835,2025-11,1,0.10213174481812252,0.1
101172,2025-12,0,0.13326529349729255,0.3
100666,2025-10,0,0.27740279153042924,0.4
101598,2025-12,0,0.594889259507801,1.0
101203,2025-12,0,0.48767557674202955,0.6
101855,2025-10,1,0.1493193830393438,0.1
101205,2025-12,0,0.3275558455255656,0.4
100442,2025-12,0,0.23425006513625207,0.1
100143,2025-10,1,0.5474904774326069,0.8
101371,2025-12,0,0.26577355663902114,0.6
101417,2025-11,0,0.4540022055934494,0.7
101964,2025-11,0,0.21959335482785589,0.4
101556,2025-11,0,0.3658271590033948,0.9
102074,2025-11,0,0.3045525629811059,0.5
100486,2025-12,0,0.2167331411112264,0.8
100981,2025-12,0,0.17050377892586663,0.2
100958,2025-11,0,0.6048735479943752,0.5
101146,2025-11,0,0.3036529946480444,0.8
101334,2025-11,0,0.4532986343072972,0.8
101773,2025-10,0,0.1320515815904496,0.4
100141,2025-12,0,0.402198573077151,0.3
101715,2025-12,0,0.25799494630011544,0.7
100473,2025-12,0,0.24182570858939445,0.4
101395,2025-12,0,0.5883699605260942,0.9
101674,2025-12,1,0.15758718275463607,0.6
100347,2025-12,0,0.06550354930471279,0.4
101713,2025-12,1,0.47075214185660486,0.7
101478,2025-10,1,0.3017382723616886,1.0
100811,2025-11,0,0.17625982880630375,0.4
100705,2025-10,0,0.39545049379157104,0.5
102046,2025-11,1,0.698383282685929,0.9
101033,2025-10,0,0.42018397063388246,0.5
101812,2025-10,1,0.48663171663177446,0.7
101300,2025-11,0,0.2767680550978311,0.2
100323,2025-11,0,0.3364242515548888,0.7
100320,2025-11,0,0.45905105423921766,0.9
100051,2025-10,0,0.1307118810822963,0.2
100831,2025-12,0,0.10585705504187046,0.4
102073,2025-10,1,0.44721909904211143,0.5
102030,2025-10,0,0.08401347525914393,0.3
101322,2025-12,1,0.720594992510436,0.9
101879,2025-12,1,0.22873008917657175,0.3
100503,2025-10,1,0.5818200507065836,0.8
100724,2025-11,0,0.32176137280747047,1.0
101790,2025-11,0,0.3813174222276874,0.9
102088,2025-10,0,0.19734869692327667,0.3
100899,2025-10,0,0.5153001807937484,0.9
100074,2025-11,1,0.27281823085792445,0.8
100205,2025-12,0,0.13492849686217964,0.5
100388,2025-10,1,0.2216440557500685,0.6
100832,2025-11,0,0.5200640695716514,0.6
100229,2025-11,1,0.8194717328567275,1.0
102017,2025-11,0,0.08028455737180716,0.4
101137,2025-11,0,0.5794469299316595,0.9
100212,2025-11,0,0.1429083674133347,0.2
101696,2025-11,1,0.2527964321336319,0.8
101226,2025-10,0,0.6993741421991996,0.9
100595,2025-12,0,0.37754450372872495,0.6
100627,2025-10,0,0.19989250015400958,1.0
101171,2025-12,0,0.05700512135379947,0.1
101271,2025-11,0,0.13610866900108803,0.1
100002,2025-10,1,0.562591551686283,0.9
101773,2025-11,1,0.16416522588691151,0.4
101726,2025-10,1,0.7209998466104154,1.0
101824,2025-10,1,0.6029011037757146,0.6
100873,2025-12,0,0.540688806092107,0.7
101878,2025-11,0,0.5993031668422197,1.0
101476,2025-11,0,0.09756421785675215,0.1
100261,2025-11,0,0.17102041869953633,0.5
101447,2025-12,1,0.6001224291839111,1.0
100704,2025-11,1,0.7506222189428906,1.0
100591,2025-11,0,0.3347055890610886,0.9
101483,2025-12,0,0.4851101411399834,0.6
100980,2025-11,0,0.20736938521620943,0.4
100622,2025-12,0,0.06690388781579006,0.3
101163,2025-12,0,0.3145585304421504,0.6
100475,2025-11,0,0.2995924967449968,0.6
101927,2025-11,0,0.5773189854559578,0.8
101536,2025-10,0,0.06206451632063112,0.5
100041,2025-11,1,0.6270877015681742,1.0
100967,2025-12,1,0.720293093785262,0.9
101610,2025-10,1,0.6760184346012577,0.9
100934,2025-10,0,0.05310308831245847,0.1
101197,2025-11,0,0.10626070498393742,0.6
101981,2025-11,0,0.5521226890934651,0.9
101272,2025-11,0,0.4277883189463008,0.7
100857,2025-12,1,0.45185980368560985,0.6
101724,2025-12,0,0.6424099538896213,1.0
101503,2025-12,0,0.09714513142125114,0.1
101582,2025-12,0,0.09947372847980297,0.3
101383,2025-10,0,0.20573589776076628,0.1
101290,2025-12,0,0.15104444619596227,0.2
101878,2025-12,0,0.42736339670906587,1.0
100000,2025-12,0,0.20826945886444787,0.1
100888,2025-11,1,0.38486071029110613,0.5
100938,2025-10,0,0.1841794502749863,0.4
101094,2025-10,1,0.6916392839582348,0.9
101132,2025-11,0,0.21264153108688869,0.6
101580,2025-12,0,0.1669537117727961,0.5
101324,2025-10,0,0.2242856420752577,0.3
100098,2025-10,0,0.12059524376373713,0.2
100528,2025-12,0,0.19076150383334542,0.4
100435,2025-12,0,0.2184136108193764,0.6
101031,2025-12,1,0.554736423796752,0.9
101798,2025-10,0,0.5305501806628263,1.0
101847,2025-12,0,0.08788042711235611,0.3
100525,2025-12,0,0.07799438162104705,0.3
101299,2025-12,0,0.23204231185602298,0.8
101618,2025-11,0,0.3603030654139761,0.6
100611,2025-12,0,0.06009173965779787,0.1
102094,2025-11,1,0.6064339422494747,1.0
100789,2025-12,0,0.13049403223600145,0.8
100982,2025-12,0,0.12192608537261916,0.1
101010,2025-11,0,0.10591807053579096,0.1
100576,2025-12,0,0.14303152744424127,0.2
100647,2025-12,0,0.24809251891868195,0.7
101953,2025-11,0,0.4333534951934837,0.9
101668,2025-12,0,0.14568636940416124,0.6
101810,2025-11,0,0.04469298592667902,0.1
100431,2025-11,0,0.08585862074233187,0.4
101193,2025-12,0,0.07247534719148441,0.5
102028,2025-11,0,0.13623945254415543,0.7
100556,2025-12,0,0.0717040666898461,0.3
101213,2025-10,0,0.09848805462365044,0.2
101142,2025-10,1,0.3307268691095328,0.4
100896,2025-11,0,0.20174837371313464,0.3
100975,2025-12,0,0.20873315864918748,0.9
101072,2025-11,0,0.13907671951827305,0.3
101064,2025-12,0,0.10245133636096967,0.1
100417,2025-11,0,0.23016556548425282,0.5
101747,2025-10,0,0.15774060715426733,0.3
100957,2025-10,0,0.09763490850216991,0.1
102024,2025-11,0,0.14545633917602868,0.6
101502,2025-10,0,0.2767146983753068,0.8
101201,2025-10,0,0.1454954438089817,0.2
100410,2025-11,0,0.030803702428482675,0.1
101090,2025-10,1,0.0906210486444272,0.1
101050,2025-11,0,0.25708038415193535,0.7
100609,2025-11,0,0.5155498771939236,1.0
101502,2025-11,1,0.5122502633240447,0.8
102057,2025-10,0,0.16040500869649701,0.3
100773,2025-12,1,0.6692016129115289,1.0
101992,2025-11,1,0.20465182143365,0.5
101212,2025-12,0,0.2579528350051423,0.2
100620,2025-10,0,0.36197150012410045,0.8
101999,2025-11,0,0.25545468538189586,0.7
100093,2025-12,0,0.0960525839890581,0.3
101352,2025-10,1,0.4036537629959746,0.6
100274,2025-11,0,0.11007851629937947,0.2
101678,2025-11,0,0.10043837990701793,0.3
100932,2025-11,0,0.23759245562175282,0.6
101453,2025-11,0,0.241251852831061,0.5
101906,2025-11,0,0.4888648863086337,0.9
100674,2025-10,0,0.21868365984847116,0.2
101779,2025-11,0,0.22416580944635736,0.8
101606,2025-10,1,0.15541966653242992,0.5
100765,2025-11,1,0.31453730153297677,0.7
100377,2025-12,1,0.3196468532952339,0.6
101954,2025-11,0,0.07916081081729874,0.1
100988,2025-11,0,0.13202665226671154,0.3
100864,2025-11,0,0.056076872520842994,0.3
101962,2025-10,0,0.07470195064475404,0.1
100715,2025-11,0,0.14689705161380448,0.1
101368,2025-12,0,0.33227309868124627,0.9
101476,2025-10,0,0.03216502699727205,0.1
101286,2025-10,0,0.2711207285417228,0.7
102068,2025-11,0,0.21583837291410748,0.5
102001,2025-11,0,0.2594575298545193,0.8
100314,2025-10,0,0.36668959883114005,0.9
100033,2025-12,0,0.2891168765864521,0.8
100015,2025-12,0,0.3765705203960491,1.0
101756,2025-11,0,0.474288120798061,0.9
101880,2025-10,0,0.16536095244128537,0.4
100801,2025-11,0,0.10169075948960693,0.4
100515,2025-11,0,0.16499501997875698,0.3
101237,2025-12,0,0.4295383949655961,0.9
101948,2025-11,1,0.6695085963496805,0.7
100710,2025-12,1,0.35771476722380124,0.8
101526,2025-10,0,0.10297614960291178,0.3
101723,2025-10,0,0.3619587941343322,0.8
101693,2025-12,1,0.06051690375874509,0.1
101016,2025-12,0,0.3655267534010662,0.9
101424,2025-12,0,0.06088926307694676,0.1
100350,2025-10,0,0.49556092684743785,0.5
101098,2025-11,0,0.06396550824378508,0.3
100784,2025-11,0,0.2494900502853435,0.3
101425,2025-12,0,0.24317317399527522,0.6
101920,2025-10,0,0.09504488991917791,0.1
100960,2025-10,0,0.1860105576002779,0.4
101517,2025-10,0,0.1467999414584893,0.4
101141,2025-10,0,0.08463306289719214,0.1
101250,2025-11,0,0.07473402205546036,0.5
100042,2025-12,0,0.21431807206943582,0.2
100200,2025-11,0,0.026240072979060076,0.3
101251,2025-11,0,0.057483926364567874,0.2
101795,2025-10,0,0.07229050140294328,0.4
100050,2025-10,0,0.07910493100637356,0.2
101801,2025-12,0,0.1545783518064952,0.3
101475,2025-11,1,0.27171423630418917,0.2
101080,2025-10,1,0.35215196380876673,0.6
100263,2025-12,0,0.22090653485654796,0.2
100924,2025-10,0,0.32304514244866905,0.9
100635,2025-11,0,0.13274919806117078,0.6
102069,2025-10,0,0.4546370972260879,0.7
100049,2025-11,0,0.2312134199518478,0.3
100103,2025-12,1,0.2518988604249815,0.6
101466,2025-12,1,0.5944056016796283,1.0
101862,2025-12,0,0.04698073638048696,0.2
100022,2025-10,0,0.04504949115852356,0.3
100863,2025-11,1,0.43174244031607173,0.6
100794,2025-11,0,0.320274719477258,0.8
101844,2025-12,0,0.12875312849559511,0.1
100368,2025-11,0,0.14780375452181058,0.1
100002,2025-12,1,0.283834128651993,0.9
101575,2025-12,0,0.03791530252791862,0.1
101433,2025-12,0,0.16962659047794637,0.4
101235,2025-11,0,0.12882557105563774,0.4
101035,2025-11,1,0.27192611921384646,0.9
100118,2025-11,1,0.3775916129454109,0.5
100152,2025-11,0,0.31913242812687787,0.5
101822,2025-12,0,0.05562475969274022,0.1
101076,2025-10,1,0.4936654472249911,0.7
100611,2025-11,0,0.06617162965678279,0.1
100535,2025-11,0,0.14256772226457082,0.4
101933,2025-11,0,0.19172777025424517,0.7
100168,2025-11,0,0.06485993601325055,0.1
101853,2025-10,1,0.6157000602374417,0.8
101724,2025-10,1,0.7339163495381752,1.0
101507,2025-10,0,0.547145959171424,0.9
101088,2025-10,0,0.3398779487446099,0.7
101606,2025-12,0,0.0955646096717669,0.5
101767,2025-12,1,0.5157091298787267,0.8
102002,2025-12,0,0.09186260761891119,0.2
100738,2025-11,0,0.04558162679992415,0.5
101241,2025-12,0,0.14813350776200124,0.4
100934,2025-11,0,0.03760839562928037,0.1
101849,2025-10,0,0.2774925309343557,0.4
101026,2025-11,1,0.4899194839790942,0.8
100412,2025-10,0,0.08845018567098481,0.3
101778,2025-12,0,0.043170946215466875,0.2
101393,2025-12,1,0.7576586268027403,0.9
100126,2025-10,0,0.1350915993982767,0.4
100802,2025-12,0,0.4485627819390858,0.5
100795,2025-10,1,0.6049388999696252,1.0
100084,2025-11,0,0.15800290416074977,0.2
101454,2025-10,0,0.08115728250231499,0.6
100776,2025-11,0,0.22082884484315035,0.5
100814,2025-12,0,0.018524806807054418,0.1
101939,2025-12,0,0.07790623937608569,0.2
102066,2025-11,0,0.20955129513037155,0.3
100818,2025-12,0,0.5376994228753356,0.8
100750,2025-11,1,0.26447493008715217,0.4
101360,2025-12,0,0.046863007630864914,0.1
100487,2025-10,0,0.4571483600117053,1.0
101575,2025-10,0,0.026261861586365877,0.1
100762,2025-10,1,0.6272459172517014,0.9
101566,2025-12,0,0.1017700256526219,0.2
101929,2025-10,0,0.20171209796453768,0.7
100716,2025-10,1,0.42546247219645755,0.7
101679,2025-11,0,0.3915520169449738,0.6
100699,2025-12,0,0.1077681713078774,0.1
100826,2025-11,0,0.6917711769253911,0.9
100521,2025-11,0,0.182721573024957,0.7
102021,2025-10,0,0.14258756025888888,0.2
101369,2025-10,1,0.38329481719695563,0.6
100219,2025-10,1,0.3968855777896714,0.7
100455,2025-10,0,0.03107733420542628,0.2
101037,2025-12,0,0.18740974835037394,0.2
101635,2025-11,1,0.20948382853424577,0.3
101264,2025-10,1,0.6046184440326319,0.9
102034,2025-10,0,0.22881873555897297,0.4
101167,2025-12,0,0.26580462900441865,0.9
100777,2025-12,1,0.5334250326450996,1.0
100758,2025-12,0,0.49821835116628393,1.0
100574,2025-12,0,0.1679784073754391,0.5
100016,2025-12,0,0.05366819734536554,0.2
100824,2025-12,0,0.15805866254990295,0.5
101254,2025-11,1,0.5266352866679656,0.6
101180,2025-11,0,0.07662186932626876,0.1
101073,2025-10,0,0.05650961633966172,0.1
102051,2025-11,1,0.47702683197084145,1.0
100237,2025-11,0,0.26254351600538617,0.4
101275,2025-12,0,0.21070095403800934,0.2
100597,2025-12,0,0.07109713262318558,0.3
101973,2025-12,0,0.13661589490021894,0.1
100869,2025-12,1,0.5408649420494566,0.7
100783,2025-11,0,0.3225069022905137,0.6
100245,2025-12,0,0.5189225603437153,0.9
101205,2025-11,1,0.2956342180281479,0.4
100601,2025-11,0,0.07062698029733765,0.2
100331,2025-10,0,0.434169841547995,0.7
101651,2025-12,0,0.10696969197226477,0.1
101391,2025-12,0,0.13223190450679967,0.9
100620,2025-11,0,0.3575629549647365,0.8
100492,2025-11,0,0.4771795437026896,0.7
100560,2025-11,1,0.75860103163434,1.0
100183,2025-12,0,0.3410147669828041,0.6
101700,2025-12,0,0.0695504800873392,0.3
101662,2025-11,0,0.08064192053156319,0.1
101016,2025-10,0,0.4432524719778772,0.9
101456,2025-11,0,0.03393636756134107,0.1
101828,2025-11,1,0.41646833586950804,0.8
101121,2025-10,0,0.07175534298937924,0.2
101480,2025-11,0,0.26993527354930813,0.6
100241,2025-11,1,0.2991771053026552,1.0
100699,2025-10,0,0.029262959226148622,0.1
101346,2025-12,0,0.47384410250036973,0.5
100748,2025-11,0,0.23611567166653508,0.6
100508,2025-12,1,0.5235540667386842,1.0
100989,2025-12,1,0.2603641516985758,0.3
102070,2025-12,0,0.13569066899680485,0.3
101787,2025-12,0,0.33106346320447366,0.9
101223,2025-12,1,0.6561398067426656,0.8
100214,2025-11,0,0.5390555579132167,1.0
101696,2025-10,0,0.3829630966922215,0.8
101953,2025-12,1,0.5640635296070364,0.9
100194,2025-11,0,0.32768213990453354,0.8
101355,2025-11,0,0.12144035176186378,0.1
100972,2025-10,0,0.150354768446889,0.2
101658,2025-11,0,0.09293587106372592,0.2
100168,2025-10,0,0.09848085348218326,0.1
100209,2025-10,0,0.14678191387754538,0.4
101692,2025-12,0,0.6713078901260876,1.0
100299,2025-12,0,0.28749879525766414,0.6
100026,2025-11,1,0.3298536058498077,0.6
100483,2025-12,0,0.0841426364635785,0.4
101014,2025-12,0,0.36830588907594936,0.4
101376,2025-10,0,0.1074713595360214,0.1
100587,2025-10,0,0.8252197527993215,1.0
101695,2025-12,0,0.054737804420834785,0.3
101408,2025-11,0,0.21210438263285053,0.6
100260,2025-12,0,0.2505158028330722,0.5
101251,2025-10,0,0.11457246473838537,0.2
100956,2025-12,1,0.3058975056426209,0.3
101067,2025-10,0,0.3615039763863575,1.0
101006,2025-10,0,0.11728035768517063,0.1
100180,2025-10,0,0.27254419976460065,0.6
100867,2025-10,0,0.49169272569082817,0.7
100382,2025-12,0,0.16917483008066614,0.5
101652,2025-10,0,0.1180792064501185,0.3
101800,2025-10,0,0.49284868270237436,0.6
100870,2025-12,1,0.7624130518563904,0.9
101088,2025-12,0,0.4516507447109853,0.7
100173,2025-12,0,0.5273900947354583,0.7
101291,2025-10,0,0.1728773296007531,0.1
101547,2025-11,1,0.5552389923172761,0.6
101456,2025-10,0,0.1246092265359587,0.1
100328,2025-11,0,0.2869930156366129,0.7
100111,2025-12,0,0.10942445147970867,0.2
101515,2025-11,1,0.11501145703254133,0.1
101222,2025-10,1,0.7031143185158816,1.0
100629,2025-10,0,0.38804844342131223,0.7
100480,2025-11,0,0.16091213087451395,0.5
101547,2025-10,1,0.5518727904247821,0.6
101463,2025-12,0,0.06048971298174476,0.3
101160,2025-11,0,0.4209555291289421,1.0
100946,2025-10,0,0.3548416744476051,0.7
100632,2025-10,0,0.4083204391712569,0.6
100340,2025-12,0,0.4196231564492691,1.0
101966,2025-10,0,0.1637340491126046,0.3
100424,2025-10,0,0.2129662470875444,0.1
101866,2025-12,1,0.5852343616974801,0.8
100104,2025-12,0,0.22034703267645142,1.0
100097,2025-11,0,0.026067643397734014,0.1
100456,2025-11,1,0.29890765657058554,0.6
100897,2025-11,0,0.355418928494251,0.3
100234,2025-11,1,0.3326012775722311,0.7
100433,2025-11,1,0.6469625460944288,0.8
102096,2025-12,0,0.5030535066065538,1.0
100170,2025-10,1,0.7553307012072888,1.0
100189,2025-11,0,0.4129176273573417,0.8
101593,2025-10,0,0.048056615996236084,0.1
100571,2025-11,0,0.07177097784856913,0.1
100972,2025-11,0,0.11294432328317583,0.2
100680,2025-12,1,0.23283205241957053,0.4
101698,2025-11,0,0.1882175679219028,0.6
101008,2025-10,0,0.2663672535195209,0.3
100426,2025-11,0,0.07401019555658556,0.3
100667,2025-12,0,0.10781478209845315,0.3
101695,2025-10,0,0.1812259773414625,0.3
101308,2025-11,0,0.07668823469659265,0.4
100155,2025-12,0,0.3766738711323213,0.7
100769,2025-12,0,0.15300558474531148,0.1
101602,2025-12,0,0.1490767391075041,0.5
100657,2025-10,0,0.1850322172480498,0.5
100107,2025-10,0,0.1748382016204812,0.4
100120,2025-12,0,0.08407435242191874,0.2
100114,2025-12,0,0.10535397415863532,0.2
101443,2025-10,1,0.5725941615772591,0.7
101995,2025-10,0,0.30261366049224014,0.3
100547,2025-12,0,0.16132369428568685,0.3
100536,2025-12,0,0.28411906106592977,0.8
101349,2025-12,0,0.3552323077326718,0.8
101987,2025-12,1,0.6467951506827463,0.9
100170,2025-12,1,0.5619929434658099,1.0
100820,2025-12,0,0.3528823592783639,0.5
100185,2025-12,1,0.4678108572366195,0.6
100491,2025-11,0,0.1517177342297593,0.4
100108,2025-10,0,0.3084815368503447,0.9
100376,2025-10,1,0.5425772415227283,0.9
100045,2025-12,0,0.31628887206660583,0.6
101836,2025-10,0,0.07475406642014916,0.1
100540,2025-12,1,0.3317386842469605,0.7
100482,2025-12,0,0.06775623223016106,0.2
100470,2025-11,1,0.4625268958598652,0.7
100472,2025-12,0,0.09168948987503353,0.1
101840,2025-12,0,0.1853981892871614,0.2
101147,2025-10,0,0.09865252344368632,0.2
101797,2025-12,0,0.03809463720452937,0.1
100220,2025-11,0,0.06592752137706366,0.3
100333,2025-11,0,0.13630974807648252,0.4
100088,2025-10,0,0.14880896506072963,0.3
100883,2025-12,1,0.6964597995120392,0.9
101829,2025-11,0,0.23595490190725163,0.9
100227,2025-10,1,0.5011315222774394,0.4
100214,2025-10,1,0.7528247719328651,1.0
101787,2025-10,1,0.48670268912093845,0.9
101245,2025-11,1,0.5152428772957994,0.8
101432,2025-11,0,0.14996658136820917,0.2
100453,2025-12,1,0.7338140282196984,1.0
100235,2025-10,0,0.05625039524924791,0.1
100149,2025-11,1,0.6656858878063538,0.8
101097,2025-12,0,0.3587242541404848,1.0
101756,2025-12,0,0.27684972222448556,0.9
101397,2025-12,0,0.13890861273920949,0.2
101552,2025-12,0,0.06354282457893712,0.5
101445,2025-10,0,0.11223692814661905,0.1
100068,2025-11,0,0.23147865793731495,0.5
101338,2025-11,1,0.5321057368166618,0.7
100842,2025-12,0,0.09328238963522704,0.2
100008,2025-12,0,0.3263033025377911,0.3
100951,2025-12,1,0.051621310515500965,0.3
101461,2025-11,1,0.37000618458042606,0.7
100434,2025-10,0,0.21078695457431573,0.5
101571,2025-12,0,0.38712607739733235,0.9
101570,2025-12,1,0.30945113572902877,0.8
101799,2025-12,1,0.18834159975166137,0.7
100196,2025-11,0,0.13338016746059475,0.6
101862,2025-10,0,0.11540256909920196,0.2
100522,2025-11,0,0.24832084275201638,0.3
101671,2025-11,0,0.20116974614265146,0.7
100031,2025-11,0,0.271618546152372,0.6
101409,2025-10,0,0.6142512419027304,0.8
101746,2025-11,1,0.5807503456158535,1.0
100442,2025-11,0,0.02498458184762781,0.1
101466,2025-10,0,0.3512562587527043,1.0
101813,2025-10,0,0.4487807503726088,0.9
100519,2025-11,1,0.5578056704298389,1.0
101839,2025-11,0,0.2870747846419365,1.0
100227,2025-12,0,0.15120433428926058,0.4
101160,2025-12,1,0.611836748505504,1.0
100981,2025-11,0,0.04063463306870453,0.2
101929,2025-11,0,0.44385785828628893,0.7
100502,2025-12,0,0.13649266705406018,0.5
100790,2025-11,0,0.285510538247974,0.7
102045,2025-11,0,0.368938662727846,0.9
101345,2025-12,0,0.1248777677496952,0.4
100238,2025-10,1,0.7113652915318541,0.9
102055,2025-12,0,0.05399702428351761,0.2
100348,2025-12,0,0.20281094229236518,0.2
101351,2025-12,0,0.2924649426045049,0.2
100386,2025-11,0,0.3551571165693774,0.7
101210,2025-10,0,0.3443977711579017,0.2
100247,2025-11,0,0.10528683399678422,0.5
100100,2025-10,1,0.3626342068968982,0.3
100297,2025-11,0,0.6205724786510133,0.8
101003,2025-12,0,0.12781079613010252,0.3
101976,2025-11,0,0.20280709794050003,0.4
101758,2025-12,0,0.38172991373287424,0.5
101892,2025-11,1,0.38954361489363853,0.8
100711,2025-10,0,0.19891532875688073,0.6
101805,2025-12,1,0.6080044468288481,0.9
101451,2025-10,0,0.08804984019463646,0.2
101390,2025-10,0,0.48199042331735253,0.7
100278,2025-12,0,0.4706747308021855,0.7
100223,2025-10,0,0.08650855585692128,0.3
100374,2025-10,0,0.20645140174167964,0.3
100374,2025-12,0,0.29137344533787196,0.3
100999,2025-10,1,0.1300105565571594,0.4
101804,2025-12,1,0.28892884342542147,0.8
101263,2025-10,0,0.14894080660991274,0.3
101407,2025-11,0,0.14719384103339264,0.3
101913,2025-12,0,0.4094213633137567,1.0
102025,2025-10,1,0.7056098522080662,1.0
100815,2025-11,0,0.5870576877458217,0.9
100034,2025-10,0,0.29334137064769594,0.9
101063,2025-12,1,0.2925421616792661,0.2
101725,2025-10,0,0.3474964977049495,0.4
100889,2025-10,0,0.02666570428432634,0.3
100993,2025-11,0,0.16282581166782795,0.1
100070,2025-12,0,0.08024885838610561,0.3
100534,2025-10,0,0.32288338506776637,0.4
101520,2025-12,0,0.07696653697070291,0.4
100586,2025-12,0,0.13432992894597207,0.3
101398,2025-12,0,0.36281320068585243,0.4
100150,2025-10,0,0.22726622612407363,0.8
101489,2025-11,0,0.7725873903565701,1.0
101127,2025-10,0,0.3470879521280593,0.6
101721,2025-10,0,0.2120720511845375,0.8
100490,2025-12,0,0.13738307353974522,0.3
101250,2025-12,0,0.3435918236354509,0.5
101080,2025-12,0,0.37337222159818184,0.6
100549,2025-11,0,0.2320443646988483,0.4
101298,2025-10,1,0.48097004102910057,0.9
101249,2025-11,0,0.16239823053938104,0.6
100337,2025-11,1,0.7209471261779365,0.9
100739,2025-10,0,0.055578235395944156,0.4
101191,2025-11,0,0.2555532653261342,0.7
101105,2025-10,1,0.1432594654041173,0.5
101897,2025-11,0,0.15141835947465498,0.6
101560,2025-12,0,0.4130966965400802,0.7
100211,2025-12,0,0.22573037808981616,0.7
101063,2025-10,1,0.2177128241525256,0.2
101549,2025-11,0,0.08285542151272114,0.8
100690,2025-12,0,0.07614842716070049,0.1
100271,2025-12,0,0.33350561299252046,0.8
101766,2025-10,0,0.2802651183084709,0.4
101207,2025-10,0,0.47970898927058636,0.8
100297,2025-10,0,0.25180104028810596,0.8
101217,2025-11,0,0.11980764648292559,0.3
101676,2025-11,0,0.3712431378372724,1.0
101543,2025-11,0,0.3955859610203382,1.0
100061,2025-11,0,0.08054793817626951,0.2
100798,2025-12,1,0.4832996043622504,0.7
101278,2025-11,0,0.04273402190494993,0.3
101148,2025-11,1,0.42478674164019603,0.6
100060,2025-10,0,0.1071847613844085,0.4
100597,2025-11,0,0.24610794442672573,0.3
101573,2025-11,0,0.31978071841237915,0.9
102050,2025-12,0,0.13002725785819463,0.6
100678,2025-11,0,0.36200750808594157,1.0
101660,2025-10,1,0.6185441109849223,1.0
100067,2025-12,0,0.5034916561271033,0.8
101712,2025-12,1,0.6384383994578492,0.8
101211,2025-12,0,0.10530296585760926,0.2
101679,2025-12,0,0.396112850040338,0.6
100464,2025-10,1,0.1944171397999176,0.1
101387,2025-11,0,0.2985485640477441,0.4
101025,2025-12,0,0.27240191432154737,0.3
100784,2025-10,0,0.231310116510838,0.3
101405,2025-10,0,0.40157548258269243,0.3
100694,2025-11,1,0.5905063815522753,1.0
100159,2025-11,0,0.25356570034515363,0.5
100164,2025-10,0,0.1196248603751901,0.1
101536,2025-11,0,0.06792629834484849,0.5
101951,2025-10,1,0.7442956370180064,0.9
101128,2025-11,0,0.33737183674734034,0.8
101029,2025-11,0,0.2470747554781817,0.8
100639,2025-12,0,0.05755583181135275,0.2
101938,2025-10,1,0.3914893008055851,0.5
101303,2025-12,0,0.2061335239678542,0.5
101287,2025-10,0,0.530664304797813,0.8
100741,2025-10,1,0.40429336595081533,0.9
101191,2025-12,0,0.15614490552606597,0.7
101368,2025-11,1,0.6438402815583296,0.9
101089,2025-12,1,0.2908740458857199,0.6
101539,2025-10,0,0.12330325814417262,0.2
100794,2025-12,0,0.5701899171817194,0.8
101128,2025-10,0,0.33899224737808803,0.8
101441,2025-12,0,0.2390010831456046,0.8
101030,2025-10,0,0.24000608522786887,0.9
100997,2025-12,0,0.16650629795758898,0.5
102091,2025-11,0,0.08038447552653735,0.5
101307,2025-12,0,0.3536917672449749,0.8
101519,2025-11,0,0.11749042004707548,0.1
101148,2025-12,0,0.2737525965297283,0.6
101419,2025-12,1,0.26468858622536845,0.7
101680,2025-11,0,0.3746384077449715,0.9
100562,2025-10,0,0.06753034472806435,0.1
100078,2025-10,0,0.2732577298748728,1.0
100302,2025-12,0,0.3270025347562479,0.5
100108,2025-11,0,0.15794398834687848,0.9
100056,2025-10,1,0.4711057056357883,1.0
100973,2025-11,1,0.5507914194331428,0.7
100832,2025-10,0,0.1549872755224218,0.6
100557,2025-12,0,0.10880028406942709,0.5
100944,2025-12,0,0.5322546134704225,0.6
101875,2025-12,1,0.2993439416277124,0.7
101471,2025-10,1,0.7519796065153442,1.0
101601,2025-11,1,0.46688622559988274,1.0
101174,2025-10,0,0.24491786045313,0.8
101562,2025-10,0,0.07746602848403174,0.1
100550,2025-12,0,0.5417985400123843,0.7
100881,2025-12,0,0.10139302623798925,0.1
101015,2025-11,0,0.15877068185848497,0.3
101117,2025-11,0,0.48897020188260404,0.9
100560,2025-12,1,0.6995404218123493,1.0
100513,2025-11,0,0.2418225914397636,0.1
101782,2025-11,1,0.17938158503514842,0.1
101111,2025-11,0,0.1528166206322998,0.3
100894,2025-11,0,0.12163410700637727,0.5
101032,2025-11,1,0.3941379509224777,0.8
101947,2025-10,0,0.15829337341803643,0.7
100508,2025-11,0,0.486536306357234,1.0
100569,2025-11,0,0.27677955932233983,0.5
101417,2025-10,0,0.23161522657064235,0.7
101531,2025-12,1,0.17578878210078733,0.6
100951,2025-10,0,0.06475354415813431,0.3
100649,2025-10,1,0.49066245237912554,0.6
101834,2025-12,0,0.1342748420114342,0.3
100390,2025-10,0,0.29526296263262036,0.8
102066,2025-10,1,0.24984141852923306,0.3
100210,2025-10,1,0.5354937447398841,0.8
101387,2025-12,0,0.1856760125844552,0.4
100381,2025-10,1,0.33590118626838894,0.7
102053,2025-12,1,0.25792420809070266,1.0
101170,2025-11,0,0.06548272485448085,0.2
100400,2025-10,1,0.23622250197655614,0.3
100003,2025-12,1,0.320750657111408,0.8
100803,2025-12,0,0.4122371276055009,1.0
101791,2025-11,0,0.496360588681861,0.5
100251,2025-10,1,0.3778679049135777,0.2
100305,2025-12,0,0.0952541533921915,0.3
100841,2025-11,0,0.15618456211180495,0.5
101977,2025-12,0,0.09293639740895793,0.3
100935,2025-11,1,0.7422820982881906,0.9
100849,2025-10,1,0.7318985685982141,0.9
101694,2025-10,0,0.09792031471475936,0.3
101192,2025-10,0,0.1978605891168686,0.5
101858,2025-11,0,0.5099197223888283,0.8
101436,2025-10,1,0.6742851501435664,0.9
100811,2025-10,0,0.17048091577362706,0.4
100277,2025-11,0,0.0721191028525572,0.2
101477,2025-12,0,0.2292863461868655,0.5
101464,2025-11,0,0.24915655709979573,0.9
101297,2025-10,0,0.03715327389923533,0.1
101629,2025-11,0,0.5435500521242675,0.9
101325,2025-10,0,0.489246294745834,0.7
100028,2025-10,0,0.0558887839045735,0.2
101198,2025-11,0,0.16049121500133912,0.4
101618,2025-12,1,0.3971706255077433,0.6
100471,2025-11,1,0.4044318569448134,0.7
100128,2025-11,0,0.48544451622648366,0.9
100675,2025-12,0,0.1666118852595155,0.1
101375,2025-10,0,0.10944629501458733,0.3
101932,2025-10,0,0.23453129876677153,0.7
100214,2025-12,1,0.6190291458659818,1.0
100818,2025-10,0,0.34596993483972893,0.8
100435,2025-11,0,0.29237455991704786,0.6
101894,2025-12,0,0.20851993223583162,0.4
102085,2025-11,0,0.28830565426239557,0.8
101037,2025-11,1,0.25725688538816627,0.2
100067,2025-10,1,0.6078627086416638,0.8
102078,2025-10,0,0.6756579722978628,1.0
101864,2025-12,0,0.15762524141361356,0.2
100067,2025-11,1,0.5598819530909056,0.8
101605,2025-11,0,0.4594858449365987,0.8
100467,2025-10,0,0.34114834358346274,0.7
101040,2025-11,0,0.08538037022964284,0.1
101980,2025-10,1,0.22690837266382793,0.7
101989,2025-11,0,0.17295974433134917,0.4
100041,2025-12,0,0.48455424658622837,1.0
101672,2025-12,1,0.7229254735839213,1.0
101548,2025-12,0,0.160783653270617,0.2
101690,2025-11,0,0.3886491329946853,1.0
100630,2025-10,0,0.23736062042176242,0.5
100749,2025-11,0,0.21611801491101246,0.6
101079,2025-12,0,0.06330803406481911,0.2
100152,2025-12,1,0.38297246077019836,0.5
100715,2025-10,0,0.12288818738753818,0.1
100947,2025-11,0,0.5412250568209671,0.7
101432,2025-12,0,0.16953432557610193,0.2
100114,2025-11,0,0.04929853245508061,0.2
100107,2025-11,0,0.19777758068827775,0.4
101155,2025-10,0,0.36261138102326235,0.7
101524,2025-12,0,0.2701993596154125,0.6
100063,2025-12,0,0.3475131857388775,0.7
101608,2025-11,0,0.05486682231040144,0.3
101535,2025-12,1,0.398108615871443,0.6
100030,2025-11,0,0.03352206314851741,0.3
100153,2025-10,0,0.16483477750748185,0.4
101124,2025-12,1,0.5992763516143532,1.0
100054,2025-11,0,0.2603139640550738,0.4
101784,2025-12,0,0.04070708877187273,0.1
101766,2025-12,0,0.23003423516052093,0.4
100254,2025-12,0,0.06292053601943849,0.2
101526,2025-11,0,0.07902098053924088,0.3
100481,2025-10,0,0.5174714453976862,0.6
101286,2025-12,0,0.29549085216449567,0.7
101937,2025-10,0,0.27620620036972354,0.5
100173,2025-10,0,0.3539118027340645,0.7
100359,2025-10,0,0.11787118069681084,0.3
101674,2025-11,0,0.184887754563269,0.6
100273,2025-10,0,0.24303601309649636,0.4
100162,2025-11,0,0.342129763607625,0.8
101846,2025-10,0,0.6392294575596192,0.7
100021,2025-11,0,0.18040597342354958,0.2
100774,2025-11,1,0.8386048389997675,1.0
101812,2025-12,0,0.41907419038108495,0.7
101570,2025-10,1,0.5963551932200842,0.8
101775,2025-11,1,0.26501897227512705,0.3
100948,2025-10,0,0.29175194983122,0.8
100527,2025-12,0,0.08737665072194825,0.3
101229,2025-11,0,0.568798758336028,0.7
100542,2025-11,0,0.05484153424208937,0.2
100336,2025-12,0,0.11097864166549405,0.1
100854,2025-10,0,0.6122637148760343,1.0
100081,2025-12,0,0.15252917708828617,0.4
100096,2025-11,0,0.10643581434241424,0.5
101400,2025-12,1,0.2219484730626505,0.8
101599,2025-10,0,0.5265428349599273,0.7
100792,2025-10,1,0.5146596090615527,0.7
101964,2025-10,0,0.26745929718451655,0.4
100675,2025-10,0,0.10443986116378653,0.1
100366,2025-12,0,0.19401077619931195,0.8
101439,2025-12,1,0.3599326152906436,0.4
101818,2025-11,0,0.1564181244939167,0.2
100134,2025-12,1,0.2763011486682988,0.8
100439,2025-12,0,0.24640216727666733,0.4
101367,2025-10,0,0.5751254229274173,1.0
101076,2025-11,1,0.5685751372010213,0.7
100271,2025-10,0,0.46998720141411915,0.8
101295,2025-11,1,0.4235776099560723,0.4
101486,2025-11,0,0.18170169494052543,0.5
101009,2025-10,0,0.40881299919688296,0.9
101128,2025-12,0,0.3223528368930493,0.8
100040,2025-11,0,0.26466501120288005,0.2
101277,2025-12,0,0.5584377231553981,0.8
100820,2025-11,1,0.3112944059641806,0.5
101114,2025-10,0,0.2319430730310808,0.3
100661,2025-11,1,0.61031073236056,1.0
100803,2025-11,1,0.5705656241990017,1.0
100077,2025-10,0,0.053128139578362335,0.3
100417,2025-10,1,0.2500257965124892,0.5
101374,2025-11,0,0.13735175134721872,0.2
101584,2025-12,0,0.08209134270930053,0.5
101641,2025-11,0,0.11816359037108773,0.2
100136,2025-10,0,0.497959321087175,0.5
101003,2025-11,0,0.060092115013852344,0.3
100717,2025-10,0,0.17743364528441624,0.7
101837,2025-12,0,0.5857283537409493,1.0
101988,2025-12,0,0.17313188048329406,0.5
101410,2025-12,0,0.1200010880116254,0.9
101202,2025-10,1,0.7037725842904846,1.0
101106,2025-12,0,0.2628159572457454,0.5
101133,2025-10,0,0.5214976998146428,0.6
101261,2025-10,0,0.2430447052628477,0.2
101269,2025-11,0,0.11594846388714136,0.2
100514,2025-11,1,0.5549457446694193,0.7
101654,2025-12,0,0.09387599390408924,0.1
100313,2025-11,0,0.07223752912172753,0.1
101607,2025-12,0,0.3650751855922006,1.0
101598,2025-10,1,0.7220109855024271,1.0
101103,2025-11,1,0.37617035479943933,0.7
100246,2025-11,0,0.03736696412658476,0.1
101910,2025-12,0,0.2326425447421628,0.6
101012,2025-10,0,0.11525067671685689,0.3
100057,2025-12,0,0.29208940962802715,0.5
100396,2025-12,0,0.21132495209209193,0.5
101606,2025-11,0,0.12669730069565163,0.5
101892,2025-10,0,0.4301264390704603,0.8
100500,2025-10,0,0.08819901427438268,0.4
100745,2025-11,1,0.6620826407393259,1.0
102076,2025-10,0,0.08683893162923254,0.2
100006,2025-11,1,0.5068341066001365,0.7
102075,2025-11,0,0.3278406944335138,0.9
100551,2025-11,0,0.4851608608102431,0.5
100333,2025-12,0,0.18095279754049295,0.4
100967,2025-11,0,0.232590969048754,0.9
101814,2025-11,0,0.15243296768155543,0.3
101867,2025-12,0,0.27777236905194297,0.4
101314,2025-12,0,0.5331805570530356,0.7
100482,2025-10,0,0.09470258372782166,0.2
100455,2025-11,0,0.07700487264155546,0.2
101638,2025-10,0,0.739443264153785,1.0
101144,2025-12,0,0.49821808840489207,0.7
100099,2025-11,0,0.18618603530435152,0.5
100240,2025-11,1,0.1105844325857274,0.5
101986,2025-11,1,0.625403688750204,0.9
100246,2025-10,0,0.06786488113721793,0.1
101677,2025-12,0,0.17361607108423543,0.1
101826,2025-10,1,0.6590014730809123,0.8
101776,2025-12,0,0.670081157458261,1.0
100757,2025-12,1,0.4724969432895858,0.9
101953,2025-10,1,0.7357364629465064,0.9
100209,2025-12,0,0.1441261310574077,0.4
101965,2025-11,1,0.41547681277012016,1.0
100538,2025-12,0,0.10696024163740202,0.1
102084,2025-11,0,0.1889723942339949,0.3
101765,2025-11,0,0.04818224833315138,0.1
101776,2025-10,1,0.7315526411328332,1.0
100061,2025-10,0,0.021611891656968828,0.2
102046,2025-10,1,0.2872059158054442,0.9
102014,2025-12,0,0.25153082670395693,0.4
100825,2025-10,0,0.13783147786929162,0.3
100646,2025-12,0,0.1575976775263902,0.1
100255,2025-10,1,0.38187407010657354,0.6
100370,2025-11,0,0.27125100712388456,0.2
102098,2025-10,0,0.06701207080074961,0.7
101470,2025-12,1,0.33930934397484835,0.7
100714,2025-12,1,0.5344677104663298,0.8
101502,2025-12,0,0.17359491732601012,0.8
100465,2025-10,0,0.05957157824817065,0.1
100747,2025-12,0,0.6162758171425979,0.7
101666,2025-10,0,0.2712529299227783,0.6
100332,2025-11,0,0.5806567964777191,1.0
101759,2025-11,0,0.12257842632091341,0.5
100062,2025-11,0,0.06891256365414786,0.2
100291,2025-11,0,0.5911513880366973,0.7
100154,2025-10,0,0.16253320290561193,0.6
100612,2025-12,0,0.2426803171843094,0.8
101448,2025-11,1,0.743955879074449,1.0
100588,2025-12,1,0.16282310071158926,0.5
101171,2025-10,0,0.038303668606448696,0.1
101890,2025-12,1,0.30729426911823954,1.0
101995,2025-11,0,0.13375777876279166,0.3
101400,2025-11,1,0.5512095877559633,0.8
100280,2025-11,0,0.08957895675617691,0.2
102058,2025-11,0,0.4468809236991766,0.7
101599,2025-12,0,0.3393277082209126,0.7
101617,2025-11,0,0.0837625778125739,0.1
100773,2025-10,1,0.6906412690237936,1.0
100324,2025-11,0,0.19907935533794127,0.8
101202,2025-12,1,0.46843110230325147,1.0
100073,2025-10,0,0.5477111789926294,1.0
101936,2025-10,0,0.4992787373542525,0.9
100356,2025-12,0,0.600575465832177,0.8
100622,2025-10,0,0.09431476043906468,0.3
100871,2025-11,0,0.08550774313803508,0.3
101924,2025-10,0,0.4159481390613682,0.4
100531,2025-10,0,0.661682972467804,0.9
101453,2025-12,0,0.4217876356182186,0.5
100436,2025-10,0,0.41425070503040706,0.6
100393,2025-11,1,0.7304661537508385,0.9
101043,2025-12,0,0.20257579294482048,0.3
100554,2025-11,0,0.34203152315573854,0.5
101206,2025-10,0,0.04937922518451402,0.1
100523,2025-11,0,0.42219234377279785,0.7
100729,2025-12,1,0.7038707896063463,0.9
101124,2025-10,0,0.5940857475820108,1.0
100600,2025-10,0,0.05740350040862712,0.2
101097,2025-11,0,0.6425007155358485,1.0
100917,2025-10,1,0.38272172523185977,0.6
101839,2025-12,0,0.4362798135077364,1.0
101519,2025-10,0,0.0737106020843883,0.1
101514,2025-11,0,0.4623844309458652,0.6
102054,2025-11,1,0.21563391009784047,0.6
100575,2025-10,0,0.19404209824850285,0.2
101643,2025-11,0,0.09330696953804664,0.4
101764,2025-10,0,0.26160039286299275,0.3
101045,2025-12,1,0.6169964802441887,0.9
100169,2025-11,0,0.0868756375428384,0.3
100424,2025-12,0,0.16266917459320993,0.1
102063,2025-11,0,0.5478285808211362,1.0
100787,2025-10,1,0.7503448406142601,0.8
100095,2025-11,0,0.31163183887775053,0.6
102022,2025-12,0,0.38545402805211726,0.7
100532,2025-11,0,0.15343294252053116,0.4
101057,2025-10,0,0.17361863403170258,0.8
100429,2025-11,0,0.41602570043712167,0.9
100615,2025-12,0,0.35114777340029146,0.6
100482,2025-11,0,0.08220432152123439,0.2
100022,2025-11,0,0.05436381145792953,0.3
100236,2025-11,0,0.12150761165289291,0.2
100366,2025-11,0,0.24587184735214598,0.8
100184,2025-12,0,0.07649116521652215,0.1
100991,2025-11,0,0.2001278174598283,0.9
100381,2025-12,1,0.27424784249191025,0.7
100996,2025-11,0,0.11810666835933695,0.3
100918,2025-11,1,0.1987334532669893,0.1
100106,2025-12,0,0.37373863262562984,0.9
101507,2025-12,1,0.565180338329901,0.9
101557,2025-10,0,0.08388952115078052,0.6
100117,2025-12,1,0.4325908751036722,0.8
101203,2025-11,1,0.28937317627831205,0.6
101434,2025-11,0,0.14900662941967038,0.4
100177,2025-10,1,0.3233745411143489,0.9
100927,2025-10,0,0.2625512452221346,0.5
100499,2025-11,1,0.23919421424347145,0.6
100096,2025-12,0,0.4271728483068088,0.5
101757,2025-12,0,0.3478843925351878,0.5
101232,2025-11,0,0.6096322608235788,0.9
101939,2025-10,0,0.07840082677910272,0.2
101659,2025-11,0,0.19780518810878428,0.2
100037,2025-10,0,0.13531065105756077,0.2
101131,2025-11,0,0.3241747968414815,0.5
101126,2025-12,0,0.09263447459827998,0.3
100533,2025-12,0,0.05348575836931859,0.3
101167,2025-10,1,0.5592648750015109,0.9
100651,2025-10,0,0.4498376039346249,0.8
100592,2025-11,1,0.517054566206434,1.0
101474,2025-10,0,0.3456645423971039,0.9
101702,2025-12,0,0.28212281516760845,0.9
100920,2025-12,1,0.30691483478949916,0.6
101769,2025-12,0,0.5373907142837391,0.9
100885,2025-10,0,0.33802367925962234,0.2
102064,2025-11,0,0.1353900835612234,0.2
100254,2025-11,0,0.06278313883963231,0.2
101784,2025-11,0,0.05981483489007223,0.1
100282,2025-10,0,0.07213449056911382,0.2
101663,2025-10,1,0.40365297599438593,0.9
101025,2025-10,1,0.21352720733877198,0.3
100057,2025-11,0,0.37050526093362246,0.5
101665,2025-12,1,0.5245907586970753,0.7
100163,2025-12,0,0.14550650996398645,0.1
100296,2025-10,1,0.5279140566876666,1.0
101656,2025-11,1,0.619255695678378,1.0
101857,2025-11,0,0.6422514369111749,1.0
101345,2025-11,0,0.03869476765141925,0.4
100701,2025-11,0,0.14143309198963447,0.5
101595,2025-12,0,0.27517610084660343,0.6
100150,2025-12,0,0.3969228603094659,0.8
101534,2025-11,1,0.3905547096320943,0.9
101331,2025-11,0,0.35723132496173565,0.5
100767,2025-10,0,0.1361190003705386,0.5
101246,2025-12,0,0.587669813608272,1.0
100453,2025-10,1,0.815529652078164,1.0
100469,2025-12,1,0.5850839089661625,0.6
101471,2025-11,0,0.7816934456792245,1.0
101979,2025-12,0,0.27515864178884863,0.6
101760,2025-12,0,0.06518623616288588,0.2
101795,2025-11,1,0.08509206253268072,0.4
100671,2025-11,0,0.09309418256271655,0.2
100458,2025-11,0,0.17306650386677405,0.2
100332,2025-10,1,0.6856328815403729,1.0
101452,2025-11,0,0.1120540765478015,0.1
100199,2025-10,1,0.13129762902406486,0.3
100290,2025-11,0,0.2760983297669856,0.4
101373,2025-11,1,0.5618017569518076,0.7
101169,2025-12,0,0.43654796864802037,0.7
100307,2025-10,0,0.04086221822272005,0.1
100656,2025-12,0,0.4079495481413411,0.9
101330,2025-12,0,0.25166428167556665,0.6
100914,2025-12,0,0.07719997224040463,0.2
100258,2025-10,0,0.07732177398792717,0.6
101162,2025-10,0,0.1852407950207865,0.6
101012,2025-11,0,0.2044611636484206,0.3
100235,2025-12,0,0.10134889954738308,0.1
100634,2025-10,0,0.19389469336771253,0.5
100878,2025-12,0,0.5166138471920235,1.0
101239,2025-10,0,0.1588369020932447,0.5
101348,2025-11,1,0.24617052325320848,0.6
100331,2025-12,0,0.14841889956355464,0.7
101626,2025-11,0,0.629435242564134,0.9
101910,2025-10,0,0.5497855705862743,0.6
100726,2025-10,0,0.4725502082896271,0.7
100749,2025-10,0,0.06413697579773242,0.6
100207,2025-10,0,0.06986803360294006,0.6
101827,2025-10,0,0.22932080314641956,0.4
101827,2025-12,0,0.25559525847635683,0.4
100920,2025-11,0,0.3639994778333997,0.6
100669,2025-11,0,0.3093678914470074,0.6
100740,2025-11,0,0.0438525026219498,0.2
101122,2025-11,0,0.5500955652735493,0.7
101996,2025-10,0,0.5962197494374751,0.7
100567,2025-10,1,0.17415357965939965,0.5
100599,2025-12,0,0.22432434233738363,0.4
100708,2025-12,0,0.18625590980144272,1.0
101693,2025-11,0,0.05451177477032848,0.1
101514,2025-10,0,0.16106354803884954,0.6
102049,2025-10,0,0.10743563059879666,0.9
101850,2025-12,0,0.27657969100607,0.6
100947,2025-10,0,0.17647091328870124,0.7
102095,2025-10,0,0.1326620044025949,0.7
100565,2025-11,1,0.36278883723704625,0.6
101588,2025-11,1,0.2575170171982438,0.2
101239,2025-11,0,0.22635952940561246,0.5
101370,2025-11,0,0.09608278299500483,0.1
101625,2025-12,1,0.38834741952353524,0.4
100685,2025-12,0,0.04873396154584165,0.4
100330,2025-10,1,0.42881715079252725,0.6
101957,2025-10,0,0.2082777613776454,0.9
100382,2025-10,0,0.20532457810624938,0.5
101739,2025-12,0,0.18687475681664412,0.7
100342,2025-11,0,0.2463279459005335,0.7
101975,2025-11,0,0.061189206857661126,0.1
101608,2025-10,0,0.11926182586290988,0.3
102031,2025-12,0,0.04303731038328976,0.4
100911,2025-12,0,0.071874760336996,0.5
100831,2025-10,0,0.07280829736322375,0.4
100993,2025-12,0,0.07699019124783428,0.1
100953,2025-11,1,0.26386127442185797,0.1
101301,2025-11,0,0.5760849775236387,1.0
101182,2025-10,0,0.4143006390546273,0.8
101510,2025-11,0,0.302588879073267,0.6
101951,2025-12,1,0.6601917057050039,0.9
101855,2025-11,0,0.15056993362564605,0.1
101891,2025-11,0,0.214956401834905,0.3
100251,2025-11,0,0.17035827271415452,0.2
100336,2025-11,0,0.10179239563396815,0.1
101013,2025-11,1,0.5002595042933838,0.5
100398,2025-10,0,0.09345320238298134,0.3
100724,2025-10,0,0.32028497218097873,1.0
101262,2025-10,0,0.21046815235796745,0.4
100569,2025-12,0,0.5039866640298867,0.5
100670,2025-12,1,0.8196148299942664,1.0
101150,2025-12,1,0.4813590225653591,0.8
101767,2025-11,1,0.39976679184733793,0.8
101215,2025-12,0,0.6385355445066481,0.9
100198,2025-11,0,0.20346310422237984,0.5
101902,2025-12,0,0.33716644919931466,0.7
101093,2025-11,0,0.31164837146018076,0.3
100659,2025-12,1,0.45195670232564067,0.5
100402,2025-12,0,0.23663850237393158,0.6
100268,2025-11,0,0.34728224443202704,0.5
100669,2025-10,1,0.4621612678349462,0.6
100171,2025-12,0,0.2777150822767347,0.4
100503,2025-11,0,0.3811390790897282,0.8
101224,2025-11,0,0.14452724271610123,0.6
101499,2025-12,1,0.7861097370991738,0.9
100119,2025-10,0,0.1796236210646109,0.5
101595,2025-11,0,0.46525754159557714,0.6
100216,2025-12,0,0.29303268497718354,1.0
101280,2025-11,1,0.7527130989987135,1.0
101162,2025-12,0,0.5535344596511137,0.6
101483,2025-10,1,0.28748513119925456,0.6
100156,2025-10,0,0.5838009858246014,0.6
101329,2025-12,0,0.06952308479751212,0.2
101352,2025-12,0,0.31657137823305,0.6
100443,2025-11,1,0.5098978311439016,0.9
100713,2025-11,0,0.04985449088010372,0.4
101615,2025-11,1,0.5153106024355357,0.8
100942,2025-10,0,0.1662404440315361,0.7
101590,2025-12,0,0.0836090787991083,0.1
101096,2025-10,0,0.06856193716218337,0.1
100590,2025-10,0,0.19540524909048856,0.2
100170,2025-11,0,0.3682083455936837,1.0
100432,2025-11,0,0.2931417543844105,0.5
100763,2025-11,0,0.24095026199862107,0.7
101273,2025-11,1,0.4307348289743452,0.5
100355,2025-12,1,0.4062932917187741,0.5
100825,2025-11,0,0.2547206041992719,0.3
101585,2025-12,1,0.5424052927675947,0.7
102005,2025-12,1,0.6708907914355529,0.9
101204,2025-12,0,0.17967680268860559,0.6
101378,2025-12,0,0.37623361519782167,1.0
101021,2025-12,0,0.06682929850009194,0.4
100346,2025-11,0,0.2612405586873469,0.1
100580,2025-10,0,0.41426617212230593,0.6
101130,2025-10,0,0.1802802146263666,0.1
102080,2025-11,0,0.35426290278031036,0.8
100174,2025-10,0,0.04447516907324537,0.5
101863,2025-10,0,0.14020911200585237,0.1
100588,2025-11,1,0.3010714698806305,0.5
102042,2025-12,0,0.10050452091323266,0.3
100847,2025-11,0,0.09155677129757918,0.5
100044,2025-12,0,0.5528800694317577,0.9
101193,2025-10,1,0.28264148095344627,0.5
101349,2025-10,1,0.5109135244128683,0.8
101511,2025-10,0,0.04605926361636952,0.1
101042,2025-11,1,0.13140895676929282,0.4
100131,2025-10,1,0.5797328262851659,0.7
100903,2025-12,0,0.6219332558584273,0.7
101139,2025-11,1,0.4775329264467428,0.8
101177,2025-11,0,0.12742334256768248,0.4
100901,2025-12,1,0.4959781173430065,1.0
101697,2025-12,1,0.46394123563146467,0.8
101214,2025-10,0,0.1043220954923138,0.3
100400,2025-11,1,0.36011807429987314,0.3
100348,2025-10,0,0.10746121814157394,0.2
101022,2025-11,0,0.4729185179558641,0.6
101727,2025-12,0,0.3070627883779769,1.0
100104,2025-11,0,0.09936643422789582,1.0
100926,2025-12,0,0.10518724203074031,0.1
100060,2025-12,0,0.1273551692225753,0.4
100717,2025-11,0,0.4368288986580059,0.7
101952,2025-12,0,0.5823204239491377,1.0
101241,2025-10,0,0.2960924270687062,0.4
100822,2025-12,0,0.14149054588300372,0.3
101920,2025-11,0,0.15814398414828781,0.1
101873,2025-10,0,0.11294162084302098,0.6
102078,2025-11,1,0.521154842201895,1.0
100931,2025-11,1,0.11042794816963945,0.2
100795,2025-11,0,0.3416360677744006,1.0
101095,2025-12,0,0.11664671741366488,0.1
100058,2025-11,0,0.3165239192453908,0.6
101840,2025-11,0,0.2845299765137194,0.2
100946,2025-12,1,0.537472948876646,0.7
100756,2025-11,0,0.12168852710888611,0.5
100476,2025-10,0,0.1875247954991635,0.7
102043,2025-12,0,0.2686000753057266,0.6
100114,2025-10,0,0.04670224470625285,0.2
101551,2025-11,1,0.3684855884177989,0.7
100076,2025-11,0,0.49135690171367213,0.5
101866,2025-11,0,0.7006928675803062,0.8
100885,2025-11,0,0.14104352276072846,0.2
101259,2025-12,1,0.6359807125295832,1.0
101849,2025-11,0,0.275730148771542,0.4
100086,2025-10,0,0.31891006599635385,0.4
101871,2025-12,0,0.21430624852216695,1.0
101962,2025-11,0,0.06330240703175286,0.1
101073,2025-11,0,0.06146895965308678,0.1
101865,2025-11,0,0.04778456794268827,0.1
100764,2025-12,0,0.2093436380714893,0.6
101484,2025-12,0,0.19757663421540195,0.6
100909,2025-12,0,0.04777102752422419,0.2
101188,2025-12,0,0.11780952653945352,0.4
100826,2025-12,0,0.4754099519827582,0.9
101527,2025-10,0,0.6661575371403463,1.0
100741,2025-12,0,0.22243946047222724,0.9
100062,2025-12,0,0.07255091490620363,0.2
100268,2025-12,0,0.26133699572491864,0.5
100088,2025-11,0,0.07737734627596571,0.3
101265,2025-11,0,0.233093964550251,0.4
100117,2025-11,1,0.5000884522956301,0.8
100836,2025-12,0,0.25643637009004017,0.4
100277,2025-10,0,0.13409191265190198,0.2
101089,2025-10,1,0.49112102623764453,0.6
101937,2025-11,0,0.19415958539069708,0.5
101467,2025-12,0,0.06245362809228903,0.3
102028,2025-12,1,0.29902952472494065,0.7
101107,2025-12,0,0.2610367796395818,0.7
100207,2025-11,1,0.19387810949808126,0.6
102080,2025-12,1,0.5865894639461322,0.8
100752,2025-11,1,0.730058108199259,1.0
100159,2025-12,0,0.43141429071131154,0.5
100955,2025-11,0,0.47924485115802784,0.4
100623,2025-12,1,0.6229838861284306,0.8
101552,2025-11,1,0.12368616948599867,0.5
101710,2025-10,0,0.19311763234205692,0.6
100859,2025-10,0,0.5617530252787443,0.9
100890,2025-11,0,0.16895182277048007,0.3
100039,2025-11,1,0.4301770812577241,0.8
100941,2025-11,1,0.46927180876754565,0.6
100909,2025-11,0,0.06623679345073197,0.2
100868,2025-10,1,0.2513997987120427,0.8
101472,2025-11,0,0.33902087867653036,0.8
101576,2025-12,1,0.7095286316078131,0.8
101000,2025-12,0,0.24454424784008227,0.3
100253,2025-12,1,0.37513481855800707,0.9
100212,2025-10,0,0.11880560733518657,0.2
100574,2025-11,0,0.3720738384976605,0.5
100996,2025-10,0,0.2068399686435526,0.3
101753,2025-10,0,0.2342962981213304,0.6
101811,2025-11,1,0.604618639844013,1.0
100409,2025-11,0,0.3364963668076085,0.6
101238,2025-10,0,0.1797892750201921,0.3
101966,2025-11,0,0.12134443961265916,0.3
102039,2025-12,0,0.20073094652895826,0.3
100508,2025-10,0,0.3424724426735906,1.0
100563,2025-11,0,0.09315610833682712,0.2
100511,2025-10,1,0.03745776749993455,0.2
100226,2025-12,0,0.2849351187606972,0.5
100367,2025-11,0,0.20562315152397215,0.3
100447,2025-12,0,0.2678334372057571,0.5
100902,2025-10,0,0.11810437158709532,0.8
100024,2025-12,0,0.1889458477515742,0.8
101983,2025-12,0,0.3041781806288826,0.7
101272,2025-10,0,0.19165278653367032,0.7
100102,2025-12,1,0.434424796850925,0.5
101233,2025-12,0,0.16107472007702725,0.8
101627,2025-12,0,0.42574233879717177,0.4
100072,2025-10,0,0.2519832116178598,0.7
101357,2025-11,0,0.38272170360306784,0.9
102016,2025-10,0,0.38882142626675636,0.7
101930,2025-12,0,0.07654193330014862,0.1
100262,2025-10,0,0.26088705171603127,0.6
101365,2025-12,0,0.3184819321981507,1.0
100607,2025-12,0,0.10275493903676683,0.6
100776,2025-10,1,0.19789072933553592,0.5
100124,2025-11,0,0.21059873888348843,0.6
101534,2025-12,0,0.08864843430547747,0.9
100710,2025-11,0,0.48934104500453013,0.8
101859,2025-10,0,0.11781042345089726,0.3
101645,2025-11,0,0.4851455296620579,1.0
101958,2025-10,1,0.5820020224118603,0.9
100953,2025-12,0,0.12752577702657275,0.1
100800,2025-12,0,0.14253810863528354,0.2
101418,2025-12,0,0.15091307512399985,0.6
101952,2025-10,0,0.5019070241662448,1.0
101265,2025-10,0,0.15753318985593742,0.4
102028,2025-10,1,0.17379923453878027,0.7
101941,2025-12,0,0.2630205066630107,0.3
101138,2025-12,1,0.35701599895957353,0.3
100697,2025-11,0,0.0769452311263299,0.3
101590,2025-10,0,0.03377609929854907,0.1
100878,2025-11,0,0.5533455236442701,1.0
101821,2025-11,1,0.3526771280852535,0.7
100479,2025-10,0,0.41045640803587813,0.7
100840,2025-12,1,0.07233400737685547,0.1
100304,2025-11,0,0.28940458666183355,0.7
101091,2025-11,1,0.1765782778678178,0.2
101506,2025-11,1,0.47477567041303653,0.8
100352,2025-11,0,0.23451070565834856,0.2
100020,2025-12,0,0.14494807943386803,0.4
101221,2025-10,1,0.3089479679634906,0.7
101498,2025-12,0,0.05624314999202897,0.2
101212,2025-11,0,0.2026696909167196,0.2
100221,2025-12,1,0.215467428275903,0.3
101737,2025-11,1,0.7431754133846895,0.8
100245,2025-11,0,0.4556065897689926,0.9
101355,2025-12,0,0.069214656953616,0.1
101154,2025-10,1,0.6572448606187296,1.0
100010,2025-11,0,0.478911078055865,0.8
101148,2025-10,0,0.4030873435769877,0.6
101115,2025-10,0,0.1567338024298375,0.3
101563,2025-12,0,0.137610199082845,0.2
101979,2025-11,0,0.22457503488383002,0.6
102088,2025-11,0,0.2226107777565827,0.3
100704,2025-12,0,0.7196087118898901,1.0
101416,2025-10,0,0.1686699876904261,0.5
100466,2025-10,1,0.33122304899285815,0.6
100767,2025-11,1,0.17579383165864748,0.5
101760,2025-10,0,0.08085786412213951,0.2
101861,2025-12,0,0.5126601151338307,0.6
100478,2025-10,0,0.01656884085728666,0.1
100880,2025-10,0,0.39271053117393606,0.9
102005,2025-11,1,0.7300036877541594,0.9
101505,2025-12,1,0.5673636152110918,1.0
101933,2025-12,0,0.41608652955669795,0.7
101337,2025-10,0,0.44564662240284797,0.8
102055,2025-11,0,0.06555379500621154,0.2
101262,2025-12,0,0.19363321478322523,0.4
100954,2025-12,0,0.42953125244800855,0.7
101112,2025-11,0,0.2785378603796614,0.6
101638,2025-12,1,0.7604578064461477,1.0
100038,2025-11,0,0.12271149992010684,0.6
100160,2025-11,0,0.09172737837760224,0.2
101027,2025-11,1,0.32070607910948684,0.3
101390,2025-11,0,0.3252579153955282,0.7
100287,2025-12,0,0.18121855434215225,0.5
101481,2025-11,0,0.24116795825251436,0.3
101907,2025-12,0,0.2254305395107316,0.9
100695,2025-10,0,0.39128076174927345,0.8
100755,2025-12,0,0.3978153035385821,0.6
101945,2025-12,1,0.5030158756723659,1.0
101397,2025-10,0,0.12774045120621028,0.2
101925,2025-10,0,0.06523829705423603,0.4
101052,2025-11,1,0.20594844775459736,0.3
101044,2025-11,1,0.7397400300673779,1.0
100265,2025-12,0,0.1883369484165479,0.4
100997,2025-11,0,0.2076501251827766,0.5
100357,2025-11,0,0.13815741250273572,0.5
101798,2025-12,0,0.7451983501336656,1.0
100928,2025-12,0,0.4157157030211688,0.7
101402,2025-12,0,0.11731185713427537,0.2
100599,2025-11,0,0.10260466984848483,0.4
100167,2025-11,1,0.45358955483604874,0.9
100239,2025-12,0,0.4872116542706264,0.9
101240,2025-10,0,0.40069498248403174,0.8
100965,2025-12,0,0.04984321126736751,0.1
101887,2025-10,1,0.6568869971483974,0.7
101883,2025-11,1,0.7053066123154049,1.0
100803,2025-10,1,0.5413408803913222,1.0
101985,2025-10,0,0.26487889986050284,0.4
101630,2025-11,0,0.03950780172382669,0.2
100559,2025-11,1,0.7555024450807742,1.0
101877,2025-12,1,0.3665901628776127,0.8
100909,2025-10,1,0.12969337794369454,0.2
100321,2025-12,0,0.2755428299939716,0.4
100483,2025-11,0,0.04845107718264704,0.4
101428,2025-10,0,0.533763826766163,0.8
101741,2025-11,1,0.5147386940284322,0.7
101119,2025-11,1,0.45254298829670886,0.9
101553,2025-12,0,0.39641930461621344,0.5
101941,2025-11,0,0.24391812894095996,0.3
100452,2025-11,0,0.5810543039341505,0.7
100476,2025-12,0,0.4226935790099756,0.7
102058,2025-12,0,0.5707150840004337,0.7
101907,2025-11,1,0.4864525067093166,0.9
100661,2025-12,0,0.7298659444927288,1.0
100702,2025-12,0,0.4781409664059107,1.0
101368,2025-10,0,0.4664272988716002,0.9
101911,2025-11,1,0.3857305133614538,0.5
101825,2025-10,0,0.6089627422848044,0.9
100261,2025-12,1,0.3585226832227808,0.5
100924,2025-11,0,0.6439222403759296,0.9
101698,2025-10,0,0.22212973288395155,0.6
102016,2025-12,1,0.510844467303984,0.7
101746,2025-10,0,0.6509669323878927,1.0
100109,2025-12,1,0.19451857134865694,0.3
100769,2025-11,0,0.20250171753944243,0.1
101554,2025-10,0,0.2503569342768007,0.7
101104,2025-10,1,0.6481089529203676,0.8
101912,2025-10,0,0.06972889511098372,0.1
100915,2025-11,1,0.2562681191755274,0.8
100981,2025-10,0,0.06552663303132623,0.2
100563,2025-12,0,0.14940746180416206,0.2
101829,2025-10,1,0.5044878008549345,0.9
101107,2025-10,0,0.33277794080423406,0.7
101643,2025-12,0,0.05631109453585243,0.4
101748,2025-11,0,0.13531473614709216,0.2
101366,2025-10,0,0.10596086902725603,0.3
101508,2025-12,0,0.45711498701227454,0.5
100908,2025-10,1,0.41801442361080643,0.6
101042,2025-10,0,0.25031721349693503,0.4
100403,2025-12,0,0.26533777303064454,0.3
100443,2025-10,0,0.4561334724821682,0.9
101592,2025-10,0,0.3764140247435561,0.8
100700,2025-10,1,0.39930109615451886,0.7
100805,2025-10,0,0.32840701076056705,0.4
100275,2025-12,1,0.6795937772257855,1.0
101854,2025-10,0,0.37376575609064644,0.9
101661,2025-11,1,0.2870283013059623,0.3
101512,2025-10,0,0.2712136317940239,0.9
100408,2025-12,0,0.16920506815295683,0.4
100720,2025-10,1,0.09845370165860536,0.3
101413,2025-11,1,0.3740984737606862,0.7
101555,2025-12,0,0.12528561760141407,0.2
101347,2025-11,0,0.3000802713313735,0.4
100197,2025-10,1,0.6967267857417063,1.0
101415,2025-12,0,0.6520447510735882,0.9
101525,2025-11,0,0.07761046872856034,0.1
101838,2025-12,0,0.6120859122491272,0.7
102001,2025-10,0,0.32396942918986554,0.8
101863,2025-11,0,0.06989850147387537,0.1
101335,2025-12,0,0.15566262066133493,0.6
100891,2025-11,1,0.4710140110480546,0.7
100084,2025-10,0,0.05452108378559392,0.2
101742,2025-12,0,0.2240106129586175,0.7
101255,2025-10,0,0.1095617323771646,0.4
100719,2025-11,0,0.4628525366466103,0.5
101144,2025-11,0,0.5305412339444874,0.7
100317,2025-11,0,0.0500084337556713,0.1
102003,2025-10,0,0.044800363028196136,0.1
101220,2025-11,1,0.3384100838179961,0.8
101007,2025-12,0,0.17304811279346466,0.1
101102,2025-10,0,0.33449160003441014,0.9
100980,2025-12,0,0.21162611591593794,0.4
100707,2025-10,0,0.10758475014462886,0.2
101842,2025-12,0,0.24026808266854535,0.7
101837,2025-10,1,0.777436192282017,1.0
100422,2025-12,1,0.6707737463961683,1.0
101381,2025-11,0,0.1273406391383877,0.3
100233,2025-10,0,0.5547409034523004,0.9
101083,2025-12,1,0.2979785985128761,0.7
101668,2025-11,0,0.29579182353969324,0.6
100019,2025-11,1,0.14235407965263083,0.3
101411,2025-11,1,0.6359844058500332,0.8
101391,2025-11,1,0.5721279107414866,0.9
100864,2025-10,0,0.14407235186849085,0.3
101284,2025-11,0,0.0695035046890649,0.1
100066,2025-12,0,0.573676720028443,1.0
101123,2025-10,1,0.6856221404792405,0.8
102008,2025-10,1,0.5661072737137218,0.6
100085,2025-11,1,0.08239562083945277,0.1
101074,2025-11,0,0.33703323426071213,0.4
101393,2025-11,0,0.5160062815466656,0.9
101501,2025-11,0,0.18251150298388424,0.4
101579,2025-11,1,0.4835881692890455,0.7
101602,2025-10,0,0.20583545797594355,0.5
101021,2025-10,0,0.11168769008103824,0.4
101092,2025-12,0,0.2998825551602925,0.8
100144,2025-11,0,0.2788649331999776,0.7
101845,2025-10,1,0.1498003365381502,0.2
101722,2025-10,0,0.208358804533912,0.4
102057,2025-11,0,0.29141265107250075,0.3
101298,2025-11,1,0.6909904914363764,0.9
101009,2025-12,1,0.570457075413455,0.9
101164,2025-12,0,0.7644143071741568,0.9
101735,2025-10,1,0.5390027625886596,0.6
100786,2025-10,1,0.3782135793478808,0.6
101006,2025-11,0,0.09544078311935833,0.1
100625,2025-11,0,0.04239213232655162,0.2
100203,2025-12,1,0.4688316728990813,0.9
100573,2025-11,0,0.4578614808524475,0.8
100559,2025-10,1,0.7210511136526591,1.0
101039,2025-11,0,0.3962392224853207,0.7
100273,2025-12,0,0.14553826064215744,0.4
100851,2025-10,0,0.07380072398553605,0.3
100809,2025-12,0,0.23242094520181872,0.7
100307,2025-11,0,0.048409538551609836,0.1
100904,2025-11,1,0.3454024509992304,0.3
101532,2025-11,0,0.09486449508800378,0.2
100377,2025-10,1,0.40532455013871377,0.6
100696,2025-11,1,0.466412262924551,0.8
101868,2025-12,0,0.05171333860258361,0.3
100278,2025-10,0,0.4354404097471801,0.7
100950,2025-12,0,0.41378882487350893,0.8
100789,2025-10,1,0.6579719529153841,0.8
101152,2025-10,0,0.22422364480883075,0.7
101125,2025-10,0,0.4466504243302378,0.7
101228,2025-12,0,0.3012777270605464,1.0
100498,2025-11,0,0.1260853711413968,0.1
100835,2025-11,1,0.7978502305310619,0.9
100644,2025-10,1,0.3560354435876724,1.0
100746,2025-10,1,0.5533390754563432,0.9
101208,2025-11,0,0.20400109043695758,0.5
100643,2025-12,0,0.2761693142434495,0.7
101022,2025-12,0,0.3050533990857949,0.6
101197,2025-12,1,0.37269679349934826,0.6
101751,2025-11,0,0.2927692202608636,0.6
101276,2025-11,0,0.2236263303077953,1.0
100179,2025-12,0,0.11782427615454352,0.5
101007,2025-11,1,0.0671204375263047,0.1
100518,2025-11,0,0.18769380484699927,0.7
100191,2025-11,0,0.11811738253230608,0.2
100881,2025-10,0,0.05511347915555101,0.1
100054,2025-10,0,0.16780599112535566,0.4
100363,2025-11,0,0.3530378166040758,0.8
100648,2025-12,1,0.13399909437230056,0.4
100422,2025-11,1,0.5638447507919401,1.0
101206,2025-11,0,0.04380069546290757,0.1
101797,2025-10,0,0.15022552726995173,0.1
100710,2025-10,1,0.36628106275820527,0.8
100433,2025-10,0,0.2700208260060748,0.8
101327,2025-12,1,0.38686074899652934,0.8
101051,2025-11,0,0.2388754282142657,0.2
100638,2025-12,0,0.1639668283295485,0.3
100592,2025-12,1,0.796178872543792,1.0
100188,2025-10,0,0.08658753134493588,0.5
100431,2025-10,0,0.05495486288403967,0.4
101975,2025-12,0,0.14180329756807802,0.1
101673,2025-11,0,0.48274086969214913,0.8
100898,2025-10,0,0.6011997301991214,0.9
101541,2025-12,0,0.34679469716339173,0.9
101550,2025-12,0,0.1664440080581073,0.7
100530,2025-11,0,0.37874737581134055,1.0
100547,2025-10,0,0.14142224465057684,0.3
101877,2025-11,0,0.22778437272578816,0.8
101092,2025-10,0,0.3045941156160529,0.8
101416,2025-11,0,0.192027254178529,0.5
101821,2025-12,1,0.5906511761647153,0.7
100112,2025-12,0,0.19593720557202046,0.7
101583,2025-11,0,0.5519425666277481,0.9
100091,2025-11,0,0.08955440180376786,0.2
101185,2025-10,0,0.24074820992641016,0.5
101479,2025-10,0,0.05043249106115599,0.4
102023,2025-11,0,0.14219245297871416,0.4
100846,2025-11,0,0.5006235190854282,0.8
100226,2025-11,0,0.11877648634210308,0.5
100263,2025-11,0,0.11954293917646298,0.2
101735,2025-12,1,0.5476673858016182,0.6
101168,2025-11,0,0.484471968608075,0.6
101752,2025-11,1,0.6554295277540887,1.0
101281,2025-12,0,0.07133400130194607,0.4
101299,2025-10,1,0.3293047508322537,0.8
100635,2025-12,1,0.28643966191912545,0.6
100974,2025-12,0,0.017759122842045835,0.2
101024,2025-12,0,0.2261619114019978,0.4
102071,2025-10,0,0.18783358872511288,0.5
101771,2025-11,0,0.3574768467571542,0.4
100360,2025-12,0,0.18019923312707,0.2
100191,2025-12,0,0.10553603647156795,0.2
100729,2025-11,1,0.6781385774667585,0.9
100116,2025-12,1,0.20179520054345054,0.3
101869,2025-10,1,0.6883674320820792,0.9
100966,2025-12,1,0.32825385629253284,0.8
101580,2025-11,0,0.3353226224731318,0.5
101537,2025-12,0,0.24961385794829744,0.8
101720,2025-11,1,0.6304222911553782,0.8
101365,2025-10,1,0.5767985656190201,1.0
100695,2025-11,0,0.40530732472212405,0.8
101356,2025-12,0,0.4139571394542235,0.8
100647,2025-10,0,0.15448672595399057,0.7
100989,2025-10,0,0.11882431090074247,0.3
100236,2025-10,0,0.09915992959414262,0.2
101233,2025-11,1,0.49614554926048987,0.8
100068,2025-12,0,0.23269313214653772,0.5
101147,2025-12,0,0.03312844402542419,0.2
100513,2025-10,0,0.12974022735426471,0.1
101493,2025-12,0,0.3159626693101271,0.9
100926,2025-10,0,0.04627137451436258,0.1
100510,2025-12,0,0.40011313221738537,0.9
100242,2025-12,1,0.5132730803195814,1.0
101544,2025-10,0,0.4410789881263782,0.7
101827,2025-11,0,0.10153104972506906,0.4
101617,2025-10,0,0.08445907707885893,0.1
101796,2025-11,0,0.02227123560089428,0.1
101915,2025-11,0,0.10860728846431333,0.2
100671,2025-10,0,0.12930642160888353,0.2
101836,2025-11,0,0.03330758051628344,0.1
100283,2025-10,1,0.5694332503479256,0.9
100103,2025-11,0,0.17068618279515266,0.6
101221,2025-11,1,0.22530290122796962,0.7
100445,2025-11,0,0.07695264971821092,0.1
102091,2025-10,0,0.3047291586692635,0.5
101630,2025-12,0,0.13335840855394698,0.2
100519,2025-10,1,0.27876981390842237,1.0
102008,2025-12,0,0.3318327119649381,0.6
101320,2025-12,1,0.7132715125571913,1.0
101990,2025-10,0,0.46406143839382563,1.0
101165,2025-10,0,0.27648355190572,0.5
101082,2025-12,0,0.0460769461624277,0.1
101001,2025-10,1,0.5176625524907087,0.9
101341,2025-10,0,0.4109507659644703,0.7
101443,2025-12,0,0.3661131962136013,0.7
101439,2025-10,0,0.3011798773246816,0.4
101982,2025-10,0,0.38519801354154665,0.9
101701,2025-12,0,0.11525094203931316,0.3
100031,2025-12,0,0.11406734300638417,0.6
100960,2025-11,0,0.1440605546328556,0.4
100330,2025-12,0,0.27275832821895873,0.6
101369,2025-12,1,0.5039317106078113,0.6
100497,2025-10,1,0.7163661866748966,0.8
100291,2025-12,1,0.44902904982926073,0.7
101988,2025-11,0,0.31623161509275605,0.5
100096,2025-10,0,0.2531585480220259,0.5
100399,2025-11,0,0.26397810738951677,0.9
100776,2025-12,0,0.30197569381746997,0.5
101737,2025-12,0,0.33743164714138857,0.8
101982,2025-12,0,0.33116549235767745,0.9
100771,2025-10,0,0.2223999330585545,0.5
100197,2025-12,0,0.41947428712806134,1.0
100668,2025-12,0,0.2043693574151497,0.7
101377,2025-12,0,0.5120426443111887,0.9
100679,2025-12,0,0.2529380710847585,0.8
101858,2025-10,0,0.3137262726394178,0.8
101922,2025-12,0,0.662059862953009,1.0
100565,2025-12,1,0.4232461895040827,0.6
100527,2025-11,0,0.09825114537231269,0.3
100872,2025-12,0,0.28941024269896964,0.4
100345,2025-11,1,0.6125495241529727,0.9
100007,2025-11,0,0.15869140318713174,0.3
100578,2025-10,0,0.5578720522008092,0.9
100157,2025-10,0,0.06152963370235674,0.3
100774,2025-12,0,0.5673944998620192,1.0
101087,2025-10,0,0.47550021664119835,1.0
100261,2025-10,0,0.11266319332465953,0.5
100232,2025-10,0,0.023833717869555616,0.1
100754,2025-11,0,0.18046901136778215,0.4
101279,2025-12,0,0.26364377437931574,0.4
100299,2025-10,0,0.36121080872478306,0.6
102092,2025-12,0,0.042329880903331514,0.3
101864,2025-11,0,0.05309127028480929,0.2
101734,2025-11,0,0.22767070221217214,0.7
101457,2025-12,1,0.5481182961888127,0.6
101583,2025-10,0,0.3926966469012103,0.9
101034,2025-11,1,0.2087797655938788,0.1
101084,2025-12,0,0.5398553201686999,1.0
101468,2025-11,0,0.10282042440504,0.2
101582,2025-10,0,0.2513847471320144,0.3
101725,2025-12,0,0.14624528151472246,0.4
100295,2025-12,0,0.15749509128553574,0.5
100011,2025-11,1,0.10366928019063623,0.5
100799,2025-11,0,0.14574567849395348,0.3
101097,2025-10,1,0.7710533370690436,1.0
100540,2025-10,0,0.451360543366588,0.7
100303,2025-11,1,0.736455580652002,0.9
100628,2025-12,0,0.26057227052026644,0.7
101342,2025-11,0,0.14040973126954126,0.1
101569,2025-10,0,0.5806512304508779,1.0
101589,2025-11,1,0.42004927743746107,0.7
101600,2025-12,0,0.3222058358676676,0.7
100630,2025-12,0,0.13594533738346756,0.5
101539,2025-11,0,0.04775944665670188,0.2
100913,2025-11,0,0.28309130645220826,0.9
101559,2025-12,0,0.03981750548716945,0.3
101750,2025-11,0,0.19194456392198525,0.3
101748,2025-12,0,0.06810891648939126,0.2
101327,2025-10,1,0.5916083219858935,0.8
101511,2025-11,0,0.12849033221455186,0.1
101346,2025-11,0,0.14796073569992735,0.5
101832,2025-11,0,0.5826134414945932,0.9
101304,2025-11,0,0.12214741143754412,0.6
101538,2025-10,0,0.14806697150765583,0.2
101720,2025-10,0,0.6844538115054515,0.8
101988,2025-10,0,0.26999517030265796,0.5
101437,2025-10,0,0.44283643100479214,1.0
101961,2025-11,1,0.33870124641500304,0.8
100152,2025-10,0,0.24574409406264733,0.5
101399,2025-12,0,0.02105604532764879,0.2
101739,2025-10,0,0.14682719086123236,0.7
101889,2025-10,1,0.23641085517586846,0.2
100945,2025-10,1,0.2809357959501742,0.8
101155,2025-12,0,0.20953352983971477,0.7
100528,2025-11,1,0.17361160040806697,0.4
101684,2025-10,1,0.727746877157647,1.0
101384,2025-11,0,0.6229529950663719,0.7
102009,2025-11,1,0.10045019063405256,0.6
101881,2025-11,0,0.4455534586053685,0.9
102093,2025-12,1,0.04566704560116795,0.2
100998,2025-12,0,0.09886488747410019,0.4
100283,2025-11,0,0.5125794897788568,0.9
102038,2025-10,0,0.3629079194507074,0.6
101120,2025-11,1,0.6508022121587478,0.9
101434,2025-10,1,0.108069156808324,0.4
101608,2025-12,0,0.12618556589631252,0.3
102061,2025-10,1,0.20423090090696722,0.3
100286,2025-11,0,0.47503857875029926,0.7
100640,2025-10,0,0.2690764750780913,0.7
100020,2025-10,0,0.36350011406351973,0.4
100305,2025-11,0,0.056522213773727625,0.3
101793,2025-10,1,0.6061109468368037,0.7
101064,2025-11,0,0.022392407492979643,0.1
100147,2025-12,0,0.4425805360646489,0.9
100633,2025-11,0,0.3325989694322739,0.6
101974,2025-12,0,0.19641147141376789,0.5
100795,2025-12,1,0.7082744873141302,1.0
101430,2025-11,0,0.2739272940045079,0.6
100526,2025-12,0,0.39753238877925273,0.9
101113,2025-11,1,0.38343591646291864,0.6
101790,2025-10,1,0.5785344994228097,0.9
100430,2025-10,0,0.07159090465468883,0.1
101224,2025-10,1,0.4497934853674629,0.6
101405,2025-12,0,0.29796812026342484,0.3
100865,2025-10,0,0.4907201700990155,0.7
100791,2025-11,0,0.1326641102212122,0.2
100069,2025-10,0,0.11136035332258146,0.1
100766,2025-11,0,0.33708099187991797,0.5
100649,2025-11,1,0.6109490333296862,0.6
100324,2025-10,0,0.38134436716234726,0.8
101528,2025-12,0,0.04559074447432469,0.2
101503,2025-11,0,0.12149771656004067,0.1
102040,2025-11,0,0.4049595122556445,1.0
100848,2025-11,0,0.5102480720442341,0.7
101439,2025-11,0,0.42886259233159363,0.4
101085,2025-12,0,0.34326141889340434,0.4
100135,2025-12,0,0.06445489594578903,0.3
101348,2025-12,1,0.5742400010764878,0.6
101345,2025-10,0,0.15645303643357447,0.4
100652,2025-10,0,0.12885713495518908,0.4
101552,2025-10,1,0.19580484398392084,0.5
101544,2025-12,1,0.3185810447820907,0.7
100723,2025-10,0,0.13487129766541317,0.6
100370,2025-12,0,0.12578190697808966,0.2
101338,2025-12,1,0.6093314447080858,0.7
101392,2025-10,0,0.22512232100085083,0.6
101285,2025-11,0,0.7047950415887693,0.9
100385,2025-10,1,0.7196262036808353,0.8
101533,2025-11,0,0.2692828488692974,0.7
101530,2025-10,0,0.12425777121526894,0.5
100883,2025-11,0,0.5929275639120068,0.9
100425,2025-12,1,0.6560321659161152,0.9
101788,2025-11,0,0.3465610365573344,1.0
100256,2025-11,0,0.6022781471090654,1.0
101709,2025-12,1,0.6486496415034442,1.0
100157,2025-12,0,0.056981384890102696,0.3
101434,2025-12,1,0.35950282570846354,0.4
100884,2025-12,1,0.6677970747053537,0.9
100510,2025-10,1,0.5771925319702804,0.9
101841,2025-10,1,0.6032556369905435,0.7
101684,2025-11,1,0.7811549123962817,1.0
101152,2025-12,0,0.19702210912592688,0.7
101731,2025-10,1,0.6108910736155088,0.6
101635,2025-12,0,0.1849712373175923,0.3
102049,2025-12,1,0.6482942915225541,0.9
101315,2025-10,0,0.06619398821072353,0.1
101339,2025-11,0,0.3805519320086194,0.5
100538,2025-10,0,0.09779682340346786,0.1
100050,2025-12,0,0.09196671973902631,0.2
100645,2025-10,0,0.3817838745230733,0.7
100309,2025-10,1,0.4473942407541485,0.4
101372,2025-12,0,0.43269057823519547,0.7
100029,2025-12,1,0.624509617155256,0.9
101545,2025-12,0,0.39377874157854126,0.5
100179,2025-10,0,0.30140798916852746,0.5
101899,2025-11,1,0.20326046861652905,0.4
100481,2025-11,0,0.3009080253872622,0.6
101435,2025-12,0,0.1753064998861641,0.6
100564,2025-11,0,0.5641548082466292,1.0
101366,2025-12,0,0.28833887990930346,0.3
101444,2025-10,0,0.09145503915796177,0.1
100124,2025-12,0,0.3576055817119584,0.6
100132,2025-10,0,0.15238483860135255,0.6
101678,2025-12,0,0.14945466160629386,0.3
100893,2025-11,0,0.06606247394014997,0.1
100244,2025-10,0,0.17698333714486414,0.5
100562,2025-12,1,0.059738062055851186,0.1
101904,2025-12,0,0.21536344486210687,0.3
100440,2025-10,1,0.494931172569188,0.6
100683,2025-12,0,0.06079814986043128,0.1
101277,2025-11,0,0.24184421121940933,0.8
100827,2025-11,0,0.20363858070805113,0.4
101360,2025-11,0,0.07848864068494206,0.1
102007,2025-12,1,0.5793408598007068,0.6
100049,2025-12,0,0.2341214587103794,0.3
100385,2025-11,0,0.5570703534908596,0.8
101392,2025-12,0,0.5586271026519015,0.6
100879,2025-10,0,0.23561549566964438,0.4
100688,2025-10,0,0.3080725203305841,0.3
100443,2025-12,0,0.25486190187488833,0.9
100007,2025-10,0,0.16865515118311686,0.3
101506,2025-10,1,0.44346031657827056,0.8
101740,2025-12,1,0.15350207582544081,0.1
100735,2025-10,0,0.10362181204250105,0.6
101231,2025-12,0,0.1324156476358117,0.4
100734,2025-11,0,0.25596013003758233,0.6
101004,2025-10,1,0.3285219358979795,0.4
101313,2025-11,1,0.28751940071712145,0.6
100188,2025-12,0,0.2509561008772283,0.5
101472,2025-10,1,0.42966305877198685,0.8
101568,2025-10,0,0.059179304061769036,0.3
100073,2025-12,1,0.6627215196207041,1.0
101183,2025-10,0,0.331562743812211,0.4
100819,2025-11,0,0.4876199962239879,0.7
100275,2025-10,1,0.5936798168170114,1.0
101353,2025-10,1,0.5089215702982385,0.9
101216,2025-12,0,0.4476613666471311,0.7
100727,2025-10,1,0.8003851765215191,0.9
101571,2025-11,0,0.3259450040565768,0.9
101462,2025-10,0,0.3168220362352873,0.6
101240,2025-11,0,0.6239283747251043,0.8
102077,2025-12,1,0.6076657328716614,0.9
101165,2025-12,0,0.14713361101239592,0.5
100906,2025-11,0,0.09061132536853765,0.4
101908,2025-10,0,0.12004907909291435,0.3
100806,2025-10,1,0.5482997318400903,0.7
101273,2025-10,0,0.5266398607416064,0.5
101234,2025-11,0,0.07910149171723811,0.3
100598,2025-11,0,0.16383198083951786,0.3
100027,2025-11,0,0.17177259834996605,0.5
100430,2025-11,0,0.10733918723305423,0.1
101420,2025-11,1,0.27746091085609365,0.5
101479,2025-11,0,0.21129701151187055,0.4
101350,2025-11,1,0.5555314626730465,1.0
101580,2025-10,0,0.5258027332079678,0.5
101083,2025-10,1,0.35584015545930414,0.7
101824,2025-12,1,0.5651910252782075,0.6
100673,2025-10,0,0.1821415049730761,0.4
102097,2025-10,0,0.07793635679817246,0.3
100804,2025-10,0,0.36073845978255936,0.6
101336,2025-11,0,0.6582154353334075,0.9
100910,2025-11,1,0.33321645632896735,0.9
100666,2025-11,0,0.08853557197522949,0.4
101371,2025-10,0,0.15802418873507434,0.6
101169,2025-11,0,0.5404856188944136,0.7
101508,2025-11,0,0.24640839779798668,0.5
100165,2025-10,0,0.04115785271697671,0.1
100093,2025-11,0,0.28351873176889963,0.3
100775,2025-11,1,0.8186556896834652,1.0
101187,2025-12,0,0.057687021098757486,0.1
100756,2025-12,0,0.12932772725626546,0.5
100318,2025-10,0,0.19873248213633907,0.3
101192,2025-12,0,0.2452074366370891,0.5
100524,2025-12,1,0.31146045325706717,0.9
101031,2025-10,0,0.20480830219151802,0.9
101431,2025-10,0,0.6487867199558891,0.9
100845,2025-10,0,0.31120282421324147,0.6
101524,2025-11,0,0.2860617211338063,0.6
101916,2025-12,0,0.323090588021279,1.0
101819,2025-12,1,0.43168448636188783,0.6
100013,2025-12,0,0.17807267487007652,0.3
100475,2025-10,0,0.3790609635632624,0.6
100746,2025-12,1,0.4998978269693003,0.9
100682,2025-11,0,0.09060231755553387,0.5
101841,2025-11,1,0.1837073128442348,0.7
100048,2025-12,0,0.14240793271918337,0.6
101127,2025-12,0,0.3924589033143442,0.6
101157,2025-10,0,0.21775443055230687,0.6
100961,2025-12,0,0.3767650888984885,0.5
100010,2025-10,0,0.3645209669796604,0.8
101945,2025-10,0,0.4503487112204438,1.0
100172,2025-11,1,0.4164424054059215,0.6
100440,2025-11,1,0.4501463051029367,0.6
101516,2025-11,1,0.6110630773562363,1.0
101864,2025-10,1,0.32300943807186067,0.2
101014,2025-10,1,0.33510623197326206,0.4
101886,2025-12,0,0.541144887546739,1.0
101056,2025-11,0,0.09351807491235244,0.3
100884,2025-11,0,0.3110288059945154,0.9
101819,2025-10,0,0.24198289395125575,0.6
101673,2025-12,0,0.30059867474232876,0.8
100807,2025-10,0,0.2963713811188643,0.7
100319,2025-11,0,0.14536063056384738,0.3
100685,2025-10,0,0.1835324431953255,0.4
100636,2025-10,0,0.5936029746126044,1.0
101807,2025-11,0,0.3449154815485079,0.6
101395,2025-11,1,0.6753025961680371,0.9
101283,2025-12,0,0.2045807604013231,0.4
100488,2025-12,0,0.49664595136795664,0.9
100048,2025-10,1,0.42061853224265905,0.6
100943,2025-12,1,0.6103240993546243,0.7
100986,2025-12,0,0.4412031211111142,0.9
100103,2025-10,0,0.21891753723266436,0.6
100566,2025-11,1,0.20140606428223798,0.2
100990,2025-11,0,0.6609795338225158,1.0
101490,2025-11,0,0.019208698425869763,0.1
101003,2025-10,1,0.2491235495463243,0.3
101766,2025-11,0,0.15296055129385755,0.4
101656,2025-12,1,0.3006274256552941,1.0
100725,2025-11,0,0.04358681762468002,0.1
100766,2025-12,0,0.14234981197135885,0.5
101251,2025-12,0,0.10856150010076676,0.2
100546,2025-11,0,0.16711481622315447,0.7
100228,2025-11,0,0.26141335365594404,0.5
100611,2025-10,0,0.08204790341337924,0.1
100891,2025-12,0,0.3584389779713348,0.7
100624,2025-10,1,0.747346105339579,1.0
100172,2025-12,1,0.5069625439564845,0.6
101143,2025-11,0,0.1333019539460725,0.4
100279,2025-12,1,0.36039393327413655,0.4
100943,2025-11,0,0.4062642139921758,0.7
101117,2025-12,0,0.45884855818820086,0.9
101394,2025-11,1,0.26490857588773525,0.2
101513,2025-11,0,0.11269510363246911,0.1
101156,2025-12,0,0.35578035813595527,0.7
101170,2025-12,1,0.055651384401199974,0.2
100095,2025-12,0,0.25691780745438897,0.6
101940,2025-11,0,0.23174317131722125,0.7
100730,2025-10,0,0.3673855540707858,0.8
100933,2025-10,0,0.33005077869821103,0.7
100337,2025-12,1,0.35921738071998954,0.9
100266,2025-12,0,0.11400875755132962,0.4
100374,2025-11,0,0.13528568912368075,0.3
100284,2025-11,0,0.0505522042577266,0.2
100660,2025-10,0,0.053982818940247576,0.1
100312,2025-12,1,0.1282310912017035,0.1
101333,2025-12,1,0.3668852217892691,0.5
100139,2025-11,1,0.5153941441537557,0.9
100434,2025-12,0,0.1412927750849243,0.5
100663,2025-12,0,0.061665069215541685,0.3
101353,2025-12,0,0.19427369697104033,0.9
101641,2025-10,1,0.19642883741371034,0.2
100843,2025-11,0,0.4177802045951849,0.6
100373,2025-12,0,0.0573436787259989,0.1
100309,2025-12,0,0.20537874916782625,0.4
101691,2025-12,1,0.14134777874350538,0.8
100753,2025-10,1,0.48540384066880204,0.6
101280,2025-10,1,0.757540304716008,1.0
100294,2025-10,1,0.28065799087764626,0.7
100089,2025-12,0,0.24552694695873797,0.5
100646,2025-11,0,0.037939885092706724,0.1
101261,2025-12,0,0.17935352511682706,0.2
100518,2025-10,0,0.6374468346128723,0.7
100116,2025-11,0,0.04739002643976881,0.3
101664,2025-11,0,0.08813278860517104,0.3
100696,2025-10,1,0.5196184016876749,0.8
101623,2025-10,1,0.6729233634576322,0.9
100033,2025-11,0,0.3859275401010567,0.8
100249,2025-11,0,0.1434373163869612,0.5
102067,2025-10,1,0.5627464317206126,1.0
101931,2025-10,0,0.16318639700213752,0.3
101187,2025-11,1,0.21550839561129778,0.1
101972,2025-11,0,0.20649890490188755,0.3
100899,2025-11,0,0.27777703437475054,0.9
100290,2025-10,0,0.11578784207469814,0.4
101575,2025-11,0,0.04630376104649465,0.1
101882,2025-12,1,0.4554452263836635,0.9
101170,2025-10,0,0.1635832958204215,0.2
101954,2025-12,0,0.10369840285339128,0.1
101936,2025-12,0,0.7322778450219438,0.9
101655,2025-11,0,0.13361665718695956,0.4
102006,2025-10,0,0.3981474660451795,0.7
101900,2025-11,0,0.09852085939630342,0.1
101294,2025-11,0,0.26218233413730485,0.7
100689,2025-12,0,0.14958658434663122,0.3
100928,2025-10,1,0.2001982112960049,0.7
100334,2025-10,0,0.2701960029535468,1.0
101786,2025-10,0,0.030747114092039767,0.1
100012,2025-11,0,0.32159132730124373,0.3
101390,2025-12,1,0.43635902893413864,0.7
100418,2025-10,0,0.2119818048404375,0.4
100667,2025-11,1,0.18639034835094886,0.3
100044,2025-11,0,0.46712944022187974,0.9
100549,2025-10,0,0.214798213105754,0.4
101832,2025-10,1,0.5838338216854323,0.9
102095,2025-11,0,0.13314119720063325,0.7
101726,2025-11,1,0.7674900542984158,1.0
101604,2025-12,0,0.16538796657704144,0.6
100446,2025-11,1,0.5725100237645256,0.9
101344,2025-12,1,0.19037631073589326,0.1
100682,2025-12,0,0.36865695264417897,0.5
100035,2025-12,0,0.2938084511205815,0.6
100362,2025-11,0,0.16580086313548387,0.5
100387,2025-12,0,0.4010442315538749,0.9
100820,2025-10,0,0.14687394607167348,0.5
101718,2025-11,0,0.12418083949019859,0.3
102044,2025-12,0,0.36286655387002087,1.0
100020,2025-11,0,0.26818816284702096,0.4
100733,2025-10,0,0.2255438387639646,0.6
100778,2025-11,0,0.2014458339753066,0.3
100075,2025-10,1,0.10331875169834664,0.2
100227,2025-11,1,0.3158329985821192,0.4
100662,2025-11,1,0.5598813495896129,0.9
100128,2025-10,0,0.3234257199926004,0.9
101810,2025-10,1,0.15531713413847184,0.1
100478,2025-12,0,0.165159987988159,0.1
101661,2025-12,0,0.11505099265060527,0.3
100730,2025-12,0,0.26797315981452746,0.8
101407,2025-12,0,0.09505757600087074,0.3
100140,2025-12,0,0.08233059222363572,0.1
101144,2025-10,0,0.3288552911653221,0.7
101186,2025-12,0,0.266556690851924,0.6
101295,2025-12,1,0.21516159739163684,0.4
101556,2025-12,0,0.3444590829743789,0.9
100952,2025-11,1,0.47103715630040727,0.9
101943,2025-10,0,0.15451600622887746,0.4
102083,2025-10,0,0.16357495565670477,0.1
101419,2025-10,1,0.5171409500603453,0.7
101201,2025-11,0,0.061891896995021047,0.2
100253,2025-11,0,0.5897195496248566,0.9
100257,2025-12,0,0.2769551839464573,0.8
101914,2025-10,0,0.4387376351573969,0.7
100504,2025-10,0,0.20137848644474354,0.4
100231,2025-10,1,0.1972685593370635,0.5
101092,2025-11,0,0.3530689132577881,0.8
100895,2025-12,0,0.15221543922929678,0.4
101603,2025-12,0,0.14175510578735853,0.4
100759,2025-10,0,0.21854044132014236,0.2
101701,2025-11,0,0.21231122603704758,0.3
101794,2025-12,1,0.16046536267292166,0.3
101486,2025-12,0,0.18447870090427176,0.5
102082,2025-10,1,0.6135755573083874,0.6
101648,2025-11,0,0.07747344755147116,0.3
102009,2025-10,1,0.4623347591388324,0.6
101706,2025-10,0,0.08482594788850875,0.5
100956,2025-11,0,0.21137147990008923,0.3
100535,2025-12,1,0.2795123636040456,0.4
101960,2025-10,0,0.08478862209389149,0.4
100305,2025-10,0,0.13186809761877247,0.3
100782,2025-11,1,0.30913057024036256,0.5
101080,2025-11,0,0.38426071986870275,0.6
101304,2025-10,0,0.3296680837718921,0.6
100863,2025-10,0,0.14904713021239296,0.6
101997,2025-10,0,0.10142719561643346,0.4
100312,2025-11,0,0.052116509031762785,0.1
100546,2025-10,0,0.2486244116078183,0.7
100032,2025-12,0,0.5969668759405672,0.8
101871,2025-11,1,0.534376018524963,1.0
101452,2025-10,0,0.02481261318893631,0.1
100910,2025-12,0,0.19527511257067184,0.9
101804,2025-11,0,0.6107520195318253,0.8
101086,2025-11,0,0.28291360089167084,0.8
101426,2025-11,0,0.10603064544532854,0.1
102084,2025-10,1,0.1980199783410578,0.3
100269,2025-12,0,0.2329440981982434,0.9
100952,2025-12,0,0.29097389583669575,0.9
100891,2025-10,1,0.23708314053543575,0.7
100344,2025-11,0,0.24064839604727015,0.3
102051,2025-10,1,0.6864229411992842,1.0
101648,2025-10,0,0.12343205900855572,0.3
101098,2025-12,0,0.19451307077655583,0.3
102076,2025-11,0,0.17723414075173913,0.2
100750,2025-12,0,0.22285500676290457,0.4
100726,2025-12,1,0.2899237488541451,0.7
100825,2025-12,0,0.14591952188297166,0.3
101714,2025-12,0,0.37010663501854746,0.7
101023,2025-12,1,0.31937198214261253,0.6
100059,2025-11,0,0.03570514526173577,0.2
100328,2025-10,0,0.5823380255928944,0.7
100190,2025-11,0,0.4783140320639824,0.5
100191,2025-10,0,0.10628871015538713,0.2
101729,2025-11,1,0.3242880782889439,0.5
100621,2025-10,0,0.09400876189726647,0.1
102097,2025-11,1,0.3385596864277962,0.3
101730,2025-10,1,0.25658668318627836,0.4
101652,2025-11,0,0.18263715894303925,0.3
100802,2025-10,0,0.23513869514721158,0.5
102006,2025-11,0,0.46586457566327694,0.7
101965,2025-10,1,0.8611941639445407,1.0
101793,2025-12,1,0.22621562930081943,0.7
100244,2025-11,0,0.11584041983594172,0.5
101926,2025-12,1,0.24185569882979116,0.2
100552,2025-10,0,0.10826158509674841,0.1
101019,2025-12,0,0.23256314408567524,0.7
100042,2025-10,0,0.13203635371788347,0.2
100573,2025-12,1,0.6320877330166444,0.8
101577,2025-10,0,0.27963403768088224,0.6
100116,2025-10,0,0.19785490326385397,0.3
100203,2025-10,0,0.38294447927919345,0.9
101979,2025-10,0,0.14933613316878036,0.6
101923,2025-12,0,0.08264119292028142,0.4
101985,2025-12,1,0.38104661290154984,0.4
101332,2025-12,0,0.641686236124787,0.8
100734,2025-10,1,0.13342020919927605,0.6
101778,2025-11,0,0.11357541915948909,0.2
100517,2025-10,0,0.2506693461025371,0.5
100209,2025-11,0,0.1697746924384288,0.4
101036,2025-10,0,0.21000533271862157,0.7
101038,2025-11,0,0.20715164518286985,0.6
100292,2025-11,0,0.35775198313364565,0.9
100525,2025-10,0,0.06773547596109973,0.3
101235,2025-12,1,0.2871532996052307,0.4
100768,2025-10,1,0.5935714221252424,0.9
101252,2025-11,1,0.13838163284548502,0.6
100815,2025-10,0,0.49005801971417756,0.9
101409,2025-12,1,0.4283690531181884,0.8
101078,2025-10,0,0.5397785610141121,0.9
101088,2025-11,0,0.42196742166952844,0.7
100744,2025-10,1,0.560244068499443,1.0
100871,2025-10,0,0.10687117964312337,0.3
100451,2025-11,0,0.03443375910342958,0.1
100690,2025-11,0,0.08367856821647085,0.1
101539,2025-12,0,0.09565567624559734,0.2
101765,2025-10,0,0.19710287012990013,0.1
100437,2025-12,0,0.050489407932245704,0.5
100148,2025-11,1,0.5863583325760404,1.0
100964,2025-10,0,0.10744333172165009,0.1
100953,2025-10,0,0.17737451580913335,0.1
101318,2025-12,0,0.18475804630447604,0.5
101529,2025-12,1,0.2530209207189926,0.9
100923,2025-11,0,0.26417228716061564,0.9
100694,2025-12,0,0.7956140761797985,1.0
100599,2025-10,0,0.17460885322817932,0.4
100061,2025-12,0,0.06666569952253461,0.2
100548,2025-12,1,0.3330707487477429,0.7
101079,2025-11,0,0.10260059020794592,0.2
101275,2025-11,0,0.13417319898164987,0.2
100665,2025-10,0,0.427310413199066,1.0
100257,2025-10,0,0.32754597648565426,0.8
101492,2025-12,1,0.5301394468302635,0.7
101619,2025-12,0,0.3983459732206768,0.6
101340,2025-11,1,0.11590991370482305,0.1
101632,2025-10,0,0.12865758504911468,0.2
102031,2025-11,0,0.16264978830681723,0.4
100487,2025-11,0,0.7306045430041593,1.0
102053,2025-10,1,0.5209461341553197,1.0
101740,2025-10,1,0.19296462054985977,0.1
100728,2025-10,1,0.3233231108298091,0.7
100652,2025-11,0,0.07793525082250437,0.4
101870,2025-11,0,0.3412512283982394,0.9
100235,2025-11,0,0.15749251686978077,0.1
101109,2025-10,0,0.20738299878827612,0.4
100373,2025-10,0,0.07219216981106,0.1
100874,2025-10,0,0.12786663841309762,0.5
100790,2025-10,0,0.28223858316134043,0.7
101281,2025-11,0,0.29752210358041437,0.4
100982,2025-11,0,0.204848008217575,0.1
100644,2025-12,0,0.523429802982719,1.0
100919,2025-10,1,0.34440557027559604,1.0
100738,2025-12,1,0.286412498433365,0.5
100686,2025-10,0,0.5120851460933475,1.0
100640,2025-11,0,0.23630392865101935,0.7
101474,2025-12,0,0.6987286854406268,0.9
102099,2025-10,0,0.32337987387413625,0.8
100641,2025-11,0,0.31906726799967183,0.5
101199,2025-11,0,0.10035865331147201,0.1
100056,2025-11,1,0.31486933324374494,1.0
101152,2025-11,1,0.5897275675863478,0.7
100142,2025-11,0,0.07417700278705779,0.3
101024,2025-11,1,0.2715748349187539,0.4
100250,2025-11,0,0.3524501416838014,0.7
101689,2025-11,0,0.15852445816257102,0.4
101450,2025-12,1,0.2719485219985098,0.3
100612,2025-11,0,0.14993173975762647,0.8
101422,2025-10,0,0.0923667266767988,0.2
100032,2025-11,0,0.48691307105938525,0.8
101587,2025-12,0,0.08785657608396197,0.1
100848,2025-12,0,0.5928262869549067,0.7
101770,2025-10,1,0.1863272260586058,0.3
101962,2025-12,0,0.12788052809333877,0.1
100742,2025-11,0,0.02713327372547633,0.1
101958,2025-12,0,0.16655827626573055,0.9
100080,2025-10,0,0.33199903090057337,0.5
100627,2025-11,1,0.7243742005169683,1.0
101322,2025-10,0,0.5390804614166124,0.9
101670,2025-11,1,0.5746412135173435,0.9
100440,2025-12,0,0.4745821374725772,0.6
100334,2025-12,1,0.7461450790928534,1.0
101970,2025-11,0,0.06855025117357622,0.3
100839,2025-10,0,0.3620511763307443,0.5
100018,2025-12,0,0.2358620525658813,0.5
101860,2025-10,0,0.3899744140236649,0.6
101619,2025-11,1,0.5830296754477344,0.6
102000,2025-10,0,0.06834025251737748,0.3
101756,2025-10,1,0.2995107582743548,0.9
100145,2025-10,0,0.3213884635353174,1.0
100502,2025-10,0,0.14960611560392006,0.5
100985,2025-12,0,0.6087312997380648,0.9
100281,2025-11,1,0.3857894706512568,0.3
100316,2025-10,0,0.1506465511522762,0.4
100648,2025-10,0,0.24822515115934432,0.4
100812,2025-12,0,0.1216853185130082,0.2
100638,2025-10,0,0.08927197584299686,0.3
101814,2025-10,0,0.04202591526119945,0.3
100356,2025-10,0,0.4062423354877922,0.8
101705,2025-11,0,0.12035602570126729,0.4
101248,2025-11,0,0.11738714339693215,0.5
101776,2025-11,1,0.7717989476077441,1.0
101690,2025-12,0,0.37107172725446325,1.0
100888,2025-12,1,0.23203302619205546,0.5
100270,2025-12,1,0.5371567878227983,0.7
101108,2025-12,1,0.11869465665950567,0.4
100510,2025-11,1,0.5984514532236153,0.9
100830,2025-11,0,0.17321236816004545,0.7
101579,2025-10,0,0.4196684355651904,0.7
101860,2025-11,0,0.2559218969331229,0.6
100659,2025-11,1,0.40626768048710477,0.5
101040,2025-10,0,0.2412026053299358,0.1
100979,2025-10,0,0.04246423049318172,0.2
100134,2025-11,0,0.18782734242087099,0.8
101925,2025-12,0,0.08048944433352281,0.4
100681,2025-11,0,0.3300135749125494,0.9
101410,2025-10,0,0.21595059293914554,0.9
100270,2025-10,1,0.42450499385683166,0.7
100358,2025-12,0,0.25280185579259445,0.7
101229,2025-10,0,0.5102994900088793,0.7
100049,2025-10,0,0.33273354714049735,0.3
101793,2025-11,1,0.4437108225468145,0.7
101033,2025-11,1,0.3371989067443405,0.5
101808,2025-11,1,0.5276612563919223,0.7
101438,2025-12,0,0.13663530209810346,0.5
101213,2025-12,0,0.029097072280456805,0.2
101386,2025-10,1,0.23468945020135987,0.6
100230,2025-12,0,0.4478943280871848,0.5
100090,2025-12,0,0.349326721167647,0.6
100300,2025-12,1,0.4580702088193637,1.0
100637,2025-11,0,0.1529692373970152,0.6
100734,2025-12,0,0.18975896962742078,0.6
101701,2025-10,0,0.26348364096959415,0.3
101095,2025-10,0,0.15562131974900337,0.1
101518,2025-11,0,0.40654489654408527,0.5
101186,2025-10,1,0.6120979613236569,0.6
100539,2025-11,1,0.18904075890414493,0.7
100243,2025-12,1,0.5729667699563349,0.8
101001,2025-11,0,0.6044044155206229,0.9
101179,2025-11,1,0.6172907450900235,0.9
100115,2025-10,0,0.560573448412544,1.0
100901,2025-10,1,0.7039563489484146,1.0
101085,2025-11,0,0.4285380948978059,0.4
100222,2025-12,0,0.2189894477960327,0.8
101129,2025-12,1,0.2783007967863064,0.4
101418,2025-10,0,0.15641796994548163,0.6
100810,2025-12,1,0.4814813578124871,0.6
100980,2025-10,0,0.05195051356518803,0.4
101204,2025-10,0,0.17515950547221698,0.6
101448,2025-12,1,0.8072597108767546,1.0
101764,2025-12,1,0.2304320097703782,0.3
101586,2025-10,0,0.08560899183137755,0.3
101402,2025-10,0,0.12384805917687607,0.2
101182,2025-12,0,0.5142615422732935,0.8
100343,2025-10,0,0.15855707130889224,0.4
100691,2025-12,0,0.26008678950639735,0.2
101381,2025-10,0,0.18755461434545356,0.3
100216,2025-10,1,0.47841185787273827,1.0
101019,2025-11,0,0.5250192423934634,0.7
101137,2025-10,0,0.4841699495501662,0.9
101781,2025-12,0,0.05278468013985938,0.1
100697,2025-12,0,0.11522040601465933,0.3
101305,2025-11,0,0.20405198240502312,1.0
101158,2025-10,0,0.05901535200462483,0.2
100326,2025-10,0,0.1467584816609179,0.4
100002,2025-11,1,0.6291865362860752,0.9
100382,2025-11,0,0.12961840194523613,0.5
101314,2025-11,0,0.45561347254163814,0.7
101820,2025-10,1,0.5316470829255606,0.8
101336,2025-12,1,0.5453081341324839,0.9
100698,2025-10,0,0.30141861425910405,1.0
100019,2025-10,0,0.16018608774218282,0.3
100680,2025-11,1,0.3623040237859351,0.4
101296,2025-12,0,0.41417307657076136,0.8
101817,2025-10,0,0.2964253131623769,0.8
100755,2025-10,0,0.2385986733397308,0.6
101112,2025-10,0,0.3488648348872343,0.6
101960,2025-11,0,0.13078397726084545,0.4
100614,2025-10,0,0.04483626101781118,0.2
101325,2025-11,0,0.3152922841977175,0.7
100796,2025-11,0,0.5930546722464262,0.9
101669,2025-12,0,0.17283772556322488,0.2
101896,2025-12,0,0.22573103740729386,0.5
101071,2025-10,1,0.5189714368243563,1.0
100393,2025-12,1,0.5113483038653958,0.9
100433,2025-12,0,0.35041980898823094,0.8
101165,2025-11,0,0.2189709212658555,0.5
100476,2025-11,0,0.07803474890601138,0.7
100065,2025-11,0,0.2846801043650565,0.4
100517,2025-11,0,0.20900984806198913,0.5
100628,2025-11,1,0.647685261368768,0.7
100408,2025-10,0,0.14390843319267663,0.4
100610,2025-10,0,0.6773438467949664,1.0
100610,2025-12,1,0.744271825654016,1.0
102081,2025-11,0,0.5423188172877075,1.0
101835,2025-10,0,0.05192807124330896,0.1
101848,2025-11,0,0.5536451472186161,0.5
