model,period,target,capacity,rows,selected,true_positives_selected,precision,recall,prevalence,lift
decile,2025-07,responded_strict,0.01,2025,21,2,0.09523809523809523,0.013333333333333334,0.07407407407407407,1.2857142857142858
decile,2025-07,responded_strict,0.02,2025,41,6,0.14634146341463414,0.04,0.07407407407407407,1.975609756097561
decile,2025-07,responded_strict,0.03,2025,61,10,0.16393442622950818,0.06666666666666667,0.07407407407407407,2.2131147540983607
decile,2025-07,responded_strict,0.04,2025,81,16,0.19753086419753085,0.10666666666666667,0.07407407407407407,2.6666666666666665
decile,2025-07,responded_strict,0.05,2025,102,18,0.17647058823529413,0.12,0.07407407407407407,2.382352941176471
decile,2025-07,responded_strict,0.06,2025,122,21,0.1721311475409836,0.14,0.07407407407407407,2.3237704918032787
decile,2025-07,responded_strict,0.07,2025,142,29,0.20422535211267606,0.19333333333333333,0.07407407407407407,2.757042253521127
decile,2025-07,responded_strict,0.08,2025,162,32,0.19753086419753085,0.21333333333333335,0.07407407407407407,2.6666666666666665
decile,2025-07,responded_strict,0.09,2025,183,32,0.17486338797814208,0.21333333333333335,0.07407407407407407,2.360655737704918
decile,2025-07,responded_strict,0.1,2025,203,35,0.1724137931034483,0.23333333333333334,0.07407407407407407,2.327586206896552
decile,2025-07,responded_strict,0.11,2025,223,40,0.17937219730941703,0.26666666666666666,0.07407407407407407,2.42152466367713
decile,2025-07,responded_strict,0.12,2025,243,45,0.18518518518518517,0.3,0.07407407407407407,2.5
decile,2025-07,responded_strict,0.13,2025,264,46,0.17424242424242425,0.30666666666666664,0.07407407407407407,2.3522727272727275
decile,2025-07,responded_strict,0.14,2025,284,49,0.17253521126760563,0.32666666666666666,0.07407407407407407,2.329225352112676
decile,2025-07,responded_strict,0.15,2025,304,51,0.16776315789473684,0.34,0.07407407407407407,2.2648026315789473
decile,2025-07,responded_strict,0.16,2025,324,53,0.16358024691358025,0.35333333333333333,0.07407407407407407,2.2083333333333335
decile,2025-07,responded_strict,0.17,2025,345,57,0.16521739130434782,0.38,0.07407407407407407,2.2304347826086954
decile,2025-07,responded_strict,0.18,2025,365,60,0.1643835616438356,0.4,0.07407407407407407,2.219178082191781
decile,2025-07,responded_strict,0.19,2025,385,64,0.16623376623376623,0.4266666666666667,0.07407407407407407,2.2441558441558445
decile,2025-07,responded_strict,0.2,2025,405,66,0.16296296296296298,0.44,0.07407407407407407,2.2
decile,2025-07,responded_strict,0.21,2025,426,67,0.1572769953051643,0.44666666666666666,0.07407407407407407,2.1232394366197185
decile,2025-07,responded_strict,0.22,2025,446,67,0.15022421524663676,0.44666666666666666,0.07407407407407407,2.0280269058295963
decile,2025-07,responded_strict,0.23,2025,466,71,0.15236051502145923,0.47333333333333333,0.07407407407407407,2.0568669527896994
decile,2025-07,responded_strict,0.24,2025,486,73,0.15020576131687244,0.4866666666666667,0.07407407407407407,2.027777777777778
decile,2025-07,responded_strict,0.25,2025,507,73,0.14398422090729784,0.4866666666666667,0.07407407407407407,1.943786982248521
decile,2025-07,responded_strict,0.26,2025,527,75,0.14231499051233396,0.5,0.07407407407407407,1.9212523719165084
decile,2025-07,responded_strict,0.27,2025,547,81,0.1480804387568556,0.54,0.07407407407407407,1.9990859232175506
decile,2025-07,responded_strict,0.28,2025,567,84,0.14814814814814814,0.56,0.07407407407407407,2.0
decile,2025-07,responded_strict,0.29,2025,588,85,0.1445578231292517,0.5666666666666667,0.07407407407407407,1.9515306122448979
decile,2025-07,responded_strict,0.3,2025,608,87,0.14309210526315788,0.58,0.07407407407407407,1.9317434210526314
decile,2025-07,responded_strict,0.31,2025,628,88,0.14012738853503184,0.5866666666666667,0.07407407407407407,1.89171974522293
decile,2025-07,responded_strict,0.32,2025,648,91,0.1404320987654321,0.6066666666666667,0.07407407407407407,1.8958333333333337
decile,2025-07,responded_strict,0.33,2025,669,91,0.13602391629297458,0.6066666666666667,0.07407407407407407,1.836322869955157
decile,2025-07,responded_strict,0.34,2025,689,92,0.13352685050798258,0.6133333333333333,0.07407407407407407,1.802612481857765
decile,2025-07,responded_strict,0.35,2025,709,95,0.13399153737658676,0.6333333333333333,0.07407407407407407,1.8088857545839212
decile,2025-07,responded_strict,0.36,2025,729,98,0.13443072702331962,0.6533333333333333,0.07407407407407407,1.814814814814815
decile,2025-07,responded_strict,0.37,2025,750,100,0.13333333333333333,0.6666666666666666,0.07407407407407407,1.8
decile,2025-07,responded_strict,0.38,2025,770,106,0.13766233766233765,0.7066666666666667,0.07407407407407407,1.8584415584415583
decile,2025-07,responded_strict,0.39,2025,790,108,0.13670886075949368,0.72,0.07407407407407407,1.8455696202531648
decile,2025-07,responded_strict,0.4,2025,810,111,0.13703703703703704,0.74,0.07407407407407407,1.85
decile,2025-07,responded_strict,0.41,2025,831,111,0.13357400722021662,0.74,0.07407407407407407,1.8032490974729245
decile,2025-07,responded_strict,0.42,2025,851,112,0.13160987074030553,0.7466666666666667,0.07407407407407407,1.7767332549941248
decile,2025-07,responded_strict,0.43,2025,871,112,0.1285878300803674,0.7466666666666667,0.07407407407407407,1.7359357060849598
decile,2025-07,responded_strict,0.44,2025,891,114,0.12794612794612795,0.76,0.07407407407407407,1.7272727272727273
decile,2025-07,responded_strict,0.45,2025,912,115,0.12609649122807018,0.7666666666666667,0.07407407407407407,1.7023026315789476
decile,2025-07,responded_strict,0.46,2025,932,118,0.12660944206008584,0.7866666666666666,0.07407407407407407,1.709227467811159
decile,2025-07,responded_strict,0.47,2025,952,120,0.12605042016806722,0.8,0.07407407407407407,1.7016806722689075
decile,2025-07,responded_strict,0.48,2025,972,121,0.12448559670781893,0.8066666666666666,0.07407407407407407,1.6805555555555556
decile,2025-07,responded_strict,0.49,2025,993,123,0.12386706948640483,0.82,0.07407407407407407,1.6722054380664653
decile,2025-07,responded_strict,0.5,2025,1013,125,0.12339585389930899,0.8333333333333334,0.07407407407407407,1.6658440276406714
decile,2025-07,responded_strict,0.51,2025,1033,126,0.12197483059051308,0.84,0.07407407407407407,1.6466602129719266
decile,2025-07,responded_strict,0.52,2025,1053,127,0.12060778727445394,0.8466666666666667,0.07407407407407407,1.6282051282051282
decile,2025-07,responded_strict,0.53,2025,1074,127,0.11824953445065177,0.8466666666666667,0.07407407407407407,1.596368715083799
decile,2025-07,responded_strict,0.54,2025,1094,130,0.11882998171846434,0.8666666666666667,0.07407407407407407,1.6042047531992687
decile,2025-07,responded_strict,0.55,2025,1114,132,0.118491921005386,0.88,0.07407407407407407,1.599640933572711
decile,2025-07,responded_strict,0.56,2025,1134,132,0.1164021164021164,0.88,0.07407407407407407,1.5714285714285714
decile,2025-07,responded_strict,0.57,2025,1155,135,0.11688311688311688,0.9,0.07407407407407407,1.577922077922078
decile,2025-07,responded_strict,0.58,2025,1175,136,0.11574468085106383,0.9066666666666666,0.07407407407407407,1.5625531914893618
decile,2025-07,responded_strict,0.59,2025,1195,137,0.11464435146443515,0.9133333333333333,0.07407407407407407,1.5476987447698747
decile,2025-07,responded_strict,0.6,2025,1215,137,0.11275720164609053,0.9133333333333333,0.07407407407407407,1.5222222222222221
decile,2025-07,responded_strict,0.61,2025,1236,137,0.11084142394822007,0.9133333333333333,0.07407407407407407,1.496359223300971
decile,2025-07,responded_strict,0.62,2025,1256,137,0.10907643312101911,0.9133333333333333,0.07407407407407407,1.472531847133758
decile,2025-07,responded_strict,0.63,2025,1276,137,0.10736677115987461,0.9133333333333333,0.07407407407407407,1.4494514106583074
decile,2025-07,responded_strict,0.64,2025,1296,137,0.10570987654320987,0.9133333333333333,0.07407407407407407,1.4270833333333335
decile,2025-07,responded_strict,0.65,2025,1317,137,0.10402429764616553,0.9133333333333333,0.07407407407407407,1.4043280182232347
decile,2025-07,responded_strict,0.66,2025,1337,138,0.10321615557217652,0.92,0.07407407407407407,1.393418100224383
decile,2025-07,responded_strict,0.67,2025,1357,140,0.10316875460574797,0.9333333333333333,0.07407407407407407,1.3927781871775977
decile,2025-07,responded_strict,0.68,2025,1377,140,0.10167029774872913,0.9333333333333333,0.07407407407407407,1.3725490196078434
decile,2025-07,responded_strict,0.69,2025,1398,141,0.10085836909871244,0.94,0.07407407407407407,1.361587982832618
decile,2025-07,responded_strict,0.7,2025,1418,141,0.09943582510578279,0.94,0.07407407407407407,1.3423836389280677
decile,2025-07,responded_strict,0.71,2025,1438,141,0.09805285118219749,0.94,0.07407407407407407,1.3237134909596662
decile,2025-07,responded_strict,0.72,2025,1458,141,0.09670781893004116,0.94,0.07407407407407407,1.3055555555555556
decile,2025-07,responded_strict,0.73,2025,1479,141,0.09533468559837728,0.94,0.07407407407407407,1.2870182555780934
decile,2025-07,responded_strict,0.74,2025,1499,142,0.09472981987991995,0.9466666666666667,0.07407407407407407,1.2788525683789194
decile,2025-07,responded_strict,0.75,2025,1519,142,0.0934825543120474,0.9466666666666667,0.07407407407407407,1.2620144832126399
decile,2025-07,responded_strict,0.76,2025,1539,142,0.09226770630279402,0.9466666666666667,0.07407407407407407,1.2456140350877194
decile,2025-07,responded_strict,0.77,2025,1560,142,0.09102564102564102,0.9466666666666667,0.07407407407407407,1.228846153846154
decile,2025-07,responded_strict,0.78,2025,1580,143,0.09050632911392405,0.9533333333333334,0.07407407407407407,1.2218354430379748
decile,2025-07,responded_strict,0.79,2025,1600,143,0.089375,0.9533333333333334,0.07407407407407407,1.2065625
decile,2025-07,responded_strict,0.8,2025,1620,144,0.08888888888888889,0.96,0.07407407407407407,1.2000000000000002
decile,2025-07,responded_strict,0.81,2025,1641,145,0.08836075563680683,0.9666666666666667,0.07407407407407407,1.1928702010968923
decile,2025-07,responded_strict,0.82,2025,1661,146,0.08789885611077664,0.9733333333333334,0.07407407407407407,1.1866345574954846
decile,2025-07,responded_strict,0.83,2025,1681,146,0.08685306365258774,0.9733333333333334,0.07407407407407407,1.1725163593099346
decile,2025-07,responded_strict,0.84,2025,1701,146,0.08583186360964139,0.9733333333333334,0.07407407407407407,1.1587301587301588
decile,2025-07,responded_strict,0.85,2025,1722,146,0.08478513356562137,0.9733333333333334,0.07407407407407407,1.1445993031358885
decile,2025-07,responded_strict,0.86,2025,1742,146,0.08381171067738231,0.9733333333333334,0.07407407407407407,1.1314580941446613
decile,2025-07,responded_strict,0.87,2025,1762,147,0.08342792281498297,0.98,0.07407407407407407,1.1262769580022702
decile,2025-07,responded_strict,0.88,2025,1782,149,0.08361391694725027,0.9933333333333333,0.07407407407407407,1.1287878787878787
decile,2025-07,responded_strict,0.89,2025,1803,149,0.08264004437049362,0.9933333333333333,0.07407407407407407,1.1156405990016638
decile,2025-07,responded_strict,0.9,2025,1823,149,0.08173340647284695,0.9933333333333333,0.07407407407407407,1.1034009873834338
decile,2025-07,responded_strict,0.91,2025,1843,149,0.08084644601193706,0.9933333333333333,0.07407407407407407,1.0914270211611505
decile,2025-07,responded_strict,0.92,2025,1863,149,0.07997852925389157,0.9933333333333333,0.07407407407407407,1.0797101449275361
decile,2025-07,responded_strict,0.93,2025,1884,149,0.07908704883227176,0.9933333333333333,0.07407407407407407,1.0676751592356688
decile,2025-07,responded_strict,0.94,2025,1904,149,0.0782563025210084,0.9933333333333333,0.07407407407407407,1.0564600840336136
decile,2025-07,responded_strict,0.95,2025,1924,149,0.07744282744282745,0.9933333333333333,0.07407407407407407,1.0454781704781706
decile,2025-07,responded_strict,0.96,2025,1944,149,0.07664609053497942,0.9933333333333333,0.07407407407407407,1.0347222222222223
decile,2025-07,responded_strict,0.97,2025,1965,149,0.07582697201017811,0.9933333333333333,0.07407407407407407,1.0236641221374045
decile,2025-07,responded_strict,0.98,2025,1985,149,0.07506297229219143,0.9933333333333333,0.07407407407407407,1.0133501259445843
decile,2025-07,responded_strict,0.99,2025,2005,150,0.07481296758104738,1.0,0.07407407407407407,1.0099750623441397
decile,2025-07,responded_strict,1.0,2025,2025,150,0.07407407407407407,1.0,0.07407407407407407,1.0
decile,2025-08,responded_strict,0.01,2012,21,4,0.19047619047619047,0.0273972602739726,0.07256461232604373,2.6249184605348987
decile,2025-08,responded_strict,0.02,2012,41,6,0.14634146341463414,0.0410958904109589,0.07256461232604373,2.01670564650852
decile,2025-08,responded_strict,0.03,2012,61,10,0.16393442622950818,0.0684931506849315,0.07256461232604373,2.2591511340669213
decile,2025-08,responded_strict,0.04,2012,81,13,0.16049382716049382,0.08904109589041095,0.07256461232604373,2.211736851006257
decile,2025-08,responded_strict,0.05,2012,101,16,0.15841584158415842,0.1095890410958904,0.07256461232604373,2.1831005018310052
decile,2025-08,responded_strict,0.06,2012,121,16,0.1322314049586777,0.1095890410958904,0.07256461232604373,1.82225744367712
decile,2025-08,responded_strict,0.07,2012,141,18,0.1276595744680851,0.1232876712328767,0.07256461232604373,1.7592538618478577
decile,2025-08,responded_strict,0.08,2012,161,19,0.11801242236024845,0.13013698630136986,0.07256461232604373,1.6263081766357526
decile,2025-08,responded_strict,0.09,2012,182,22,0.12087912087912088,0.1506849315068493,0.07256461232604373,1.6658136384163782
decile,2025-08,responded_strict,0.1,2012,202,25,0.12376237623762376,0.17123287671232876,0.07256461232604373,1.7055472670554728
decile,2025-08,responded_strict,0.11,2012,222,27,0.12162162162162163,0.18493150684931506,0.07256461232604373,1.6760459089226214
decile,2025-08,responded_strict,0.12,2012,242,28,0.11570247933884298,0.1917808219178082,0.07256461232604373,1.5944752632174801
decile,2025-08,responded_strict,0.13,2012,262,30,0.11450381679389313,0.2054794520547945,0.07256461232604373,1.5779567081459793
decile,2025-08,responded_strict,0.14,2012,282,31,0.1099290780141844,0.21232876712328766,0.07256461232604373,1.514913047702322
decile,2025-08,responded_strict,0.15,2012,302,35,0.11589403973509933,0.23972602739726026,0.07256461232604373,1.5971151229247935
decile,2025-08,responded_strict,0.16,2012,322,39,0.12111801242236025,0.2671232876712329,0.07256461232604373,1.6691057602314305
decile,2025-08,responded_strict,0.17,2012,343,43,0.12536443148688048,0.2945205479452055,0.07256461232604373,1.7276249051479695
decile,2025-08,responded_strict,0.18,2012,363,45,0.12396694214876033,0.3082191780821918,0.07256461232604373,1.7083663534473
decile,2025-08,responded_strict,0.19,2012,383,53,0.13838120104438642,0.363013698630137,0.07256461232604373,1.907006688365106
decile,2025-08,responded_strict,0.2,2012,403,54,0.13399503722084366,0.3698630136986301,0.07256461232604373,1.8465617458105306
decile,2025-08,responded_strict,0.21,2012,423,55,0.13002364066193853,0.3767123287671233,0.07256461232604373,1.7918326370672626
decile,2025-08,responded_strict,0.22,2012,443,58,0.1309255079006772,0.3972602739726027,0.07256461232604373,1.8042611088778255
decile,2025-08,responded_strict,0.23,2012,463,62,0.13390928725701945,0.4246575342465753,0.07256461232604373,1.8453800408296106
decile,2025-08,responded_strict,0.24,2012,483,64,0.13250517598343686,0.4383561643835616,0.07256461232604373,1.826030233415582
decile,2025-08,responded_strict,0.25,2012,503,67,0.13320079522862824,0.4589041095890411,0.07256461232604373,1.8356164383561646
decile,2025-08,responded_strict,0.26,2012,524,70,0.13358778625954199,0.4794520547945205,0.07256461232604373,1.8409494928369758
decile,2025-08,responded_strict,0.27,2012,544,72,0.1323529411764706,0.4931506849315068,0.07256461232604373,1.823932312651088
decile,2025-08,responded_strict,0.28,2012,564,74,0.13120567375886524,0.5068493150684932,0.07256461232604373,1.808122024676965
decile,2025-08,responded_strict,0.29,2012,584,75,0.1284246575342466,0.5136986301369864,0.07256461232604373,1.7697973353349599
decile,2025-08,responded_strict,0.3,2012,604,77,0.12748344370860928,0.5273972602739726,0.07256461232604373,1.7568266352172732
decile,2025-08,responded_strict,0.31,2012,624,80,0.1282051282051282,0.547945205479452,0.07256461232604373,1.7667720407446434
decile,2025-08,responded_strict,0.32,2012,644,81,0.12577639751552794,0.5547945205479452,0.07256461232604373,1.7333021356249467
decile,2025-08,responded_strict,0.33,2012,664,83,0.125,0.5684931506849316,0.07256461232604373,1.7226027397260275
decile,2025-08,responded_strict,0.34,2012,685,85,0.12408759124087591,0.5821917808219178,0.07256461232604373,1.71002899710029
decile,2025-08,responded_strict,0.35,2012,705,86,0.12198581560283688,0.589041095890411,0.07256461232604373,1.6810648013212863
decile,2025-08,responded_strict,0.36,2012,725,87,0.12,0.5958904109589042,0.07256461232604373,1.6536986301369863
decile,2025-08,responded_strict,0.37,2012,745,89,0.11946308724832215,0.6095890410958904,0.07256461232604373,1.6462995311207136
decile,2025-08,responded_strict,0.38,2012,765,89,0.11633986928104575,0.6095890410958904,0.07256461232604373,1.6032590205031785
decile,2025-08,responded_strict,0.39,2012,785,93,0.11847133757961784,0.636986301369863,0.07256461232604373,1.632632405549254
decile,2025-08,responded_strict,0.4,2012,805,94,0.11677018633540373,0.6438356164383562,0.07256461232604373,1.6091891431974816
decile,2025-08,responded_strict,0.41,2012,825,96,0.11636363636363636,0.6575342465753424,0.07256461232604373,1.6035865504358655
decile,2025-08,responded_strict,0.42,2012,846,97,0.11465721040189125,0.6643835616438356,0.07256461232604373,1.5800705981411316
decile,2025-08,responded_strict,0.43,2012,866,100,0.11547344110854503,0.684931506849315,0.07256461232604373,1.591318928153374
decile,2025-08,responded_strict,0.44,2012,886,100,0.11286681715575621,0.684931506849315,0.07256461232604373,1.555397507653298
decile,2025-08,responded_strict,0.45,2012,906,101,0.11147902869757174,0.6917808219178082,0.07256461232604373,1.5362726420514683
decile,2025-08,responded_strict,0.46,2012,926,102,0.1101511879049676,0.6986301369863014,0.07256461232604373,1.517973904553389
decile,2025-08,responded_strict,0.47,2012,946,103,0.10887949260042283,0.7054794520547946,0.07256461232604373,1.5004488980277448
decile,2025-08,responded_strict,0.48,2012,966,104,0.10766045548654245,0.7123287671232876,0.07256461232604373,1.4836495646501604
decile,2025-08,responded_strict,0.49,2012,986,106,0.1075050709939148,0.726027397260274,0.07256461232604373,1.48150823862847
decile,2025-08,responded_strict,0.5,2012,1006,107,0.10636182902584493,0.7328767123287672,0.07256461232604373,1.4657534246575343
decile,2025-08,responded_strict,0.51,2012,1027,109,0.10613437195715676,0.7465753424657534,0.07256461232604373,1.462618879299996
decile,2025-08,responded_strict,0.52,2012,1047,109,0.1041069723018147,0.7465753424657534,0.07256461232604373,1.4346796456935014
decile,2025-08,responded_strict,0.53,2012,1067,112,0.1049671977507029,0.7671232876712328,0.07256461232604373,1.4465342594137962
decile,2025-08,responded_strict,0.54,2012,1087,116,0.10671573137074516,0.7945205479452054,0.07256461232604373,1.470630489848899
decile,2025-08,responded_strict,0.55,2012,1107,116,0.10478771454381211,0.7945205479452054,0.07256461232604373,1.4440608333023972
decile,2025-08,responded_strict,0.56,2012,1127,119,0.10559006211180125,0.815068493150685,0.07256461232604373,1.455117842253042
decile,2025-08,responded_strict,0.57,2012,1147,120,0.1046207497820401,0.821917808219178,0.07256461232604373,1.4417599216538677
decile,2025-08,responded_strict,0.58,2012,1167,122,0.10454155955441302,0.8356164383561644,0.07256461232604373,1.4406686152293082
decile,2025-08,responded_strict,0.59,2012,1188,123,0.10353535353535354,0.8424657534246576,0.07256461232604373,1.4268022692680227
decile,2025-08,responded_strict,0.6,2012,1208,125,0.10347682119205298,0.8561643835616438,0.07256461232604373,1.4259956454685658
decile,2025-08,responded_strict,0.61,2012,1228,126,0.10260586319218241,0.863013698630137,0.07256461232604373,1.4139931283744591
decile,2025-08,responded_strict,0.62,2012,1248,126,0.10096153846153846,0.863013698630137,0.07256461232604373,1.3913329820864069
decile,2025-08,responded_strict,0.63,2012,1268,126,0.09936908517350158,0.863013698630137,0.07256461232604373,1.3693876669115423
decile,2025-08,responded_strict,0.64,2012,1288,127,0.0986024844720497,0.8698630136986302,0.07256461232604373,1.358823279162767
decile,2025-08,responded_strict,0.65,2012,1308,128,0.09785932721712538,0.8767123287671232,0.07256461232604373,1.348581961375728
decile,2025-08,responded_strict,0.66,2012,1328,129,0.09713855421686747,0.8835616438356164,0.07256461232604373,1.3386491170160093
decile,2025-08,responded_strict,0.67,2012,1349,129,0.09562638991845812,0.8835616438356164,0.07256461232604373,1.3178102501091626
decile,2025-08,responded_strict,0.68,2012,1369,131,0.09569028487947406,0.8972602739726028,0.07256461232604373,1.3186907751883687
decile,2025-08,responded_strict,0.69,2012,1389,131,0.09431245500359971,0.8972602739726028,0.07256461232604373,1.2997031470359084
decile,2025-08,responded_strict,0.7,2012,1409,132,0.0936834634492548,0.9041095890410958,0.07256461232604373,1.2910351264376758
decile,2025-08,responded_strict,0.71,2012,1429,133,0.09307207837648705,0.910958904109589,0.07256461232604373,1.2826097376266572
decile,2025-08,responded_strict,0.72,2012,1449,134,0.0924775707384403,0.9178082191780822,0.07256461232604373,1.2744169337379583
decile,2025-08,responded_strict,0.73,2012,1469,134,0.09121851599727705,0.9178082191780822,0.07256461232604373,1.2570661245652153
decile,2025-08,responded_strict,0.74,2012,1489,135,0.09066487575554064,0.9246575342465754,0.07256461232604373,1.2494365069873135
decile,2025-08,responded_strict,0.75,2012,1509,136,0.09012591119946985,0.9315068493150684,0.07256461232604373,1.2420091324200913
decile,2025-08,responded_strict,0.76,2012,1530,136,0.08888888888888889,0.9315068493150684,0.07256461232604373,1.2249619482496197
decile,2025-08,responded_strict,0.77,2012,1550,136,0.08774193548387096,0.9315068493150684,0.07256461232604373,1.2091559876270437
decile,2025-08,responded_strict,0.78,2012,1570,136,0.08662420382165605,0.9315068493150684,0.07256461232604373,1.1937527266381642
decile,2025-08,responded_strict,0.79,2012,1590,136,0.08553459119496855,0.9315068493150684,0.07256461232604373,1.1787369690703886
decile,2025-08,responded_strict,0.8,2012,1610,136,0.084472049689441,0.9315068493150684,0.07256461232604373,1.1640942738024336
decile,2025-08,responded_strict,0.81,2012,1630,137,0.08404907975460123,0.9383561643835616,0.07256461232604373,1.1582654004538198
decile,2025-08,responded_strict,0.82,2012,1650,137,0.08303030303030302,0.9383561643835616,0.07256461232604373,1.1442258198422581
decile,2025-08,responded_strict,0.83,2012,1670,138,0.08263473053892216,0.9452054794520548,0.07256461232604373,1.1387745057829548
decile,2025-08,responded_strict,0.84,2012,1691,138,0.08160851567120048,0.9452054794520548,0.07256461232604373,1.1246324214414751
decile,2025-08,responded_strict,0.85,2012,1711,140,0.08182349503214495,0.958904109589041,0.07256461232604373,1.1275950137306552
decile,2025-08,responded_strict,0.86,2012,1731,141,0.08145580589254767,0.9657534246575342,0.07256461232604373,1.1225279551767529
decile,2025-08,responded_strict,0.87,2012,1751,141,0.08052541404911479,0.9657534246575342,0.07256461232604373,1.1097063908686229
decile,2025-08,responded_strict,0.88,2012,1771,142,0.08018068887634106,0.9726027397260274,0.07256461232604373,1.1049557946520425
decile,2025-08,responded_strict,0.89,2012,1791,142,0.07928531546621999,0.9726027397260274,0.07256461232604373,1.0926168131372234
decile,2025-08,responded_strict,0.9,2012,1811,142,0.07840971838763114,0.9726027397260274,0.07256461232604373,1.0805503657254374
decile,2025-08,responded_strict,0.91,2012,1831,143,0.0780993992353905,0.9794520547945206,0.07256461232604373,1.076273912750724
decile,2025-08,responded_strict,0.92,2012,1852,143,0.07721382289416846,0.9794520547945206,0.07256461232604373,1.064069942897719
decile,2025-08,responded_strict,0.93,2012,1872,143,0.0763888888888889,0.9794520547945206,0.07256461232604373,1.0527016742770168
decile,2025-08,responded_strict,0.94,2012,1892,143,0.0755813953488372,0.9794520547945206,0.07256461232604373,1.041573749601784
decile,2025-08,responded_strict,0.95,2012,1912,143,0.07479079497907949,0.9794520547945206,0.07256461232604373,1.0306786266979997
decile,2025-08,responded_strict,0.96,2012,1932,143,0.07401656314699794,0.9794520547945206,0.07256461232604373,1.0200090756969853
decile,2025-08,responded_strict,0.97,2012,1952,143,0.07325819672131148,0.9794520547945206,0.07256461232604373,1.0095581630361554
decile,2025-08,responded_strict,0.98,2012,1972,144,0.07302231237322515,0.9863013698630136,0.07256461232604373,1.0063074828419796
decile,2025-08,responded_strict,0.99,2012,1992,145,0.07279116465863454,0.9931506849315068,0.07256461232604373,1.003122077350498
decile,2025-08,responded_strict,1.0,2012,2012,146,0.07256461232604373,1.0,0.07256461232604373,1.0
decile,2025-09,responded_strict,0.01,2038,21,5,0.23809523809523808,0.03225806451612903,0.0760549558390579,3.1305683563748077
decile,2025-09,responded_strict,0.02,2038,41,8,0.1951219512195122,0.05161290322580645,0.0760549558390579,2.5655389457120377
decile,2025-09,responded_strict,0.03,2038,62,11,0.1774193548387097,0.07096774193548387,0.0760549558390579,2.3327783558792925
decile,2025-09,responded_strict,0.04,2038,82,12,0.14634146341463414,0.07741935483870968,0.0760549558390579,1.9241542092840282
decile,2025-09,responded_strict,0.05,2038,102,17,0.16666666666666666,0.10967741935483871,0.0760549558390579,2.1913978494623656
decile,2025-09,responded_strict,0.06,2038,123,19,0.15447154471544716,0.12258064516129032,0.0760549558390579,2.0310516653553634
decile,2025-09,responded_strict,0.07,2038,143,26,0.18181818181818182,0.16774193548387098,0.0760549558390579,2.390615835777126
decile,2025-09,responded_strict,0.08,2038,164,31,0.18902439024390244,0.2,0.0760549558390579,2.4853658536585366
decile,2025-09,responded_strict,0.09,2038,184,34,0.18478260869565216,0.21935483870967742,0.0760549558390579,2.4295932678821877
decile,2025-09,responded_strict,0.1,2038,204,37,0.18137254901960784,0.23870967741935484,0.0760549558390579,2.3847564832384567
decile,2025-09,responded_strict,0.11,2038,225,42,0.18666666666666668,0.2709677419354839,0.0760549558390579,2.4543655913978495
decile,2025-09,responded_strict,0.12,2038,245,44,0.17959183673469387,0.2838709677419355,0.0760549558390579,2.3613429888084263
decile,2025-09,responded_strict,0.13,2038,265,46,0.17358490566037735,0.2967741935483871,0.0760549558390579,2.282361533779671
decile,2025-09,responded_strict,0.14,2038,286,51,0.17832167832167833,0.32903225806451614,0.0760549558390579,2.3446424543198736
decile,2025-09,responded_strict,0.15,2038,306,53,0.17320261437908496,0.3419354838709677,0.0760549558390579,2.277335020029517
decile,2025-09,responded_strict,0.16,2038,327,55,0.16819571865443425,0.3548387096774194,0.0760549558390579,2.2115024168886257
decile,2025-09,responded_strict,0.17,2038,347,61,0.17579250720461095,0.3935483870967742,0.0760549558390579,2.311387933438691
decile,2025-09,responded_strict,0.18,2038,367,62,0.16893732970027248,0.4,0.0760549558390579,2.2212534059945503
decile,2025-09,responded_strict,0.19,2038,388,63,0.16237113402061856,0.4064516129032258,0.0760549558390579,2.1349185234452945
decile,2025-09,responded_strict,0.2,2038,408,68,0.16666666666666666,0.43870967741935485,0.0760549558390579,2.1913978494623656
decile,2025-09,responded_strict,0.21,2038,428,69,0.16121495327102803,0.44516129032258067,0.0760549558390579,2.1197166113958397
decile,2025-09,responded_strict,0.22,2038,449,72,0.1603563474387528,0.4645161290322581,0.0760549558390579,2.108427329549537
decile,2025-09,responded_strict,0.23,2038,469,75,0.15991471215351813,0.4838709677419355,0.0760549558390579,2.102620537863677
decile,2025-09,responded_strict,0.24,2038,490,77,0.15714285714285714,0.4967741935483871,0.0760549558390579,2.0661751152073733
decile,2025-09,responded_strict,0.25,2038,510,80,0.1568627450980392,0.5161290322580645,0.0760549558390579,2.062492093611638
decile,2025-09,responded_strict,0.26,2038,530,81,0.15283018867924528,0.5225806451612903,0.0760549558390579,2.009470480827754
decile,2025-09,responded_strict,0.27,2038,551,83,0.15063520871143377,0.535483870967742,0.0760549558390579,1.9806100345413034
decile,2025-09,responded_strict,0.28,2038,571,86,0.15061295971978983,0.5548387096774193,0.0760549558390579,1.9803174961866559
decile,2025-09,responded_strict,0.29,2038,592,87,0.14695945945945946,0.5612903225806452,0.0760549558390579,1.932279860505667
decile,2025-09,responded_strict,0.3,2038,612,89,0.1454248366013072,0.5741935483870968,0.0760549558390579,1.912102045119123
decile,2025-09,responded_strict,0.31,2038,632,91,0.1439873417721519,0.5870967741935483,0.0760549558390579,1.8932013066557778
decile,2025-09,responded_strict,0.32,2038,653,94,0.1439509954058193,0.6064516129032258,0.0760549558390579,1.8927234105616757
decile,2025-09,responded_strict,0.33,2038,673,96,0.1426448736998514,0.6193548387096774,0.0760549558390579,1.8755500167761108
decile,2025-09,responded_strict,0.34,2038,693,97,0.13997113997113997,0.6258064516129033,0.0760549558390579,1.8403947307173114
decile,2025-09,responded_strict,0.35,2038,714,99,0.13865546218487396,0.6387096774193548,0.0760549558390579,1.8230956898888588
decile,2025-09,responded_strict,0.36,2038,734,102,0.13896457765667575,0.6580645161290323,0.0760549558390579,1.8271600597697109
decile,2025-09,responded_strict,0.37,2038,755,106,0.1403973509933775,0.6838709677419355,0.0760549558390579,1.845998718222602
decile,2025-09,responded_strict,0.38,2038,775,107,0.13806451612903226,0.6903225806451613,0.0760549558390579,1.8153257023933402
decile,2025-09,responded_strict,0.39,2038,795,108,0.13584905660377358,0.6967741935483871,0.0760549558390579,1.7861959829580036
decile,2025-09,responded_strict,0.4,2038,816,111,0.13602941176470587,0.7161290322580646,0.0760549558390579,1.7885673624288423
decile,2025-09,responded_strict,0.41,2038,836,114,0.13636363636363635,0.7354838709677419,0.0760549558390579,1.7929618768328444
decile,2025-09,responded_strict,0.42,2038,856,116,0.13551401869158877,0.7483870967741936,0.0760549558390579,1.7817907747965027
decile,2025-09,responded_strict,0.43,2038,877,117,0.13340935005701254,0.7548387096774194,0.0760549558390579,1.7541177768786553
decile,2025-09,responded_strict,0.44,2038,897,118,0.13154960981047936,0.7612903225806451,0.0760549558390579,1.7296651922177868
decile,2025-09,responded_strict,0.45,2038,918,120,0.13071895424836602,0.7741935483870968,0.0760549558390579,1.718743411343032
decile,2025-09,responded_strict,0.46,2038,938,120,0.1279317697228145,0.7741935483870968,0.0760549558390579,1.6820964302909416
decile,2025-09,responded_strict,0.47,2038,958,120,0.12526096033402923,0.7741935483870968,0.0760549558390579,1.646979594585494
decile,2025-09,responded_strict,0.48,2038,979,122,0.12461695607763024,0.7870967741935484,0.0760549558390579,1.6385119773303898
decile,2025-09,responded_strict,0.49,2038,999,122,0.12212212212212212,0.7870967741935484,0.0760549558390579,1.6057089347411928
decile,2025-09,responded_strict,0.5,2038,1019,123,0.12070657507360157,0.7935483870967742,0.0760549558390579,1.5870967741935482
decile,2025-09,responded_strict,0.51,2038,1040,126,0.12115384615384615,0.8129032258064516,0.0760549558390579,1.5929776674937965
decile,2025-09,responded_strict,0.52,2038,1060,128,0.12075471698113208,0.8258064516129032,0.0760549558390579,1.5877297626293365
decile,2025-09,responded_strict,0.53,2038,1081,128,0.11840888066604996,0.8258064516129032,0.0760549558390579,1.5568857986929665
decile,2025-09,responded_strict,0.54,2038,1101,128,0.11625794732061762,0.8258064516129032,0.0760549558390579,1.5286044944478625
decile,2025-09,responded_strict,0.55,2038,1121,129,0.11507582515611062,0.832258064516129,0.0760549558390579,1.513061494633248
decile,2025-09,responded_strict,0.56,2038,1142,129,0.11295971978984239,0.832258064516129,0.0760549558390579,1.4852381221399922
decile,2025-09,responded_strict,0.57,2038,1162,130,0.11187607573149742,0.8387096774193549,0.0760549558390579,1.4709899505857533
decile,2025-09,responded_strict,0.58,2038,1183,132,0.11158072696534235,0.8516129032258064,0.0760549558390579,1.4671065906797918
decile,2025-09,responded_strict,0.59,2038,1203,132,0.10972568578553615,0.8516129032258064,0.0760549558390579,1.442715791167243
decile,2025-09,responded_strict,0.6,2038,1223,132,0.10793131643499591,0.8516129032258064,0.0760549558390579,1.4191227283517527
decile,2025-09,responded_strict,0.61,2038,1244,134,0.10771704180064309,0.864516129032258,0.0760549558390579,1.416305362514262
decile,2025-09,responded_strict,0.62,2038,1264,134,0.1060126582278481,0.864516129032258,0.0760549558390579,1.3938954675377704
decile,2025-09,responded_strict,0.63,2038,1284,135,0.10514018691588785,0.8709677419354839,0.0760549558390579,1.3824238769972867
decile,2025-09,responded_strict,0.64,2038,1305,138,0.10574712643678161,0.8903225806451613,0.0760549558390579,1.3904041527623285
decile,2025-09,responded_strict,0.65,2038,1325,139,0.10490566037735849,0.896774193548387,0.0760549558390579,1.3793402312842362
decile,2025-09,responded_strict,0.66,2038,1346,139,0.10326894502228826,0.896774193548387,0.0760549558390579,1.3578200642285385
decile,2025-09,responded_strict,0.67,2038,1366,139,0.10175695461200586,0.896774193548387,0.0760549558390579,1.337939829027535
decile,2025-09,responded_strict,0.68,2038,1386,140,0.10101010101010101,0.9032258064516129,0.0760549558390579,1.3281199087650701
decile,2025-09,responded_strict,0.69,2038,1407,141,0.10021321961620469,0.9096774193548387,0.0760549558390579,1.3176422037279043
decile,2025-09,responded_strict,0.7,2038,1427,141,0.09880868955851436,0.9096774193548387,0.0760549558390579,1.2991748988403373
decile,2025-09,responded_strict,0.71,2038,1447,141,0.09744298548721493,0.9096774193548387,0.0760549558390579,1.2812180930512518
decile,2025-09,responded_strict,0.72,2038,1468,143,0.09741144414168937,0.9225806451612903,0.0760549558390579,1.2808033752307286
decile,2025-09,responded_strict,0.73,2038,1488,143,0.0961021505376344,0.9225806451612903,0.0760549558390579,1.2635882761012833
decile,2025-09,responded_strict,0.74,2038,1509,146,0.09675281643472498,0.9419354838709677,0.0760549558390579,1.2721434831869
decile,2025-09,responded_strict,0.75,2038,1529,146,0.09548724656638326,0.9419354838709677,0.0760549558390579,1.2555032806599296
decile,2025-09,responded_strict,0.76,2038,1549,146,0.09425435765009683,0.9419354838709677,0.0760549558390579,1.2392927799412732
decile,2025-09,responded_strict,0.77,2038,1570,149,0.09490445859872612,0.9612903225806452,0.0760549558390579,1.2478405588658312
decile,2025-09,responded_strict,0.78,2038,1590,150,0.09433962264150944,0.967741935483871,0.0760549558390579,1.2404138770541693
decile,2025-09,responded_strict,0.79,2038,1611,150,0.0931098696461825,0.967741935483871,0.0760549558390579,1.224244608638193
decile,2025-09,responded_strict,0.8,2038,1631,152,0.0931943592887799,0.9806451612903225,0.0760549558390579,1.2253555111647318
decile,2025-09,responded_strict,0.81,2038,1651,152,0.09206541490006057,0.9806451612903225,0.0760549558390579,1.210511713331119
decile,2025-09,responded_strict,0.82,2038,1672,152,0.09090909090909091,0.9806451612903225,0.0760549558390579,1.195307917888563
decile,2025-09,responded_strict,0.83,2038,1692,152,0.08983451536643026,0.9806451612903225,0.0760549558390579,1.1811789826889347
decile,2025-09,responded_strict,0.84,2038,1712,152,0.08878504672897196,0.9806451612903225,0.0760549558390579,1.1673801627977087
decile,2025-09,responded_strict,0.85,2038,1733,152,0.08770917484131564,0.9806451612903225,0.0760549558390579,1.1532341827522663
decile,2025-09,responded_strict,0.86,2038,1753,152,0.08670849971477468,0.9806451612903225,0.0760549558390579,1.1400769188303923
decile,2025-09,responded_strict,0.87,2038,1774,153,0.08624577226606539,0.9870967741935484,0.0760549558390579,1.1339927992144598
decile,2025-09,responded_strict,0.88,2038,1794,153,0.08528428093645485,0.9870967741935484,0.0760549558390579,1.1213507390225483
decile,2025-09,responded_strict,0.89,2038,1814,153,0.08434399117971333,0.9870967741935484,0.0760549558390579,1.1089874453177793
decile,2025-09,responded_strict,0.9,2038,1835,153,0.08337874659400545,0.9870967741935484,0.0760549558390579,1.0962960358618263
decile,2025-09,responded_strict,0.91,2038,1855,154,0.0830188679245283,0.9935483870967742,0.0760549558390579,1.091564211807669
decile,2025-09,responded_strict,0.92,2038,1875,154,0.08213333333333334,0.9935483870967742,0.0760549558390579,1.0799208602150538
decile,2025-09,responded_strict,0.93,2038,1896,154,0.08122362869198312,0.9935483870967742,0.0760549558390579,1.0679597114468489
decile,2025-09,responded_strict,0.94,2038,1916,154,0.08037578288100208,0.9935483870967742,0.0760549558390579,1.056811906525692
decile,2025-09,responded_strict,0.95,2038,1937,155,0.08002065049044915,1.0,0.0760549558390579,1.052142488384099
decile,2025-09,responded_strict,0.96,2038,1957,155,0.07920286152273888,1.0,0.0760549558390579,1.041389882473173
decile,2025-09,responded_strict,0.97,2038,1977,155,0.07840161861406171,1.0,0.0760549558390579,1.0308548305513405
decile,2025-09,responded_strict,0.98,2038,1998,155,0.07757757757757758,1.0,0.0760549558390579,1.02002002002002
decile,2025-09,responded_strict,0.99,2038,2018,155,0.07680872150644202,1.0,0.0760549558390579,1.0099108027750248
decile,2025-09,responded_strict,1.0,2038,2038,155,0.0760549558390579,1.0,0.0760549558390579,1.0
decile,2025-10,responded_strict,0.01,2021,21,5,0.23809523809523808,0.031446540880503145,0.07867392380009897,3.0263551961665165
decile,2025-10,responded_strict,0.02,2021,41,10,0.24390243902439024,0.06289308176100629,0.07867392380009897,3.1001687375364315
decile,2025-10,responded_strict,0.03,2021,61,16,0.26229508196721313,0.10062893081761007,0.07867392380009897,3.333951953809671
decile,2025-10,responded_strict,0.04,2021,81,20,0.24691358024691357,0.12578616352201258,0.07867392380009897,3.138442425654165
decile,2025-10,responded_strict,0.05,2021,102,25,0.24509803921568626,0.15723270440251572,0.07867392380009897,3.1153656431125905
decile,2025-10,responded_strict,0.06,2021,122,28,0.22950819672131148,0.1761006289308176,0.07867392380009897,2.917207959583462
decile,2025-10,responded_strict,0.07,2021,142,29,0.20422535211267606,0.18238993710691823,0.07867392380009897,2.5958455133315614
decile,2025-10,responded_strict,0.08,2021,162,32,0.19753086419753085,0.20125786163522014,0.07867392380009897,2.5107539405233323
decile,2025-10,responded_strict,0.09,2021,182,36,0.1978021978021978,0.22641509433962265,0.07867392380009897,2.5142027783537215
decile,2025-10,responded_strict,0.1,2021,203,42,0.20689655172413793,0.2641509433962264,0.07867392380009897,2.629798308392973
decile,2025-10,responded_strict,0.11,2021,223,47,0.21076233183856502,0.29559748427672955,0.07867392380009897,2.6789350480864145
decile,2025-10,responded_strict,0.12,2021,243,53,0.21810699588477367,0.3333333333333333,0.07867392380009897,2.7722908093278464
decile,2025-10,responded_strict,0.13,2021,263,55,0.20912547528517111,0.34591194968553457,0.07867392380009897,2.6581294688762944
decile,2025-10,responded_strict,0.14,2021,283,57,0.20141342756183744,0.3584905660377358,0.07867392380009897,2.5601040069337953
decile,2025-10,responded_strict,0.15,2021,304,58,0.19078947368421054,0.36477987421383645,0.07867392380009897,2.4250662032439587
decile,2025-10,responded_strict,0.16,2021,324,58,0.17901234567901234,0.36477987421383645,0.07867392380009897,2.2753707585992697
decile,2025-10,responded_strict,0.17,2021,344,61,0.17732558139534885,0.3836477987421384,0.07867392380009897,2.2539308176100628
decile,2025-10,responded_strict,0.18,2021,364,61,0.16758241758241757,0.3836477987421384,0.07867392380009897,2.130088464994125
decile,2025-10,responded_strict,0.19,2021,384,63,0.1640625,0.39622641509433965,0.07867392380009897,2.0853478773584904
decile,2025-10,responded_strict,0.2,2021,405,63,0.15555555555555556,0.39622641509433965,0.07867392380009897,1.9772187281621243
decile,2025-10,responded_strict,0.21,2021,425,67,0.15764705882352942,0.42138364779874216,0.07867392380009897,2.0038031816500186
decile,2025-10,responded_strict,0.22,2021,445,69,0.1550561797752809,0.4339622641509434,0.07867392380009897,1.970871316514734
decile,2025-10,responded_strict,0.23,2021,465,72,0.15483870967741936,0.4528301886792453,0.07867392380009897,1.9681071211199026
decile,2025-10,responded_strict,0.24,2021,486,73,0.15020576131687244,0.4591194968553459,0.07867392380009897,1.9092191422729508
decile,2025-10,responded_strict,0.25,2021,506,81,0.1600790513833992,0.5094339622641509,0.07867392380009897,2.0347154895965396
decile,2025-10,responded_strict,0.26,2021,526,84,0.1596958174904943,0.5283018867924528,0.07867392380009897,2.029844321687352
decile,2025-10,responded_strict,0.27,2021,546,86,0.1575091575091575,0.5408805031446541,0.07867392380009897,2.0020503605409266
decile,2025-10,responded_strict,0.28,2021,566,88,0.15547703180212014,0.5534591194968553,0.07867392380009897,1.9762206369313509
decile,2025-10,responded_strict,0.29,2021,587,89,0.151618398637138,0.559748427672956,0.07867392380009897,1.9271747399097854
decile,2025-10,responded_strict,0.3,2021,607,91,0.14991762767710048,0.5723270440251572,0.07867392380009897,1.905556764373711
decile,2025-10,responded_strict,0.31,2021,627,92,0.1467304625199362,0.5786163522012578,0.07867392380009897,1.8650456902691261
decile,2025-10,responded_strict,0.32,2021,647,93,0.1437403400309119,0.5849056603773585,0.07867392380009897,1.8270391647954274
decile,2025-10,responded_strict,0.33,2021,667,95,0.1424287856071964,0.5974842767295597,0.07867392380009897,1.8103684007053076
decile,2025-10,responded_strict,0.34,2021,688,100,0.14534883720930233,0.6289308176100629,0.07867392380009897,1.8474842767295598
decile,2025-10,responded_strict,0.35,2021,708,102,0.1440677966101695,0.6415094339622641,0.07867392380009897,1.8312013644600789
decile,2025-10,responded_strict,0.36,2021,728,104,0.14285714285714285,0.6540880503144654,0.07867392380009897,1.81581311769991
decile,2025-10,responded_strict,0.37,2021,748,106,0.14171122994652408,0.6666666666666666,0.07867392380009897,1.8012477718360071
decile,2025-10,responded_strict,0.38,2021,768,108,0.140625,0.6792452830188679,0.07867392380009897,1.787441037735849
decile,2025-10,responded_strict,0.39,2021,789,109,0.13814955640050697,0.6855345911949685,0.07867392380009897,1.7559764370152489
decile,2025-10,responded_strict,0.4,2021,809,110,0.13597033374536466,0.6918238993710691,0.07867392380009897,1.7282770094300752
decile,2025-10,responded_strict,0.41,2021,829,111,0.1338962605548854,0.6981132075471698,0.07867392380009897,1.7019141042856816
decile,2025-10,responded_strict,0.42,2021,849,114,0.13427561837455831,0.7169811320754716,0.07867392380009897,1.7067360046225304
decile,2025-10,responded_strict,0.43,2021,870,116,0.13333333333333333,0.7295597484276729,0.07867392380009897,1.6947589098532494
decile,2025-10,responded_strict,0.44,2021,890,116,0.1303370786516854,0.7295597484276729,0.07867392380009897,1.6566744399689066
decile,2025-10,responded_strict,0.45,2021,910,117,0.12857142857142856,0.7358490566037735,0.07867392380009897,1.6342318059299188
decile,2025-10,responded_strict,0.46,2021,930,122,0.13118279569892474,0.7672955974842768,0.07867392380009897,1.667424088726584
decile,2025-10,responded_strict,0.47,2021,950,123,0.12947368421052632,0.7735849056603774,0.07867392380009897,1.645700099304866
decile,2025-10,responded_strict,0.48,2021,971,125,0.12873326467559218,0.7861635220125787,0.07867392380009897,1.6362888547759231
decile,2025-10,responded_strict,0.49,2021,991,128,0.12916246215943492,0.8050314465408805,0.07867392380009897,1.6417442517246412
decile,2025-10,responded_strict,0.5,2021,1011,131,0.12957467853610286,0.8238993710691824,0.07867392380009897,1.6469838070532319
decile,2025-10,responded_strict,0.51,2021,1031,133,0.12900096993210475,0.8364779874213837,0.07867392380009897,1.6396915737910922
decile,2025-10,responded_strict,0.52,2021,1051,134,0.12749762131303521,0.8427672955974843,0.07867392380009897,1.6205829727902148
decile,2025-10,responded_strict,0.53,2021,1072,134,0.125,0.8427672955974843,0.07867392380009897,1.5888364779874213
decile,2025-10,responded_strict,0.54,2021,1092,135,0.12362637362637363,0.8490566037735849,0.07867392380009897,1.571376736471076
decile,2025-10,responded_strict,0.55,2021,1112,136,0.1223021582733813,0.8553459119496856,0.07867392380009897,1.5545450432107144
decile,2025-10,responded_strict,0.56,2021,1132,136,0.12014134275618374,0.8553459119496856,0.07867392380009897,1.5270795830833164
decile,2025-10,responded_strict,0.57,2021,1152,140,0.12152777777777778,0.8805031446540881,0.07867392380009897,1.5447021313766596
decile,2025-10,responded_strict,0.58,2021,1173,141,0.12020460358056266,0.8867924528301887,0.07867392380009897,1.5278836719265227
decile,2025-10,responded_strict,0.59,2021,1193,143,0.11986588432523052,0.89937106918239,0.07867392380009897,1.5235783158571752
decile,2025-10,responded_strict,0.6,2021,1213,145,0.11953833470733718,0.9119496855345912,0.07867392380009897,1.519414933607097
decile,2025-10,responded_strict,0.61,2021,1233,145,0.11759935117599352,0.9119496855345912,0.07867392380009897,1.4947691114885715
decile,2025-10,responded_strict,0.62,2021,1254,147,0.11722488038277512,0.9245283018867925,0.07867392380009897,1.4900093286389213
decile,2025-10,responded_strict,0.63,2021,1274,147,0.11538461538461539,0.9245283018867925,0.07867392380009897,1.4666182873730043
decile,2025-10,responded_strict,0.64,2021,1294,148,0.1143740340030912,0.9308176100628931,0.07867392380009897,1.4537730988694797
decile,2025-10,responded_strict,0.65,2021,1314,149,0.11339421613394216,0.9371069182389937,0.07867392380009897,1.4413189358911767
decile,2025-10,responded_strict,0.66,2021,1334,149,0.11169415292353824,0.9371069182389937,0.07867392380009897,1.4197099563425835
decile,2025-10,responded_strict,0.67,2021,1355,149,0.1099630996309963,0.9371069182389937,0.07867392380009897,1.3977070714103366
decile,2025-10,responded_strict,0.68,2021,1375,149,0.10836363636363637,0.9371069182389937,0.07867392380009897,1.3773767867352773
decile,2025-10,responded_strict,0.69,2021,1395,150,0.10752688172043011,0.9433962264150944,0.07867392380009897,1.3667410563332656
decile,2025-10,responded_strict,0.7,2021,1415,150,0.10600706713780919,0.9433962264150944,0.07867392380009897,1.3474231615441028
decile,2025-10,responded_strict,0.71,2021,1435,150,0.10452961672473868,0.9433962264150944,0.07867392380009897,1.3286437446584707
decile,2025-10,responded_strict,0.72,2021,1456,150,0.10302197802197802,0.9433962264150944,0.07867392380009897,1.3094806137258965
decile,2025-10,responded_strict,0.73,2021,1476,150,0.1016260162601626,0.9433962264150944,0.07867392380009897,1.2917369739735132
decile,2025-10,responded_strict,0.74,2021,1496,150,0.10026737967914438,0.9433962264150944,0.07867392380009897,1.2744677630915144
decile,2025-10,responded_strict,0.75,2021,1516,152,0.10026385224274406,0.9559748427672956,0.07867392380009897,1.2744229269345015
decile,2025-10,responded_strict,0.76,2021,1536,153,0.099609375,0.9622641509433962,0.07867392380009897,1.2661040683962264
decile,2025-10,responded_strict,0.77,2021,1557,153,0.09826589595375723,0.9622641509433962,0.07867392380009897,1.2490275202675682
decile,2025-10,responded_strict,0.78,2021,1577,153,0.09701965757767914,0.9622641509433962,0.07867392380009897,1.2331869683301229
decile,2025-10,responded_strict,0.79,2021,1597,154,0.09643080776455855,0.9685534591194969,0.07867392380009897,1.2257022798249864
decile,2025-10,responded_strict,0.8,2021,1617,154,0.09523809523809523,0.9685534591194969,0.07867392380009897,1.2105420784666066
decile,2025-10,responded_strict,0.81,2021,1638,154,0.09401709401709402,0.9685534591194969,0.07867392380009897,1.1950223082298552
decile,2025-10,responded_strict,0.82,2021,1658,157,0.09469240048250904,0.9874213836477987,0.07867392380009897,1.2036059205984324
decile,2025-10,responded_strict,0.83,2021,1678,157,0.0935637663885578,0.9874213836477987,0.07867392380009897,1.1892602004482724
decile,2025-10,responded_strict,0.84,2021,1698,157,0.09246171967020024,0.9874213836477987,0.07867392380009897,1.1752524242356899
decile,2025-10,responded_strict,0.85,2021,1718,157,0.09138533178114086,0.9874213836477987,0.07867392380009897,1.1615707894948784
decile,2025-10,responded_strict,0.86,2021,1739,157,0.09028177113283496,0.9874213836477987,0.07867392380009897,1.1475437701852795
decile,2025-10,responded_strict,0.87,2021,1759,157,0.08925525866969869,0.9874213836477987,0.07867392380009897,1.1344960866129625
decile,2025-10,responded_strict,0.88,2021,1779,157,0.08825182686902755,0.9874213836477987,0.07867392380009897,1.1217417742283313
decile,2025-10,responded_strict,0.89,2021,1799,157,0.08727070594774874,0.9874213836477987,0.07867392380009897,1.109271048555976
decile,2025-10,responded_strict,0.9,2021,1819,158,0.0868609125893348,0.9937106918238994,0.07867392380009897,1.1040622914656957
decile,2025-10,responded_strict,0.91,2021,1840,158,0.08586956521739131,0.9937106918238994,0.07867392380009897,1.0914615805304895
decile,2025-10,responded_strict,0.92,2021,1860,158,0.08494623655913978,0.9937106918238994,0.07867392380009897,1.0797254345032798
decile,2025-10,responded_strict,0.93,2021,1880,158,0.08404255319148936,0.9937106918238994,0.07867392380009897,1.0682389937106918
decile,2025-10,responded_strict,0.94,2021,1900,158,0.08315789473684211,0.9937106918238994,0.07867392380009897,1.0569943727242634
decile,2025-10,responded_strict,0.95,2021,1920,158,0.08229166666666667,0.9937106918238994,0.07867392380009897,1.0459840146750523
decile,2025-10,responded_strict,0.96,2021,1941,158,0.08140133951571354,0.9937106918238994,0.07867392380009897,1.034667340636837
decile,2025-10,responded_strict,0.97,2021,1961,158,0.08057113717491075,0.9937106918238994,0.07867392380009897,1.0241148945314127
decile,2025-10,responded_strict,0.98,2021,1981,159,0.08026249369005553,1.0,0.07867392380009897,1.0201918223119637
decile,2025-10,responded_strict,0.99,2021,2001,159,0.07946026986506746,1.0,0.07867392380009897,1.0099950024987505
decile,2025-10,responded_strict,1.0,2021,2021,159,0.07867392380009897,1.0,0.07867392380009897,1.0
decile,2025-11,responded_strict,0.01,2017,21,1,0.047619047619047616,0.006329113924050633,0.07833415964303421,0.6078963230861965
decile,2025-11,responded_strict,0.02,2017,41,3,0.07317073170731707,0.0189873417721519,0.07833415964303421,0.934084594010497
decile,2025-11,responded_strict,0.03,2017,61,5,0.08196721311475409,0.03164556962025317,0.07833415964303421,1.046378916787715
decile,2025-11,responded_strict,0.04,2017,81,9,0.1111111111111111,0.056962025316455694,0.07833415964303421,1.4184247538677917
decile,2025-11,responded_strict,0.05,2017,101,10,0.09900990099009901,0.06329113924050633,0.07833415964303421,1.2639428499812007
decile,2025-11,responded_strict,0.06,2017,122,12,0.09836065573770492,0.0759493670886076,0.07833415964303421,1.2556547001452583
decile,2025-11,responded_strict,0.07,2017,142,14,0.09859154929577464,0.08860759493670886,0.07833415964303421,1.2586022463897306
decile,2025-11,responded_strict,0.08,2017,162,21,0.12962962962962962,0.13291139240506328,0.07833415964303421,1.6548288795124237
decile,2025-11,responded_strict,0.09,2017,182,28,0.15384615384615385,0.17721518987341772,0.07833415964303421,1.9639727361246349
decile,2025-11,responded_strict,0.1,2017,202,30,0.1485148514851485,0.189873417721519,0.07833415964303421,1.895914274971801
decile,2025-11,responded_strict,0.11,2017,222,35,0.15765765765765766,0.22151898734177214,0.07833415964303421,2.012629718325921
decile,2025-11,responded_strict,0.12,2017,243,38,0.15637860082304528,0.24050632911392406,0.07833415964303421,1.996301505443559
decile,2025-11,responded_strict,0.13,2017,263,40,0.1520912547528517,0.25316455696202533,0.07833415964303421,1.9415700052943157
decile,2025-11,responded_strict,0.14,2017,283,43,0.1519434628975265,0.2721518987341772,0.07833415964303421,1.9396833206601958
decile,2025-11,responded_strict,0.15,2017,303,49,0.1617161716171617,0.310126582278481,0.07833415964303421,2.0644399883026274
decile,2025-11,responded_strict,0.16,2017,323,52,0.1609907120743034,0.3291139240506329,0.07833415964303421,2.055178900340949
decile,2025-11,responded_strict,0.17,2017,343,54,0.15743440233236153,0.34177215189873417,0.07833415964303421,2.0097796804074255
decile,2025-11,responded_strict,0.18,2017,364,55,0.1510989010989011,0.34810126582278483,0.07833415964303421,1.9289017944081235
decile,2025-11,responded_strict,0.19,2017,384,57,0.1484375,0.36075949367088606,0.07833415964303421,1.8949268196202531
decile,2025-11,responded_strict,0.2,2017,404,59,0.14603960396039603,0.37341772151898733,0.07833415964303421,1.8643157037222708
decile,2025-11,responded_strict,0.21,2017,424,64,0.1509433962264151,0.4050632911392405,0.07833415964303421,1.9269166467637926
decile,2025-11,responded_strict,0.22,2017,444,69,0.1554054054054054,0.43670886075949367,0.07833415964303421,1.983877865206979
decile,2025-11,responded_strict,0.23,2017,464,70,0.15086206896551724,0.4430379746835443,0.07833415964303421,1.9258784373635967
decile,2025-11,responded_strict,0.24,2017,485,72,0.14845360824742268,0.45569620253164556,0.07833415964303421,1.895132454652225
decile,2025-11,responded_strict,0.25,2017,505,74,0.14653465346534653,0.46835443037974683,0.07833415964303421,1.870635417972177
decile,2025-11,responded_strict,0.26,2017,525,79,0.15047619047619049,0.5,0.07833415964303421,1.920952380952381
decile,2025-11,responded_strict,0.27,2017,545,81,0.14862385321100918,0.5126582278481012,0.07833415964303421,1.8973057716873767
decile,2025-11,responded_strict,0.28,2017,565,83,0.14690265486725665,0.5253164556962026,0.07833415964303421,1.8753332586535232
decile,2025-11,responded_strict,0.29,2017,585,86,0.147008547008547,0.5443037974683544,0.07833415964303421,1.87668505896354
decile,2025-11,responded_strict,0.3,2017,606,87,0.14356435643564355,0.5506329113924051,0.07833415964303421,1.8327171324727407
decile,2025-11,responded_strict,0.31,2017,626,87,0.1389776357827476,0.5506329113924051,0.07833415964303421,1.7741638694544426
decile,2025-11,responded_strict,0.32,2017,646,87,0.1346749226006192,0.5506329113924051,0.07833415964303421,1.7192361954775248
decile,2025-11,responded_strict,0.33,2017,666,88,0.13213213213213212,0.5569620253164557,0.07833415964303421,1.6867753829779144
decile,2025-11,responded_strict,0.34,2017,686,90,0.13119533527696792,0.569620253164557,0.07833415964303421,1.6748164003395207
decile,2025-11,responded_strict,0.35,2017,706,92,0.13031161473087818,0.5822784810126582,0.07833415964303421,1.6635349804568436
decile,2025-11,responded_strict,0.36,2017,727,94,0.12929848693259974,0.5949367088607594,0.07833415964303421,1.650601570525656
decile,2025-11,responded_strict,0.37,2017,747,96,0.1285140562248996,0.6075949367088608,0.07833415964303421,1.6405876671241928
decile,2025-11,responded_strict,0.38,2017,767,99,0.1290743155149935,0.6265822784810127,0.07833415964303421,1.6477398379350752
decile,2025-11,responded_strict,0.39,2017,787,100,0.12706480304955528,0.6329113924050633,0.07833415964303421,1.622086757917424
decile,2025-11,responded_strict,0.4,2017,807,102,0.12639405204460966,0.6455696202531646,0.07833415964303421,1.6135240694555548
decile,2025-11,responded_strict,0.41,2017,827,103,0.12454655380894801,0.6518987341772152,0.07833415964303421,1.589939234383849
decile,2025-11,responded_strict,0.42,2017,848,107,0.12617924528301888,0.6772151898734177,0.07833415964303421,1.6107818844041082
decile,2025-11,responded_strict,0.43,2017,868,109,0.12557603686635946,0.689873417721519,0.07833415964303421,1.603081432654728
decile,2025-11,responded_strict,0.44,2017,888,112,0.12612612612612611,0.7088607594936709,0.07833415964303421,1.6101037746607365
decile,2025-11,responded_strict,0.45,2017,908,112,0.12334801762114538,0.7088607594936709,0.07833415964303421,1.5746389338091786
decile,2025-11,responded_strict,0.46,2017,928,114,0.12284482758620689,0.7215189873417721,0.07833415964303421,1.5682152989960716
decile,2025-11,responded_strict,0.47,2017,948,115,0.12130801687763713,0.7278481012658228,0.07833415964303421,1.5485966458366716
decile,2025-11,responded_strict,0.48,2017,969,115,0.11867905056759546,0.7278481012658228,0.07833415964303421,1.5150357278154434
decile,2025-11,responded_strict,0.49,2017,989,116,0.1172901921132457,0.7341772151898734,0.07833415964303421,1.497305806914029
decile,2025-11,responded_strict,0.5,2017,1009,118,0.11694747274529237,0.7468354430379747,0.07833415964303421,1.4929307121978146
decile,2025-11,responded_strict,0.51,2017,1029,121,0.11758989310009718,0.7658227848101266,0.07833415964303421,1.5011317366006076
decile,2025-11,responded_strict,0.52,2017,1049,122,0.11630123927550047,0.7721518987341772,0.07833415964303421,1.4846810102448382
decile,2025-11,responded_strict,0.53,2017,1070,122,0.11401869158878504,0.7721518987341772,0.07833415964303421,1.4555424109783508
decile,2025-11,responded_strict,0.54,2017,1090,125,0.11467889908256881,0.7911392405063291,0.07833415964303421,1.4639705028451981
decile,2025-11,responded_strict,0.55,2017,1110,125,0.11261261261261261,0.7911392405063291,0.07833415964303421,1.4375926559470864
decile,2025-11,responded_strict,0.56,2017,1130,126,0.11150442477876106,0.7974683544303798,0.07833415964303421,1.4234457264478548
decile,2025-11,responded_strict,0.57,2017,1150,126,0.10956521739130434,0.7974683544303798,0.07833415964303421,1.3986901485965877
decile,2025-11,responded_strict,0.58,2017,1170,126,0.1076923076923077,0.7974683544303798,0.07833415964303421,1.3747809152872446
decile,2025-11,responded_strict,0.59,2017,1191,126,0.10579345088161209,0.7974683544303798,0.07833415964303421,1.3505404457481744
decile,2025-11,responded_strict,0.6,2017,1211,129,0.10652353426919901,0.8164556962025317,0.07833415964303421,1.3598605608922432
decile,2025-11,responded_strict,0.61,2017,1231,129,0.10479285134037368,0.8164556962025317,0.07833415964303421,1.3377669693261627
decile,2025-11,responded_strict,0.62,2017,1251,129,0.10311750599520383,0.8164556962025317,0.07833415964303421,1.316379807546368
decile,2025-11,responded_strict,0.63,2017,1271,129,0.10149488591660111,0.8164556962025317,0.07833415964303421,1.295665727175851
decile,2025-11,responded_strict,0.64,2017,1291,131,0.10147172734314484,0.8291139240506329,0.07833415964303421,1.2953700889311592
decile,2025-11,responded_strict,0.65,2017,1312,133,0.1013719512195122,0.8417721518987342,0.07833415964303421,1.2940963646187096
decile,2025-11,responded_strict,0.66,2017,1332,134,0.1006006006006006,0.8481012658227848,0.07833415964303421,1.2842494393127304
decile,2025-11,responded_strict,0.67,2017,1352,134,0.09911242603550297,0.8481012658227848,0.07833415964303421,1.265251666541832
decile,2025-11,responded_strict,0.68,2017,1372,134,0.09766763848396501,0.8481012658227848,0.07833415964303421,1.246807764697199
decile,2025-11,responded_strict,0.69,2017,1392,134,0.09626436781609195,0.8481012658227848,0.07833415964303421,1.2288938600320092
decile,2025-11,responded_strict,0.7,2017,1412,135,0.09560906515580736,0.8544303797468354,0.07833415964303421,1.2205283824004016
decile,2025-11,responded_strict,0.71,2017,1433,138,0.09630146545708304,0.8734177215189873,0.07833415964303421,1.229367441942636
decile,2025-11,responded_strict,0.72,2017,1453,140,0.09635237439779766,0.8860759493670886,0.07833415964303421,1.2300173364579612
decile,2025-11,responded_strict,0.73,2017,1473,141,0.09572301425661914,0.8924050632911392,0.07833415964303421,1.2219830364278532
decile,2025-11,responded_strict,0.74,2017,1493,142,0.09511051574012057,0.8987341772151899,0.07833415964303421,1.2141639889102733
decile,2025-11,responded_strict,0.75,2017,1513,142,0.09385327164573695,0.8987341772151899,0.07833415964303421,1.198114233604123
decile,2025-11,responded_strict,0.76,2017,1533,142,0.09262883235485975,0.8987341772151899,0.07833415964303421,1.182483258606026
decile,2025-11,responded_strict,0.77,2017,1554,142,0.09137709137709138,0.8987341772151899,0.07833415964303421,1.1665037551113502
decile,2025-11,responded_strict,0.78,2017,1574,145,0.09212198221092757,0.9177215189873418,0.07833415964303421,1.1760128994901324
decile,2025-11,responded_strict,0.79,2017,1594,148,0.09284818067754078,0.9367088607594937,0.07833415964303421,1.1852834204215175
decile,2025-11,responded_strict,0.8,2017,1614,149,0.09231722428748451,0.9430379746835443,0.07833415964303421,1.1785053252395965
decile,2025-11,responded_strict,0.81,2017,1634,150,0.09179926560587515,0.9493670886075949,0.07833415964303421,1.1718931565003174
decile,2025-11,responded_strict,0.82,2017,1654,150,0.09068923821039904,0.9493670886075949,0.07833415964303421,1.1577227434833852
decile,2025-11,responded_strict,0.83,2017,1675,150,0.08955223880597014,0.9493670886075949,0.07833415964303421,1.1432080105800113
decile,2025-11,responded_strict,0.84,2017,1695,151,0.08908554572271386,0.9556962025316456,0.07833415964303421,1.1372502893842649
decile,2025-11,responded_strict,0.85,2017,1715,151,0.0880466472303207,0.9556962025316456,0.07833415964303421,1.1239878953389675
decile,2025-11,responded_strict,0.86,2017,1735,151,0.08703170028818444,0.9556962025316456,0.07833415964303421,1.111031262539671
decile,2025-11,responded_strict,0.87,2017,1755,152,0.08660968660968661,0.9620253164556962,0.07833415964303421,1.1056439107072018
decile,2025-11,responded_strict,0.88,2017,1775,153,0.08619718309859155,0.9683544303797469,0.07833415964303421,1.1003779639864504
decile,2025-11,responded_strict,0.89,2017,1796,153,0.08518930957683742,0.9683544303797469,0.07833415964303421,1.0875116292182345
decile,2025-11,responded_strict,0.9,2017,1816,154,0.08480176211453745,0.9746835443037974,0.07833415964303421,1.0825642669938105
decile,2025-11,responded_strict,0.91,2017,1836,154,0.08387799564270153,0.9746835443037974,0.07833415964303421,1.0707716279198036
decile,2025-11,responded_strict,0.92,2017,1856,155,0.08351293103448276,0.9810126582278481,0.07833415964303421,1.0661112778262767
decile,2025-11,responded_strict,0.93,2017,1876,155,0.0826226012793177,0.9810126582278481,0.07833415964303421,1.0547454859517962
decile,2025-11,responded_strict,0.94,2017,1896,155,0.08175105485232068,0.9810126582278481,0.07833415964303421,1.0436194787160178
decile,2025-11,responded_strict,0.95,2017,1917,155,0.08085550339071466,0.9810126582278481,0.07833415964303421,1.0321870274624776
decile,2025-11,responded_strict,0.96,2017,1937,156,0.08053691275167785,0.9873417721518988,0.07833415964303421,1.0281199558236342
decile,2025-11,responded_strict,0.97,2017,1957,157,0.0802248339294839,0.9936708860759493,0.07833415964303421,1.0241360128846142
decile,2025-11,responded_strict,0.98,2017,1977,157,0.07941325240263025,0.9936708860759493,0.07833415964303421,1.0137755069373748
decile,2025-11,responded_strict,0.99,2017,1997,158,0.07911867801702553,1.0,0.07833415964303421,1.0100150225338007
decile,2025-11,responded_strict,1.0,2017,2017,158,0.07833415964303421,1.0,0.07833415964303421,1.0
decile,2025-12,responded_strict,0.01,2022,21,6,0.2857142857142857,0.04195804195804196,0.07072205736894165,4.0399600399600395
decile,2025-12,responded_strict,0.02,2022,41,10,0.24390243902439024,0.06993006993006994,0.07072205736894165,3.448746375575644
decile,2025-12,responded_strict,0.03,2022,61,10,0.16393442622950818,0.06993006993006994,0.07072205736894165,2.3180098589934652
decile,2025-12,responded_strict,0.04,2022,81,13,0.16049382716049382,0.09090909090909091,0.07072205736894165,2.269360269360269
decile,2025-12,responded_strict,0.05,2022,102,20,0.19607843137254902,0.13986013986013987,0.07072205736894165,2.7725215960510075
decile,2025-12,responded_strict,0.06,2022,122,22,0.18032786885245902,0.15384615384615385,0.07072205736894165,2.549810844892812
decile,2025-12,responded_strict,0.07,2022,142,27,0.19014084507042253,0.1888111888111888,0.07072205736894165,2.6885649561705898
decile,2025-12,responded_strict,0.08,2022,162,29,0.17901234567901234,0.20279720279720279,0.07072205736894165,2.531209531209531
decile,2025-12,responded_strict,0.09,2022,182,34,0.18681318681318682,0.23776223776223776,0.07072205736894165,2.641512333820026
decile,2025-12,responded_strict,0.1,2022,203,37,0.18226600985221675,0.25874125874125875,0.07072205736894165,2.577215887560715
decile,2025-12,responded_strict,0.11,2022,223,39,0.17488789237668162,0.2727272727272727,0.07072205736894165,2.47289033836119
decile,2025-12,responded_strict,0.12,2022,243,40,0.1646090534979424,0.27972027972027974,0.07072205736894165,2.3275489942156606
decile,2025-12,responded_strict,0.13,2022,263,44,0.16730038022813687,0.3076923076923077,0.07072205736894165,2.365603977771278
decile,2025-12,responded_strict,0.14,2022,284,45,0.15845070422535212,0.3146853146853147,0.07072205736894165,2.240470796808825
decile,2025-12,responded_strict,0.15,2022,304,50,0.16447368421052633,0.34965034965034963,0.07072205736894165,2.325634891424365
decile,2025-12,responded_strict,0.16,2022,324,50,0.15432098765432098,0.34965034965034963,0.07072205736894165,2.182077182077182
decile,2025-12,responded_strict,0.17,2022,344,54,0.1569767441860465,0.3776223776223776,0.07072205736894165,2.219629208001301
decile,2025-12,responded_strict,0.18,2022,364,57,0.1565934065934066,0.3986013986013986,0.07072205736894165,2.214208868055022
decile,2025-12,responded_strict,0.19,2022,385,61,0.15844155844155844,0.42657342657342656,0.07072205736894165,2.240341476705113
decile,2025-12,responded_strict,0.2,2022,405,66,0.16296296296296298,0.46153846153846156,0.07072205736894165,2.3042735042735045
decile,2025-12,responded_strict,0.21,2022,425,70,0.16470588235294117,0.48951048951048953,0.07072205736894165,2.3289181406828465
decile,2025-12,responded_strict,0.22,2022,445,70,0.15730337078651685,0.48951048951048953,0.07072205736894165,2.2242476624499092
decile,2025-12,responded_strict,0.23,2022,466,72,0.15450643776824036,0.5034965034965035,0.07072205736894165,2.184699420750923
decile,2025-12,responded_strict,0.24,2022,486,73,0.15020576131687244,0.5104895104895105,0.07072205736894165,2.1238884572217906
decile,2025-12,responded_strict,0.25,2022,506,75,0.1482213438735178,0.5244755244755245,0.07072205736894165,2.095829072113657
decile,2025-12,responded_strict,0.26,2022,526,78,0.1482889733840304,0.5454545454545454,0.07072205736894165,2.096785343933633
decile,2025-12,responded_strict,0.27,2022,546,81,0.14835164835164835,0.5664335664335665,0.07072205736894165,2.0976715592100206
decile,2025-12,responded_strict,0.28,2022,567,83,0.14638447971781304,0.5804195804195804,0.07072205736894165,2.0698560698560695
decile,2025-12,responded_strict,0.29,2022,587,86,0.1465076660988075,0.6013986013986014,0.07072205736894165,2.071597908054467
decile,2025-12,responded_strict,0.3,2022,607,87,0.14332784184514002,0.6083916083916084,0.07072205736894165,2.0266356378382735
decile,2025-12,responded_strict,0.31,2022,627,89,0.1419457735247209,0.6223776223776224,0.07072205736894165,2.0070933850838157
decile,2025-12,responded_strict,0.32,2022,648,90,0.1388888888888889,0.6293706293706294,0.07072205736894165,1.9638694638694638
decile,2025-12,responded_strict,0.33,2022,668,91,0.13622754491017963,0.6363636363636364,0.07072205736894165,1.9262384322264559
decile,2025-12,responded_strict,0.34,2022,688,92,0.13372093023255813,0.6433566433566433,0.07072205736894165,1.8907952512603672
decile,2025-12,responded_strict,0.35,2022,708,93,0.13135593220338984,0.6503496503496503,0.07072205736894165,1.8573545098968829
decile,2025-12,responded_strict,0.36,2022,728,95,0.1304945054945055,0.6643356643356644,0.07072205736894165,1.8451740567125183
decile,2025-12,responded_strict,0.37,2022,749,95,0.1268357810413885,0.6643356643356644,0.07072205736894165,1.7934402046551576
decile,2025-12,responded_strict,0.38,2022,769,98,0.12743823146944083,0.6853146853146853,0.07072205736894165,1.8019587694490165
decile,2025-12,responded_strict,0.39,2022,789,99,0.12547528517110265,0.6923076923076923,0.07072205736894165,1.7742029833284583
decile,2025-12,responded_strict,0.4,2022,809,100,0.12360939431396786,0.6993006993006993,0.07072205736894165,1.7478195475723286
decile,2025-12,responded_strict,0.41,2022,830,102,0.12289156626506025,0.7132867132867133,0.07072205736894165,1.7376695593563063
decile,2025-12,responded_strict,0.42,2022,850,105,0.12352941176470589,0.7342657342657343,0.07072205736894165,1.746688605512135
decile,2025-12,responded_strict,0.43,2022,870,106,0.12183908045977011,0.7412587412587412,0.07072205736894165,1.7227875572703157
decile,2025-12,responded_strict,0.44,2022,890,106,0.11910112359550562,0.7412587412587412,0.07072205736894165,1.6840732301406458
decile,2025-12,responded_strict,0.45,2022,910,108,0.11868131868131868,0.7552447552447552,0.07072205736894165,1.6781372473680165
decile,2025-12,responded_strict,0.46,2022,931,110,0.11815252416756176,0.7692307692307693,0.07072205736894165,1.6706601669007684
decile,2025-12,responded_strict,0.47,2022,951,110,0.1156677181913775,0.7692307692307693,0.07072205736894165,1.6355253579228342
decile,2025-12,responded_strict,0.48,2022,971,110,0.11328527291452112,0.7692307692307693,0.07072205736894165,1.6018379149172146
decile,2025-12,responded_strict,0.49,2022,991,111,0.11200807265388496,0.7762237762237763,0.07072205736894165,1.5837784818612264
decile,2025-12,responded_strict,0.5,2022,1011,111,0.10979228486646884,0.7762237762237763,0.07072205736894165,1.5524475524475523
decile,2025-12,responded_strict,0.51,2022,1032,113,0.10949612403100775,0.7902097902097902,0.07072205736894165,1.5482598796552285
decile,2025-12,responded_strict,0.52,2022,1052,114,0.10836501901140684,0.7972027972027972,0.07072205736894165,1.5322662128745776
decile,2025-12,responded_strict,0.53,2022,1072,114,0.10634328358208955,0.7972027972027972,0.07072205736894165,1.5036791566642311
decile,2025-12,responded_strict,0.54,2022,1092,114,0.1043956043956044,0.7972027972027972,0.07072205736894165,1.4761392453700146
decile,2025-12,responded_strict,0.55,2022,1113,114,0.10242587601078167,0.7972027972027972,0.07072205736894165,1.4482875614951085
decile,2025-12,responded_strict,0.56,2022,1133,114,0.10061782877316858,0.7972027972027972,0.07072205736894165,1.422722026428999
decile,2025-12,responded_strict,0.57,2022,1153,115,0.0997398091934085,0.8041958041958042,0.07072205736894165,1.4103069523711327
decile,2025-12,responded_strict,0.58,2022,1173,117,0.09974424552429667,0.8181818181818182,0.07072205736894165,1.4103696814694255
decile,2025-12,responded_strict,0.59,2022,1193,118,0.0989103101424979,0.8251748251748252,0.07072205736894165,1.3985779518051102
decile,2025-12,responded_strict,0.6,2022,1214,119,0.09802306425041186,0.8321678321678322,0.07072205736894165,1.3860324189813482
decile,2025-12,responded_strict,0.61,2022,1234,120,0.09724473257698542,0.8391608391608392,0.07072205736894165,1.3750269179766748
decile,2025-12,responded_strict,0.62,2022,1254,120,0.09569377990430622,0.8391608391608392,0.07072205736894165,1.3530966641014488
decile,2025-12,responded_strict,0.63,2022,1274,121,0.09497645211930926,0.8461538461538461,0.07072205736894165,1.342953749547156
decile,2025-12,responded_strict,0.64,2022,1295,122,0.09420849420849421,0.8531468531468531,0.07072205736894165,1.332094932094932
decile,2025-12,responded_strict,0.65,2022,1315,122,0.09277566539923954,0.8531468531468531,0.07072205736894165,1.3118349331277086
decile,2025-12,responded_strict,0.66,2022,1335,123,0.09213483146067415,0.8601398601398601,0.07072205736894165,1.3027736308635183
decile,2025-12,responded_strict,0.67,2022,1355,125,0.09225092250922509,0.8741258741258742,0.07072205736894165,1.3044151420535184
decile,2025-12,responded_strict,0.68,2022,1375,127,0.09236363636363637,0.8881118881118881,0.07072205736894165,1.3060089001907185
decile,2025-12,responded_strict,0.69,2022,1396,128,0.09169054441260745,0.8951048951048951,0.07072205736894165,1.2964914741419038
decile,2025-12,responded_strict,0.7,2022,1416,129,0.09110169491525423,0.9020979020979021,0.07072205736894165,1.2881652246059023
decile,2025-12,responded_strict,0.71,2022,1436,129,0.08983286908077995,0.9020979020979021,0.07072205736894165,1.2702242047645946
decile,2025-12,responded_strict,0.72,2022,1456,131,0.08997252747252747,0.916083916083916,0.07072205736894165,1.2721989548912624
decile,2025-12,responded_strict,0.73,2022,1477,131,0.08869329722410291,0.916083916083916,0.07072205736894165,1.2541108180918605
decile,2025-12,responded_strict,0.74,2022,1497,132,0.08817635270541083,0.9230769230769231,0.07072205736894165,1.2468012948974874
decile,2025-12,responded_strict,0.75,2022,1517,133,0.08767303889255108,0.9300699300699301,0.07072205736894165,1.2396845079771908
decile,2025-12,responded_strict,0.76,2022,1537,133,0.08653220559531555,0.9300699300699301,0.07072205736894165,1.2235532847113848
decile,2025-12,responded_strict,0.77,2022,1557,135,0.08670520231213873,0.9440559440559441,0.07072205736894165,1.2259994340919196
decile,2025-12,responded_strict,0.78,2022,1578,136,0.08618504435994931,0.951048951048951,0.07072205736894165,1.2186444733973252
decile,2025-12,responded_strict,0.79,2022,1598,136,0.0851063829787234,0.951048951048951,0.07072205736894165,1.2033923523285224
decile,2025-12,responded_strict,0.8,2022,1618,136,0.08405438813349815,0.951048951048951,0.07072205736894165,1.1885172923491836
decile,2025-12,responded_strict,0.81,2022,1638,137,0.08363858363858363,0.958041958041958,0.07072205736894165,1.182637874945567
decile,2025-12,responded_strict,0.82,2022,1659,137,0.08257986738999397,0.958041958041958,0.07072205736894165,1.1676677752627118
decile,2025-12,responded_strict,0.83,2022,1679,137,0.08159618820726623,0.958041958041958,0.07072205736894165,1.1537586891964497
decile,2025-12,responded_strict,0.84,2022,1699,138,0.08122424955856386,0.965034965034965,0.07072205736894165,1.1484995287231896
decile,2025-12,responded_strict,0.85,2022,1719,138,0.08027923211169284,0.965034965034965,0.07072205736894165,1.1351371141947058
decile,2025-12,responded_strict,0.86,2022,1739,138,0.07935595169637723,0.965034965034965,0.07072205736894165,1.122082058252271
decile,2025-12,responded_strict,0.87,2022,1760,140,0.07954545454545454,0.9790209790209791,0.07072205736894165,1.1247616020343292
decile,2025-12,responded_strict,0.88,2022,1780,140,0.07865168539325842,0.9790209790209791,0.07072205736894165,1.1121238312249546
decile,2025-12,responded_strict,0.89,2022,1800,140,0.07777777777777778,0.9790209790209791,0.07072205736894165,1.0997668997668997
decile,2025-12,responded_strict,0.9,2022,1820,141,0.07747252747252747,0.986013986013986,0.07072205736894165,1.0954507031430107
decile,2025-12,responded_strict,0.91,2022,1841,141,0.07658881042911461,0.986013986013986,0.07072205736894165,1.0829550677459423
decile,2025-12,responded_strict,0.92,2022,1861,141,0.07576571735626007,0.986013986013986,0.07072205736894165,1.0713166468136914
decile,2025-12,responded_strict,0.93,2022,1881,141,0.07496012759170653,0.986013986013986,0.07072205736894165,1.0599257202128014
decile,2025-12,responded_strict,0.94,2022,1901,141,0.07417148869016307,0.986013986013986,0.07072205736894165,1.048774476444124
decile,2025-12,responded_strict,0.95,2022,1921,142,0.0739198334200937,0.993006993006993,0.07072205736894165,1.0452161061218843
decile,2025-12,responded_strict,0.96,2022,1942,142,0.07312049433573635,0.993006993006993,0.07072205736894165,1.0339135632647476
decile,2025-12,responded_strict,0.97,2022,1962,142,0.07237512742099898,0.993006993006993,0.07072205736894165,1.023374179337482
decile,2025-12,responded_strict,0.98,2022,1982,142,0.07164480322906155,0.993006993006993,0.07072205736894165,1.0130474974067305
decile,2025-12,responded_strict,0.99,2022,2002,143,0.07142857142857142,1.0,0.07072205736894165,1.0099900099900099
decile,2025-12,responded_strict,1.0,2022,2022,143,0.07072205736894165,1.0,0.07072205736894165,1.0
core_logistic,2025-07,responded_strict,0.01,2025,21,9,0.42857142857142855,0.06,0.07407407407407407,5.785714285714286
core_logistic,2025-07,responded_strict,0.02,2025,41,15,0.36585365853658536,0.1,0.07407407407407407,4.939024390243903
core_logistic,2025-07,responded_strict,0.03,2025,61,21,0.3442622950819672,0.14,0.07407407407407407,4.647540983606557
core_logistic,2025-07,responded_strict,0.04,2025,81,26,0.32098765432098764,0.17333333333333334,0.07407407407407407,4.333333333333333
core_logistic,2025-07,responded_strict,0.05,2025,102,29,0.28431372549019607,0.19333333333333333,0.07407407407407407,3.838235294117647
core_logistic,2025-07,responded_strict,0.06,2025,122,36,0.29508196721311475,0.24,0.07407407407407407,3.9836065573770494
core_logistic,2025-07,responded_strict,0.07,2025,142,39,0.2746478873239437,0.26,0.07407407407407407,3.70774647887324
core_logistic,2025-07,responded_strict,0.08,2025,162,47,0.29012345679012347,0.31333333333333335,0.07407407407407407,3.916666666666667
core_logistic,2025-07,responded_strict,0.09,2025,183,51,0.2786885245901639,0.34,0.07407407407407407,3.762295081967213
core_logistic,2025-07,responded_strict,0.1,2025,203,53,0.26108374384236455,0.35333333333333333,0.07407407407407407,3.5246305418719217
core_logistic,2025-07,responded_strict,0.11,2025,223,55,0.24663677130044842,0.36666666666666664,0.07407407407407407,3.3295964125560538
core_logistic,2025-07,responded_strict,0.12,2025,243,58,0.23868312757201646,0.38666666666666666,0.07407407407407407,3.2222222222222223
core_logistic,2025-07,responded_strict,0.13,2025,264,62,0.23484848484848486,0.41333333333333333,0.07407407407407407,3.170454545454546
core_logistic,2025-07,responded_strict,0.14,2025,284,65,0.22887323943661972,0.43333333333333335,0.07407407407407407,3.0897887323943665
core_logistic,2025-07,responded_strict,0.15,2025,304,68,0.2236842105263158,0.4533333333333333,0.07407407407407407,3.0197368421052633
core_logistic,2025-07,responded_strict,0.16,2025,324,72,0.2222222222222222,0.48,0.07407407407407407,3.0
core_logistic,2025-07,responded_strict,0.17,2025,345,73,0.21159420289855072,0.4866666666666667,0.07407407407407407,2.856521739130435
core_logistic,2025-07,responded_strict,0.18,2025,365,76,0.20821917808219179,0.5066666666666667,0.07407407407407407,2.8109589041095893
core_logistic,2025-07,responded_strict,0.19,2025,385,79,0.2051948051948052,0.5266666666666666,0.07407407407407407,2.7701298701298707
core_logistic,2025-07,responded_strict,0.2,2025,405,81,0.2,0.54,0.07407407407407407,2.7
core_logistic,2025-07,responded_strict,0.21,2025,426,86,0.20187793427230047,0.5733333333333334,0.07407407407407407,2.7253521126760565
core_logistic,2025-07,responded_strict,0.22,2025,446,87,0.19506726457399104,0.58,0.07407407407407407,2.633408071748879
core_logistic,2025-07,responded_strict,0.23,2025,466,90,0.19313304721030042,0.6,0.07407407407407407,2.607296137339056
core_logistic,2025-07,responded_strict,0.24,2025,486,93,0.19135802469135801,0.62,0.07407407407407407,2.5833333333333335
core_logistic,2025-07,responded_strict,0.25,2025,507,95,0.1873767258382643,0.6333333333333333,0.07407407407407407,2.5295857988165684
core_logistic,2025-07,responded_strict,0.26,2025,527,98,0.1859582542694497,0.6533333333333333,0.07407407407407407,2.510436432637571
core_logistic,2025-07,responded_strict,0.27,2025,547,98,0.17915904936014626,0.6533333333333333,0.07407407407407407,2.418647166361975
core_logistic,2025-07,responded_strict,0.28,2025,567,100,0.1763668430335097,0.6666666666666666,0.07407407407407407,2.380952380952381
core_logistic,2025-07,responded_strict,0.29,2025,588,101,0.1717687074829932,0.6733333333333333,0.07407407407407407,2.318877551020408
core_logistic,2025-07,responded_strict,0.3,2025,608,103,0.16940789473684212,0.6866666666666666,0.07407407407407407,2.2870065789473686
core_logistic,2025-07,responded_strict,0.31,2025,628,106,0.16878980891719744,0.7066666666666667,0.07407407407407407,2.2786624203821657
core_logistic,2025-07,responded_strict,0.32,2025,648,107,0.16512345679012347,0.7133333333333334,0.07407407407407407,2.229166666666667
core_logistic,2025-07,responded_strict,0.33,2025,669,108,0.16143497757847533,0.72,0.07407407407407407,2.179372197309417
core_logistic,2025-07,responded_strict,0.34,2025,689,110,0.15965166908563136,0.7333333333333333,0.07407407407407407,2.1552975326560233
core_logistic,2025-07,responded_strict,0.35,2025,709,111,0.15655853314527504,0.74,0.07407407407407407,2.113540197461213
core_logistic,2025-07,responded_strict,0.36,2025,729,113,0.1550068587105624,0.7533333333333333,0.07407407407407407,2.0925925925925926
core_logistic,2025-07,responded_strict,0.37,2025,750,116,0.15466666666666667,0.7733333333333333,0.07407407407407407,2.088
core_logistic,2025-07,responded_strict,0.38,2025,770,117,0.15194805194805194,0.78,0.07407407407407407,2.0512987012987014
core_logistic,2025-07,responded_strict,0.39,2025,790,119,0.15063291139240506,0.7933333333333333,0.07407407407407407,2.0335443037974685
core_logistic,2025-07,responded_strict,0.4,2025,810,121,0.14938271604938272,0.8066666666666666,0.07407407407407407,2.0166666666666666
core_logistic,2025-07,responded_strict,0.41,2025,831,126,0.15162454873646208,0.84,0.07407407407407407,2.046931407942238
core_logistic,2025-07,responded_strict,0.42,2025,851,128,0.15041128084606345,0.8533333333333334,0.07407407407407407,2.0305522914218566
core_logistic,2025-07,responded_strict,0.43,2025,871,129,0.14810562571756603,0.86,0.07407407407407407,1.9994259471871414
core_logistic,2025-07,responded_strict,0.44,2025,891,130,0.14590347923681257,0.8666666666666667,0.07407407407407407,1.9696969696969697
core_logistic,2025-07,responded_strict,0.45,2025,912,131,0.14364035087719298,0.8733333333333333,0.07407407407407407,1.9391447368421053
core_logistic,2025-07,responded_strict,0.46,2025,932,132,0.14163090128755365,0.88,0.07407407407407407,1.9120171673819744
core_logistic,2025-07,responded_strict,0.47,2025,952,134,0.1407563025210084,0.8933333333333333,0.07407407407407407,1.9002100840336136
core_logistic,2025-07,responded_strict,0.48,2025,972,134,0.13786008230452676,0.8933333333333333,0.07407407407407407,1.8611111111111114
core_logistic,2025-07,responded_strict,0.49,2025,993,134,0.13494461228600202,0.8933333333333333,0.07407407407407407,1.8217522658610275
core_logistic,2025-07,responded_strict,0.5,2025,1013,134,0.13228035538005922,0.8933333333333333,0.07407407407407407,1.7857847976307997
core_logistic,2025-07,responded_strict,0.51,2025,1033,135,0.13068731848983542,0.9,0.07407407407407407,1.7642787996127782
core_logistic,2025-07,responded_strict,0.52,2025,1053,136,0.1291547958214625,0.9066666666666666,0.07407407407407407,1.7435897435897438
core_logistic,2025-07,responded_strict,0.53,2025,1074,136,0.1266294227188082,0.9066666666666666,0.07407407407407407,1.7094972067039107
core_logistic,2025-07,responded_strict,0.54,2025,1094,136,0.12431444241316271,0.9066666666666666,0.07407407407407407,1.6782449725776967
core_logistic,2025-07,responded_strict,0.55,2025,1114,137,0.1229802513464991,0.9133333333333333,0.07407407407407407,1.660233393177738
core_logistic,2025-07,responded_strict,0.56,2025,1134,137,0.12081128747795414,0.9133333333333333,0.07407407407407407,1.630952380952381
core_logistic,2025-07,responded_strict,0.57,2025,1155,138,0.11948051948051948,0.92,0.07407407407407407,1.612987012987013
core_logistic,2025-07,responded_strict,0.58,2025,1175,138,0.1174468085106383,0.92,0.07407407407407407,1.5855319148936171
core_logistic,2025-07,responded_strict,0.59,2025,1195,140,0.11715481171548117,0.9333333333333333,0.07407407407407407,1.5815899581589958
core_logistic,2025-07,responded_strict,0.6,2025,1215,141,0.11604938271604938,0.94,0.07407407407407407,1.5666666666666667
core_logistic,2025-07,responded_strict,0.61,2025,1236,142,0.11488673139158576,0.9466666666666667,0.07407407407407407,1.5509708737864079
core_logistic,2025-07,responded_strict,0.62,2025,1256,143,0.11385350318471338,0.9533333333333334,0.07407407407407407,1.5370222929936308
core_logistic,2025-07,responded_strict,0.63,2025,1276,143,0.11206896551724138,0.9533333333333334,0.07407407407407407,1.5129310344827587
core_logistic,2025-07,responded_strict,0.64,2025,1296,143,0.11033950617283951,0.9533333333333334,0.07407407407407407,1.4895833333333335
core_logistic,2025-07,responded_strict,0.65,2025,1317,143,0.10858010630220197,0.9533333333333334,0.07407407407407407,1.4658314350797266
core_logistic,2025-07,responded_strict,0.66,2025,1337,143,0.10695587135377711,0.9533333333333334,0.07407407407407407,1.443904263275991
core_logistic,2025-07,responded_strict,0.67,2025,1357,144,0.10611643330876934,0.96,0.07407407407407407,1.4325718496683861
core_logistic,2025-07,responded_strict,0.68,2025,1377,144,0.10457516339869281,0.96,0.07407407407407407,1.411764705882353
core_logistic,2025-07,responded_strict,0.69,2025,1398,145,0.10371959942775394,0.9666666666666667,0.07407407407407407,1.4002145922746783
core_logistic,2025-07,responded_strict,0.7,2025,1418,145,0.10225669957686882,0.9666666666666667,0.07407407407407407,1.380465444287729
core_logistic,2025-07,responded_strict,0.71,2025,1438,145,0.10083449235048679,0.9666666666666667,0.07407407407407407,1.3612656467315718
core_logistic,2025-07,responded_strict,0.72,2025,1458,145,0.09945130315500686,0.9666666666666667,0.07407407407407407,1.3425925925925928
core_logistic,2025-07,responded_strict,0.73,2025,1479,145,0.09803921568627451,0.9666666666666667,0.07407407407407407,1.3235294117647058
core_logistic,2025-07,responded_strict,0.74,2025,1499,145,0.09673115410273515,0.9666666666666667,0.07407407407407407,1.3058705803869246
core_logistic,2025-07,responded_strict,0.75,2025,1519,145,0.09545753785385122,0.9666666666666667,0.07407407407407407,1.2886767610269916
core_logistic,2025-07,responded_strict,0.76,2025,1539,146,0.09486679662118258,0.9733333333333334,0.07407407407407407,1.280701754385965
core_logistic,2025-07,responded_strict,0.77,2025,1560,147,0.09423076923076923,0.98,0.07407407407407407,1.2721153846153848
core_logistic,2025-07,responded_strict,0.78,2025,1580,147,0.0930379746835443,0.98,0.07407407407407407,1.2560126582278481
core_logistic,2025-07,responded_strict,0.79,2025,1600,148,0.0925,0.9866666666666667,0.07407407407407407,1.24875
core_logistic,2025-07,responded_strict,0.8,2025,1620,148,0.09135802469135802,0.9866666666666667,0.07407407407407407,1.2333333333333334
core_logistic,2025-07,responded_strict,0.81,2025,1641,148,0.09018890920170627,0.9866666666666667,0.07407407407407407,1.2175502742230349
core_logistic,2025-07,responded_strict,0.82,2025,1661,148,0.08910295003010235,0.9866666666666667,0.07407407407407407,1.2028898254063818
core_logistic,2025-07,responded_strict,0.83,2025,1681,149,0.08863771564544913,0.9933333333333333,0.07407407407407407,1.1966091612135634
core_logistic,2025-07,responded_strict,0.84,2025,1701,149,0.08759553203997648,0.9933333333333333,0.07407407407407407,1.1825396825396826
core_logistic,2025-07,responded_strict,0.85,2025,1722,150,0.08710801393728224,1.0,0.07407407407407407,1.1759581881533103
core_logistic,2025-07,responded_strict,0.86,2025,1742,150,0.08610792192881746,1.0,0.07407407407407407,1.1624569460390357
core_logistic,2025-07,responded_strict,0.87,2025,1762,150,0.0851305334846765,1.0,0.07407407407407407,1.149262202043133
core_logistic,2025-07,responded_strict,0.88,2025,1782,150,0.08417508417508418,1.0,0.07407407407407407,1.1363636363636365
core_logistic,2025-07,responded_strict,0.89,2025,1803,150,0.08319467554076539,1.0,0.07407407407407407,1.1231281198003327
core_logistic,2025-07,responded_strict,0.9,2025,1823,150,0.08228195282501372,1.0,0.07407407407407407,1.1108063631376852
core_logistic,2025-07,responded_strict,0.91,2025,1843,150,0.08138903960933261,1.0,0.07407407407407407,1.0987520347259903
core_logistic,2025-07,responded_strict,0.92,2025,1863,150,0.08051529790660225,1.0,0.07407407407407407,1.0869565217391304
core_logistic,2025-07,responded_strict,0.93,2025,1884,150,0.07961783439490445,1.0,0.07407407407407407,1.0748407643312101
core_logistic,2025-07,responded_strict,0.94,2025,1904,150,0.07878151260504201,1.0,0.07407407407407407,1.0635504201680672
core_logistic,2025-07,responded_strict,0.95,2025,1924,150,0.07796257796257797,1.0,0.07407407407407407,1.0524948024948027
core_logistic,2025-07,responded_strict,0.96,2025,1944,150,0.07716049382716049,1.0,0.07407407407407407,1.0416666666666667
core_logistic,2025-07,responded_strict,0.97,2025,1965,150,0.07633587786259542,1.0,0.07407407407407407,1.0305343511450382
core_logistic,2025-07,responded_strict,0.98,2025,1985,150,0.07556675062972293,1.0,0.07407407407407407,1.0201511335012596
core_logistic,2025-07,responded_strict,0.99,2025,2005,150,0.07481296758104738,1.0,0.07407407407407407,1.0099750623441397
core_logistic,2025-07,responded_strict,1.0,2025,2025,150,0.07407407407407407,1.0,0.07407407407407407,1.0
core_logistic,2025-08,responded_strict,0.01,2012,21,5,0.23809523809523808,0.03424657534246575,0.07256461232604373,3.2811480756686238
core_logistic,2025-08,responded_strict,0.02,2012,41,8,0.1951219512195122,0.0547945205479452,0.07256461232604373,2.68894086201136
core_logistic,2025-08,responded_strict,0.03,2012,61,18,0.29508196721311475,0.1232876712328767,0.07256461232604373,4.066472041320458
core_logistic,2025-08,responded_strict,0.04,2012,81,22,0.2716049382716049,0.1506849315068493,0.07256461232604373,3.7429392863182818
core_logistic,2025-08,responded_strict,0.05,2012,101,26,0.25742574257425743,0.1780821917808219,0.07256461232604373,3.5475383154753835
core_logistic,2025-08,responded_strict,0.06,2012,121,29,0.2396694214876033,0.19863013698630136,0.07256461232604373,3.30284161666478
core_logistic,2025-08,responded_strict,0.07,2012,141,33,0.23404255319148937,0.22602739726027396,0.07256461232604373,3.225298746721073
core_logistic,2025-08,responded_strict,0.08,2012,161,40,0.2484472049689441,0.273972602739726,0.07256461232604373,3.423806687654216
core_logistic,2025-08,responded_strict,0.09,2012,182,42,0.23076923076923078,0.2876712328767123,0.07256461232604373,3.1801896733403585
core_logistic,2025-08,responded_strict,0.1,2012,202,47,0.23267326732673269,0.3219178082191781,0.07256461232604373,3.206428862064289
core_logistic,2025-08,responded_strict,0.11,2012,222,50,0.22522522522522523,0.3424657534246575,0.07256461232604373,3.1037887202270764
core_logistic,2025-08,responded_strict,0.12,2012,242,55,0.22727272727272727,0.3767123287671233,0.07256461232604373,3.13200498132005
core_logistic,2025-08,responded_strict,0.13,2012,262,58,0.22137404580152673,0.3972602739726027,0.07256461232604373,3.05071630241556
core_logistic,2025-08,responded_strict,0.14,2012,282,63,0.22340425531914893,0.4315068493150685,0.07256461232604373,3.078694258233751
core_logistic,2025-08,responded_strict,0.15,2012,302,63,0.20860927152317882,0.4315068493150685,0.07256461232604373,2.874807221264629
core_logistic,2025-08,responded_strict,0.16,2012,322,64,0.19875776397515527,0.4383561643835616,0.07256461232604373,2.739045350123373
core_logistic,2025-08,responded_strict,0.17,2012,343,66,0.1924198250728863,0.4520547945205479,0.07256461232604373,2.651703342785255
core_logistic,2025-08,responded_strict,0.18,2012,363,70,0.1928374655647383,0.4794520547945205,0.07256461232604373,2.657458772029133
core_logistic,2025-08,responded_strict,0.19,2012,383,72,0.18798955613577023,0.4931506849315068,0.07256461232604373,2.590650595514861
core_logistic,2025-08,responded_strict,0.2,2012,403,75,0.18610421836228289,0.5136986301369864,0.07256461232604373,2.564669091403515
core_logistic,2025-08,responded_strict,0.21,2012,423,77,0.18203309692671396,0.5273972602739726,0.07256461232604373,2.5085656918941677
core_logistic,2025-08,responded_strict,0.22,2012,443,80,0.18058690744920994,0.547945205479452,0.07256461232604373,2.488636012245277
core_logistic,2025-08,responded_strict,0.23,2012,463,82,0.1771058315334773,0.5616438356164384,0.07256461232604373,2.4406639249681943
core_logistic,2025-08,responded_strict,0.24,2012,483,84,0.17391304347826086,0.5753424657534246,0.07256461232604373,2.3966646813579513
core_logistic,2025-08,responded_strict,0.25,2012,503,88,0.1749502982107356,0.6027397260273972,0.07256461232604373,2.4109589041095894
core_logistic,2025-08,responded_strict,0.26,2012,524,88,0.16793893129770993,0.6027397260273972,0.07256461232604373,2.3143365052807696
core_logistic,2025-08,responded_strict,0.27,2012,544,89,0.1636029411764706,0.6095890410958904,0.07256461232604373,2.254582997582595
core_logistic,2025-08,responded_strict,0.28,2012,564,89,0.15780141843971632,0.6095890410958904,0.07256461232604373,2.1746332458952686
core_logistic,2025-08,responded_strict,0.29,2012,584,92,0.15753424657534246,0.6301369863013698,0.07256461232604373,2.170951398010884
core_logistic,2025-08,responded_strict,0.3,2012,604,93,0.15397350993377484,0.636986301369863,0.07256461232604373,2.121881520457226
core_logistic,2025-08,responded_strict,0.31,2012,624,94,0.15064102564102563,0.6438356164383562,0.07256461232604373,2.075957147874956
core_logistic,2025-08,responded_strict,0.32,2012,644,98,0.15217391304347827,0.6712328767123288,0.07256461232604373,2.0970815961882074
core_logistic,2025-08,responded_strict,0.33,2012,664,102,0.1536144578313253,0.6986301369863014,0.07256461232604373,2.1169334873741543
core_logistic,2025-08,responded_strict,0.34,2012,685,105,0.15328467153284672,0.7191780821917808,0.07256461232604373,2.1123887611238876
core_logistic,2025-08,responded_strict,0.35,2012,705,106,0.150354609929078,0.726027397260274,0.07256461232604373,2.0720101039541436
core_logistic,2025-08,responded_strict,0.36,2012,725,107,0.14758620689655172,0.7328767123287672,0.07256461232604373,2.0338592347661786
core_logistic,2025-08,responded_strict,0.37,2012,745,109,0.14630872483221477,0.7465753424657534,0.07256461232604373,2.016254481934357
core_logistic,2025-08,responded_strict,0.38,2012,765,111,0.1450980392156863,0.7602739726027398,0.07256461232604373,1.9995702390545262
core_logistic,2025-08,responded_strict,0.39,2012,785,112,0.14267515923566879,0.7671232876712328,0.07256461232604373,1.9661809615216823
core_logistic,2025-08,responded_strict,0.4,2012,805,112,0.1391304347826087,0.7671232876712328,0.07256461232604373,1.917331745086361
core_logistic,2025-08,responded_strict,0.41,2012,825,114,0.13818181818181818,0.7808219178082192,0.07256461232604373,1.9042590286425904
core_logistic,2025-08,responded_strict,0.42,2012,846,114,0.1347517730496454,0.7808219178082192,0.07256461232604373,1.8569901875060721
core_logistic,2025-08,responded_strict,0.43,2012,866,115,0.13279445727482678,0.7876712328767124,0.07256461232604373,1.83001676737638
core_logistic,2025-08,responded_strict,0.44,2012,886,117,0.13205417607223477,0.8013698630136986,0.07256461232604373,1.8198150839543588
core_logistic,2025-08,responded_strict,0.45,2012,906,118,0.13024282560706402,0.8082191780821918,0.07256461232604373,1.7948531857631014
core_logistic,2025-08,responded_strict,0.46,2012,926,118,0.12742980561555076,0.8082191780821918,0.07256461232604373,1.7560874582088228
core_logistic,2025-08,responded_strict,0.47,2012,946,119,0.12579281183932348,0.815068493150685,0.07256461232604373,1.7335283384980742
core_logistic,2025-08,responded_strict,0.48,2012,966,119,0.12318840579710146,0.815068493150685,0.07256461232604373,1.697637482628549
core_logistic,2025-08,responded_strict,0.49,2012,986,119,0.1206896551724138,0.815068493150685,0.07256461232604373,1.6632026452527162
core_logistic,2025-08,responded_strict,0.5,2012,1006,120,0.11928429423459244,0.821917808219178,0.07256461232604373,1.6438356164383563
core_logistic,2025-08,responded_strict,0.51,2012,1027,120,0.11684518013631938,0.821917808219178,0.07256461232604373,1.6102226194128397
core_logistic,2025-08,responded_strict,0.52,2012,1047,120,0.11461318051575932,0.821917808219178,0.07256461232604373,1.579463830121286
core_logistic,2025-08,responded_strict,0.53,2012,1067,120,0.11246485473289597,0.821917808219178,0.07256461232604373,1.5498581350862102
core_logistic,2025-08,responded_strict,0.54,2012,1087,121,0.11131554737810488,0.8287671232876712,0.07256461232604373,1.534019735101007
core_logistic,2025-08,responded_strict,0.55,2012,1107,122,0.1102077687443541,0.8356164383561644,0.07256461232604373,1.5187536350249347
core_logistic,2025-08,responded_strict,0.56,2012,1127,122,0.10825199645075421,0.8356164383561644,0.07256461232604373,1.4918014853350514
core_logistic,2025-08,responded_strict,0.57,2012,1147,123,0.10723626852659111,0.8424657534246576,0.07256461232604373,1.4778039196952146
core_logistic,2025-08,responded_strict,0.58,2012,1167,124,0.1062553556126821,0.8493150684931506,0.07256461232604373,1.464286133511756
core_logistic,2025-08,responded_strict,0.59,2012,1188,126,0.10606060606060606,0.863013698630137,0.07256461232604373,1.4616023246160235
core_logistic,2025-08,responded_strict,0.6,2012,1208,127,0.10513245033112582,0.8698630136986302,0.07256461232604373,1.4488115757960627
core_logistic,2025-08,responded_strict,0.61,2012,1228,129,0.10504885993485343,0.8835616438356164,0.07256461232604373,1.4476596314309937
core_logistic,2025-08,responded_strict,0.62,2012,1248,130,0.10416666666666667,0.8904109589041096,0.07256461232604373,1.435502283105023
core_logistic,2025-08,responded_strict,0.63,2012,1268,130,0.10252365930599369,0.8904109589041096,0.07256461232604373,1.4128602912579404
core_logistic,2025-08,responded_strict,0.64,2012,1288,130,0.10093167701863354,0.8904109589041096,0.07256461232604373,1.3909214668595253
core_logistic,2025-08,responded_strict,0.65,2012,1308,131,0.10015290519877676,0.8972602739726028,0.07256461232604373,1.3801893510954715
core_logistic,2025-08,responded_strict,0.66,2012,1328,132,0.09939759036144578,0.9041095890410958,0.07256461232604373,1.3697804918303351
core_logistic,2025-08,responded_strict,0.67,2012,1349,132,0.09785025945144551,0.9041095890410958,0.07256461232604373,1.3484570001117013
core_logistic,2025-08,responded_strict,0.68,2012,1369,134,0.09788166544923302,0.9178082191780822,0.07256461232604373,1.348889800574362
core_logistic,2025-08,responded_strict,0.69,2012,1389,134,0.0964722822174226,0.9178082191780822,0.07256461232604373,1.3294673412428375
core_logistic,2025-08,responded_strict,0.7,2012,1409,134,0.09510290986515259,0.9178082191780822,0.07256461232604373,1.3105962647170344
core_logistic,2025-08,responded_strict,0.71,2012,1429,134,0.09377186843946816,0.9178082191780822,0.07256461232604373,1.2922534198644517
core_logistic,2025-08,responded_strict,0.72,2012,1449,136,0.09385783298826778,0.9315068493150684,0.07256461232604373,1.2934380820027038
core_logistic,2025-08,responded_strict,0.73,2012,1469,136,0.09257998638529612,0.9315068493150684,0.07256461232604373,1.2758283055288753
core_logistic,2025-08,responded_strict,0.74,2012,1489,137,0.09200805910006717,0.9383561643835616,0.07256461232604373,1.2679466774611996
core_logistic,2025-08,responded_strict,0.75,2012,1509,138,0.09145129224652088,0.9452054794520548,0.07256461232604373,1.2602739726027399
core_logistic,2025-08,responded_strict,0.76,2012,1530,139,0.09084967320261438,0.952054794520548,0.07256461232604373,1.2519831676963022
core_logistic,2025-08,responded_strict,0.77,2012,1550,139,0.08967741935483871,0.952054794520548,0.07256461232604373,1.2358285461776404
core_logistic,2025-08,responded_strict,0.78,2012,1570,140,0.08917197452229299,0.958904109589041,0.07256461232604373,1.2288631009510513
core_logistic,2025-08,responded_strict,0.79,2012,1590,140,0.0880503144654088,0.958904109589041,0.07256461232604373,1.2134057034548118
core_logistic,2025-08,responded_strict,0.8,2012,1610,140,0.08695652173913043,0.958904109589041,0.07256461232604373,1.1983323406789756
core_logistic,2025-08,responded_strict,0.81,2012,1630,141,0.08650306748466258,0.9657534246575342,0.07256461232604373,1.1920833683502816
core_logistic,2025-08,responded_strict,0.82,2012,1650,141,0.08545454545454545,0.9657534246575342,0.07256461232604373,1.1776338729763387
core_logistic,2025-08,responded_strict,0.83,2012,1670,141,0.0844311377245509,0.9657534246575342,0.07256461232604373,1.1635304732999754
core_logistic,2025-08,responded_strict,0.84,2012,1691,142,0.08397397989355411,0.9726027397260274,0.07256461232604373,1.1572304626426773
core_logistic,2025-08,responded_strict,0.85,2012,1711,142,0.08299240210403273,0.9726027397260274,0.07256461232604373,1.1437035139268072
core_logistic,2025-08,responded_strict,0.86,2012,1731,142,0.08203350664355864,0.9726027397260274,0.07256461232604373,1.1304891463482192
core_logistic,2025-08,responded_strict,0.87,2012,1751,142,0.08109651627641348,0.9726027397260274,0.07256461232604373,1.11757664895989
core_logistic,2025-08,responded_strict,0.88,2012,1771,142,0.08018068887634106,0.9726027397260274,0.07256461232604373,1.1049557946520425
core_logistic,2025-08,responded_strict,0.89,2012,1791,142,0.07928531546621999,0.9726027397260274,0.07256461232604373,1.0926168131372234
core_logistic,2025-08,responded_strict,0.9,2012,1811,142,0.07840971838763114,0.9726027397260274,0.07256461232604373,1.0805503657254374
core_logistic,2025-08,responded_strict,0.91,2012,1831,144,0.07864554888039323,0.9863013698630136,0.07256461232604373,1.0838003037489807
core_logistic,2025-08,responded_strict,0.92,2012,1852,144,0.07775377969762419,0.9863013698630136,0.07256461232604373,1.0715109914494512
core_logistic,2025-08,responded_strict,0.93,2012,1872,145,0.07745726495726496,0.9931506849315068,0.07256461232604373,1.0674247746165555
core_logistic,2025-08,responded_strict,0.94,2012,1892,145,0.07663847780126849,0.9931506849315068,0.07256461232604373,1.0561412146311795
core_logistic,2025-08,responded_strict,0.95,2012,1912,145,0.075836820083682,0.9931506849315068,0.07256461232604373,1.0450937123860835
core_logistic,2025-08,responded_strict,0.96,2012,1932,145,0.07505175983436853,0.9931506849315068,0.07256461232604373,1.0342749368955444
core_logistic,2025-08,responded_strict,0.97,2012,1952,146,0.07479508196721311,1.0,0.07256461232604373,1.0307377049180328
core_logistic,2025-08,responded_strict,0.98,2012,1972,146,0.07403651115618662,1.0,0.07256461232604373,1.0202839756592292
core_logistic,2025-08,responded_strict,0.99,2012,1992,146,0.07329317269076305,1.0,0.07256461232604373,1.0100401606425702
core_logistic,2025-08,responded_strict,1.0,2012,2012,146,0.07256461232604373,1.0,0.07256461232604373,1.0
core_logistic,2025-09,responded_strict,0.01,2038,21,9,0.42857142857142855,0.05806451612903226,0.0760549558390579,5.635023041474654
core_logistic,2025-09,responded_strict,0.02,2038,41,19,0.4634146341463415,0.12258064516129032,0.0760549558390579,6.09315499606609
core_logistic,2025-09,responded_strict,0.03,2038,62,23,0.3709677419354839,0.14838709677419354,0.0760549558390579,4.877627471383975
core_logistic,2025-09,responded_strict,0.04,2038,82,28,0.34146341463414637,0.18064516129032257,0.0760549558390579,4.489693154996067
core_logistic,2025-09,responded_strict,0.05,2038,102,32,0.3137254901960784,0.2064516129032258,0.0760549558390579,4.124984187223276
core_logistic,2025-09,responded_strict,0.06,2038,123,39,0.3170731707317073,0.25161290322580643,0.0760549558390579,4.169000786782061
core_logistic,2025-09,responded_strict,0.07,2038,143,44,0.3076923076923077,0.2838709677419355,0.0760549558390579,4.045657568238213
core_logistic,2025-09,responded_strict,0.08,2038,164,46,0.2804878048780488,0.2967741935483871,0.0760549558390579,3.6879622344610548
core_logistic,2025-09,responded_strict,0.09,2038,184,50,0.2717391304347826,0.3225806451612903,0.0760549558390579,3.572931276297335
core_logistic,2025-09,responded_strict,0.1,2038,204,53,0.25980392156862747,0.3419354838709677,0.0760549558390579,3.4160025300442762
core_logistic,2025-09,responded_strict,0.11,2038,225,58,0.2577777777777778,0.3741935483870968,0.0760549558390579,3.389362007168459
core_logistic,2025-09,responded_strict,0.12,2038,245,61,0.24897959183673468,0.3935483870967742,0.0760549558390579,3.2736800526662275
core_logistic,2025-09,responded_strict,0.13,2038,265,64,0.24150943396226415,0.4129032258064516,0.0760549558390579,3.175459525258673
core_logistic,2025-09,responded_strict,0.14,2038,286,67,0.23426573426573427,0.432258064516129,0.0760549558390579,3.0802165576359126
core_logistic,2025-09,responded_strict,0.15,2038,306,70,0.22875816993464052,0.45161290322580644,0.0760549558390579,3.0078009698503054
core_logistic,2025-09,responded_strict,0.16,2038,327,71,0.21712538226299694,0.45806451612903226,0.0760549558390579,2.8548485745289534
core_logistic,2025-09,responded_strict,0.17,2038,347,73,0.21037463976945245,0.47096774193548385,0.0760549558390579,2.766087199033188
core_logistic,2025-09,responded_strict,0.18,2038,367,78,0.2125340599455041,0.5032258064516129,0.0760549558390579,2.794480091412499
core_logistic,2025-09,responded_strict,0.19,2038,388,79,0.2036082474226804,0.5096774193548387,0.0760549558390579,2.6771200532091783
core_logistic,2025-09,responded_strict,0.2,2038,408,81,0.19852941176470587,0.5225806451612903,0.0760549558390579,2.6103415559772296
core_logistic,2025-09,responded_strict,0.21,2038,428,83,0.1939252336448598,0.535483870967742,0.0760549558390579,2.5498040397949953
core_logistic,2025-09,responded_strict,0.22,2038,449,90,0.20044543429844097,0.5806451612903226,0.0760549558390579,2.6355341619369206
core_logistic,2025-09,responded_strict,0.23,2038,469,93,0.19829424307036247,0.6,0.0760549558390579,2.6072494669509596
core_logistic,2025-09,responded_strict,0.24,2038,490,95,0.19387755102040816,0.6129032258064516,0.0760549558390579,2.549177090190915
core_logistic,2025-09,responded_strict,0.25,2038,510,96,0.18823529411764706,0.6193548387096774,0.0760549558390579,2.474990512333966
core_logistic,2025-09,responded_strict,0.26,2038,530,99,0.18679245283018867,0.6387096774193548,0.0760549558390579,2.456019476567255
core_logistic,2025-09,responded_strict,0.27,2038,551,104,0.18874773139745918,0.6709677419354839,0.0760549558390579,2.4817282360517536
core_logistic,2025-09,responded_strict,0.28,2038,571,104,0.18213660245183888,0.6709677419354839,0.0760549558390579,2.3948025535280495
core_logistic,2025-09,responded_strict,0.29,2038,592,106,0.17905405405405406,0.6838709677419355,0.0760549558390579,2.3542720139494335
core_logistic,2025-09,responded_strict,0.3,2038,612,107,0.17483660130718953,0.6903225806451613,0.0760549558390579,2.298819312671305
core_logistic,2025-09,responded_strict,0.31,2038,632,109,0.17246835443037975,0.7032258064516129,0.0760549558390579,2.2676806859942835
core_logistic,2025-09,responded_strict,0.32,2038,653,109,0.1669218989280245,0.7032258064516129,0.0760549558390579,2.1947537420342833
core_logistic,2025-09,responded_strict,0.33,2038,673,110,0.16344725111441308,0.7096774193548387,0.0760549558390579,2.1490677275559604
core_logistic,2025-09,responded_strict,0.34,2038,693,111,0.16017316017316016,0.7161290322580646,0.0760549558390579,2.106018712470325
core_logistic,2025-09,responded_strict,0.35,2038,714,115,0.16106442577030813,0.7419354838709677,0.0760549558390579,2.1177374175476644
core_logistic,2025-09,responded_strict,0.36,2038,734,115,0.1566757493188011,0.7419354838709677,0.0760549558390579,2.0600334007207524
core_logistic,2025-09,responded_strict,0.37,2038,755,116,0.15364238410596026,0.7483870967741936,0.0760549558390579,2.0201495406964325
core_logistic,2025-09,responded_strict,0.38,2038,775,117,0.15096774193548387,0.7548387096774194,0.0760549558390579,1.9849823100936526
core_logistic,2025-09,responded_strict,0.39,2038,795,119,0.14968553459119496,0.7677419354838709,0.0760549558390579,1.968123351592615
core_logistic,2025-09,responded_strict,0.4,2038,816,119,0.14583333333333334,0.7677419354838709,0.0760549558390579,1.9174731182795701
core_logistic,2025-09,responded_strict,0.41,2038,836,125,0.14952153110047847,0.8064516129032258,0.0760549558390579,1.9659669702114524
core_logistic,2025-09,responded_strict,0.42,2038,856,126,0.14719626168224298,0.8129032258064516,0.0760549558390579,1.9353934277962013
core_logistic,2025-09,responded_strict,0.43,2038,877,127,0.14481185860889395,0.8193548387096774,0.0760549558390579,1.9040423731930702
core_logistic,2025-09,responded_strict,0.44,2038,897,129,0.14381270903010032,0.832258064516129,0.0760549558390579,1.8909051677635127
core_logistic,2025-09,responded_strict,0.45,2038,918,129,0.14052287581699346,0.832258064516129,0.0760549558390579,1.8476491671937592
core_logistic,2025-09,responded_strict,0.46,2038,938,131,0.1396588486140725,0.8451612903225807,0.0760549558390579,1.836288603067611
core_logistic,2025-09,responded_strict,0.47,2038,958,131,0.13674321503131523,0.8451612903225807,0.0760549558390579,1.7979527240891642
core_logistic,2025-09,responded_strict,0.48,2038,979,131,0.1338100102145046,0.8451612903225807,0.0760549558390579,1.7593858117236152
core_logistic,2025-09,responded_strict,0.49,2038,999,132,0.13213213213213212,0.8516129032258064,0.0760549558390579,1.7373244211953889
core_logistic,2025-09,responded_strict,0.5,2038,1019,134,0.13150147203140333,0.864516129032258,0.0760549558390579,1.729032258064516
core_logistic,2025-09,responded_strict,0.51,2038,1040,134,0.12884615384615383,0.864516129032258,0.0760549558390579,1.6941191066997516
core_logistic,2025-09,responded_strict,0.52,2038,1060,135,0.12735849056603774,0.8709677419354839,0.0760549558390579,1.6745587340231285
core_logistic,2025-09,responded_strict,0.53,2038,1081,136,0.12580943570767808,0.8774193548387097,0.0760549558390579,1.654191161111277
core_logistic,2025-09,responded_strict,0.54,2038,1101,137,0.12443233424159855,0.8838709677419355,0.0760549558390579,1.6360844979637281
core_logistic,2025-09,responded_strict,0.55,2038,1121,137,0.12221231043710973,0.8838709677419355,0.0760549558390579,1.6068947656182557
core_logistic,2025-09,responded_strict,0.56,2038,1142,137,0.11996497373029773,0.8838709677419355,0.0760549558390579,1.5773459126603018
core_logistic,2025-09,responded_strict,0.57,2038,1162,137,0.11790017211703958,0.8838709677419355,0.0760549558390579,1.5501971017711398
core_logistic,2025-09,responded_strict,0.58,2038,1183,138,0.11665257819103973,0.8903225806451613,0.0760549558390579,1.5337932538925094
core_logistic,2025-09,responded_strict,0.59,2038,1203,139,0.11554447215295095,0.896774193548387,0.0760549558390579,1.5192234467594454
core_logistic,2025-09,responded_strict,0.6,2038,1223,140,0.11447260834014718,0.9032258064516129,0.0760549558390579,1.5051301664336771
core_logistic,2025-09,responded_strict,0.61,2038,1244,141,0.11334405144694534,0.9096774193548387,0.0760549558390579,1.4902914635411264
core_logistic,2025-09,responded_strict,0.62,2038,1264,142,0.11234177215189874,0.9161290322580645,0.0760549558390579,1.4771131073907717
core_logistic,2025-09,responded_strict,0.63,2038,1284,142,0.11059190031152648,0.9161290322580645,0.0760549558390579,1.4541051150638127
core_logistic,2025-09,responded_strict,0.64,2038,1305,144,0.1103448275862069,0.9290322580645162,0.0760549558390579,1.4508565072302557
core_logistic,2025-09,responded_strict,0.65,2038,1325,146,0.11018867924528301,0.9419354838709677,0.0760549558390579,1.4488034083992696
core_logistic,2025-09,responded_strict,0.66,2038,1346,146,0.10846953937592868,0.9419354838709677,0.0760549558390579,1.426199491923501
core_logistic,2025-09,responded_strict,0.67,2038,1366,146,0.10688140556368961,0.9419354838709677,0.0760549558390579,1.405318093798706
core_logistic,2025-09,responded_strict,0.68,2038,1386,146,0.10533910533910534,0.9419354838709677,0.0760549558390579,1.3850393334264302
core_logistic,2025-09,responded_strict,0.69,2038,1407,146,0.10376687988628287,0.9419354838709677,0.0760549558390579,1.3643671045693193
core_logistic,2025-09,responded_strict,0.7,2038,1427,148,0.10371408549404344,0.9548387096774194,0.0760549558390579,1.3636729434636163
core_logistic,2025-09,responded_strict,0.71,2038,1447,149,0.10297166551485833,0.9612903225806452,0.0760549558390579,1.3539113181889113
core_logistic,2025-09,responded_strict,0.72,2038,1468,149,0.10149863760217984,0.9612903225806452,0.0760549558390579,1.3345433769886614
core_logistic,2025-09,responded_strict,0.73,2038,1488,150,0.10080645161290322,0.967741935483871,0.0760549558390579,1.3254422476586887
core_logistic,2025-09,responded_strict,0.74,2038,1509,150,0.09940357852882704,0.967741935483871,0.0760549558390579,1.3069967293016098
core_logistic,2025-09,responded_strict,0.75,2038,1529,150,0.09810333551340746,0.967741935483871,0.0760549558390579,1.289900630814996
core_logistic,2025-09,responded_strict,0.76,2038,1549,150,0.09683666881859264,0.967741935483871,0.0760549558390579,1.2732460067889793
core_logistic,2025-09,responded_strict,0.77,2038,1570,150,0.09554140127388536,0.967741935483871,0.0760549558390579,1.2562153277172796
core_logistic,2025-09,responded_strict,0.78,2038,1590,150,0.09433962264150944,0.967741935483871,0.0760549558390579,1.2404138770541693
core_logistic,2025-09,responded_strict,0.79,2038,1611,150,0.0931098696461825,0.967741935483871,0.0760549558390579,1.224244608638193
core_logistic,2025-09,responded_strict,0.8,2038,1631,150,0.09196811771919068,0.967741935483871,0.0760549558390579,1.209232412333617
core_logistic,2025-09,responded_strict,0.81,2038,1651,151,0.09145972138098123,0.9741935483870968,0.0760549558390579,1.2025478204802564
core_logistic,2025-09,responded_strict,0.82,2038,1672,152,0.09090909090909091,0.9806451612903225,0.0760549558390579,1.195307917888563
core_logistic,2025-09,responded_strict,0.83,2038,1692,152,0.08983451536643026,0.9806451612903225,0.0760549558390579,1.1811789826889347
core_logistic,2025-09,responded_strict,0.84,2038,1712,152,0.08878504672897196,0.9806451612903225,0.0760549558390579,1.1673801627977087
core_logistic,2025-09,responded_strict,0.85,2038,1733,152,0.08770917484131564,0.9806451612903225,0.0760549558390579,1.1532341827522663
core_logistic,2025-09,responded_strict,0.86,2038,1753,152,0.08670849971477468,0.9806451612903225,0.0760549558390579,1.1400769188303923
core_logistic,2025-09,responded_strict,0.87,2038,1774,153,0.08624577226606539,0.9870967741935484,0.0760549558390579,1.1339927992144598
core_logistic,2025-09,responded_strict,0.88,2038,1794,153,0.08528428093645485,0.9870967741935484,0.0760549558390579,1.1213507390225483
core_logistic,2025-09,responded_strict,0.89,2038,1814,154,0.08489525909592062,0.9935483870967742,0.0760549558390579,1.1162357292741047
core_logistic,2025-09,responded_strict,0.9,2038,1835,154,0.08392370572207085,0.9935483870967742,0.0760549558390579,1.103461369429551
core_logistic,2025-09,responded_strict,0.91,2038,1855,154,0.0830188679245283,0.9935483870967742,0.0760549558390579,1.091564211807669
core_logistic,2025-09,responded_strict,0.92,2038,1875,154,0.08213333333333334,0.9935483870967742,0.0760549558390579,1.0799208602150538
core_logistic,2025-09,responded_strict,0.93,2038,1896,154,0.08122362869198312,0.9935483870967742,0.0760549558390579,1.0679597114468489
core_logistic,2025-09,responded_strict,0.94,2038,1916,154,0.08037578288100208,0.9935483870967742,0.0760549558390579,1.056811906525692
core_logistic,2025-09,responded_strict,0.95,2038,1937,154,0.07950438822922044,0.9935483870967742,0.0760549558390579,1.045354472330008
core_logistic,2025-09,responded_strict,0.96,2038,1957,154,0.07869187531936638,0.9935483870967742,0.0760549558390579,1.0346712380701204
core_logistic,2025-09,responded_strict,0.97,2038,1977,155,0.07840161861406171,1.0,0.0760549558390579,1.0308548305513405
core_logistic,2025-09,responded_strict,0.98,2038,1998,155,0.07757757757757758,1.0,0.0760549558390579,1.02002002002002
core_logistic,2025-09,responded_strict,0.99,2038,2018,155,0.07680872150644202,1.0,0.0760549558390579,1.0099108027750248
core_logistic,2025-09,responded_strict,1.0,2038,2038,155,0.0760549558390579,1.0,0.0760549558390579,1.0
core_logistic,2025-10,responded_strict,0.01,2021,21,10,0.47619047619047616,0.06289308176100629,0.07867392380009897,6.052710392333033
core_logistic,2025-10,responded_strict,0.02,2021,41,15,0.36585365853658536,0.09433962264150944,0.07867392380009897,4.650253106304648
core_logistic,2025-10,responded_strict,0.03,2021,61,22,0.36065573770491804,0.13836477987421383,0.07867392380009897,4.584183936488298
core_logistic,2025-10,responded_strict,0.04,2021,81,29,0.35802469135802467,0.18238993710691823,0.07867392380009897,4.5507415171985395
core_logistic,2025-10,responded_strict,0.05,2021,102,31,0.30392156862745096,0.1949685534591195,0.07867392380009897,3.863053397459612
core_logistic,2025-10,responded_strict,0.06,2021,122,36,0.29508196721311475,0.22641509433962265,0.07867392380009897,3.7506959480358795
core_logistic,2025-10,responded_strict,0.07,2021,142,39,0.2746478873239437,0.24528301886792453,0.07867392380009897,3.4909646558596865
core_logistic,2025-10,responded_strict,0.08,2021,162,43,0.2654320987654321,0.27044025157232704,0.07867392380009897,3.3738256075782282
core_logistic,2025-10,responded_strict,0.09,2021,182,50,0.27472527472527475,0.31446540880503143,0.07867392380009897,3.491948303269058
core_logistic,2025-10,responded_strict,0.1,2021,203,52,0.2561576354679803,0.3270440251572327,0.07867392380009897,3.2559407627722528
core_logistic,2025-10,responded_strict,0.11,2021,223,57,0.2556053811659193,0.3584905660377358,0.07867392380009897,3.2489212285303326
core_logistic,2025-10,responded_strict,0.12,2021,243,64,0.26337448559670784,0.4025157232704403,0.07867392380009897,3.3476719206977767
core_logistic,2025-10,responded_strict,0.13,2021,263,67,0.25475285171102663,0.42138364779874216,0.07867392380009897,3.238084989358395
core_logistic,2025-10,responded_strict,0.14,2021,283,72,0.254416961130742,0.4528301886792453,0.07867392380009897,3.2338155877058465
core_logistic,2025-10,responded_strict,0.15,2021,304,74,0.24342105263157895,0.46540880503144655,0.07867392380009897,3.094049983449189
core_logistic,2025-10,responded_strict,0.16,2021,324,76,0.2345679012345679,0.4779874213836478,0.07867392380009897,2.981520304371457
core_logistic,2025-10,responded_strict,0.17,2021,344,79,0.22965116279069767,0.4968553459119497,0.07867392380009897,2.919025157232704
core_logistic,2025-10,responded_strict,0.18,2021,364,80,0.21978021978021978,0.5031446540880503,0.07867392380009897,2.7935586426152463
core_logistic,2025-10,responded_strict,0.19,2021,384,82,0.21354166666666666,0.5157232704402516,0.07867392380009897,2.7142623165618445
core_logistic,2025-10,responded_strict,0.2,2021,405,84,0.2074074074074074,0.5283018867924528,0.07867392380009897,2.636291637549499
core_logistic,2025-10,responded_strict,0.21,2021,425,86,0.2023529411764706,0.5408805031446541,0.07867392380009897,2.572045874953755
core_logistic,2025-10,responded_strict,0.22,2021,445,88,0.19775280898876405,0.5534591194968553,0.07867392380009897,2.513575012366617
core_logistic,2025-10,responded_strict,0.23,2021,465,89,0.1913978494623656,0.559748427672956,0.07867392380009897,2.4327990802732127
core_logistic,2025-10,responded_strict,0.24,2021,486,93,0.19135802469135801,0.5849056603773585,0.07867392380009897,2.4322928798819783
core_logistic,2025-10,responded_strict,0.25,2021,506,97,0.191699604743083,0.610062893081761,0.07867392380009897,2.4366345986526463
core_logistic,2025-10,responded_strict,0.26,2021,526,98,0.18631178707224336,0.6163522012578616,0.07867392380009897,2.368151708635244
core_logistic,2025-10,responded_strict,0.27,2021,546,102,0.18681318681318682,0.6415094339622641,0.07867392380009897,2.3745248462229593
core_logistic,2025-10,responded_strict,0.28,2021,566,104,0.18374558303886926,0.6540880503144654,0.07867392380009897,2.3355334800097785
core_logistic,2025-10,responded_strict,0.29,2021,587,109,0.18568994889267462,0.6855345911949685,0.07867392380009897,2.360247715170411
core_logistic,2025-10,responded_strict,0.3,2021,607,111,0.1828665568369028,0.6981132075471698,0.07867392380009897,2.32436044885145
core_logistic,2025-10,responded_strict,0.31,2021,627,114,0.18181818181818182,0.7169811320754716,0.07867392380009897,2.311034877072613
core_logistic,2025-10,responded_strict,0.32,2021,647,115,0.1777434312210201,0.7232704402515723,0.07867392380009897,2.2592419779728403
core_logistic,2025-10,responded_strict,0.33,2021,667,116,0.17391304347826086,0.7295597484276729,0.07867392380009897,2.210555099808586
core_logistic,2025-10,responded_strict,0.34,2021,688,117,0.17005813953488372,0.7358490566037735,0.07867392380009897,2.161556603773585
core_logistic,2025-10,responded_strict,0.35,2021,708,119,0.16807909604519775,0.7484276729559748,0.07867392380009897,2.136401591870092
core_logistic,2025-10,responded_strict,0.36,2021,728,121,0.1662087912087912,0.7610062893081762,0.07867392380009897,2.11262872347778
core_logistic,2025-10,responded_strict,0.37,2021,748,122,0.16310160427807488,0.7672955974842768,0.07867392380009897,2.0731342279621967
core_logistic,2025-10,responded_strict,0.38,2021,768,123,0.16015625,0.7735849056603774,0.07867392380009897,2.0356967374213837
core_logistic,2025-10,responded_strict,0.39,2021,789,125,0.15842839036755388,0.7861635220125787,0.07867392380009897,2.013734446118405
core_logistic,2025-10,responded_strict,0.4,2021,809,128,0.15822002472187885,0.8050314465408805,0.07867392380009897,2.0110859746095415
core_logistic,2025-10,responded_strict,0.41,2021,829,129,0.15560916767189384,0.8113207547169812,0.07867392380009897,1.9779001752509273
core_logistic,2025-10,responded_strict,0.42,2021,849,131,0.15429917550058891,0.8238993710691824,0.07867392380009897,1.9612492684697496
core_logistic,2025-10,responded_strict,0.43,2021,870,132,0.15172413793103448,0.8301886792452831,0.07867392380009897,1.9285187594881803
core_logistic,2025-10,responded_strict,0.44,2021,890,135,0.15168539325842698,0.8490566037735849,0.07867392380009897,1.9280262878948484
core_logistic,2025-10,responded_strict,0.45,2021,910,136,0.14945054945054945,0.8553459119496856,0.07867392380009897,1.8996198769783674
core_logistic,2025-10,responded_strict,0.46,2021,930,137,0.14731182795698924,0.8616352201257862,0.07867392380009897,1.872435247176574
core_logistic,2025-10,responded_strict,0.47,2021,950,138,0.14526315789473684,0.8679245283018868,0.07867392380009897,1.8463952333664349
core_logistic,2025-10,responded_strict,0.48,2021,971,139,0.1431513903192585,0.8742138364779874,0.07867392380009897,1.8195532065108264
core_logistic,2025-10,responded_strict,0.49,2021,991,142,0.1432896064581231,0.8930817610062893,0.07867392380009897,1.821310029257024
core_logistic,2025-10,responded_strict,0.5,2021,1011,143,0.1414441147378833,0.89937106918239,0.07867392380009897,1.7978525527374976
core_logistic,2025-10,responded_strict,0.51,2021,1031,143,0.13870029097963144,0.89937106918239,0.07867392380009897,1.762976654527265
core_logistic,2025-10,responded_strict,0.52,2021,1051,143,0.13606089438629876,0.89937106918239,0.07867392380009897,1.7294280978283634
core_logistic,2025-10,responded_strict,0.53,2021,1072,143,0.1333955223880597,0.89937106918239,0.07867392380009897,1.695549375762696
core_logistic,2025-10,responded_strict,0.54,2021,1092,145,0.13278388278388278,0.9119496855345912,0.07867392380009897,1.6877750132467113
core_logistic,2025-10,responded_strict,0.55,2021,1112,145,0.1303956834532374,0.9119496855345912,0.07867392380009897,1.657419347540835
core_logistic,2025-10,responded_strict,0.56,2021,1132,145,0.12809187279151943,0.9119496855345912,0.07867392380009897,1.6281363201991241
core_logistic,2025-10,responded_strict,0.57,2021,1152,145,0.12586805555555555,0.9119496855345912,0.07867392380009897,1.5998700646401116
core_logistic,2025-10,responded_strict,0.58,2021,1173,145,0.12361466325660699,0.9119496855345912,0.07867392380009897,1.5712278895698284
core_logistic,2025-10,responded_strict,0.59,2021,1193,145,0.12154233025984912,0.9119496855345912,0.07867392380009897,1.5448871034915412
core_logistic,2025-10,responded_strict,0.6,2021,1213,145,0.11953833470733718,0.9119496855345912,0.07867392380009897,1.519414933607097
core_logistic,2025-10,responded_strict,0.61,2021,1233,147,0.1192214111922141,0.9245283018867925,0.07867392380009897,1.5153866164746208
core_logistic,2025-10,responded_strict,0.62,2021,1254,148,0.11802232854864433,0.9308176100628931,0.07867392380009897,1.5001454465208188
core_logistic,2025-10,responded_strict,0.63,2021,1274,148,0.11616954474097331,0.9308176100628931,0.07867392380009897,1.4765952825252016
core_logistic,2025-10,responded_strict,0.64,2021,1294,149,0.1151468315301391,0.9371069182389937,0.07867392380009897,1.4635958900780572
core_logistic,2025-10,responded_strict,0.65,2021,1314,149,0.11339421613394216,0.9371069182389937,0.07867392380009897,1.4413189358911767
core_logistic,2025-10,responded_strict,0.66,2021,1334,150,0.11244377811094453,0.9433962264150944,0.07867392380009897,1.4292382110831376
core_logistic,2025-10,responded_strict,0.67,2021,1355,151,0.11143911439114391,0.949685534591195,0.07867392380009897,1.4164682401540996
core_logistic,2025-10,responded_strict,0.68,2021,1375,152,0.11054545454545454,0.9559748427672956,0.07867392380009897,1.4051092052601486
core_logistic,2025-10,responded_strict,0.69,2021,1395,153,0.10967741935483871,0.9622641509433962,0.07867392380009897,1.394075877459931
core_logistic,2025-10,responded_strict,0.7,2021,1415,153,0.10812720848056537,0.9622641509433962,0.07867392380009897,1.3743716247749849
core_logistic,2025-10,responded_strict,0.71,2021,1435,154,0.1073170731707317,0.9685534591194969,0.07867392380009897,1.3640742445160299
core_logistic,2025-10,responded_strict,0.72,2021,1456,154,0.10576923076923077,0.9685534591194969,0.07867392380009897,1.3444000967585872
core_logistic,2025-10,responded_strict,0.73,2021,1476,154,0.1043360433604336,0.9685534591194969,0.07867392380009897,1.3261832932794735
core_logistic,2025-10,responded_strict,0.74,2021,1496,154,0.10294117647058823,0.9685534591194969,0.07867392380009897,1.3084535701072881
core_logistic,2025-10,responded_strict,0.75,2021,1516,154,0.10158311345646438,0.9685534591194969,0.07867392380009897,1.291191649657324
core_logistic,2025-10,responded_strict,0.76,2021,1536,154,0.10026041666666667,0.9685534591194969,0.07867392380009897,1.2743792583857443
core_logistic,2025-10,responded_strict,0.77,2021,1557,155,0.09955041746949261,0.9748427672955975,0.07867392380009897,1.2653546773952489
core_logistic,2025-10,responded_strict,0.78,2021,1577,155,0.09828788839568801,0.9748427672955975,0.07867392380009897,1.2493070594194053
core_logistic,2025-10,responded_strict,0.79,2021,1597,155,0.09705698184095178,0.9748427672955975,0.07867392380009897,1.2336613855381355
core_logistic,2025-10,responded_strict,0.8,2021,1617,155,0.095856524427953,0.9748427672955975,0.07867392380009897,1.2184027413137926
core_logistic,2025-10,responded_strict,0.81,2021,1638,155,0.09462759462759462,0.9748427672955975,0.07867392380009897,1.202782193348231
core_logistic,2025-10,responded_strict,0.82,2021,1658,155,0.09348612786489746,0.9748427672955975,0.07867392380009897,1.1882733611003633
core_logistic,2025-10,responded_strict,0.83,2021,1678,156,0.09296781883194279,0.9811320754716981,0.07867392380009897,1.181685294712933
core_logistic,2025-10,responded_strict,0.84,2021,1698,157,0.09246171967020024,0.9874213836477987,0.07867392380009897,1.1752524242356899
core_logistic,2025-10,responded_strict,0.85,2021,1718,157,0.09138533178114086,0.9874213836477987,0.07867392380009897,1.1615707894948784
core_logistic,2025-10,responded_strict,0.86,2021,1739,158,0.09085681426106958,0.9937106918238994,0.07867392380009897,1.1548529661737208
core_logistic,2025-10,responded_strict,0.87,2021,1759,158,0.08982376350198977,0.9937106918238994,0.07867392380009897,1.141722176336612
core_logistic,2025-10,responded_strict,0.88,2021,1779,158,0.08881394041596402,0.9937106918238994,0.07867392380009897,1.1288866262934798
core_logistic,2025-10,responded_strict,0.89,2021,1799,158,0.08782657031684268,0.9937106918238994,0.07867392380009897,1.1163364692474154
core_logistic,2025-10,responded_strict,0.9,2021,1819,158,0.0868609125893348,0.9937106918238994,0.07867392380009897,1.1040622914656957
core_logistic,2025-10,responded_strict,0.91,2021,1840,159,0.08641304347826087,1.0,0.07867392380009897,1.0983695652173913
core_logistic,2025-10,responded_strict,0.92,2021,1860,159,0.08548387096774193,1.0,0.07867392380009897,1.0865591397849461
core_logistic,2025-10,responded_strict,0.93,2021,1880,159,0.08457446808510638,1.0,0.07867392380009897,1.075
core_logistic,2025-10,responded_strict,0.94,2021,1900,159,0.08368421052631579,1.0,0.07867392380009897,1.0636842105263158
core_logistic,2025-10,responded_strict,0.95,2021,1920,159,0.0828125,1.0,0.07867392380009897,1.0526041666666666
core_logistic,2025-10,responded_strict,0.96,2021,1941,159,0.08191653786707882,1.0,0.07867392380009897,1.0412158681092218
core_logistic,2025-10,responded_strict,0.97,2021,1961,159,0.08108108108108109,1.0,0.07867392380009897,1.0305966343702193
core_logistic,2025-10,responded_strict,0.98,2021,1981,159,0.08026249369005553,1.0,0.07867392380009897,1.0201918223119637
core_logistic,2025-10,responded_strict,0.99,2021,2001,159,0.07946026986506746,1.0,0.07867392380009897,1.0099950024987505
core_logistic,2025-10,responded_strict,1.0,2021,2021,159,0.07867392380009897,1.0,0.07867392380009897,1.0
core_logistic,2025-11,responded_strict,0.01,2017,21,7,0.3333333333333333,0.04430379746835443,0.07833415964303421,4.255274261603375
core_logistic,2025-11,responded_strict,0.02,2017,41,15,0.36585365853658536,0.0949367088607595,0.07833415964303421,4.670422970052485
core_logistic,2025-11,responded_strict,0.03,2017,61,22,0.36065573770491804,0.13924050632911392,0.07833415964303421,4.604067233865948
core_logistic,2025-11,responded_strict,0.04,2017,81,26,0.32098765432098764,0.16455696202531644,0.07833415964303421,4.097671511173621
core_logistic,2025-11,responded_strict,0.05,2017,101,34,0.33663366336633666,0.21518987341772153,0.07833415964303421,4.297405689936083
core_logistic,2025-11,responded_strict,0.06,2017,122,41,0.3360655737704918,0.25949367088607594,0.07833415964303421,4.2901535588296325
core_logistic,2025-11,responded_strict,0.07,2017,142,45,0.31690140845070425,0.2848101265822785,0.07833415964303421,4.045507220538421
core_logistic,2025-11,responded_strict,0.08,2017,162,49,0.30246913580246915,0.310126582278481,0.07833415964303421,3.861267385528989
core_logistic,2025-11,responded_strict,0.09,2017,182,55,0.3021978021978022,0.34810126582278483,0.07833415964303421,3.857803588816247
core_logistic,2025-11,responded_strict,0.1,2017,202,58,0.2871287128712871,0.3670886075949367,0.07833415964303421,3.6654342649454814
core_logistic,2025-11,responded_strict,0.11,2017,222,60,0.2702702702702703,0.379746835443038,0.07833415964303421,3.4502223742730074
core_logistic,2025-11,responded_strict,0.12,2017,243,63,0.25925925925925924,0.3987341772151899,0.07833415964303421,3.3096577590248475
core_logistic,2025-11,responded_strict,0.13,2017,263,68,0.2585551330798479,0.43037974683544306,0.07833415964303421,3.3006690090003366
core_logistic,2025-11,responded_strict,0.14,2017,283,70,0.24734982332155478,0.4430379746835443,0.07833415964303421,3.1576240103770634
core_logistic,2025-11,responded_strict,0.15,2017,303,73,0.24092409240924093,0.4620253164556962,0.07833415964303421,3.0755942682875883
core_logistic,2025-11,responded_strict,0.16,2017,323,75,0.23219814241486067,0.47468354430379744,0.07833415964303421,2.964200337030215
core_logistic,2025-11,responded_strict,0.17,2017,343,77,0.22448979591836735,0.4873417721518987,0.07833415964303421,2.865796951692069
core_logistic,2025-11,responded_strict,0.18,2017,364,80,0.21978021978021978,0.5063291139240507,0.07833415964303421,2.8056753373209067
core_logistic,2025-11,responded_strict,0.19,2017,384,83,0.21614583333333334,0.5253164556962026,0.07833415964303421,2.759279404008439
core_logistic,2025-11,responded_strict,0.2,2017,404,85,0.2103960396039604,0.5379746835443038,0.07833415964303421,2.685878556210051
core_logistic,2025-11,responded_strict,0.21,2017,424,87,0.20518867924528303,0.5506329113924051,0.07833415964303421,2.6194023166945306
core_logistic,2025-11,responded_strict,0.22,2017,444,91,0.20495495495495494,0.5759493670886076,0.07833415964303421,2.616418633823697
core_logistic,2025-11,responded_strict,0.23,2017,464,92,0.19827586206896552,0.5822784810126582,0.07833415964303421,2.53115451767787
core_logistic,2025-11,responded_strict,0.24,2017,485,93,0.19175257731958764,0.5886075949367089,0.07833415964303421,2.4478794205924572
core_logistic,2025-11,responded_strict,0.25,2017,505,95,0.18811881188118812,0.6012658227848101,0.07833415964303421,2.401491414964281
core_logistic,2025-11,responded_strict,0.26,2017,525,97,0.18476190476190477,0.6139240506329114,0.07833415964303421,2.3586377335744424
core_logistic,2025-11,responded_strict,0.27,2017,545,97,0.1779816513761468,0.6139240506329114,0.07833415964303421,2.2720822204157476
core_logistic,2025-11,responded_strict,0.28,2017,565,98,0.17345132743362832,0.620253164556962,0.07833415964303421,2.2142489078077743
core_logistic,2025-11,responded_strict,0.29,2017,585,100,0.17094017094017094,0.6329113924050633,0.07833415964303421,2.182191929027372
core_logistic,2025-11,responded_strict,0.3,2017,606,101,0.16666666666666666,0.6392405063291139,0.07833415964303421,2.1276371308016877
core_logistic,2025-11,responded_strict,0.31,2017,626,105,0.16773162939297126,0.6645569620253164,0.07833415964303421,2.1412322562381205
core_logistic,2025-11,responded_strict,0.32,2017,646,108,0.16718266253869968,0.6835443037974683,0.07833415964303421,2.134224242661755
core_logistic,2025-11,responded_strict,0.33,2017,666,109,0.16366366366366367,0.689873417721519,0.07833415964303421,2.0893013266430986
core_logistic,2025-11,responded_strict,0.34,2017,686,111,0.1618075801749271,0.7025316455696202,0.07833415964303421,2.0656068937520757
core_logistic,2025-11,responded_strict,0.35,2017,706,112,0.15864022662889518,0.7088607594936709,0.07833415964303421,2.0251730196865925
core_logistic,2025-11,responded_strict,0.36,2017,727,113,0.15543328748280605,0.7151898734177216,0.07833415964303421,1.984233802865948
core_logistic,2025-11,responded_strict,0.37,2017,747,116,0.15528781793842034,0.7341772151898734,0.07833415964303421,1.982376764441733
core_logistic,2025-11,responded_strict,0.38,2017,767,116,0.15123859191655803,0.7341772151898734,0.07833415964303421,1.930685062630997
core_logistic,2025-11,responded_strict,0.39,2017,787,117,0.14866581956797967,0.740506329113924,0.07833415964303421,1.897841506763386
core_logistic,2025-11,responded_strict,0.4,2017,807,118,0.14622057001239158,0.7468354430379747,0.07833415964303421,1.8666258842721128
core_logistic,2025-11,responded_strict,0.41,2017,827,120,0.14510278113663846,0.759493670886076,0.07833415964303421,1.8523563895734163
core_logistic,2025-11,responded_strict,0.42,2017,848,122,0.14386792452830188,0.7721518987341772,0.07833415964303421,1.83659242894674
core_logistic,2025-11,responded_strict,0.43,2017,868,123,0.14170506912442396,0.7784810126582279,0.07833415964303421,1.8089818001516653
core_logistic,2025-11,responded_strict,0.44,2017,888,123,0.13851351351351351,0.7784810126582279,0.07833415964303421,1.768238966814916
core_logistic,2025-11,responded_strict,0.45,2017,908,123,0.1354625550660793,0.7784810126582279,0.07833415964303421,1.7292909719511516
core_logistic,2025-11,responded_strict,0.46,2017,928,123,0.13254310344827586,0.7784810126582279,0.07833415964303421,1.6920217699694455
core_logistic,2025-11,responded_strict,0.47,2017,948,124,0.1308016877637131,0.7848101265822784,0.07833415964303421,1.6697911659456286
core_logistic,2025-11,responded_strict,0.48,2017,969,126,0.13003095975232198,0.7974683544303798,0.07833415964303421,1.6599521887369204
core_logistic,2025-11,responded_strict,0.49,2017,989,127,0.12841253791708795,0.8037974683544303,0.07833415964303421,1.6392917023972557
core_logistic,2025-11,responded_strict,0.5,2017,1009,129,0.1278493557978196,0.8164556962025317,0.07833415964303421,1.6321022192671022
core_logistic,2025-11,responded_strict,0.51,2017,1029,130,0.12633624878522837,0.8227848101265823,0.07833415964303421,1.612786163289909
core_logistic,2025-11,responded_strict,0.52,2017,1049,131,0.12488083889418494,0.8291139240506329,0.07833415964303421,1.5942066585415888
core_logistic,2025-11,responded_strict,0.53,2017,1070,132,0.1233644859813084,0.8354430379746836,0.07833415964303421,1.5748491659765762
core_logistic,2025-11,responded_strict,0.54,2017,1090,133,0.12201834862385322,0.8417721518987342,0.07833415964303421,1.5576646150272908
core_logistic,2025-11,responded_strict,0.55,2017,1110,133,0.11981981981981982,0.8417721518987342,0.07833415964303421,1.5295985859276997
core_logistic,2025-11,responded_strict,0.56,2017,1130,135,0.11946902654867257,0.8544303797468354,0.07833415964303421,1.5251204211941303
core_logistic,2025-11,responded_strict,0.57,2017,1150,136,0.11826086956521739,0.8607594936708861,0.07833415964303421,1.5096973032471106
core_logistic,2025-11,responded_strict,0.58,2017,1170,136,0.11623931623931624,0.8607594936708861,0.07833415964303421,1.483890511738613
core_logistic,2025-11,responded_strict,0.59,2017,1191,137,0.11502938706968933,0.8670886075949367,0.07833415964303421,1.4684447703769834
core_logistic,2025-11,responded_strict,0.6,2017,1211,138,0.11395540875309662,0.8734177215189873,0.07833415964303421,1.4547345535126321
core_logistic,2025-11,responded_strict,0.61,2017,1231,138,0.11210398050365557,0.8734177215189873,0.07833415964303421,1.4310995485814764
core_logistic,2025-11,responded_strict,0.62,2017,1251,139,0.1111111111111111,0.879746835443038,0.07833415964303421,1.4184247538677917
core_logistic,2025-11,responded_strict,0.63,2017,1271,141,0.1109362706530291,0.8924050632911392,0.07833415964303421,1.416192771564302
core_logistic,2025-11,responded_strict,0.64,2017,1291,141,0.10921766072811774,0.8924050632911392,0.07833415964303421,1.3942533018266676
core_logistic,2025-11,responded_strict,0.65,2017,1312,143,0.10899390243902439,0.9050632911392406,0.07833415964303421,1.3913968431614696
core_logistic,2025-11,responded_strict,0.66,2017,1332,144,0.10810810810810811,0.9113924050632911,0.07833415964303421,1.380088949709203
core_logistic,2025-11,responded_strict,0.67,2017,1352,144,0.10650887573964497,0.9113924050632911,0.07833415964303421,1.3596734327016704
core_logistic,2025-11,responded_strict,0.68,2017,1372,145,0.10568513119533528,0.9177215189873418,0.07833415964303421,1.3491576558290586
core_logistic,2025-11,responded_strict,0.69,2017,1392,147,0.10560344827586207,0.930379746835443,0.07833415964303421,1.3481149061545177
core_logistic,2025-11,responded_strict,0.7,2017,1412,147,0.10410764872521247,0.930379746835443,0.07833415964303421,1.3290197941693263
core_logistic,2025-11,responded_strict,0.71,2017,1433,149,0.10397766922540126,0.9430379746835443,0.07833415964303421,1.3273604989090781
core_logistic,2025-11,responded_strict,0.72,2017,1453,149,0.10254645560908465,0.9430379746835443,0.07833415964303421,1.309089879515973
core_logistic,2025-11,responded_strict,0.73,2017,1473,151,0.10251188051595383,0.9556962025316456,0.07833415964303421,1.3086485000042967
core_logistic,2025-11,responded_strict,0.74,2017,1493,151,0.10113864701942397,0.9556962025316456,0.07833415964303421,1.2911180445454313
core_logistic,2025-11,responded_strict,0.75,2017,1513,151,0.09980171844018507,0.9556962025316456,0.07833415964303421,1.2740510512269194
core_logistic,2025-11,responded_strict,0.76,2017,1533,152,0.09915198956294846,0.9620253164556962,0.07833415964303421,1.2657567275219432
core_logistic,2025-11,responded_strict,0.77,2017,1554,152,0.0978120978120978,0.9620253164556962,0.07833415964303421,1.2486519068797548
core_logistic,2025-11,responded_strict,0.78,2017,1574,152,0.096569250317662,0.9620253164556962,0.07833415964303421,1.2327859360172422
core_logistic,2025-11,responded_strict,0.79,2017,1594,152,0.09535759096612297,0.9620253164556962,0.07833415964303421,1.2173181074599368
core_logistic,2025-11,responded_strict,0.8,2017,1614,153,0.09479553903345725,0.9683544303797469,0.07833415964303421,1.2101430520916663
core_logistic,2025-11,responded_strict,0.81,2017,1634,154,0.09424724602203183,0.9746835443037974,0.07833415964303421,1.2031436406736595
core_logistic,2025-11,responded_strict,0.82,2017,1654,155,0.09371221281741234,0.9810126582278481,0.07833415964303421,1.196313501599498
core_logistic,2025-11,responded_strict,0.83,2017,1675,156,0.09313432835820895,0.9873417721518988,0.07833415964303421,1.1889363310032117
core_logistic,2025-11,responded_strict,0.84,2017,1695,156,0.0920353982300885,0.9873417721518988,0.07833415964303421,1.1749075837347374
core_logistic,2025-11,responded_strict,0.85,2017,1715,157,0.09154518950437318,0.9936708860759493,0.07833415964303421,1.1686496660146881
core_logistic,2025-11,responded_strict,0.86,2017,1735,157,0.0904899135446686,0.9936708860759493,0.07833415964303421,1.1551782001240287
core_logistic,2025-11,responded_strict,0.87,2017,1755,157,0.08945868945868946,0.9936708860759493,0.07833415964303421,1.1420137761909914
core_logistic,2025-11,responded_strict,0.88,2017,1775,157,0.08845070422535212,0.9936708860759493,0.07833415964303421,1.1291460153325015
core_logistic,2025-11,responded_strict,0.89,2017,1796,157,0.08741648106904232,0.9936708860759493,0.07833415964303421,1.1159433057991035
core_logistic,2025-11,responded_strict,0.9,2017,1816,157,0.08645374449339208,0.9936708860759493,0.07833415964303421,1.1036531812858976
core_logistic,2025-11,responded_strict,0.91,2017,1836,158,0.0860566448801743,1.0,0.07833415964303421,1.0985838779956427
core_logistic,2025-11,responded_strict,0.92,2017,1856,158,0.08512931034482758,1.0,0.07833415964303421,1.0867456896551724
core_logistic,2025-11,responded_strict,0.93,2017,1876,158,0.08422174840085288,1.0,0.07833415964303421,1.0751599147121536
core_logistic,2025-11,responded_strict,0.94,2017,1896,158,0.08333333333333333,1.0,0.07833415964303421,1.0638185654008439
core_logistic,2025-11,responded_strict,0.95,2017,1917,158,0.08242044861763172,1.0,0.07833415964303421,1.0521648408972353
core_logistic,2025-11,responded_strict,0.96,2017,1937,158,0.08156943727413526,1.0,0.07833415964303421,1.0413009808982965
core_logistic,2025-11,responded_strict,0.97,2017,1957,158,0.0807358201328564,1.0,0.07833415964303421,1.0306591722023504
core_logistic,2025-11,responded_strict,0.98,2017,1977,158,0.07991906929691452,1.0,0.07833415964303421,1.0202326757713707
core_logistic,2025-11,responded_strict,0.99,2017,1997,158,0.07911867801702553,1.0,0.07833415964303421,1.0100150225338007
core_logistic,2025-11,responded_strict,1.0,2017,2017,158,0.07833415964303421,1.0,0.07833415964303421,1.0
core_logistic,2025-12,responded_strict,0.01,2022,21,8,0.38095238095238093,0.055944055944055944,0.07072205736894165,5.386613386613386
core_logistic,2025-12,responded_strict,0.02,2022,41,18,0.43902439024390244,0.1258741258741259,0.07072205736894165,6.207743476036159
core_logistic,2025-12,responded_strict,0.03,2022,61,22,0.36065573770491804,0.15384615384615385,0.07072205736894165,5.099621689785624
core_logistic,2025-12,responded_strict,0.04,2022,81,24,0.2962962962962963,0.16783216783216784,0.07072205736894165,4.189588189588189
core_logistic,2025-12,responded_strict,0.05,2022,102,29,0.28431372549019607,0.20279720279720279,0.07072205736894165,4.020156314273961
core_logistic,2025-12,responded_strict,0.06,2022,122,34,0.2786885245901639,0.23776223776223776,0.07072205736894165,3.940616760288891
core_logistic,2025-12,responded_strict,0.07,2022,142,37,0.2605633802816901,0.25874125874125875,0.07072205736894165,3.6843297547522895
core_logistic,2025-12,responded_strict,0.08,2022,162,43,0.2654320987654321,0.3006993006993007,0.07072205736894165,3.7531727531727532
core_logistic,2025-12,responded_strict,0.09,2022,182,49,0.2692307692307692,0.34265734265734266,0.07072205736894165,3.8068854222700375
core_logistic,2025-12,responded_strict,0.1,2022,203,53,0.26108374384236455,0.3706293706293706,0.07072205736894165,3.6916876227221054
core_logistic,2025-12,responded_strict,0.11,2022,223,59,0.2645739910313901,0.4125874125874126,0.07072205736894165,3.741039229828467
core_logistic,2025-12,responded_strict,0.12,2022,243,60,0.24691358024691357,0.4195804195804196,0.07072205736894165,3.4913234913234907
core_logistic,2025-12,responded_strict,0.13,2022,263,62,0.23574144486692014,0.43356643356643354,0.07072205736894165,3.333351059586801
core_logistic,2025-12,responded_strict,0.14,2022,284,64,0.22535211267605634,0.44755244755244755,0.07072205736894165,3.1864473554614396
core_logistic,2025-12,responded_strict,0.15,2022,304,65,0.2138157894736842,0.45454545454545453,0.07072205736894165,3.0233253588516744
core_logistic,2025-12,responded_strict,0.16,2022,324,65,0.2006172839506173,0.45454545454545453,0.07072205736894165,2.8367003367003365
core_logistic,2025-12,responded_strict,0.17,2022,344,68,0.19767441860465115,0.4755244755244755,0.07072205736894165,2.7950886322979343
core_logistic,2025-12,responded_strict,0.18,2022,364,69,0.18956043956043955,0.4825174825174825,0.07072205736894165,2.6803581034350263
core_logistic,2025-12,responded_strict,0.19,2022,385,73,0.18961038961038962,0.5104895104895105,0.07072205736894165,2.6810643901552993
core_logistic,2025-12,responded_strict,0.2,2022,405,74,0.18271604938271604,0.5174825174825175,0.07072205736894165,2.583579383579383
core_logistic,2025-12,responded_strict,0.21,2022,425,78,0.18352941176470589,0.5454545454545454,0.07072205736894165,2.595080213903743
core_logistic,2025-12,responded_strict,0.22,2022,445,80,0.1797752808988764,0.5594405594405595,0.07072205736894165,2.5419973285141824
core_logistic,2025-12,responded_strict,0.23,2022,466,81,0.17381974248927037,0.5664335664335665,0.07072205736894165,2.4577868483447878
core_logistic,2025-12,responded_strict,0.24,2022,486,83,0.17078189300411523,0.5804195804195804,0.07072205736894165,2.414832081498748
core_logistic,2025-12,responded_strict,0.25,2022,506,84,0.16600790513833993,0.5874125874125874,0.07072205736894165,2.347328560767296
core_logistic,2025-12,responded_strict,0.26,2022,526,88,0.16730038022813687,0.6153846153846154,0.07072205736894165,2.365603977771278
core_logistic,2025-12,responded_strict,0.27,2022,546,90,0.16483516483516483,0.6293706293706294,0.07072205736894165,2.330746176900023
core_logistic,2025-12,responded_strict,0.28,2022,567,93,0.164021164021164,0.6503496503496503,0.07072205736894165,2.319236319236319
core_logistic,2025-12,responded_strict,0.29,2022,587,95,0.16183986371379896,0.6643356643356644,0.07072205736894165,2.2883930379671433
core_logistic,2025-12,responded_strict,0.3,2022,607,99,0.1630971993410214,0.6923076923076923,0.07072205736894165,2.306171587884932
core_logistic,2025-12,responded_strict,0.31,2022,627,100,0.1594896331738437,0.6993006993006993,0.07072205736894165,2.255161106835748
core_logistic,2025-12,responded_strict,0.32,2022,648,102,0.1574074074074074,0.7132867132867133,0.07072205736894165,2.2257187257187256
core_logistic,2025-12,responded_strict,0.33,2022,668,104,0.15568862275449102,0.7272727272727273,0.07072205736894165,2.20141535111595
core_logistic,2025-12,responded_strict,0.34,2022,688,104,0.1511627906976744,0.7272727272727273,0.07072205736894165,2.137420718816067
core_logistic,2025-12,responded_strict,0.35,2022,708,105,0.1483050847457627,0.7342657342657343,0.07072205736894165,2.09701315633519
core_logistic,2025-12,responded_strict,0.36,2022,728,106,0.14560439560439561,0.7412587412587412,0.07072205736894165,2.0588257895950206
core_logistic,2025-12,responded_strict,0.37,2022,749,108,0.14419225634178906,0.7552447552447552,0.07072205736894165,2.0388583379237586
core_logistic,2025-12,responded_strict,0.38,2022,769,108,0.14044213263979194,0.7552447552447552,0.07072205736894165,1.9858321132703447
core_logistic,2025-12,responded_strict,0.39,2022,789,109,0.13814955640050697,0.7622377622377622,0.07072205736894165,1.9534154058868887
core_logistic,2025-12,responded_strict,0.4,2022,809,110,0.13597033374536466,0.7692307692307693,0.07072205736894165,1.9226015023295617
core_logistic,2025-12,responded_strict,0.41,2022,830,110,0.13253012048192772,0.7692307692307693,0.07072205736894165,1.8739573679332715
core_logistic,2025-12,responded_strict,0.42,2022,850,111,0.13058823529411764,0.7762237762237763,0.07072205736894165,1.846499382969971
core_logistic,2025-12,responded_strict,0.43,2022,870,111,0.12758620689655173,0.7762237762237763,0.07072205736894165,1.8040511212925006
core_logistic,2025-12,responded_strict,0.44,2022,890,113,0.12696629213483146,0.7902097902097902,0.07072205736894165,1.7952856132631412
core_logistic,2025-12,responded_strict,0.45,2022,910,114,0.12527472527472527,0.7972027972027972,0.07072205736894165,1.7713670944440174
core_logistic,2025-12,responded_strict,0.46,2022,931,117,0.12567132116004295,0.8181818181818182,0.07072205736894165,1.7769749047944534
core_logistic,2025-12,responded_strict,0.47,2022,951,118,0.12407991587802314,0.8251748251748252,0.07072205736894165,1.7544726566808586
core_logistic,2025-12,responded_strict,0.48,2022,971,119,0.12255406797116375,0.8321678321678322,0.07072205736894165,1.7328973806831685
core_logistic,2025-12,responded_strict,0.49,2022,991,121,0.12209889001009082,0.8461538461538461,0.07072205736894165,1.7264612279748506
core_logistic,2025-12,responded_strict,0.5,2022,1011,121,0.11968348170128586,0.8461538461538461,0.07072205736894165,1.6923076923076923
core_logistic,2025-12,responded_strict,0.51,2022,1032,121,0.11724806201550388,0.8461538461538461,0.07072205736894165,1.657871198568873
core_logistic,2025-12,responded_strict,0.52,2022,1052,125,0.1188212927756654,0.8741258741258742,0.07072205736894165,1.6801164614852828
core_logistic,2025-12,responded_strict,0.53,2022,1072,127,0.11847014925373134,0.8881118881118881,0.07072205736894165,1.6751513411961172
core_logistic,2025-12,responded_strict,0.54,2022,1092,127,0.1163003663003663,0.8881118881118881,0.07072205736894165,1.6444709137016829
core_logistic,2025-12,responded_strict,0.55,2022,1113,128,0.11500449236298294,0.8951048951048951,0.07072205736894165,1.6261474374681921
core_logistic,2025-12,responded_strict,0.56,2022,1133,128,0.11297440423654016,0.8951048951048951,0.07072205736894165,1.5974422752887008
core_logistic,2025-12,responded_strict,0.57,2022,1153,130,0.11274934952298352,0.9090909090909091,0.07072205736894165,1.5942600331151935
core_logistic,2025-12,responded_strict,0.58,2022,1173,130,0.11082693947144075,0.9090909090909091,0.07072205736894165,1.5670774238549172
core_logistic,2025-12,responded_strict,0.59,2022,1193,133,0.11148365465213747,0.9300699300699301,0.07072205736894165,1.576363284661692
core_logistic,2025-12,responded_strict,0.6,2022,1214,133,0.10955518945634267,0.9300699300699301,0.07072205736894165,1.5490950565085655
core_logistic,2025-12,responded_strict,0.61,2022,1234,134,0.1085899513776337,0.9370629370629371,0.07072205736894165,1.5354467250739534
core_logistic,2025-12,responded_strict,0.62,2022,1254,134,0.10685805422647528,0.9370629370629371,0.07072205736894165,1.510957941579951
core_logistic,2025-12,responded_strict,0.63,2022,1274,135,0.10596546310832025,0.9440559440559441,0.07072205736894165,1.4983368280071576
core_logistic,2025-12,responded_strict,0.64,2022,1295,136,0.10501930501930502,0.951048951048951,0.07072205736894165,1.484958284958285
core_logistic,2025-12,responded_strict,0.65,2022,1315,136,0.10342205323193916,0.951048951048951,0.07072205736894165,1.46237336807679
core_logistic,2025-12,responded_strict,0.66,2022,1335,136,0.10187265917602996,0.951048951048951,0.07072205736894165,1.4404651528247032
core_logistic,2025-12,responded_strict,0.67,2022,1355,136,0.1003690036900369,0.951048951048951,0.07072205736894165,1.419203674554228
core_logistic,2025-12,responded_strict,0.68,2022,1375,136,0.0989090909090909,0.951048951048951,0.07072205736894165,1.3985607120152572
core_logistic,2025-12,responded_strict,0.69,2022,1396,137,0.09813753581661891,0.958041958041958,0.07072205736894165,1.3876510309175065
core_logistic,2025-12,responded_strict,0.7,2022,1416,137,0.09675141242937853,0.958041958041958,0.07072205736894165,1.3680514400853383
core_logistic,2025-12,responded_strict,0.71,2022,1436,137,0.09540389972144847,0.958041958041958,0.07072205736894165,1.3489977988585231
core_logistic,2025-12,responded_strict,0.72,2022,1456,137,0.09409340659340659,0.958041958041958,0.07072205736894165,1.330467609313763
core_logistic,2025-12,responded_strict,0.73,2022,1477,137,0.0927555856465809,0.958041958041958,0.07072205736894165,1.3115510082334725
core_logistic,2025-12,responded_strict,0.74,2022,1497,137,0.09151636606546426,0.958041958041958,0.07072205736894165,1.2940286166739072
core_logistic,2025-12,responded_strict,0.75,2022,1517,137,0.0903098220171391,0.958041958041958,0.07072205736894165,1.2769682525780086
core_logistic,2025-12,responded_strict,0.76,2022,1537,138,0.08978529603122967,0.965034965034965,0.07072205736894165,1.2695515284975272
core_logistic,2025-12,responded_strict,0.77,2022,1557,138,0.08863198458574181,0.965034965034965,0.07072205736894165,1.2532438659606289
core_logistic,2025-12,responded_strict,0.78,2022,1578,140,0.08871989860583017,0.9790209790209791,0.07072205736894165,1.2544869579090112
core_logistic,2025-12,responded_strict,0.79,2022,1598,140,0.08760951188986232,0.9790209790209791,0.07072205736894165,1.2387862450440672
core_logistic,2025-12,responded_strict,0.8,2022,1618,140,0.0865265760197775,0.9790209790209791,0.07072205736894165,1.22347368330063
core_logistic,2025-12,responded_strict,0.81,2022,1638,140,0.08547008547008547,0.9790209790209791,0.07072205736894165,1.2085350546889009
core_logistic,2025-12,responded_strict,0.82,2022,1659,140,0.08438818565400844,0.9790209790209791,0.07072205736894165,1.1932371426042312
core_logistic,2025-12,responded_strict,0.83,2022,1679,140,0.08338296605122096,0.9790209790209791,0.07072205736894165,1.1790234780109705
core_logistic,2025-12,responded_strict,0.84,2022,1699,140,0.0824014125956445,0.9790209790209791,0.07072205736894165,1.1651444494293228
core_logistic,2025-12,responded_strict,0.85,2022,1719,140,0.08144269924374636,0.9790209790209791,0.07072205736894165,1.1515883767192667
core_logistic,2025-12,responded_strict,0.86,2022,1739,140,0.08050603795284646,0.9790209790209791,0.07072205736894165,1.1383441170675213
core_logistic,2025-12,responded_strict,0.87,2022,1760,140,0.07954545454545454,0.9790209790209791,0.07072205736894165,1.1247616020343292
core_logistic,2025-12,responded_strict,0.88,2022,1780,140,0.07865168539325842,0.9790209790209791,0.07072205736894165,1.1121238312249546
core_logistic,2025-12,responded_strict,0.89,2022,1800,141,0.07833333333333334,0.986013986013986,0.07072205736894165,1.1076223776223777
core_logistic,2025-12,responded_strict,0.9,2022,1820,142,0.07802197802197802,0.993006993006993,0.07072205736894165,1.1032198570660108
core_logistic,2025-12,responded_strict,0.91,2022,1841,142,0.07713199348180337,0.993006993006993,0.07072205736894165,1.0906356001413036
core_logistic,2025-12,responded_strict,0.92,2022,1861,142,0.07630306286942504,0.993006993006993,0.07072205736894165,1.0789146372166254
core_logistic,2025-12,responded_strict,0.93,2022,1881,142,0.07549175970228601,0.993006993006993,0.07072205736894165,1.0674429239022538
core_logistic,2025-12,responded_strict,0.94,2022,1901,142,0.07469752761704367,0.993006993006993,0.07072205736894165,1.0562125932983377
core_logistic,2025-12,responded_strict,0.95,2022,1921,143,0.07444039562727746,1.0,0.07072205736894165,1.0525767829255595
core_logistic,2025-12,responded_strict,0.96,2022,1942,143,0.07363542739443872,1.0,0.07072205736894165,1.0411946446961895
core_logistic,2025-12,responded_strict,0.97,2022,1962,143,0.0728848114169215,1.0,0.07072205736894165,1.0305810397553516
core_logistic,2025-12,responded_strict,0.98,2022,1982,143,0.07214934409687185,1.0,0.07072205736894165,1.0201816347124117
core_logistic,2025-12,responded_strict,0.99,2022,2002,143,0.07142857142857142,1.0,0.07072205736894165,1.0099900099900099
core_logistic,2025-12,responded_strict,1.0,2022,2022,143,0.07072205736894165,1.0,0.07072205736894165,1.0
extended_logistic,2025-07,responded_strict,0.01,2025,21,11,0.5238095238095238,0.07333333333333333,0.07407407407407407,7.071428571428572
extended_logistic,2025-07,responded_strict,0.02,2025,41,18,0.43902439024390244,0.12,0.07407407407407407,5.926829268292683
extended_logistic,2025-07,responded_strict,0.03,2025,61,22,0.36065573770491804,0.14666666666666667,0.07407407407407407,4.868852459016394
extended_logistic,2025-07,responded_strict,0.04,2025,81,28,0.345679012345679,0.18666666666666668,0.07407407407407407,4.666666666666667
extended_logistic,2025-07,responded_strict,0.05,2025,102,31,0.30392156862745096,0.20666666666666667,0.07407407407407407,4.102941176470588
extended_logistic,2025-07,responded_strict,0.06,2025,122,36,0.29508196721311475,0.24,0.07407407407407407,3.9836065573770494
extended_logistic,2025-07,responded_strict,0.07,2025,142,42,0.29577464788732394,0.28,0.07407407407407407,3.9929577464788735
extended_logistic,2025-07,responded_strict,0.08,2025,162,47,0.29012345679012347,0.31333333333333335,0.07407407407407407,3.916666666666667
extended_logistic,2025-07,responded_strict,0.09,2025,183,53,0.2896174863387978,0.35333333333333333,0.07407407407407407,3.9098360655737707
extended_logistic,2025-07,responded_strict,0.1,2025,203,56,0.27586206896551724,0.37333333333333335,0.07407407407407407,3.724137931034483
extended_logistic,2025-07,responded_strict,0.11,2025,223,62,0.27802690582959644,0.41333333333333333,0.07407407407407407,3.753363228699552
extended_logistic,2025-07,responded_strict,0.12,2025,243,65,0.2674897119341564,0.43333333333333335,0.07407407407407407,3.611111111111111
extended_logistic,2025-07,responded_strict,0.13,2025,264,66,0.25,0.44,0.07407407407407407,3.375
extended_logistic,2025-07,responded_strict,0.14,2025,284,69,0.24295774647887325,0.46,0.07407407407407407,3.279929577464789
extended_logistic,2025-07,responded_strict,0.15,2025,304,73,0.24013157894736842,0.4866666666666667,0.07407407407407407,3.241776315789474
extended_logistic,2025-07,responded_strict,0.16,2025,324,73,0.22530864197530864,0.4866666666666667,0.07407407407407407,3.041666666666667
extended_logistic,2025-07,responded_strict,0.17,2025,345,77,0.22318840579710145,0.5133333333333333,0.07407407407407407,3.0130434782608697
extended_logistic,2025-07,responded_strict,0.18,2025,365,80,0.2191780821917808,0.5333333333333333,0.07407407407407407,2.958904109589041
extended_logistic,2025-07,responded_strict,0.19,2025,385,82,0.21298701298701297,0.5466666666666666,0.07407407407407407,2.8753246753246753
extended_logistic,2025-07,responded_strict,0.2,2025,405,85,0.20987654320987653,0.5666666666666667,0.07407407407407407,2.8333333333333335
extended_logistic,2025-07,responded_strict,0.21,2025,426,85,0.19953051643192488,0.5666666666666667,0.07407407407407407,2.693661971830986
extended_logistic,2025-07,responded_strict,0.22,2025,446,87,0.19506726457399104,0.58,0.07407407407407407,2.633408071748879
extended_logistic,2025-07,responded_strict,0.23,2025,466,89,0.19098712446351931,0.5933333333333334,0.07407407407407407,2.578326180257511
extended_logistic,2025-07,responded_strict,0.24,2025,486,91,0.18724279835390947,0.6066666666666667,0.07407407407407407,2.527777777777778
extended_logistic,2025-07,responded_strict,0.25,2025,507,93,0.1834319526627219,0.62,0.07407407407407407,2.4763313609467454
extended_logistic,2025-07,responded_strict,0.26,2025,527,96,0.18216318785578747,0.64,0.07407407407407407,2.459203036053131
extended_logistic,2025-07,responded_strict,0.27,2025,547,97,0.1773308957952468,0.6466666666666666,0.07407407407407407,2.393967093235832
extended_logistic,2025-07,responded_strict,0.28,2025,567,99,0.1746031746031746,0.66,0.07407407407407407,2.357142857142857
extended_logistic,2025-07,responded_strict,0.29,2025,588,102,0.17346938775510204,0.68,0.07407407407407407,2.3418367346938775
extended_logistic,2025-07,responded_strict,0.3,2025,608,103,0.16940789473684212,0.6866666666666666,0.07407407407407407,2.2870065789473686
extended_logistic,2025-07,responded_strict,0.31,2025,628,105,0.16719745222929935,0.7,0.07407407407407407,2.2571656050955413
extended_logistic,2025-07,responded_strict,0.32,2025,648,107,0.16512345679012347,0.7133333333333334,0.07407407407407407,2.229166666666667
extended_logistic,2025-07,responded_strict,0.33,2025,669,107,0.15994020926756353,0.7133333333333334,0.07407407407407407,2.1591928251121075
extended_logistic,2025-07,responded_strict,0.34,2025,689,108,0.1567489114658926,0.72,0.07407407407407407,2.11611030478955
extended_logistic,2025-07,responded_strict,0.35,2025,709,113,0.15937940761636107,0.7533333333333333,0.07407407407407407,2.151622002820875
extended_logistic,2025-07,responded_strict,0.36,2025,729,115,0.15775034293552812,0.7666666666666667,0.07407407407407407,2.1296296296296298
extended_logistic,2025-07,responded_strict,0.37,2025,750,117,0.156,0.78,0.07407407407407407,2.1060000000000003
extended_logistic,2025-07,responded_strict,0.38,2025,770,120,0.15584415584415584,0.8,0.07407407407407407,2.103896103896104
extended_logistic,2025-07,responded_strict,0.39,2025,790,123,0.15569620253164557,0.82,0.07407407407407407,2.1018987341772153
extended_logistic,2025-07,responded_strict,0.4,2025,810,124,0.15308641975308643,0.8266666666666667,0.07407407407407407,2.066666666666667
extended_logistic,2025-07,responded_strict,0.41,2025,831,125,0.15042117930204574,0.8333333333333334,0.07407407407407407,2.0306859205776178
extended_logistic,2025-07,responded_strict,0.42,2025,851,127,0.1492361927144536,0.8466666666666667,0.07407407407407407,2.0146886016451235
extended_logistic,2025-07,responded_strict,0.43,2025,871,127,0.14580941446613088,0.8466666666666667,0.07407407407407407,1.968427095292767
extended_logistic,2025-07,responded_strict,0.44,2025,891,129,0.1447811447811448,0.86,0.07407407407407407,1.9545454545454548
extended_logistic,2025-07,responded_strict,0.45,2025,912,132,0.14473684210526316,0.88,0.07407407407407407,1.9539473684210529
extended_logistic,2025-07,responded_strict,0.46,2025,932,134,0.14377682403433475,0.8933333333333333,0.07407407407407407,1.9409871244635193
extended_logistic,2025-07,responded_strict,0.47,2025,952,134,0.1407563025210084,0.8933333333333333,0.07407407407407407,1.9002100840336136
extended_logistic,2025-07,responded_strict,0.48,2025,972,134,0.13786008230452676,0.8933333333333333,0.07407407407407407,1.8611111111111114
extended_logistic,2025-07,responded_strict,0.49,2025,993,134,0.13494461228600202,0.8933333333333333,0.07407407407407407,1.8217522658610275
extended_logistic,2025-07,responded_strict,0.5,2025,1013,135,0.1332675222112537,0.9,0.07407407407407407,1.7991115498519252
extended_logistic,2025-07,responded_strict,0.51,2025,1033,135,0.13068731848983542,0.9,0.07407407407407407,1.7642787996127782
extended_logistic,2025-07,responded_strict,0.52,2025,1053,136,0.1291547958214625,0.9066666666666666,0.07407407407407407,1.7435897435897438
extended_logistic,2025-07,responded_strict,0.53,2025,1074,136,0.1266294227188082,0.9066666666666666,0.07407407407407407,1.7094972067039107
extended_logistic,2025-07,responded_strict,0.54,2025,1094,136,0.12431444241316271,0.9066666666666666,0.07407407407407407,1.6782449725776967
extended_logistic,2025-07,responded_strict,0.55,2025,1114,136,0.12208258527827648,0.9066666666666666,0.07407407407407407,1.6481149012567327
extended_logistic,2025-07,responded_strict,0.56,2025,1134,137,0.12081128747795414,0.9133333333333333,0.07407407407407407,1.630952380952381
extended_logistic,2025-07,responded_strict,0.57,2025,1155,138,0.11948051948051948,0.92,0.07407407407407407,1.612987012987013
extended_logistic,2025-07,responded_strict,0.58,2025,1175,139,0.11829787234042553,0.9266666666666666,0.07407407407407407,1.5970212765957448
extended_logistic,2025-07,responded_strict,0.59,2025,1195,139,0.11631799163179916,0.9266666666666666,0.07407407407407407,1.5702928870292887
extended_logistic,2025-07,responded_strict,0.6,2025,1215,139,0.11440329218106995,0.9266666666666666,0.07407407407407407,1.5444444444444445
extended_logistic,2025-07,responded_strict,0.61,2025,1236,139,0.11245954692556634,0.9266666666666666,0.07407407407407407,1.5182038834951457
extended_logistic,2025-07,responded_strict,0.62,2025,1256,140,0.11146496815286625,0.9333333333333333,0.07407407407407407,1.5047770700636944
extended_logistic,2025-07,responded_strict,0.63,2025,1276,140,0.109717868338558,0.9333333333333333,0.07407407407407407,1.481191222570533
extended_logistic,2025-07,responded_strict,0.64,2025,1296,140,0.10802469135802469,0.9333333333333333,0.07407407407407407,1.4583333333333333
extended_logistic,2025-07,responded_strict,0.65,2025,1317,140,0.10630220197418375,0.9333333333333333,0.07407407407407407,1.4350797266514808
extended_logistic,2025-07,responded_strict,0.66,2025,1337,141,0.10545998504113688,0.94,0.07407407407407407,1.423709798055348
extended_logistic,2025-07,responded_strict,0.67,2025,1357,141,0.10390567428150331,0.94,0.07407407407407407,1.4027266028002947
extended_logistic,2025-07,responded_strict,0.68,2025,1377,144,0.10457516339869281,0.96,0.07407407407407407,1.411764705882353
extended_logistic,2025-07,responded_strict,0.69,2025,1398,144,0.10300429184549356,0.96,0.07407407407407407,1.3905579399141632
extended_logistic,2025-07,responded_strict,0.7,2025,1418,144,0.10155148095909731,0.96,0.07407407407407407,1.370944992947814
extended_logistic,2025-07,responded_strict,0.71,2025,1438,144,0.10013908205841446,0.96,0.07407407407407407,1.3518776077885952
extended_logistic,2025-07,responded_strict,0.72,2025,1458,145,0.09945130315500686,0.9666666666666667,0.07407407407407407,1.3425925925925928
extended_logistic,2025-07,responded_strict,0.73,2025,1479,145,0.09803921568627451,0.9666666666666667,0.07407407407407407,1.3235294117647058
extended_logistic,2025-07,responded_strict,0.74,2025,1499,145,0.09673115410273515,0.9666666666666667,0.07407407407407407,1.3058705803869246
extended_logistic,2025-07,responded_strict,0.75,2025,1519,145,0.09545753785385122,0.9666666666666667,0.07407407407407407,1.2886767610269916
extended_logistic,2025-07,responded_strict,0.76,2025,1539,145,0.09421702404158544,0.9666666666666667,0.07407407407407407,1.2719298245614035
extended_logistic,2025-07,responded_strict,0.77,2025,1560,147,0.09423076923076923,0.98,0.07407407407407407,1.2721153846153848
extended_logistic,2025-07,responded_strict,0.78,2025,1580,147,0.0930379746835443,0.98,0.07407407407407407,1.2560126582278481
extended_logistic,2025-07,responded_strict,0.79,2025,1600,147,0.091875,0.98,0.07407407407407407,1.2403125000000002
extended_logistic,2025-07,responded_strict,0.8,2025,1620,148,0.09135802469135802,0.9866666666666667,0.07407407407407407,1.2333333333333334
extended_logistic,2025-07,responded_strict,0.81,2025,1641,148,0.09018890920170627,0.9866666666666667,0.07407407407407407,1.2175502742230349
extended_logistic,2025-07,responded_strict,0.82,2025,1661,148,0.08910295003010235,0.9866666666666667,0.07407407407407407,1.2028898254063818
extended_logistic,2025-07,responded_strict,0.83,2025,1681,149,0.08863771564544913,0.9933333333333333,0.07407407407407407,1.1966091612135634
extended_logistic,2025-07,responded_strict,0.84,2025,1701,149,0.08759553203997648,0.9933333333333333,0.07407407407407407,1.1825396825396826
extended_logistic,2025-07,responded_strict,0.85,2025,1722,149,0.08652729384436701,0.9933333333333333,0.07407407407407407,1.1681184668989548
extended_logistic,2025-07,responded_strict,0.86,2025,1742,149,0.08553386911595867,0.9933333333333333,0.07407407407407407,1.1547072330654422
extended_logistic,2025-07,responded_strict,0.87,2025,1762,150,0.0851305334846765,1.0,0.07407407407407407,1.149262202043133
extended_logistic,2025-07,responded_strict,0.88,2025,1782,150,0.08417508417508418,1.0,0.07407407407407407,1.1363636363636365
extended_logistic,2025-07,responded_strict,0.89,2025,1803,150,0.08319467554076539,1.0,0.07407407407407407,1.1231281198003327
extended_logistic,2025-07,responded_strict,0.9,2025,1823,150,0.08228195282501372,1.0,0.07407407407407407,1.1108063631376852
extended_logistic,2025-07,responded_strict,0.91,2025,1843,150,0.08138903960933261,1.0,0.07407407407407407,1.0987520347259903
extended_logistic,2025-07,responded_strict,0.92,2025,1863,150,0.08051529790660225,1.0,0.07407407407407407,1.0869565217391304
extended_logistic,2025-07,responded_strict,0.93,2025,1884,150,0.07961783439490445,1.0,0.07407407407407407,1.0748407643312101
extended_logistic,2025-07,responded_strict,0.94,2025,1904,150,0.07878151260504201,1.0,0.07407407407407407,1.0635504201680672
extended_logistic,2025-07,responded_strict,0.95,2025,1924,150,0.07796257796257797,1.0,0.07407407407407407,1.0524948024948027
extended_logistic,2025-07,responded_strict,0.96,2025,1944,150,0.07716049382716049,1.0,0.07407407407407407,1.0416666666666667
extended_logistic,2025-07,responded_strict,0.97,2025,1965,150,0.07633587786259542,1.0,0.07407407407407407,1.0305343511450382
extended_logistic,2025-07,responded_strict,0.98,2025,1985,150,0.07556675062972293,1.0,0.07407407407407407,1.0201511335012596
extended_logistic,2025-07,responded_strict,0.99,2025,2005,150,0.07481296758104738,1.0,0.07407407407407407,1.0099750623441397
extended_logistic,2025-07,responded_strict,1.0,2025,2025,150,0.07407407407407407,1.0,0.07407407407407407,1.0
extended_logistic,2025-08,responded_strict,0.01,2012,21,7,0.3333333333333333,0.04794520547945205,0.07256461232604373,4.593607305936073
extended_logistic,2025-08,responded_strict,0.02,2012,41,13,0.3170731707317073,0.08904109589041095,0.07256461232604373,4.36952890076846
extended_logistic,2025-08,responded_strict,0.03,2012,61,17,0.2786885245901639,0.11643835616438356,0.07256461232604373,3.8405569279137657
extended_logistic,2025-08,responded_strict,0.04,2012,81,21,0.25925925925925924,0.14383561643835616,0.07256461232604373,3.5728056823947236
extended_logistic,2025-08,responded_strict,0.05,2012,101,27,0.26732673267326734,0.18493150684931506,0.07256461232604373,3.6839820968398214
extended_logistic,2025-08,responded_strict,0.06,2012,121,34,0.2809917355371901,0.2328767123287671,0.07256461232604373,3.87229706781388
extended_logistic,2025-08,responded_strict,0.07,2012,141,37,0.2624113475177305,0.2534246575342466,0.07256461232604373,3.61624404935393
extended_logistic,2025-08,responded_strict,0.08,2012,161,39,0.2422360248447205,0.2671232876712329,0.07256461232604373,3.338211520462861
extended_logistic,2025-08,responded_strict,0.09,2012,182,43,0.23626373626373626,0.2945205479452055,0.07256461232604373,3.2559084750865575
extended_logistic,2025-08,responded_strict,0.1,2012,202,46,0.22772277227722773,0.3150684931506849,0.07256461232604373,3.13820697138207
extended_logistic,2025-08,responded_strict,0.11,2012,222,51,0.22972972972972974,0.3493150684931507,0.07256461232604373,3.1658644946316183
extended_logistic,2025-08,responded_strict,0.12,2012,242,57,0.23553719008264462,0.3904109589041096,0.07256461232604373,3.2458960715498697
extended_logistic,2025-08,responded_strict,0.13,2012,262,59,0.22519083969465647,0.4041095890410959,0.07256461232604373,3.1033148593537594
extended_logistic,2025-08,responded_strict,0.14,2012,282,63,0.22340425531914893,0.4315068493150685,0.07256461232604373,3.078694258233751
extended_logistic,2025-08,responded_strict,0.15,2012,302,64,0.2119205298013245,0.4383561643835616,0.07256461232604373,2.9204390819196226
extended_logistic,2025-08,responded_strict,0.16,2012,322,68,0.2111801242236025,0.4657534246575342,0.07256461232604373,2.910235684506084
extended_logistic,2025-08,responded_strict,0.17,2012,343,71,0.20699708454810495,0.4863013698630137,0.07256461232604373,2.852589959662926
extended_logistic,2025-08,responded_strict,0.18,2012,363,74,0.20385674931129477,0.5068493150684932,0.07256461232604373,2.8093135590022267
extended_logistic,2025-08,responded_strict,0.19,2012,383,78,0.20365535248041775,0.5342465753424658,0.07256461232604373,2.8065381451410993
extended_logistic,2025-08,responded_strict,0.2,2012,403,79,0.19602977667493796,0.541095890410959,0.07256461232604373,2.7014514429450354
extended_logistic,2025-08,responded_strict,0.21,2012,423,80,0.18912529550827423,0.547945205479452,0.07256461232604373,2.606302017552382
extended_logistic,2025-08,responded_strict,0.22,2012,443,83,0.1873589164785553,0.5684931506849316,0.07256461232604373,2.5819598627044744
extended_logistic,2025-08,responded_strict,0.23,2012,463,86,0.1857451403887689,0.589041095890411,0.07256461232604373,2.5597207017959116
extended_logistic,2025-08,responded_strict,0.24,2012,483,86,0.17805383022774326,0.589041095890411,0.07256461232604373,2.453728126152188
extended_logistic,2025-08,responded_strict,0.25,2012,503,87,0.17296222664015903,0.5958904109589042,0.07256461232604373,2.383561643835616
extended_logistic,2025-08,responded_strict,0.26,2012,524,88,0.16793893129770993,0.6027397260273972,0.07256461232604373,2.3143365052807696
extended_logistic,2025-08,responded_strict,0.27,2012,544,90,0.16544117647058823,0.6164383561643836,0.07256461232604373,2.27991539081386
extended_logistic,2025-08,responded_strict,0.28,2012,564,90,0.1595744680851064,0.6164383561643836,0.07256461232604373,2.1990673273098222
extended_logistic,2025-08,responded_strict,0.29,2012,584,91,0.1558219178082192,0.6232876712328768,0.07256461232604373,2.147354100206418
extended_logistic,2025-08,responded_strict,0.3,2012,604,91,0.15066225165562913,0.6232876712328768,0.07256461232604373,2.0762496598022318
extended_logistic,2025-08,responded_strict,0.31,2012,624,92,0.14743589743589744,0.6301369863013698,0.07256461232604373,2.03178784685634
extended_logistic,2025-08,responded_strict,0.32,2012,644,95,0.14751552795031056,0.6506849315068494,0.07256461232604373,2.032885220794691
extended_logistic,2025-08,responded_strict,0.33,2012,664,99,0.14909638554216867,0.678082191780822,0.07256461232604373,2.0546707377455027
extended_logistic,2025-08,responded_strict,0.34,2012,685,104,0.15182481751824817,0.7123287671232876,0.07256461232604373,2.0922707729227077
extended_logistic,2025-08,responded_strict,0.35,2012,705,104,0.1475177304964539,0.7123287671232876,0.07256461232604373,2.032915573690858
extended_logistic,2025-08,responded_strict,0.36,2012,725,105,0.14482758620689656,0.7191780821917808,0.07256461232604373,1.9958431743032596
extended_logistic,2025-08,responded_strict,0.37,2012,745,107,0.1436241610738255,0.7328767123287672,0.07256461232604373,1.9792589868529926
extended_logistic,2025-08,responded_strict,0.38,2012,765,108,0.1411764705882353,0.7397260273972602,0.07256461232604373,1.9455278001611604
extended_logistic,2025-08,responded_strict,0.39,2012,785,109,0.13885350318471337,0.7465753424657534,0.07256461232604373,1.9135154000523515
extended_logistic,2025-08,responded_strict,0.4,2012,805,111,0.13788819875776398,0.7602739726027398,0.07256461232604373,1.90021271164809
extended_logistic,2025-08,responded_strict,0.41,2012,825,111,0.13454545454545455,0.7602739726027398,0.07256461232604373,1.8541469489414697
extended_logistic,2025-08,responded_strict,0.42,2012,846,113,0.13356973995271867,0.773972602739726,0.07256461232604373,1.8407007998963698
extended_logistic,2025-08,responded_strict,0.43,2012,866,114,0.13163972286374134,0.7808219178082192,0.07256461232604373,1.8141035780948465
extended_logistic,2025-08,responded_strict,0.44,2012,886,116,0.1309255079006772,0.7945205479452054,0.07256461232604373,1.8042611088778255
extended_logistic,2025-08,responded_strict,0.45,2012,906,116,0.1280353200883002,0.7945205479452054,0.07256461232604373,1.7644319453264385
extended_logistic,2025-08,responded_strict,0.46,2012,926,120,0.12958963282937366,0.821917808219178,0.07256461232604373,1.7858516524157522
extended_logistic,2025-08,responded_strict,0.47,2012,946,120,0.12684989429175475,0.821917808219178,0.07256461232604373,1.7480958035274696
extended_logistic,2025-08,responded_strict,0.48,2012,966,121,0.12525879917184266,0.8287671232876712,0.07256461232604373,1.7261692050256674
extended_logistic,2025-08,responded_strict,0.49,2012,986,122,0.12373225152129817,0.8356164383561644,0.07256461232604373,1.7051321237044652
extended_logistic,2025-08,responded_strict,0.5,2012,1006,122,0.12127236580516898,0.8356164383561644,0.07256461232604373,1.6712328767123288
extended_logistic,2025-08,responded_strict,0.51,2012,1027,122,0.11879259980525804,0.8356164383561644,0.07256461232604373,1.6370596630697205
extended_logistic,2025-08,responded_strict,0.52,2012,1047,123,0.1174785100286533,0.8424657534246576,0.07256461232604373,1.6189504258743181
extended_logistic,2025-08,responded_strict,0.53,2012,1067,124,0.1162136832239925,0.8493150684931506,0.07256461232604373,1.6015200729224173
extended_logistic,2025-08,responded_strict,0.54,2012,1087,125,0.11499540018399264,0.8561643835616438,0.07256461232604373,1.584731131302693
extended_logistic,2025-08,responded_strict,0.55,2012,1107,125,0.11291779584462511,0.8561643835616438,0.07256461232604373,1.5561000358862036
extended_logistic,2025-08,responded_strict,0.56,2012,1127,126,0.11180124223602485,0.863013698630137,0.07256461232604373,1.5407130094443973
extended_logistic,2025-08,responded_strict,0.57,2012,1147,126,0.10985178727114212,0.863013698630137,0.07256461232604373,1.5138479177365614
extended_logistic,2025-08,responded_strict,0.58,2012,1167,127,0.10882604970008569,0.8698630136986302,0.07256461232604373,1.4997124109354276
extended_logistic,2025-08,responded_strict,0.59,2012,1188,128,0.10774410774410774,0.8767123287671232,0.07256461232604373,1.4848023615146904
extended_logistic,2025-08,responded_strict,0.6,2012,1208,129,0.10678807947019868,0.8835616438356164,0.07256461232604373,1.47162750612356
extended_logistic,2025-08,responded_strict,0.61,2012,1228,130,0.10586319218241043,0.8904109589041096,0.07256461232604373,1.4588817991165055
extended_logistic,2025-08,responded_strict,0.62,2012,1248,130,0.10416666666666667,0.8904109589041096,0.07256461232604373,1.435502283105023
extended_logistic,2025-08,responded_strict,0.63,2012,1268,130,0.10252365930599369,0.8904109589041096,0.07256461232604373,1.4128602912579404
extended_logistic,2025-08,responded_strict,0.64,2012,1288,131,0.10170807453416149,0.8972602739726028,0.07256461232604373,1.4016208627584448
extended_logistic,2025-08,responded_strict,0.65,2012,1308,134,0.10244648318042814,0.9178082191780822,0.07256461232604373,1.4117967408152152
extended_logistic,2025-08,responded_strict,0.66,2012,1328,134,0.10090361445783133,0.9178082191780822,0.07256461232604373,1.3905347417065523
extended_logistic,2025-08,responded_strict,0.67,2012,1349,134,0.09933283914010378,0.9178082191780822,0.07256461232604373,1.3688881667800603
extended_logistic,2025-08,responded_strict,0.68,2012,1369,134,0.09788166544923302,0.9178082191780822,0.07256461232604373,1.348889800574362
extended_logistic,2025-08,responded_strict,0.69,2012,1389,136,0.09791216702663787,0.9315068493150684,0.07256461232604373,1.3493101373807903
extended_logistic,2025-08,responded_strict,0.7,2012,1409,137,0.09723207948899928,0.9383561643835616,0.07256461232604373,1.3399379721360725
extended_logistic,2025-08,responded_strict,0.71,2012,1429,137,0.09587123862841147,0.9383561643835616,0.07256461232604373,1.321184466577835
extended_logistic,2025-08,responded_strict,0.72,2012,1449,138,0.09523809523809523,0.9452054794520548,0.07256461232604373,1.3124592302674494
extended_logistic,2025-08,responded_strict,0.73,2012,1469,138,0.09394145677331518,0.9452054794520548,0.07256461232604373,1.2945904864925353
extended_logistic,2025-08,responded_strict,0.74,2012,1489,138,0.09267965077233042,0.9452054794520548,0.07256461232604373,1.2772017626981427
extended_logistic,2025-08,responded_strict,0.75,2012,1509,138,0.09145129224652088,0.9452054794520548,0.07256461232604373,1.2602739726027399
extended_logistic,2025-08,responded_strict,0.76,2012,1530,138,0.09019607843137255,0.9452054794520548,0.07256461232604373,1.242976094547408
extended_logistic,2025-08,responded_strict,0.77,2012,1550,138,0.08903225806451613,0.9452054794520548,0.07256461232604373,1.2269376933274416
extended_logistic,2025-08,responded_strict,0.78,2012,1570,138,0.08789808917197452,0.9452054794520548,0.07256461232604373,1.2113079137946077
extended_logistic,2025-08,responded_strict,0.79,2012,1590,139,0.08742138364779874,0.952054794520548,0.07256461232604373,1.204738519858706
extended_logistic,2025-08,responded_strict,0.8,2012,1610,139,0.08633540372670807,0.952054794520548,0.07256461232604373,1.1897728239598402
extended_logistic,2025-08,responded_strict,0.81,2012,1630,140,0.08588957055214724,0.958904109589041,0.07256461232604373,1.1836288763761662
extended_logistic,2025-08,responded_strict,0.82,2012,1650,141,0.08545454545454545,0.9657534246575342,0.07256461232604373,1.1776338729763387
extended_logistic,2025-08,responded_strict,0.83,2012,1670,141,0.0844311377245509,0.9657534246575342,0.07256461232604373,1.1635304732999754
extended_logistic,2025-08,responded_strict,0.84,2012,1691,142,0.08397397989355411,0.9726027397260274,0.07256461232604373,1.1572304626426773
extended_logistic,2025-08,responded_strict,0.85,2012,1711,142,0.08299240210403273,0.9726027397260274,0.07256461232604373,1.1437035139268072
extended_logistic,2025-08,responded_strict,0.86,2012,1731,142,0.08203350664355864,0.9726027397260274,0.07256461232604373,1.1304891463482192
extended_logistic,2025-08,responded_strict,0.87,2012,1751,142,0.08109651627641348,0.9726027397260274,0.07256461232604373,1.11757664895989
extended_logistic,2025-08,responded_strict,0.88,2012,1771,143,0.08074534161490683,0.9794520547945206,0.07256461232604373,1.1127371734876201
extended_logistic,2025-08,responded_strict,0.89,2012,1791,144,0.08040201005025126,0.9863013698630136,0.07256461232604373,1.1080057823363394
extended_logistic,2025-08,responded_strict,0.9,2012,1811,144,0.07951408061844285,0.9863013698630136,0.07256461232604373,1.095769384961007
extended_logistic,2025-08,responded_strict,0.91,2012,1831,145,0.07919169852539595,0.9931506849315068,0.07256461232604373,1.0913266947472375
extended_logistic,2025-08,responded_strict,0.92,2012,1852,145,0.07829373650107992,0.9931506849315068,0.07256461232604373,1.0789520400011836
extended_logistic,2025-08,responded_strict,0.93,2012,1872,145,0.07745726495726496,0.9931506849315068,0.07256461232604373,1.0674247746165555
extended_logistic,2025-08,responded_strict,0.94,2012,1892,146,0.07716701902748414,1.0,0.07256461232604373,1.0634249471458774
extended_logistic,2025-08,responded_strict,0.95,2012,1912,146,0.07635983263598327,1.0,0.07256461232604373,1.0523012552301256
extended_logistic,2025-08,responded_strict,0.96,2012,1932,146,0.07556935817805382,1.0,0.07256461232604373,1.041407867494824
extended_logistic,2025-08,responded_strict,0.97,2012,1952,146,0.07479508196721311,1.0,0.07256461232604373,1.0307377049180328
extended_logistic,2025-08,responded_strict,0.98,2012,1972,146,0.07403651115618662,1.0,0.07256461232604373,1.0202839756592292
extended_logistic,2025-08,responded_strict,0.99,2012,1992,146,0.07329317269076305,1.0,0.07256461232604373,1.0100401606425702
extended_logistic,2025-08,responded_strict,1.0,2012,2012,146,0.07256461232604373,1.0,0.07256461232604373,1.0
extended_logistic,2025-09,responded_strict,0.01,2038,21,11,0.5238095238095238,0.07096774193548387,0.0760549558390579,6.887250384024578
extended_logistic,2025-09,responded_strict,0.02,2038,41,18,0.43902439024390244,0.11612903225806452,0.0760549558390579,5.772462627852085
extended_logistic,2025-09,responded_strict,0.03,2038,62,26,0.41935483870967744,0.16774193548387098,0.0760549558390579,5.5138397502601455
extended_logistic,2025-09,responded_strict,0.04,2038,82,34,0.4146341463414634,0.21935483870967742,0.0760549558390579,5.45177025963808
extended_logistic,2025-09,responded_strict,0.05,2038,102,38,0.37254901960784315,0.24516129032258063,0.0760549558390579,4.898418722327641
extended_logistic,2025-09,responded_strict,0.06,2038,123,40,0.3252032520325203,0.25806451612903225,0.0760549558390579,4.275898242853396
extended_logistic,2025-09,responded_strict,0.07,2038,143,47,0.32867132867132864,0.3032258064516129,0.0760549558390579,4.321497856981727
extended_logistic,2025-09,responded_strict,0.08,2038,164,51,0.31097560975609756,0.32903225806451614,0.0760549558390579,4.08882769472856
extended_logistic,2025-09,responded_strict,0.09,2038,184,56,0.30434782608695654,0.36129032258064514,0.0760549558390579,4.001683029453016
extended_logistic,2025-09,responded_strict,0.1,2038,204,59,0.28921568627450983,0.38064516129032255,0.0760549558390579,3.8027197975964584
extended_logistic,2025-09,responded_strict,0.11,2038,225,61,0.27111111111111114,0.3935483870967742,0.0760549558390579,3.5646738351254483
extended_logistic,2025-09,responded_strict,0.12,2038,245,64,0.2612244897959184,0.4129032258064516,0.0760549558390579,3.4346807109940753
extended_logistic,2025-09,responded_strict,0.13,2038,265,67,0.2528301886792453,0.432258064516129,0.0760549558390579,3.3243091905051734
extended_logistic,2025-09,responded_strict,0.14,2038,286,70,0.24475524475524477,0.45161290322580644,0.0760549558390579,3.21813670200767
extended_logistic,2025-09,responded_strict,0.15,2038,306,73,0.238562091503268,0.47096774193548385,0.0760549558390579,3.1367067257010333
extended_logistic,2025-09,responded_strict,0.16,2038,327,75,0.22935779816513763,0.4838709677419355,0.0760549558390579,3.0156851139390355
extended_logistic,2025-09,responded_strict,0.17,2038,347,79,0.2276657060518732,0.5096774193548387,0.0760549558390579,2.993436831830436
extended_logistic,2025-09,responded_strict,0.18,2038,367,82,0.22343324250681199,0.5290322580645161,0.0760549558390579,2.937786762766986
extended_logistic,2025-09,responded_strict,0.19,2038,388,84,0.21649484536082475,0.5419354838709678,0.0760549558390579,2.8465580312603924
extended_logistic,2025-09,responded_strict,0.2,2038,408,87,0.21323529411764705,0.5612903225806452,0.0760549558390579,2.8037001897533207
extended_logistic,2025-09,responded_strict,0.21,2038,428,89,0.20794392523364486,0.5741935483870968,0.0760549558390579,2.7341272233946334
extended_logistic,2025-09,responded_strict,0.22,2038,449,92,0.20489977728285078,0.5935483870967742,0.0760549558390579,2.694101587757741
extended_logistic,2025-09,responded_strict,0.23,2038,469,93,0.19829424307036247,0.6,0.0760549558390579,2.6072494669509596
extended_logistic,2025-09,responded_strict,0.24,2038,490,95,0.19387755102040816,0.6129032258064516,0.0760549558390579,2.549177090190915
extended_logistic,2025-09,responded_strict,0.25,2038,510,95,0.18627450980392157,0.6129032258064516,0.0760549558390579,2.4492093611638204
extended_logistic,2025-09,responded_strict,0.26,2038,530,96,0.1811320754716981,0.6193548387096774,0.0760549558390579,2.3815946439440046
extended_logistic,2025-09,responded_strict,0.27,2038,551,99,0.17967332123411978,0.6387096774193548,0.0760549558390579,2.362414378549265
extended_logistic,2025-09,responded_strict,0.28,2038,571,100,0.17513134851138354,0.6451612903225806,0.0760549558390579,2.30269476300774
extended_logistic,2025-09,responded_strict,0.29,2038,592,102,0.17229729729729729,0.6580645161290323,0.0760549558390579,2.265431560592851
extended_logistic,2025-09,responded_strict,0.3,2038,612,103,0.16830065359477125,0.6645161290322581,0.0760549558390579,2.212882142104154
extended_logistic,2025-09,responded_strict,0.31,2038,632,106,0.16772151898734178,0.6838709677419355,0.0760549558390579,2.2052674561045325
extended_logistic,2025-09,responded_strict,0.32,2038,653,109,0.1669218989280245,0.7032258064516129,0.0760549558390579,2.1947537420342833
extended_logistic,2025-09,responded_strict,0.33,2038,673,111,0.1649331352154532,0.7161290322580646,0.0760549558390579,2.168604706897378
extended_logistic,2025-09,responded_strict,0.34,2038,693,114,0.1645021645021645,0.7354838709677419,0.0760549558390579,2.1629381371316856
extended_logistic,2025-09,responded_strict,0.35,2038,714,116,0.16246498599439776,0.7483870967741936,0.0760549558390579,2.13615252552634
extended_logistic,2025-09,responded_strict,0.36,2038,734,116,0.15803814713896458,0.7483870967741936,0.0760549558390579,2.0779467346400633
extended_logistic,2025-09,responded_strict,0.37,2038,755,117,0.15496688741721854,0.7548387096774194,0.0760549558390579,2.0375646229438154
extended_logistic,2025-09,responded_strict,0.38,2038,775,118,0.15225806451612903,0.7612903225806451,0.0760549558390579,2.0019479708636836
extended_logistic,2025-09,responded_strict,0.39,2038,795,121,0.15220125786163521,0.7806451612903226,0.0760549558390579,2.001201054980726
extended_logistic,2025-09,responded_strict,0.4,2038,816,123,0.15073529411764705,0.7935483870967742,0.0760549558390579,1.9819259962049334
extended_logistic,2025-09,responded_strict,0.41,2038,836,125,0.14952153110047847,0.8064516129032258,0.0760549558390579,1.9659669702114524
extended_logistic,2025-09,responded_strict,0.42,2038,856,125,0.14602803738317757,0.8064516129032258,0.0760549558390579,1.9200331624962315
extended_logistic,2025-09,responded_strict,0.43,2038,877,126,0.14367160775370583,0.8129032258064516,0.0760549558390579,1.8890499135616288
extended_logistic,2025-09,responded_strict,0.44,2038,897,127,0.1415830546265329,0.8193548387096774,0.0760549558390579,1.861588808573381
extended_logistic,2025-09,responded_strict,0.45,2038,918,128,0.1394335511982571,0.8258064516129032,0.0760549558390579,1.8333263054325675
extended_logistic,2025-09,responded_strict,0.46,2038,938,128,0.13646055437100213,0.8258064516129032,0.0760549558390579,1.7942361923103376
extended_logistic,2025-09,responded_strict,0.47,2038,958,130,0.13569937369519833,0.8387096774193549,0.0760549558390579,1.784227894134285
extended_logistic,2025-09,responded_strict,0.48,2038,979,130,0.13278855975485188,0.8387096774193549,0.0760549558390579,1.7459553856799235
extended_logistic,2025-09,responded_strict,0.49,2038,999,132,0.13213213213213212,0.8516129032258064,0.0760549558390579,1.7373244211953889
extended_logistic,2025-09,responded_strict,0.5,2038,1019,132,0.1295387634936212,0.8516129032258064,0.0760549558390579,1.703225806451613
extended_logistic,2025-09,responded_strict,0.51,2038,1040,133,0.12788461538461537,0.8580645161290322,0.0760549558390579,1.6814764267990072
extended_logistic,2025-09,responded_strict,0.52,2038,1060,135,0.12735849056603774,0.8709677419354839,0.0760549558390579,1.6745587340231285
extended_logistic,2025-09,responded_strict,0.53,2038,1081,136,0.12580943570767808,0.8774193548387097,0.0760549558390579,1.654191161111277
extended_logistic,2025-09,responded_strict,0.54,2038,1101,136,0.12352406902815623,0.8774193548387097,0.0760549558390579,1.624142275350854
extended_logistic,2025-09,responded_strict,0.55,2038,1121,137,0.12221231043710973,0.8838709677419355,0.0760549558390579,1.6068947656182557
extended_logistic,2025-09,responded_strict,0.56,2038,1142,138,0.12084063047285463,0.8903225806451613,0.0760549558390579,1.5888593864753402
extended_logistic,2025-09,responded_strict,0.57,2038,1162,138,0.11876075731497418,0.8903225806451613,0.0760549558390579,1.5615124090833379
extended_logistic,2025-09,responded_strict,0.58,2038,1183,139,0.11749788672865596,0.896774193548387,0.0760549558390579,1.5449076977612959
extended_logistic,2025-09,responded_strict,0.59,2038,1203,140,0.11637572734829593,0.9032258064516129,0.0760549558390579,1.530153111844046
extended_logistic,2025-09,responded_strict,0.6,2038,1223,142,0.116107931316435,0.9161290322580645,0.0760549558390579,1.5266320259541584
extended_logistic,2025-09,responded_strict,0.61,2038,1244,143,0.11495176848874598,0.9225806451612903,0.0760549558390579,1.511430349548802
extended_logistic,2025-09,responded_strict,0.62,2038,1264,143,0.11313291139240507,0.9225806451612903,0.0760549558390579,1.487515312372397
extended_logistic,2025-09,responded_strict,0.63,2038,1284,144,0.11214953271028037,0.9290322580645162,0.0760549558390579,1.4745854687971058
extended_logistic,2025-09,responded_strict,0.64,2038,1305,145,0.1111111111111111,0.9354838709677419,0.0760549558390579,1.460931899641577
extended_logistic,2025-09,responded_strict,0.65,2038,1325,145,0.10943396226415095,0.9354838709677419,0.0760549558390579,1.4388800973828364
extended_logistic,2025-09,responded_strict,0.66,2038,1346,145,0.10772659732540862,0.9354838709677419,0.0760549558390579,1.4164310022527922
extended_logistic,2025-09,responded_strict,0.67,2038,1366,145,0.1061493411420205,0.9354838709677419,0.0760549558390579,1.3956926274028243
extended_logistic,2025-09,responded_strict,0.68,2038,1386,145,0.10461760461760462,0.9354838709677419,0.0760549558390579,1.375552762649537
extended_logistic,2025-09,responded_strict,0.69,2038,1407,145,0.10305614783226724,0.9354838709677419,0.0760549558390579,1.3550221244010363
extended_logistic,2025-09,responded_strict,0.7,2038,1427,147,0.10301331464611072,0.9483870967741935,0.0760549558390579,1.3544589370888622
extended_logistic,2025-09,responded_strict,0.71,2038,1447,147,0.10158949550794748,0.9483870967741935,0.0760549558390579,1.3357380119044966
extended_logistic,2025-09,responded_strict,0.72,2038,1468,147,0.10013623978201634,0.9483870967741935,0.0760549558390579,1.3166300430693503
extended_logistic,2025-09,responded_strict,0.73,2038,1488,148,0.09946236559139784,0.9548387096774194,0.0760549558390579,1.307769684356573
extended_logistic,2025-09,responded_strict,0.74,2038,1509,150,0.09940357852882704,0.967741935483871,0.0760549558390579,1.3069967293016098
extended_logistic,2025-09,responded_strict,0.75,2038,1529,151,0.0987573577501635,0.9741935483870968,0.0760549558390579,1.2984999683537628
extended_logistic,2025-09,responded_strict,0.76,2038,1549,151,0.0974822466107166,0.9741935483870968,0.0760549558390579,1.281734313500906
extended_logistic,2025-09,responded_strict,0.77,2038,1570,151,0.09617834394904459,0.9741935483870968,0.0760549558390579,1.2645900965687282
extended_logistic,2025-09,responded_strict,0.78,2038,1590,151,0.0949685534591195,0.9741935483870968,0.0760549558390579,1.248683302901197
extended_logistic,2025-09,responded_strict,0.79,2038,1611,151,0.09373060211049038,0.9741935483870968,0.0760549558390579,1.2324062393624478
extended_logistic,2025-09,responded_strict,0.8,2038,1631,151,0.09258123850398528,0.9741935483870968,0.0760549558390579,1.2172939617491743
extended_logistic,2025-09,responded_strict,0.81,2038,1651,151,0.09145972138098123,0.9741935483870968,0.0760549558390579,1.2025478204802564
extended_logistic,2025-09,responded_strict,0.82,2038,1672,151,0.090311004784689,0.9741935483870968,0.0760549558390579,1.1874440500077172
extended_logistic,2025-09,responded_strict,0.83,2038,1692,151,0.08924349881796691,0.9741935483870968,0.0760549558390579,1.173408068329139
extended_logistic,2025-09,responded_strict,0.84,2038,1712,152,0.08878504672897196,0.9806451612903225,0.0760549558390579,1.1673801627977087
extended_logistic,2025-09,responded_strict,0.85,2038,1733,152,0.08770917484131564,0.9806451612903225,0.0760549558390579,1.1532341827522663
extended_logistic,2025-09,responded_strict,0.86,2038,1753,152,0.08670849971477468,0.9806451612903225,0.0760549558390579,1.1400769188303923
extended_logistic,2025-09,responded_strict,0.87,2038,1774,153,0.08624577226606539,0.9870967741935484,0.0760549558390579,1.1339927992144598
extended_logistic,2025-09,responded_strict,0.88,2038,1794,153,0.08528428093645485,0.9870967741935484,0.0760549558390579,1.1213507390225483
extended_logistic,2025-09,responded_strict,0.89,2038,1814,153,0.08434399117971333,0.9870967741935484,0.0760549558390579,1.1089874453177793
extended_logistic,2025-09,responded_strict,0.9,2038,1835,153,0.08337874659400545,0.9870967741935484,0.0760549558390579,1.0962960358618263
extended_logistic,2025-09,responded_strict,0.91,2038,1855,154,0.0830188679245283,0.9935483870967742,0.0760549558390579,1.091564211807669
extended_logistic,2025-09,responded_strict,0.92,2038,1875,154,0.08213333333333334,0.9935483870967742,0.0760549558390579,1.0799208602150538
extended_logistic,2025-09,responded_strict,0.93,2038,1896,154,0.08122362869198312,0.9935483870967742,0.0760549558390579,1.0679597114468489
extended_logistic,2025-09,responded_strict,0.94,2038,1916,155,0.08089770354906055,1.0,0.0760549558390579,1.0636743215031317
extended_logistic,2025-09,responded_strict,0.95,2038,1937,155,0.08002065049044915,1.0,0.0760549558390579,1.052142488384099
extended_logistic,2025-09,responded_strict,0.96,2038,1957,155,0.07920286152273888,1.0,0.0760549558390579,1.041389882473173
extended_logistic,2025-09,responded_strict,0.97,2038,1977,155,0.07840161861406171,1.0,0.0760549558390579,1.0308548305513405
extended_logistic,2025-09,responded_strict,0.98,2038,1998,155,0.07757757757757758,1.0,0.0760549558390579,1.02002002002002
extended_logistic,2025-09,responded_strict,0.99,2038,2018,155,0.07680872150644202,1.0,0.0760549558390579,1.0099108027750248
extended_logistic,2025-09,responded_strict,1.0,2038,2038,155,0.0760549558390579,1.0,0.0760549558390579,1.0
extended_logistic,2025-10,responded_strict,0.01,2021,21,11,0.5238095238095238,0.06918238993710692,0.07867392380009897,6.657981431566337
extended_logistic,2025-10,responded_strict,0.02,2021,41,18,0.43902439024390244,0.11320754716981132,0.07867392380009897,5.580303727565577
extended_logistic,2025-10,responded_strict,0.03,2021,61,25,0.4098360655737705,0.15723270440251572,0.07867392380009897,5.209299927827611
extended_logistic,2025-10,responded_strict,0.04,2021,81,30,0.37037037037037035,0.18867924528301888,0.07867392380009897,4.707663638481248
extended_logistic,2025-10,responded_strict,0.05,2021,102,35,0.3431372549019608,0.22012578616352202,0.07867392380009897,4.361511900357627
extended_logistic,2025-10,responded_strict,0.06,2021,122,39,0.319672131147541,0.24528301886792453,0.07867392380009897,4.063253943705536
extended_logistic,2025-10,responded_strict,0.07,2021,142,43,0.3028169014084507,0.27044025157232704,0.07867392380009897,3.849012312870936
extended_logistic,2025-10,responded_strict,0.08,2021,162,46,0.2839506172839506,0.2893081761006289,0.07867392380009897,3.60920878950229
extended_logistic,2025-10,responded_strict,0.09,2021,182,49,0.2692307692307692,0.3081761006289308,0.07867392380009897,3.4221093372036764
extended_logistic,2025-10,responded_strict,0.1,2021,203,54,0.2660098522167488,0.33962264150943394,0.07867392380009897,3.3811692536481086
extended_logistic,2025-10,responded_strict,0.11,2021,223,58,0.2600896860986547,0.36477987421383645,0.07867392380009897,3.305919846574724
extended_logistic,2025-10,responded_strict,0.12,2021,243,65,0.2674897119341564,0.4088050314465409,0.07867392380009897,3.3999792944586793
extended_logistic,2025-10,responded_strict,0.13,2021,263,69,0.2623574144486692,0.4339622641509434,0.07867392380009897,3.3347442427720786
extended_logistic,2025-10,responded_strict,0.14,2021,283,73,0.2579505300353357,0.4591194968553459,0.07867392380009897,3.2787296930906504
extended_logistic,2025-10,responded_strict,0.15,2021,304,75,0.24671052631578946,0.4716981132075472,0.07867392380009897,3.1358614697120157
extended_logistic,2025-10,responded_strict,0.16,2021,324,76,0.2345679012345679,0.4779874213836478,0.07867392380009897,2.981520304371457
extended_logistic,2025-10,responded_strict,0.17,2021,344,77,0.2238372093023256,0.48427672955974843,0.07867392380009897,2.8451257861635217
extended_logistic,2025-10,responded_strict,0.18,2021,364,78,0.21428571428571427,0.49056603773584906,0.07867392380009897,2.723719676549865
extended_logistic,2025-10,responded_strict,0.19,2021,384,79,0.20572916666666666,0.4968553459119497,0.07867392380009897,2.6149600366876307
extended_logistic,2025-10,responded_strict,0.2,2021,405,82,0.20246913580246914,0.5157232704402516,0.07867392380009897,2.573522789036416
extended_logistic,2025-10,responded_strict,0.21,2021,425,84,0.1976470588235294,0.5283018867924528,0.07867392380009897,2.512230854605993
extended_logistic,2025-10,responded_strict,0.22,2021,445,84,0.18876404494382024,0.5283018867924528,0.07867392380009897,2.3993216027135893
extended_logistic,2025-10,responded_strict,0.23,2021,465,91,0.1956989247311828,0.5723270440251572,0.07867392380009897,2.4874687225265437
extended_logistic,2025-10,responded_strict,0.24,2021,486,96,0.19753086419753085,0.6037735849056604,0.07867392380009897,2.5107539405233323
extended_logistic,2025-10,responded_strict,0.25,2021,506,97,0.191699604743083,0.610062893081761,0.07867392380009897,2.4366345986526463
extended_logistic,2025-10,responded_strict,0.26,2021,526,100,0.19011406844106463,0.6289308176100629,0.07867392380009897,2.4164813353420853
extended_logistic,2025-10,responded_strict,0.27,2021,546,101,0.184981684981685,0.6352201257861635,0.07867392380009897,2.3512451908678322
extended_logistic,2025-10,responded_strict,0.28,2021,566,103,0.18197879858657243,0.6477987421383647,0.07867392380009897,2.3130764273173763
extended_logistic,2025-10,responded_strict,0.29,2021,587,105,0.1788756388415673,0.660377358490566,0.07867392380009897,2.2736331201182858
extended_logistic,2025-10,responded_strict,0.3,2021,607,108,0.17792421746293247,0.6792452830188679,0.07867392380009897,2.2615398961797895
extended_logistic,2025-10,responded_strict,0.31,2021,627,113,0.18022328548644337,0.710691823899371,0.07867392380009897,2.2907626413088176
extended_logistic,2025-10,responded_strict,0.32,2021,647,115,0.1777434312210201,0.7232704402515723,0.07867392380009897,2.2592419779728403
extended_logistic,2025-10,responded_strict,0.33,2021,667,116,0.17391304347826086,0.7295597484276729,0.07867392380009897,2.210555099808586
extended_logistic,2025-10,responded_strict,0.34,2021,688,117,0.17005813953488372,0.7358490566037735,0.07867392380009897,2.161556603773585
extended_logistic,2025-10,responded_strict,0.35,2021,708,119,0.16807909604519775,0.7484276729559748,0.07867392380009897,2.136401591870092
extended_logistic,2025-10,responded_strict,0.36,2021,728,120,0.16483516483516483,0.7547169811320755,0.07867392380009897,2.0951689819614345
extended_logistic,2025-10,responded_strict,0.37,2021,748,124,0.1657754010695187,0.779874213836478,0.07867392380009897,2.1071200349779704
extended_logistic,2025-10,responded_strict,0.38,2021,768,125,0.16276041666666666,0.7861635220125787,0.07867392380009897,2.0687974973794545
extended_logistic,2025-10,responded_strict,0.39,2021,789,127,0.16096324461343473,0.7987421383647799,0.07867392380009897,2.045954197256299
extended_logistic,2025-10,responded_strict,0.4,2021,809,128,0.15822002472187885,0.8050314465408805,0.07867392380009897,2.0110859746095415
extended_logistic,2025-10,responded_strict,0.41,2021,829,130,0.15681544028950542,0.8176100628930818,0.07867392380009897,1.9932327347489964
extended_logistic,2025-10,responded_strict,0.42,2021,849,130,0.15312131919905772,0.8176100628930818,0.07867392380009897,1.9462779000081487
extended_logistic,2025-10,responded_strict,0.43,2021,870,132,0.15172413793103448,0.8301886792452831,0.07867392380009897,1.9285187594881803
extended_logistic,2025-10,responded_strict,0.44,2021,890,133,0.149438202247191,0.8364779874213837,0.07867392380009897,1.8994629354815913
extended_logistic,2025-10,responded_strict,0.45,2021,910,135,0.14835164835164835,0.8490566037735849,0.07867392380009897,1.8856520837652913
extended_logistic,2025-10,responded_strict,0.46,2021,930,135,0.14516129032258066,0.8490566037735849,0.07867392380009897,1.8451004260499086
extended_logistic,2025-10,responded_strict,0.47,2021,950,135,0.14210526315789473,0.8490566037735849,0.07867392380009897,1.806256206554121
extended_logistic,2025-10,responded_strict,0.48,2021,971,140,0.14418125643666324,0.8805031446540881,0.07867392380009897,1.8326435173490339
extended_logistic,2025-10,responded_strict,0.49,2021,991,140,0.14127144298688193,0.8805031446540881,0.07867392380009897,1.7956577753238263
extended_logistic,2025-10,responded_strict,0.5,2021,1011,142,0.1404549950544016,0.8930817610062893,0.07867392380009897,1.7852801572638088
extended_logistic,2025-10,responded_strict,0.51,2021,1031,143,0.13870029097963144,0.89937106918239,0.07867392380009897,1.762976654527265
extended_logistic,2025-10,responded_strict,0.52,2021,1051,144,0.13701236917221693,0.9056603773584906,0.07867392380009897,1.7415220006103798
extended_logistic,2025-10,responded_strict,0.53,2021,1072,144,0.13432835820895522,0.9056603773584906,0.07867392380009897,1.707406364404393
extended_logistic,2025-10,responded_strict,0.54,2021,1092,145,0.13278388278388278,0.9119496855345912,0.07867392380009897,1.6877750132467113
extended_logistic,2025-10,responded_strict,0.55,2021,1112,146,0.13129496402877697,0.9182389937106918,0.07867392380009897,1.6688498257997373
extended_logistic,2025-10,responded_strict,0.56,2021,1132,146,0.12897526501766785,0.9182389937106918,0.07867392380009897,1.6393648465453252
extended_logistic,2025-10,responded_strict,0.57,2021,1152,146,0.1267361111111111,0.9182389937106918,0.07867392380009897,1.610903651292802
extended_logistic,2025-10,responded_strict,0.58,2021,1173,147,0.12531969309462915,0.9245283018867925,0.07867392380009897,1.592899998391481
extended_logistic,2025-10,responded_strict,0.59,2021,1193,147,0.12321877619446772,0.9245283018867925,0.07867392380009897,1.5661958911259073
extended_logistic,2025-10,responded_strict,0.6,2021,1213,147,0.12118713932399011,0.9245283018867925,0.07867392380009897,1.540372380967195
extended_logistic,2025-10,responded_strict,0.61,2021,1233,148,0.12003244120032441,0.9308176100628931,0.07867392380009897,1.5256953689676453
extended_logistic,2025-10,responded_strict,0.62,2021,1254,148,0.11802232854864433,0.9308176100628931,0.07867392380009897,1.5001454465208188
extended_logistic,2025-10,responded_strict,0.63,2021,1274,148,0.11616954474097331,0.9308176100628931,0.07867392380009897,1.4765952825252016
extended_logistic,2025-10,responded_strict,0.64,2021,1294,148,0.1143740340030912,0.9308176100628931,0.07867392380009897,1.4537730988694797
extended_logistic,2025-10,responded_strict,0.65,2021,1314,148,0.1126331811263318,0.9308176100628931,0.07867392380009897,1.4316456544422425
extended_logistic,2025-10,responded_strict,0.66,2021,1334,149,0.11169415292353824,0.9371069182389937,0.07867392380009897,1.4197099563425835
extended_logistic,2025-10,responded_strict,0.67,2021,1355,150,0.11070110701107011,0.9433962264150944,0.07867392380009897,1.407087655782218
extended_logistic,2025-10,responded_strict,0.68,2021,1375,151,0.10981818181818181,0.949685534591195,0.07867392380009897,1.395865065751858
extended_logistic,2025-10,responded_strict,0.69,2021,1395,152,0.10896057347670252,0.9559748427672956,0.07867392380009897,1.3849642704177092
extended_logistic,2025-10,responded_strict,0.7,2021,1415,154,0.1088339222614841,0.9685534591194969,0.07867392380009897,1.3833544458519456
extended_logistic,2025-10,responded_strict,0.71,2021,1435,154,0.1073170731707317,0.9685534591194969,0.07867392380009897,1.3640742445160299
extended_logistic,2025-10,responded_strict,0.72,2021,1456,154,0.10576923076923077,0.9685534591194969,0.07867392380009897,1.3444000967585872
extended_logistic,2025-10,responded_strict,0.73,2021,1476,154,0.1043360433604336,0.9685534591194969,0.07867392380009897,1.3261832932794735
extended_logistic,2025-10,responded_strict,0.74,2021,1496,154,0.10294117647058823,0.9685534591194969,0.07867392380009897,1.3084535701072881
extended_logistic,2025-10,responded_strict,0.75,2021,1516,154,0.10158311345646438,0.9685534591194969,0.07867392380009897,1.291191649657324
extended_logistic,2025-10,responded_strict,0.76,2021,1536,155,0.10091145833333333,0.9748427672955975,0.07867392380009897,1.282654448375262
extended_logistic,2025-10,responded_strict,0.77,2021,1557,155,0.09955041746949261,0.9748427672955975,0.07867392380009897,1.2653546773952489
extended_logistic,2025-10,responded_strict,0.78,2021,1577,155,0.09828788839568801,0.9748427672955975,0.07867392380009897,1.2493070594194053
extended_logistic,2025-10,responded_strict,0.79,2021,1597,156,0.09768315591734503,0.9811320754716981,0.07867392380009897,1.241620491251285
extended_logistic,2025-10,responded_strict,0.8,2021,1617,156,0.09647495361781076,0.9811320754716981,0.07867392380009897,1.2262634041609783
extended_logistic,2025-10,responded_strict,0.81,2021,1638,156,0.09523809523809523,0.9811320754716981,0.07867392380009897,1.2105420784666066
extended_logistic,2025-10,responded_strict,0.82,2021,1658,156,0.09408926417370325,0.9811320754716981,0.07867392380009897,1.1959396408493979
extended_logistic,2025-10,responded_strict,0.83,2021,1678,156,0.09296781883194279,0.9811320754716981,0.07867392380009897,1.181685294712933
extended_logistic,2025-10,responded_strict,0.84,2021,1698,158,0.09305064782096584,0.9937106918238994,0.07867392380009897,1.1827381084664903
extended_logistic,2025-10,responded_strict,0.85,2021,1718,158,0.0919674039580908,0.9937106918238994,0.07867392380009897,1.1689693295553554
extended_logistic,2025-10,responded_strict,0.86,2021,1739,158,0.09085681426106958,0.9937106918238994,0.07867392380009897,1.1548529661737208
extended_logistic,2025-10,responded_strict,0.87,2021,1759,158,0.08982376350198977,0.9937106918238994,0.07867392380009897,1.141722176336612
extended_logistic,2025-10,responded_strict,0.88,2021,1779,158,0.08881394041596402,0.9937106918238994,0.07867392380009897,1.1288866262934798
extended_logistic,2025-10,responded_strict,0.89,2021,1799,159,0.08838243468593664,1.0,0.07867392380009897,1.123401889938855
extended_logistic,2025-10,responded_strict,0.9,2021,1819,159,0.08741066520065971,1.0,0.07867392380009897,1.1110500274876305
extended_logistic,2025-10,responded_strict,0.91,2021,1840,159,0.08641304347826087,1.0,0.07867392380009897,1.0983695652173913
extended_logistic,2025-10,responded_strict,0.92,2021,1860,159,0.08548387096774193,1.0,0.07867392380009897,1.0865591397849461
extended_logistic,2025-10,responded_strict,0.93,2021,1880,159,0.08457446808510638,1.0,0.07867392380009897,1.075
extended_logistic,2025-10,responded_strict,0.94,2021,1900,159,0.08368421052631579,1.0,0.07867392380009897,1.0636842105263158
extended_logistic,2025-10,responded_strict,0.95,2021,1920,159,0.0828125,1.0,0.07867392380009897,1.0526041666666666
extended_logistic,2025-10,responded_strict,0.96,2021,1941,159,0.08191653786707882,1.0,0.07867392380009897,1.0412158681092218
extended_logistic,2025-10,responded_strict,0.97,2021,1961,159,0.08108108108108109,1.0,0.07867392380009897,1.0305966343702193
extended_logistic,2025-10,responded_strict,0.98,2021,1981,159,0.08026249369005553,1.0,0.07867392380009897,1.0201918223119637
extended_logistic,2025-10,responded_strict,0.99,2021,2001,159,0.07946026986506746,1.0,0.07867392380009897,1.0099950024987505
extended_logistic,2025-10,responded_strict,1.0,2021,2021,159,0.07867392380009897,1.0,0.07867392380009897,1.0
extended_logistic,2025-11,responded_strict,0.01,2017,21,8,0.38095238095238093,0.05063291139240506,0.07833415964303421,4.863170584689572
extended_logistic,2025-11,responded_strict,0.02,2017,41,15,0.36585365853658536,0.0949367088607595,0.07833415964303421,4.670422970052485
extended_logistic,2025-11,responded_strict,0.03,2017,61,23,0.3770491803278688,0.14556962025316456,0.07833415964303421,4.81334301722349
extended_logistic,2025-11,responded_strict,0.04,2017,81,28,0.345679012345679,0.17721518987341772,0.07833415964303421,4.41287701203313
extended_logistic,2025-11,responded_strict,0.05,2017,101,31,0.3069306930693069,0.1962025316455696,0.07833415964303421,3.918222834941722
extended_logistic,2025-11,responded_strict,0.06,2017,122,34,0.2786885245901639,0.21518987341772153,0.07833415964303421,3.557688317078232
extended_logistic,2025-11,responded_strict,0.07,2017,142,39,0.2746478873239437,0.2468354430379747,0.07833415964303421,3.5061062577999644
extended_logistic,2025-11,responded_strict,0.08,2017,162,43,0.2654320987654321,0.2721518987341772,0.07833415964303421,3.3884591342397252
extended_logistic,2025-11,responded_strict,0.09,2017,182,50,0.27472527472527475,0.31645569620253167,0.07833415964303421,3.507094171651134
extended_logistic,2025-11,responded_strict,0.1,2017,202,55,0.2722772277227723,0.34810126582278483,0.07833415964303421,3.475842837448302
extended_logistic,2025-11,responded_strict,0.11,2017,222,61,0.2747747747747748,0.3860759493670886,0.07833415964303421,3.5077260805108907
extended_logistic,2025-11,responded_strict,0.12,2017,243,65,0.2674897119341564,0.41139240506329117,0.07833415964303421,3.4147262593113505
extended_logistic,2025-11,responded_strict,0.13,2017,263,69,0.2623574144486692,0.43670886075949367,0.07833415964303421,3.3492082591326953
extended_logistic,2025-11,responded_strict,0.14,2017,283,72,0.254416961130742,0.45569620253164556,0.07833415964303421,3.247841839244979
extended_logistic,2025-11,responded_strict,0.15,2017,303,74,0.24422442244224424,0.46835443037974683,0.07833415964303421,3.1177256966202953
extended_logistic,2025-11,responded_strict,0.16,2017,323,77,0.23839009287925697,0.4873417721518987,0.07833415964303421,3.043245679351021
extended_logistic,2025-11,responded_strict,0.17,2017,343,79,0.2303206997084548,0.5,0.07833415964303421,2.9402332361516037
extended_logistic,2025-11,responded_strict,0.18,2017,364,82,0.22527472527472528,0.5189873417721519,0.07833415964303421,2.87581722075393
extended_logistic,2025-11,responded_strict,0.19,2017,384,82,0.21354166666666666,0.5189873417721519,0.07833415964303421,2.7260350738396624
extended_logistic,2025-11,responded_strict,0.2,2017,404,84,0.2079207920792079,0.5316455696202531,0.07833415964303421,2.6542799849605214
extended_logistic,2025-11,responded_strict,0.21,2017,424,86,0.2028301886792453,0.5443037974683544,0.07833415964303421,2.5892942440888467
extended_logistic,2025-11,responded_strict,0.22,2017,444,88,0.1981981981981982,0.5569620253164557,0.07833415964303421,2.530163074466872
extended_logistic,2025-11,responded_strict,0.23,2017,464,90,0.1939655172413793,0.569620253164557,0.07833415964303421,2.4761294194674814
extended_logistic,2025-11,responded_strict,0.24,2017,485,92,0.18969072164948453,0.5822784810126582,0.07833415964303421,2.421558136500065
extended_logistic,2025-11,responded_strict,0.25,2017,505,93,0.18415841584158416,0.5886075949367089,0.07833415964303421,2.350933700965033
extended_logistic,2025-11,responded_strict,0.26,2017,525,95,0.18095238095238095,0.6012658227848101,0.07833415964303421,2.3100060277275465
extended_logistic,2025-11,responded_strict,0.27,2017,545,95,0.1743119266055046,0.6012658227848101,0.07833415964303421,2.225235164324701
extended_logistic,2025-11,responded_strict,0.28,2017,565,98,0.17345132743362832,0.620253164556962,0.07833415964303421,2.2142489078077743
extended_logistic,2025-11,responded_strict,0.29,2017,585,103,0.17606837606837608,0.6518987341772152,0.07833415964303421,2.2476576868981932
extended_logistic,2025-11,responded_strict,0.3,2017,606,106,0.17491749174917492,0.6708860759493671,0.07833415964303421,2.2329657016334545
extended_logistic,2025-11,responded_strict,0.31,2017,626,108,0.17252396166134185,0.6835443037974683,0.07833415964303421,2.2024103207020667
extended_logistic,2025-11,responded_strict,0.32,2017,646,110,0.17027863777089783,0.6962025316455697,0.07833415964303421,2.173746913822158
extended_logistic,2025-11,responded_strict,0.33,2017,666,113,0.16966966966966968,0.7151898734177216,0.07833415964303421,2.1659729349602768
extended_logistic,2025-11,responded_strict,0.34,2017,686,113,0.16472303206997085,0.7151898734177216,0.07833415964303421,2.102825035981843
extended_logistic,2025-11,responded_strict,0.35,2017,706,114,0.16147308781869688,0.7215189873417721,0.07833415964303421,2.061336823609567
extended_logistic,2025-11,responded_strict,0.36,2017,727,114,0.15680880330123798,0.7215189873417721,0.07833415964303421,2.001793394041753
extended_logistic,2025-11,responded_strict,0.37,2017,747,116,0.15528781793842034,0.7341772151898734,0.07833415964303421,1.982376764441733
extended_logistic,2025-11,responded_strict,0.38,2017,767,116,0.15123859191655803,0.7341772151898734,0.07833415964303421,1.930685062630997
extended_logistic,2025-11,responded_strict,0.39,2017,787,117,0.14866581956797967,0.740506329113924,0.07833415964303421,1.897841506763386
extended_logistic,2025-11,responded_strict,0.4,2017,807,120,0.14869888475836432,0.759493670886076,0.07833415964303421,1.8982636111241824
extended_logistic,2025-11,responded_strict,0.41,2017,827,121,0.14631197097944376,0.7658227848101266,0.07833415964303421,1.8677926928198612
extended_logistic,2025-11,responded_strict,0.42,2017,848,122,0.14386792452830188,0.7721518987341772,0.07833415964303421,1.83659242894674
extended_logistic,2025-11,responded_strict,0.43,2017,868,124,0.14285714285714285,0.7848101265822784,0.07833415964303421,1.8236889692585894
extended_logistic,2025-11,responded_strict,0.44,2017,888,125,0.14076576576576577,0.7911392405063291,0.07833415964303421,1.796990819933858
extended_logistic,2025-11,responded_strict,0.45,2017,908,125,0.13766519823788545,0.7911392405063291,0.07833415964303421,1.757409524340601
extended_logistic,2025-11,responded_strict,0.46,2017,928,125,0.13469827586206898,0.7911392405063291,0.07833415964303421,1.71953431907464
extended_logistic,2025-11,responded_strict,0.47,2017,948,126,0.13291139240506328,0.7974683544303798,0.07833415964303421,1.6967232815253963
extended_logistic,2025-11,responded_strict,0.48,2017,969,127,0.13106295149638802,0.8037974683544303,0.07833415964303421,1.6731264124570546
extended_logistic,2025-11,responded_strict,0.49,2017,989,129,0.13043478260869565,0.8164556962025317,0.07833415964303421,1.6651073197578425
extended_logistic,2025-11,responded_strict,0.5,2017,1009,130,0.1288404360753221,0.8227848101265823,0.07833415964303421,1.6447541744552197
extended_logistic,2025-11,responded_strict,0.51,2017,1029,130,0.12633624878522837,0.8227848101265823,0.07833415964303421,1.612786163289909
extended_logistic,2025-11,responded_strict,0.52,2017,1049,130,0.12392755004766444,0.8227848101265823,0.07833415964303421,1.582037142064172
extended_logistic,2025-11,responded_strict,0.53,2017,1070,131,0.12242990654205607,0.8291139240506329,0.07833415964303421,1.5629184904767537
extended_logistic,2025-11,responded_strict,0.54,2017,1090,132,0.12110091743119267,0.8354430379746836,0.07833415964303421,1.545952851004529
extended_logistic,2025-11,responded_strict,0.55,2017,1110,132,0.11891891891891893,0.8354430379746836,0.07833415964303421,1.5180978446801232
extended_logistic,2025-11,responded_strict,0.56,2017,1130,132,0.1168141592920354,0.8354430379746836,0.07833415964303421,1.491228856278705
extended_logistic,2025-11,responded_strict,0.57,2017,1150,134,0.11652173913043479,0.8481012658227848,0.07833415964303421,1.4874958723170062
extended_logistic,2025-11,responded_strict,0.58,2017,1170,136,0.11623931623931624,0.8607594936708861,0.07833415964303421,1.483890511738613
extended_logistic,2025-11,responded_strict,0.59,2017,1191,136,0.11418975650713686,0.8607594936708861,0.07833415964303421,1.4577261954107281
extended_logistic,2025-11,responded_strict,0.6,2017,1211,136,0.11230388109000826,0.8607594936708861,0.07833415964303421,1.4336514440414345
extended_logistic,2025-11,responded_strict,0.61,2017,1231,137,0.11129163281884646,0.8670886075949367,0.07833415964303421,1.4207292619975527
extended_logistic,2025-11,responded_strict,0.62,2017,1251,138,0.11031175059952038,0.8734177215189873,0.07833415964303421,1.4082202592356494
extended_logistic,2025-11,responded_strict,0.63,2017,1271,139,0.1093627065302911,0.879746835443038,0.07833415964303421,1.3961049308328934
extended_logistic,2025-11,responded_strict,0.64,2017,1291,142,0.10999225406661503,0.8987341772151899,0.07833415964303421,1.4041416231162185
extended_logistic,2025-11,responded_strict,0.65,2017,1312,142,0.10823170731707317,0.8987341772151899,0.07833415964303421,1.3816667953071935
extended_logistic,2025-11,responded_strict,0.66,2017,1332,143,0.10735735735735735,0.9050632911392406,0.07833415964303421,1.3705049986695557
extended_logistic,2025-11,responded_strict,0.67,2017,1352,143,0.10576923076923077,0.9050632911392406,0.07833415964303421,1.3502312560856864
extended_logistic,2025-11,responded_strict,0.68,2017,1372,145,0.10568513119533528,0.9177215189873418,0.07833415964303421,1.3491576558290586
extended_logistic,2025-11,responded_strict,0.69,2017,1392,145,0.10416666666666667,0.9177215189873418,0.07833415964303421,1.3297732067510548
extended_logistic,2025-11,responded_strict,0.7,2017,1412,145,0.10269121813031161,0.9177215189873418,0.07833415964303421,1.3109378922078387
extended_logistic,2025-11,responded_strict,0.71,2017,1433,145,0.10118632240055828,0.9177215189873418,0.07833415964303421,1.2917266600121902
extended_logistic,2025-11,responded_strict,0.72,2017,1453,145,0.09979353062629043,0.9177215189873418,0.07833415964303421,1.2739465270457455
extended_logistic,2025-11,responded_strict,0.73,2017,1473,146,0.09911744738628649,0.9240506329113924,0.07833415964303421,1.265315768216075
extended_logistic,2025-11,responded_strict,0.74,2017,1493,147,0.09845947756195579,0.930379746835443,0.07833415964303421,1.2569162420409166
extended_logistic,2025-11,responded_strict,0.75,2017,1513,150,0.0991407799074686,0.9493670886075949,0.07833415964303421,1.2656136270466085
extended_logistic,2025-11,responded_strict,0.76,2017,1533,150,0.09784735812133072,0.9493670886075949,0.07833415964303421,1.24910203373876
extended_logistic,2025-11,responded_strict,0.77,2017,1554,151,0.09716859716859717,0.9556962025316456,0.07833415964303421,1.2404370917029146
extended_logistic,2025-11,responded_strict,0.78,2017,1574,151,0.09593392630241424,0.9556962025316456,0.07833415964303421,1.2246755022276552
extended_logistic,2025-11,responded_strict,0.79,2017,1594,152,0.09535759096612297,0.9620253164556962,0.07833415964303421,1.2173181074599368
extended_logistic,2025-11,responded_strict,0.8,2017,1614,152,0.09417596034696406,0.9620253164556962,0.07833415964303421,1.2022336203786488
extended_logistic,2025-11,responded_strict,0.81,2017,1634,153,0.09363525091799266,0.9683544303797469,0.07833415964303421,1.195331019630324
extended_logistic,2025-11,responded_strict,0.82,2017,1654,154,0.09310761789600967,0.9746835443037974,0.07833415964303421,1.1885953499762754
extended_logistic,2025-11,responded_strict,0.83,2017,1675,154,0.09194029850746269,0.9746835443037974,0.07833415964303421,1.1736935575288117
extended_logistic,2025-11,responded_strict,0.84,2017,1695,155,0.09144542772861357,0.9810126582278481,0.07833415964303421,1.1673761248646428
extended_logistic,2025-11,responded_strict,0.85,2017,1715,156,0.09096209912536443,0.9873417721518988,0.07833415964303421,1.1612060375687345
extended_logistic,2025-11,responded_strict,0.86,2017,1735,156,0.08991354466858789,0.9873417721518988,0.07833415964303421,1.1478203771933024
extended_logistic,2025-11,responded_strict,0.87,2017,1755,157,0.08945868945868946,0.9936708860759493,0.07833415964303421,1.1420137761909914
extended_logistic,2025-11,responded_strict,0.88,2017,1775,157,0.08845070422535212,0.9936708860759493,0.07833415964303421,1.1291460153325015
extended_logistic,2025-11,responded_strict,0.89,2017,1796,157,0.08741648106904232,0.9936708860759493,0.07833415964303421,1.1159433057991035
extended_logistic,2025-11,responded_strict,0.9,2017,1816,158,0.08700440528634361,1.0,0.07833415964303421,1.1106828193832599
extended_logistic,2025-11,responded_strict,0.91,2017,1836,158,0.0860566448801743,1.0,0.07833415964303421,1.0985838779956427
extended_logistic,2025-11,responded_strict,0.92,2017,1856,158,0.08512931034482758,1.0,0.07833415964303421,1.0867456896551724
extended_logistic,2025-11,responded_strict,0.93,2017,1876,158,0.08422174840085288,1.0,0.07833415964303421,1.0751599147121536
extended_logistic,2025-11,responded_strict,0.94,2017,1896,158,0.08333333333333333,1.0,0.07833415964303421,1.0638185654008439
extended_logistic,2025-11,responded_strict,0.95,2017,1917,158,0.08242044861763172,1.0,0.07833415964303421,1.0521648408972353
extended_logistic,2025-11,responded_strict,0.96,2017,1937,158,0.08156943727413526,1.0,0.07833415964303421,1.0413009808982965
extended_logistic,2025-11,responded_strict,0.97,2017,1957,158,0.0807358201328564,1.0,0.07833415964303421,1.0306591722023504
extended_logistic,2025-11,responded_strict,0.98,2017,1977,158,0.07991906929691452,1.0,0.07833415964303421,1.0202326757713707
extended_logistic,2025-11,responded_strict,0.99,2017,1997,158,0.07911867801702553,1.0,0.07833415964303421,1.0100150225338007
extended_logistic,2025-11,responded_strict,1.0,2017,2017,158,0.07833415964303421,1.0,0.07833415964303421,1.0
extended_logistic,2025-12,responded_strict,0.01,2022,21,8,0.38095238095238093,0.055944055944055944,0.07072205736894165,5.386613386613386
extended_logistic,2025-12,responded_strict,0.02,2022,41,16,0.3902439024390244,0.11188811188811189,0.07072205736894165,5.51799420092103
extended_logistic,2025-12,responded_strict,0.03,2022,61,24,0.39344262295081966,0.16783216783216784,0.07072205736894165,5.563223661584317
extended_logistic,2025-12,responded_strict,0.04,2022,81,30,0.37037037037037035,0.2097902097902098,0.07072205736894165,5.2369852369852365
extended_logistic,2025-12,responded_strict,0.05,2022,102,35,0.3431372549019608,0.24475524475524477,0.07072205736894165,4.851912793089263
extended_logistic,2025-12,responded_strict,0.06,2022,122,38,0.3114754098360656,0.26573426573426573,0.07072205736894165,4.4042187320875845
extended_logistic,2025-12,responded_strict,0.07,2022,142,42,0.29577464788732394,0.2937062937062937,0.07072205736894165,4.18221215404314
extended_logistic,2025-12,responded_strict,0.08,2022,162,44,0.2716049382716049,0.3076923076923077,0.07072205736894165,3.84045584045584
extended_logistic,2025-12,responded_strict,0.09,2022,182,47,0.25824175824175827,0.32867132867132864,0.07072205736894165,3.6515023438100362
extended_logistic,2025-12,responded_strict,0.1,2022,203,52,0.2561576354679803,0.36363636363636365,0.07072205736894165,3.6220331392745186
extended_logistic,2025-12,responded_strict,0.11,2022,223,54,0.242152466367713,0.3776223776223776,0.07072205736894165,3.424002006961648
extended_logistic,2025-12,responded_strict,0.12,2022,243,57,0.2345679012345679,0.3986013986013986,0.07072205736894165,3.3167573167573163
extended_logistic,2025-12,responded_strict,0.13,2022,263,59,0.22433460076045628,0.4125874125874126,0.07072205736894165,3.172059879284214
extended_logistic,2025-12,responded_strict,0.14,2022,284,62,0.21830985915492956,0.43356643356643354,0.07072205736894165,3.0868708756032697
extended_logistic,2025-12,responded_strict,0.15,2022,304,64,0.21052631578947367,0.44755244755244755,0.07072205736894165,2.976812661023187
extended_logistic,2025-12,responded_strict,0.16,2022,324,67,0.20679012345679013,0.46853146853146854,0.07072205736894165,2.9239834239834237
extended_logistic,2025-12,responded_strict,0.17,2022,344,69,0.2005813953488372,0.4825174825174825,0.07072205736894165,2.836192876890551
extended_logistic,2025-12,responded_strict,0.18,2022,364,72,0.1978021978021978,0.5034965034965035,0.07072205736894165,2.7968954122800276
extended_logistic,2025-12,responded_strict,0.19,2022,385,75,0.19480519480519481,0.5244755244755245,0.07072205736894165,2.7545182090636637
extended_logistic,2025-12,responded_strict,0.2,2022,405,77,0.19012345679012346,0.5384615384615384,0.07072205736894165,2.6883190883190884
extended_logistic,2025-12,responded_strict,0.21,2022,425,79,0.18588235294117647,0.5524475524475524,0.07072205736894165,2.628350473056355
extended_logistic,2025-12,responded_strict,0.22,2022,445,80,0.1797752808988764,0.5594405594405595,0.07072205736894165,2.5419973285141824
extended_logistic,2025-12,responded_strict,0.23,2022,466,83,0.1781115879828326,0.5804195804195804,0.07072205736894165,2.518472943365647
extended_logistic,2025-12,responded_strict,0.24,2022,486,84,0.1728395061728395,0.5874125874125874,0.07072205736894165,2.443926443926444
extended_logistic,2025-12,responded_strict,0.25,2022,506,87,0.17193675889328064,0.6083916083916084,0.07072205736894165,2.4311617236518424
extended_logistic,2025-12,responded_strict,0.26,2022,526,87,0.16539923954372623,0.6083916083916084,0.07072205736894165,2.3387221143875134
extended_logistic,2025-12,responded_strict,0.27,2022,546,89,0.163003663003663,0.6223776223776224,0.07072205736894165,2.3048489971566894
extended_logistic,2025-12,responded_strict,0.28,2022,567,91,0.16049382716049382,0.6363636363636364,0.07072205736894165,2.269360269360269
extended_logistic,2025-12,responded_strict,0.29,2022,587,94,0.16013628620102216,0.6573426573426573,0.07072205736894165,2.2643046901990687
extended_logistic,2025-12,responded_strict,0.3,2022,607,94,0.15485996705107083,0.6573426573426573,0.07072205736894165,2.1896982753654908
extended_logistic,2025-12,responded_strict,0.31,2022,627,96,0.15311004784688995,0.6713286713286714,0.07072205736894165,2.1649546625623177
extended_logistic,2025-12,responded_strict,0.32,2022,648,97,0.14969135802469136,0.6783216783216783,0.07072205736894165,2.1166148666148663
extended_logistic,2025-12,responded_strict,0.33,2022,668,98,0.1467065868263473,0.6853146853146853,0.07072205736894165,2.0744106193207985
extended_logistic,2025-12,responded_strict,0.34,2022,688,102,0.14825581395348839,0.7132867132867133,0.07072205736894165,2.096316474223451
extended_logistic,2025-12,responded_strict,0.35,2022,708,103,0.14548022598870056,0.7202797202797203,0.07072205736894165,2.057070048595472
extended_logistic,2025-12,responded_strict,0.36,2022,728,103,0.14148351648351648,0.7202797202797203,0.07072205736894165,2.0005571351725195
extended_logistic,2025-12,responded_strict,0.37,2022,749,104,0.13885180240320427,0.7272727272727273,0.07072205736894165,1.9633450661488043
extended_logistic,2025-12,responded_strict,0.38,2022,769,104,0.1352405721716515,0.7272727272727273,0.07072205736894165,1.9122827757418135
extended_logistic,2025-12,responded_strict,0.39,2022,789,105,0.13307984790874525,0.7342657342657343,0.07072205736894165,1.8817304368635166
extended_logistic,2025-12,responded_strict,0.4,2022,809,108,0.1334981458590853,0.7552447552447552,0.07072205736894165,1.887645111378115
extended_logistic,2025-12,responded_strict,0.41,2022,830,110,0.13253012048192772,0.7692307692307693,0.07072205736894165,1.8739573679332715
extended_logistic,2025-12,responded_strict,0.42,2022,850,111,0.13058823529411764,0.7762237762237763,0.07072205736894165,1.846499382969971
extended_logistic,2025-12,responded_strict,0.43,2022,870,113,0.12988505747126436,0.7902097902097902,0.07072205736894165,1.8365565469013743
extended_logistic,2025-12,responded_strict,0.44,2022,890,115,0.12921348314606743,0.8041958041958042,0.07072205736894165,1.8270605798695687
extended_logistic,2025-12,responded_strict,0.45,2022,910,116,0.12747252747252746,0.8111888111888111,0.07072205736894165,1.8024437101360176
extended_logistic,2025-12,responded_strict,0.46,2022,931,117,0.12567132116004295,0.8181818181818182,0.07072205736894165,1.7769749047944534
extended_logistic,2025-12,responded_strict,0.47,2022,951,118,0.12407991587802314,0.8251748251748252,0.07072205736894165,1.7544726566808586
extended_logistic,2025-12,responded_strict,0.48,2022,971,119,0.12255406797116375,0.8321678321678322,0.07072205736894165,1.7328973806831685
extended_logistic,2025-12,responded_strict,0.49,2022,991,121,0.12209889001009082,0.8461538461538461,0.07072205736894165,1.7264612279748506
extended_logistic,2025-12,responded_strict,0.5,2022,1011,124,0.12265084075173097,0.8671328671328671,0.07072205736894165,1.7342657342657342
extended_logistic,2025-12,responded_strict,0.51,2022,1032,126,0.12209302325581395,0.8811188811188811,0.07072205736894165,1.7263782728899006
extended_logistic,2025-12,responded_strict,0.52,2022,1052,126,0.11977186311787072,0.8811188811188811,0.07072205736894165,1.6935573931771648
extended_logistic,2025-12,responded_strict,0.53,2022,1072,126,0.11753731343283583,0.8811188811188811,0.07072205736894165,1.661961173155203
extended_logistic,2025-12,responded_strict,0.54,2022,1092,127,0.1163003663003663,0.8881118881118881,0.07072205736894165,1.6444709137016829
extended_logistic,2025-12,responded_strict,0.55,2022,1113,128,0.11500449236298294,0.8951048951048951,0.07072205736894165,1.6261474374681921
extended_logistic,2025-12,responded_strict,0.56,2022,1133,129,0.11385701676963812,0.9020979020979021,0.07072205736894165,1.6099222930643935
extended_logistic,2025-12,responded_strict,0.57,2022,1153,130,0.11274934952298352,0.9090909090909091,0.07072205736894165,1.5942600331151935
extended_logistic,2025-12,responded_strict,0.58,2022,1173,131,0.11167945439045183,0.916083916083916,0.07072205736894165,1.5791318655768782
extended_logistic,2025-12,responded_strict,0.59,2022,1193,132,0.11064543168482817,0.9230769230769231,0.07072205736894165,1.56451092913792
extended_logistic,2025-12,responded_strict,0.6,2022,1214,132,0.10873146622734761,0.9230769230769231,0.07072205736894165,1.5374477252566214
extended_logistic,2025-12,responded_strict,0.61,2022,1234,133,0.10777957860615883,0.9300699300699301,0.07072205736894165,1.5239881674241478
extended_logistic,2025-12,responded_strict,0.62,2022,1254,133,0.10606060606060606,0.9300699300699301,0.07072205736894165,1.4996821360457724
extended_logistic,2025-12,responded_strict,0.63,2022,1274,133,0.1043956043956044,0.9300699300699301,0.07072205736894165,1.4761392453700146
extended_logistic,2025-12,responded_strict,0.64,2022,1295,134,0.10347490347490347,0.9370629370629371,0.07072205736894165,1.463120663120663
extended_logistic,2025-12,responded_strict,0.65,2022,1315,135,0.10266159695817491,0.9440559440559441,0.07072205736894165,1.4516206227232842
extended_logistic,2025-12,responded_strict,0.66,2022,1335,135,0.10112359550561797,0.9440559440559441,0.07072205736894165,1.4298734972892275
extended_logistic,2025-12,responded_strict,0.67,2022,1355,135,0.0996309963099631,0.9440559440559441,0.07072205736894165,1.4087683534177997
extended_logistic,2025-12,responded_strict,0.68,2022,1375,135,0.09818181818181818,0.9440559440559441,0.07072205736894165,1.3882771773680862
extended_logistic,2025-12,responded_strict,0.69,2022,1396,135,0.09670487106017192,0.9440559440559441,0.07072205736894165,1.3673933516340393
extended_logistic,2025-12,responded_strict,0.7,2022,1416,135,0.09533898305084745,0.9440559440559441,0.07072205736894165,1.3480798862154793
extended_logistic,2025-12,responded_strict,0.71,2022,1436,135,0.09401114206128133,0.9440559440559441,0.07072205736894165,1.329304400335041
extended_logistic,2025-12,responded_strict,0.72,2022,1456,135,0.09271978021978022,0.9440559440559441,0.07072205736894165,1.3110447245062629
extended_logistic,2025-12,responded_strict,0.73,2022,1477,136,0.09207853757616791,0.951048951048951,0.07072205736894165,1.3019776432098706
extended_logistic,2025-12,responded_strict,0.74,2022,1497,137,0.09151636606546426,0.958041958041958,0.07072205736894165,1.2940286166739072
extended_logistic,2025-12,responded_strict,0.75,2022,1517,138,0.09096901779828609,0.965034965034965,0.07072205736894165,1.286289188728213
extended_logistic,2025-12,responded_strict,0.76,2022,1537,138,0.08978529603122967,0.965034965034965,0.07072205736894165,1.2695515284975272
extended_logistic,2025-12,responded_strict,0.77,2022,1557,138,0.08863198458574181,0.965034965034965,0.07072205736894165,1.2532438659606289
extended_logistic,2025-12,responded_strict,0.78,2022,1578,139,0.08808618504435994,0.972027972027972,0.07072205736894165,1.2455263367810894
extended_logistic,2025-12,responded_strict,0.79,2022,1598,139,0.0869837296620776,0.972027972027972,0.07072205736894165,1.2299377718651812
extended_logistic,2025-12,responded_strict,0.8,2022,1618,139,0.08590852904820766,0.972027972027972,0.07072205736894165,1.2147345855627683
extended_logistic,2025-12,responded_strict,0.81,2022,1638,139,0.08485958485958486,0.972027972027972,0.07072205736894165,1.199902661441123
extended_logistic,2025-12,responded_strict,0.82,2022,1659,139,0.08378541289933696,0.972027972027972,0.07072205736894165,1.184714020157058
extended_logistic,2025-12,responded_strict,0.83,2022,1679,139,0.08278737343656939,0.972027972027972,0.07072205736894165,1.1706018817394637
extended_logistic,2025-12,responded_strict,0.84,2022,1699,139,0.08181283107710417,0.972027972027972,0.07072205736894165,1.156821989076256
extended_logistic,2025-12,responded_strict,0.85,2022,1719,140,0.08144269924374636,0.9790209790209791,0.07072205736894165,1.1515883767192667
extended_logistic,2025-12,responded_strict,0.86,2022,1739,140,0.08050603795284646,0.9790209790209791,0.07072205736894165,1.1383441170675213
extended_logistic,2025-12,responded_strict,0.87,2022,1760,141,0.08011363636363636,0.986013986013986,0.07072205736894165,1.1327956134774315
extended_logistic,2025-12,responded_strict,0.88,2022,1780,141,0.07921348314606741,0.986013986013986,0.07072205736894165,1.1200675728765614
extended_logistic,2025-12,responded_strict,0.89,2022,1800,142,0.07888888888888888,0.993006993006993,0.07072205736894165,1.1154778554778553
extended_logistic,2025-12,responded_strict,0.9,2022,1820,142,0.07802197802197802,0.993006993006993,0.07072205736894165,1.1032198570660108
extended_logistic,2025-12,responded_strict,0.91,2022,1841,142,0.07713199348180337,0.993006993006993,0.07072205736894165,1.0906356001413036
extended_logistic,2025-12,responded_strict,0.92,2022,1861,142,0.07630306286942504,0.993006993006993,0.07072205736894165,1.0789146372166254
extended_logistic,2025-12,responded_strict,0.93,2022,1881,143,0.07602339181286549,1.0,0.07072205736894165,1.0749601275917064
extended_logistic,2025-12,responded_strict,0.94,2022,1901,143,0.07522356654392424,1.0,0.07072205736894165,1.0636507101525512
extended_logistic,2025-12,responded_strict,0.95,2022,1921,143,0.07444039562727746,1.0,0.07072205736894165,1.0525767829255595
extended_logistic,2025-12,responded_strict,0.96,2022,1942,143,0.07363542739443872,1.0,0.07072205736894165,1.0411946446961895
extended_logistic,2025-12,responded_strict,0.97,2022,1962,143,0.0728848114169215,1.0,0.07072205736894165,1.0305810397553516
extended_logistic,2025-12,responded_strict,0.98,2022,1982,143,0.07214934409687185,1.0,0.07072205736894165,1.0201816347124117
extended_logistic,2025-12,responded_strict,0.99,2022,2002,143,0.07142857142857142,1.0,0.07072205736894165,1.0099900099900099
extended_logistic,2025-12,responded_strict,1.0,2022,2022,143,0.07072205736894165,1.0,0.07072205736894165,1.0
extended_boosting,2025-07,responded_strict,0.01,2025,21,12,0.5714285714285714,0.08,0.07407407407407407,7.714285714285714
extended_boosting,2025-07,responded_strict,0.02,2025,41,18,0.43902439024390244,0.12,0.07407407407407407,5.926829268292683
extended_boosting,2025-07,responded_strict,0.03,2025,61,21,0.3442622950819672,0.14,0.07407407407407407,4.647540983606557
extended_boosting,2025-07,responded_strict,0.04,2025,81,26,0.32098765432098764,0.17333333333333334,0.07407407407407407,4.333333333333333
extended_boosting,2025-07,responded_strict,0.05,2025,102,33,0.3235294117647059,0.22,0.07407407407407407,4.36764705882353
extended_boosting,2025-07,responded_strict,0.06,2025,122,38,0.3114754098360656,0.25333333333333335,0.07407407407407407,4.204918032786885
extended_boosting,2025-07,responded_strict,0.07,2025,142,44,0.30985915492957744,0.29333333333333333,0.07407407407407407,4.183098591549296
extended_boosting,2025-07,responded_strict,0.08,2025,162,49,0.30246913580246915,0.32666666666666666,0.07407407407407407,4.083333333333334
extended_boosting,2025-07,responded_strict,0.09,2025,183,52,0.28415300546448086,0.3466666666666667,0.07407407407407407,3.8360655737704916
extended_boosting,2025-07,responded_strict,0.1,2025,203,55,0.270935960591133,0.36666666666666664,0.07407407407407407,3.657635467980296
extended_boosting,2025-07,responded_strict,0.11,2025,223,58,0.2600896860986547,0.38666666666666666,0.07407407407407407,3.5112107623318383
extended_boosting,2025-07,responded_strict,0.12,2025,243,64,0.26337448559670784,0.4266666666666667,0.07407407407407407,3.5555555555555562
extended_boosting,2025-07,responded_strict,0.13,2025,264,67,0.2537878787878788,0.44666666666666666,0.07407407407407407,3.4261363636363638
extended_boosting,2025-07,responded_strict,0.14,2025,284,68,0.23943661971830985,0.4533333333333333,0.07407407407407407,3.232394366197183
extended_boosting,2025-07,responded_strict,0.15,2025,304,72,0.23684210526315788,0.48,0.07407407407407407,3.1973684210526314
extended_boosting,2025-07,responded_strict,0.16,2025,324,74,0.22839506172839505,0.49333333333333335,0.07407407407407407,3.0833333333333335
extended_boosting,2025-07,responded_strict,0.17,2025,345,77,0.22318840579710145,0.5133333333333333,0.07407407407407407,3.0130434782608697
extended_boosting,2025-07,responded_strict,0.18,2025,365,79,0.21643835616438356,0.5266666666666666,0.07407407407407407,2.9219178082191783
extended_boosting,2025-07,responded_strict,0.19,2025,385,81,0.21038961038961038,0.54,0.07407407407407407,2.8402597402597403
extended_boosting,2025-07,responded_strict,0.2,2025,405,86,0.2123456790123457,0.5733333333333334,0.07407407407407407,2.866666666666667
extended_boosting,2025-07,responded_strict,0.21,2025,426,89,0.20892018779342722,0.5933333333333334,0.07407407407407407,2.8204225352112675
extended_boosting,2025-07,responded_strict,0.22,2025,446,90,0.20179372197309417,0.6,0.07407407407407407,2.7242152466367715
extended_boosting,2025-07,responded_strict,0.23,2025,466,93,0.19957081545064378,0.62,0.07407407407407407,2.6942060085836914
extended_boosting,2025-07,responded_strict,0.24,2025,486,97,0.19958847736625515,0.6466666666666666,0.07407407407407407,2.6944444444444446
extended_boosting,2025-07,responded_strict,0.25,2025,507,98,0.1932938856015779,0.6533333333333333,0.07407407407407407,2.6094674556213016
extended_boosting,2025-07,responded_strict,0.26,2025,527,100,0.18975332068311196,0.6666666666666666,0.07407407407407407,2.5616698292220117
extended_boosting,2025-07,responded_strict,0.27,2025,547,101,0.1846435100548446,0.6733333333333333,0.07407407407407407,2.4926873857404024
extended_boosting,2025-07,responded_strict,0.28,2025,567,101,0.1781305114638448,0.6733333333333333,0.07407407407407407,2.4047619047619047
extended_boosting,2025-07,responded_strict,0.29,2025,588,104,0.17687074829931973,0.6933333333333334,0.07407407407407407,2.3877551020408165
extended_boosting,2025-07,responded_strict,0.3,2025,608,106,0.17434210526315788,0.7066666666666667,0.07407407407407407,2.3536184210526314
extended_boosting,2025-07,responded_strict,0.31,2025,628,110,0.1751592356687898,0.7333333333333333,0.07407407407407407,2.3646496815286624
extended_boosting,2025-07,responded_strict,0.32,2025,648,112,0.1728395061728395,0.7466666666666667,0.07407407407407407,2.3333333333333335
extended_boosting,2025-07,responded_strict,0.33,2025,669,113,0.16890881913303438,0.7533333333333333,0.07407407407407407,2.280269058295964
extended_boosting,2025-07,responded_strict,0.34,2025,689,113,0.16400580551523947,0.7533333333333333,0.07407407407407407,2.214078374455733
extended_boosting,2025-07,responded_strict,0.35,2025,709,114,0.1607898448519041,0.76,0.07407407407407407,2.170662905500705
extended_boosting,2025-07,responded_strict,0.36,2025,729,115,0.15775034293552812,0.7666666666666667,0.07407407407407407,2.1296296296296298
extended_boosting,2025-07,responded_strict,0.37,2025,750,116,0.15466666666666667,0.7733333333333333,0.07407407407407407,2.088
extended_boosting,2025-07,responded_strict,0.38,2025,770,116,0.15064935064935064,0.7733333333333333,0.07407407407407407,2.033766233766234
extended_boosting,2025-07,responded_strict,0.39,2025,790,120,0.1518987341772152,0.8,0.07407407407407407,2.0506329113924053
extended_boosting,2025-07,responded_strict,0.4,2025,810,125,0.15432098765432098,0.8333333333333334,0.07407407407407407,2.0833333333333335
extended_boosting,2025-07,responded_strict,0.41,2025,831,127,0.15282791817087846,0.8466666666666667,0.07407407407407407,2.063176895306859
extended_boosting,2025-07,responded_strict,0.42,2025,851,127,0.1492361927144536,0.8466666666666667,0.07407407407407407,2.0146886016451235
extended_boosting,2025-07,responded_strict,0.43,2025,871,127,0.14580941446613088,0.8466666666666667,0.07407407407407407,1.968427095292767
extended_boosting,2025-07,responded_strict,0.44,2025,891,129,0.1447811447811448,0.86,0.07407407407407407,1.9545454545454548
extended_boosting,2025-07,responded_strict,0.45,2025,912,130,0.1425438596491228,0.8666666666666667,0.07407407407407407,1.924342105263158
extended_boosting,2025-07,responded_strict,0.46,2025,932,131,0.1405579399141631,0.8733333333333333,0.07407407407407407,1.897532188841202
extended_boosting,2025-07,responded_strict,0.47,2025,952,131,0.13760504201680673,0.8733333333333333,0.07407407407407407,1.857668067226891
extended_boosting,2025-07,responded_strict,0.48,2025,972,132,0.13580246913580246,0.88,0.07407407407407407,1.8333333333333333
extended_boosting,2025-07,responded_strict,0.49,2025,993,134,0.13494461228600202,0.8933333333333333,0.07407407407407407,1.8217522658610275
extended_boosting,2025-07,responded_strict,0.5,2025,1013,136,0.13425468904244817,0.9066666666666666,0.07407407407407407,1.8124383020730503
extended_boosting,2025-07,responded_strict,0.51,2025,1033,136,0.13165537270087124,0.9066666666666666,0.07407407407407407,1.777347531461762
extended_boosting,2025-07,responded_strict,0.52,2025,1053,136,0.1291547958214625,0.9066666666666666,0.07407407407407407,1.7435897435897438
extended_boosting,2025-07,responded_strict,0.53,2025,1074,137,0.12756052141527002,0.9133333333333333,0.07407407407407407,1.7220670391061454
extended_boosting,2025-07,responded_strict,0.54,2025,1094,137,0.12522851919561243,0.9133333333333333,0.07407407407407407,1.690585009140768
extended_boosting,2025-07,responded_strict,0.55,2025,1114,137,0.1229802513464991,0.9133333333333333,0.07407407407407407,1.660233393177738
extended_boosting,2025-07,responded_strict,0.56,2025,1134,137,0.12081128747795414,0.9133333333333333,0.07407407407407407,1.630952380952381
extended_boosting,2025-07,responded_strict,0.57,2025,1155,137,0.11861471861471862,0.9133333333333333,0.07407407407407407,1.6012987012987014
extended_boosting,2025-07,responded_strict,0.58,2025,1175,138,0.1174468085106383,0.92,0.07407407407407407,1.5855319148936171
extended_boosting,2025-07,responded_strict,0.59,2025,1195,139,0.11631799163179916,0.9266666666666666,0.07407407407407407,1.5702928870292887
extended_boosting,2025-07,responded_strict,0.6,2025,1215,140,0.11522633744855967,0.9333333333333333,0.07407407407407407,1.5555555555555556
extended_boosting,2025-07,responded_strict,0.61,2025,1236,140,0.11326860841423948,0.9333333333333333,0.07407407407407407,1.529126213592233
extended_boosting,2025-07,responded_strict,0.62,2025,1256,140,0.11146496815286625,0.9333333333333333,0.07407407407407407,1.5047770700636944
extended_boosting,2025-07,responded_strict,0.63,2025,1276,141,0.11050156739811912,0.94,0.07407407407407407,1.4917711598746082
extended_boosting,2025-07,responded_strict,0.64,2025,1296,141,0.1087962962962963,0.94,0.07407407407407407,1.46875
extended_boosting,2025-07,responded_strict,0.65,2025,1317,141,0.1070615034168565,0.94,0.07407407407407407,1.4453302961275627
extended_boosting,2025-07,responded_strict,0.66,2025,1337,143,0.10695587135377711,0.9533333333333334,0.07407407407407407,1.443904263275991
extended_boosting,2025-07,responded_strict,0.67,2025,1357,145,0.10685335298452468,0.9666666666666667,0.07407407407407407,1.4425202652910833
extended_boosting,2025-07,responded_strict,0.68,2025,1377,145,0.10530137981118373,0.9666666666666667,0.07407407407407407,1.4215686274509804
extended_boosting,2025-07,responded_strict,0.69,2025,1398,145,0.10371959942775394,0.9666666666666667,0.07407407407407407,1.4002145922746783
extended_boosting,2025-07,responded_strict,0.7,2025,1418,145,0.10225669957686882,0.9666666666666667,0.07407407407407407,1.380465444287729
extended_boosting,2025-07,responded_strict,0.71,2025,1438,145,0.10083449235048679,0.9666666666666667,0.07407407407407407,1.3612656467315718
extended_boosting,2025-07,responded_strict,0.72,2025,1458,145,0.09945130315500686,0.9666666666666667,0.07407407407407407,1.3425925925925928
extended_boosting,2025-07,responded_strict,0.73,2025,1479,145,0.09803921568627451,0.9666666666666667,0.07407407407407407,1.3235294117647058
extended_boosting,2025-07,responded_strict,0.74,2025,1499,146,0.09739826551034023,0.9733333333333334,0.07407407407407407,1.314876584389593
extended_boosting,2025-07,responded_strict,0.75,2025,1519,146,0.09611586570111916,0.9733333333333334,0.07407407407407407,1.2975641869651087
extended_boosting,2025-07,responded_strict,0.76,2025,1539,146,0.09486679662118258,0.9733333333333334,0.07407407407407407,1.280701754385965
extended_boosting,2025-07,responded_strict,0.77,2025,1560,146,0.09358974358974359,0.9733333333333334,0.07407407407407407,1.2634615384615386
extended_boosting,2025-07,responded_strict,0.78,2025,1580,146,0.09240506329113925,0.9733333333333334,0.07407407407407407,1.24746835443038
extended_boosting,2025-07,responded_strict,0.79,2025,1600,147,0.091875,0.98,0.07407407407407407,1.2403125000000002
extended_boosting,2025-07,responded_strict,0.8,2025,1620,147,0.09074074074074075,0.98,0.07407407407407407,1.225
extended_boosting,2025-07,responded_strict,0.81,2025,1641,147,0.08957952468007313,0.98,0.07407407407407407,1.2093235831809874
extended_boosting,2025-07,responded_strict,0.82,2025,1661,147,0.0885009030704395,0.98,0.07407407407407407,1.1947621914509332
extended_boosting,2025-07,responded_strict,0.83,2025,1681,147,0.0874479476502082,0.98,0.07407407407407407,1.180547293277811
extended_boosting,2025-07,responded_strict,0.84,2025,1701,147,0.08641975308641975,0.98,0.07407407407407407,1.1666666666666667
extended_boosting,2025-07,responded_strict,0.85,2025,1722,147,0.08536585365853659,0.98,0.07407407407407407,1.152439024390244
extended_boosting,2025-07,responded_strict,0.86,2025,1742,148,0.08495981630309989,0.9866666666666667,0.07407407407407407,1.1469575200918485
extended_boosting,2025-07,responded_strict,0.87,2025,1762,148,0.08399545970488081,0.9866666666666667,0.07407407407407407,1.133938706015891
extended_boosting,2025-07,responded_strict,0.88,2025,1782,149,0.08361391694725027,0.9933333333333333,0.07407407407407407,1.1287878787878787
extended_boosting,2025-07,responded_strict,0.89,2025,1803,149,0.08264004437049362,0.9933333333333333,0.07407407407407407,1.1156405990016638
extended_boosting,2025-07,responded_strict,0.9,2025,1823,149,0.08173340647284695,0.9933333333333333,0.07407407407407407,1.1034009873834338
extended_boosting,2025-07,responded_strict,0.91,2025,1843,149,0.08084644601193706,0.9933333333333333,0.07407407407407407,1.0914270211611505
extended_boosting,2025-07,responded_strict,0.92,2025,1863,149,0.07997852925389157,0.9933333333333333,0.07407407407407407,1.0797101449275361
extended_boosting,2025-07,responded_strict,0.93,2025,1884,150,0.07961783439490445,1.0,0.07407407407407407,1.0748407643312101
extended_boosting,2025-07,responded_strict,0.94,2025,1904,150,0.07878151260504201,1.0,0.07407407407407407,1.0635504201680672
extended_boosting,2025-07,responded_strict,0.95,2025,1924,150,0.07796257796257797,1.0,0.07407407407407407,1.0524948024948027
extended_boosting,2025-07,responded_strict,0.96,2025,1944,150,0.07716049382716049,1.0,0.07407407407407407,1.0416666666666667
extended_boosting,2025-07,responded_strict,0.97,2025,1965,150,0.07633587786259542,1.0,0.07407407407407407,1.0305343511450382
extended_boosting,2025-07,responded_strict,0.98,2025,1985,150,0.07556675062972293,1.0,0.07407407407407407,1.0201511335012596
extended_boosting,2025-07,responded_strict,0.99,2025,2005,150,0.07481296758104738,1.0,0.07407407407407407,1.0099750623441397
extended_boosting,2025-07,responded_strict,1.0,2025,2025,150,0.07407407407407407,1.0,0.07407407407407407,1.0
extended_boosting,2025-08,responded_strict,0.01,2012,21,7,0.3333333333333333,0.04794520547945205,0.07256461232604373,4.593607305936073
extended_boosting,2025-08,responded_strict,0.02,2012,41,12,0.2926829268292683,0.0821917808219178,0.07256461232604373,4.03341129301704
extended_boosting,2025-08,responded_strict,0.03,2012,61,18,0.29508196721311475,0.1232876712328767,0.07256461232604373,4.066472041320458
extended_boosting,2025-08,responded_strict,0.04,2012,81,23,0.2839506172839506,0.15753424657534246,0.07256461232604373,3.91307289024184
extended_boosting,2025-08,responded_strict,0.05,2012,101,28,0.27722772277227725,0.1917808219178082,0.07256461232604373,3.8204258782042593
extended_boosting,2025-08,responded_strict,0.06,2012,121,30,0.24793388429752067,0.2054794520547945,0.07256461232604373,3.4167327068946
extended_boosting,2025-08,responded_strict,0.07,2012,141,36,0.2553191489361702,0.2465753424657534,0.07256461232604373,3.5185077236957154
extended_boosting,2025-08,responded_strict,0.08,2012,161,41,0.2546583850931677,0.2808219178082192,0.07256461232604373,3.509401854845571
extended_boosting,2025-08,responded_strict,0.09,2012,182,44,0.24175824175824176,0.3013698630136986,0.07256461232604373,3.3316272768327564
extended_boosting,2025-08,responded_strict,0.1,2012,202,47,0.23267326732673269,0.3219178082191781,0.07256461232604373,3.206428862064289
extended_boosting,2025-08,responded_strict,0.11,2012,222,50,0.22522522522522523,0.3424657534246575,0.07256461232604373,3.1037887202270764
extended_boosting,2025-08,responded_strict,0.12,2012,242,54,0.2231404958677686,0.3698630136986301,0.07256461232604373,3.07505943620514
extended_boosting,2025-08,responded_strict,0.13,2012,262,56,0.21374045801526717,0.3835616438356164,0.07256461232604373,2.9455191885391616
extended_boosting,2025-08,responded_strict,0.14,2012,282,60,0.2127659574468085,0.410958904109589,0.07256461232604373,2.9320897697464297
extended_boosting,2025-08,responded_strict,0.15,2012,302,65,0.2152317880794702,0.4452054794520548,0.07256461232604373,2.966070942574617
extended_boosting,2025-08,responded_strict,0.16,2012,322,69,0.21428571428571427,0.4726027397260274,0.07256461232604373,2.9530332681017613
extended_boosting,2025-08,responded_strict,0.17,2012,343,71,0.20699708454810495,0.4863013698630137,0.07256461232604373,2.852589959662926
extended_boosting,2025-08,responded_strict,0.18,2012,363,73,0.20110192837465565,0.5,0.07256461232604373,2.7713498622589534
extended_boosting,2025-08,responded_strict,0.19,2012,383,75,0.195822454308094,0.5136986301369864,0.07256461232604373,2.6985943703279807
extended_boosting,2025-08,responded_strict,0.2,2012,403,77,0.19106699751861042,0.5273972602739726,0.07256461232604373,2.633060267174275
extended_boosting,2025-08,responded_strict,0.21,2012,423,79,0.1867612293144208,0.541095890410959,0.07256461232604373,2.573723242332977
extended_boosting,2025-08,responded_strict,0.22,2012,443,81,0.18284424379232506,0.5547945205479452,0.07256461232604373,2.519743962398343
extended_boosting,2025-08,responded_strict,0.23,2012,463,84,0.18142548596112312,0.5753424657534246,0.07256461232604373,2.500192313382053
extended_boosting,2025-08,responded_strict,0.24,2012,483,84,0.17391304347826086,0.5753424657534246,0.07256461232604373,2.3966646813579513
extended_boosting,2025-08,responded_strict,0.25,2012,503,85,0.16898608349900596,0.5821917808219178,0.07256461232604373,2.328767123287671
extended_boosting,2025-08,responded_strict,0.26,2012,524,87,0.16603053435114504,0.5958904109589042,0.07256461232604373,2.28803722681167
extended_boosting,2025-08,responded_strict,0.27,2012,544,88,0.16176470588235295,0.6027397260273972,0.07256461232604373,2.22925060435133
extended_boosting,2025-08,responded_strict,0.28,2012,564,92,0.16312056737588654,0.6301369863013698,0.07256461232604373,2.2479354901389295
extended_boosting,2025-08,responded_strict,0.29,2012,584,94,0.16095890410958905,0.6438356164383562,0.07256461232604373,2.2181459936198165
extended_boosting,2025-08,responded_strict,0.3,2012,604,94,0.15562913907284767,0.6438356164383562,0.07256461232604373,2.1446974507847227
extended_boosting,2025-08,responded_strict,0.31,2012,624,95,0.15224358974358973,0.6506849315068494,0.07256461232604373,2.098041798384264
extended_boosting,2025-08,responded_strict,0.32,2012,644,97,0.15062111801242237,0.6643835616438356,0.07256461232604373,2.0756828043903686
extended_boosting,2025-08,responded_strict,0.33,2012,664,98,0.14759036144578314,0.6712328767123288,0.07256461232604373,2.0339164878692855
extended_boosting,2025-08,responded_strict,0.34,2012,685,99,0.14452554744525548,0.678082191780822,0.07256461232604373,1.9916808319168084
extended_boosting,2025-08,responded_strict,0.35,2012,705,100,0.14184397163120568,0.684931506849315,0.07256461232604373,1.9547265131642866
extended_boosting,2025-08,responded_strict,0.36,2012,725,103,0.14206896551724138,0.7054794520547946,0.07256461232604373,1.9578271138403402
extended_boosting,2025-08,responded_strict,0.37,2012,745,105,0.14093959731543623,0.7191780821917808,0.07256461232604373,1.9422634917716282
extended_boosting,2025-08,responded_strict,0.38,2012,765,107,0.13986928104575164,0.7328767123287672,0.07256461232604373,1.927513653863372
extended_boosting,2025-08,responded_strict,0.39,2012,785,109,0.13885350318471337,0.7465753424657534,0.07256461232604373,1.9135154000523515
extended_boosting,2025-08,responded_strict,0.4,2012,805,110,0.13664596273291926,0.7534246575342466,0.07256461232604373,1.8830936782098189
extended_boosting,2025-08,responded_strict,0.41,2012,825,111,0.13454545454545455,0.7602739726027398,0.07256461232604373,1.8541469489414697
extended_boosting,2025-08,responded_strict,0.42,2012,846,112,0.13238770685579196,0.7671232876712328,0.07256461232604373,1.8244114122866673
extended_boosting,2025-08,responded_strict,0.43,2012,866,112,0.12933025404157045,0.7671232876712328,0.07256461232604373,1.7822771995317792
extended_boosting,2025-08,responded_strict,0.44,2012,886,114,0.12866817155756208,0.7808219178082192,0.07256461232604373,1.7731531587247598
extended_boosting,2025-08,responded_strict,0.45,2012,906,116,0.1280353200883002,0.7945205479452054,0.07256461232604373,1.7644319453264385
extended_boosting,2025-08,responded_strict,0.46,2012,926,119,0.1285097192224622,0.815068493150685,0.07256461232604373,1.7709695553122875
extended_boosting,2025-08,responded_strict,0.47,2012,946,120,0.12684989429175475,0.821917808219178,0.07256461232604373,1.7480958035274696
extended_boosting,2025-08,responded_strict,0.48,2012,966,120,0.12422360248447205,0.821917808219178,0.07256461232604373,1.711903343827108
extended_boosting,2025-08,responded_strict,0.49,2012,986,122,0.12373225152129817,0.8356164383561644,0.07256461232604373,1.7051321237044652
extended_boosting,2025-08,responded_strict,0.5,2012,1006,122,0.12127236580516898,0.8356164383561644,0.07256461232604373,1.6712328767123288
extended_boosting,2025-08,responded_strict,0.51,2012,1027,122,0.11879259980525804,0.8356164383561644,0.07256461232604373,1.6370596630697205
extended_boosting,2025-08,responded_strict,0.52,2012,1047,122,0.11652340019102196,0.8356164383561644,0.07256461232604373,1.605788227289974
extended_boosting,2025-08,responded_strict,0.53,2012,1067,123,0.11527647610121837,0.8424657534246576,0.07256461232604373,1.5886045884633655
extended_boosting,2025-08,responded_strict,0.54,2012,1087,124,0.1140754369825207,0.8493150684931506,0.07256461232604373,1.5720532822522717
extended_boosting,2025-08,responded_strict,0.55,2012,1107,125,0.11291779584462511,0.8561643835616438,0.07256461232604373,1.5561000358862036
extended_boosting,2025-08,responded_strict,0.56,2012,1127,125,0.11091393078970718,0.8561643835616438,0.07256461232604373,1.5284851284170606
extended_boosting,2025-08,responded_strict,0.57,2012,1147,125,0.10897994768962511,0.8561643835616438,0.07256461232604373,1.501833251722779
extended_boosting,2025-08,responded_strict,0.58,2012,1167,125,0.10711225364181662,0.8561643835616438,0.07256461232604373,1.4760948926529798
extended_boosting,2025-08,responded_strict,0.59,2012,1188,126,0.10606060606060606,0.863013698630137,0.07256461232604373,1.4616023246160235
extended_boosting,2025-08,responded_strict,0.6,2012,1208,127,0.10513245033112582,0.8698630136986302,0.07256461232604373,1.4488115757960627
extended_boosting,2025-08,responded_strict,0.61,2012,1228,128,0.10423452768729642,0.8767123287671232,0.07256461232604373,1.4364374637454822
extended_boosting,2025-08,responded_strict,0.62,2012,1248,129,0.10336538461538461,0.8835616438356164,0.07256461232604373,1.4244599578503687
extended_boosting,2025-08,responded_strict,0.63,2012,1268,129,0.10173501577287067,0.8835616438356164,0.07256461232604373,1.4019921351713411
extended_boosting,2025-08,responded_strict,0.64,2012,1288,130,0.10093167701863354,0.8904109589041096,0.07256461232604373,1.3909214668595253
extended_boosting,2025-08,responded_strict,0.65,2012,1308,131,0.10015290519877676,0.8972602739726028,0.07256461232604373,1.3801893510954715
extended_boosting,2025-08,responded_strict,0.66,2012,1328,131,0.09864457831325302,0.8972602739726028,0.07256461232604373,1.3594033668922265
extended_boosting,2025-08,responded_strict,0.67,2012,1349,133,0.09859154929577464,0.910958904109589,0.07256461232604373,1.3586725834458808
extended_boosting,2025-08,responded_strict,0.68,2012,1369,134,0.09788166544923302,0.9178082191780822,0.07256461232604373,1.348889800574362
extended_boosting,2025-08,responded_strict,0.69,2012,1389,134,0.0964722822174226,0.9178082191780822,0.07256461232604373,1.3294673412428375
extended_boosting,2025-08,responded_strict,0.7,2012,1409,135,0.09581263307310149,0.9246575342465754,0.07256461232604373,1.3203768338567137
extended_boosting,2025-08,responded_strict,0.71,2012,1429,135,0.09447165850244926,0.9246575342465754,0.07256461232604373,1.301897102102246
extended_boosting,2025-08,responded_strict,0.72,2012,1449,136,0.09385783298826778,0.9315068493150684,0.07256461232604373,1.2934380820027038
extended_boosting,2025-08,responded_strict,0.73,2012,1469,137,0.09326072157930565,0.9383561643835616,0.07256461232604373,1.2852093960107054
extended_boosting,2025-08,responded_strict,0.74,2012,1489,137,0.09200805910006717,0.9383561643835616,0.07256461232604373,1.2679466774611996
extended_boosting,2025-08,responded_strict,0.75,2012,1509,137,0.09078860172299535,0.9383561643835616,0.07256461232604373,1.2511415525114156
extended_boosting,2025-08,responded_strict,0.76,2012,1530,137,0.08954248366013072,0.9383561643835616,0.07256461232604373,1.2339690213985137
extended_boosting,2025-08,responded_strict,0.77,2012,1550,137,0.08838709677419355,0.9383561643835616,0.07256461232604373,1.2180468404772427
extended_boosting,2025-08,responded_strict,0.78,2012,1570,138,0.08789808917197452,0.9452054794520548,0.07256461232604373,1.2113079137946077
extended_boosting,2025-08,responded_strict,0.79,2012,1590,140,0.0880503144654088,0.958904109589041,0.07256461232604373,1.2134057034548118
extended_boosting,2025-08,responded_strict,0.8,2012,1610,140,0.08695652173913043,0.958904109589041,0.07256461232604373,1.1983323406789756
extended_boosting,2025-08,responded_strict,0.81,2012,1630,140,0.08588957055214724,0.958904109589041,0.07256461232604373,1.1836288763761662
extended_boosting,2025-08,responded_strict,0.82,2012,1650,140,0.08484848484848485,0.958904109589041,0.07256461232604373,1.1692818596928187
extended_boosting,2025-08,responded_strict,0.83,2012,1670,141,0.0844311377245509,0.9657534246575342,0.07256461232604373,1.1635304732999754
extended_boosting,2025-08,responded_strict,0.84,2012,1691,141,0.0833826138379657,0.9657534246575342,0.07256461232604373,1.1490809523423768
extended_boosting,2025-08,responded_strict,0.85,2012,1711,141,0.08240794856808883,0.9657534246575342,0.07256461232604373,1.1356492638287312
extended_boosting,2025-08,responded_strict,0.86,2012,1731,141,0.08145580589254767,0.9657534246575342,0.07256461232604373,1.1225279551767529
extended_boosting,2025-08,responded_strict,0.87,2012,1751,142,0.08109651627641348,0.9726027397260274,0.07256461232604373,1.11757664895989
extended_boosting,2025-08,responded_strict,0.88,2012,1771,143,0.08074534161490683,0.9794520547945206,0.07256461232604373,1.1127371734876201
extended_boosting,2025-08,responded_strict,0.89,2012,1791,143,0.07984366275823562,0.9794520547945206,0.07256461232604373,1.1003112977367813
extended_boosting,2025-08,responded_strict,0.9,2012,1811,143,0.078961899503037,0.9794520547945206,0.07256461232604373,1.0881598753432222
extended_boosting,2025-08,responded_strict,0.91,2012,1831,144,0.07864554888039323,0.9863013698630136,0.07256461232604373,1.0838003037489807
extended_boosting,2025-08,responded_strict,0.92,2012,1852,144,0.07775377969762419,0.9863013698630136,0.07256461232604373,1.0715109914494512
extended_boosting,2025-08,responded_strict,0.93,2012,1872,145,0.07745726495726496,0.9931506849315068,0.07256461232604373,1.0674247746165555
extended_boosting,2025-08,responded_strict,0.94,2012,1892,146,0.07716701902748414,1.0,0.07256461232604373,1.0634249471458774
extended_boosting,2025-08,responded_strict,0.95,2012,1912,146,0.07635983263598327,1.0,0.07256461232604373,1.0523012552301256
extended_boosting,2025-08,responded_strict,0.96,2012,1932,146,0.07556935817805382,1.0,0.07256461232604373,1.041407867494824
extended_boosting,2025-08,responded_strict,0.97,2012,1952,146,0.07479508196721311,1.0,0.07256461232604373,1.0307377049180328
extended_boosting,2025-08,responded_strict,0.98,2012,1972,146,0.07403651115618662,1.0,0.07256461232604373,1.0202839756592292
extended_boosting,2025-08,responded_strict,0.99,2012,1992,146,0.07329317269076305,1.0,0.07256461232604373,1.0100401606425702
extended_boosting,2025-08,responded_strict,1.0,2012,2012,146,0.07256461232604373,1.0,0.07256461232604373,1.0
extended_boosting,2025-09,responded_strict,0.01,2038,21,11,0.5238095238095238,0.07096774193548387,0.0760549558390579,6.887250384024578
extended_boosting,2025-09,responded_strict,0.02,2038,41,19,0.4634146341463415,0.12258064516129032,0.0760549558390579,6.09315499606609
extended_boosting,2025-09,responded_strict,0.03,2038,62,24,0.3870967741935484,0.15483870967741936,0.0760549558390579,5.089698231009365
extended_boosting,2025-09,responded_strict,0.04,2038,82,28,0.34146341463414637,0.18064516129032257,0.0760549558390579,4.489693154996067
extended_boosting,2025-09,responded_strict,0.05,2038,102,35,0.3431372549019608,0.22580645161290322,0.0760549558390579,4.511701454775459
extended_boosting,2025-09,responded_strict,0.06,2038,123,44,0.35772357723577236,0.2838709677419355,0.0760549558390579,4.703488067138736
extended_boosting,2025-09,responded_strict,0.07,2038,143,48,0.3356643356643357,0.3096774193548387,0.0760549558390579,4.413444619896233
extended_boosting,2025-09,responded_strict,0.08,2038,164,52,0.3170731707317073,0.33548387096774196,0.0760549558390579,4.169000786782061
extended_boosting,2025-09,responded_strict,0.09,2038,184,56,0.30434782608695654,0.36129032258064514,0.0760549558390579,4.001683029453016
extended_boosting,2025-09,responded_strict,0.1,2038,204,58,0.28431372549019607,0.3741935483870968,0.0760549558390579,3.7382669196710943
extended_boosting,2025-09,responded_strict,0.11,2038,225,63,0.28,0.4064516129032258,0.0760549558390579,3.6815483870967745
extended_boosting,2025-09,responded_strict,0.12,2038,245,66,0.2693877551020408,0.4258064516129032,0.0760549558390579,3.54201448321264
extended_boosting,2025-09,responded_strict,0.13,2038,265,67,0.2528301886792453,0.432258064516129,0.0760549558390579,3.3243091905051734
extended_boosting,2025-09,responded_strict,0.14,2038,286,70,0.24475524475524477,0.45161290322580644,0.0760549558390579,3.21813670200767
extended_boosting,2025-09,responded_strict,0.15,2038,306,74,0.24183006535947713,0.4774193548387097,0.0760549558390579,3.1796753109846088
extended_boosting,2025-09,responded_strict,0.16,2038,327,78,0.23853211009174313,0.5032258064516129,0.0760549558390579,3.136312518496597
extended_boosting,2025-09,responded_strict,0.17,2038,347,80,0.23054755043227665,0.5161290322580645,0.0760549558390579,3.031328437296644
extended_boosting,2025-09,responded_strict,0.18,2038,367,80,0.21798365122615804,0.5161290322580645,0.0760549558390579,2.8661334270897423
extended_boosting,2025-09,responded_strict,0.19,2038,388,81,0.20876288659793815,0.5225806451612903,0.0760549558390579,2.744895244429664
extended_boosting,2025-09,responded_strict,0.2,2038,408,87,0.21323529411764705,0.5612903225806452,0.0760549558390579,2.8037001897533207
extended_boosting,2025-09,responded_strict,0.21,2038,428,91,0.21261682242990654,0.5870967741935483,0.0760549558390579,2.795568284594513
extended_boosting,2025-09,responded_strict,0.22,2038,449,94,0.20935412026726058,0.6064516129032258,0.0760549558390579,2.752669013578562
extended_boosting,2025-09,responded_strict,0.23,2038,469,97,0.2068230277185501,0.6258064516129033,0.0760549558390579,2.7193892289703556
extended_boosting,2025-09,responded_strict,0.24,2038,490,99,0.20204081632653062,0.6387096774193548,0.0760549558390579,2.65651086240948
extended_boosting,2025-09,responded_strict,0.25,2038,510,99,0.19411764705882353,0.6387096774193548,0.0760549558390579,2.552333965844402
extended_boosting,2025-09,responded_strict,0.26,2038,530,101,0.19056603773584907,0.6516129032258065,0.0760549558390579,2.505636031649422
extended_boosting,2025-09,responded_strict,0.27,2038,551,102,0.1851179673321234,0.6580645161290323,0.0760549558390579,2.434002693050758
extended_boosting,2025-09,responded_strict,0.28,2038,571,103,0.18038528896672504,0.6645161290322581,0.0760549558390579,2.3717756058979718
extended_boosting,2025-09,responded_strict,0.29,2038,592,103,0.17398648648648649,0.6645161290322581,0.0760549558390579,2.2876416739319967
extended_boosting,2025-09,responded_strict,0.3,2038,612,106,0.17320261437908496,0.6838709677419355,0.0760549558390579,2.277335020029517
extended_boosting,2025-09,responded_strict,0.31,2038,632,107,0.16930379746835442,0.6903225806451613,0.0760549558390579,2.2260718660677825
extended_boosting,2025-09,responded_strict,0.32,2038,653,108,0.16539050535987748,0.6967741935483871,0.0760549558390579,2.174618386602776
extended_boosting,2025-09,responded_strict,0.33,2038,673,110,0.16344725111441308,0.7096774193548387,0.0760549558390579,2.1490677275559604
extended_boosting,2025-09,responded_strict,0.34,2038,693,116,0.1673881673881674,0.7483870967741936,0.0760549558390579,2.200884420239259
extended_boosting,2025-09,responded_strict,0.35,2038,714,118,0.16526610644257703,0.7612903225806451,0.0760549558390579,2.17298274148369
extended_boosting,2025-09,responded_strict,0.36,2038,734,118,0.16076294277929154,0.7612903225806451,0.0760549558390579,2.1137734024786847
extended_boosting,2025-09,responded_strict,0.37,2038,755,119,0.1576158940397351,0.7677419354838709,0.0760549558390579,2.0723947874385815
extended_boosting,2025-09,responded_strict,0.38,2038,775,121,0.15612903225806452,0.7806451612903226,0.0760549558390579,2.052844953173777
extended_boosting,2025-09,responded_strict,0.39,2038,795,121,0.15220125786163521,0.7806451612903226,0.0760549558390579,2.001201054980726
extended_boosting,2025-09,responded_strict,0.4,2038,816,121,0.1482843137254902,0.7806451612903226,0.0760549558390579,1.9496995572422517
extended_boosting,2025-09,responded_strict,0.41,2038,836,122,0.145933014354067,0.7870967741935484,0.0760549558390579,1.9187837629263778
extended_boosting,2025-09,responded_strict,0.42,2038,856,123,0.14369158878504673,0.7935483870967742,0.0760549558390579,1.8893126318962918
extended_boosting,2025-09,responded_strict,0.43,2038,877,125,0.14253135689851767,0.8064516129032258,0.0760549558390579,1.8740574539301873
extended_boosting,2025-09,responded_strict,0.44,2038,897,127,0.1415830546265329,0.8193548387096774,0.0760549558390579,1.861588808573381
extended_boosting,2025-09,responded_strict,0.45,2038,918,128,0.1394335511982571,0.8258064516129032,0.0760549558390579,1.8333263054325675
extended_boosting,2025-09,responded_strict,0.46,2038,938,130,0.13859275053304904,0.8387096774193549,0.0760549558390579,1.8222711328151866
extended_boosting,2025-09,responded_strict,0.47,2038,958,131,0.13674321503131523,0.8451612903225807,0.0760549558390579,1.7979527240891642
extended_boosting,2025-09,responded_strict,0.48,2038,979,131,0.1338100102145046,0.8451612903225807,0.0760549558390579,1.7593858117236152
extended_boosting,2025-09,responded_strict,0.49,2038,999,131,0.13113113113113112,0.8451612903225807,0.0760549558390579,1.7241628725499691
extended_boosting,2025-09,responded_strict,0.5,2038,1019,131,0.12855740922473013,0.8451612903225807,0.0760549558390579,1.6903225806451614
extended_boosting,2025-09,responded_strict,0.51,2038,1040,132,0.12692307692307692,0.8516129032258064,0.0760549558390579,1.668833746898263
extended_boosting,2025-09,responded_strict,0.52,2038,1060,133,0.12547169811320755,0.8580645161290322,0.0760549558390579,1.649750456482045
extended_boosting,2025-09,responded_strict,0.53,2038,1081,137,0.1267345050878816,0.8838709677419355,0.0760549558390579,1.6663543314135656
extended_boosting,2025-09,responded_strict,0.54,2038,1101,138,0.12534059945504086,0.8903225806451613,0.0760549558390579,1.6480267205766017
extended_boosting,2025-09,responded_strict,0.55,2038,1121,139,0.1239964317573595,0.896774193548387,0.0760549558390579,1.6303530833645075
extended_boosting,2025-09,responded_strict,0.56,2038,1142,139,0.12171628721541156,0.896774193548387,0.0760549558390579,1.600372860290379
extended_boosting,2025-09,responded_strict,0.57,2038,1162,139,0.11962134251290878,0.896774193548387,0.0760549558390579,1.572827716395536
extended_boosting,2025-09,responded_strict,0.58,2038,1183,139,0.11749788672865596,0.896774193548387,0.0760549558390579,1.5449076977612959
extended_boosting,2025-09,responded_strict,0.59,2038,1203,139,0.11554447215295095,0.896774193548387,0.0760549558390579,1.5192234467594454
extended_boosting,2025-09,responded_strict,0.6,2038,1223,139,0.11365494685200327,0.896774193548387,0.0760549558390579,1.4943792366734365
extended_boosting,2025-09,responded_strict,0.61,2038,1244,140,0.11254019292604502,0.9032258064516129,0.0760549558390579,1.4797220205372887
extended_boosting,2025-09,responded_strict,0.62,2038,1264,140,0.11075949367088607,0.9032258064516129,0.0760549558390579,1.4563086974275214
extended_boosting,2025-09,responded_strict,0.63,2038,1284,141,0.10981308411214953,0.9096774193548387,0.0760549558390579,1.443864938197166
extended_boosting,2025-09,responded_strict,0.64,2038,1305,142,0.10881226053639846,0.9161290322580645,0.0760549558390579,1.4307057224076134
extended_boosting,2025-09,responded_strict,0.65,2038,1325,142,0.10716981132075472,0.9161290322580645,0.0760549558390579,1.4091101643335362
extended_boosting,2025-09,responded_strict,0.66,2038,1346,144,0.10698365527488855,0.9290322580645162,0.0760549558390579,1.406662512582083
extended_boosting,2025-09,responded_strict,0.67,2038,1366,144,0.1054172767203514,0.9290322580645162,0.0760549558390579,1.3860671610069428
extended_boosting,2025-09,responded_strict,0.68,2038,1386,144,0.1038961038961039,0.9290322580645162,0.0760549558390579,1.3660661918726436
extended_boosting,2025-09,responded_strict,0.69,2038,1407,145,0.10305614783226724,0.9354838709677419,0.0760549558390579,1.3550221244010363
extended_boosting,2025-09,responded_strict,0.7,2038,1427,145,0.10161177295024527,0.9354838709677419,0.0760549558390579,1.336030924339354
extended_boosting,2025-09,responded_strict,0.71,2038,1447,146,0.10089841050449205,0.9419354838709677,0.0760549558390579,1.326651358762289
extended_boosting,2025-09,responded_strict,0.72,2038,1468,148,0.1008174386920981,0.9548387096774194,0.0760549558390579,1.325586710029006
extended_boosting,2025-09,responded_strict,0.73,2038,1488,148,0.09946236559139784,0.9548387096774194,0.0760549558390579,1.307769684356573
extended_boosting,2025-09,responded_strict,0.74,2038,1509,150,0.09940357852882704,0.967741935483871,0.0760549558390579,1.3069967293016098
extended_boosting,2025-09,responded_strict,0.75,2038,1529,150,0.09810333551340746,0.967741935483871,0.0760549558390579,1.289900630814996
extended_boosting,2025-09,responded_strict,0.76,2038,1549,152,0.09812782440284054,0.9806451612903225,0.0760549558390579,1.2902226202128324
extended_boosting,2025-09,responded_strict,0.77,2038,1570,152,0.09681528662420383,0.9806451612903225,0.0760549558390579,1.2729648654201768
extended_boosting,2025-09,responded_strict,0.78,2038,1590,152,0.09559748427672957,0.9806451612903225,0.0760549558390579,1.256952728748225
extended_boosting,2025-09,responded_strict,0.79,2038,1611,152,0.09435133457479826,0.9806451612903225,0.0760549558390579,1.2405678700867022
extended_boosting,2025-09,responded_strict,0.8,2038,1631,152,0.0931943592887799,0.9806451612903225,0.0760549558390579,1.2253555111647318
extended_boosting,2025-09,responded_strict,0.81,2038,1651,153,0.09267110841913992,0.9870967741935484,0.0760549558390579,1.2184756061819817
extended_boosting,2025-09,responded_strict,0.82,2038,1672,153,0.09150717703349283,0.9870967741935484,0.0760549558390579,1.2031717857694089
extended_boosting,2025-09,responded_strict,0.83,2038,1692,153,0.09042553191489362,0.9870967741935484,0.0760549558390579,1.1889498970487304
extended_boosting,2025-09,responded_strict,0.84,2038,1712,153,0.08936915887850468,0.9870967741935484,0.0760549558390579,1.1750602954476936
extended_boosting,2025-09,responded_strict,0.85,2038,1733,153,0.0882862088863243,0.9870967741935484,0.0760549558390579,1.1608212497440575
extended_boosting,2025-09,responded_strict,0.86,2038,1753,153,0.08727895037079293,0.9870967741935484,0.0760549558390579,1.147577424875329
extended_boosting,2025-09,responded_strict,0.87,2038,1774,153,0.08624577226606539,0.9870967741935484,0.0760549558390579,1.1339927992144598
extended_boosting,2025-09,responded_strict,0.88,2038,1794,153,0.08528428093645485,0.9870967741935484,0.0760549558390579,1.1213507390225483
extended_boosting,2025-09,responded_strict,0.89,2038,1814,153,0.08434399117971333,0.9870967741935484,0.0760549558390579,1.1089874453177793
extended_boosting,2025-09,responded_strict,0.9,2038,1835,153,0.08337874659400545,0.9870967741935484,0.0760549558390579,1.0962960358618263
extended_boosting,2025-09,responded_strict,0.91,2038,1855,153,0.08247978436657682,0.9870967741935484,0.0760549558390579,1.0844761325102166
extended_boosting,2025-09,responded_strict,0.92,2038,1875,153,0.0816,0.9870967741935484,0.0760549558390579,1.0729083870967742
extended_boosting,2025-09,responded_strict,0.93,2038,1896,153,0.08069620253164557,0.9870967741935484,0.0760549558390579,1.0610249081257657
extended_boosting,2025-09,responded_strict,0.94,2038,1916,153,0.07985386221294363,0.9870967741935484,0.0760549558390579,1.0499494915482523
extended_boosting,2025-09,responded_strict,0.95,2038,1937,154,0.07950438822922044,0.9935483870967742,0.0760549558390579,1.045354472330008
extended_boosting,2025-09,responded_strict,0.96,2038,1957,154,0.07869187531936638,0.9935483870967742,0.0760549558390579,1.0346712380701204
extended_boosting,2025-09,responded_strict,0.97,2038,1977,155,0.07840161861406171,1.0,0.0760549558390579,1.0308548305513405
extended_boosting,2025-09,responded_strict,0.98,2038,1998,155,0.07757757757757758,1.0,0.0760549558390579,1.02002002002002
extended_boosting,2025-09,responded_strict,0.99,2038,2018,155,0.07680872150644202,1.0,0.0760549558390579,1.0099108027750248
extended_boosting,2025-09,responded_strict,1.0,2038,2038,155,0.0760549558390579,1.0,0.0760549558390579,1.0
extended_boosting,2025-10,responded_strict,0.01,2021,21,11,0.5238095238095238,0.06918238993710692,0.07867392380009897,6.657981431566337
extended_boosting,2025-10,responded_strict,0.02,2021,41,19,0.4634146341463415,0.11949685534591195,0.07867392380009897,5.890320601319221
extended_boosting,2025-10,responded_strict,0.03,2021,61,26,0.4262295081967213,0.16352201257861634,0.07867392380009897,5.417671924940715
extended_boosting,2025-10,responded_strict,0.04,2021,81,29,0.35802469135802467,0.18238993710691823,0.07867392380009897,4.5507415171985395
extended_boosting,2025-10,responded_strict,0.05,2021,102,33,0.3235294117647059,0.20754716981132076,0.07867392380009897,4.11228264890862
extended_boosting,2025-10,responded_strict,0.06,2021,122,38,0.3114754098360656,0.2389937106918239,0.07867392380009897,3.9590679451489845
extended_boosting,2025-10,responded_strict,0.07,2021,142,43,0.3028169014084507,0.27044025157232704,0.07867392380009897,3.849012312870936
extended_boosting,2025-10,responded_strict,0.08,2021,162,48,0.2962962962962963,0.3018867924528302,0.07867392380009897,3.7661309107849985
extended_boosting,2025-10,responded_strict,0.09,2021,182,51,0.2802197802197802,0.32075471698113206,0.07867392380009897,3.561787269334439
extended_boosting,2025-10,responded_strict,0.1,2021,203,57,0.28078817733990147,0.3584905660377358,0.07867392380009897,3.569011989961892
extended_boosting,2025-10,responded_strict,0.11,2021,223,62,0.27802690582959644,0.389937106918239,0.07867392380009897,3.5339143187522915
extended_boosting,2025-10,responded_strict,0.12,2021,243,64,0.26337448559670784,0.4025157232704403,0.07867392380009897,3.3476719206977767
extended_boosting,2025-10,responded_strict,0.13,2021,263,68,0.2585551330798479,0.4276729559748428,0.07867392380009897,3.2864146160652363
extended_boosting,2025-10,responded_strict,0.14,2021,283,71,0.2508833922261484,0.44654088050314467,0.07867392380009897,3.1889014823210435
extended_boosting,2025-10,responded_strict,0.15,2021,304,72,0.23684210526315788,0.4528301886792453,0.07867392380009897,3.010427010923535
extended_boosting,2025-10,responded_strict,0.16,2021,324,74,0.22839506172839505,0.46540880503144655,0.07867392380009897,2.903059243730103
extended_boosting,2025-10,responded_strict,0.17,2021,344,76,0.22093023255813954,0.4779874213836478,0.07867392380009897,2.8081761006289305
extended_boosting,2025-10,responded_strict,0.18,2021,364,80,0.21978021978021978,0.5031446540880503,0.07867392380009897,2.7935586426152463
extended_boosting,2025-10,responded_strict,0.19,2021,384,82,0.21354166666666666,0.5157232704402516,0.07867392380009897,2.7142623165618445
extended_boosting,2025-10,responded_strict,0.2,2021,405,84,0.2074074074074074,0.5283018867924528,0.07867392380009897,2.636291637549499
extended_boosting,2025-10,responded_strict,0.21,2021,425,87,0.20470588235294118,0.5471698113207547,0.07867392380009897,2.601953385127636
extended_boosting,2025-10,responded_strict,0.22,2021,445,90,0.20224719101123595,0.5660377358490566,0.07867392380009897,2.570701717193131
extended_boosting,2025-10,responded_strict,0.23,2021,465,90,0.1935483870967742,0.5660377358490566,0.07867392380009897,2.460133901399878
extended_boosting,2025-10,responded_strict,0.24,2021,486,91,0.18724279835390947,0.5723270440251572,0.07867392380009897,2.3799855061210757
extended_boosting,2025-10,responded_strict,0.25,2021,506,96,0.18972332015810275,0.6037735849056604,0.07867392380009897,2.411514654336639
extended_boosting,2025-10,responded_strict,0.26,2021,526,98,0.18631178707224336,0.6163522012578616,0.07867392380009897,2.368151708635244
extended_boosting,2025-10,responded_strict,0.27,2021,546,102,0.18681318681318682,0.6415094339622641,0.07867392380009897,2.3745248462229593
extended_boosting,2025-10,responded_strict,0.28,2021,566,105,0.1855123674911661,0.660377358490566,0.07867392380009897,2.35799053270218
extended_boosting,2025-10,responded_strict,0.29,2021,587,107,0.18228279386712096,0.6729559748427673,0.07867392380009897,2.3169404176443487
extended_boosting,2025-10,responded_strict,0.3,2021,607,110,0.1812191103789127,0.6918238993710691,0.07867392380009897,2.303420264627563
extended_boosting,2025-10,responded_strict,0.31,2021,627,110,0.17543859649122806,0.6918238993710691,0.07867392380009897,2.2299459340174335
extended_boosting,2025-10,responded_strict,0.32,2021,647,111,0.17156105100463678,0.6981132075471698,0.07867392380009897,2.1806596483042195
extended_boosting,2025-10,responded_strict,0.33,2021,667,113,0.16941529235382308,0.710691823899371,0.07867392380009897,2.1533855713652605
extended_boosting,2025-10,responded_strict,0.34,2021,688,115,0.16715116279069767,0.7232704402515723,0.07867392380009897,2.1246069182389933
extended_boosting,2025-10,responded_strict,0.35,2021,708,118,0.16666666666666666,0.7421383647798742,0.07867392380009897,2.1184486373165616
extended_boosting,2025-10,responded_strict,0.36,2021,728,121,0.1662087912087912,0.7610062893081762,0.07867392380009897,2.11262872347778
extended_boosting,2025-10,responded_strict,0.37,2021,748,123,0.16443850267379678,0.7735849056603774,0.07867392380009897,2.0901271314700836
extended_boosting,2025-10,responded_strict,0.38,2021,768,123,0.16015625,0.7735849056603774,0.07867392380009897,2.0356967374213837
extended_boosting,2025-10,responded_strict,0.39,2021,789,124,0.15716096324461343,0.779874213836478,0.07867392380009897,1.9976245705494573
extended_boosting,2025-10,responded_strict,0.4,2021,809,124,0.15327564894932014,0.779874213836478,0.07867392380009897,1.9482395379029935
extended_boosting,2025-10,responded_strict,0.41,2021,829,126,0.1519903498190591,0.7924528301886793,0.07867392380009897,1.9319024967567195
extended_boosting,2025-10,responded_strict,0.42,2021,849,128,0.15076560659599528,0.8050314465408805,0.07867392380009897,1.9163351630849461
extended_boosting,2025-10,responded_strict,0.43,2021,870,129,0.1482758620689655,0.8113207547169812,0.07867392380009897,1.8846887876816307
extended_boosting,2025-10,responded_strict,0.44,2021,890,130,0.14606741573033707,0.8176100628930818,0.07867392380009897,1.8566179068617057
extended_boosting,2025-10,responded_strict,0.45,2021,910,131,0.14395604395604394,0.8238993710691824,0.07867392380009897,1.8297809109129861
extended_boosting,2025-10,responded_strict,0.46,2021,930,134,0.14408602150537633,0.8427672955974843,0.07867392380009897,1.8314330154865759
extended_boosting,2025-10,responded_strict,0.47,2021,950,136,0.1431578947368421,0.8553459119496856,0.07867392380009897,1.8196358821582255
extended_boosting,2025-10,responded_strict,0.48,2021,971,138,0.14212152420185376,0.8679245283018868,0.07867392380009897,1.806462895672619
extended_boosting,2025-10,responded_strict,0.49,2021,991,139,0.14026236125126135,0.8742138364779874,0.07867392380009897,1.7828316483572275
extended_boosting,2025-10,responded_strict,0.5,2021,1011,141,0.1394658753709199,0.8867924528301887,0.07867392380009897,1.7727077617901201
extended_boosting,2025-10,responded_strict,0.51,2021,1031,142,0.13773035887487875,0.8930817610062893,0.07867392380009897,1.7506481464536474
extended_boosting,2025-10,responded_strict,0.52,2021,1051,142,0.1351094196003806,0.8930817610062893,0.07867392380009897,1.7173341950463468
extended_boosting,2025-10,responded_strict,0.53,2021,1072,143,0.1333955223880597,0.89937106918239,0.07867392380009897,1.695549375762696
extended_boosting,2025-10,responded_strict,0.54,2021,1092,144,0.13186813186813187,0.9056603773584906,0.07867392380009897,1.6761351855691478
extended_boosting,2025-10,responded_strict,0.55,2021,1112,145,0.1303956834532374,0.9119496855345912,0.07867392380009897,1.657419347540835
extended_boosting,2025-10,responded_strict,0.56,2021,1132,146,0.12897526501766785,0.9182389937106918,0.07867392380009897,1.6393648465453252
extended_boosting,2025-10,responded_strict,0.57,2021,1152,146,0.1267361111111111,0.9182389937106918,0.07867392380009897,1.610903651292802
extended_boosting,2025-10,responded_strict,0.58,2021,1173,146,0.12446717817561807,0.9182389937106918,0.07867392380009897,1.5820639439806548
extended_boosting,2025-10,responded_strict,0.59,2021,1193,146,0.12238055322715842,0.9182389937106918,0.07867392380009897,1.5555414973087243
extended_boosting,2025-10,responded_strict,0.6,2021,1213,146,0.12036273701566365,0.9182389937106918,0.07867392380009897,1.529893657287146
extended_boosting,2025-10,responded_strict,0.61,2021,1233,147,0.1192214111922141,0.9245283018867925,0.07867392380009897,1.5153866164746208
extended_boosting,2025-10,responded_strict,0.62,2021,1254,150,0.11961722488038277,0.9433962264150944,0.07867392380009897,1.5204176822846136
extended_boosting,2025-10,responded_strict,0.63,2021,1274,150,0.11773940345368916,0.9433962264150944,0.07867392380009897,1.4965492728295962
extended_boosting,2025-10,responded_strict,0.64,2021,1294,150,0.11591962905718702,0.9433962264150944,0.07867392380009897,1.4734186812866348
extended_boosting,2025-10,responded_strict,0.65,2021,1314,151,0.11491628614916286,0.949685534591195,0.07867392380009897,1.4606654987890448
extended_boosting,2025-10,responded_strict,0.66,2021,1334,151,0.11319340329835083,0.949685534591195,0.07867392380009897,1.4387664658236918
extended_boosting,2025-10,responded_strict,0.67,2021,1355,151,0.11143911439114391,0.949685534591195,0.07867392380009897,1.4164682401540996
extended_boosting,2025-10,responded_strict,0.68,2021,1375,151,0.10981818181818181,0.949685534591195,0.07867392380009897,1.395865065751858
extended_boosting,2025-10,responded_strict,0.69,2021,1395,151,0.1082437275985663,0.949685534591195,0.07867392380009897,1.3758526633754873
extended_boosting,2025-10,responded_strict,0.7,2021,1415,153,0.10812720848056537,0.9622641509433962,0.07867392380009897,1.3743716247749849
extended_boosting,2025-10,responded_strict,0.71,2021,1435,153,0.10662020905923345,0.9622641509433962,0.07867392380009897,1.3552166195516402
extended_boosting,2025-10,responded_strict,0.72,2021,1456,155,0.10645604395604395,0.9748427672955975,0.07867392380009897,1.3531299675167598
extended_boosting,2025-10,responded_strict,0.73,2021,1476,155,0.10501355013550136,0.9748427672955975,0.07867392380009897,1.3347948731059638
extended_boosting,2025-10,responded_strict,0.74,2021,1496,155,0.1036096256684492,0.9748427672955975,0.07867392380009897,1.3169500218612316
extended_boosting,2025-10,responded_strict,0.75,2021,1516,155,0.10224274406332454,0.9748427672955975,0.07867392380009897,1.299576011018735
extended_boosting,2025-10,responded_strict,0.76,2021,1536,156,0.1015625,0.9811320754716981,0.07867392380009897,1.2909296383647797
extended_boosting,2025-10,responded_strict,0.77,2021,1557,156,0.1001926782273603,0.9811320754716981,0.07867392380009897,1.273518255959089
extended_boosting,2025-10,responded_strict,0.78,2021,1577,157,0.09955611921369689,0.9874213836477987,0.07867392380009897,1.265427150508688
extended_boosting,2025-10,responded_strict,0.79,2021,1597,157,0.09830932999373826,0.9874213836477987,0.07867392380009897,1.249579596964434
extended_boosting,2025-10,responded_strict,0.8,2021,1617,157,0.09709338280766852,0.9874213836477987,0.07867392380009897,1.234124067008164
extended_boosting,2025-10,responded_strict,0.81,2021,1638,157,0.09584859584859586,0.9874213836477987,0.07867392380009897,1.2183019635849826
extended_boosting,2025-10,responded_strict,0.82,2021,1658,157,0.09469240048250904,0.9874213836477987,0.07867392380009897,1.2036059205984324
extended_boosting,2025-10,responded_strict,0.83,2021,1678,157,0.0935637663885578,0.9874213836477987,0.07867392380009897,1.1892602004482724
extended_boosting,2025-10,responded_strict,0.84,2021,1698,158,0.09305064782096584,0.9937106918238994,0.07867392380009897,1.1827381084664903
extended_boosting,2025-10,responded_strict,0.85,2021,1718,158,0.0919674039580908,0.9937106918238994,0.07867392380009897,1.1689693295553554
extended_boosting,2025-10,responded_strict,0.86,2021,1739,158,0.09085681426106958,0.9937106918238994,0.07867392380009897,1.1548529661737208
extended_boosting,2025-10,responded_strict,0.87,2021,1759,158,0.08982376350198977,0.9937106918238994,0.07867392380009897,1.141722176336612
extended_boosting,2025-10,responded_strict,0.88,2021,1779,158,0.08881394041596402,0.9937106918238994,0.07867392380009897,1.1288866262934798
extended_boosting,2025-10,responded_strict,0.89,2021,1799,158,0.08782657031684268,0.9937106918238994,0.07867392380009897,1.1163364692474154
extended_boosting,2025-10,responded_strict,0.9,2021,1819,158,0.0868609125893348,0.9937106918238994,0.07867392380009897,1.1040622914656957
extended_boosting,2025-10,responded_strict,0.91,2021,1840,158,0.08586956521739131,0.9937106918238994,0.07867392380009897,1.0914615805304895
extended_boosting,2025-10,responded_strict,0.92,2021,1860,159,0.08548387096774193,1.0,0.07867392380009897,1.0865591397849461
extended_boosting,2025-10,responded_strict,0.93,2021,1880,159,0.08457446808510638,1.0,0.07867392380009897,1.075
extended_boosting,2025-10,responded_strict,0.94,2021,1900,159,0.08368421052631579,1.0,0.07867392380009897,1.0636842105263158
extended_boosting,2025-10,responded_strict,0.95,2021,1920,159,0.0828125,1.0,0.07867392380009897,1.0526041666666666
extended_boosting,2025-10,responded_strict,0.96,2021,1941,159,0.08191653786707882,1.0,0.07867392380009897,1.0412158681092218
extended_boosting,2025-10,responded_strict,0.97,2021,1961,159,0.08108108108108109,1.0,0.07867392380009897,1.0305966343702193
extended_boosting,2025-10,responded_strict,0.98,2021,1981,159,0.08026249369005553,1.0,0.07867392380009897,1.0201918223119637
extended_boosting,2025-10,responded_strict,0.99,2021,2001,159,0.07946026986506746,1.0,0.07867392380009897,1.0099950024987505
extended_boosting,2025-10,responded_strict,1.0,2021,2021,159,0.07867392380009897,1.0,0.07867392380009897,1.0
extended_boosting,2025-11,responded_strict,0.01,2017,21,10,0.47619047619047616,0.06329113924050633,0.07833415964303421,6.078963230861965
extended_boosting,2025-11,responded_strict,0.02,2017,41,18,0.43902439024390244,0.11392405063291139,0.07833415964303421,5.604507564062982
extended_boosting,2025-11,responded_strict,0.03,2017,61,23,0.3770491803278688,0.14556962025316456,0.07833415964303421,4.81334301722349
extended_boosting,2025-11,responded_strict,0.04,2017,81,28,0.345679012345679,0.17721518987341772,0.07833415964303421,4.41287701203313
extended_boosting,2025-11,responded_strict,0.05,2017,101,32,0.31683168316831684,0.20253164556962025,0.07833415964303421,4.044617119939842
extended_boosting,2025-11,responded_strict,0.06,2017,122,38,0.3114754098360656,0.24050632911392406,0.07833415964303421,3.976239883793318
extended_boosting,2025-11,responded_strict,0.07,2017,142,41,0.2887323943661972,0.25949367088607594,0.07833415964303421,3.685906578712783
extended_boosting,2025-11,responded_strict,0.08,2017,162,48,0.2962962962962963,0.3037974683544304,0.07833415964303421,3.7824660103141112
extended_boosting,2025-11,responded_strict,0.09,2017,182,52,0.2857142857142857,0.3291139240506329,0.07833415964303421,3.6473779385171787
extended_boosting,2025-11,responded_strict,0.1,2017,202,58,0.2871287128712871,0.3670886075949367,0.07833415964303421,3.6654342649454814
extended_boosting,2025-11,responded_strict,0.11,2017,222,61,0.2747747747747748,0.3860759493670886,0.07833415964303421,3.5077260805108907
extended_boosting,2025-11,responded_strict,0.12,2017,243,65,0.2674897119341564,0.41139240506329117,0.07833415964303421,3.4147262593113505
extended_boosting,2025-11,responded_strict,0.13,2017,263,68,0.2585551330798479,0.43037974683544306,0.07833415964303421,3.3006690090003366
extended_boosting,2025-11,responded_strict,0.14,2017,283,69,0.24381625441696114,0.43670886075949367,0.07833415964303421,3.112515095943105
extended_boosting,2025-11,responded_strict,0.15,2017,303,71,0.23432343234323433,0.44936708860759494,0.07833415964303421,2.9913314116221748
extended_boosting,2025-11,responded_strict,0.16,2017,323,74,0.22910216718266255,0.46835443037974683,0.07833415964303421,2.9246776658698126
extended_boosting,2025-11,responded_strict,0.17,2017,343,75,0.21865889212827988,0.47468354430379744,0.07833415964303421,2.791360667232535
extended_boosting,2025-11,responded_strict,0.18,2017,364,77,0.21153846153846154,0.4873417721518987,0.07833415964303421,2.700462512171373
extended_boosting,2025-11,responded_strict,0.19,2017,384,80,0.20833333333333334,0.5063291139240507,0.07833415964303421,2.6595464135021096
extended_boosting,2025-11,responded_strict,0.2,2017,404,82,0.20297029702970298,0.5189873417721519,0.07833415964303421,2.5910828424614616
extended_boosting,2025-11,responded_strict,0.21,2017,424,83,0.1957547169811321,0.5253164556962026,0.07833415964303421,2.498970026271794
extended_boosting,2025-11,responded_strict,0.22,2017,444,87,0.19594594594594594,0.5506329113924051,0.07833415964303421,2.5014112213479303
extended_boosting,2025-11,responded_strict,0.23,2017,464,90,0.1939655172413793,0.569620253164557,0.07833415964303421,2.4761294194674814
extended_boosting,2025-11,responded_strict,0.24,2017,485,90,0.18556701030927836,0.569620253164557,0.07833415964303421,2.3689155683152814
extended_boosting,2025-11,responded_strict,0.25,2017,505,93,0.18415841584158416,0.5886075949367089,0.07833415964303421,2.350933700965033
extended_boosting,2025-11,responded_strict,0.26,2017,525,96,0.18285714285714286,0.6075949367088608,0.07833415964303421,2.3343218806509944
extended_boosting,2025-11,responded_strict,0.27,2017,545,96,0.1761467889908257,0.6075949367088608,0.07833415964303421,2.248658692370224
extended_boosting,2025-11,responded_strict,0.28,2017,565,99,0.1752212389380531,0.6265822784810127,0.07833415964303421,2.236843284418058
extended_boosting,2025-11,responded_strict,0.29,2017,585,100,0.17094017094017094,0.6329113924050633,0.07833415964303421,2.182191929027372
extended_boosting,2025-11,responded_strict,0.3,2017,606,101,0.16666666666666666,0.6392405063291139,0.07833415964303421,2.1276371308016877
extended_boosting,2025-11,responded_strict,0.31,2017,626,102,0.16293929712460065,0.6455696202531646,0.07833415964303421,2.080054191774174
extended_boosting,2025-11,responded_strict,0.32,2017,646,104,0.1609907120743034,0.6582278481012658,0.07833415964303421,2.055178900340949
extended_boosting,2025-11,responded_strict,0.33,2017,666,107,0.16066066066066065,0.6772151898734177,0.07833415964303421,2.0509655224845096
extended_boosting,2025-11,responded_strict,0.34,2017,686,110,0.16034985422740525,0.6962025316455697,0.07833415964303421,2.0469978226371923
extended_boosting,2025-11,responded_strict,0.35,2017,706,112,0.15864022662889518,0.7088607594936709,0.07833415964303421,2.0251730196865925
extended_boosting,2025-11,responded_strict,0.36,2017,727,114,0.15680880330123798,0.7215189873417721,0.07833415964303421,2.001793394041753
extended_boosting,2025-11,responded_strict,0.37,2017,747,116,0.15528781793842034,0.7341772151898734,0.07833415964303421,1.982376764441733
extended_boosting,2025-11,responded_strict,0.38,2017,767,117,0.15254237288135594,0.740506329113924,0.07833415964303421,1.947328899377816
extended_boosting,2025-11,responded_strict,0.39,2017,787,117,0.14866581956797967,0.740506329113924,0.07833415964303421,1.897841506763386
extended_boosting,2025-11,responded_strict,0.4,2017,807,120,0.14869888475836432,0.759493670886076,0.07833415964303421,1.8982636111241824
extended_boosting,2025-11,responded_strict,0.41,2017,827,122,0.1475211608222491,0.7721518987341772,0.07833415964303421,1.8832289960663064
extended_boosting,2025-11,responded_strict,0.42,2017,848,122,0.14386792452830188,0.7721518987341772,0.07833415964303421,1.83659242894674
extended_boosting,2025-11,responded_strict,0.43,2017,868,122,0.14055299539170507,0.7721518987341772,0.07833415964303421,1.7942746310447413
extended_boosting,2025-11,responded_strict,0.44,2017,888,122,0.1373873873873874,0.7721518987341772,0.07833415964303421,1.7538630402554454
extended_boosting,2025-11,responded_strict,0.45,2017,908,123,0.1354625550660793,0.7784810126582279,0.07833415964303421,1.7292909719511516
extended_boosting,2025-11,responded_strict,0.46,2017,928,124,0.1336206896551724,0.7848101265822784,0.07833415964303421,1.7057780445220427
extended_boosting,2025-11,responded_strict,0.47,2017,948,125,0.13185654008438819,0.7911392405063291,0.07833415964303421,1.6832572237355126
extended_boosting,2025-11,responded_strict,0.48,2017,969,125,0.12899896800825594,0.7911392405063291,0.07833415964303421,1.6467779650167862
extended_boosting,2025-11,responded_strict,0.49,2017,989,127,0.12841253791708795,0.8037974683544303,0.07833415964303421,1.6392917023972557
extended_boosting,2025-11,responded_strict,0.5,2017,1009,129,0.1278493557978196,0.8164556962025317,0.07833415964303421,1.6321022192671022
extended_boosting,2025-11,responded_strict,0.51,2017,1029,130,0.12633624878522837,0.8227848101265823,0.07833415964303421,1.612786163289909
extended_boosting,2025-11,responded_strict,0.52,2017,1049,131,0.12488083889418494,0.8291139240506329,0.07833415964303421,1.5942066585415888
extended_boosting,2025-11,responded_strict,0.53,2017,1070,131,0.12242990654205607,0.8291139240506329,0.07833415964303421,1.5629184904767537
extended_boosting,2025-11,responded_strict,0.54,2017,1090,132,0.12110091743119267,0.8354430379746836,0.07833415964303421,1.545952851004529
extended_boosting,2025-11,responded_strict,0.55,2017,1110,133,0.11981981981981982,0.8417721518987342,0.07833415964303421,1.5295985859276997
extended_boosting,2025-11,responded_strict,0.56,2017,1130,135,0.11946902654867257,0.8544303797468354,0.07833415964303421,1.5251204211941303
extended_boosting,2025-11,responded_strict,0.57,2017,1150,135,0.11739130434782609,0.8544303797468354,0.07833415964303421,1.4985965877820584
extended_boosting,2025-11,responded_strict,0.58,2017,1170,135,0.11538461538461539,0.8544303797468354,0.07833415964303421,1.4729795520934763
extended_boosting,2025-11,responded_strict,0.59,2017,1191,136,0.11418975650713686,0.8607594936708861,0.07833415964303421,1.4577261954107281
extended_boosting,2025-11,responded_strict,0.6,2017,1211,139,0.1147811725846408,0.879746835443038,0.07833415964303421,1.4652761082482308
extended_boosting,2025-11,responded_strict,0.61,2017,1231,141,0.11454102355808286,0.8924050632911392,0.07833415964303421,1.4622104083332477
extended_boosting,2025-11,responded_strict,0.62,2017,1251,141,0.11270983213429256,0.8924050632911392,0.07833415964303421,1.4388337431320766
extended_boosting,2025-11,responded_strict,0.63,2017,1271,141,0.1109362706530291,0.8924050632911392,0.07833415964303421,1.416192771564302
extended_boosting,2025-11,responded_strict,0.64,2017,1291,141,0.10921766072811774,0.8924050632911392,0.07833415964303421,1.3942533018266676
extended_boosting,2025-11,responded_strict,0.65,2017,1312,143,0.10899390243902439,0.9050632911392406,0.07833415964303421,1.3913968431614696
extended_boosting,2025-11,responded_strict,0.66,2017,1332,143,0.10735735735735735,0.9050632911392406,0.07833415964303421,1.3705049986695557
extended_boosting,2025-11,responded_strict,0.67,2017,1352,143,0.10576923076923077,0.9050632911392406,0.07833415964303421,1.3502312560856864
extended_boosting,2025-11,responded_strict,0.68,2017,1372,143,0.10422740524781342,0.9050632911392406,0.07833415964303421,1.3305485847141751
extended_boosting,2025-11,responded_strict,0.69,2017,1392,143,0.10272988505747127,0.9050632911392406,0.07833415964303421,1.3114315073475922
extended_boosting,2025-11,responded_strict,0.7,2017,1412,146,0.10339943342776203,0.9240506329113924,0.07833415964303421,1.3199788431885824
extended_boosting,2025-11,responded_strict,0.71,2017,1433,146,0.10188415910676901,0.9240506329113924,0.07833415964303421,1.300635119736412
extended_boosting,2025-11,responded_strict,0.72,2017,1453,146,0.10048176187198898,0.9240506329113924,0.07833415964303421,1.2827323651633025
extended_boosting,2025-11,responded_strict,0.73,2017,1473,147,0.09979633401221996,0.930379746835443,0.07833415964303421,1.2739823145737195
extended_boosting,2025-11,responded_strict,0.74,2017,1493,148,0.09912926992632284,0.9367088607594937,0.07833415964303421,1.2654666926670455
extended_boosting,2025-11,responded_strict,0.75,2017,1513,149,0.09847984137475214,0.9430379746835443,0.07833415964303421,1.2571762028662978
extended_boosting,2025-11,responded_strict,0.76,2017,1533,150,0.09784735812133072,0.9493670886075949,0.07833415964303421,1.24910203373876
extended_boosting,2025-11,responded_strict,0.77,2017,1554,150,0.09652509652509653,0.9493670886075949,0.07833415964303421,1.232222276526074
extended_boosting,2025-11,responded_strict,0.78,2017,1574,150,0.09529860228716645,0.9493670886075949,0.07833415964303421,1.216565068438068
extended_boosting,2025-11,responded_strict,0.79,2017,1594,151,0.09473023839397741,0.9556962025316456,0.07833415964303421,1.209309435700332
extended_boosting,2025-11,responded_strict,0.8,2017,1614,151,0.09355638166047088,0.9556962025316456,0.07833415964303421,1.1943241886656315
extended_boosting,2025-11,responded_strict,0.81,2017,1634,152,0.09302325581395349,0.9620253164556962,0.07833415964303421,1.1875183985869886
extended_boosting,2025-11,responded_strict,0.82,2017,1654,153,0.09250302297460701,0.9683544303797469,0.07833415964303421,1.1808771983530528
extended_boosting,2025-11,responded_strict,0.83,2017,1675,153,0.09134328358208955,0.9683544303797469,0.07833415964303421,1.1660721707916115
extended_boosting,2025-11,responded_strict,0.84,2017,1695,156,0.0920353982300885,0.9873417721518988,0.07833415964303421,1.1749075837347374
extended_boosting,2025-11,responded_strict,0.85,2017,1715,156,0.09096209912536443,0.9873417721518988,0.07833415964303421,1.1612060375687345
extended_boosting,2025-11,responded_strict,0.86,2017,1735,156,0.08991354466858789,0.9873417721518988,0.07833415964303421,1.1478203771933024
extended_boosting,2025-11,responded_strict,0.87,2017,1755,157,0.08945868945868946,0.9936708860759493,0.07833415964303421,1.1420137761909914
extended_boosting,2025-11,responded_strict,0.88,2017,1775,158,0.08901408450704225,1.0,0.07833415964303421,1.136338028169014
extended_boosting,2025-11,responded_strict,0.89,2017,1796,158,0.08797327394209355,1.0,0.07833415964303421,1.1230512249443207
extended_boosting,2025-11,responded_strict,0.9,2017,1816,158,0.08700440528634361,1.0,0.07833415964303421,1.1106828193832599
extended_boosting,2025-11,responded_strict,0.91,2017,1836,158,0.0860566448801743,1.0,0.07833415964303421,1.0985838779956427
extended_boosting,2025-11,responded_strict,0.92,2017,1856,158,0.08512931034482758,1.0,0.07833415964303421,1.0867456896551724
extended_boosting,2025-11,responded_strict,0.93,2017,1876,158,0.08422174840085288,1.0,0.07833415964303421,1.0751599147121536
extended_boosting,2025-11,responded_strict,0.94,2017,1896,158,0.08333333333333333,1.0,0.07833415964303421,1.0638185654008439
extended_boosting,2025-11,responded_strict,0.95,2017,1917,158,0.08242044861763172,1.0,0.07833415964303421,1.0521648408972353
extended_boosting,2025-11,responded_strict,0.96,2017,1937,158,0.08156943727413526,1.0,0.07833415964303421,1.0413009808982965
extended_boosting,2025-11,responded_strict,0.97,2017,1957,158,0.0807358201328564,1.0,0.07833415964303421,1.0306591722023504
extended_boosting,2025-11,responded_strict,0.98,2017,1977,158,0.07991906929691452,1.0,0.07833415964303421,1.0202326757713707
extended_boosting,2025-11,responded_strict,0.99,2017,1997,158,0.07911867801702553,1.0,0.07833415964303421,1.0100150225338007
extended_boosting,2025-11,responded_strict,1.0,2017,2017,158,0.07833415964303421,1.0,0.07833415964303421,1.0
extended_boosting,2025-12,responded_strict,0.01,2022,21,9,0.42857142857142855,0.06293706293706294,0.07072205736894165,6.059940059940059
extended_boosting,2025-12,responded_strict,0.02,2022,41,18,0.43902439024390244,0.1258741258741259,0.07072205736894165,6.207743476036159
extended_boosting,2025-12,responded_strict,0.03,2022,61,27,0.4426229508196721,0.1888111888111888,0.07072205736894165,6.2586266192823565
extended_boosting,2025-12,responded_strict,0.04,2022,81,32,0.3950617283950617,0.22377622377622378,0.07072205736894165,5.586117586117585
extended_boosting,2025-12,responded_strict,0.05,2022,102,34,0.3333333333333333,0.23776223776223776,0.07072205736894165,4.7132867132867124
extended_boosting,2025-12,responded_strict,0.06,2022,122,37,0.30327868852459017,0.25874125874125875,0.07072205736894165,4.288318239137911
extended_boosting,2025-12,responded_strict,0.07,2022,142,40,0.28169014084507044,0.27972027972027974,0.07072205736894165,3.9830591943268
extended_boosting,2025-12,responded_strict,0.08,2022,162,44,0.2716049382716049,0.3076923076923077,0.07072205736894165,3.84045584045584
extended_boosting,2025-12,responded_strict,0.09,2022,182,48,0.26373626373626374,0.3356643356643357,0.07072205736894165,3.7291938830400366
extended_boosting,2025-12,responded_strict,0.1,2022,203,52,0.2561576354679803,0.36363636363636365,0.07072205736894165,3.6220331392745186
extended_boosting,2025-12,responded_strict,0.11,2022,223,54,0.242152466367713,0.3776223776223776,0.07072205736894165,3.424002006961648
extended_boosting,2025-12,responded_strict,0.12,2022,243,58,0.23868312757201646,0.40559440559440557,0.07072205736894165,3.374946041612708
extended_boosting,2025-12,responded_strict,0.13,2022,263,60,0.22813688212927757,0.4195804195804196,0.07072205736894165,3.2258236060517427
extended_boosting,2025-12,responded_strict,0.14,2022,284,67,0.23591549295774647,0.46853146853146854,0.07072205736894165,3.3358120752486946
extended_boosting,2025-12,responded_strict,0.15,2022,304,69,0.22697368421052633,0.4825174825174825,0.07072205736894165,3.2093761501656237
extended_boosting,2025-12,responded_strict,0.16,2022,324,70,0.21604938271604937,0.48951048951048953,0.07072205736894165,3.0549080549080547
extended_boosting,2025-12,responded_strict,0.17,2022,344,71,0.2063953488372093,0.4965034965034965,0.07072205736894165,2.9184013660757846
extended_boosting,2025-12,responded_strict,0.18,2022,364,72,0.1978021978021978,0.5034965034965035,0.07072205736894165,2.7968954122800276
extended_boosting,2025-12,responded_strict,0.19,2022,385,74,0.19220779220779222,0.5174825174825175,0.07072205736894165,2.7177912996094813
extended_boosting,2025-12,responded_strict,0.2,2022,405,77,0.19012345679012346,0.5384615384615384,0.07072205736894165,2.6883190883190884
extended_boosting,2025-12,responded_strict,0.21,2022,425,78,0.18352941176470589,0.5454545454545454,0.07072205736894165,2.595080213903743
extended_boosting,2025-12,responded_strict,0.22,2022,445,81,0.18202247191011237,0.5664335664335665,0.07072205736894165,2.5737722951206097
extended_boosting,2025-12,responded_strict,0.23,2022,466,83,0.1781115879828326,0.5804195804195804,0.07072205736894165,2.518472943365647
extended_boosting,2025-12,responded_strict,0.24,2022,486,85,0.1748971193415638,0.5944055944055944,0.07072205736894165,2.4730208063541395
extended_boosting,2025-12,responded_strict,0.25,2022,506,85,0.16798418972332016,0.5944055944055944,0.07072205736894165,2.375272948395478
extended_boosting,2025-12,responded_strict,0.26,2022,526,87,0.16539923954372623,0.6083916083916084,0.07072205736894165,2.3387221143875134
extended_boosting,2025-12,responded_strict,0.27,2022,546,89,0.163003663003663,0.6223776223776224,0.07072205736894165,2.3048489971566894
extended_boosting,2025-12,responded_strict,0.28,2022,567,91,0.16049382716049382,0.6363636363636364,0.07072205736894165,2.269360269360269
extended_boosting,2025-12,responded_strict,0.29,2022,587,93,0.15843270868824533,0.6503496503496503,0.07072205736894165,2.240216342430993
extended_boosting,2025-12,responded_strict,0.3,2022,607,93,0.15321252059308071,0.6503496503496503,0.07072205736894165,2.1664036128616027
extended_boosting,2025-12,responded_strict,0.31,2022,627,95,0.15151515151515152,0.6643356643356644,0.07072205736894165,2.1424030514939605
extended_boosting,2025-12,responded_strict,0.32,2022,648,97,0.14969135802469136,0.6783216783216783,0.07072205736894165,2.1166148666148663
extended_boosting,2025-12,responded_strict,0.33,2022,668,98,0.1467065868263473,0.6853146853146853,0.07072205736894165,2.0744106193207985
extended_boosting,2025-12,responded_strict,0.34,2022,688,102,0.14825581395348839,0.7132867132867133,0.07072205736894165,2.096316474223451
extended_boosting,2025-12,responded_strict,0.35,2022,708,103,0.14548022598870056,0.7202797202797203,0.07072205736894165,2.057070048595472
extended_boosting,2025-12,responded_strict,0.36,2022,728,104,0.14285714285714285,0.7272727272727273,0.07072205736894165,2.0199800199800197
extended_boosting,2025-12,responded_strict,0.37,2022,749,105,0.14018691588785046,0.7342657342657343,0.07072205736894165,1.9822233840925427
extended_boosting,2025-12,responded_strict,0.38,2022,769,107,0.13914174252275682,0.7482517482517482,0.07072205736894165,1.9674447788882117
extended_boosting,2025-12,responded_strict,0.39,2022,789,109,0.13814955640050697,0.7622377622377622,0.07072205736894165,1.9534154058868887
extended_boosting,2025-12,responded_strict,0.4,2022,809,110,0.13597033374536466,0.7692307692307693,0.07072205736894165,1.9226015023295617
extended_boosting,2025-12,responded_strict,0.41,2022,830,113,0.13614457831325302,0.7902097902097902,0.07072205736894165,1.9250652961496335
extended_boosting,2025-12,responded_strict,0.42,2022,850,114,0.13411764705882354,0.7972027972027972,0.07072205736894165,1.8964047716988894
extended_boosting,2025-12,responded_strict,0.43,2022,870,118,0.135632183908046,0.8251748251748252,0.07072205736894165,1.9178201109235593
extended_boosting,2025-12,responded_strict,0.44,2022,890,119,0.13370786516853933,0.8321678321678322,0.07072205736894165,1.8906105130824231
extended_boosting,2025-12,responded_strict,0.45,2022,910,119,0.13076923076923078,0.8321678321678322,0.07072205736894165,1.8490586336740182
extended_boosting,2025-12,responded_strict,0.46,2022,931,119,0.12781954887218044,0.8321678321678322,0.07072205736894165,1.8073505441926492
extended_boosting,2025-12,responded_strict,0.47,2022,951,119,0.12513144058885384,0.8321678321678322,0.07072205736894165,1.7693410690256115
extended_boosting,2025-12,responded_strict,0.48,2022,971,119,0.12255406797116375,0.8321678321678322,0.07072205736894165,1.7328973806831685
extended_boosting,2025-12,responded_strict,0.49,2022,991,119,0.12008072653884964,0.8321678321678322,0.07072205736894165,1.6979246787521256
extended_boosting,2025-12,responded_strict,0.5,2022,1011,119,0.11770524233432245,0.8321678321678322,0.07072205736894165,1.6643356643356642
extended_boosting,2025-12,responded_strict,0.51,2022,1032,120,0.11627906976744186,0.8391608391608392,0.07072205736894165,1.6441697837046674
extended_boosting,2025-12,responded_strict,0.52,2022,1052,122,0.11596958174904944,0.8531468531468531,0.07072205736894165,1.639793666409636
extended_boosting,2025-12,responded_strict,0.53,2022,1072,123,0.11473880597014925,0.8601398601398601,0.07072205736894165,1.6223906690324599
extended_boosting,2025-12,responded_strict,0.54,2022,1092,125,0.11446886446886446,0.8741258741258742,0.07072205736894165,1.6185737339583492
extended_boosting,2025-12,responded_strict,0.55,2022,1113,126,0.11320754716981132,0.8811188811188811,0.07072205736894165,1.6007388837577516
extended_boosting,2025-12,responded_strict,0.56,2022,1133,127,0.11209179170344219,0.8881118881118881,0.07072205736894165,1.5849622575130076
extended_boosting,2025-12,responded_strict,0.57,2022,1153,128,0.11101474414570685,0.8951048951048951,0.07072205736894165,1.569732955682652
extended_boosting,2025-12,responded_strict,0.58,2022,1173,128,0.10912190963341858,0.8951048951048951,0.07072205736894165,1.5429685404109956
extended_boosting,2025-12,responded_strict,0.59,2022,1193,130,0.10896898575020955,0.9090909090909091,0.07072205736894165,1.5408062180903754
extended_boosting,2025-12,responded_strict,0.6,2022,1214,130,0.1070840197693575,0.9090909090909091,0.07072205736894165,1.514153062752733
extended_boosting,2025-12,responded_strict,0.61,2022,1234,130,0.1053484602917342,0.9090909090909091,0.07072205736894165,1.489612494474731
extended_boosting,2025-12,responded_strict,0.62,2022,1254,130,0.10366826156299841,0.9090909090909091,0.07072205736894165,1.465854719443236
extended_boosting,2025-12,responded_strict,0.63,2022,1274,131,0.10282574568288853,0.916083916083916,0.07072205736894165,1.4539416627328714
extended_boosting,2025-12,responded_strict,0.64,2022,1295,131,0.10115830115830116,0.916083916083916,0.07072205736894165,1.4303642303642303
extended_boosting,2025-12,responded_strict,0.65,2022,1315,133,0.10114068441064639,0.9300699300699301,0.07072205736894165,1.4301151320162726
extended_boosting,2025-12,responded_strict,0.66,2022,1335,133,0.099625468164794,0.9300699300699301,0.07072205736894165,1.408690186218276
extended_boosting,2025-12,responded_strict,0.67,2022,1355,134,0.0988929889298893,0.9370629370629371,0.07072205736894165,1.3983330322813718
extended_boosting,2025-12,responded_strict,0.68,2022,1375,134,0.09745454545454546,0.9370629370629371,0.07072205736894165,1.3779936427209154
extended_boosting,2025-12,responded_strict,0.69,2022,1396,134,0.09598853868194843,0.9370629370629371,0.07072205736894165,1.3572645119923057
extended_boosting,2025-12,responded_strict,0.7,2022,1416,136,0.096045197740113,0.951048951048951,0.07072205736894165,1.3580656631504089
extended_boosting,2025-12,responded_strict,0.71,2022,1436,137,0.09540389972144847,0.958041958041958,0.07072205736894165,1.3489977988585231
extended_boosting,2025-12,responded_strict,0.72,2022,1456,137,0.09409340659340659,0.958041958041958,0.07072205736894165,1.330467609313763
extended_boosting,2025-12,responded_strict,0.73,2022,1477,137,0.0927555856465809,0.958041958041958,0.07072205736894165,1.3115510082334725
extended_boosting,2025-12,responded_strict,0.74,2022,1497,138,0.09218436873747494,0.965034965034965,0.07072205736894165,1.3034740810291912
extended_boosting,2025-12,responded_strict,0.75,2022,1517,138,0.09096901779828609,0.965034965034965,0.07072205736894165,1.286289188728213
extended_boosting,2025-12,responded_strict,0.76,2022,1537,138,0.08978529603122967,0.965034965034965,0.07072205736894165,1.2695515284975272
extended_boosting,2025-12,responded_strict,0.77,2022,1557,138,0.08863198458574181,0.965034965034965,0.07072205736894165,1.2532438659606289
extended_boosting,2025-12,responded_strict,0.78,2022,1578,138,0.08745247148288973,0.965034965034965,0.07072205736894165,1.236565715653168
extended_boosting,2025-12,responded_strict,0.79,2022,1598,138,0.08635794743429287,0.965034965034965,0.07072205736894165,1.221089298686295
extended_boosting,2025-12,responded_strict,0.8,2022,1618,139,0.08590852904820766,0.972027972027972,0.07072205736894165,1.2147345855627683
extended_boosting,2025-12,responded_strict,0.81,2022,1638,139,0.08485958485958486,0.972027972027972,0.07072205736894165,1.199902661441123
extended_boosting,2025-12,responded_strict,0.82,2022,1659,139,0.08378541289933696,0.972027972027972,0.07072205736894165,1.184714020157058
extended_boosting,2025-12,responded_strict,0.83,2022,1679,140,0.08338296605122096,0.9790209790209791,0.07072205736894165,1.1790234780109705
extended_boosting,2025-12,responded_strict,0.84,2022,1699,140,0.0824014125956445,0.9790209790209791,0.07072205736894165,1.1651444494293228
extended_boosting,2025-12,responded_strict,0.85,2022,1719,140,0.08144269924374636,0.9790209790209791,0.07072205736894165,1.1515883767192667
extended_boosting,2025-12,responded_strict,0.86,2022,1739,141,0.08108108108108109,0.986013986013986,0.07072205736894165,1.1464751464751464
extended_boosting,2025-12,responded_strict,0.87,2022,1760,141,0.08011363636363636,0.986013986013986,0.07072205736894165,1.1327956134774315
extended_boosting,2025-12,responded_strict,0.88,2022,1780,141,0.07921348314606741,0.986013986013986,0.07072205736894165,1.1200675728765614
extended_boosting,2025-12,responded_strict,0.89,2022,1800,141,0.07833333333333334,0.986013986013986,0.07072205736894165,1.1076223776223777
extended_boosting,2025-12,responded_strict,0.9,2022,1820,141,0.07747252747252747,0.986013986013986,0.07072205736894165,1.0954507031430107
extended_boosting,2025-12,responded_strict,0.91,2022,1841,141,0.07658881042911461,0.986013986013986,0.07072205736894165,1.0829550677459423
extended_boosting,2025-12,responded_strict,0.92,2022,1861,143,0.07684040838259,1.0,0.07072205736894165,1.0865126276195591
extended_boosting,2025-12,responded_strict,0.93,2022,1881,143,0.07602339181286549,1.0,0.07072205736894165,1.0749601275917064
extended_boosting,2025-12,responded_strict,0.94,2022,1901,143,0.07522356654392424,1.0,0.07072205736894165,1.0636507101525512
extended_boosting,2025-12,responded_strict,0.95,2022,1921,143,0.07444039562727746,1.0,0.07072205736894165,1.0525767829255595
extended_boosting,2025-12,responded_strict,0.96,2022,1942,143,0.07363542739443872,1.0,0.07072205736894165,1.0411946446961895
extended_boosting,2025-12,responded_strict,0.97,2022,1962,143,0.0728848114169215,1.0,0.07072205736894165,1.0305810397553516
extended_boosting,2025-12,responded_strict,0.98,2022,1982,143,0.07214934409687185,1.0,0.07072205736894165,1.0201816347124117
extended_boosting,2025-12,responded_strict,0.99,2022,2002,143,0.07142857142857142,1.0,0.07072205736894165,1.0099900099900099
extended_boosting,2025-12,responded_strict,1.0,2022,2022,143,0.07072205736894165,1.0,0.07072205736894165,1.0
