row_id,score
1,0.0111722113
2,0.3387131724
3,0.1454268993
4,0.0311460310
5,0.0124233294
6,0.0095491489
7,0.0362463949
8,0.0391956126
9,0.0565676055
10,0.0368834359
11,0.0211926683
12,0.1357503391
13,0.0188776058
14,0.0191913915
15,0.0867182103
16,0.0282674415
17,0.1168130634
18,0.0505476611
19,0.0194857869
20,0.1692238363
21,0.1220079381
22,0.0331170725
23,0.0651912718
24,0.0911117304
25,0.1703126771
26,0.1819226840
27,0.1233327127
28,0.2073660979
29,0.0242302803
30,0.2750518525
31,0.1151233673
32,0.0174113831
33,0.0944207083
34,0.1474741802
35,0.0125491173
36,0.0935786278
37,0.3500367912
38,0.0376342860
39,0.1693556024
40,0.1396851162
41,0.0573046301
42,0.0199113701
43,0.1201449574
44,0.0387021735
45,0.1901103474
46,0.1855882152
47,0.1027610139
48,0.0769722178
49,0.1103662698
50,0.0282153481
51,0.0834273548
52,0.0349599340
53,0.1985723790
54,0.0368523026
55,0.2750760613
56,0.2062556117
57,0.0151562612
58,0.0266419701
59,0.1442065017
60,0.0776674329
61,0.0599531690
62,0.0137778202
63,0.3249468118
64,0.1399704327
65,0.0455140813
66,0.0093038459
67,0.1320983222
68,0.1661676628
69,0.2882889975
70,0.2068725852
71,0.0424654288
72,0.0151327547
73,0.0109667619
74,0.0448728714
75,0.0224288589
76,0.0420586461
77,0.0620901240
78,0.2375635495
79,0.1127756311
80,0.2073967905
81,0.3058120077
82,0.0069002364
83,0.0348446625
84,0.1617816928
85,0.1226603679
86,0.0600483820
87,0.0646308646
88,0.0057793748
89,0.0111269218
90,0.4572539511
91,0.1185617878
92,0.1094103236
93,0.0893909055
94,0.0515509390
95,0.1974887249
96,0.0515782634
97,0.0056982964
98,0.0239107779
99,0.0243757722
100,0.0579412141
101,0.0159146060
102,0.0337704299
103,0.0886966713
104,0.0560519329
105,0.0192770664
106,0.0422789283
107,0.0734389555
108,0.0054002264
109,0.0082430511
110,0.0249083397
111,0.0524246767
112,0.0784958079
113,0.0181798069
114,0.0203659200
115,0.0968647590
116,0.1330816379
117,0.0211757546
118,0.1019659744
119,0.0972358354
120,0.0195534112
121,0.0217280607
122,0.2357509300
123,0.0214436812
124,0.0183743159
125,0.1208039538
126,0.1027163311
127,0.1674664604
128,0.0594269606
129,0.0251647772
130,0.0717492579
131,0.0700881296
132,0.0780790373
133,0.1394399673
134,0.2405331746
135,0.0411791623
136,0.0507990486
137,0.0414754434
138,0.1091999785
139,0.0698649999
140,0.0038708392
141,0.2500283759
142,0.0439132152
143,0.0649502187
144,0.0211211710
145,0.0129817920
146,0.0398267606
147,0.0078523707
148,0.1329884884
149,0.0082711908
150,0.0089109881
151,0.0766365475
152,0.1523317826
153,0.0656121880
154,0.0324893729
155,0.2467250350
156,0.0586766366
157,0.0188833793
158,0.0682563480
159,0.1499725561
160,0.0570058732
161,0.0141466408
162,0.0416302337
163,0.0806147716
164,0.0166500002
165,0.1301015651
166,0.0748615112
167,0.0570317577
168,0.0184351656
169,0.2368429228
170,0.0720534743
171,0.0085520982
172,0.0136208902
173,0.0610854630
174,0.0254558412
175,0.0436345405
176,0.2097569830
177,0.1984435693
178,0.0446409590
179,0.0106557977
180,0.0736076042
181,0.0254619183
182,0.0108443740
183,0.0627713450
184,0.1179580298
185,0.0722532335
186,0.1246684988
187,0.1172997727
188,0.0157963977
189,0.0376328463
190,0.0473359536
191,0.0987787703
192,0.2746956515
193,0.0207330812
194,0.0239051778
195,0.1020673768
196,0.0350572281
197,0.1218759836
198,0.2542113373
199,0.0616417056
200,0.0575485883
201,0.0182126647
202,0.0054709849
203,0.1199272612
204,0.0352158830
205,0.0398554501
206,0.1915774206
207,0.0871050783
208,0.1696585662
209,0.1038099211
210,0.1322757866
211,0.0716357202
212,0.0326095456
213,0.1168373364
214,0.0088182656
215,0.1194289481
216,0.1079956669
217,0.0105394849
218,0.0197133307
219,0.0080291326
220,0.0607826689
221,0.0222707724
222,0.0271443466
223,0.1465194162
224,0.2821184590
225,0.0829004716
226,0.0144034305
227,0.0254874340
228,0.0358231226
229,0.0521723688
230,0.0902501119
231,0.1057282597
232,0.2106233334
233,0.2099933221
234,0.0479320333
235,0.0534521313
236,0.0177697308
237,0.0703875751
238,0.0950449982
239,0.1808671260
240,0.0902673758
241,0.3837838421
242,0.0122585857
243,0.0205121412
244,0.0777113507
245,0.1106641706
246,0.0258095440
247,0.0252042110
248,0.1120499191
249,0.0148253056
250,0.1043548252
251,0.0635779320
252,0.0365290943
253,0.0529463616
254,0.0950352618
255,0.1126365500
256,0.0896617274
257,0.0252432998
258,0.0050129575
259,0.2101187959
260,0.0097304973
261,0.0130851034
262,0.1455554763
263,0.0439856596
264,0.0521233768
265,0.1841258387
266,0.0610325338
267,0.0672386141
268,0.0819915415
269,0.3581756743
270,0.0560033949
271,0.0268995399
272,0.0486422296
273,0.0051977913
274,0.1123586114
275,0.0290920944
276,0.0463153335
277,0.0152400676
278,0.0392549633
279,0.0436785002
280,0.2086016386
281,0.0619388173
282,0.0282981782
283,0.0314611614
284,0.0553189410
285,0.0239806464
286,0.0098308193
287,0.0604034740
288,0.0798862370
289,0.0981107164
290,0.0183585810
291,0.0884790789
292,0.0331096486
293,0.0252697500
294,0.0768823061
295,0.0110933762
296,0.0111434708
297,0.1278869004
298,0.1242044235
299,0.3302172107
300,0.0771269381
301,0.0240558656
302,0.0942248727
303,0.0461140821
304,0.1883700567
305,0.0811582080
306,0.0354183878
307,0.1755513431
308,0.2561293229
309,0.0326035144
310,0.1098965327
311,0.0241269736
312,0.2056443422
313,0.0095695682
314,0.1742784566
315,0.0277106694
316,0.2790506446
317,0.1068492030
318,0.0667198789
319,0.1327194541
320,0.0294713155
321,0.1118982905
322,0.1469747667
323,0.1065782295
324,0.3093034954
325,0.0479647811
326,0.1847926239
327,0.0169032753
328,0.0730688337
329,0.0316256396
330,0.0232607324
331,0.0187697056
332,0.0735513099
333,0.0634504778
334,0.0472339835
335,0.0971533686
336,0.0934264815
337,0.0290264542
338,0.0355669241
339,0.1684673415
340,0.0182666039
341,0.2733056214
342,0.4140871852
343,0.0234018466
344,0.0156884104
345,0.0335284409
346,0.1036243317
347,0.0384184425
348,0.0498695786
349,0.0603833252
350,0.0089618967
351,0.0401583176
352,0.0465151637
353,0.0079079245
354,0.2839271304
355,0.0795077172
356,0.0370416760
357,0.0201739266
358,0.0858090593
359,0.0343426182
360,0.0340973909
361,0.0958512554
362,0.1798577589
363,0.0513857247
364,0.0364893039
365,0.0166435166
366,0.0555439487
367,0.0116339669
368,0.0432380783
369,0.0317133563
370,0.0324875194
371,0.1000869936
372,0.0340882721
373,0.1794990660
374,0.0474163983
375,0.3111418647
376,0.0174667223
377,0.0427457096
378,0.0662191927
379,0.2756304635
380,0.1067297404
381,0.0662949067
382,0.0703525713
383,0.0933565026
384,0.0031979519
385,0.0133486393
386,0.0197482639
387,0.0157221279
388,0.0098865368
389,0.0487287489
390,0.0596118455
391,0.1483619806
392,0.1267359143
393,0.0272739254
394,0.1278339178
395,0.0184992006
396,0.0472957831
397,0.0766825972
398,0.0220565189
399,0.0724102527
400,0.0424589279
401,0.0399984271
402,0.0642419060
403,0.3167851937
404,0.0116970688
405,0.0387241018
406,0.0495743360
407,0.0893752809
408,0.0505970268
409,0.0461414129
410,0.0620793469
411,0.1090440741
412,0.0294673104
413,0.0434613596
414,0.0439294730
415,0.1938726081
416,0.0681811555
417,0.1906016696
418,0.0474077581
419,0.0594010602
420,0.0338325080
421,0.1054103849
422,0.0198422753
423,0.0193327801
424,0.0098645824
425,0.0887297857
426,0.0609265504
427,0.0228991311
428,0.0100531297
429,0.0687259908
430,0.0101637841
431,0.0481619442
432,0.0401271574
433,0.0089416832
434,0.0523887397
435,0.0755206545
436,0.0917457780
437,0.0951542690
438,0.0341368886
439,0.0378992308
440,0.0241899822
441,0.1598391014
442,0.0072411810
443,0.0854851535
444,0.1394944729
445,0.0569661118
446,0.0519587001
447,0.0839181544
448,0.2793471380
449,0.2030349797
450,0.0108412616
451,0.0653741767
452,0.0150245523
453,0.0266067013
454,0.2442246721
455,0.0259679731
456,0.0805592925
457,0.0344300921
458,0.0535731435
459,0.0214663063
460,0.0666025027
461,0.0708202460
462,0.1786856790
463,0.0298201614
464,0.2916074771
465,0.0303988648
466,0.1758085356
467,0.0712329339
468,0.0114931129
469,0.0248486881
470,0.0655007474
471,0.0107759113
472,0.0627678303
473,0.0208205602
474,0.0970521592
475,0.0399100911
476,0.0202178231
477,0.0790774175
478,0.2154711243
479,0.0984931315
480,0.0779105178
481,0.0690547378
482,0.0413990864
483,0.0155333364
484,0.0731468014
485,0.1175990180
486,0.0698183911
487,0.0611943010
488,0.0178949663
489,0.0488434894
490,0.0220813749
491,0.0725089912
492,0.0423110533
493,0.0302484008
494,0.0415730470
495,0.0770011801
496,0.0523531903
497,0.0441479876
498,0.0477413926
499,0.0322889156
500,0.0144710374
501,0.0248507145
502,0.0177772628
503,0.0136909534
504,0.0602331259
505,0.0199174318
506,0.0610347825
507,0.0611466307
508,0.0262704187
509,0.2941101114
510,0.0728180369
511,0.0385330169
512,0.0611966598
513,0.0922247612
514,0.1179286642
515,0.0254654173
516,0.0678652109
517,0.0959773271
518,0.0222663864
519,0.1035976603
520,0.0637199111
521,0.0370867732
522,0.1419458463
523,0.3135000837
524,0.0478296900
525,0.0915261524
526,0.0954122253
527,0.0102475258
528,0.1920298096
529,0.1486254295
530,0.0337705058
531,0.1525972207
532,0.1052117383
533,0.3089363347
534,0.0210121669
535,0.0034628760
536,0.1111930561
537,0.0775411403
538,0.0438350382
539,0.1199306538
540,0.0090422480
541,0.0126056325
542,0.0469126959
543,0.0363782790
544,0.1454029181
545,0.0366436414
546,0.1356023945
547,0.0564998721
548,0.0177451212
549,0.0876648273
550,0.0295399406
551,0.2606714268
552,0.3417860423
553,0.0203090389
554,0.0288809725
555,0.0695005617
556,0.0591541632
557,0.0375354455
558,0.1290195825
559,0.0191890143
560,0.0791372088
561,0.0296754319
562,0.0105411552
563,0.4002312959
564,0.0929010882
565,0.1704202487
566,0.1622909262
567,0.1415787300
568,0.0503040716
569,0.0605718463
570,0.0768954576
571,0.0591749203
572,0.0612851360
573,0.1734255163
574,0.0314327558
575,0.0107147362
576,0.0067409503
577,0.1474234857
578,0.1074222255
579,0.0515531852
580,0.1466549573
581,0.0104547551
582,0.2000575516
583,0.0427397998
584,0.0671072912
585,0.0046164234
586,0.0526900375
587,0.1163426899
588,0.0691242060
589,0.0166137180
590,0.0252235657
591,0.0219710828
592,0.1155500297
593,0.1004445239
594,0.3562547440
595,0.0085827619
596,0.0558684904
597,0.0093892020
598,0.1915245470
599,0.2530985835
600,0.0092530792
601,0.0243941311
602,0.0562822723
603,0.0272814857
604,0.2038757195
605,0.1086573874
606,0.1046225548
607,0.0091839970
608,0.1119855301
609,0.0658565887
610,0.0371556890
611,0.1569340829
612,0.0474965598
613,0.0686241527
614,0.1626896957
615,0.0047918181
616,0.0564971437
617,0.0074842102
618,0.0095291997
619,0.1030812687
620,0.0441846299
621,0.3304123441
622,0.0065665075
623,0.0897602330
624,0.0892330333
625,0.0627647607
626,0.1188985556
627,0.0517495034
628,0.0158483030
629,0.2799140917
630,0.1766889722
631,0.0542548300
632,0.0606207838
633,0.0287103595
634,0.0259584570
635,0.0373686216
636,0.1116374417
637,0.0741418384
638,0.0269753758
639,0.0922940949
640,0.1446397643
641,0.0283058578
642,0.0093091249
643,0.0474018310
644,0.1267671709
645,0.0066309183
646,0.2059084195
647,0.0566324601
648,0.0194942194
649,0.0409150966
650,0.0842045217
651,0.2257382626
652,0.0745758955
653,0.0667020276
654,0.0268645032
655,0.0748716956
656,0.1619311014
657,0.2000985142
658,0.0184793875
659,0.0387901447
660,0.0256355112
661,0.1509546564
662,0.0541721854
663,0.1383299315
664,0.1944222814
665,0.0100582370
666,0.1243491718
667,0.2920904561
668,0.0209859095
669,0.0301976268
670,0.0246625125
671,0.0301783166
672,0.0211169212
673,0.0850144916
674,0.0700607629
675,0.0856201884
676,0.0640541140
677,0.0074989485
678,0.0413895634
679,0.0463878729
680,0.1726500753
681,0.0339557574
682,0.0103586292
683,0.1887383819
684,0.0219501090
685,0.0119660857
686,0.0465807661
687,0.0491436762
688,0.0128813653
689,0.1352478383
690,0.0680816466
691,0.2181687098
692,0.0706728245
693,0.1111241619
694,0.0151744361
695,0.0996494150
696,0.1473610640
697,0.2794831389
698,0.0095597939
699,0.0769786121
700,0.2283737545
701,0.0599287982
702,0.0584911535
703,0.1908147276
704,0.3433823138
705,0.0568554040
706,0.0136288305
707,0.0282591888
708,0.0393864966
709,0.0674923532
710,0.1214247538
711,0.1571384690
712,0.0395564098
713,0.0136652310
714,0.0243812578
715,0.1158111529
716,0.1539877083
717,0.1676265144
718,0.0324467528
719,0.0940679072
720,0.1181780704
721,0.0149191210
722,0.2371410998
723,0.0266454490
724,0.1656090907
725,0.0177166297
726,0.0383692688
727,0.1722394356
728,0.0359826018
729,0.1122335370
730,0.1169784815
731,0.0720580486
732,0.0595533141
733,0.0118767482
734,0.3217386073
735,0.0896905743
736,0.0826306918
737,0.0222953828
738,0.0935881519
739,0.2016366276
740,0.0078950830
741,0.0946964922
742,0.0252608704
743,0.0244488814
744,0.0395524713
745,0.1190753207
746,0.1125168020
747,0.0198830870
748,0.0499628898
749,0.1186203257
750,0.0315812260
751,0.0285495669
752,0.0195624306
753,0.0265844702
754,0.0126548331
755,0.0755581877
756,0.0415341508
757,0.1970963350
758,0.0478428684
759,0.0593306742
760,0.0744539299
761,0.1721725976
762,0.0429187393
763,0.3211072030
764,0.2401770183
765,0.0164498781
766,0.0227575416
767,0.0936201061
768,0.0136338824
769,0.2743545801
770,0.0108887985
771,0.0139583251
772,0.0280038428
773,0.0413294735
774,0.1304459801
775,0.0156961619
776,0.1183802637
777,0.1503336630
778,0.0339971663
779,0.0102943961
780,0.1317873050
781,0.0520723355
782,0.1333289351
783,0.0087219098
784,0.1137735809
785,0.0672217987
786,0.0112432591
787,0.0441169185
788,0.0103865883
789,0.1578430322
790,0.1349066911
791,0.0447678655
792,0.1554190327
793,0.0056868953
794,0.0396902966
795,0.0470974749
796,0.0727230403
797,0.0217615813
798,0.2051961209
799,0.1668481512
800,0.1876807932
801,0.0079418165
802,0.0390781325
803,0.0103458827
804,0.1503264432
805,0.1055814491
806,0.0864945794
807,0.0841858937
808,0.2191735744
809,0.0715225219
810,0.1663053540
811,0.0561504184
812,0.0133325410
813,0.0791863820
814,0.1199074536
815,0.1918266336
816,0.0374129983
817,0.0172367083
818,0.0926670353
819,0.0572876025
820,0.1423285056
821,0.0582512620
822,0.0144521577
823,0.2091428501
824,0.2803325669
825,0.2616745166
826,0.0559145917
827,0.0194900847
828,0.0090289702
829,0.2191846165
830,0.2993014221
831,0.0086366536
832,0.3899179991
833,0.0537228764
834,0.0971982321
835,0.0152271687
836,0.0189179407
837,0.0595580986
838,0.0474307656
839,0.0183638323
840,0.0341466893
841,0.1492016525
842,0.0378532121
843,0.2134185591
844,0.0166289735
845,0.3180899886
846,0.0128463445
847,0.0681352624
848,0.1498604002
849,0.0468551894
850,0.0117539912
851,0.0557173809
852,0.0462123152
853,0.1148931750
854,0.0783072550
855,0.0199411670
856,0.1180434279
857,0.0582561059
858,0.1898504990
859,0.0829821199
860,0.2281739813
861,0.0538544773
862,0.0130287582
863,0.0219882118
864,0.0438270331
865,0.0286117521
866,0.0601101792
867,0.1983423196
868,0.0475391468
869,0.0217799534
870,0.0613402452
871,0.0339557972
872,0.0214372838
873,0.1648898884
874,0.2305443443
875,0.0473647081
876,0.0064275565
877,0.0329787078
878,0.1727359939
879,0.0411333976
880,0.0052425246
881,0.2034148667
882,0.0235855807
883,0.0390223822
884,0.0483149655
885,0.0158723817
886,0.0999947589
887,0.0604251901
888,0.0231497462
889,0.0423769796
890,0.1111205696
891,0.1007315643
892,0.0051955267
893,0.0566038320
894,0.0996898690
895,0.0190996932
896,0.0368182129
897,0.1271402904
898,0.0338265218
899,0.0162612043
900,0.0086286927
901,0.0344661119
902,0.0925432185
903,0.0377137522
904,0.1045654762
905,0.0120460840
906,0.1343226928
907,0.0270602584
908,0.0649655140
909,0.2720044384
910,0.1246598265
911,0.0610316024
912,0.2908360196
913,0.1002837182
914,0.0187692934
915,0.0461587158
916,0.0235455786
917,0.0194875330
918,0.0189599018
919,0.2240000317
920,0.3688460709
921,0.0303098170
922,0.0390143758
923,0.0707716188
924,0.0219006906
925,0.0298936280
926,0.0125812090
927,0.1547725233
928,0.0216002771
929,0.0287541074
930,0.0916996103
931,0.0743189570
932,0.2698700754
933,0.1482589608
934,0.0367300826
935,0.0417099580
936,0.0162859706
937,0.0411755764
938,0.2218711450
939,0.0358202561
940,0.1007274292
941,0.0491556397
942,0.0950342197
943,0.0109451690
944,0.0436250833
945,0.0567855673
946,0.0404855973
947,0.0163115129
948,0.0769930987
949,0.2028345349
950,0.1240479616
951,0.0858840324
952,0.0242070679
953,0.0918349606
954,0.0690459309
955,0.0373560748
956,0.0571297164
957,0.0993388879
958,0.0664249548
959,0.0231354888
960,0.0465738444
961,0.2102135580
962,0.1326405997
963,0.1543897381
964,0.2774752641
965,0.0065169069
966,0.0800895034
967,0.0098777140
968,0.0635062550
969,0.0145424508
970,0.0273017737
971,0.1181227051
972,0.3103213924
973,0.0369845494
974,0.0115341323
975,0.0205804978
976,0.1296166333
977,0.0908465058
978,0.0161006926
979,0.0669060938
980,0.3530021369
981,0.0257223567
982,0.1365519587
983,0.0623777684
984,0.0484309622
985,0.0642310383
986,0.0118487666
987,0.0083694537
988,0.0075628369
989,0.1009048667
990,0.0066615598
991,0.0311954056
992,0.0113720748
993,0.0878725366
994,0.3013487560
995,0.0170360827
996,0.1137498826
997,0.0472811154
998,0.1557336627
999,0.0795783867
1000,0.0158478743
1001,0.0879990628
1002,0.1152474454
1003,0.0383644991
1004,0.0227490674
1005,0.1085585996
1006,0.1121178347
1007,0.2799968847
1008,0.0348847662
1009,0.1442600571
1010,0.0152614104
1011,0.0163385756
1012,0.0552285384
1013,0.0071718878
1014,0.0195598645
1015,0.1536304441
1016,0.0482828801
1017,0.1262229914
1018,0.0098980837
1019,0.0118741332
1020,0.0375578260
1021,0.0223558728
1022,0.0121963980
1023,0.0978323830
1024,0.0953211126
1025,0.1336599427
1026,0.0694171945
1027,0.0627939924
1028,0.0043626412
1029,0.1165834311
1030,0.0113172244
1031,0.0377957829
1032,0.1549615192
1033,0.0434138516
1034,0.0125199447
1035,0.0422057327
1036,0.0251062662
1037,0.0941759277
1038,0.0222989235
1039,0.1304511093
1040,0.0269634732
1041,0.2918586111
1042,0.0253562632
1043,0.0481219779
1044,0.1345003713
1045,0.0232014627
1046,0.0287728242
1047,0.0423700300
1048,0.1680244230
1049,0.1075159071
1050,0.0674260236
1051,0.0058280268
1052,0.0066799505
1053,0.0179858262
1054,0.0146204402
1055,0.1127741084
1056,0.0333976553
1057,0.0375181006
1058,0.0243576607
1059,0.1808439042
1060,0.1235354976
1061,0.0138342884
1062,0.0470266817
1063,0.0092138489
1064,0.2206408535
1065,0.0310317415
1066,0.0550846237
1067,0.2317004550
1068,0.0240521070
1069,0.0121801778
1070,0.3009163746
1071,0.1321151150
1072,0.0518539850
1073,0.2188989297
1074,0.0140447294
1075,0.1113441334
1076,0.0100220628
1077,0.0463748261
1078,0.1138979047
1079,0.0938871694
1080,0.0961494096
1081,0.0211042052
1082,0.0264545488
1083,0.0243909777
1084,0.1666490553
1085,0.0200750790
1086,0.4422885786
1087,0.0116364191
1088,0.0648858256
1089,0.0149703966
1090,0.0081699212
1091,0.0768378573
1092,0.0592002886
1093,0.0810377566
1094,0.1206714524
1095,0.0860945679
1096,0.1109190553
1097,0.2794315609
1098,0.3218172156
1099,0.0458344876
1100,0.0118119489
1101,0.1073295353
1102,0.0270947711
1103,0.0776046725
1104,0.0134465419
1105,0.0216550946
1106,0.0533338221
1107,0.0651853788
1108,0.0166008736
1109,0.0311477619
1110,0.0836275139
1111,0.0405251630
1112,0.0401200164
1113,0.0717114921
1114,0.1197155357
1115,0.1345875994
1116,0.0278278751
1117,0.1245737575
1118,0.1858372507
1119,0.0135567920
1120,0.0145554314
1121,0.0587376514
1122,0.0426388755
1123,0.0480989542
1124,0.0386108153
1125,0.1059542108
1126,0.0041389963
1127,0.1493467044
1128,0.0380831374
1129,0.0186644448
1130,0.1864920810
1131,0.0403207458
1132,0.0289127734
1133,0.1072847784
1134,0.1835466950
1135,0.0236102200
1136,0.0223299679
1137,0.3229551563
1138,0.0263112681
1139,0.0319717392
1140,0.0707034921
1141,0.0480514184
1142,0.0233151441
1143,0.0388226156
1144,0.0177709859
1145,0.0372162463
1146,0.1655086701
1147,0.0663520654
1148,0.1348791477
1149,0.0255959296
1150,0.1434804419
1151,0.1161602783
1152,0.0696284441
1153,0.0490777521
1154,0.2789516228
1155,0.0333025632
1156,0.0638703176
1157,0.0133738678
1158,0.0270256254
1159,0.0302280347
1160,0.1208732422
1161,0.0386985017
1162,0.0697968810
1163,0.0428309367
1164,0.0919875191
1165,0.1336803789
1166,0.0345995183
1167,0.0674914485
1168,0.0267779610
1169,0.0467004274
1170,0.0526924381
1171,0.0349777636
1172,0.0724391266
1173,0.0538348088
1174,0.0562088057
1175,0.0368006938
1176,0.0196373216
1177,0.0395104097
1178,0.0164935705
1179,0.1947867619
1180,0.0232716355
1181,0.1181527067
1182,0.0837913321
1183,0.1204293541
1184,0.1610077869
1185,0.0298325695
1186,0.1139159624
1187,0.1428352124
1188,0.0140556868
1189,0.0278991919
1190,0.0178782133
1191,0.0049850531
1192,0.0529875427
1193,0.0388825154
1194,0.3591559375
1195,0.0946552219
1196,0.0404610594
1197,0.3555162955
1198,0.0549246606
1199,0.1928625793
1200,0.0411842689
1201,0.0263544330
1202,0.0506837915
1203,0.2412275512
1204,0.1029505440
1205,0.0300369010
1206,0.1367858816
1207,0.1277317885
1208,0.0246251438
1209,0.0132680854
1210,0.1890175689
1211,0.1948456734
1212,0.2207474457
1213,0.0476424053
1214,0.0063858403
1215,0.0415033329
1216,0.0710064459
1217,0.0727679020
1218,0.0766096371
1219,0.1455598133
1220,0.0713697309
1221,0.0244398971
1222,0.0643541295
1223,0.1726723701
1224,0.0065946270
1225,0.1170744699
1226,0.0062097845
1227,0.1468297997
1228,0.0586938757
1229,0.2923374841
1230,0.0421959230
1231,0.0102422093
1232,0.0151392086
1233,0.1205631292
1234,0.0234728573
1235,0.0362350960
1236,0.0509752845
1237,0.0822937789
1238,0.0326571524
1239,0.0540265295
1240,0.0307767813
1241,0.0722315564
1242,0.0336739556
1243,0.0312544399
1244,0.0742113957
1245,0.0881868750
1246,0.1537643677
1247,0.0940841021
1248,0.0244460933
1249,0.0218070549
1250,0.0571029883
1251,0.1109802210
1252,0.0504027440
1253,0.1494640055
1254,0.0458687218
1255,0.0246310890
1256,0.0113123899
1257,0.0544566152
1258,0.0477373796
1259,0.1021438442
1260,0.0447088742
1261,0.0181409242
1262,0.0244057057
1263,0.1036505540
1264,0.0112097455
1265,0.0936419513
1266,0.0805210119
1267,0.1229509111
1268,0.1644781698
1269,0.0115097288
1270,0.0038883581
1271,0.0083610855
1272,0.1114411059
1273,0.0407850427
1274,0.0113359984
1275,0.0240246560
1276,0.2165489688
1277,0.0342327529
1278,0.0174551577
1279,0.0211279344
1280,0.0560452838
1281,0.1090751527
1282,0.0050361194
1283,0.1987648354
1284,0.0411846457
1285,0.2270060358
1286,0.1286001259
1287,0.0336918680
1288,0.2594142723
1289,0.0298935051
1290,0.0686861085
1291,0.0195724529
1292,0.2608045454
1293,0.0518218228
1294,0.0744558364
1295,0.0075196328
1296,0.0827591874
1297,0.0236743034
1298,0.1388006310
1299,0.0080612643
1300,0.0146774231
1301,0.0293931283
1302,0.0515015742
1303,0.0558237116
1304,0.0091484122
1305,0.0260441969
1306,0.2605880352
1307,0.0248842652
1308,0.0282133417
1309,0.0323487892
1310,0.1447612439
1311,0.0508264730
1312,0.0841582643
1313,0.2802965755
1314,0.2746366058
1315,0.0891162035
1316,0.0478634749
1317,0.0306749127
1318,0.0534483502
1319,0.0821752894
1320,0.1027747664
1321,0.0168291838
1322,0.0444550443
1323,0.0343981292
1324,0.0397837494
1325,0.1492057639
1326,0.0293243337
1327,0.1288606911
1328,0.1105739751
1329,0.0191438804
1330,0.0106959925
1331,0.2602770147
1332,0.0400338488
1333,0.1189740688
1334,0.1868275724
1335,0.1325236661
1336,0.0286158273
1337,0.1845611248
1338,0.2228990253
1339,0.0887815781
1340,0.1799838753
1341,0.0741636048
1342,0.1987784081
1343,0.1369619563
1344,0.1129187665
1345,0.3483466508
1346,0.0431375740
1347,0.1084467984
1348,0.0191892764
1349,0.1763941827
1350,0.1399432114
1351,0.0408009314
1352,0.0439474884
1353,0.1898770609
1354,0.0105170871
1355,0.1604845417
1356,0.0860003818
1357,0.1535077211
1358,0.1431476805
1359,0.0310667011
1360,0.0444504634
1361,0.0310927784
1362,0.0045966840
1363,0.1814924078
1364,0.0174756492
1365,0.0547384980
1366,0.1232217808
1367,0.0536500764
1368,0.1192036155
1369,0.1366329366
1370,0.1035837052
1371,0.0860778614
1372,0.0068500852
1373,0.0588659918
1374,0.0069154663
1375,0.0195230911
1376,0.0108049911
1377,0.0623646594
1378,0.0452302295
1379,0.1442251096
1380,0.0050177045
1381,0.1179481317
1382,0.1773346690
1383,0.0416215809
1384,0.0256239482
1385,0.0223606469
1386,0.0304391923
1387,0.1589101318
1388,0.2070365694
1389,0.1622823961
1390,0.2060816371
1391,0.0091918018
1392,0.0259407442
1393,0.0207689998
1394,0.2902968513
1395,0.0121247611
1396,0.0144198892
1397,0.0830832407
1398,0.0596814463
1399,0.0090107649
1400,0.0677619579
1401,0.0739518018
1402,0.0187863493
1403,0.1827338725
1404,0.2388624566
1405,0.0617106687
1406,0.0609744812
1407,0.0779513062
1408,0.0194289279
1409,0.0090612425
1410,0.0473118210
1411,0.0796121260
1412,0.0197097927
1413,0.1802110633
1414,0.1049665041
1415,0.0481875591
1416,0.1045958470
1417,0.1918981493
1418,0.0473099921
1419,0.0115543747
1420,0.0236004341
1421,0.0310552131
1422,0.0232626829
1423,0.0435201628
1424,0.0277667190
1425,0.0280465880
1426,0.0199090272
1427,0.0560079135
1428,0.1303317845
1429,0.3035868352
1430,0.1245317743
1431,0.0413729284
1432,0.0627280868
1433,0.0353809110
1434,0.1144717549
1435,0.0185474742
1436,0.0122095532
1437,0.0391165854
1438,0.0115758235
1439,0.0179743186
1440,0.0170204447
1441,0.0576109229
1442,0.0649273363
1443,0.0042534261
1444,0.0243750586
1445,0.2393491770
1446,0.0195164972
1447,0.0773895085
1448,0.1220210647
1449,0.0341592776
1450,0.0660798581
1451,0.0225022669
1452,0.0936341643
1453,0.0474748795
1454,0.0382981753
1455,0.0584619208
1456,0.0312090874
1457,0.0372707418
1458,0.0067396799
1459,0.0332645731
1460,0.0901633585
1461,0.0275033580
1462,0.0754889884
1463,0.0652887057
1464,0.0159371496
1465,0.1068313594
1466,0.0562154144
1467,0.0131823637
1468,0.0686793749
1469,0.1049814526
1470,0.2812214381
1471,0.0269688550
1472,0.1236493295
1473,0.1649380997
1474,0.0498648509
1475,0.1089664969
1476,0.0496816214
1477,0.1440899776
1478,0.1305226923
1479,0.1540126712
1480,0.0146098071
1481,0.3304119186
1482,0.0092614091
1483,0.0273135161
1484,0.0991606617
1485,0.0236326192
1486,0.0269521923
1487,0.0438199938
1488,0.1132759240
1489,0.2892307348
1490,0.0063478267
1491,0.1593766481
1492,0.0671205173
1493,0.0171564453
1494,0.1158192364
1495,0.0179894193
1496,0.0200354423
1497,0.3734098118
1498,0.3268612404
1499,0.0126326288
1500,0.1444948813
1501,0.0618021035
1502,0.0172310309
1503,0.0466763660
1504,0.0146434307
1505,0.0189520484
1506,0.0505471286
1507,0.0244526080
1508,0.0933743800
1509,0.0684786078
1510,0.2361146618
1511,0.0086502370
1512,0.0197197214
1513,0.0063223603
1514,0.1207413494
1515,0.0488118339
1516,0.0603050714
1517,0.0509900512
1518,0.2947532879
1519,0.1817822480
1520,0.3022193067
1521,0.0477990105
1522,0.1161114517
1523,0.0189108070
1524,0.0349233145
1525,0.2485767758
1526,0.0264610092
1527,0.0194820951
1528,0.0371380078
1529,0.0534031810
1530,0.0384143757
1531,0.0299037788
1532,0.0120387756
1533,0.2367346207
1534,0.0251372970
1535,0.0268269391
1536,0.3112154476
1537,0.0140369465
1538,0.0296328038
1539,0.1104458693
1540,0.0115699082
1541,0.1613744755
1542,0.0457946233
1543,0.0648413696
1544,0.0902700561
1545,0.0687296554
1546,0.0044609538
1547,0.0050411238
1548,0.0329901657
1549,0.2454217875
1550,0.0501522282
1551,0.0284720491
1552,0.1036484678
1553,0.0356723548
1554,0.0150959227
1555,0.1497539569
1556,0.1284064508
1557,0.0628479625
1558,0.0184681832
1559,0.1723727264
1560,0.0172305403
1561,0.1722276698
1562,0.0190849122
1563,0.1836388264
1564,0.0236328475
1565,0.0375544538
1566,0.0083863677
1567,0.2236008828
1568,0.0256097353
1569,0.1244132341
1570,0.0989313372
1571,0.0609309091
1572,0.0142197903
1573,0.0715046109
1574,0.0160951516
1575,0.0245014721
1576,0.0130742942
1577,0.0658637973
1578,0.0785893786
1579,0.0402340003
1580,0.0129746806
1581,0.0127515097
1582,0.1598657780
1583,0.0489100279
1584,0.0906754569
1585,0.0245416677
1586,0.2473940046
1587,0.0359759894
1588,0.0196799995
1589,0.0849869193
1590,0.0304962116
1591,0.0184064915
1592,0.0677117142
1593,0.0245150800
1594,0.1123521763
1595,0.0044641088
1596,0.0287044512
1597,0.1325647122
1598,0.2906712766
1599,0.0287845997
1600,0.0591149247
1601,0.1143197988
1602,0.0744006581
1603,0.1859933615
1604,0.0188585326
1605,0.0253673114
1606,0.1117596392
1607,0.0069988745
1608,0.0279180170
1609,0.1583902602
1610,0.0416420972
1611,0.0224033083
1612,0.1009245004
1613,0.0764302069
1614,0.0212923598
1615,0.0728290499
1616,0.0763776166
1617,0.0869017785
1618,0.0347798839
1619,0.0437772604
1620,0.2570457284
1621,0.1220246401
1622,0.0250706121
1623,0.1308767490
1624,0.1600087441
1625,0.0922813983
1626,0.0829589830
1627,0.0617087460
1628,0.0586761228
1629,0.0572916189
1630,0.2868639454
1631,0.0780316509
1632,0.0978563200
1633,0.0604163886
1634,0.0244550238
1635,0.0304759957
1636,0.0238739090
1637,0.1685495517
1638,0.0072422359
1639,0.0951128162
1640,0.0827058318
1641,0.0096748505
1642,0.0621428754
1643,0.0753981762
1644,0.0067692825
1645,0.0401727758
1646,0.0722189258
1647,0.2966643684
1648,0.0432606828
1649,0.0225315507
1650,0.0535285836
1651,0.0911274598
1652,0.1260533179
1653,0.0353942073
1654,0.0434312651
1655,0.1439152589
1656,0.1448579105
1657,0.0056892638
1658,0.0303665144
1659,0.0084679042
1660,0.1873419127
1661,0.0970099753
1662,0.1731938559
1663,0.1089408651
1664,0.0798002786
1665,0.1763949839
1666,0.0340556124
1667,0.1397357783
1668,0.0765374654
1669,0.1223602536
1670,0.0247088416
1671,0.0081157522
1672,0.1246195143
1673,0.0174843151
1674,0.0798136005
1675,0.0210699654
1676,0.0185226600
1677,0.0801001888
1678,0.0693986018
1679,0.0068487936
1680,0.0239668846
1681,0.1326422515
1682,0.0299931240
1683,0.0142345512
1684,0.2409259561
1685,0.1527758589
1686,0.2085197929
1687,0.0218528328
1688,0.0227804454
1689,0.0237119030
1690,0.0082876542
1691,0.0377690330
1692,0.0277485439
1693,0.0342429753
1694,0.0283631219
1695,0.1682109326
1696,0.0259977916
1697,0.3084342559
1698,0.1517311260
1699,0.0554879799
1700,0.0888559087
1701,0.0577533251
1702,0.1437096900
1703,0.3323079219
1704,0.2914403025
1705,0.0248195440
1706,0.1258707028
1707,0.0037324257
1708,0.0235206933
1709,0.0164199660
1710,0.0308456434
1711,0.4022540962
1712,0.0340752503
1713,0.1069882600
1714,0.0458802573
1715,0.0383635063
1716,0.0594394666
1717,0.0405320786
1718,0.0291911749
1719,0.0437017589
1720,0.1687584524
1721,0.0297305466
1722,0.2679170216
1723,0.3044166189
1724,0.0442705231
1725,0.0153321895
1726,0.0418746766
1727,0.0181823139
1728,0.1800821793
1729,0.0082631537
1730,0.0073553849
1731,0.0615398022
1732,0.0107316823
1733,0.0212691236
1734,0.0382290476
1735,0.1074181535
1736,0.0071791859
1737,0.0288927581
1738,0.0056009911
1739,0.0883631486
1740,0.0922015151
1741,0.0763989757
1742,0.1062751717
1743,0.2683167375
1744,0.1136079817
1745,0.1568931027
1746,0.0142314663
1747,0.0349823510
1748,0.0305831473
1749,0.0687898519
1750,0.0476367417
1751,0.0196495393
1752,0.1072025004
1753,0.0754194604
1754,0.0165944268
1755,0.0219045226
1756,0.0176369063
1757,0.0504875531
1758,0.1589133896
1759,0.0072253938
1760,0.0452709417
1761,0.0367590120
1762,0.1349229463
1763,0.4011538964
1764,0.1078402757
1765,0.1873819944
1766,0.0290161865
1767,0.0607126860
1768,0.0323560562
1769,0.0348904683
1770,0.0266821561
1771,0.0487823740
1772,0.1777558411
1773,0.1441144599
1774,0.0289588241
1775,0.0747640420
1776,0.0681447140
1777,0.0653064521
1778,0.0185327783
1779,0.1980808466
1780,0.0133202601
1781,0.0468132895
1782,0.1177054328
1783,0.0073693928
1784,0.2733057026
1785,0.0392631273
1786,0.1000557332
1787,0.2889938631
1788,0.1771237776
1789,0.0307900714
1790,0.0076269947
1791,0.1276506721
1792,0.0195708616
1793,0.0175828088
1794,0.2067126874
1795,0.1752615022
1796,0.0779441473
1797,0.0183532910
1798,0.0336668880
1799,0.0183941708
1800,0.0159502333
1801,0.1484443250
1802,0.2127284043
1803,0.1084715035
1804,0.1031046451
1805,0.0739080860
1806,0.0870267009
1807,0.0312183298
1808,0.1071391285
1809,0.0195606072
1810,0.0886789275
1811,0.2167430785
1812,0.0827065410
1813,0.0629998644
1814,0.0910979115
1815,0.0813363756
1816,0.0536973367
1817,0.0095488805
1818,0.0335886202
1819,0.0202284740
1820,0.1130384460
1821,0.0772923725
1822,0.0197732108
1823,0.2406015293
1824,0.0149720509
1825,0.0197822812
1826,0.1919656213
1827,0.0447582336
1828,0.0079637965
1829,0.0354496486
1830,0.1345814830
1831,0.1767004300
1832,0.0308525839
1833,0.2815784057
1834,0.0194031094
1835,0.0658901696
1836,0.0480651004
1837,0.0178208335
1838,0.0093278661
1839,0.0210933587
1840,0.0884333525
1841,0.0143773644
1842,0.2162405288
1843,0.0316441778
1844,0.1152230933
1845,0.2197737009
1846,0.0101010316
1847,0.0118878184
1848,0.0245135701
1849,0.0222310837
1850,0.0873825349
1851,0.1912131352
1852,0.0190621928
1853,0.4114829504
1854,0.0255367322
1855,0.0639671922
1856,0.0260365276
1857,0.0093068454
1858,0.0234418557
1859,0.0853218289
1860,0.0106279112
1861,0.0478256020
1862,0.1749395324
1863,0.1128866811
1864,0.3069730251
1865,0.0680811401
1866,0.0486726055
1867,0.1854634849
1868,0.0363163033
1869,0.0692793717
1870,0.0465083948
1871,0.0095023408
1872,0.0122967462
1873,0.0167930283
1874,0.0849121184
1875,0.1609876058
1876,0.0073154377
1877,0.0268652050
1878,0.1509106955
1879,0.0215186112
1880,0.0240732590
1881,0.0142182018
1882,0.0120490907
1883,0.0087221092
1884,0.0103578790
1885,0.0354043824
1886,0.2119425072
1887,0.0629623620
1888,0.1989509031
1889,0.1837473366
1890,0.0303989139
1891,0.0756383357
1892,0.0572719368
1893,0.2172428467
1894,0.0431049646
1895,0.1027966278
1896,0.2786293936
1897,0.0108499059
1898,0.1030903461
1899,0.0527808960
1900,0.2507116069
1901,0.0251538884
1902,0.0343728980
1903,0.1830918516
1904,0.2104112129
1905,0.0842556170
1906,0.0208956088
1907,0.1463409809
1908,0.0237059530
1909,0.1407482761
1910,0.0132211757
1911,0.0500280774
1912,0.0360771680
1913,0.0299003913
1914,0.0631606994
1915,0.0637942640
1916,0.0603333476
1917,0.0057958257
1918,0.1032360226
1919,0.0156625260
1920,0.1119611313
1921,0.0756535105
1922,0.0527440653
1923,0.0557405091
1924,0.0348077641
1925,0.1642326351
1926,0.0945126834
1927,0.2558326040
1928,0.2211600316
1929,0.1595291355
1930,0.0658404351
1931,0.0388960969
1932,0.1148737601
1933,0.0877222068
1934,0.3762919707
1935,0.1872436115
1936,0.1004806947
1937,0.0597457370
1938,0.0320467810
1939,0.0504084983
1940,0.0245864728
1941,0.0077954348
1942,0.0253878815
1943,0.1552884921
1944,0.3404990696
1945,0.0839294533
1946,0.0367959193
1947,0.0242011581
1948,0.0130725737
1949,0.1010082424
1950,0.0646041445
1951,0.0320859295
1952,0.0301810567
1953,0.0160714805
1954,0.0551474050
1955,0.1049770078
1956,0.0508664091
1957,0.0119221800
1958,0.0471085574
1959,0.0449782357
1960,0.0398523338
1961,0.0309917647
1962,0.0401974552
1963,0.0313120089
1964,0.1013393719
1965,0.2910214709
1966,0.0197343611
1967,0.0311523882
1968,0.0832763207
1969,0.0747482603
1970,0.1732373341
1971,0.1053220861
1972,0.1405601264
1973,0.0714142992
1974,0.1915845745
1975,0.1415787453
1976,0.1293527935
1977,0.1712655326
1978,0.0546535182
1979,0.0234071252
1980,0.2872990882
1981,0.1679545303
1982,0.1935219950
1983,0.0306681552
1984,0.2947518953
1985,0.1081063463
1986,0.0346233564
1987,0.0354957051
1988,0.0247725484
1989,0.0411333581
1990,0.0288238842
1991,0.0061119696
1992,0.1337450584
1993,0.0070945597
1994,0.0572621133
1995,0.0068275833
1996,0.0466010901
1997,0.0378744124
1998,0.0175194657
1999,0.0902729934
2000,0.1102288295
2001,0.1510463213
2002,0.1500401595
2003,0.0648634771
2004,0.0426360680
2005,0.0231871366
2006,0.0712202078
2007,0.1533944507
2008,0.0233645748
2009,0.0106644554
2010,0.0431623644
2011,0.1319895174
2012,0.0684206133
2013,0.0214256983
2014,0.0981880483
2015,0.0409831794
2016,0.2583933258
2017,0.0282367490
2018,0.2123271377
2019,0.0484095902
2020,0.0656423822
2021,0.1946907104
2022,0.0102055960
2023,0.0701377945
2024,0.1111025332
2025,0.0073571777
2026,0.0329983835
2027,0.0149290439
2028,0.0284155371
2029,0.0323292653
2030,0.0434889990
2031,0.0660921732
2032,0.0045854793
2033,0.2043120975
2034,0.0097618277
2035,0.0204960829
2036,0.0188352640
2037,0.0290078077
2038,0.0339877322
2039,0.0080404487
2040,0.0633829281
2041,0.1294221521
2042,0.1502003257
2043,0.1698368001
2044,0.0185456098
2045,0.0408427342
2046,0.1101176462
2047,0.0206177472
2048,0.1402208819
2049,0.0220261219
2050,0.0072979761
2051,0.0430288563
2052,0.0193828685
2053,0.0283262788
2054,0.0070976766
2055,0.0141593195
2056,0.0727331530
2057,0.0338138131
2058,0.0563072713
2059,0.0284098325
2060,0.1079585797
2061,0.0639536063
2062,0.0413050747
2063,0.0637935504
2064,0.1966331243
2065,0.0383269319
2066,0.1153248896
2067,0.0106006913
2068,0.0202144279
2069,0.0352235927
2070,0.1449691926
2071,0.1093867058
2072,0.0448526627
2073,0.1535342545
2074,0.0069795624
2075,0.0376421235
2076,0.0520812836
2077,0.2232304009
2078,0.0926475247
2079,0.0194726753
2080,0.0113123198
2081,0.0108539776
2082,0.1745383482
2083,0.0871192435
2084,0.1199150195
2085,0.0049867316
2086,0.0458873480
2087,0.0487377172
2088,0.0518492050
2089,0.0427157812
2090,0.2572588894
2091,0.1259115235
2092,0.0685717824
2093,0.1215350913
2094,0.0524311896
2095,0.1977696548
2096,0.1943696092
2097,0.2266035594
2098,0.3323702742
2099,0.3222745989
2100,0.1314776332
2101,0.2449212527
2102,0.2081040540
2103,0.0324222973
2104,0.0224578093
2105,0.0571574937
2106,0.0393496133
2107,0.0303447357
2108,0.0120595234
2109,0.1833793587
2110,0.0546408591
2111,0.0427752172
2112,0.0381529712
2113,0.0629452148
2114,0.0104031980
2115,0.0457071151
2116,0.1921564123
2117,0.0690880341
2118,0.0737659465
2119,0.0239866854
2120,0.0171811118
2121,0.0148019535
2122,0.0170542494
2123,0.0883619149
2124,0.1167869087
2125,0.1074593611
2126,0.0111161710
2127,0.0969140250
2128,0.0971934104
2129,0.2144468332
2130,0.0737540962
2131,0.1025410398
2132,0.0902774914
2133,0.0177681786
2134,0.0522894277
2135,0.1395345788
2136,0.0075042373
2137,0.2220630133
2138,0.0041998255
2139,0.0121704178
2140,0.0148721208
2141,0.0059298631
2142,0.0817881661
2143,0.4050847501
2144,0.0177433018
2145,0.0287982728
2146,0.0166132771
2147,0.0713687930
2148,0.0518292736
2149,0.0095667972
2150,0.0464132767
2151,0.0343781304
2152,0.0755853551
2153,0.0386038580
2154,0.0880522268
2155,0.0923979584
2156,0.0314890881
2157,0.2462686021
2158,0.0299729600
2159,0.0397418726
2160,0.0306317132
2161,0.0143871104
2162,0.0635018764
2163,0.0808321220
2164,0.3132532243
2165,0.0974269215
2166,0.0051598472
2167,0.0265574636
2168,0.0802072359
2169,0.1587974006
2170,0.1496547828
2171,0.0245737755
2172,0.0027814690
2173,0.0288201251
2174,0.0039248380
2175,0.0863499122
2176,0.1813460010
2177,0.2490858640
2178,0.2496169715
2179,0.0244688606
2180,0.0800097484
2181,0.0081864218
2182,0.0498114298
2183,0.0340037924
2184,0.0436869641
2185,0.0269457349
2186,0.1889082713
2187,0.0325516721
2188,0.0104350288
2189,0.0425833278
2190,0.0654952070
2191,0.3777339898
2192,0.0660822476
2193,0.0211402224
2194,0.1486737428
2195,0.3739967124
2196,0.0223723301
2197,0.1401815150
2198,0.0910941556
2199,0.0506674212
2200,0.0154080359
2201,0.2109722025
2202,0.0228484000
2203,0.0802248493
2204,0.0522640475
2205,0.0328329742
2206,0.0124861981
2207,0.0483808250
2208,0.0261090206
2209,0.0886430042
2210,0.0118975330
2211,0.0283434849
2212,0.0041013256
2213,0.0198787337
2214,0.1606154953
2215,0.0432127609
2216,0.0212192024
2217,0.0362499933
2218,0.0911800652
2219,0.2457473620
2220,0.0244412185
2221,0.0933626310
2222,0.0046385860
2223,0.0636175996
2224,0.0466574424
2225,0.0343307984
2226,0.1675843118
2227,0.0193511881
2228,0.0893643189
2229,0.0123733080
2230,0.0239167037
2231,0.1422552260
2232,0.1879145561
2233,0.0668846577
2234,0.0390453407
2235,0.0103535547
2236,0.0340327069
2237,0.0126671284
2238,0.0497023439
2239,0.0197253005
2240,0.0331489294
2241,0.0282312289
2242,0.0612325136
2243,0.1541765072
2244,0.1015489247
2245,0.0124319066
2246,0.1805192267
2247,0.0121145272
2248,0.0411795112
2249,0.0636572059
2250,0.0189148867
2251,0.0858488973
2252,0.0967675772
2253,0.0479933381
2254,0.0333157377
2255,0.0087633558
2256,0.0141493881
2257,0.1688192879
2258,0.0193125533
2259,0.1021491519
2260,0.0529667968
2261,0.0572812128
2262,0.0925529616
2263,0.2846255192
2264,0.0969814768
2265,0.0254690696
2266,0.0900431245
2267,0.0666791192
2268,0.0214825532
2269,0.0407643108
2270,0.3017728253
2271,0.0213148282
2272,0.0416325930
2273,0.1583577805
2274,0.0263880430
2275,0.0365299382
2276,0.2054343379
2277,0.1010179260
2278,0.1582566364
2279,0.1446289760
2280,0.0257505426
2281,0.0363217906
2282,0.2743553215
2283,0.1487443739
2284,0.0446539499
2285,0.0085792468
2286,0.0130617758
2287,0.0097564530
2288,0.0088833364
2289,0.1364473788
2290,0.0377934334
2291,0.0159416745
2292,0.0930734043
2293,0.0503548535
2294,0.0608907166
2295,0.0129990742
2296,0.0056097858
2297,0.0832105827
2298,0.0503397951
2299,0.0394271962
2300,0.0698670918
2301,0.0348801821
2302,0.0230825402
2303,0.0610251591
2304,0.0079478544
2305,0.0133453890
2306,0.0764577801
2307,0.0292958183
2308,0.0733514748
2309,0.0143702087
2310,0.0360200593
2311,0.0377147537
2312,0.2007609502
2313,0.0314715189
2314,0.0182475442
2315,0.0209420057
2316,0.0349104639
2317,0.3803076442
2318,0.0064892812
2319,0.0121536957
2320,0.0152898392
2321,0.0893857399
2322,0.0397629861
2323,0.0332556448
2324,0.0901110291
2325,0.0147724224
2326,0.0273193485
2327,0.0973426012
2328,0.1251249378
2329,0.1872702365
2330,0.0552043741
2331,0.0399079738
2332,0.0790873166
2333,0.0571959904
2334,0.0889112260
2335,0.0098151108
2336,0.1635008269
2337,0.0443398773
2338,0.1222498462
2339,0.0309924687
2340,0.2348190233
2341,0.0478416459
2342,0.0298849167
2343,0.0428057637
2344,0.0473302247
2345,0.2460594014
2346,0.2439610358
2347,0.0110643605
2348,0.0829030626
2349,0.0109274155
2350,0.1205249227
2351,0.0345036217
2352,0.0910899291
2353,0.0270369174
2354,0.0922693397
2355,0.2844713526
2356,0.0269608704
2357,0.0380624878
2358,0.0533079444
2359,0.0465843010
2360,0.0785509496
2361,0.0466848698
2362,0.0423795130
2363,0.2052132090
2364,0.2934087602
2365,0.0725438860
2366,0.0767453498
2367,0.0738134040
2368,0.0162852011
2369,0.0121085074
2370,0.0420454066
2371,0.0568734402
2372,0.2300359261
2373,0.0529588197
2374,0.1422000067
2375,0.0351192586
2376,0.0266481581
2377,0.0268101439
2378,0.0537488283
2379,0.1011361206
2380,0.0976948272
2381,0.0888775258
2382,0.0418565297
2383,0.0361134930
2384,0.0052672181
2385,0.1105949012
2386,0.2231764801
2387,0.0239386825
2388,0.0101251127
2389,0.0176383202
2390,0.1835424376
2391,0.0669084355
2392,0.1547161279
2393,0.0153756480
2394,0.0250197175
2395,0.1584333598
2396,0.0346192514
2397,0.0567385615
2398,0.0211066555
2399,0.0490048600
2400,0.1637452414
2401,0.3692062755
2402,0.0126079184
2403,0.0129205065
2404,0.3813107144
2405,0.0601581943
2406,0.0458636430
2407,0.0732222216
2408,0.0098310484
2409,0.0583093568
2410,0.0828610054
2411,0.1783510867
2412,0.0191882981
2413,0.0583923819
2414,0.0196455739
2415,0.0680526738
2416,0.0399896878
2417,0.1034059273
2418,0.0743452282
2419,0.0370017769
2420,0.0271336535
2421,0.0425184664
2422,0.1224631227
2423,0.1250568160
2424,0.0538293543
2425,0.1174161409
2426,0.3399859477
2427,0.0830655129
2428,0.0198834832
2429,0.0501439318
2430,0.1361065613
2431,0.0265467890
2432,0.1859360366
2433,0.0310240592
2434,0.0828405166
2435,0.2057263198
2436,0.0846755863
2437,0.0624429411
2438,0.1225204909
2439,0.0128960266
2440,0.0031499165
2441,0.0093364601
2442,0.0080341492
2443,0.0103389580
2444,0.0047950765
2445,0.0547436565
2446,0.0379789695
2447,0.1205876407
2448,0.0279008511
2449,0.1641526610
2450,0.0996546396
2451,0.0637114120
2452,0.0155630582
2453,0.1262762090
2454,0.0973982161
2455,0.0582701735
2456,0.1223908917
2457,0.1568845737
2458,0.0318172181
2459,0.2846513088
2460,0.1859500358
2461,0.0172019784
2462,0.1000900329
2463,0.0063042578
2464,0.0198026424
2465,0.1371009309
2466,0.0092881856
2467,0.0877163071
2468,0.0344577524
2469,0.0754316236
2470,0.0221534317
2471,0.0410939097
2472,0.1615634067
2473,0.0130705754
2474,0.0228668605
2475,0.0089796551
2476,0.0185717942
2477,0.1837070256
2478,0.0259397272
2479,0.0669926423
2480,0.1370052500
2481,0.0567084713
2482,0.1224565490
2483,0.0099755108
2484,0.2106135417
2485,0.1164957634
2486,0.0263924703
2487,0.0714864962
2488,0.0060351680
2489,0.0509137268
2490,0.0136949346
2491,0.1099506938
2492,0.0949277289
2493,0.0092202743
2494,0.0989956737
2495,0.0266703236
2496,0.0498131166
2497,0.0232925726
2498,0.0295499657
2499,0.0165515497
2500,0.0368199301
2501,0.0282299213
2502,0.1516979461
2503,0.0284754837
2504,0.0149521753
2505,0.1746887982
2506,0.0122901573
2507,0.0425185803
2508,0.0207604616
2509,0.0144418767
2510,0.0357336453
2511,0.0202316689
2512,0.1468980762
2513,0.0100180450
2514,0.0770167712
2515,0.0639870041
2516,0.0141476267
2517,0.0903884359
2518,0.0707620643
2519,0.0303859852
2520,0.0710126452
2521,0.0696720957
2522,0.1372513928
2523,0.0776486054
2524,0.0236060740
2525,0.0644701676
2526,0.0896392228
2527,0.0034026252
2528,0.0240233272
2529,0.0711502954
2530,0.0109590244
2531,0.3224282443
2532,0.1082418038
2533,0.0369262745
2534,0.0514386861
2535,0.0162613805
2536,0.0920413196
2537,0.0353588579
2538,0.0798866890
2539,0.1737484315
2540,0.0369406381
2541,0.0579177236
2542,0.0428944511
2543,0.0111087529
2544,0.0247662995
2545,0.0711541468
2546,0.0110700349
2547,0.0488559726
2548,0.0777201380
2549,0.0524886447
2550,0.0335200982
2551,0.0257986734
2552,0.1929346283
2553,0.0428586561
2554,0.1730328463
2555,0.0354360065
2556,0.1217858987
2557,0.0106905663
2558,0.2232409812
2559,0.1363937844
2560,0.0117059026
2561,0.0168777100
2562,0.0645354617
2563,0.0078911428
2564,0.0594672462
2565,0.0355317666
2566,0.0796663965
2567,0.0425248784
2568,0.0621004859
2569,0.0222033670
2570,0.0311148862
2571,0.0164656444
2572,0.1126732894
2573,0.1669254715
2574,0.0178496218
2575,0.0547410551
2576,0.0607311934
2577,0.1921289518
2578,0.0175842087
2579,0.1356177540
2580,0.0490354716
2581,0.1868574021
2582,0.0475454566
2583,0.2173450246
2584,0.0598921894
2585,0.0649020602
2586,0.1807459977
2587,0.0478198088
2588,0.1113830837
2589,0.0113193974
2590,0.0188493277
2591,0.0906170078
2592,0.0731388508
2593,0.0974973547
2594,0.3515055287
2595,0.0302442997
2596,0.2325372201
2597,0.2054587011
2598,0.0654185372
2599,0.0750575994
2600,0.0135685559
2601,0.0305372763
2602,0.0365207195
2603,0.1624868752
2604,0.0879545041
2605,0.0776705265
2606,0.1888965321
2607,0.0497882008
2608,0.0604086377
2609,0.0046487936
2610,0.0923085256
2611,0.0510908326
2612,0.0547251625
2613,0.0735474563
2614,0.1316957669
2615,0.0894090908
2616,0.1747705514
2617,0.0295094541
2618,0.0263175238
2619,0.0170518307
2620,0.1219876650
2621,0.0268625296
2622,0.0802767480
2623,0.0179242350
2624,0.0097304478
2625,0.0159447618
2626,0.1208038777
2627,0.0946463059
2628,0.0694980553
2629,0.0330140730
2630,0.0445486234
2631,0.0444776361
2632,0.0761228866
2633,0.0419912032
2634,0.0375019823
2635,0.0494138348
2636,0.0100516046
2637,0.0412154812
2638,0.0880076335
2639,0.0122322476
2640,0.1240465610
2641,0.1150811210
2642,0.0751775241
2643,0.0217038173
2644,0.4507367418
2645,0.0867805144
2646,0.0501582870
2647,0.1621430446
2648,0.0312613225
2649,0.1785333780
2650,0.4578929204
2651,0.1088124227
2652,0.0758919092
2653,0.1059646834
2654,0.0319485919
2655,0.2793548925
2656,0.1294819254
2657,0.0221436926
2658,0.0192608773
2659,0.0282736427
2660,0.0445766089
2661,0.0452783257
2662,0.1062850022
2663,0.0353090464
2664,0.2257173398
2665,0.0977446113
2666,0.0806417829
2667,0.0283280672
2668,0.0166237374
2669,0.0128405376
2670,0.0143743647
2671,0.1100432542
2672,0.0059544215
2673,0.0140893030
2674,0.0080336982
2675,0.1517792487
2676,0.0775696568
2677,0.1063120245
2678,0.0249394065
2679,0.0473742516
2680,0.1367063021
2681,0.3132794436
2682,0.0206916342
2683,0.0353746805
2684,0.1056886401
2685,0.0994955891
2686,0.1080416226
2687,0.0136647789
2688,0.0400594363
2689,0.1458644972
2690,0.0088707445
2691,0.0366860679
2692,0.1261760246
2693,0.0076581551
2694,0.0236802447
2695,0.0685678745
2696,0.0105123478
2697,0.0165278372
2698,0.0453666785
2699,0.0452114399
2700,0.0174936359
2701,0.0721229329
2702,0.0705410603
2703,0.1083262910
2704,0.0340964549
2705,0.1063286045
2706,0.1906226106
2707,0.0299632255
2708,0.0911824778
2709,0.1478444953
2710,0.0609226889
2711,0.1245560228
2712,0.0420003873
2713,0.0343260735
2714,0.1661167714
2715,0.0524239270
2716,0.1015788876
2717,0.0393709924
2718,0.0609869279
2719,0.0637356556
2720,0.0930363378
2721,0.0695718489
2722,0.0636499899
2723,0.0365122470
2724,0.2967100513
2725,0.0241188702
2726,0.1999727130
2727,0.1248915350
2728,0.0416971076
2729,0.0277407087
2730,0.1076862383
2731,0.0299747688
2732,0.0168816047
2733,0.0495225776
2734,0.0288646512
2735,0.0130205864
2736,0.0701898291
2737,0.3260936413
2738,0.1480728924
2739,0.0929239179
2740,0.1363958982
2741,0.1978559591
2742,0.0234272853
2743,0.0094595921
2744,0.1718123379
2745,0.1425757280
2746,0.0794686455
2747,0.0249949997
2748,0.0050224424
2749,0.1492328855
2750,0.0221732431
2751,0.0830182995
2752,0.0243762403
2753,0.0265245034
2754,0.1317541118
2755,0.0316442752
2756,0.0275305517
2757,0.1260229626
2758,0.0101249420
2759,0.0920665257
2760,0.2156182264
2761,0.2456476120
2762,0.0404323046
2763,0.0355771621
2764,0.1077783578
2765,0.1938146200
2766,0.3214223334
2767,0.1083438083
2768,0.0694542147
2769,0.1462994641
2770,0.0570146266
2771,0.1149012511
2772,0.0217094978
2773,0.1915925053
2774,0.1181721890
2775,0.0132578984
2776,0.0129619007
2777,0.0348382830
2778,0.0087476156
2779,0.1734999931
2780,0.0201000272
2781,0.0258575799
2782,0.0120403892
2783,0.0295666074
2784,0.0637838682
2785,0.0620918260
2786,0.0045342141
2787,0.0551041091
2788,0.0071430606
2789,0.0191511510
2790,0.0138819990
2791,0.2118595326
2792,0.1459330848
2793,0.0579974420
2794,0.0165359781
2795,0.0275142913
2796,0.1023144833
2797,0.0174939303
2798,0.0159830207
2799,0.0186308743
2800,0.1383221422
2801,0.0368027298
2802,0.0170405035
2803,0.0163630231
2804,0.0184391853
2805,0.0898572807
2806,0.0202337634
2807,0.1667836761
2808,0.0133431587
2809,0.0174516055
2810,0.0722843201
2811,0.0133044453
2812,0.1214888532
2813,0.0278254606
2814,0.0173630396
2815,0.0577784122
2816,0.0570090043
2817,0.0336394357
2818,0.0654155122
2819,0.0330785469
2820,0.0533907364
2821,0.0524947105
2822,0.0172705089
2823,0.1480134777
2824,0.0607090921
2825,0.1486219817
2826,0.1687755662
2827,0.0866291968
2828,0.1522127143
2829,0.0214199633
2830,0.0096932146
2831,0.0519243438
2832,0.1165655138
2833,0.4815816246
2834,0.0147910148
2835,0.0270588359
2836,0.0098771403
2837,0.0087001148
2838,0.0802075146
2839,0.0469043382
2840,0.0161511087
2841,0.0419346775
2842,0.0841425688
2843,0.0662570569
2844,0.1705165067
2845,0.0942204196
2846,0.0497463648
2847,0.2199289691
2848,0.0364878635
2849,0.0490332585
2850,0.0329867648
2851,0.0764244944
2852,0.0273503806
2853,0.2162650001
2854,0.1282152446
2855,0.0921772177
2856,0.0746769017
2857,0.0242985650
2858,0.0254164695
2859,0.0142867247
2860,0.1325302935
2861,0.0821519839
2862,0.0147050866
2863,0.3448545217
2864,0.0496157644
2865,0.1279985163
2866,0.0194257532
2867,0.0316854963
2868,0.1448629660
2869,0.0423643482
2870,0.1041219482
2871,0.1119105811
2872,0.0249524701
2873,0.0239606015
2874,0.1363503720
2875,0.1013885481
2876,0.0533248949
2877,0.1635105763
2878,0.0206149830
2879,0.0209234822
2880,0.0339827667
2881,0.0064942611
2882,0.0438285011
2883,0.2212082012
2884,0.1322845545
2885,0.0262241749
2886,0.1107415655
2887,0.0372093132
2888,0.0115138788
2889,0.0417114599
2890,0.0406644188
2891,0.2653841803
2892,0.0513932880
2893,0.0313955743
2894,0.0622722347
2895,0.1590382482
2896,0.2317527375
2897,0.0468376924
2898,0.2142475834
2899,0.1911526400
2900,0.0985299816
2901,0.0475675668
2902,0.0483738036
2903,0.0140075040
2904,0.0138218668
2905,0.1866139495
2906,0.0837552588
2907,0.0091108655
2908,0.0783381116
2909,0.0410696624
2910,0.0379085306
2911,0.0171569553
2912,0.1093626092
2913,0.1811730999
2914,0.0160026200
2915,0.0181105279
2916,0.2766512611
2917,0.0948482683
2918,0.0923722620
2919,0.0216797557
2920,0.0161715363
2921,0.0339744677
2922,0.1005866855
2923,0.1650391506
2924,0.0265003681
2925,0.0105314379
2926,0.0293836849
2927,0.0436099331
2928,0.0372703390
2929,0.0617218062
2930,0.0647035608
2931,0.0031263871
2932,0.1017766505
2933,0.0291251461
2934,0.0468618003
2935,0.0658586619
2936,0.0098474021
2937,0.0161589429
2938,0.0256648821
2939,0.0629009553
2940,0.0671713139
2941,0.0278436495
2942,0.1555865537
2943,0.0592098664
2944,0.0631552393
2945,0.0146143601
2946,0.0923660698
2947,0.0080024459
2948,0.0214991047
2949,0.0154592427
2950,0.0787328770
2951,0.0086955713
2952,0.0083303208
2953,0.0188712490
2954,0.0229067791
2955,0.0180310511
2956,0.1272937878
2957,0.0345029012
2958,0.0320502332
2959,0.0682278348
2960,0.0155191399
2961,0.0781682959
2962,0.0430771506
2963,0.1100633256
2964,0.0310176667
2965,0.0230995137
2966,0.0537375270
2967,0.0031885635
2968,0.0068662932
2969,0.0113253824
2970,0.1871137192
2971,0.0117796547
2972,0.0560746189
2973,0.0150355447
2974,0.0354293245
2975,0.0647702255
2976,0.1199995169
2977,0.0973610927
2978,0.0342270744
2979,0.1254228168
2980,0.0914062391
2981,0.0358983562
2982,0.0776432342
2983,0.0273222082
2984,0.0330802165
2985,0.0155836165
2986,0.0249759071
2987,0.0281127766
2988,0.0288908613
2989,0.1768509429
2990,0.0255375563
2991,0.2724207100
2992,0.0765994064
2993,0.0504181488
2994,0.3799900721
2995,0.0803423688
2996,0.0842196270
2997,0.0637727294
2998,0.0650222820
2999,0.1851854428
3000,0.0640189261
3001,0.0309176604
3002,0.0741285251
3003,0.0349470168
3004,0.1239776214
3005,0.0038718760
3006,0.0238723506
3007,0.1432722872
3008,0.0088873677
3009,0.1666627898
3010,0.0184277138
3011,0.0667781832
3012,0.1005746437
3013,0.1788250520
3014,0.1438788236
3015,0.0512267868
3016,0.1277674537
3017,0.1216558702
3018,0.0269457134
3019,0.0296381088
3020,0.3025166185
3021,0.2906910798
3022,0.0328966082
3023,0.0419252488
3024,0.0238992030
3025,0.0781370333
3026,0.0896259352
3027,0.0362264745
3028,0.0888090961
3029,0.0465151985
3030,0.0109706548
3031,0.0258691875
3032,0.0256031956
3033,0.0756331217
3034,0.0551400726
3035,0.0124081871
3036,0.0344159283
3037,0.0547832442
3038,0.2567768149
3039,0.0226174479
3040,0.2253079765
3041,0.0682271812
3042,0.0224162050
3043,0.0528789717
3044,0.4149571101
3045,0.0188987576
3046,0.1291317349
3047,0.0062485069
3048,0.1431010668
3049,0.0236508381
3050,0.0757864896
3051,0.1070823645
3052,0.0450104538
3053,0.0326035505
3054,0.0734061482
3055,0.1097923588
3056,0.0237647048
3057,0.1133224489
3058,0.0200131114
3059,0.2520480153
3060,0.0532948925
3061,0.1882416734
3062,0.1706148635
3063,0.0076731061
3064,0.0340163781
3065,0.0323369277
3066,0.1439126376
3067,0.0184342288
3068,0.0269960777
3069,0.0602017822
3070,0.0256078235
3071,0.0409258999
3072,0.1841076613
3073,0.1931732694
3074,0.0707666627
3075,0.1492392286
3076,0.0509794486
3077,0.0407692962
3078,0.0113191297
3079,0.0680298342
3080,0.1864100014
3081,0.0301110587
3082,0.0431073513
3083,0.1028108377
3084,0.0569244054
3085,0.0337348957
3086,0.0524605407
3087,0.0486355178
3088,0.0178996931
3089,0.4259255070
3090,0.0265926362
3091,0.1136087387
3092,0.1695980528
3093,0.2870239428
3094,0.1896051957
3095,0.0606426757
3096,0.0351559808
3097,0.1127225142
3098,0.0336198295
3099,0.2509168119
3100,0.0660128550
3101,0.0103524427
3102,0.0804853213
3103,0.0287309780
3104,0.1109766656
3105,0.0369729833
3106,0.0244604637
3107,0.0246760752
3108,0.0681719718
3109,0.0415460780
3110,0.0727096365
3111,0.0155033515
3112,0.0709624985
3113,0.1998868615
3114,0.0109133328
3115,0.0403297009
3116,0.0343786175
3117,0.1439704696
3118,0.0729670462
3119,0.0376982664
3120,0.0709664656
3121,0.0052361722
3122,0.1519214313
3123,0.0282972915
3124,0.1500241501
3125,0.1681158754
3126,0.0327640195
3127,0.0819868804
3128,0.0356315283
3129,0.0061885067
3130,0.0357018001
3131,0.0952168455
3132,0.0174281360
3133,0.0542085912
3134,0.0204604130
3135,0.1957612076
3136,0.0453384177
3137,0.1368149288
3138,0.0773497097
3139,0.1401766174
3140,0.0421752503
3141,0.0530854350
3142,0.1670071584
3143,0.0952624571
3144,0.0539099725
3145,0.0333718979
3146,0.4097793658
3147,0.1409839893
3148,0.0145644792
3149,0.0282837224
3150,0.0259856207
3151,0.2488567225
3152,0.0239155448
3153,0.0355988659
3154,0.0445338282
3155,0.0965238058
3156,0.0181324941
3157,0.0230092892
3158,0.0220330243
3159,0.0672659281
3160,0.0103541559
3161,0.2077302584
3162,0.2175251631
3163,0.2351331963
3164,0.0064158785
3165,0.0158392605
3166,0.1981886759
3167,0.0453877191
3168,0.0273272745
3169,0.0189295494
3170,0.0591332774
3171,0.0253085127
3172,0.0527453302
3173,0.1058935764
3174,0.0314384635
3175,0.0142248230
3176,0.0964702332
3177,0.1806596994
3178,0.0449819353
3179,0.0257822723
3180,0.1424039164
3181,0.1305171018
3182,0.1319634521
3183,0.2022265012
3184,0.0824320114
3185,0.0130801032
3186,0.0602136842
3187,0.0644298382
3188,0.0411855131
3189,0.1087689923
3190,0.2002047049
3191,0.1110692296
3192,0.0158571081
3193,0.1517509729
3194,0.1788948240
3195,0.0522099542
3196,0.2762457831
3197,0.0551659833
3198,0.1484828154
3199,0.2020072646
3200,0.2081944035
3201,0.0121985917
3202,0.2022855150
3203,0.0077238339
3204,0.0204675143
3205,0.2455700638
3206,0.0732333816
3207,0.0645761875
3208,0.0142052679
3209,0.1261558551
3210,0.0230654168
3211,0.0792215760
3212,0.1251839954
3213,0.0565637432
3214,0.0420033598
3215,0.3018479367
3216,0.0134594247
3217,0.1660769495
3218,0.2475814227
3219,0.0469292619
3220,0.1082730517
3221,0.0778048849
3222,0.0121102076
3223,0.1044796588
3224,0.1631109893
3225,0.0863891560
3226,0.0882598321
3227,0.1651550007
3228,0.1431336646
3229,0.0277395659
3230,0.0608716000
3231,0.0799524166
3232,0.0351221252
3233,0.0422103307
3234,0.0880939495
3235,0.0108581397
3236,0.0479370081
3237,0.0096224051
3238,0.0955150031
3239,0.0056544888
3240,0.0518572729
3241,0.0613977431
3242,0.0254294403
3243,0.1071940328
3244,0.0249327889
3245,0.0584476836
3246,0.0324238251
3247,0.0325268406
3248,0.2916338608
3249,0.0091753339
3250,0.0045613164
3251,0.0820714368
3252,0.0113669622
3253,0.1118503329
3254,0.1855810707
3255,0.0340857151
3256,0.0435881359
3257,0.3084203895
3258,0.0165475963
3259,0.0224722156
3260,0.0588375264
3261,0.0238466922
3262,0.2247031807
3263,0.0480312159
3264,0.0657543623
3265,0.1395673265
3266,0.0328318526
3267,0.0091688338
3268,0.0262441709
3269,0.1093030281
3270,0.0484529871
3271,0.2100436348
3272,0.0342022851
3273,0.0928224978
3274,0.0280498500
3275,0.0331083462
3276,0.0466661956
3277,0.0200405409
3278,0.0591607277
3279,0.0119289435
3280,0.0558741763
3281,0.2907527772
3282,0.0372093701
3283,0.1168860380
3284,0.0623074684
3285,0.0261412074
3286,0.0170915662
3287,0.0989891643
3288,0.1285571101
3289,0.1612012311
3290,0.0392671992
3291,0.0267966919
3292,0.0054139143
3293,0.0135409179
3294,0.0718696021
3295,0.0046203980
3296,0.0208540206
3297,0.0116288736
3298,0.0107449601
3299,0.0824022776
3300,0.0616360155
3301,0.2260229668
3302,0.0580087734
3303,0.1203698897
3304,0.1605199434
3305,0.0045527762
3306,0.0637964322
3307,0.0108995441
3308,0.0287883203
3309,0.0334169960
3310,0.0495421134
3311,0.0890845490
3312,0.0109209546
3313,0.1093391477
3314,0.0596351181
3315,0.1498873557
3316,0.0119265286
3317,0.0375339460
3318,0.0239689255
3319,0.0465927321
3320,0.0658521009
3321,0.0777903170
3322,0.1274887537
3323,0.0642340372
3324,0.0082002161
3325,0.0907938961
3326,0.0432297548
3327,0.0880972751
3328,0.0072687774
3329,0.0329510305
3330,0.0461485653
3331,0.0163843152
3332,0.0294909708
3333,0.0821885845
3334,0.0564602566
3335,0.1967402118
3336,0.0831976631
3337,0.0138036163
3338,0.2334355373
3339,0.0263279353
3340,0.0180783645
3341,0.1534616771
3342,0.0680155445
3343,0.3868452332
3344,0.0591459990
3345,0.0144030343
3346,0.1071187945
3347,0.0930524962
3348,0.1772044093
3349,0.0793705997
3350,0.0754576667
3351,0.0350008537
3352,0.0438085703
3353,0.0259308858
3354,0.0461847349
3355,0.0068397492
3356,0.0943353537
3357,0.0739132673
3358,0.0832078377
3359,0.1448581226
3360,0.1578904369
3361,0.1291832550
3362,0.0583725011
3363,0.0281477084
3364,0.1742583091
3365,0.0367448258
3366,0.1550456138
3367,0.0239007177
3368,0.1202223321
3369,0.1331222771
3370,0.0283969281
3371,0.0322971970
3372,0.0113276697
3373,0.0346764180
3374,0.0271926367
3375,0.0088331492
3376,0.1506410285
3377,0.1216400297
3378,0.0638600158
3379,0.0365868004
3380,0.1524967274
3381,0.2154636835
3382,0.0393988442
3383,0.0820428288
3384,0.0572027080
3385,0.0079079465
3386,0.0091395023
3387,0.1086402412
3388,0.0792848797
3389,0.1039302389
3390,0.1898311418
3391,0.0113111045
3392,0.1199934593
3393,0.0169298073
3394,0.1146451858
3395,0.1032998366
3396,0.0439561823
3397,0.0137696276
3398,0.0289802367
3399,0.0131071850
3400,0.2347752224
3401,0.0768713679
3402,0.0661742088
3403,0.0549218715
3404,0.0141612815
3405,0.1664463949
3406,0.0486961976
3407,0.3879698216
3408,0.1405793521
3409,0.1166719005
3410,0.1137769904
3411,0.0469084244
3412,0.0785451703
3413,0.0226698100
3414,0.0223364651
3415,0.0669642461
3416,0.0788678077
3417,0.0370953600
3418,0.0345503351
3419,0.0533984857
3420,0.0548145708
3421,0.2418203251
3422,0.0275327510
3423,0.1000495437
3424,0.0304781625
3425,0.1201881329
3426,0.0468655351
3427,0.0989185462
3428,0.0180495693
3429,0.0139522580
3430,0.0669974827
3431,0.0570488826
3432,0.1377551099
3433,0.0467345617
3434,0.0225394992
3435,0.0268053522
3436,0.0105402127
3437,0.0402427472
3438,0.0350215231
3439,0.0409445672
3440,0.0336868755
3441,0.0208691637
3442,0.0340707468
3443,0.0489871289
3444,0.1283825356
3445,0.0458383736
3446,0.0265543901
3447,0.1251710060
3448,0.0203066073
3449,0.1089330660
3450,0.0882393929
3451,0.0093099374
3452,0.0188376507
3453,0.0482098101
3454,0.0793695029
3455,0.0371851380
3456,0.0511698827
3457,0.0990061946
3458,0.0147875621
3459,0.0337238577
3460,0.0380876549
3461,0.1507211914
3462,0.1331353809
3463,0.0140408600
3464,0.1647856906
3465,0.1895654035
3466,0.0219812889
3467,0.0656327287
3468,0.0867220172
3469,0.0563522992
3470,0.2533964935
3471,0.1001540823
3472,0.0591801414
3473,0.0184130779
3474,0.1760968385
3475,0.0507471098
3476,0.1488296795
3477,0.0679642494
3478,0.0196574304
3479,0.0529013001
3480,0.0736774961
3481,0.0947696140
3482,0.0215425117
3483,0.0598085839
3484,0.1294389900
3485,0.0915716970
3486,0.0406946072
3487,0.1970827847
3488,0.0078781588
3489,0.0420217842
3490,0.0233249745
3491,0.1798793611
3492,0.1148464390
3493,0.1167073344
3494,0.0195499213
3495,0.0079731737
3496,0.0285432414
3497,0.0801188524
3498,0.0069775796
3499,0.3174111802
3500,0.0534603603
3501,0.0182054028
3502,0.1400632465
3503,0.0708604828
3504,0.0256798004
3505,0.2025899343
3506,0.0166022024
3507,0.1790717391
3508,0.0677641503
3509,0.0078793750
3510,0.0080886280
3511,0.0197135017
3512,0.1304661434
3513,0.3685703394
3514,0.1169801970
3515,0.0073577397
3516,0.1984624528
3517,0.0583972233
3518,0.0209480083
3519,0.0201971613
3520,0.0589731297
3521,0.0567580723
3522,0.1380960727
3523,0.0281786739
3524,0.0289768856
3525,0.0073975907
3526,0.0657367181
3527,0.0874812635
3528,0.0826550238
3529,0.0857125095
3530,0.0177967166
3531,0.1182113517
3532,0.1374912954
3533,0.0127583901
3534,0.0257360845
3535,0.0232268709
3536,0.0259597511
3537,0.1692428661
3538,0.2893837175
3539,0.2429709512
3540,0.0149458461
3541,0.0420818681
3542,0.1131340138
3543,0.0139005819
3544,0.0042498281
3545,0.0615356447
3546,0.0187061066
3547,0.0535127826
3548,0.0387648168
3549,0.0127287073
3550,0.0550070596
3551,0.0274671622
3552,0.0949818065
3553,0.0807822228
3554,0.0571809153
3555,0.0473403059
3556,0.0223053410
3557,0.1692963916
3558,0.0341200006
3559,0.3271816159
3560,0.0064431069
3561,0.0872161813
3562,0.2015056500
3563,0.0347820842
3564,0.0118364025
3565,0.0629207399
3566,0.1335324519
3567,0.0253174400
3568,0.1718826560
3569,0.0218033120
3570,0.1735092760
3571,0.3226932514
3572,0.0445483293
3573,0.2784479067
3574,0.3098209358
3575,0.0860269971
3576,0.1030028839
3577,0.0301742900
3578,0.1023241123
3579,0.0214075093
3580,0.0241919850
3581,0.0142590681
3582,0.0184521902
3583,0.0395536193
3584,0.2081736809
3585,0.0777132869
3586,0.0094755978
3587,0.0251847330
3588,0.0238328170
3589,0.0164759355
3590,0.2326213084
3591,0.0718653544
3592,0.0058950880
3593,0.0152978892
3594,0.0333449780
3595,0.2323532525
3596,0.0907719220
3597,0.0302969056
3598,0.1000570144
3599,0.2418392550
3600,0.0419256081
3601,0.0057560999
3602,0.0705737568
3603,0.0160081377
3604,0.1665151959
3605,0.0156303658
3606,0.2117840141
3607,0.0163899038
3608,0.0515385049
3609,0.0646045970
3610,0.0512349409
3611,0.0246193433
3612,0.0174153612
3613,0.0682229294
3614,0.0891299209
3615,0.1248537457
3616,0.0689652385
3617,0.1270507366
3618,0.4552081385
3619,0.0628767832
3620,0.0467937348
3621,0.0266798615
3622,0.0572400117
3623,0.0097307485
3624,0.0898467590
3625,0.0216955374
3626,0.1499482863
3627,0.0270039309
3628,0.1403886164
3629,0.0484413101
3630,0.2129606926
3631,0.0356318733
3632,0.1637855550
3633,0.0543499045
3634,0.0206267033
3635,0.1912549147
3636,0.0270155551
3637,0.0882159214
3638,0.1408474801
3639,0.0558206063
3640,0.0163416355
3641,0.1708918994
3642,0.0131463110
3643,0.0095814262
3644,0.1136706925
3645,0.1518430374
3646,0.1983283839
3647,0.0283634617
3648,0.0072611267
3649,0.0195451402
3650,0.0649864657
3651,0.0757222141
3652,0.0357931760
3653,0.0120270741
3654,0.0628755452
3655,0.1648321769
3656,0.2491268996
3657,0.0695446479
3658,0.2216835836
3659,0.1279079390
3660,0.0533744332
3661,0.1427079370
3662,0.2729194831
3663,0.3142915959
3664,0.0585638918
3665,0.0914518876
3666,0.0682625603
3667,0.0955818610
3668,0.0769778056
3669,0.1617294955
3670,0.0363228402
3671,0.0763120366
3672,0.0133717284
3673,0.0148945148
3674,0.0782285814
3675,0.0217136455
3676,0.0401973167
3677,0.0664144287
3678,0.1559241485
3679,0.0311766298
3680,0.0566314403
3681,0.0604099311
3682,0.0793053814
3683,0.0592558048
3684,0.0918734052
3685,0.0463823913
3686,0.0443931592
3687,0.0174947845
3688,0.1008078517
3689,0.0691848855
3690,0.3428013966
3691,0.1871550206
3692,0.0500024591
3693,0.0289167662
3694,0.1238364397
3695,0.0196067309
3696,0.0145749702
3697,0.4116298436
3698,0.0064306165
3699,0.0051122381
3700,0.0160632220
3701,0.0073523377
3702,0.0839484431
3703,0.0288885486
3704,0.0164508783
3705,0.1423988932
3706,0.1089682491
3707,0.2272583043
3708,0.0425919695
3709,0.0197141903
3710,0.0172188516
3711,0.0136311157
3712,0.0474347148
3713,0.0397741775
3714,0.0779474910
3715,0.0630952508
3716,0.1066704931
3717,0.1438100165
3718,0.0258332291
3719,0.2535737837
3720,0.1793501283
3721,0.0146275537
3722,0.0974840907
3723,0.0833527468
3724,0.0180234057
3725,0.0750051993
3726,0.0451996145
3727,0.1690032399
3728,0.1232697276
3729,0.1610823424
3730,0.0261997645
3731,0.0165230996
3732,0.0677997266
3733,0.0516067803
3734,0.0206001924
3735,0.1081929519
3736,0.0374108610
3737,0.3983469740
3738,0.0431334489
3739,0.0745537380
3740,0.0958721392
3741,0.1117088002
3742,0.2029418788
3743,0.0087756304
3744,0.0683193105
3745,0.1307013655
3746,0.0794537072
3747,0.0734239740
3748,0.0800973964
3749,0.2891681575
3750,0.1344959625
3751,0.0231551739
3752,0.0654475430
3753,0.0108809847
3754,0.0403312381
3755,0.0672942795
3756,0.1078051067
3757,0.0396151580
3758,0.0519431583
3759,0.0838981350
3760,0.0481202831
3761,0.1243709825
3762,0.0283611016
3763,0.0321283866
3764,0.0192950285
3765,0.2401402244
3766,0.0650789826
3767,0.0354956484
3768,0.2073752935
3769,0.0367196502
3770,0.0451923306
3771,0.0132289521
3772,0.1646779899
3773,0.0365978974
3774,0.1389659415
3775,0.0124930939
3776,0.1269451190
3777,0.0310759679
3778,0.1122423444
3779,0.1785874131
3780,0.0371782557
3781,0.0196256287
3782,0.0220754315
3783,0.0221720167
3784,0.0356919137
3785,0.0142666097
3786,0.1102896443
3787,0.2419537741
3788,0.0687856408
3789,0.0733733778
3790,0.0068328013
3791,0.0996810673
3792,0.0731980803
3793,0.0727728026
3794,0.0075254591
3795,0.0115195656
3796,0.0908906774
3797,0.0110510444
3798,0.0198979029
3799,0.2639439943
3800,0.0626410270
3801,0.1525066647
3802,0.0127890697
3803,0.0096494709
3804,0.0556309136
3805,0.2148260907
3806,0.0525445228
3807,0.1783451680
3808,0.0520116549
3809,0.0142979968
3810,0.0295715667
3811,0.0493337290
3812,0.0169447904
3813,0.0667724137
3814,0.0157963156
3815,0.0360237493
3816,0.0031801182
3817,0.0879084506
3818,0.0297867611
3819,0.0361091073
3820,0.0261758945
3821,0.1950805887
3822,0.0419273696
3823,0.0953980354
3824,0.0840834650
3825,0.1341071186
3826,0.0155626281
3827,0.0475768403
3828,0.0594094503
3829,0.3273826745
3830,0.0485297694
3831,0.1261260879
3832,0.0194146641
3833,0.0301812432
3834,0.0523237248
3835,0.0879547827
3836,0.0548606594
3837,0.0084062120
3838,0.1110955578
3839,0.0226371300
3840,0.1067364634
3841,0.1310009182
3842,0.1850544168
3843,0.1479767361
3844,0.0259554444
3845,0.0081524753
3846,0.1630649523
3847,0.0472062623
3848,0.1377141732
3849,0.0131760374
3850,0.2256837240
3851,0.0282427572
3852,0.0390740051
3853,0.0646425231
3854,0.0326022581
3855,0.1251042380
3856,0.1338217148
3857,0.0771954161
3858,0.0234584892
3859,0.0393355411
3860,0.0224325254
3861,0.0039618747
3862,0.0969715415
3863,0.2350114311
3864,0.0536169051
3865,0.2715099941
3866,0.0299867188
3867,0.0123305418
3868,0.0659909059
3869,0.0330991003
3870,0.0553895658
3871,0.0409807154
3872,0.0105563098
3873,0.1770576122
3874,0.0084026694
3875,0.0534447478
3876,0.0085330642
3877,0.0676173430
3878,0.0812656276
3879,0.0462753043
3880,0.0546050680
3881,0.0341225582
3882,0.0257274213
3883,0.1315158430
3884,0.0331401927
3885,0.0533533341
3886,0.0323778758
3887,0.0162957977
3888,0.0410815993
3889,0.0270171960
3890,0.2947816767
3891,0.0129877096
3892,0.0888740316
3893,0.2240185412
3894,0.2706114312
3895,0.0613532067
3896,0.0107663334
3897,0.0825943762
3898,0.0150603184
3899,0.0147894807
3900,0.0571230895
3901,0.0085777479
3902,0.0274850593
3903,0.0219426092
3904,0.3074349250
3905,0.0718624167
3906,0.0301327874
3907,0.1386087435
3908,0.0414307274
3909,0.0384930328
3910,0.0057627396
3911,0.0653354620
3912,0.0895655106
3913,0.0315503122
3914,0.1933894039
3915,0.1139741155
3916,0.1880979363
3917,0.0168933037
3918,0.0283463340
3919,0.2095136818
3920,0.0241317066
3921,0.0223199489
3922,0.0256016434
3923,0.0110028179
3924,0.0162845268
3925,0.0680639433
3926,0.1430883315
3927,0.0754963242
3928,0.1050694709
3929,0.1771098764
3930,0.0229923701
3931,0.1460515050
3932,0.0065594127
3933,0.1081341800
3934,0.1071669423
3935,0.0598724484
3936,0.1398102820
3937,0.0791699461
3938,0.2704812476
3939,0.0616494240
3940,0.2086878800
3941,0.0125598505
3942,0.0109266380
3943,0.2601853748
3944,0.0098702772
3945,0.0598716767
3946,0.0157224292
3947,0.2686947598
3948,0.0452298323
3949,0.2141133178
3950,0.0117114577
3951,0.0154629550
3952,0.0894506348
3953,0.1240039964
3954,0.0410771844
3955,0.0185814893
3956,0.0538585208
3957,0.1463879223
3958,0.0250945338
3959,0.1002170183
3960,0.0822458492
3961,0.0253670863
3962,0.0687678002
3963,0.0562938077
3964,0.0541071140
3965,0.0077565069
3966,0.0376096776
3967,0.0127845789
3968,0.0306921847
3969,0.0187009983
3970,0.0454632365
3971,0.0246130997
3972,0.0496993021
3973,0.0633770717
3974,0.0450665068
3975,0.0177082360
3976,0.0748785231
3977,0.1179420282
3978,0.0691308089
3979,0.1436553998
3980,0.1071761959
3981,0.1899119750
3982,0.1278463523
3983,0.0071734591
3984,0.0374812972
3985,0.1137740355
3986,0.0253939591
3987,0.0838352178
3988,0.0342029639
3989,0.0268745730
3990,0.0819809915
3991,0.0590708118
3992,0.2747716623
3993,0.0038169520
3994,0.0905726800
3995,0.0348701123
3996,0.0554400490
3997,0.0564915357
3998,0.0301769640
3999,0.0383559539
4000,0.0122916428
4001,0.0285395231
4002,0.0178154964
4003,0.1505334300
4004,0.1271094997
4005,0.0278662867
4006,0.0844016154
4007,0.0195318899
4008,0.0885936684
4009,0.0698485967
4010,0.0061604911
4011,0.0931191144
4012,0.1474692287
4013,0.0175625203
4014,0.1353575686
4015,0.1062067616
4016,0.2509418942
4017,0.0586232679
4018,0.0858282816
4019,0.3468574401
4020,0.0397326433
4021,0.0413836420
4022,0.0226384136
4023,0.0809503257
4024,0.0514875576
4025,0.0158459820
4026,0.0995394883
4027,0.0317381410
4028,0.0784332030
4029,0.1844982926
4030,0.0275183332
4031,0.0345123977
4032,0.1062313628
4033,0.0737737514
4034,0.0120854657
4035,0.0694740912
4036,0.0890172894
4037,0.0593582287
4038,0.1418059542
4039,0.0742073172
4040,0.0249197642
4041,0.1216563309
4042,0.0785528787
4043,0.0606202033
4044,0.0924902719
4045,0.3363156125
4046,0.0044765225
4047,0.1586535244
4048,0.0220254523
4049,0.0246205397
4050,0.0182204040
4051,0.0272795031
4052,0.0334877816
4053,0.1041245970
4054,0.0297629929
4055,0.0833233707
4056,0.0575308977
4057,0.2156987697
4058,0.0547897584
4059,0.0161025176
4060,0.0081849835
4061,0.0689734450
4062,0.0133380375
4063,0.0169017993
4064,0.0948637006
4065,0.0290237850
4066,0.0207298984
4067,0.0485526497
4068,0.4116791575
4069,0.0105068748
4070,0.2316405127
4071,0.1046282167
4072,0.1851944879
4073,0.1631353954
4074,0.1322426056
4075,0.0457816082
4076,0.1292543686
4077,0.0078818845
4078,0.1051852787
4079,0.2820165230
4080,0.1087769436
4081,0.0448911846
4082,0.0303295037
4083,0.0596343570
4084,0.0568139281
4085,0.0179827599
4086,0.2304162931
4087,0.0309364606
4088,0.0121754072
4089,0.0164337305
4090,0.0457056673
4091,0.0102618837
4092,0.0535872123
4093,0.0562856275
4094,0.0397097598
4095,0.0312260661
4096,0.2479643628
4097,0.0144872833
4098,0.0339838464
4099,0.2352786261
4100,0.0067788824
4101,0.0149799870
4102,0.0256417701
4103,0.0090617392
4104,0.5059950279
4105,0.0482540741
4106,0.0867056911
4107,0.2019251833
4108,0.0190915165
4109,0.1053805203
4110,0.2453323676
4111,0.0466571138
4112,0.0079488285
4113,0.2155720727
4114,0.0628963287
4115,0.2379194124
4116,0.0093827286
4117,0.0235919667
4118,0.0270435318
4119,0.0426941518
4120,0.2495435378
4121,0.1984729807
4122,0.1254500936
4123,0.0091480289
4124,0.0476200006
4125,0.1842884629
4126,0.0263541826
4127,0.0077247844
4128,0.0455477071
4129,0.0496580430
4130,0.0242502824
4131,0.0351165594
4132,0.1281399654
4133,0.1939202651
4134,0.0329762196
4135,0.0364358877
4136,0.0164336030
4137,0.1955183580
4138,0.2178172386
4139,0.0127159565
4140,0.0523305357
4141,0.2246676455
4142,0.0321715662
4143,0.0099320790
4144,0.1052861711
4145,0.0155468312
4146,0.2296600287
4147,0.0349394138
4148,0.0465135389
4149,0.0928242172
4150,0.0283034247
4151,0.0291770429
4152,0.1108716503
4153,0.0270808303
4154,0.0869063115
4155,0.0303520233
4156,0.0424220250
4157,0.0866229550
4158,0.0338376886
4159,0.0288068424
4160,0.0840961427
4161,0.1364231098
4162,0.0099880174
4163,0.0466820846
4164,0.2126176468
4165,0.0063091669
4166,0.0827266456
4167,0.1352439940
4168,0.0168051979
4169,0.0208380603
4170,0.2209731671
4171,0.1316464686
4172,0.0333517059
4173,0.0156628753
4174,0.1557367480
4175,0.0263212496
4176,0.0205406271
4177,0.0403730287
4178,0.0169424176
4179,0.0265202920
4180,0.0329639192
4181,0.0104972718
4182,0.0339888029
4183,0.0702347616
4184,0.0596930625
4185,0.1690028011
4186,0.0198333577
4187,0.1855579394
4188,0.0643781997
4189,0.0657858295
4190,0.0377305112
4191,0.1374944207
4192,0.1853092103
4193,0.0144606975
4194,0.0896964395
4195,0.0103272511
4196,0.0138139082
4197,0.0320745442
4198,0.0492323868
4199,0.0415756324
4200,0.0213751865
4201,0.0587521108
4202,0.0104050780
4203,0.2376655757
4204,0.0890263522
4205,0.0930051790
4206,0.0698840534
4207,0.0379858535
4208,0.0437442014
4209,0.0308640009
4210,0.3033961755
4211,0.1337840278
4212,0.1280330297
4213,0.0457301377
4214,0.0848287931
4215,0.0121453687
4216,0.0241272987
4217,0.0371011761
4218,0.1367372195
4219,0.0720242647
4220,0.0616688438
4221,0.0066799121
4222,0.0638693015
4223,0.0306697052
4224,0.0279360470
4225,0.1681320090
4226,0.0888825644
4227,0.0425959428
4228,0.1756732957
4229,0.0464350979
4230,0.2827121453
4231,0.1408655548
4232,0.0129771215
4233,0.1209778060
4234,0.0209373198
4235,0.0118854896
4236,0.0693729856
4237,0.1801164926
4238,0.0574255842
4239,0.0472295302
4240,0.2044310073
4241,0.1357064881
4242,0.0197161539
4243,0.0828902890
4244,0.0289417211
4245,0.0397551899
4246,0.0756814748
4247,0.0293208792
4248,0.2532220530
4249,0.0073492205
4250,0.0196514095
4251,0.1326808115
4252,0.3062614436
4253,0.0244171630
4254,0.1115343005
4255,0.0420672556
4256,0.0326350627
4257,0.1265755148
4258,0.0256819104
4259,0.0262024171
4260,0.0300034038
4261,0.2830582738
4262,0.1549717656
4263,0.0541385917
4264,0.1098514222
4265,0.0715615481
4266,0.0204443053
4267,0.1676083208
4268,0.1492522082
4269,0.0427936000
4270,0.1239057186
4271,0.0780895661
4272,0.0115092232
4273,0.2899059921
4274,0.0205314128
4275,0.0186374237
4276,0.0179803229
4277,0.1320096216
4278,0.0050075714
4279,0.0832046273
4280,0.0279336361
4281,0.0369693314
4282,0.0981200692
4283,0.0356875696
4284,0.0262996947
4285,0.0698594372
4286,0.0655376015
4287,0.0389236684
4288,0.0712920911
4289,0.3157448230
4290,0.1262806380
4291,0.0296966241
4292,0.0038534580
4293,0.0434362382
4294,0.0254190958
4295,0.0663046244
4296,0.0615870425
4297,0.0203623902
4298,0.0867994919
4299,0.0065752574
4300,0.1678454970
4301,0.0354196088
4302,0.0388266792
4303,0.1446858279
4304,0.0780961220
4305,0.0116549836
4306,0.0338476692
4307,0.0357681874
4308,0.1447738185
4309,0.0339221304
4310,0.1212363043
4311,0.0397290105
4312,0.0286582586
4313,0.0153148083
4314,0.0065472562
4315,0.2508797801
4316,0.0276015660
4317,0.1030212536
4318,0.0108408908
4319,0.0200839843
4320,0.0142763275
4321,0.1712046618
4322,0.1122679559
4323,0.0029032046
4324,0.0268837328
4325,0.2268907364
4326,0.1624031209
4327,0.1453153331
4328,0.0317267802
4329,0.0439284331
4330,0.0622426840
4331,0.0848398882
4332,0.0465110932
4333,0.2562919524
4334,0.0503714783
4335,0.1588918670
4336,0.0636852529
4337,0.0373698369
4338,0.0815496116
4339,0.0549014943
4340,0.1482910041
4341,0.0515532205
4342,0.1101321293
4343,0.0769773295
4344,0.1823726593
4345,0.0333564934
4346,0.0676424015
4347,0.1042456230
4348,0.2160927974
4349,0.0757029292
4350,0.0990407423
4351,0.0180131209
4352,0.2048446602
4353,0.0217953028
4354,0.1109096447
4355,0.0469159723
4356,0.0436105880
4357,0.0172546866
4358,0.1226237967
4359,0.0202021008
4360,0.0903800483
4361,0.0055008723
4362,0.0448804528
4363,0.2041060178
4364,0.0022290943
4365,0.0254973094
4366,0.1109938879
4367,0.0977120291
4368,0.2651735233
4369,0.0247891058
4370,0.0528576641
4371,0.0766620297
4372,0.1123944844
4373,0.0052504702
4374,0.1583791939
4375,0.0213924997
4376,0.0262997389
4377,0.0962045314
4378,0.0114027813
4379,0.2405589754
4380,0.0624462642
4381,0.1855299798
4382,0.1307535899
4383,0.0253884652
4384,0.0293050163
4385,0.1221711364
4386,0.0254373835
4387,0.0711294384
4388,0.4507076290
4389,0.0063348554
4390,0.1204470957
4391,0.1040055617
4392,0.0839491562
4393,0.0784558934
4394,0.0377469303
4395,0.1898910934
4396,0.0203327605
4397,0.0476739008
4398,0.1205735351
4399,0.0609278240
4400,0.0122015959
4401,0.0860839377
4402,0.0563350691
4403,0.0346454271
4404,0.0459778911
4405,0.1251494360
4406,0.0142689353
4407,0.1367231435
4408,0.1756430516
4409,0.0120337022
4410,0.0560004878
4411,0.0072314883
4412,0.0302265941
4413,0.1110954718
4414,0.0798581484
4415,0.0050942811
4416,0.2720163850
4417,0.0907056130
4418,0.0910715652
4419,0.0112250840
4420,0.0236912078
4421,0.0740408542
4422,0.1186021309
4423,0.0098775571
4424,0.2606817893
4425,0.0912968241
4426,0.1896201453
4427,0.0218906085
4428,0.0838891597
4429,0.0235619800
4430,0.0244779709
4431,0.0487020321
4432,0.0227089444
4433,0.0659516427
4434,0.0444106152
4435,0.2631696578
4436,0.1151464847
4437,0.1947633561
4438,0.1666588248
4439,0.0231420543
4440,0.0422556200
4441,0.1921512582
4442,0.1444573606
4443,0.2371211920
4444,0.1251725459
4445,0.0621552196
4446,0.0416318671
4447,0.0288144599
4448,0.0715412419
4449,0.0511993677
4450,0.0216179516
4451,0.2788011393
4452,0.0402301174
4453,0.1075963590
4454,0.0606333062
4455,0.0961981312
4456,0.0683890347
4457,0.0258338712
4458,0.0163200310
4459,0.3820526245
4460,0.0109291094
4461,0.0432849605
4462,0.0477785983
4463,0.0250641212
4464,0.0534356223
4465,0.0881651307
4466,0.0481096871
4467,0.1032797956
4468,0.0713744247
4469,0.0908889032
4470,0.1037595523
4471,0.0296512418
4472,0.0774197073
4473,0.0098730153
4474,0.1908427328
4475,0.0410697172
4476,0.0131631582
4477,0.0278272571
4478,0.1572429436
4479,0.0135991168
4480,0.1816051105
4481,0.0113809111
4482,0.0316550309
4483,0.1416471227
4484,0.1038621967
4485,0.0122751202
4486,0.0670939475
4487,0.0149438376
4488,0.0047586812
4489,0.0565993861
4490,0.1362078790
4491,0.2522406538
4492,0.2405307413
4493,0.0153835512
4494,0.0310190038
4495,0.0468758090
4496,0.0472607667
4497,0.0538693609
4498,0.0341401815
4499,0.0380123830
4500,0.0442227974
4501,0.0287150918
4502,0.0850033149
4503,0.0068634308
4504,0.0248228638
4505,0.0702111213
4506,0.0653685715
4507,0.0548449145
4508,0.1123850218
4509,0.0486701202
4510,0.0054617144
4511,0.0155052215
4512,0.0488259952
4513,0.1362462576
4514,0.0793818477
4515,0.0384812930
4516,0.1896458090
4517,0.0392863717
4518,0.0763878547
4519,0.1558285866
4520,0.1233588261
4521,0.0966643905
4522,0.0177284019
4523,0.0380096960
4524,0.0289700764
4525,0.2795513446
4526,0.2559023743
4527,0.1014083445
4528,0.0107331517
4529,0.0268963219
4530,0.0169704489
4531,0.0742405604
4532,0.0501764970
4533,0.0195657041
4534,0.0630384485
4535,0.1013908797
4536,0.0428823318
4537,0.0884428580
4538,0.0722885959
4539,0.0335520809
4540,0.1168997768
4541,0.0562987423
4542,0.0671503634
4543,0.0114783957
4544,0.0209397740
4545,0.1954752255
4546,0.0871088588
4547,0.0149896782
4548,0.1808404077
4549,0.1020411285
4550,0.0661672949
4551,0.1477108786
4552,0.0288550462
4553,0.2089089136
4554,0.0187615677
4555,0.0386997141
4556,0.0166920766
4557,0.0433109686
4558,0.1903628056
4559,0.0684018884
4560,0.0162538205
4561,0.0194066580
4562,0.0974597653
4563,0.3049846190
4564,0.0360561544
4565,0.2287105924
4566,0.0022639563
4567,0.3242052257
4568,0.0765254541
4569,0.0973043339
4570,0.0171761557
4571,0.0077044926
4572,0.1611805520
4573,0.0288855125
4574,0.0390338698
4575,0.0740277093
4576,0.0686892718
4577,0.0207835166
4578,0.0253702348
4579,0.0827793252
4580,0.0939173428
4581,0.1756219401
4582,0.0575333007
4583,0.0119986197
4584,0.2429457287
4585,0.1063992007
4586,0.1814111497
4587,0.1262118553
4588,0.1406517414
4589,0.0281573561
4590,0.1483043823
4591,0.0333551299
4592,0.0308164411
4593,0.0043730461
4594,0.0747776674
4595,0.0945829331
4596,0.0921265954
4597,0.2552772352
4598,0.0347399695
4599,0.0335233028
4600,0.1015881438
4601,0.0422482654
4602,0.0321068388
4603,0.1315642480
4604,0.0215697808
4605,0.2009164078
4606,0.0395765179
4607,0.1209906713
4608,0.0276535563
4609,0.0233332870
4610,0.5355009293
4611,0.1412196489
4612,0.0340450961
4613,0.1440557616
4614,0.0402228927
4615,0.0529978466
4616,0.0254213661
4617,0.0390534022
4618,0.0631331250
4619,0.0126631509
4620,0.0720318086
4621,0.1198152424
4622,0.0116504593
4623,0.0212252702
4624,0.0143068682
4625,0.0059899990
4626,0.0197218879
4627,0.1885029895
4628,0.0685063287
4629,0.0413035018
4630,0.0332525750
4631,0.0462970605
4632,0.0486703219
4633,0.2303143593
4634,0.0740301899
4635,0.0091147757
4636,0.1442037662
4637,0.1062006318
4638,0.0693791561
4639,0.3643132909
4640,0.0687932086
4641,0.4408308858
4642,0.0366547518
4643,0.0995403215
4644,0.1459123767
4645,0.1509648171
4646,0.1163376521
4647,0.0561384156
4648,0.0437795931
4649,0.0125238183
4650,0.0488351660
4651,0.0371444289
4652,0.1204884964
4653,0.0747980163
4654,0.0526891259
4655,0.2820065994
4656,0.0095590976
4657,0.0915469206
4658,0.3128876960
4659,0.0973838751
4660,0.0372367152
4661,0.0139231071
4662,0.0103276196
4663,0.1463868906
4664,0.0729173912
4665,0.0157870115
4666,0.0273606515
4667,0.0454989605
4668,0.1024473215
4669,0.0271032716
4670,0.0142078176
4671,0.0359469552
4672,0.0211478206
4673,0.0224109221
4674,0.0878857263
4675,0.2225199114
4676,0.0663538460
4677,0.0773042294
4678,0.0075264897
4679,0.0418871481
4680,0.0684787341
4681,0.1403265516
4682,0.1206441323
4683,0.1718843665
4684,0.0284659262
4685,0.2531532818
4686,0.0551058624
4687,0.0659617586
4688,0.1605283712
4689,0.0081542664
4690,0.0705192233
4691,0.0989060590
4692,0.0386872538
4693,0.0443381977
4694,0.0515563076
4695,0.0116044936
4696,0.0758388497
4697,0.0783484370
4698,0.0111073796
4699,0.0582799941
4700,0.0115180214
4701,0.0462281145
4702,0.0069114828
4703,0.0089683474
4704,0.1044235814
4705,0.0354229231
4706,0.0109627311
4707,0.0155721355
4708,0.0354423636
4709,0.0712718056
4710,0.3447632543
4711,0.0324469323
4712,0.1703580560
4713,0.1611558704
4714,0.0152046585
4715,0.0249233028
4716,0.0602491352
4717,0.0440504619
4718,0.0661858574
4719,0.0355858698
4720,0.0230031361
4721,0.0138570549
4722,0.0535227600
4723,0.0349489177
4724,0.0254994959
4725,0.0363355169
4726,0.0049209129
4727,0.1588420311
4728,0.0172912502
4729,0.1317978257
4730,0.0578537937
4731,0.0587993456
4732,0.0057522569
4733,0.3374569295
4734,0.0756510933
4735,0.0216470398
4736,0.2877025471
4737,0.1156095308
4738,0.0153461410
4739,0.0646562805
4740,0.2163069714
4741,0.1235024315
4742,0.0726935248
4743,0.0082318972
4744,0.0187828300
4745,0.0824113878
4746,0.0558066504
4747,0.0195366227
4748,0.0774155747
4749,0.0434363762
4750,0.2114543256
4751,0.0218525649
4752,0.0097452833
4753,0.1091020210
4754,0.0768133784
4755,0.0827818729
4756,0.0861287230
4757,0.0231234513
4758,0.0473475952
4759,0.0355688852
4760,0.0362679881
4761,0.0579918233
4762,0.0105793965
4763,0.0136472257
4764,0.1911159024
4765,0.0071017898
4766,0.0455507860
4767,0.0193680016
4768,0.0087480564
4769,0.0241861345
4770,0.1494223810
4771,0.0256462370
4772,0.2089151116
4773,0.1068261885
4774,0.0104517588
4775,0.1727780355
4776,0.0201948797
4777,0.0476459185
4778,0.0252323066
4779,0.2397406235
4780,0.0765933559
4781,0.0084231773
4782,0.0115043776
4783,0.0090084040
4784,0.0663752757
4785,0.0324389515
4786,0.1128287650
4787,0.0092142619
4788,0.0847401816
4789,0.2753005636
4790,0.0597351255
4791,0.1131444595
4792,0.0548556336
4793,0.0631458653
4794,0.0286142130
4795,0.1541258431
4796,0.0278565733
4797,0.1967494541
4798,0.0354810736
4799,0.0331274244
4800,0.0443007116
4801,0.2170129728
4802,0.2739135871
4803,0.0819750503
4804,0.0674229658
4805,0.0623234098
4806,0.0427927452
4807,0.0688959780
4808,0.0868868368
4809,0.0197948177
4810,0.1721226758
4811,0.0278612173
4812,0.0558106141
4813,0.0181499235
4814,0.1304945054
4815,0.0987078160
4816,0.0340744988
4817,0.1718397977
4818,0.0122063666
4819,0.0080851823
4820,0.0078000457
4821,0.0813039311
4822,0.1069620313
4823,0.1032627299
4824,0.1417532532
4825,0.0220877254
4826,0.0863583041
4827,0.0476173428
4828,0.0353451384
4829,0.0231348827
4830,0.0161170996
4831,0.0096876268
4832,0.1506180282
4833,0.3670292686
4834,0.1656756484
4835,0.0316500684
4836,0.0214673323
4837,0.0358337315
4838,0.0955170202
4839,0.0575309585
4840,0.1409466706
4841,0.0307295745
4842,0.0487457523
4843,0.0340216053
4844,0.1078017641
4845,0.0308435012
4846,0.0250830777
4847,0.0146180282
4848,0.0747736340
4849,0.2847027257
4850,0.0058154501
4851,0.0668114156
4852,0.0268035385
4853,0.1603910535
4854,0.0521173238
4855,0.0126530380
4856,0.0343308761
4857,0.0210899524
4858,0.0052573698
4859,0.0617570975
4860,0.0079114433
4861,0.1378031273
4862,0.1338898909
4863,0.0706463303
4864,0.1065115755
4865,0.0337381549
4866,0.0035595686
4867,0.0085907719
4868,0.0080250292
4869,0.1934890144
4870,0.0654804388
4871,0.0228320917
4872,0.1032586808
4873,0.0207589123
4874,0.0446091925
4875,0.0694053549
4876,0.0801344223
4877,0.0576173772
4878,0.1755844167
4879,0.0509146281
4880,0.0094908700
4881,0.0114886998
4882,0.0179466694
4883,0.0133658710
4884,0.0919039812
4885,0.0790898664
4886,0.0316257674
4887,0.0537385006
4888,0.1212397850
4889,0.0761018893
4890,0.1182241267
4891,0.0363162146
4892,0.0121086454
4893,0.0150098234
4894,0.0951741101
4895,0.0320532536
4896,0.0142619300
4897,0.1360789993
4898,0.0874118263
4899,0.1909120930
4900,0.3281298556
4901,0.0184971522
4902,0.0244281890
4903,0.0234173606
4904,0.1229357516
4905,0.0885515350
4906,0.0599913437
4907,0.1207023387
4908,0.2971808751
4909,0.0100968423
4910,0.0234445041
4911,0.0078965427
4912,0.0683564004
4913,0.1012906078
4914,0.0039008159
4915,0.0200220931
4916,0.1376082990
4917,0.1384840311
4918,0.0939199971
4919,0.0046399330
4920,0.0312569598
4921,0.0287160223
4922,0.0082958960
4923,0.1254650455
4924,0.0641036472
4925,0.0431674766
4926,0.0149781101
4927,0.0134312524
4928,0.0319439561
4929,0.0067039452
4930,0.1299810119
4931,0.1626618633
4932,0.1187114639
4933,0.0523045011
4934,0.1638453289
4935,0.1256731302
4936,0.0623094218
4937,0.0189271304
4938,0.1672025912
4939,0.0838093468
4940,0.0088698328
4941,0.0237016245
4942,0.0357173737
4943,0.0464593281
4944,0.0332433887
4945,0.0071074377
4946,0.1015579301
4947,0.0075631077
4948,0.0820947468
4949,0.0477474977
4950,0.0222013447
4951,0.0534889318
4952,0.0308910708
4953,0.0367490377
4954,0.0247853739
4955,0.0856146468
4956,0.0313214848
4957,0.0480233267
4958,0.1958334812
4959,0.0493504925
4960,0.0898800013
4961,0.0698133663
4962,0.1778755617
4963,0.0168586701
4964,0.1388545056
4965,0.0415759231
4966,0.0535828535
4967,0.1114863254
4968,0.0107266785
4969,0.0555639325
4970,0.1157009725
4971,0.0826071913
4972,0.1862003393
4973,0.0177483293
4974,0.2751404307
4975,0.0271457625
4976,0.0550883395
4977,0.0570754251
4978,0.0409779759
4979,0.1777275627
4980,0.0204651259
4981,0.0668051599
4982,0.3607047930
4983,0.0941877567
4984,0.0091388005
4985,0.0699804599
4986,0.1925310078
4987,0.0132397405
4988,0.2818863784
4989,0.0343412702
4990,0.1192581807
4991,0.0289600829
4992,0.0420538633
4993,0.0293216820
4994,0.1013791979
4995,0.0186277930
4996,0.0652131148
4997,0.0059253955
4998,0.2573712463
4999,0.1910911395
5000,0.0249443405
5001,0.0666694308
5002,0.1344689022
5003,0.0039152303
5004,0.0243486209
5005,0.0073610605
5006,0.0731176457
5007,0.0265991715
5008,0.1966813629
5009,0.0129428262
5010,0.0234195454
5011,0.0505568403
5012,0.0149882696
5013,0.0580675755
5014,0.1321976010
5015,0.0093339151
5016,0.0211190208
5017,0.0104708176
5018,0.1259373010
5019,0.1746307735
5020,0.0815240704
5021,0.1432936472
5022,0.0236064508
5023,0.1636641016
5024,0.0166747532
5025,0.1041587129
5026,0.0752696075
5027,0.0181894054
5028,0.0342445355
5029,0.0185533144
5030,0.0062962142
5031,0.0092851231
5032,0.0384955669
5033,0.0434438058
5034,0.0335393490
5035,0.0159988075
5036,0.0498479032
5037,0.0116060880
5038,0.0932190925
5039,0.0036225274
5040,0.0236410955
5041,0.0977697963
5042,0.1219163577
5043,0.0271215041
5044,0.0132831141
5045,0.1327785130
5046,0.1348325050
5047,0.1329148034
5048,0.1777054597
5049,0.0093587129
5050,0.1035281278
5051,0.0444757917
5052,0.1229301573
5053,0.0575985929
5054,0.0839967170
5055,0.1560748176
5056,0.0742598710
5057,0.0071713279
5058,0.0574124746
5059,0.0216294708
5060,0.0158375883
5061,0.0487476263
5062,0.0913681589
5063,0.1978425867
5064,0.1969693505
5065,0.0172253277
5066,0.1280092352
5067,0.0689949684
5068,0.0099227804
5069,0.0245399107
5070,0.2317708653
5071,0.2764145662
5072,0.0085148593
5073,0.0915028992
5074,0.1143357045
5075,0.0180517538
5076,0.2009549448
5077,0.0231946284
5078,0.0038027893
5079,0.0477690899
5080,0.0149397697
5081,0.0257290402
5082,0.0766376808
5083,0.0273670579
5084,0.0294355642
5085,0.0859407433
5086,0.0277710862
5087,0.0321886132
5088,0.0168216856
5089,0.0383486934
5090,0.2519606418
5091,0.0447959740
5092,0.0149745882
5093,0.0510269228
5094,0.1006358982
5095,0.0731051511
5096,0.0323248954
5097,0.1772346094
5098,0.0112872476
5099,0.0181241659
5100,0.1473864435
5101,0.0127480113
5102,0.0070300452
5103,0.1767355151
5104,0.0700765624
5105,0.1026542606
5106,0.0837163654
5107,0.0235035728
5108,0.1460191181
5109,0.0705240613
5110,0.3950738397
5111,0.1272706411
5112,0.0103771231
5113,0.0574603510
5114,0.2648298766
5115,0.3322184613
5116,0.1538085741
5117,0.0627273367
5118,0.0277800328
5119,0.0089723595
5120,0.1041657393
5121,0.0428758034
5122,0.2627943040
5123,0.0135101042
5124,0.0657886356
5125,0.3168325528
5126,0.0490846877
5127,0.1143710807
5128,0.0599708382
5129,0.0808674616
5130,0.2749823660
5131,0.0361691037
5132,0.1029358227
5133,0.1319092541
5134,0.0143347830
5135,0.0341897934
5136,0.1712027421
5137,0.0488503305
5138,0.3098124458
5139,0.0497674106
5140,0.3075502119
5141,0.1894031538
5142,0.0581603710
5143,0.0650917202
5144,0.0855155774
5145,0.0739073599
5146,0.1171909619
5147,0.0480152532
5148,0.0070900637
5149,0.0517736347
5150,0.0637369151
5151,0.0852415434
5152,0.0862955569
5153,0.0068407535
5154,0.0144091635
5155,0.0780832260
5156,0.0206648679
5157,0.2502265034
5158,0.0113939592
5159,0.0812648364
5160,0.2196646701
5161,0.0442859305
5162,0.0245748911
5163,0.1753817097
5164,0.0647352539
5165,0.0282072589
5166,0.1775708207
5167,0.0270071222
5168,0.0111768598
5169,0.0414998238
5170,0.0157696233
5171,0.0090361330
5172,0.0404516847
5173,0.1027363003
5174,0.0136106694
5175,0.3476125520
5176,0.0571893420
5177,0.0533585848
5178,0.2067042915
5179,0.0295385263
5180,0.2110056029
5181,0.0158200622
5182,0.0245599124
5183,0.0397438416
5184,0.1710398669
5185,0.0263525914
5186,0.1343420895
5187,0.2514034292
5188,0.0413947328
5189,0.0550539144
5190,0.0689284463
5191,0.0150597013
5192,0.2199820403
5193,0.1003253026
5194,0.0863026560
5195,0.0137430035
5196,0.2396060651
5197,0.0773363833
5198,0.0268412307
5199,0.1020798939
5200,0.1496394817
5201,0.2349156552
5202,0.0304557419
5203,0.0135901540
5204,0.0856310335
5205,0.0993657687
5206,0.0286033083
5207,0.0321769058
5208,0.0744244388
5209,0.0575450061
5210,0.0451530823
5211,0.0537676093
5212,0.2701259522
5213,0.0921513581
5214,0.0976067681
5215,0.0615748447
5216,0.0218869586
5217,0.0336608244
5218,0.0875063894
5219,0.0346601183
5220,0.0107524987
5221,0.1967257345
5222,0.0110582307
5223,0.2583242259
5224,0.1960821562
5225,0.0337668260
5226,0.0776129052
5227,0.0489319892
5228,0.0633761509
5229,0.0292889143
5230,0.0213714454
5231,0.0220853332
5232,0.0161374801
5233,0.2249985116
5234,0.0267051131
5235,0.0387896942
5236,0.0781561346
5237,0.0867401653
5238,0.0787555674
5239,0.0591607687
5240,0.2448870886
5241,0.0349562139
5242,0.1003485892
5243,0.2062339190
5244,0.0378469601
5245,0.0479792877
5246,0.0791928035
5247,0.0127659804
5248,0.0289590893
5249,0.0886369833
5250,0.0513140821
5251,0.0209035862
5252,0.0382287769
5253,0.0966917268
5254,0.0443023188
5255,0.0690391389
5256,0.2260138994
5257,0.0800284632
5258,0.0531434451
5259,0.1125026196
5260,0.0277912997
5261,0.1078359429
5262,0.0190694176
5263,0.3780205160
5264,0.1324761203
5265,0.1217700564
5266,0.0226853207
5267,0.2733806909
5268,0.0736304643
5269,0.0484362792
5270,0.0108839039
5271,0.1290984391
5272,0.2575603336
5273,0.0418760637
5274,0.0295267592
5275,0.0196645722
5276,0.0272433918
5277,0.2460232941
5278,0.0494278751
5279,0.0231663696
5280,0.0699204306
5281,0.3563883999
5282,0.0991440235
5283,0.2380825771
5284,0.0118411662
5285,0.1235793892
5286,0.0645829378
5287,0.0822240453
5288,0.0143666479
5289,0.0608438663
5290,0.0206842289
5291,0.0558917145
5292,0.0641806674
5293,0.0397538412
5294,0.3736034024
5295,0.0220888429
5296,0.1435346121
5297,0.0628075208
5298,0.0605078736
5299,0.0955464972
5300,0.0626284609
5301,0.1362417864
5302,0.0508174849
5303,0.0377509668
5304,0.0325089471
5305,0.0819917424
5306,0.0140043729
5307,0.1191788985
5308,0.0743170481
5309,0.0865536089
5310,0.0433340586
5311,0.0576227019
5312,0.0584185223
5313,0.1217106072
5314,0.0946582094
5315,0.0997205388
5316,0.0501453270
5317,0.0477402267
5318,0.1360262322
5319,0.0844875203
5320,0.0378815615
5321,0.0402758523
5322,0.0344055619
5323,0.3935132056
5324,0.2397126300
5325,0.3141835284
5326,0.0475905526
5327,0.1060598748
5328,0.0532359665
5329,0.0344821601
5330,0.2233332042
5331,0.0854342621
5332,0.4825580397
5333,0.1363046262
5334,0.0398928125
5335,0.0390253448
5336,0.1262674194
5337,0.1052367966
5338,0.1410598285
5339,0.0237564147
5340,0.0910346508
5341,0.1905000640
5342,0.0171828407
5343,0.0199930246
5344,0.0166305584
5345,0.0134259633
5346,0.0056690325
5347,0.0524700123
5348,0.1334974601
5349,0.0072948024
5350,0.0177141237
5351,0.0214426708
5352,0.1357369782
5353,0.0269889882
5354,0.1497312625
5355,0.0161111016
5356,0.1305607332
5357,0.1102003846
5358,0.1205522511
5359,0.0844313884
5360,0.0086576501
5361,0.0209416038
5362,0.0265611570
5363,0.0572639843
5364,0.2824308425
5365,0.0480437172
5366,0.0160937249
5367,0.0570741741
5368,0.0514149936
5369,0.2024031048
5370,0.1306211604
5371,0.0298510799
5372,0.0254075787
5373,0.0570721363
5374,0.0550219346
5375,0.0918222473
5376,0.0114920251
5377,0.0600753647
5378,0.0361933806
5379,0.0838967650
5380,0.1303164205
5381,0.0248110413
5382,0.1899075060
5383,0.0809089493
5384,0.0434919314
5385,0.0871543871
5386,0.0935693921
5387,0.1270214204
5388,0.0378568651
5389,0.0306423211
5390,0.0053609041
5391,0.2979704269
5392,0.0082356040
5393,0.0862213275
5394,0.0230809995
5395,0.0404540136
5396,0.0647490571
5397,0.0238511824
5398,0.0481020906
5399,0.0560849476
5400,0.1386854383
5401,0.0387946780
5402,0.0169632472
5403,0.0148513973
5404,0.1031439157
5405,0.1486527851
5406,0.0278572344
5407,0.1108305327
5408,0.0208511918
5409,0.0249381393
5410,0.2369027572
5411,0.2652500940
5412,0.0552728136
5413,0.1555717618
5414,0.1135706058
5415,0.1606065380
5416,0.0521668572
5417,0.1768599176
5418,0.0272422100
5419,0.0573370845
5420,0.0101413778
5421,0.0057638595
5422,0.2121201741
5423,0.0620688860
5424,0.0762711393
5425,0.0120486940
5426,0.0304377506
5427,0.0362697067
5428,0.0642976310
5429,0.3208659185
5430,0.0471410674
5431,0.0968736678
5432,0.1235621964
5433,0.0638454809
5434,0.0942424538
5435,0.1640961536
5436,0.2154321109
5437,0.0612034958
5438,0.0612757096
5439,0.1332485748
5440,0.0816089990
5441,0.0355102625
5442,0.0905019442
5443,0.0648168320
5444,0.1224568222
5445,0.1051491506
5446,0.1621745546
5447,0.1924511515
5448,0.0516393401
5449,0.0327045817
5450,0.1651184552
5451,0.1797455376
5452,0.1311377706
5453,0.1095450722
5454,0.0753222493
5455,0.2204064551
5456,0.1857022197
5457,0.0834094277
5458,0.1394501015
5459,0.0493964353
5460,0.1548245861
5461,0.0271912006
5462,0.1188409804
5463,0.0121583551
5464,0.0950394562
5465,0.0127841396
5466,0.0251759952
5467,0.0098507136
5468,0.1866550427
5469,0.2401461512
5470,0.0122848701
5471,0.1305325351
5472,0.0430760089
5473,0.1122549329
5474,0.1423778753
5475,0.0547290224
5476,0.1509536114
5477,0.0100211136
5478,0.0341731510
5479,0.0921487925
5480,0.0297181043
5481,0.0950641818
5482,0.1230307148
5483,0.0252626081
5484,0.1587923393
5485,0.0110605792
5486,0.1381404301
5487,0.0388859709
5488,0.1413592531
5489,0.0370174090
5490,0.0619658775
5491,0.0419785934
5492,0.0387792989
5493,0.0455896037
5494,0.0773036831
5495,0.0210656959
5496,0.0058144974
5497,0.0663563973
5498,0.1539497818
5499,0.0077339813
5500,0.0943897420
5501,0.0146546086
5502,0.0576445347
5503,0.0252385506
5504,0.1336331861
5505,0.0192455960
5506,0.0287324352
5507,0.0951087485
5508,0.0433150316
5509,0.0783911300
5510,0.0791855642
5511,0.0110416287
5512,0.0530925389
5513,0.0045917041
5514,0.2605955113
5515,0.0165532729
5516,0.0877535490
5517,0.0196974579
5518,0.0100951202
5519,0.0160749294
5520,0.0348885695
5521,0.1018402732
5522,0.0342516703
5523,0.0071034000
5524,0.0822440780
5525,0.3247532666
5526,0.0109028949
5527,0.0259415497
5528,0.1723308465
5529,0.1634807613
5530,0.1140656718
5531,0.0187114390
5532,0.1150332652
5533,0.1297202439
5534,0.0931576858
5535,0.1115891541
5536,0.0270680221
5537,0.0150885052
5538,0.0535096341
5539,0.0520879407
5540,0.0681035863
5541,0.1181269102
5542,0.0277946312
5543,0.0034236636
5544,0.0492811810
5545,0.0193685026
5546,0.0528288352
5547,0.0727392986
5548,0.0139657612
5549,0.0265147531
5550,0.1324228377
5551,0.1193188452
5552,0.1638614945
5553,0.1288907699
5554,0.0397399108
5555,0.0226853890
5556,0.0568339201
5557,0.0404947564
5558,0.0090673008
5559,0.0328610504
5560,0.0167937384
5561,0.0466629366
5562,0.0820916639
5563,0.0332312858
5564,0.0288111538
5565,0.0461497016
5566,0.0300985386
5567,0.0905185918
5568,0.0506959591
5569,0.0310633108
5570,0.0583120079
5571,0.2251106106
5572,0.0281034152
5573,0.1148686086
5574,0.0283345665
5575,0.0084627620
5576,0.0623098617
5577,0.0198929130
5578,0.2181312242
5579,0.0953129086
5580,0.1223481760
5581,0.0119458769
5582,0.0128524274
5583,0.0419373282
5584,0.3664791082
5585,0.0208745629
5586,0.0698575590
5587,0.0255121737
5588,0.0272025372
5589,0.0971395495
5590,0.0257692327
5591,0.0215085052
5592,0.0508108699
5593,0.0713952139
5594,0.1233912553
5595,0.0359325691
5596,0.0577366076
5597,0.0735486919
5598,0.0985105933
5599,0.0090629075
5600,0.0798429691
5601,0.0730325153
5602,0.0345929143
5603,0.0977348919
5604,0.0618516680
5605,0.0370087756
5606,0.0376667348
5607,0.2446582917
5608,0.0244333459
5609,0.1695313450
5610,0.1782338326
5611,0.0251435436
5612,0.0200991115
5613,0.2050550844
5614,0.0383222800
5615,0.0776460187
5616,0.0174779610
5617,0.1889555469
5618,0.0295121271
5619,0.0622409833
5620,0.0348527918
5621,0.0609635093
5622,0.0262327228
5623,0.0348636123
5624,0.1981342157
5625,0.0269183539
5626,0.0205805441
5627,0.0428623033
5628,0.3323462926
5629,0.0982191849
5630,0.1237137093
5631,0.0116260583
5632,0.0242009133
5633,0.0690881462
5634,0.0733055204
5635,0.0200085765
5636,0.2106192815
5637,0.0764254710
5638,0.0100113653
5639,0.1240661780
5640,0.0072803630
5641,0.0300877233
5642,0.1398230838
5643,0.0133339721
5644,0.0520035734
5645,0.1481416452
5646,0.0485991494
5647,0.0371856424
5648,0.2499098449
5649,0.1751740015
5650,0.0379813424
5651,0.0101711565
5652,0.1041962326
5653,0.0075060882
5654,0.0563843606
5655,0.0375836754
5656,0.0141518309
5657,0.2229234927
5658,0.0300776829
5659,0.0621084887
5660,0.0595982129
5661,0.0461599938
5662,0.0070861037
5663,0.1046372241
5664,0.0988516717
5665,0.0163550465
5666,0.1549428933
5667,0.1732875406
5668,0.0659936720
5669,0.0778064282
5670,0.1196842850
5671,0.0275754223
5672,0.0677474580
5673,0.0896797348
5674,0.0997964000
5675,0.0078068544
5676,0.0125358409
5677,0.0156344740
5678,0.0172823272
5679,0.0687211211
5680,0.0526560788
5681,0.0887417174
5682,0.0133419852
5683,0.0083894040
5684,0.2316225329
5685,0.2475622729
5686,0.0837914865
5687,0.0661340339
5688,0.0642770851
5689,0.2179062193
5690,0.0704409365
5691,0.2571884790
5692,0.1452639971
5693,0.0089968136
5694,0.0427046845
5695,0.0630220886
5696,0.0141439399
5697,0.1298687435
5698,0.0754776013
5699,0.0182455189
5700,0.0608345204
5701,0.0081756970
5702,0.0266331911
5703,0.1112444816
5704,0.0932707487
5705,0.1502236426
5706,0.3588550669
5707,0.0186744744
5708,0.0555086362
5709,0.1060800026
5710,0.0428715426
5711,0.0234988237
5712,0.0784470921
5713,0.0206509141
5714,0.0433295690
5715,0.0871211497
5716,0.0127279516
5717,0.0644393261
5718,0.0470418874
5719,0.1037338225
5720,0.0054494469
5721,0.0951442070
5722,0.1152236936
5723,0.0263744695
5724,0.0786064885
5725,0.1093516552
5726,0.2573726679
5727,0.1898434688
5728,0.0038638154
5729,0.0171542781
5730,0.0598493926
5731,0.0345562150
5732,0.0201150082
5733,0.1373197012
5734,0.0459987759
5735,0.0516943416
5736,0.0104214754
5737,0.0348213959
5738,0.0262514044
5739,0.0355079904
5740,0.0096086800
5741,0.0039263294
5742,0.0341345626
5743,0.0022006831
5744,0.0360692964
5745,0.0640696199
5746,0.0655814938
5747,0.0217562385
5748,0.2917672898
5749,0.0335592291
5750,0.2407594718
5751,0.0325013455
5752,0.0204932543
5753,0.0113886258
5754,0.0674529896
5755,0.0103130193
5756,0.2928929010
5757,0.0495299224
5758,0.0120314479
5759,0.0080975346
5760,0.0095397006
5761,0.0240407792
5762,0.0781456577
5763,0.0118213109
5764,0.0538019695
5765,0.0269690055
5766,0.0395433003
5767,0.0134642261
5768,0.2639627924
5769,0.0316982591
5770,0.0545409694
5771,0.0196790091
5772,0.0569156261
5773,0.0685043157
5774,0.2529237069
5775,0.2704275369
5776,0.1482075409
5777,0.0190220114
5778,0.0298331343
5779,0.0188753045
5780,0.1590554943
5781,0.0849146535
5782,0.0334150207
5783,0.1096243175
5784,0.1298407380
5785,0.0259339889
5786,0.0853061311
5787,0.0557080789
5788,0.0092523478
5789,0.0187100002
5790,0.1024479691
5791,0.0048030097
5792,0.0258713610
5793,0.0514204721
5794,0.0845789632
5795,0.0229667864
5796,0.0353317280
5797,0.0819597594
5798,0.0137267763
5799,0.0427870122
5800,0.0193369203
5801,0.0830995562
5802,0.0396549046
5803,0.0116608638
5804,0.0528899322
5805,0.0058293003
5806,0.1288043844
5807,0.0088959807
5808,0.0406295529
5809,0.0918912814
5810,0.0599960247
5811,0.0527864622
5812,0.1102397662
5813,0.0523406830
5814,0.0173799867
5815,0.0455787468
5816,0.0274154495
5817,0.0179475722
5818,0.1085948609
5819,0.0259133891
5820,0.0716129162
5821,0.0152084016
5822,0.0515635322
5823,0.0162558166
5824,0.0457024532
5825,0.0376961983
5826,0.1612007050
5827,0.1484166094
5828,0.0493988628
5829,0.0952145149
5830,0.2727967658
5831,0.0849789799
5832,0.0366069214
5833,0.0586467327
5834,0.0134669910
5835,0.0965387415
5836,0.0845149306
5837,0.2748954209
5838,0.0502997107
5839,0.0276707624
5840,0.0157378074
5841,0.0378936250
5842,0.1079529817
5843,0.0152284281
5844,0.1131910099
5845,0.0323542668
5846,0.1083043539
5847,0.0078564710
5848,0.1112448895
5849,0.1318484690
5850,0.0110750028
5851,0.1584812895
5852,0.0258592040
5853,0.1052248961
5854,0.0816746393
5855,0.1008409035
5856,0.1253327122
5857,0.0492673201
5858,0.0339594283
5859,0.0222797601
5860,0.1295160554
5861,0.2437741154
5862,0.0308678382
5863,0.0577683840
5864,0.0146477188
5865,0.0235674861
5866,0.2084675702
5867,0.0974805918
5868,0.0882727298
5869,0.0272938532
5870,0.0745136131
5871,0.0335009480
5872,0.0422492550
5873,0.1502120779
5874,0.0252201689
5875,0.0477346940
5876,0.0400955369
5877,0.0613732456
5878,0.0284053505
5879,0.1346067034
5880,0.0171461356
5881,0.0865116898
5882,0.0445676625
5883,0.0381990701
5884,0.0035215730
5885,0.0559284919
5886,0.1496782861
5887,0.0877606731
5888,0.0159470032
5889,0.1234542232
5890,0.1548485189
5891,0.0412882541
5892,0.1632084283
5893,0.1067345159
5894,0.0226204527
5895,0.0216559464
5896,0.1353846161
5897,0.0620193691
5898,0.1850106862
5899,0.1885621810
5900,0.1375832126
5901,0.1358131096
5902,0.0229979540
5903,0.1707382684
5904,0.0230121025
5905,0.0120617403
5906,0.0657881736
5907,0.1692534742
5908,0.0732539468
5909,0.1637291653
5910,0.1641706859
5911,0.3452545875
5912,0.0541025113
5913,0.0695569594
5914,0.1992707961
5915,0.0248709841
5916,0.1315995711
5917,0.0204922567
5918,0.0063738209
5919,0.0284810576
5920,0.0381504497
5921,0.0172880880
5922,0.0109908226
5923,0.3056147951
5924,0.1960706934
5925,0.0128220593
5926,0.1043183358
5927,0.1638516368
5928,0.0382210620
5929,0.0710761060
5930,0.0411331945
5931,0.0459035704
5932,0.0630309293
5933,0.0903251701
5934,0.0784197957
5935,0.0308654285
5936,0.1111106929
5937,0.0394532445
5938,0.0076948885
5939,0.0586989028
5940,0.0365392428
5941,0.0202925593
5942,0.1589197079
5943,0.0561770723
5944,0.2442322844
5945,0.1104130102
5946,0.0548908481
5947,0.0892144914
5948,0.0148334514
5949,0.0065914582
5950,0.0630608482
5951,0.0303948903
5952,0.2213618236
5953,0.0746552568
5954,0.0099595722
5955,0.0490521579
5956,0.4694181476
5957,0.0152538622
5958,0.1001655540
5959,0.0212458088
5960,0.1145979904
5961,0.0283450271
5962,0.0454714874
5963,0.4033686893
5964,0.0242212685
5965,0.0499487027
5966,0.0121869533
5967,0.0336337206
5968,0.0763635633
5969,0.0114787808
5970,0.0538988453
5971,0.0776532443
5972,0.0540051766
5973,0.0479457333
5974,0.1080809523
5975,0.1178369293
5976,0.0575862055
5977,0.0218484596
5978,0.0253952075
5979,0.0673460594
5980,0.1648150502
5981,0.0245670219
5982,0.0699611226
5983,0.0212395674
5984,0.0492161649
5985,0.0229877181
5986,0.0173933319
5987,0.2459883941
5988,0.0669931368
5989,0.1230803662
5990,0.1500764628
5991,0.0218252561
5992,0.0111320796
5993,0.0177449482
5994,0.1251347431
5995,0.1840012944
5996,0.0583785239
5997,0.2846095549
5998,0.0124942669
5999,0.0099637640
6000,0.0500482232
6001,0.0113081759
6002,0.0823758194
6003,0.0117172318
6004,0.0839015432
6005,0.0597225227
6006,0.0364239608
6007,0.3357797310
6008,0.0521392910
6009,0.0292106630
6010,0.1062740401
6011,0.0135856168
6012,0.0441046317
6013,0.0946443829
6014,0.1845878180
6015,0.1103324495
6016,0.1272120123
6017,0.0760186079
6018,0.0971459451
6019,0.1308544096
6020,0.0711638912
6021,0.1358989352
6022,0.0164002118
6023,0.1538720822
6024,0.2335601148
6025,0.1421013522
6026,0.0229236761
6027,0.0159984917
6028,0.0601162871
6029,0.0094701436
6030,0.0382333617
6031,0.0392514014
6032,0.0957916907
6033,0.1123940311
6034,0.1827364445
6035,0.0754006591
6036,0.0207097257
6037,0.0224798858
6038,0.2104205430
6039,0.0139114433
6040,0.0086795592
6041,0.0420084931
6042,0.2680634002
6043,0.4079445385
6044,0.0786947115
6045,0.0187215727
6046,0.3202059663
6047,0.2388170434
6048,0.1005854251
6049,0.1229981016
6050,0.0493490696
6051,0.0844459145
6052,0.0610492853
6053,0.1458265009
6054,0.0373329180
6055,0.0198455753
6056,0.0273490918
6057,0.1503270982
6058,0.1643446141
6059,0.1480761189
6060,0.0130513143
6061,0.1425485154
6062,0.2394872684
6063,0.0215699843
6064,0.0360703642
6065,0.0160290087
6066,0.1088389086
6067,0.0392718162
6068,0.0183778428
6069,0.0317212698
6070,0.1844558264
6071,0.0201171808
6072,0.1044543001
6073,0.0183534002
6074,0.1732814884
6075,0.0505035027
6076,0.0066957225
6077,0.1815826740
6078,0.0644715909
6079,0.0245134693
6080,0.0083972158
6081,0.0590444671
6082,0.1220361215
6083,0.0212551321
6084,0.0530637769
6085,0.0388120051
6086,0.0062996638
6087,0.1066421952
6088,0.3136004070
6089,0.1113331134
6090,0.0263964758
6091,0.0383470630
6092,0.0805603271
6093,0.0351739838
6094,0.0329670829
6095,0.0600284806
6096,0.0180561654
6097,0.0170812430
6098,0.0770819685
6099,0.0287472142
6100,0.1261846562
6101,0.0495041546
6102,0.0507807141
6103,0.0816041554
6104,0.0547297735
6105,0.1316023441
6106,0.0237173748
6107,0.1238653633
6108,0.0264623487
6109,0.0996870251
6110,0.0557409766
6111,0.1911677584
6112,0.0123434235
6113,0.0841018947
6114,0.0242457634
6115,0.0100184330
6116,0.0201229454
6117,0.0339120672
6118,0.0126160318
6119,0.1979803340
6120,0.0755884457
6121,0.0203285284
6122,0.0266525563
6123,0.1006935884
6124,0.0914572961
6125,0.0203788097
6126,0.1334590871
6127,0.0387795622
6128,0.1330973844
6129,0.0429155474
6130,0.1234014648
6131,0.3401631708
6132,0.1295129122
6133,0.0823787361
6134,0.1248841876
6135,0.0835586146
6136,0.3609343724
6137,0.0265224632
6138,0.0297148409
6139,0.0218760610
6140,0.1990976280
6141,0.1077480543
6142,0.0080376717
6143,0.0738956195
6144,0.0999054096
6145,0.0403355989
6146,0.0205890207
6147,0.1613880088
6148,0.0495366627
6149,0.0284226648
6150,0.0113944816
6151,0.0098154292
6152,0.2169900703
6153,0.0319026542
6154,0.1733318318
6155,0.0734442714
6156,0.0435704897
6157,0.2078456583
6158,0.0062915291
6159,0.0452793696
6160,0.0311960208
6161,0.0543175439
6162,0.0503274571
6163,0.0838000022
6164,0.1389487221
6165,0.0314833014
6166,0.0987523850
6167,0.1292445027
6168,0.0360769726
6169,0.0366306119
6170,0.0231414665
6171,0.0959950004
6172,0.0697255046
6173,0.0860297558
6174,0.0413542231
6175,0.0527263482
6176,0.1122535251
6177,0.0938586039
6178,0.0365801969
6179,0.0456926654
6180,0.0509795794
6181,0.0250470905
6182,0.0294205826
6183,0.0980413315
6184,0.0102176198
6185,0.0144556418
6186,0.0308291331
6187,0.0310394957
6188,0.0315512322
6189,0.0398918830
6190,0.0141866616
6191,0.0279601051
6192,0.0160273531
6193,0.0162411845
6194,0.0714637134
6195,0.0145784157
6196,0.0642928139
6197,0.0094823391
6198,0.2344181378
6199,0.0153180258
6200,0.0127622891
6201,0.1804294607
6202,0.2115810119
6203,0.0308292230
6204,0.0459976480
6205,0.0042202923
6206,0.0162269318
6207,0.1495903492
6208,0.0204220145
6209,0.0379625537
6210,0.0354244381
6211,0.0156226938
6212,0.0232937130
6213,0.2611633555
6214,0.1659775913
6215,0.0401264585
6216,0.0647348773
6217,0.0163909111
6218,0.0181673155
6219,0.3084766826
6220,0.0610393113
6221,0.3508504339
6222,0.0158001102
6223,0.0129238766
6224,0.2876442002
6225,0.0326952689
6226,0.0297208267
6227,0.0190664104
6228,0.0258805141
6229,0.0157564751
6230,0.2422224336
6231,0.0228294292
6232,0.0349815005
6233,0.0600488771
6234,0.0128585203
6235,0.4299630281
6236,0.0163016640
6237,0.1003652704
6238,0.0995513180
6239,0.1720693941
6240,0.0488445062
6241,0.0581353521
6242,0.0049191081
6243,0.0065436530
6244,0.0463390854
6245,0.0160729604
6246,0.2175901026
6247,0.2445890804
6248,0.0767050296
6249,0.0858959532
6250,0.1455269488
6251,0.0388918636
6252,0.0334928337
6253,0.0376369477
6254,0.1382730014
6255,0.0287537189
6256,0.1267091023
6257,0.0344914230
6258,0.0864564934
6259,0.0143567386
6260,0.0116180815
6261,0.0166891813
6262,0.0026301891
6263,0.0197032147
6264,0.1538062166
6265,0.0760894483
6266,0.0404861586
6267,0.0595660270
6268,0.0738788954
6269,0.0493766335
6270,0.0431497014
6271,0.1071650954
6272,0.2422356054
6273,0.2306762428
6274,0.0288657713
6275,0.1037461198
6276,0.0230264391
6277,0.0347196114
6278,0.0590703657
6279,0.0246604654
6280,0.1389140128
6281,0.2073086124
6282,0.1956484883
6283,0.0270306828
6284,0.3428575162
6285,0.0665384212
6286,0.0198003785
6287,0.0304490415
6288,0.1689183097
6289,0.0909597258
6290,0.0579343215
6291,0.0498941997
6292,0.0255240998
6293,0.0597425416
6294,0.0428725937
6295,0.3052119688
6296,0.0796488555
6297,0.0454510277
6298,0.0208859530
6299,0.0257345420
6300,0.0232224552
6301,0.1662946418
6302,0.1275831107
6303,0.0945880945
6304,0.0190667554
6305,0.0305182696
6306,0.2428915829
6307,0.0149930550
6308,0.0222657612
6309,0.1118083425
6310,0.0049790824
6311,0.2069428544
6312,0.0151568808
6313,0.3428957192
6314,0.0137296442
6315,0.0358099016
6316,0.4515725478
6317,0.0099364554
6318,0.0161078784
6319,0.2057226464
6320,0.0438363183
6321,0.0631960593
6322,0.0374088784
6323,0.0841684404
6324,0.0227428954
6325,0.1455249449
6326,0.2239127182
6327,0.0046584199
6328,0.1707481556
6329,0.0694512329
6330,0.0152552116
6331,0.0523690982
6332,0.1539160333
6333,0.0570273027
6334,0.0408306931
6335,0.1217766466
6336,0.0086269753
6337,0.0092267351
6338,0.0471347897
6339,0.0458680994
6340,0.0107007564
6341,0.1384652844
6342,0.0604087816
6343,0.0844326195
6344,0.1497667476
6345,0.0381639181
6346,0.0310499426
6347,0.1070573235
6348,0.0284966604
6349,0.0144545729
6350,0.0773761047
6351,0.1665834285
6352,0.0627037901
6353,0.0179063774
6354,0.0325969304
6355,0.0341184013
6356,0.0175792566
6357,0.0644566642
6358,0.0612764378
6359,0.2909614079
6360,0.0273180869
6361,0.0816107624
6362,0.0540033690
6363,0.0062566243
6364,0.0227723635
6365,0.0373534693
6366,0.0266179665
6367,0.0377672059
6368,0.1450492441
6369,0.0437682230
6370,0.1567202409
6371,0.1616012908
6372,0.2131363245
6373,0.0285287140
6374,0.0953506523
6375,0.0917194996
6376,0.1127976197
6377,0.0421966972
6378,0.0293923445
6379,0.2082102948
6380,0.0062158036
6381,0.0347361516
6382,0.0179403097
6383,0.1826340911
6384,0.0303100676
6385,0.0269418254
6386,0.2416846517
6387,0.1654238857
6388,0.0433053567
6389,0.0866637248
6390,0.0202260940
6391,0.0231643593
6392,0.0350239016
6393,0.1749003229
6394,0.0886300241
6395,0.0526971175
6396,0.0737717294
6397,0.0066380199
6398,0.1034168146
6399,0.1472634606
6400,0.0745022873
6401,0.1167487982
6402,0.2193122066
6403,0.0566451236
6404,0.0495978078
6405,0.1162909361
6406,0.0104370442
6407,0.0833125026
6408,0.0852431456
6409,0.0212463428
6410,0.1706077325
6411,0.0181343495
6412,0.1586847616
6413,0.0348085278
6414,0.0460041506
6415,0.0248848279
6416,0.0042899517
6417,0.0560311816
6418,0.1153115639
6419,0.0938939847
6420,0.3442992166
6421,0.0830615841
6422,0.0394303038
6423,0.0047571588
6424,0.0332177643
6425,0.0041037254
6426,0.0132065041
6427,0.1664421332
6428,0.2198308468
6429,0.0220863922
6430,0.0272745423
6431,0.0174510691
6432,0.0720722662
6433,0.0303565067
6434,0.1025706650
6435,0.0342692449
6436,0.0341843953
6437,0.0525530554
6438,0.0271163349
6439,0.0717079563
6440,0.0188437489
6441,0.1344607112
6442,0.0273805272
6443,0.2258627310
6444,0.1405141760
6445,0.0594474863
6446,0.1499197143
6447,0.0460106368
6448,0.0290950483
6449,0.0130974020
6450,0.0787116176
6451,0.0874320508
6452,0.0548780176
6453,0.1975552472
6454,0.0290500371
6455,0.1052803245
6456,0.2851211825
6457,0.0139698877
6458,0.0470511443
6459,0.0710763385
6460,0.0304837043
6461,0.0322257933
6462,0.0146640741
6463,0.2506412621
6464,0.1330576326
6465,0.1654272870
6466,0.0294709574
6467,0.2101202027
6468,0.0076677717
6469,0.0243062947
6470,0.2216459917
6471,0.0207164743
6472,0.0373196099
6473,0.0078491880
6474,0.0652262231
6475,0.0362045716
6476,0.1476168893
6477,0.0199163904
6478,0.0221599399
6479,0.0099374834
6480,0.0301998923
6481,0.0107502341
6482,0.3866504558
6483,0.0054423093
6484,0.0538799052
6485,0.1074575523
6486,0.0337340991
6487,0.0377194942
6488,0.0273381406
6489,0.1509028281
6490,0.1350011561
6491,0.0243838189
6492,0.1940254022
6493,0.1634270474
6494,0.0183318200
6495,0.1364264017
6496,0.1093783874
6497,0.0219447677
6498,0.0712531294
6499,0.0100546883
6500,0.0224867909
6501,0.0156768419
6502,0.0276064381
6503,0.0056454124
6504,0.0363344262
6505,0.0126167477
6506,0.0151314536
6507,0.0304920968
6508,0.0276449366
6509,0.0182548662
6510,0.1091904790
6511,0.0146343500
6512,0.0139017850
6513,0.0522010622
6514,0.0210983109
6515,0.1356163461
6516,0.0179664837
6517,0.0111172312
6518,0.0809512615
6519,0.0316724486
6520,0.0038506056
6521,0.0271116135
6522,0.1143453139
6523,0.1119249781
6524,0.0988793659
6525,0.0170277236
6526,0.1227330227
6527,0.0164697674
6528,0.0692236536
6529,0.0288018781
6530,0.0700787847
6531,0.0733622482
6532,0.1578144861
6533,0.0389241051
6534,0.0352679736
6535,0.0576844868
6536,0.0433828309
6537,0.0190381317
6538,0.0783109920
6539,0.0698127307
6540,0.0263180018
6541,0.0408330008
6542,0.0493433250
6543,0.3002082960
6544,0.0422467091
6545,0.1758861683
6546,0.0404120056
6547,0.1694433864
6548,0.1205839968
6549,0.0455023076
6550,0.2664781518
6551,0.0409173155
6552,0.0771644433
6553,0.0156202847
6554,0.0266769553
6555,0.0299883425
6556,0.0617421195
6557,0.0205429329
6558,0.0072228675
6559,0.0453726584
6560,0.0473723890
6561,0.0126300276
6562,0.2655524396
6563,0.0115394830
6564,0.0342016478
6565,0.1052557239
6566,0.0106629567
6567,0.0752957172
6568,0.0937909952
6569,0.0124969364
6570,0.0900884756
6571,0.0114379821
6572,0.0153631323
6573,0.1456719677
6574,0.0344428636
6575,0.3032444288
6576,0.0051458717
6577,0.0526218607
6578,0.0029030830
6579,0.0471409122
6580,0.0174992434
6581,0.0768815111
6582,0.0206967755
6583,0.1093250242
6584,0.0374328362
6585,0.1373789719
6586,0.0377377639
6587,0.1875490840
6588,0.1764931580
6589,0.0589900112
6590,0.1582044333
6591,0.1287112134
6592,0.1306581625
6593,0.0126160735
6594,0.0253141989
6595,0.1276585354
6596,0.0442617556
6597,0.0321458217
6598,0.0248426196
6599,0.0896402942
6600,0.1115221227
6601,0.0242578417
6602,0.0951773349
6603,0.0406678704
6604,0.0172425784
6605,0.0831889095
6606,0.0162512395
6607,0.1875822051
6608,0.1398128687
6609,0.1986624550
6610,0.0423076695
6611,0.0740681617
6612,0.0940350041
6613,0.3105864152
6614,0.0643063351
6615,0.0104987978
6616,0.3174664129
6617,0.1584994359
6618,0.1234707396
6619,0.0731790608
6620,0.0327470458
6621,0.1420163660
6622,0.0246496667
6623,0.0136562314
6624,0.0258808972
6625,0.0636627419
6626,0.1120925156
6627,0.0590650355
6628,0.0823124368
6629,0.0227530169
6630,0.0217965066
6631,0.0265573965
6632,0.0371405385
6633,0.0971339729
6634,0.0253089440
6635,0.1942310885
6636,0.0363122230
6637,0.0728149984
6638,0.0049133419
6639,0.0352943715
6640,0.1192618475
6641,0.0360541938
6642,0.1242542014
6643,0.0432769640
6644,0.1595185476
6645,0.1346325094
6646,0.1104946861
6647,0.1239974217
6648,0.0649102035
6649,0.0704971538
6650,0.0207906385
6651,0.0266085043
6652,0.0970292778
6653,0.0152620671
6654,0.0155328097
6655,0.0556032300
6656,0.0377618026
6657,0.0196161258
6658,0.1334039468
6659,0.1694511804
6660,0.0400736779
6661,0.2327941131
6662,0.0325212168
6663,0.1122644996
6664,0.0526684133
6665,0.0286089208
6666,0.0205842083
6667,0.2645658223
6668,0.1641027308
6669,0.0960325910
6670,0.0872979202
6671,0.0398569788
6672,0.2887047998
6673,0.0295582858
6674,0.1967244084
6675,0.0150807707
6676,0.0678612334
6677,0.2147111323
6678,0.2694929756
6679,0.3069758288
6680,0.2809414665
6681,0.0150936121
6682,0.0734583048
6683,0.0042104151
6684,0.0178541478
6685,0.0129843840
6686,0.0961906582
6687,0.0112038451
6688,0.0437561266
6689,0.0677348618
6690,0.1030058906
6691,0.0634857505
6692,0.1233252249
6693,0.2213184579
6694,0.0413222205
6695,0.0332887253
6696,0.0545552962
6697,0.0260663604
6698,0.1071885495
6699,0.0287313880
6700,0.0240298444
6701,0.0232222330
6702,0.0578185203
6703,0.0113407136
6704,0.0621114610
6705,0.0271880863
6706,0.0044428864
6707,0.0153356242
6708,0.0371836272
6709,0.0528958753
6710,0.0845315099
6711,0.0114856923
6712,0.0556324837
6713,0.1569005420
6714,0.0376831505
6715,0.0134314933
6716,0.0276968989
6717,0.1028365215
6718,0.1235784493
6719,0.1092941367
6720,0.0099705997
6721,0.0861561876
6722,0.3088097216
6723,0.0156940244
6724,0.1136804181
6725,0.0266584000
6726,0.0216494471
6727,0.0422292898
6728,0.2292037171
6729,0.0698201996
6730,0.0873958572
6731,0.2291828879
6732,0.1263740544
6733,0.0327203020
6734,0.0443362157
6735,0.0607401486
6736,0.0514121754
6737,0.0677811671
6738,0.0386595049
6739,0.0258132033
6740,0.0124016750
6741,0.0215658125
6742,0.0958951662
6743,0.0215734644
6744,0.1831002651
6745,0.0096953883
6746,0.0476731949
6747,0.0221113142
6748,0.0889751003
6749,0.0079603655
6750,0.0305546309
6751,0.0216584775
6752,0.1949369291
6753,0.0150046586
6754,0.0678092687
6755,0.1442178337
6756,0.0813458718
6757,0.0656707943
6758,0.0777043950
6759,0.0247270670
6760,0.0637117187
6761,0.0646632208
6762,0.0083698035
6763,0.0244997257
6764,0.0386947099
6765,0.0247747814
6766,0.0446393764
6767,0.1969617975
6768,0.0044609678
6769,0.0801908940
6770,0.0672461870
6771,0.0416655263
6772,0.0714223375
6773,0.0167958705
6774,0.1372576926
6775,0.1820162291
6776,0.0217186562
6777,0.0215840824
6778,0.1453099284
6779,0.1037113208
6780,0.0611358719
6781,0.0354086163
6782,0.0455686142
6783,0.0362568242
6784,0.0676440203
6785,0.0197167992
6786,0.1948130063
6787,0.0970432865
6788,0.0571838790
6789,0.1016357737
6790,0.1707021815
6791,0.0070746813
6792,0.0750959621
6793,0.0722421617
6794,0.0224141664
6795,0.0047139364
6796,0.0233188858
6797,0.0703753924
6798,0.1927308280
6799,0.0629867693
6800,0.0422795218
6801,0.0244648063
6802,0.0751088368
6803,0.1585244590
6804,0.0568284712
6805,0.0348767473
6806,0.1587245979
6807,0.0174389532
6808,0.0730265591
6809,0.0155359979
6810,0.0129855775
6811,0.0310053530
6812,0.0806629894
6813,0.0049234219
6814,0.0200689371
6815,0.0763293884
6816,0.1155273997
6817,0.2332993136
6818,0.1616879260
6819,0.0701538033
6820,0.0155782777
6821,0.0539024862
6822,0.1969281804
6823,0.0622199557
6824,0.0815530135
6825,0.1017276753
6826,0.0261076754
6827,0.2074995673
6828,0.0139735814
6829,0.0327350460
6830,0.0309500659
6831,0.0245244847
6832,0.1442390457
6833,0.0065873927
6834,0.0123122892
6835,0.1745052326
6836,0.0439811160
6837,0.0873258427
6838,0.1473120352
6839,0.0388800845
6840,0.0687690701
6841,0.2635250316
6842,0.0228353415
6843,0.0690428009
6844,0.0333244132
6845,0.0354278170
6846,0.1894941560
6847,0.0172091515
6848,0.1973968902
6849,0.2045326153
6850,0.1184022022
6851,0.3950532671
6852,0.0748302338
6853,0.0398685017
6854,0.1780163605
6855,0.0560814000
6856,0.0186281127
6857,0.1717799854
6858,0.0325765635
6859,0.0186287938
6860,0.0832665069
6861,0.0195189135
6862,0.0301569240
6863,0.0151345566
6864,0.3346914710
6865,0.0867224345
6866,0.1218657765
6867,0.0556306305
6868,0.0767554960
6869,0.0199776279
6870,0.1759119206
6871,0.0111585071
6872,0.2408970688
6873,0.0915171444
6874,0.0214556427
6875,0.0277672918
6876,0.0035470715
6877,0.1072340287
6878,0.0304516532
6879,0.0739640190
6880,0.0208416179
6881,0.0312198600
6882,0.0191412793
6883,0.1763876253
6884,0.0249130810
6885,0.0253105225
6886,0.0081096283
6887,0.0778140365
6888,0.0227602524
6889,0.0411083788
6890,0.1302665932
6891,0.1906575682
6892,0.2283712030
6893,0.0232899151
6894,0.1851795706
6895,0.0701799783
6896,0.0127392295
6897,0.0230529446
6898,0.0173552583
6899,0.0861406950
6900,0.1417970839
6901,0.0281477156
6902,0.0117581061
6903,0.0107378593
6904,0.0279160926
6905,0.0310430220
6906,0.0386167796
6907,0.0201507555
6908,0.0053093745
6909,0.0223504774
6910,0.2100292707
6911,0.0992396425
6912,0.1969538328
6913,0.0314594268
6914,0.0291505709
6915,0.0330080967
6916,0.1759932330
6917,0.0564185603
6918,0.0180680303
6919,0.0148325833
6920,0.1322865740
6921,0.2487198913
6922,0.0766929575
6923,0.0916188087
6924,0.0970685658
6925,0.2174256548
6926,0.0242197665
6927,0.1091819532
6928,0.0090103985
6929,0.0194821575
6930,0.0296631416
6931,0.0114913287
6932,0.0170362537
6933,0.2548009025
6934,0.1534526918
6935,0.0243112459
6936,0.1242771838
6937,0.0282049422
6938,0.0384864354
6939,0.0485153822
6940,0.0158823901
6941,0.2231295791
6942,0.0172061662
6943,0.0314087625
6944,0.0222060307
6945,0.2393734946
6946,0.2974252109
6947,0.0498945248
6948,0.0531544686
6949,0.2783581119
6950,0.1052471081
6951,0.0227299165
6952,0.0717920300
6953,0.0385388331
6954,0.0276590662
6955,0.1970934068
6956,0.2059615815
6957,0.1862744939
6958,0.0212455706
6959,0.0682435386
6960,0.0730986035
6961,0.0713067607
6962,0.0754959512
6963,0.0097841044
6964,0.0159570412
6965,0.0302359934
6966,0.1264271637
6967,0.0036201819
6968,0.0180400619
6969,0.2290996772
6970,0.0524019465
6971,0.1320346656
6972,0.1172822447
6973,0.0658250676
6974,0.1997514214
6975,0.0036771044
6976,0.0226710401
6977,0.3467177753
6978,0.1481930038
6979,0.0869864468
6980,0.1634093474
6981,0.0076644726
6982,0.1309904601
6983,0.1317543452
6984,0.0644067271
6985,0.0046568971
6986,0.0191024244
6987,0.0308930953
6988,0.0370105614
6989,0.0340419875
6990,0.1438638124
6991,0.0757860466
6992,0.0198206050
6993,0.0722155083
6994,0.0430318344
6995,0.1266279109
6996,0.0431632016
6997,0.1200705381
6998,0.0240246619
6999,0.1095202261
7000,0.0125207490
7001,0.1197374262
7002,0.0315181241
7003,0.0087224487
7004,0.0302175128
7005,0.0354145649
7006,0.0077581121
7007,0.0380599116
7008,0.1354867046
7009,0.1627585724
7010,0.1284985199
7011,0.0670817391
7012,0.1865458377
7013,0.1203849749
7014,0.0350099654
7015,0.0713336342
7016,0.0962100646
7017,0.0983834337
7018,0.0379832994
7019,0.0165922175
7020,0.0882850465
7021,0.0179662912
7022,0.0929092851
7023,0.0134726156
7024,0.1332314038
7025,0.0730640108
7026,0.0299580653
7027,0.1337375517
7028,0.1163133486
7029,0.0197101322
7030,0.0794207383
7031,0.0171831773
7032,0.1113939400
7033,0.0712880607
7034,0.0172365046
7035,0.1137924566
7036,0.0197483431
7037,0.0949862256
7038,0.0326889148
7039,0.0274485033
7040,0.1741730895
7041,0.0873451969
7042,0.0536786333
7043,0.0114590250
7044,0.0151249557
7045,0.0827839882
7046,0.0785203708
7047,0.0146161635
7048,0.0854023438
7049,0.1104889901
7050,0.0329143342
7051,0.1512287514
7052,0.0958939485
7053,0.1057524209
7054,0.0255239967
7055,0.0103028779
7056,0.0241224108
7057,0.0294549421
7058,0.0556756676
7059,0.0117924728
7060,0.0554301134
7061,0.1075396095
7062,0.0833665500
7063,0.0475985352
7064,0.0300722233
7065,0.1621582753
7066,0.0279527717
7067,0.1982243105
7068,0.0997345896
7069,0.0755777915
7070,0.0308212843
7071,0.0110352502
7072,0.0450105062
7073,0.0052090803
7074,0.0174121003
7075,0.0339477182
7076,0.0281982722
7077,0.2470078724
7078,0.2043937172
7079,0.0373047056
7080,0.0756590267
7081,0.0979259597
7082,0.1168844536
7083,0.0185184623
7084,0.0110322738
7085,0.2870711608
7086,0.1001295199
7087,0.1188191213
7088,0.1020982586
7089,0.0906868748
7090,0.0340016341
7091,0.0138839382
7092,0.0219621270
7093,0.0145320390
7094,0.0214779081
7095,0.0317687113
7096,0.0302580665
7097,0.0223424983
7098,0.0845909998
7099,0.1969488075
7100,0.0889518770
7101,0.0821414961
7102,0.0312525265
7103,0.0067182686
7104,0.0772101280
7105,0.0260715395
7106,0.0333051742
7107,0.0632203270
7108,0.0866179643
7109,0.0834961110
7110,0.1294573562
7111,0.0171977392
7112,0.0442295219
7113,0.0104590648
7114,0.2160543118
7115,0.0119751738
7116,0.1314676463
7117,0.1954059126
7118,0.0472508054
7119,0.1160672467
7120,0.0032842256
7121,0.0111074311
7122,0.1328944077
7123,0.0232678785
7124,0.1572439304
7125,0.0571078531
7126,0.0355410767
7127,0.0270694184
7128,0.1426426041
7129,0.3158409247
7130,0.2077131787
7131,0.0721296641
7132,0.0296084115
7133,0.3995686041
7134,0.0172337554
7135,0.0693296422
7136,0.0646077459
7137,0.2891974836
7138,0.0171263050
7139,0.0184999067
7140,0.0249211164
7141,0.0699540356
7142,0.0324335935
7143,0.0688579215
7144,0.0475243788
7145,0.1063625646
7146,0.0837805585
7147,0.2694637403
7148,0.0116720465
7149,0.1649110289
7150,0.0134054824
7151,0.0102703563
7152,0.0121458435
7153,0.0173117112
7154,0.0104587073
7155,0.0249356128
7156,0.0619454486
7157,0.0652897705
7158,0.1191601750
7159,0.0591161051
7160,0.0150145152
7161,0.0222213647
7162,0.0495168217
7163,0.0244405503
7164,0.1019262801
7165,0.0051239730
7166,0.2443903772
7167,0.1343174692
7168,0.0640992690
7169,0.0300896586
7170,0.1969935372
7171,0.1312650041
7172,0.0800591666
7173,0.4103413543
7174,0.0596129016
7175,0.0421798693
7176,0.1523875356
7177,0.0275342601
7178,0.0476063247
7179,0.0443204359
7180,0.1086564968
7181,0.1963007526
7182,0.0720136117
7183,0.0872280690
7184,0.1402721543
7185,0.0852538742
7186,0.0105615407
7187,0.0079893582
7188,0.0392072686
7189,0.0326548780
7190,0.0074260368
7191,0.3150009704
7192,0.0928234655
7193,0.0031720838
7194,0.0430371285
7195,0.1118232888
7196,0.0147089232
7197,0.0390464193
7198,0.0148711056
7199,0.1554675711
7200,0.0118015461
7201,0.0218235287
7202,0.0402436295
7203,0.0039255534
7204,0.0842526212
7205,0.2314594777
7206,0.0420125900
7207,0.0744638552
7208,0.1064171164
7209,0.2756923919
7210,0.4492702821
7211,0.0411017727
7212,0.1035047511
7213,0.0646262616
7214,0.0394248105
7215,0.1302910896
7216,0.0230286330
7217,0.0217211419
7218,0.0945154773
7219,0.0547046504
7220,0.2406250094
7221,0.0340525244
7222,0.0781645949
7223,0.0886574903
7224,0.0580957117
7225,0.0257738939
7226,0.0045797520
7227,0.0745503239
7228,0.1601711177
7229,0.0605862161
7230,0.1827795220
7231,0.1533367267
7232,0.0523977586
7233,0.0134346462
7234,0.0143634219
7235,0.0201774492
7236,0.1030444292
7237,0.0476132001
7238,0.2397712121
7239,0.2756370889
7240,0.2240073543
7241,0.0251616600
7242,0.0800393795
7243,0.0168815540
7244,0.0080185504
7245,0.2233426602
7246,0.0415535681
7247,0.1356941458
7248,0.0867084238
7249,0.1495087129
7250,0.0897621739
7251,0.0280671616
7252,0.1560599061
7253,0.0276719068
7254,0.0456033871
7255,0.0338842844
7256,0.3262500643
7257,0.0086910445
7258,0.1730649441
7259,0.0487489009
7260,0.0175066586
7261,0.0129582054
7262,0.1357338979
7263,0.0187805952
7264,0.0745220682
7265,0.0352240681
7266,0.0725196630
7267,0.0190534949
7268,0.1674765258
7269,0.0127378653
7270,0.0236470114
7271,0.0365169334
7272,0.2513544690
7273,0.0190605273
7274,0.1960051163
7275,0.0101497267
7276,0.0124479905
7277,0.0361142110
7278,0.2815408189
7279,0.2467262821
7280,0.0464470353
7281,0.0311109427
7282,0.1114243108
7283,0.0269734775
7284,0.2474872835
7285,0.1301467256
7286,0.1415100323
7287,0.0452239894
7288,0.0726805531
7289,0.0284450658
7290,0.2884727132
7291,0.1210366252
7292,0.0318429890
7293,0.0152471111
7294,0.0397340578
7295,0.0335379641
7296,0.0365049165
7297,0.0266434665
7298,0.0750207091
7299,0.0661387973
7300,0.0297909207
7301,0.0449228137
7302,0.0812531992
7303,0.0075134491
7304,0.0719050745
7305,0.0335637846
7306,0.0098797235
7307,0.3830537829
7308,0.0120119184
7309,0.0451463134
7310,0.0114267347
7311,0.0253009696
7312,0.1039909560
7313,0.2336060197
7314,0.0547423817
7315,0.1029424354
7316,0.1256692819
7317,0.0155852354
7318,0.0189849880
7319,0.0231980187
7320,0.0027894576
7321,0.1973943474
7322,0.0100713101
7323,0.0060651699
7324,0.0875489619
7325,0.0102018438
7326,0.0330302630
7327,0.2136522722
7328,0.1246233815
7329,0.0773475336
7330,0.0656204573
7331,0.0540886371
7332,0.0351641492
7333,0.0677651575
7334,0.0447901419
7335,0.0226130570
7336,0.1423949293
7337,0.0382849295
7338,0.1170515254
7339,0.1335843168
7340,0.1225464673
7341,0.0970792362
7342,0.1083181322
7343,0.1561841027
7344,0.0195354176
7345,0.0367972928
7346,0.0073670117
7347,0.0623843625
7348,0.0204541676
7349,0.0383075145
7350,0.0464314139
7351,0.0602311009
7352,0.3671672715
7353,0.2369262476
7354,0.0344306266
7355,0.0127797549
7356,0.0427601358
7357,0.0084016966
7358,0.1457750362
7359,0.0559069339
7360,0.0286945539
7361,0.1578261256
7362,0.0765761316
7363,0.0185178631
7364,0.0178227639
7365,0.0553243768
7366,0.0672100933
7367,0.1459817959
7368,0.0099663988
7369,0.0273621255
7370,0.0745384874
7371,0.0953696367
7372,0.0737941848
7373,0.1416054024
7374,0.0675353872
7375,0.0256644787
7376,0.0049518310
7377,0.0265540205
7378,0.1369940209
7379,0.0861835947
7380,0.0195975325
7381,0.0745201969
7382,0.3043967462
7383,0.0502358795
7384,0.0780474587
7385,0.1298226124
7386,0.0188579048
7387,0.0633280066
7388,0.0072925898
7389,0.1113045198
7390,0.2118043965
7391,0.0524326223
7392,0.2300620897
7393,0.0145448206
7394,0.1978359045
7395,0.1906561282
7396,0.0178370602
7397,0.0300546462
7398,0.0431665225
7399,0.1139744488
7400,0.1345078008
7401,0.1767285878
7402,0.0480043185
7403,0.0661411280
7404,0.0240091599
7405,0.0422292371
7406,0.0468559222
7407,0.0998193902
7408,0.0450112547
7409,0.0165297267
7410,0.0789506226
7411,0.2800537994
7412,0.0101351063
7413,0.0364829967
7414,0.1252107502
7415,0.0156000761
7416,0.0291017400
7417,0.1271622390
7418,0.1848160395
7419,0.1678906806
7420,0.1970721406
7421,0.1855322802
7422,0.0639800798
7423,0.1756767527
7424,0.0175874530
7425,0.0326639300
7426,0.0071537427
7427,0.0064020741
7428,0.0216569834
7429,0.0727618456
7430,0.1297821445
7431,0.0648955478
7432,0.0395431128
7433,0.0058824605
7434,0.0300282641
7435,0.0345887236
7436,0.0278908568
7437,0.0699842326
7438,0.1681817804
7439,0.0228182439
7440,0.0094079550
7441,0.1349465158
7442,0.0635073725
7443,0.4621259748
7444,0.0705990237
7445,0.0375157346
7446,0.0284786056
7447,0.0352321172
7448,0.0642570107
7449,0.2456303820
7450,0.0187314819
7451,0.0248578532
7452,0.0595230047
7453,0.0937499549
7454,0.0332547968
7455,0.0967550184
7456,0.2020318399
7457,0.0887911541
7458,0.1910526205
7459,0.0249767610
7460,0.0479994026
7461,0.0847336810
7462,0.2122494419
7463,0.0899717233
7464,0.0569344579
7465,0.0644548778
7466,0.1017241653
7467,0.0224480102
7468,0.1662137408
7469,0.1116561706
7470,0.0781587423
7471,0.0559824339
7472,0.1384538389
7473,0.0356556125
7474,0.1855945484
7475,0.0228004616
7476,0.2080775164
7477,0.1183370826
7478,0.0746627836
7479,0.1335680265
7480,0.0613147774
7481,0.0190126500
7482,0.0232652776
7483,0.1024829115
7484,0.0533486838
7485,0.0041382718
7486,0.1168999878
7487,0.1551577951
7488,0.0078311009
7489,0.0547874510
7490,0.0898869689
7491,0.0273606917
7492,0.0222378079
7493,0.0734917323
7494,0.0420386533
7495,0.0398884854
7496,0.0185744584
7497,0.0090186859
7498,0.0762860503
7499,0.1088282593
7500,0.0428462988
7501,0.0283201952
7502,0.0279327807
7503,0.0057673798
7504,0.2600745499
7505,0.0190626609
7506,0.1285654172
7507,0.0295869093
7508,0.3543955604
7509,0.0861488106
7510,0.1085155414
7511,0.0316158731
7512,0.2174585388
7513,0.0621298886
7514,0.0554660811
7515,0.1480874393
7516,0.0779931668
7517,0.0505935769
7518,0.0061220433
7519,0.0206526519
7520,0.3047338616
7521,0.0158235145
7522,0.1127818339
7523,0.0786488539
7524,0.0432027344
7525,0.0453774903
7526,0.1100506814
7527,0.0811931790
7528,0.0424560755
7529,0.0092553344
7530,0.0671020429
7531,0.0638912239
7532,0.0366823949
7533,0.0899182795
7534,0.1280138604
7535,0.0329866344
7536,0.0662713138
7537,0.1405329115
7538,0.0163154706
7539,0.0869437208
7540,0.0279802502
7541,0.0771881238
7542,0.1531366762
7543,0.0505412203
7544,0.1862821542
7545,0.0295908765
7546,0.0188080057
7547,0.2053883934
7548,0.1214054797
7549,0.0212085889
7550,0.0238544098
7551,0.0106961713
7552,0.0694024458
7553,0.0572292067
7554,0.0098892542
7555,0.3399142926
7556,0.2125459973
7557,0.0305180483
7558,0.0267686241
7559,0.1477255749
7560,0.3492683691
7561,0.2431407065
7562,0.2795660202
7563,0.1105532971
7564,0.0144862932
7565,0.0125885734
7566,0.0176291452
7567,0.0396607644
7568,0.2489842400
7569,0.0609573235
7570,0.0190026632
7571,0.0153769664
7572,0.0803125235
7573,0.0227964469
7574,0.0359651554
7575,0.3886414115
7576,0.0549860692
7577,0.0683313515
7578,0.1405704812
7579,0.0351930340
7580,0.1446113201
7581,0.0224687705
7582,0.0288734839
7583,0.0403434041
7584,0.0281978868
7585,0.0650203980
7586,0.0496870697
7587,0.1508677424
7588,0.1043956766
7589,0.0509385118
7590,0.0800504971
7591,0.0641347323
7592,0.1971358002
7593,0.0130049308
7594,0.0427277765
7595,0.3520791403
7596,0.1824695109
7597,0.0261687564
7598,0.2427911704
7599,0.0725608944
7600,0.1233295231
7601,0.0727168635
7602,0.0936425025
7603,0.1837862771
7604,0.0207350699
7605,0.0162652720
7606,0.0556281638
7607,0.0157493342
7608,0.1703626180
7609,0.1932794154
7610,0.1655347979
7611,0.2371255093
7612,0.0389411975
7613,0.0232914625
7614,0.0682663794
7615,0.0583456326
7616,0.1203157666
7617,0.0597509647
7618,0.0513241036
7619,0.1189057670
7620,0.0099437019
7621,0.0919448963
7622,0.0328900851
7623,0.0418523993
7624,0.0598837178
7625,0.0204074026
7626,0.0208494274
7627,0.0839315991
7628,0.1361092189
7629,0.2971399661
7630,0.0928642737
7631,0.1630834631
7632,0.1895525428
7633,0.0260409767
7634,0.1802996377
7635,0.0127927619
7636,0.3309509732
7637,0.0039317699
7638,0.0088166644
7639,0.3867035524
7640,0.0350526356
7641,0.0301881715
7642,0.0724909622
7643,0.0395077622
7644,0.1031796442
7645,0.0163818034
7646,0.3067828363
7647,0.1191243636
7648,0.0165389976
7649,0.0900008957
7650,0.0513650402
7651,0.0649207402
7652,0.0754377900
7653,0.0461684614
7654,0.0415434354
7655,0.0168329166
7656,0.0578508684
7657,0.0426102853
7658,0.0855676466
7659,0.0626823766
7660,0.0713168763
7661,0.0107019851
7662,0.0252736188
7663,0.0648677363
7664,0.0890903949
7665,0.0422667938
7666,0.2382844815
7667,0.1755802456
7668,0.0168488633
7669,0.0594614310
7670,0.2487353045
7671,0.0629531827
7672,0.2048165148
7673,0.1989647893
7674,0.0041647878
7675,0.0496163156
7676,0.0429450443
7677,0.0684997767
7678,0.1007811048
7679,0.0807201759
7680,0.0165027068
7681,0.2630900131
7682,0.0094158017
7683,0.0090018603
7684,0.0955294517
7685,0.0103442303
7686,0.0298418591
7687,0.0085592671
7688,0.0174922131
7689,0.0398743919
7690,0.0213077198
7691,0.0740669392
7692,0.0621867270
7693,0.0126364012
7694,0.0951976896
7695,0.1114312138
7696,0.0942923667
7697,0.0373799612
7698,0.0093951003
7699,0.0425514207
7700,0.0089608633
7701,0.0846645253
7702,0.0848581186
7703,0.0679549102
7704,0.1684587300
7705,0.0747986180
7706,0.0559452132
7707,0.1363143729
7708,0.0092657151
7709,0.0759840859
7710,0.0161857206
7711,0.0061704366
7712,0.0711129018
7713,0.3081265044
7714,0.0177120294
7715,0.0478200460
7716,0.0609107878
7717,0.1082159415
7718,0.0033942738
7719,0.2796550301
7720,0.2935593992
7721,0.0334325938
7722,0.0349956868
7723,0.1619695113
7724,0.0236173075
7725,0.0580240592
7726,0.0030742400
7727,0.0182726766
7728,0.0726262502
7729,0.0591994695
7730,0.0159214431
7731,0.1883043654
7732,0.0516457630
7733,0.0255283686
7734,0.1190461476
7735,0.0472146670
7736,0.0300480463
7737,0.0967695128
7738,0.0331909869
7739,0.0352687604
7740,0.0103895137
7741,0.0336758586
7742,0.0384909236
7743,0.1028197947
7744,0.0177892997
7745,0.0212894666
7746,0.0530202752
7747,0.2781988198
7748,0.0247507146
7749,0.2508240030
7750,0.2032581002
7751,0.0086649369
7752,0.0400221145
7753,0.0708095974
7754,0.0444133899
7755,0.2290892978
7756,0.0846049508
7757,0.0533823234
7758,0.1738713161
7759,0.0233196095
7760,0.0180930337
7761,0.3373883235
7762,0.1504244966
7763,0.0822695378
7764,0.1613720809
7765,0.0733200811
7766,0.0064626525
7767,0.0061061730
7768,0.0419386859
7769,0.0919049318
7770,0.0216222146
7771,0.3106234799
7772,0.0823642037
7773,0.1243145743
7774,0.0442936800
7775,0.0109028905
7776,0.0360349184
7777,0.0200490985
7778,0.0197600399
7779,0.0338186747
7780,0.0294381231
7781,0.0225972018
7782,0.0822525602
7783,0.0810026895
7784,0.0553827018
7785,0.0780131875
7786,0.0582765750
7787,0.0329059640
7788,0.0705405449
7789,0.0869094429
7790,0.2066611007
7791,0.2156664718
7792,0.0073900021
7793,0.0617795830
7794,0.1767885223
7795,0.0327723817
7796,0.0089410577
7797,0.2247984196
7798,0.0498429251
7799,0.2111647794
7800,0.1517014864
7801,0.0553456450
7802,0.0690622484
7803,0.2658651285
7804,0.0571840316
7805,0.0497598446
7806,0.0137054588
7807,0.1358728798
7808,0.1138178598
7809,0.0388071441
7810,0.0914359167
7811,0.0882185691
7812,0.0194561625
7813,0.0275434955
7814,0.1004171768
7815,0.0184300833
7816,0.1120900944
7817,0.1278969596
7818,0.1057767149
7819,0.0172898460
7820,0.0825365442
7821,0.0220052693
7822,0.1715448621
7823,0.0416831970
7824,0.0805113237
7825,0.0618882047
7826,0.0774657452
7827,0.0593250609
7828,0.0623583384
7829,0.1036139909
7830,0.0632864824
7831,0.0583707498
7832,0.0757449424
7833,0.0697629424
7834,0.0569232987
7835,0.0307975345
7836,0.0438195331
7837,0.0936268695
7838,0.2301567073
7839,0.0131498133
7840,0.0462389793
7841,0.0364300408
7842,0.0092017250
7843,0.0077846047
7844,0.0938832855
7845,0.0661602715
7846,0.0314840543
7847,0.2115227759
7848,0.0299902323
7849,0.0729446858
7850,0.1169874877
7851,0.0210772054
7852,0.0733863120
7853,0.0644272461
7854,0.1033890374
7855,0.0373110251
7856,0.0651849686
7857,0.0051691597
7858,0.0714362837
7859,0.0051113412
7860,0.0346987087
7861,0.0292902383
7862,0.1008832211
7863,0.1469863304
7864,0.1001296174
7865,0.0403673842
7866,0.0235742152
7867,0.3377577901
7868,0.0125464074
7869,0.1421098495
7870,0.0065180899
7871,0.0265903893
7872,0.1755688283
7873,0.0644509246
7874,0.0486339435
7875,0.0252371205
7876,0.0318321557
7877,0.0982443082
7878,0.1008321249
7879,0.0238448826
7880,0.0060544153
7881,0.0343671492
7882,0.0238926560
7883,0.0290150207
7884,0.0474615391
7885,0.3161286138
7886,0.0189932032
7887,0.0239248022
7888,0.0556205997
7889,0.1475356887
7890,0.0136351589
7891,0.0744358758
7892,0.0458429337
7893,0.1706961927
7894,0.0136915867
7895,0.0279543033
7896,0.0060046286
7897,0.1220003162
7898,0.0132668147
7899,0.0735692994
7900,0.2323475913
7901,0.0782958806
7902,0.0429223236
7903,0.0217836080
7904,0.0208563482
7905,0.0155793561
7906,0.0203158027
7907,0.0169997202
7908,0.0569148671
7909,0.1179536043
7910,0.0185648327
7911,0.0263109511
7912,0.0686895342
7913,0.1353016674
7914,0.0880459588
7915,0.0539360061
7916,0.0486126334
7917,0.0216238033
7918,0.0038476160
7919,0.1187123158
7920,0.0592250213
7921,0.0124706172
7922,0.0213480541
7923,0.0220345083
7924,0.0066927776
7925,0.0308197725
7926,0.1994668445
7927,0.1126829895
7928,0.0132314428
7929,0.0337757950
7930,0.0410755142
7931,0.0090989289
7932,0.0649321743
7933,0.0615391519
7934,0.0285553604
7935,0.0124733976
7936,0.0565010501
7937,0.0099183062
7938,0.0443034805
7939,0.1096040159
7940,0.0304052295
7941,0.0233851125
7942,0.0134306585
7943,0.1888644320
7944,0.0111111235
7945,0.1509398748
7946,0.0341913944
7947,0.1119634994
7948,0.1838390517
7949,0.0357460424
7950,0.1894665326
7951,0.0159311663
7952,0.0105582987
7953,0.0657436244
7954,0.0330546176
7955,0.0306166738
7956,0.1253826120
7957,0.1869382334
7958,0.0776700599
7959,0.0309258856
7960,0.0191126331
7961,0.0637982748
7962,0.3260358814
7963,0.2929832743
7964,0.0167687383
7965,0.0080141784
7966,0.0306903121
7967,0.0273124265
7968,0.0442511733
7969,0.0210916071
7970,0.0229190917
7971,0.3090766021
7972,0.1971153514
7973,0.0156859948
7974,0.1092207388
7975,0.1145803372
7976,0.1424199877
7977,0.0630257192
7978,0.0287659414
7979,0.0139332576
7980,0.2060604587
7981,0.2263834664
7982,0.1412931330
7983,0.0184009086
7984,0.0299663423
7985,0.2275748812
7986,0.0303142208
7987,0.0332158810
7988,0.0133489334
7989,0.0121724807
7990,0.1277250605
7991,0.0364909026
7992,0.0625573894
7993,0.0079740774
7994,0.1600809957
7995,0.0881852688
7996,0.0481740971
7997,0.0438053900
7998,0.0831750531
7999,0.0297513572
8000,0.0275315762
8001,0.0107527683
8002,0.1313407619
8003,0.0625373141
8004,0.1702865068
8005,0.0793864063
8006,0.0948744291
8007,0.0397811569
8008,0.0859404764
8009,0.0193196799
8010,0.0050682308
8011,0.0561801527
8012,0.0300923339
8013,0.0344423044
8014,0.0442330370
8015,0.0154799586
8016,0.0433779417
8017,0.2475319825
8018,0.0191478632
8019,0.0886179610
8020,0.1903067020
8021,0.0741110821
8022,0.0326982346
8023,0.0772549833
8024,0.0247647510
8025,0.0366127056
8026,0.0388716175
8027,0.0133064126
8028,0.0114051943
8029,0.0405739823
8030,0.0215769044
8031,0.0723148878
8032,0.0214048694
8033,0.2938232478
8034,0.0266326933
8035,0.0081005172
8036,0.0144313380
8037,0.0358545932
8038,0.0458910641
8039,0.1451907060
8040,0.1119747668
8041,0.0133286468
8042,0.0388866400
8043,0.0182421686
8044,0.2319051760
8045,0.2638707845
8046,0.0362001415
8047,0.0156010247
8048,0.0084867125
8049,0.0794134724
8050,0.0933027872
8051,0.0118212936
8052,0.0203855729
8053,0.0229796989
8054,0.0188807334
8055,0.0152458650
8056,0.0831687799
8057,0.0157620245
8058,0.0346431536
8059,0.0096754701
8060,0.0419430773
8061,0.0969136409
8062,0.0702438613
8063,0.0073898247
8064,0.0588447625
8065,0.0199878597
8066,0.2196063778
8067,0.0349019174
8068,0.0781931754
8069,0.0280969207
8070,0.0206442452
8071,0.1651115664
8072,0.0330816068
8073,0.0356619848
8074,0.1266332289
8075,0.0290839443
8076,0.0841478902
8077,0.1925448633
8078,0.0619666726
8079,0.0102337698
8080,0.0269941202
8081,0.0479597707
8082,0.0061708986
8083,0.0103769213
8084,0.0115113412
8085,0.0232877812
8086,0.0597801964
8087,0.0549701798
8088,0.1426405940
8089,0.0189777503
8090,0.1062832436
8091,0.0142799691
8092,0.0913888697
8093,0.0679099367
8094,0.0830881716
8095,0.0518673045
8096,0.0433958661
8097,0.3194463884
8098,0.0370361634
8099,0.0272541001
8100,0.1205383073
8101,0.0126682921
8102,0.0736961044
8103,0.0609793449
8104,0.0457304364
8105,0.0296915283
8106,0.1645629872
8107,0.1753734806
8108,0.2633477648
8109,0.0213193213
8110,0.0266953083
8111,0.0658249611
8112,0.1122083881
8113,0.0320843398
8114,0.1003990863
8115,0.0655171376
8116,0.1196365982
8117,0.0926102315
8118,0.0216812556
8119,0.0366037862
8120,0.0284765561
8121,0.4300873731
8122,0.0634088697
8123,0.0050356886
8124,0.0869133865
8125,0.0625226307
8126,0.0604711916
8127,0.0482881074
8128,0.0196634542
8129,0.0172511810
8130,0.0334382639
8131,0.0315845240
8132,0.0233724788
8133,0.0058071609
8134,0.0065847554
8135,0.0189315606
8136,0.0999917138
8137,0.0356701084
8138,0.0855300193
8139,0.0129662529
8140,0.0817706008
8141,0.1501496134
8142,0.0134122467
8143,0.0902204154
8144,0.1242483702
8145,0.0331826667
8146,0.0343648971
8147,0.2457693426
8148,0.0088568231
8149,0.0107314056
8150,0.0100346446
8151,0.0648765333
8152,0.0561009173
8153,0.1048616848
8154,0.0228994444
8155,0.0184834674
8156,0.2039078921
8157,0.0793741121
8158,0.0251964485
8159,0.0412736462
8160,0.0193331722
8161,0.0092496215
8162,0.0127686018
8163,0.0674617631
8164,0.0848076733
8165,0.0927857029
8166,0.0528417215
8167,0.0471337841
8168,0.0562859321
8169,0.1116092560
8170,0.0308373936
8171,0.0163414415
8172,0.0923035787
8173,0.0691286710
8174,0.0258150625
8175,0.0464961722
8176,0.0240247860
8177,0.0289085840
8178,0.1051114481
8179,0.0401414706
8180,0.0159520747
8181,0.0193833467
8182,0.1114319289
8183,0.1031359719
8184,0.0451836969
8185,0.0170249849
8186,0.1276200693
8187,0.0916344726
8188,0.0331253306
8189,0.0246109035
8190,0.2024152290
8191,0.0459892873
8192,0.0680465320
8193,0.0266518682
8194,0.0324363120
8195,0.0978627104
8196,0.2028872682
8197,0.2433914380
8198,0.1030763959
8199,0.0451968030
8200,0.0362355451
8201,0.0925343638
8202,0.1230507237
8203,0.0466064209
8204,0.0804292371
8205,0.0750850249
8206,0.0073411241
8207,0.0472554874
8208,0.0217236393
8209,0.3126989625
8210,0.1381098501
8211,0.2755482263
8212,0.0103082970
8213,0.0175407694
8214,0.2973860547
8215,0.0409993487
8216,0.0086290870
8217,0.3152377318
8218,0.0123511863
8219,0.1017270159
8220,0.1645800938
8221,0.0988612475
8222,0.0537446383
8223,0.0135479216
8224,0.0775688610
8225,0.0798338172
8226,0.1526772444
8227,0.0604194072
8228,0.0444128247
8229,0.0386947524
8230,0.1136491426
8231,0.0252318766
8232,0.1152424965
8233,0.0622536355
8234,0.1854575662
8235,0.0273428928
8236,0.0506643820
8237,0.0141220169
8238,0.0037953464
8239,0.0932348520
8240,0.0054427924
8241,0.1329623409
8242,0.0376714637
8243,0.0313389671
8244,0.1163726459
8245,0.0439557532
8246,0.2178472810
8247,0.0304685904
8248,0.1102417462
8249,0.2128989662
8250,0.0499177456
8251,0.0236637224
8252,0.1728938928
8253,0.1479297208
8254,0.0243404846
8255,0.1745724473
8256,0.0694268635
8257,0.1037016004
8258,0.0745074467
8259,0.0302366223
8260,0.0095623072
8261,0.2297042130
8262,0.0623667642
8263,0.0506079838
8264,0.0076386579
8265,0.0139165965
8266,0.0117586843
8267,0.0100759724
8268,0.0239337959
8269,0.0124468318
8270,0.0134969819
8271,0.0187912401
8272,0.1492387233
8273,0.0167520610
8274,0.1092055364
8275,0.2874408046
8276,0.1293681624
8277,0.0387588701
8278,0.0467261806
8279,0.0636432494
8280,0.0500749508
8281,0.0323942960
8282,0.0221733129
8283,0.0209920789
8284,0.0195264229
8285,0.1664981028
8286,0.0512134220
8287,0.0400470173
8288,0.2149658094
8289,0.0112098987
8290,0.2584907715
8291,0.1151378860
8292,0.0406030895
8293,0.0185649857
8294,0.0144260133
8295,0.0195954010
8296,0.1209888108
8297,0.0596311467
8298,0.0232591290
8299,0.3198384220
8300,0.0538892711
8301,0.1791424496
8302,0.0390401456
8303,0.0234058025
8304,0.0995381360
8305,0.0150660869
8306,0.0488708628
8307,0.0116825965
8308,0.0161377214
8309,0.1042453864
8310,0.0110520687
8311,0.1894654004
8312,0.0553185239
8313,0.0411634976
8314,0.0122503805
8315,0.0622450446
8316,0.2111941759
8317,0.2272030217
8318,0.0956525016
8319,0.0607738128
8320,0.0520968817
8321,0.0199545041
8322,0.0147316534
8323,0.0482034326
8324,0.1279598457
8325,0.0294625235
8326,0.1663689627
8327,0.2759536030
8328,0.0105810169
8329,0.0178172492
8330,0.0294184212
8331,0.1265926893
8332,0.0356857225
8333,0.0291493028
8334,0.0216430980
8335,0.0388415710
8336,0.0702626402
8337,0.0125062252
8338,0.1648769473
8339,0.0311676198
8340,0.0147049617
8341,0.1922300753
8342,0.1552389470
8343,0.0236967148
8344,0.0052169064
8345,0.0904283748
8346,0.0168708297
8347,0.0940514613
8348,0.1849143255
8349,0.0410638528
8350,0.0240153181
8351,0.0966578027
8352,0.0670143239
8353,0.0325449847
8354,0.1457635974
8355,0.0192293203
8356,0.0494524211
8357,0.1021652927
8358,0.0367774760
8359,0.0301060740
8360,0.1553726813
8361,0.0209304579
8362,0.0223885251
8363,0.0181699829
8364,0.0254836549
8365,0.0358382035
8366,0.0743480537
8367,0.0569102637
8368,0.0385662577
8369,0.0191574036
8370,0.0321707096
8371,0.0391266797
8372,0.0582252750
8373,0.2251197531
8374,0.1156651856
8375,0.0266975367
8376,0.0606961484
8377,0.0061205634
8378,0.3194601749
8379,0.3533752994
8380,0.0708489718
8381,0.0955716268
8382,0.0618257446
8383,0.0329649016
8384,0.0045264294
8385,0.2312727961
8386,0.2094980391
8387,0.0471098840
8388,0.0254494782
8389,0.0832228061
8390,0.3204986901
8391,0.0071245706
8392,0.0266129267
8393,0.0408714427
8394,0.0144189650
8395,0.0106319530
8396,0.1945426380
8397,0.0445634210
8398,0.2365076730
8399,0.0828852341
8400,0.0305759494
8401,0.0642348501
8402,0.0286855949
8403,0.0196297473
8404,0.0113837583
8405,0.0192696005
8406,0.1454898115
8407,0.0185699257
8408,0.0794320081
8409,0.1104311857
8410,0.1830987342
8411,0.1875049478
8412,0.1194698174
8413,0.0712637900
8414,0.1179479257
8415,0.0610973871
8416,0.0365263981
8417,0.0350125358
8418,0.2276167572
8419,0.0119878037
8420,0.1133632380
8421,0.0971790028
8422,0.0418138782
8423,0.0810372687
8424,0.0075874150
8425,0.1237676034
8426,0.0961686792
8427,0.0113248380
8428,0.0427474525
8429,0.0450975325
8430,0.0114126669
8431,0.0533859258
8432,0.0278460486
8433,0.0253942816
8434,0.0125036498
8435,0.0192178650
8436,0.1781844294
8437,0.0690507185
8438,0.1729076080
8439,0.1696781875
8440,0.0492472176
8441,0.0158316561
8442,0.1891245541
8443,0.0521349383
8444,0.2073552381
8445,0.1210585105
8446,0.0262720882
8447,0.0734552099
8448,0.1461053790
8449,0.0649401914
8450,0.1171682818
8451,0.1556848742
8452,0.0701581817
8453,0.0649478643
8454,0.1649280150
8455,0.0220192104
8456,0.0310306061
8457,0.0034793809
8458,0.0427278401
8459,0.1155040022
8460,0.0216671307
8461,0.0260262084
8462,0.1587969993
8463,0.1662168609
8464,0.0262418867
8465,0.0136556232
8466,0.1530510270
8467,0.0799990511
8468,0.0203387480
8469,0.0174461702
8470,0.0721503335
8471,0.0713288514
8472,0.1180180058
8473,0.0300155958
8474,0.2042730348
8475,0.0718000730
8476,0.1023106633
8477,0.1362924790
8478,0.0423913008
8479,0.0124575274
8480,0.0628378816
8481,0.0273166957
8482,0.0314925267
8483,0.1704293976
8484,0.0290342769
8485,0.0161226987
8486,0.0769004951
8487,0.2608612190
8488,0.2703471447
8489,0.0232518144
8490,0.0334074190
8491,0.0906997357
8492,0.1638376600
8493,0.0575246347
8494,0.0314958718
8495,0.0824962297
8496,0.1140262447
8497,0.0103756055
8498,0.0093090957
8499,0.2808890399
8500,0.0880454484
8501,0.1872670912
8502,0.0281650315
8503,0.1130501931
8504,0.0646643545
8505,0.0105068455
8506,0.0370833479
8507,0.1968382135
8508,0.2515281877
8509,0.0134805025
8510,0.3120994023
8511,0.0343573712
8512,0.0849200074
8513,0.0272494860
8514,0.1530122191
8515,0.0415784026
8516,0.0093853588
8517,0.1120482375
8518,0.0155144559
8519,0.0178592565
8520,0.0226302840
8521,0.0853895876
8522,0.0618429557
8523,0.0064685992
8524,0.1311677671
8525,0.0246887967
8526,0.1417187044
8527,0.1206091526
8528,0.0058305909
8529,0.0263444351
8530,0.1010671684
8531,0.0983521377
8532,0.1152343345
8533,0.0461491902
8534,0.0254742595
8535,0.0713515707
8536,0.0794422567
8537,0.1370350017
8538,0.0560795484
8539,0.0307210209
8540,0.0296940386
8541,0.0281108056
8542,0.0127539752
8543,0.0524628762
8544,0.0878807697
8545,0.1046476363
8546,0.0317488209
8547,0.1333720150
8548,0.1678377058
8549,0.1080019861
8550,0.1050727991
8551,0.0346907230
8552,0.0498528267
8553,0.0172092787
8554,0.0367656091
8555,0.1217987791
8556,0.0585790179
8557,0.1043099866
8558,0.0149032625
8559,0.0413897862
8560,0.0288608945
8561,0.0659398770
8562,0.0275070575
8563,0.0216755858
8564,0.0915715633
8565,0.1972898586
8566,0.0594982537
8567,0.0654827332
8568,0.0704327398
8569,0.0271608339
8570,0.0869099833
8571,0.0710826388
8572,0.0674967642
8573,0.0088621293
8574,0.1010110504
8575,0.0034766501
8576,0.0429142151
8577,0.1044671644
8578,0.0388456457
8579,0.1235530724
8580,0.0170594001
8581,0.2061983068
8582,0.0206246601
8583,0.1586891107
8584,0.1053725419
8585,0.3840212604
8586,0.0388451134
8587,0.1179784287
8588,0.0068923205
8589,0.1554135048
8590,0.0199218262
8591,0.0280477385
8592,0.0092542698
8593,0.0301461083
8594,0.1397554709
8595,0.0254457751
8596,0.0485374780
8597,0.1158279488
8598,0.0494602075
8599,0.0238619250
8600,0.0288941080
8601,0.1176171861
8602,0.0054817804
8603,0.2280874587
8604,0.1045361734
8605,0.0450846772
8606,0.0136283084
8607,0.0087441095
8608,0.0490896896
8609,0.0862422871
8610,0.0371911886
8611,0.0150116757
8612,0.0683744994
8613,0.1749019465
8614,0.0336196751
8615,0.0082130442
8616,0.0488455561
8617,0.1296342347
8618,0.0038425522
8619,0.0226796811
8620,0.2038691518
8621,0.1138482466
8622,0.1221235403
8623,0.0103743194
8624,0.0831496431
8625,0.0099317911
8626,0.0715953748
8627,0.0567269425
8628,0.0976157193
8629,0.0370974399
8630,0.0078804078
8631,0.0554788656
8632,0.0881926991
8633,0.0788906159
8634,0.1472842586
8635,0.0215042062
8636,0.0312435291
8637,0.0332245286
8638,0.0920104826
8639,0.0197340492
8640,0.0098844625
8641,0.0202780597
8642,0.0180572581
8643,0.1762552303
8644,0.0781045745
8645,0.0733837566
8646,0.0426010434
8647,0.0105976575
8648,0.0519287381
8649,0.0201555151
8650,0.0352113052
8651,0.0072649703
8652,0.0291285542
8653,0.0251546514
8654,0.0119224003
8655,0.0077045250
8656,0.2838755234
8657,0.0129874676
8658,0.0101798812
8659,0.0137086823
8660,0.0313732895
8661,0.0057101513
8662,0.2218814483
8663,0.0907331892
8664,0.0226713508
8665,0.0392630842
8666,0.0344549795
8667,0.0179659289
8668,0.1774246978
8669,0.0418063139
8670,0.0206498769
8671,0.0529978522
8672,0.0057331646
8673,0.1853712680
8674,0.3356815617
8675,0.1343862422
8676,0.1408450178
8677,0.0229005033
8678,0.0124855486
8679,0.0238795016
8680,0.1014220186
8681,0.0466872650
8682,0.0912846549
8683,0.0420817441
8684,0.0173234443
8685,0.0350322555
8686,0.0906404409
8687,0.1428080267
8688,0.2633903060
8689,0.1325792403
8690,0.0471245900
8691,0.0716067236
8692,0.2103346840
8693,0.0294960862
8694,0.0444970778
8695,0.0199044470
8696,0.0063561117
8697,0.0114115207
8698,0.0610212583
8699,0.1913375317
8700,0.0310132908
8701,0.0159925896
8702,0.0065647291
8703,0.2493981911
8704,0.0091522070
8705,0.0903578536
8706,0.0651005647
8707,0.2619442294
8708,0.0536903558
8709,0.0463063729
8710,0.0358199038
8711,0.0738500895
8712,0.2401161376
8713,0.0361828973
8714,0.0999548640
8715,0.0323546248
8716,0.0085881479
8717,0.0589248576
8718,0.0756252313
8719,0.0673185712
8720,0.0495716445
8721,0.1182210066
8722,0.0042308062
8723,0.0246297461
8724,0.0812541287
8725,0.0916446743
8726,0.2883117096
8727,0.2442177751
8728,0.0422165147
8729,0.0584739881
8730,0.0361706275
8731,0.0785486976
8732,0.1453332479
8733,0.1095696348
8734,0.1909972763
8735,0.1629155710
8736,0.0127389275
8737,0.0116406566
8738,0.0262955346
8739,0.1104680209
8740,0.0110986718
8741,0.0668268057
8742,0.0059006594
8743,0.1136214586
8744,0.0206616796
8745,0.1207518503
8746,0.0774959500
8747,0.0068843402
8748,0.1326013335
8749,0.0290661276
8750,0.0223950057
8751,0.1063292448
8752,0.2117530850
8753,0.0159969193
8754,0.1543810987
8755,0.0836899834
8756,0.1535762760
8757,0.1697220589
8758,0.0118055507
8759,0.0620579983
8760,0.0052247010
8761,0.0520808315
8762,0.0057113697
8763,0.0158929007
8764,0.0059486174
8765,0.0196938032
8766,0.0261405789
8767,0.0810630168
8768,0.0271572698
8769,0.1336174056
8770,0.0223207052
8771,0.1011571927
8772,0.0414882621
8773,0.0139172988
8774,0.0331281977
8775,0.0215645229
8776,0.1017843253
8777,0.0617237116
8778,0.0305368226
8779,0.0356089640
8780,0.0880531117
8781,0.0238138090
8782,0.1461219314
8783,0.0711625588
8784,0.1295529412
8785,0.1807445961
8786,0.0468991408
8787,0.0691084467
8788,0.0120229184
8789,0.0508627136
8790,0.0335444060
8791,0.1411419787
8792,0.2974029689
8793,0.1585565613
8794,0.1563893709
8795,0.0194613594
8796,0.2131143040
8797,0.0197915513
8798,0.0265104449
8799,0.0120995284
8800,0.0409839399
8801,0.0171927061
8802,0.0209774856
8803,0.3123688519
8804,0.0067021994
8805,0.0120414281
8806,0.0599919511
8807,0.0342649166
8808,0.1126302088
8809,0.1643298611
8810,0.0273989483
8811,0.0689545695
8812,0.0890186574
8813,0.0165289259
8814,0.0524341007
8815,0.1317382992
8816,0.2609399279
8817,0.0157766350
8818,0.0468239494
8819,0.0100823304
8820,0.0232616089
8821,0.0585386397
8822,0.0222178012
8823,0.0135512700
8824,0.1254296315
8825,0.0082835807
8826,0.0354386297
8827,0.0778866606
8828,0.0060184448
8829,0.1345043515
8830,0.0782903460
8831,0.1350796309
8832,0.1084759593
8833,0.0806390907
8834,0.0966384684
8835,0.2345391666
8836,0.0253432944
8837,0.0432967560
8838,0.0694143062
8839,0.0386893209
8840,0.0521639126
8841,0.0126163105
8842,0.0494661024
8843,0.1596196314
8844,0.0446995580
8845,0.0983945160
8846,0.0416229658
8847,0.2555926476
8848,0.0173578103
8849,0.0265213928
8850,0.0150362822
8851,0.0254918704
8852,0.0472325725
8853,0.0381544253
8854,0.0166160225
8855,0.0314750908
8856,0.0909735655
8857,0.0162040231
8858,0.0058736338
8859,0.0468025915
8860,0.0372980910
8861,0.0528753706
8862,0.0617772070
8863,0.0063347197
8864,0.1186561965
8865,0.0974423183
8866,0.1218559810
8867,0.0234856109
8868,0.0145440820
8869,0.0287004611
8870,0.0540432522
8871,0.0138770082
8872,0.0454473156
8873,0.0396722714
8874,0.0190578896
8875,0.0025473453
8876,0.1800491851
8877,0.0859352520
8878,0.0093624647
8879,0.0938678339
8880,0.0385509813
8881,0.0121147617
8882,0.0090851771
8883,0.1114684461
8884,0.0713656155
8885,0.0041836063
8886,0.0889726252
8887,0.1219714491
8888,0.0761040687
8889,0.0462622615
8890,0.0538422914
8891,0.0734656833
8892,0.0114794108
8893,0.0133919473
8894,0.0111121443
8895,0.0856281889
8896,0.0305416937
8897,0.0271304372
8898,0.0307816743
8899,0.1721238780
8900,0.0733885734
8901,0.0403324797
8902,0.0131032729
8903,0.0401475630
8904,0.0932359469
8905,0.0540804265
8906,0.0572145165
8907,0.0184450597
8908,0.0360767854
8909,0.1467826336
8910,0.0295118561
8911,0.0592848851
8912,0.0105919176
8913,0.0775372665
8914,0.0351772369
8915,0.0697814256
8916,0.0263355501
8917,0.0252014160
8918,0.0516804511
8919,0.0699215656
8920,0.0109647118
8921,0.0667243108
8922,0.0580275725
8923,0.0288610429
8924,0.2279379047
8925,0.0493152906
8926,0.0743139980
8927,0.2803171072
8928,0.1216069936
8929,0.0908758524
8930,0.0610520679
8931,0.1102997609
8932,0.1438712612
8933,0.0760272932
8934,0.0506338654
8935,0.1153402951
8936,0.1440419661
8937,0.0744850373
8938,0.0091854720
8939,0.0373602624
8940,0.0335389082
8941,0.0124652975
8942,0.0174930727
8943,0.0319292686
8944,0.0129434816
8945,0.0238312772
8946,0.0297977977
8947,0.0896015943
8948,0.0667849454
8949,0.0238202400
8950,0.0535713349
8951,0.0596966026
8952,0.0192245359
8953,0.0225618882
8954,0.0353145641
8955,0.0168941875
8956,0.0401683481
8957,0.0539952280
8958,0.0116131881
8959,0.0244367471
8960,0.2771273249
8961,0.0542542543
8962,0.1321993204
8963,0.2464998583
8964,0.0130393813
8965,0.2005378081
8966,0.3642159815
8967,0.1200877763
8968,0.0698209965
8969,0.0244452445
8970,0.1763035793
8971,0.0161182701
8972,0.0335040243
8973,0.0960942895
8974,0.0429953735
8975,0.0986458363
8976,0.0129224861
8977,0.0257649993
8978,0.0103260903
8979,0.0115765438
8980,0.0283943022
8981,0.0587458236
8982,0.0533625149
8983,0.1201421186
8984,0.0127588402
8985,0.0626478288
8986,0.0098281876
8987,0.0885113075
8988,0.1296652031
8989,0.0524159191
8990,0.1252097565
8991,0.0449757538
8992,0.1304265657
8993,0.0559220570
8994,0.0851646481
8995,0.0084250141
8996,0.0354640312
8997,0.0579904529
8998,0.0411088110
8999,0.0264841294
9000,0.0607642351
9001,0.0349351639
9002,0.3191834844
9003,0.1854740576
9004,0.2238383344
9005,0.0341608629
9006,0.0139335450
9007,0.3063620787
9008,0.0211646905
9009,0.1420767269
9010,0.0398901442
9011,0.2683763861
9012,0.0266224950
9013,0.0684906171
9014,0.1519098600
9015,0.0454647099
9016,0.0638609252
9017,0.0788030377
9018,0.1851589731
9019,0.2041301444
9020,0.0242684563
9021,0.0192027042
9022,0.0164337859
9023,0.0345352987
9024,0.0365995574
9025,0.0198358323
9026,0.0556681275
9027,0.0262949587
9028,0.0708691362
9029,0.0748614901
9030,0.0836390601
9031,0.0499295885
9032,0.0831540147
9033,0.0699664836
9034,0.0988179913
9035,0.0751957990
9036,0.0400697520
9037,0.0280781912
9038,0.0877590416
9039,0.0175276158
9040,0.0294507714
9041,0.0122163107
9042,0.2404172812
9043,0.0146703502
9044,0.0401949751
9045,0.0089925042
9046,0.0196597786
9047,0.0419099563
9048,0.0491135742
9049,0.1709396377
9050,0.0161567949
9051,0.0225414407
9052,0.0890155918
9053,0.2673018817
9054,0.1525366240
9055,0.1077514324
9056,0.0134935323
9057,0.1112710624
9058,0.0223984362
9059,0.1634363199
9060,0.1281368660
9061,0.0064864427
9062,0.2077913436
9063,0.4608744991
9064,0.0414168143
9065,0.1058964036
9066,0.0308949955
9067,0.1053751310
9068,0.0160815822
9069,0.1098400729
9070,0.0247013430
9071,0.1851603285
9072,0.0303952980
9073,0.2203211234
9074,0.1023810392
9075,0.0509770861
9076,0.1180506770
9077,0.0130838637
9078,0.0257607078
9079,0.2297893176
9080,0.1200456664
9081,0.2636357997
9082,0.0272276297
9083,0.2265054066
9084,0.0136835747
9085,0.1301952377
9086,0.2469682547
9087,0.0332412285
9088,0.0521177025
9089,0.0891266302
9090,0.1907925835
9091,0.0412969445
9092,0.0918412387
9093,0.1039657394
9094,0.0157185811
9095,0.0185889821
9096,0.1152503535
9097,0.1069535419
9098,0.0331584867
9099,0.0694907554
9100,0.3548585327
9101,0.1206978318
9102,0.0874948130
9103,0.0937480716
9104,0.0026684126
9105,0.1231398589
9106,0.2381026677
9107,0.1026701073
9108,0.0384821685
9109,0.0911771559
9110,0.1028367953
9111,0.0905205340
9112,0.0103142041
9113,0.0100884307
9114,0.2878529172
9115,0.1094248865
9116,0.2082908868
9117,0.1813596356
9118,0.2209289142
9119,0.0928924071
9120,0.0271717482
9121,0.0148593090
9122,0.0416330176
9123,0.0395438306
9124,0.0311143175
9125,0.2208141786
9126,0.0159253443
9127,0.0550937065
9128,0.0464825643
9129,0.1924377351
9130,0.0299550928
9131,0.0743238289
9132,0.0270200795
9133,0.0678763269
9134,0.0328117770
9135,0.0198437592
9136,0.0082392292
9137,0.0724355413
9138,0.0210398031
9139,0.0267053363
9140,0.0184233621
9141,0.2101151080
9142,0.0532405432
9143,0.1317491439
9144,0.0084628224
9145,0.0062844779
9146,0.0521140878
9147,0.0722069419
9148,0.0430860568
9149,0.3289222244
9150,0.0933905861
9151,0.0547176482
9152,0.0618429770
9153,0.0332537813
9154,0.1118923679
9155,0.0290507805
9156,0.0533970199
9157,0.0235353708
9158,0.0607793410
9159,0.0623835559
9160,0.0079027831
9161,0.0153801362
9162,0.0471578893
9163,0.0920112855
9164,0.0189778101
9165,0.0339248155
9166,0.0488480089
9167,0.0828689052
9168,0.0106697423
9169,0.0146233434
9170,0.1187957659
9171,0.0567230495
9172,0.0255640122
9173,0.4136202587
9174,0.0219617084
9175,0.0818093380
9176,0.0163838621
9177,0.0401008156
9178,0.0479253040
9179,0.0139418280
9180,0.1416255378
9181,0.0126353139
9182,0.0555119508
9183,0.0278670919
9184,0.0140184337
9185,0.3109701890
9186,0.0277511634
9187,0.1001829400
9188,0.0895665985
9189,0.1146078572
9190,0.0119368544
9191,0.1838034066
9192,0.1513056450
9193,0.0124477131
9194,0.0126104683
9195,0.0485254625
9196,0.1661467280
9197,0.1455832574
9198,0.1019916126
9199,0.0847337127
9200,0.1207561561
9201,0.1995593810
9202,0.1799476205
9203,0.0106296310
9204,0.0632791177
9205,0.1133297911
9206,0.0771540446
9207,0.0275131305
9208,0.0208769909
9209,0.0508899298
9210,0.1704332968
9211,0.1401894310
9212,0.0244635114
9213,0.0055662956
9214,0.0164134258
9215,0.1590267509
9216,0.2706377171
9217,0.1503848595
9218,0.3503182508
9219,0.0572000702
9220,0.0549265556
9221,0.0438460303
9222,0.0399760952
9223,0.0814450444
9224,0.0319068783
9225,0.0980152667
9226,0.0235525179
9227,0.1607629472
9228,0.0630538390
9229,0.1459276933
9230,0.1201109470
9231,0.0175894279
9232,0.1407204093
9233,0.2953239318
9234,0.0195623973
9235,0.0366240226
9236,0.3008797819
9237,0.0893631445
9238,0.0199148084
9239,0.0820848605
9240,0.0903627933
9241,0.0165804329
9242,0.0345787349
9243,0.1310993374
9244,0.0706229006
9245,0.1919613860
9246,0.0408376995
9247,0.2112336188
9248,0.0319331008
9249,0.2403895863
9250,0.0247993838
9251,0.0567393666
9252,0.0119711805
9253,0.0633260483
9254,0.1084797334
9255,0.0319463122
9256,0.0850472795
9257,0.0108923644
9258,0.2334802214
9259,0.1607425279
9260,0.0474829025
9261,0.0557908091
9262,0.0201618757
9263,0.1238388888
9264,0.0426633564
9265,0.0179469903
9266,0.0439605358
9267,0.0100200392
9268,0.0344385152
9269,0.1377067620
9270,0.0963532483
9271,0.0319756195
9272,0.1500427964
9273,0.0117564215
9274,0.0113641656
9275,0.0206200019
9276,0.2616471341
9277,0.0337310595
9278,0.1043751655
9279,0.0847935307
9280,0.0228871688
9281,0.2418807004
9282,0.0568233884
9283,0.0368341038
9284,0.0393161329
9285,0.0314623490
9286,0.1244700806
9287,0.0085283853
9288,0.0113151338
9289,0.0613041783
9290,0.3776402227
9291,0.0096016636
9292,0.0595802142
9293,0.2542414883
9294,0.0854564422
9295,0.0939099943
9296,0.0826464610
9297,0.0461689965
9298,0.0306048240
9299,0.0123746603
9300,0.0133632238
9301,0.0151028629
9302,0.1433993981
9303,0.0166028037
9304,0.0550680854
9305,0.0168373323
9306,0.0920692270
9307,0.1830530393
9308,0.1072434071
9309,0.0117853018
9310,0.0106122852
9311,0.0115440863
9312,0.0151963095
9313,0.0344672586
9314,0.0114734107
9315,0.2043183976
9316,0.0366133778
9317,0.1472760130
9318,0.0323258163
9319,0.0155741976
9320,0.3166397052
9321,0.3054592541
9322,0.0852004489
9323,0.0165192829
9324,0.3084298125
9325,0.0634812487
9326,0.0072119459
9327,0.2131390365
9328,0.0331151403
9329,0.0063923909
9330,0.0111346499
9331,0.0777668120
9332,0.0709872731
9333,0.0501358290
9334,0.0958076981
9335,0.1047401491
9336,0.0728566546
9337,0.1321205403
9338,0.0924521256
9339,0.0064656951
9340,0.0931472313
9341,0.0566940766
9342,0.3665358229
9343,0.0297395027
9344,0.1947229064
9345,0.0607278203
9346,0.0249936248
9347,0.0119267706
9348,0.0883586217
9349,0.1021691683
9350,0.1031180939
9351,0.0078899876
9352,0.2574310051
9353,0.1852961000
9354,0.0957043521
9355,0.0439289127
9356,0.0059921290
9357,0.0212240140
9358,0.0887006470
9359,0.0633171139
9360,0.0119221085
9361,0.0124807290
9362,0.1163849639
9363,0.2452903910
9364,0.0224362487
9365,0.0184145780
9366,0.0044145362
9367,0.0128245059
9368,0.0339597426
9369,0.1609580471
9370,0.0051944770
9371,0.0209607851
9372,0.0242074079
9373,0.0366690954
9374,0.0281739189
9375,0.1134631765
9376,0.0169349369
9377,0.0038623146
9378,0.0324522004
9379,0.0127215034
9380,0.3279938788
9381,0.0339339612
9382,0.0361634877
9383,0.0316248148
9384,0.0250147570
9385,0.0455584289
9386,0.0810416718
9387,0.1668552021
9388,0.1785831714
9389,0.1052689231
9390,0.0060511396
9391,0.0078171849
9392,0.0065694163
9393,0.0342793821
9394,0.1015481434
9395,0.0290691584
9396,0.0904811349
9397,0.0347024533
9398,0.0299715713
9399,0.0081566022
9400,0.0299699707
9401,0.1796913911
9402,0.0442732256
9403,0.0361724755
9404,0.0399126342
9405,0.0429374046
9406,0.0157275093
9407,0.1402081755
9408,0.3615648772
9409,0.1318649679
9410,0.2406950288
9411,0.2007156801
9412,0.0220787127
9413,0.0183404593
9414,0.1567359009
9415,0.0833503269
9416,0.0235167390
9417,0.0056199424
9418,0.0407346049
9419,0.1719278014
9420,0.0429183547
9421,0.2340184202
9422,0.0158261342
9423,0.0523538714
9424,0.0189733311
9425,0.0889470840
9426,0.0600099864
9427,0.0391612876
9428,0.0877232982
9429,0.0064879667
9430,0.0951709315
9431,0.0707527018
9432,0.0991891698
9433,0.0643962390
9434,0.0214549202
9435,0.2008084370
9436,0.0485029758
9437,0.0272099415
9438,0.0421011439
9439,0.0233777445
9440,0.2389119441
9441,0.2602034823
9442,0.0717319560
9443,0.1556370208
9444,0.2634094552
9445,0.0255104589
9446,0.0348893881
9447,0.0702969549
9448,0.0147207079
9449,0.0506826380
9450,0.2879036803
9451,0.0403419181
9452,0.0207318656
9453,0.0623201575
9454,0.1159725377
9455,0.0122534997
9456,0.0597581964
9457,0.0370041262
9458,0.0458827018
9459,0.0300622213
9460,0.0467316327
9461,0.0445067799
9462,0.0041712218
9463,0.1414114402
9464,0.0721159871
9465,0.0385562264
9466,0.0239220198
9467,0.1484664344
9468,0.0891481336
9469,0.1209949250
9470,0.3621861308
9471,0.0153782124
9472,0.0529313805
9473,0.0904866892
9474,0.3170935562
9475,0.0310316439
9476,0.0223451995
9477,0.0336590232
9478,0.1682820051
9479,0.1430967707
9480,0.0064008267
9481,0.2354094813
9482,0.1070133753
9483,0.1647919114
9484,0.1075911465
9485,0.0406726821
9486,0.0692693483
9487,0.0318773796
9488,0.3556430531
9489,0.0621167788
9490,0.0377775716
9491,0.0624610545
9492,0.1097394409
9493,0.0377941046
9494,0.0198469940
9495,0.0216730689
9496,0.1283298822
9497,0.1109739279
9498,0.0443589495
9499,0.0539889204
9500,0.2530951197
9501,0.1451755356
9502,0.1639783928
9503,0.0385994159
9504,0.2240514570
9505,0.0604501473
9506,0.1489382570
9507,0.0550077408
9508,0.1866174412
9509,0.0375885542
9510,0.0115508563
9511,0.0439532851
9512,0.1137473431
9513,0.0643610095
9514,0.1461284306
9515,0.1092876246
9516,0.0114219806
9517,0.0503322522
9518,0.0251174681
9519,0.0385056174
9520,0.0168737488
9521,0.0284357735
9522,0.0115532361
9523,0.0676102808
9524,0.0339652702
9525,0.1054997308
9526,0.0306691024
9527,0.1117006263
9528,0.0175945109
9529,0.1600047707
9530,0.0579903609
9531,0.0485249799
9532,0.0144580618
9533,0.1654999650
9534,0.0971297754
9535,0.0314065056
9536,0.0096716918
9537,0.1813685602
9538,0.1798939491
9539,0.2189621087
9540,0.0127987203
9541,0.0958660523
9542,0.0849016533
9543,0.0287011660
9544,0.1701363074
9545,0.1450374448
9546,0.0083515729
9547,0.1082061039
9548,0.0461636502
9549,0.0841256619
9550,0.0463919249
9551,0.0638097972
9552,0.0384013443
9553,0.0495479323
9554,0.1100272719
9555,0.0385117463
9556,0.0252735400
9557,0.0593961114
9558,0.1100782637
9559,0.2117768677
9560,0.0121165782
9561,0.0125185875
9562,0.0309002366
9563,0.0250921866
9564,0.0537592312
9565,0.1025021247
9566,0.0068822419
9567,0.0701234592
9568,0.1473744883
9569,0.0510823556
9570,0.1260671056
9571,0.0365996923
9572,0.0208369818
9573,0.0657920004
9574,0.0314878836
9575,0.0572991929
9576,0.2178610140
9577,0.0685115438
9578,0.0373690443
9579,0.0069836561
9580,0.0333041533
9581,0.0493697098
9582,0.0407744792
9583,0.1821851254
9584,0.0854585057
9585,0.0374790646
9586,0.0324985557
9587,0.0141663148
9588,0.0390006232
9589,0.0146187261
9590,0.0866345962
9591,0.1831568682
9592,0.1854789600
9593,0.0084838240
9594,0.0308195439
9595,0.0455517895
9596,0.0350060245
9597,0.0792070452
9598,0.1759545206
9599,0.1246598388
9600,0.0542098133
9601,0.1870444082
9602,0.0868774429
9603,0.1229428060
9604,0.0444753857
9605,0.1005624339
9606,0.0137764569
9607,0.0201993147
9608,0.0644021218
9609,0.0261137257
9610,0.0356711791
9611,0.1325217332
9612,0.0910385699
9613,0.0498559377
9614,0.0144160507
9615,0.1020539504
9616,0.0215163916
9617,0.0643337600
9618,0.0782325075
9619,0.0492223679
9620,0.0164817598
9621,0.0280639240
9622,0.0766003927
9623,0.0108141706
9624,0.1680800172
9625,0.0253040286
9626,0.0190784953
9627,0.0483502402
9628,0.2389386150
9629,0.0220376143
9630,0.0150961576
9631,0.0155462221
9632,0.0245822284
9633,0.1775554539
9634,0.0209497288
9635,0.1226400508
9636,0.1239132535
9637,0.0481356826
9638,0.0687752181
9639,0.0146511540
9640,0.1933109227
9641,0.1083588381
9642,0.0259458921
9643,0.0589063210
9644,0.0467839782
9645,0.1180633768
9646,0.0713435812
9647,0.0285421980
9648,0.2725518242
9649,0.1785017834
9650,0.0427193551
9651,0.0549807847
9652,0.0080335981
9653,0.0280531604
9654,0.1039020763
9655,0.1390149212
9656,0.0284366963
9657,0.1098344845
9658,0.1624737522
9659,0.2134894234
9660,0.1416146309
9661,0.0247258079
9662,0.0286185863
9663,0.0231703624
9664,0.0167646615
9665,0.0150415409
9666,0.0315951038
9667,0.2417782138
9668,0.0367345107
9669,0.0243526577
9670,0.0263442100
9671,0.0344581935
9672,0.0615475107
9673,0.0900043727
9674,0.0730322757
9675,0.1011052413
9676,0.0233912379
9677,0.2900734345
9678,0.0289135959
9679,0.3245279970
9680,0.1645284162
9681,0.0636517332
9682,0.0275728876
9683,0.0616694609
9684,0.1154904905
9685,0.0617033242
9686,0.0072999154
9687,0.0828738948
9688,0.0257889396
9689,0.0138463159
9690,0.2380684170
9691,0.1258522557
9692,0.0111542159
9693,0.0199676173
9694,0.2842476966
9695,0.0079956849
9696,0.1170107482
9697,0.0891056283
9698,0.1558532909
9699,0.1013961423
9700,0.0534657979
9701,0.0914425732
9702,0.2353429789
9703,0.0153616268
9704,0.2027083139
9705,0.0375883113
9706,0.0390738035
9707,0.0781258414
9708,0.0236913020
9709,0.0961331733
9710,0.0416231776
9711,0.0193848761
9712,0.0076517030
9713,0.1331023614
9714,0.1315087785
9715,0.1057635444
9716,0.0188672905
9717,0.0169703144
9718,0.1312128734
9719,0.0072662310
9720,0.1556631099
9721,0.2322050026
9722,0.0176393692
9723,0.2557944583
9724,0.1573738712
9725,0.0545117871
9726,0.0088270252
9727,0.0332160832
9728,0.0375396496
9729,0.0140266787
9730,0.0677857659
9731,0.2028707920
9732,0.0446761531
9733,0.0078812786
9734,0.0262894180
9735,0.0596567334
9736,0.0794263080
9737,0.1371646291
9738,0.0542164317
9739,0.3072945624
9740,0.1765517235
9741,0.0168256242
9742,0.0323627249
9743,0.0426614430
9744,0.3028666138
9745,0.0152336353
9746,0.0603076276
9747,0.0568863336
9748,0.0663475879
9749,0.0244384871
9750,0.0775537655
9751,0.0314097259
9752,0.0612054798
9753,0.0499157589
9754,0.0088222799
9755,0.0179829172
9756,0.0322187154
9757,0.0116469519
9758,0.1617545371
9759,0.0740091260
9760,0.1763388666
9761,0.0139025539
9762,0.1090132080
9763,0.1465301976
9764,0.1490045926
9765,0.1163390024
9766,0.0127154069
9767,0.2334101656
9768,0.0843323497
9769,0.1483952505
9770,0.0333152812
9771,0.0411769751
9772,0.0364415533
9773,0.1374235088
9774,0.0187253225
9775,0.0032698287
9776,0.0357817075
9777,0.0699494911
9778,0.1380742387
9779,0.0260518956
9780,0.0499309340
9781,0.1083638558
9782,0.0371395405
9783,0.0882447327
9784,0.0973636807
9785,0.0819657977
9786,0.1201290730
9787,0.2513895749
9788,0.1205766129
9789,0.3108894808
9790,0.0110941505
9791,0.0982509128
9792,0.2171467996
9793,0.0245515102
9794,0.0631361716
9795,0.0570729988
9796,0.0211354297
9797,0.0672302728
9798,0.0868140719
9799,0.1155663782
9800,0.0106912909
9801,0.0293473531
9802,0.0253223983
9803,0.0258812489
9804,0.1433904587
9805,0.0821196540
9806,0.1365092917
9807,0.1131686115
9808,0.1446371434
9809,0.0178269787
9810,0.0887586940
9811,0.0070874835
9812,0.0636352846
9813,0.0457224791
9814,0.0250041713
9815,0.0625707962
9816,0.0643992181
9817,0.0793751572
9818,0.0400379511
9819,0.0649333254
9820,0.0411858214
9821,0.0566203832
9822,0.0372997476
9823,0.0268797402
9824,0.1372535919
9825,0.2945586105
9826,0.0485104981
9827,0.0458855321
9828,0.3371280767
9829,0.1263230834
9830,0.0046450880
9831,0.3153377173
9832,0.0118236325
9833,0.0246942481
9834,0.0461620259
9835,0.0235286730
9836,0.0481861440
9837,0.0194985161
9838,0.0203465083
9839,0.0298819984
9840,0.0216324059
9841,0.0175636320
9842,0.2248287805
9843,0.1039274070
9844,0.0396618070
9845,0.0948160707
9846,0.0105026317
9847,0.0548175515
9848,0.0253660411
9849,0.0432998337
9850,0.0838916248
9851,0.1155316094
9852,0.0214676104
9853,0.0191543721
9854,0.0092995604
9855,0.0312688086
9856,0.0601606051
9857,0.0172260738
9858,0.1217231265
9859,0.0949309744
9860,0.1152587759
9861,0.0814168278
9862,0.0172580747
9863,0.0328931231
9864,0.0364809348
9865,0.0867426614
9866,0.1391023660
9867,0.1398834415
9868,0.0349677221
9869,0.0444103579
9870,0.0436125648
9871,0.2854086217
9872,0.1367992763
9873,0.2604024731
9874,0.0234342259
9875,0.0027998647
9876,0.0196072507
9877,0.0366010861
9878,0.0094958275
9879,0.0273170743
9880,0.0531645592
9881,0.0937070055
9882,0.0640587519
9883,0.0181175375
9884,0.0324523196
9885,0.1548052924
9886,0.0090932128
9887,0.0487902318
9888,0.1385807083
9889,0.0629653841
9890,0.0492212378
9891,0.0515992514
9892,0.0293035263
9893,0.0982297591
9894,0.0635115750
9895,0.0116456588
9896,0.0249693126
9897,0.0526039138
9898,0.0304772536
9899,0.1208896576
9900,0.0117629559
9901,0.1089560896
9902,0.0275606428
9903,0.0492326269
9904,0.0366060543
9905,0.0374064999
9906,0.0591106174
9907,0.0371207113
9908,0.0299457533
9909,0.0996756214
9910,0.1288539577
9911,0.0303959205
9912,0.2434267465
9913,0.1701773092
9914,0.0161848766
9915,0.1504503084
9916,0.0645594441
9917,0.0149470758
9918,0.1945574447
9919,0.0503557146
9920,0.0285405601
9921,0.1783079876
9922,0.0262092512
9923,0.1197712729
9924,0.0663034462
9925,0.0162425013
9926,0.3129579317
9927,0.2220665662
9928,0.0805031434
9929,0.2049271918
9930,0.0379940539
9931,0.0094678648
9932,0.0232590017
9933,0.0228201638
9934,0.1317626455
9935,0.0065945734
9936,0.1219464765
9937,0.0395926381
9938,0.1010500182
9939,0.0209256361
9940,0.0580939166
9941,0.0539340816
9942,0.1455514033
9943,0.1069731429
9944,0.0437056173
9945,0.1363392244
9946,0.2771923517
9947,0.0702308522
9948,0.0151745908
9949,0.0183319736
9950,0.4647442735
9951,0.0094239840
9952,0.2746481841
9953,0.1790525570
9954,0.1902580276
9955,0.0105894634
9956,0.0810151515
9957,0.0373915167
9958,0.0618281726
9959,0.0118250890
9960,0.0581684194
9961,0.0360321046
9962,0.2282710722
9963,0.1246487367
9964,0.0053305013
9965,0.0717551388
9966,0.1230010574
9967,0.1009364463
9968,0.0459270795
9969,0.0159733030
9970,0.0790130289
9971,0.0531484438
9972,0.1794823433
9973,0.0184425232
9974,0.0237754134
9975,0.2472928959
9976,0.0784025012
9977,0.0665711067
9978,0.0645019911
9979,0.0469880096
9980,0.0162593680
9981,0.3047477315
9982,0.0262547870
9983,0.0581403827
9984,0.0228922875
9985,0.0265167155
9986,0.1608437223
9987,0.1086624887
9988,0.0070490620
9989,0.0813618493
9990,0.0313701084
9991,0.1611131332
9992,0.0291469618
9993,0.0112573965
9994,0.0315368039
9995,0.0692908370
9996,0.0607342905
9997,0.2151151350
9998,0.1542519808
9999,0.1558125044
10000,0.0124814632
10001,0.0263912285
10002,0.0452184635
10003,0.1102763554
10004,0.0388019862
10005,0.0261431209
10006,0.0215776472
10007,0.0349894932
10008,0.0348643314
10009,0.0087387954
10010,0.0553164105
10011,0.0159582458
10012,0.1066861727
10013,0.0171319165
10014,0.1493253827
10015,0.0604877597
10016,0.0411321464
10017,0.1773252842
10018,0.1460185933
10019,0.0206165590
10020,0.2188444280
10021,0.1000773231
10022,0.0608822529
10023,0.0580076210
10024,0.0470245236
10025,0.0082990880
10026,0.0604758511
10027,0.0946562065
10028,0.0700745525
10029,0.0324123730
10030,0.0241598297
10031,0.0901690017
10032,0.0643015741
10033,0.0122350090
10034,0.0647384800
10035,0.1037315862
10036,0.0503409913
10037,0.0406720486
10038,0.1632099211
10039,0.0220841290
10040,0.0337812078
10041,0.1223364815
10042,0.0975943603
10043,0.1867371467
10044,0.0266842212
10045,0.0115143568
10046,0.2090414888
10047,0.0906371613
10048,0.0639014025
10049,0.0218105643
10050,0.0544116085
10051,0.0113113639
10052,0.0114668663
10053,0.1144487712
10054,0.0291897732
10055,0.0788497985
10056,0.0156812075
10057,0.0186408414
10058,0.0313751407
10059,0.0827071693
10060,0.0234019548
10061,0.0492685935
10062,0.0267895814
10063,0.0241644428
10064,0.0284248847
10065,0.0395534030
10066,0.0257208251
10067,0.0300250802
10068,0.0153676992
10069,0.0606373460
10070,0.1960988162
10071,0.1014528219
10072,0.2072270349
10073,0.2138466691
10074,0.0187216100
10075,0.0270718380
10076,0.0337385319
10077,0.1635833551
10078,0.1588518029
10079,0.0975594463
10080,0.0497342570
10081,0.0383580584
10082,0.1410446816
10083,0.0265535453
10084,0.0284823045
10085,0.0112176242
10086,0.0465228923
10087,0.0739302575
10088,0.1189596234
10089,0.1068839047
10090,0.0129989728
10091,0.0114325250
10092,0.2327413314
10093,0.0240155652
10094,0.0211547515
10095,0.1595987383
10096,0.0351845235
10097,0.1286057237
10098,0.0672612365
10099,0.0606712565
10100,0.0369628555
10101,0.0195131487
10102,0.0164845993
10103,0.1940664704
10104,0.0135299248
10105,0.0119451556
10106,0.1872747450
10107,0.1319095846
10108,0.1415974369
10109,0.1325398612
10110,0.1804162829
10111,0.0925175801
10112,0.0412237632
10113,0.0300541807
10114,0.0369710042
10115,0.1613260490
10116,0.0303739388
10117,0.1707962441
10118,0.1024572610
10119,0.0256695156
10120,0.0175053303
10121,0.0208369534
10122,0.2544313909
10123,0.0223142566
10124,0.0082769736
10125,0.0167537202
10126,0.1696139512
10127,0.0538972457
10128,0.0501819702
10129,0.2093365264
10130,0.0705694277
10131,0.0926460793
10132,0.2312715949
10133,0.0430876543
10134,0.0149934489
10135,0.0224881321
10136,0.0362448022
10137,0.0259647392
10138,0.0813835601
10139,0.0273270151
10140,0.0433297407
10141,0.0252559756
10142,0.2672235185
10143,0.0059727320
10144,0.0680990516
10145,0.0940357727
10146,0.0220605123
10147,0.0231989061
10148,0.0180897060
10149,0.0922726653
10150,0.1763427630
10151,0.0265294742
10152,0.0372836265
10153,0.0830583402
10154,0.0242508658
10155,0.0253737791
10156,0.0182607751
10157,0.0534551716
10158,0.0361760839
10159,0.0644132724
10160,0.0301044082
10161,0.0101724464
10162,0.0531421671
10163,0.1577962729
10164,0.0710168671
10165,0.0137402131
10166,0.0505660274
10167,0.0067569444
10168,0.0342418167
10169,0.0579829010
10170,0.0413902548
10171,0.1038571733
10172,0.0322331025
10173,0.0339314293
10174,0.0143383345
10175,0.0169732860
10176,0.0554371555
10177,0.0167513355
10178,0.0307702772
10179,0.2498310174
10180,0.0518010605
10181,0.0636679594
10182,0.3415827461
10183,0.0622667191
10184,0.0055974377
10185,0.0189444251
10186,0.0366146545
10187,0.1546364276
10188,0.0097510788
10189,0.1055542652
10190,0.0420156492
10191,0.0764497873
10192,0.2720005386
10193,0.0927622799
10194,0.0181929050
10195,0.1953825946
10196,0.1386242858
10197,0.0889152327
10198,0.0537288584
10199,0.0257247967
10200,0.0809681740
10201,0.2291854665
10202,0.0509242383
10203,0.1332435033
10204,0.0181397121
10205,0.1382201699
10206,0.1512277200
10207,0.0638100642
10208,0.0387532282
10209,0.1432684168
10210,0.1114879891
10211,0.0142133651
10212,0.0374961280
10213,0.1225265309
10214,0.1087585260
10215,0.0708284968
10216,0.0373673695
10217,0.1145936473
10218,0.1314456418
10219,0.0056215515
10220,0.0814750668
10221,0.0122023497
10222,0.0129557635
10223,0.0116324493
10224,0.0218254007
10225,0.0164030400
10226,0.0132512470
10227,0.0372523267
10228,0.0089608824
10229,0.0277467008
10230,0.0687754138
10231,0.2068270552
10232,0.0025678969
10233,0.2235828396
10234,0.3273923803
10235,0.0580542885
10236,0.0628222058
10237,0.0587855972
10238,0.0216762385
10239,0.0653433911
10240,0.0550065330
10241,0.0675007296
10242,0.0094816232
10243,0.0044480864
10244,0.0708460112
10245,0.0412554731
10246,0.0854293794
10247,0.0886477016
10248,0.1113102181
10249,0.0060830298
10250,0.0157509677
10251,0.2565045564
10252,0.0931257681
10253,0.0163698588
10254,0.1622213280
10255,0.0332919108
10256,0.0957042851
10257,0.1161497427
10258,0.0382597052
10259,0.0417721808
10260,0.0862954230
10261,0.2658528560
10262,0.0661773244
10263,0.0429799694
10264,0.0582684602
10265,0.0405565521
10266,0.2150362173
10267,0.1171484142
10268,0.0467859843
10269,0.0110962044
10270,0.0271968908
10271,0.0041599502
10272,0.3543328795
10273,0.0178072565
10274,0.0297031351
10275,0.0348245383
10276,0.0087758240
10277,0.0583314063
10278,0.1218024029
10279,0.2330871266
10280,0.0241280158
10281,0.0417209995
10282,0.0185952975
10283,0.0472155429
10284,0.0061687575
10285,0.0256672359
10286,0.3554158236
10287,0.0403488311
10288,0.0277358330
10289,0.0973918168
10290,0.0137599344
10291,0.0035201684
10292,0.0155852168
10293,0.2794599531
10294,0.0126585915
10295,0.1921902556
10296,0.0166574681
10297,0.0447939562
10298,0.0240973587
10299,0.0182853973
10300,0.0939342006
10301,0.0181915962
10302,0.0141681084
10303,0.0341893790
10304,0.0216130173
10305,0.0187619681
10306,0.0698385871
10307,0.0346939833
10308,0.1471011547
10309,0.0182327705
10310,0.0593325645
10311,0.0801907489
10312,0.0126332156
10313,0.0460665513
10314,0.0404387540
10315,0.0358696339
10316,0.0451543029
10317,0.0256683075
10318,0.0236459421
10319,0.0331695958
10320,0.0317293604
10321,0.0079842180
10322,0.2058653558
10323,0.0860485094
10324,0.0182138572
10325,0.0973913099
10326,0.0315115856
10327,0.0565215352
10328,0.1192565690
10329,0.0315298489
10330,0.0295544636
10331,0.0841682867
10332,0.0414532154
10333,0.0129000499
10334,0.0534430205
10335,0.0082409596
10336,0.0431939384
10337,0.0795627275
10338,0.0243885610
10339,0.0753678818
10340,0.0434575553
10341,0.0240249126
10342,0.0378015551
10343,0.0263845280
10344,0.0296111118
10345,0.0511380621
10346,0.0788335994
10347,0.1381923755
10348,0.0233401041
10349,0.3952093283
10350,0.0052068956
10351,0.1210110241
10352,0.0128867974
10353,0.2099043209
10354,0.0708871544
10355,0.0345210741
10356,0.0071520683
10357,0.0595747347
10358,0.0670366712
10359,0.0307983033
10360,0.0085232200
10361,0.1002549357
10362,0.0414612708
10363,0.0700343999
10364,0.2248054411
10365,0.0405812147
10366,0.0575307258
10367,0.0822171219
10368,0.2340267040
10369,0.2204174050
10370,0.1272940085
10371,0.0967963964
10372,0.0933879425
10373,0.0172781644
10374,0.0256642355
10375,0.0426113015
10376,0.0103570067
10377,0.0193199881
10378,0.0428963578
10379,0.0132098996
10380,0.0190136555
10381,0.0347044808
10382,0.0312272054
10383,0.0830061640
10384,0.0128754704
10385,0.0531752177
10386,0.0833699339
10387,0.2044760749
10388,0.0146552912
10389,0.2101248009
10390,0.0326152601
10391,0.0614407621
10392,0.0295574184
10393,0.0339931959
10394,0.0095450307
10395,0.0927980795
10396,0.1642992322
10397,0.0866668479
10398,0.0234232015
10399,0.0460770787
10400,0.0203691042
10401,0.0194350023
10402,0.1546960380
10403,0.0275633573
10404,0.0140727200
10405,0.0397976821
10406,0.0121969401
10407,0.1289333705
10408,0.0787562199
10409,0.0698802713
10410,0.0052157457
10411,0.1248120224
10412,0.0317297279
10413,0.0637165093
10414,0.2892186188
10415,0.0225923198
10416,0.0486106090
10417,0.0333500693
10418,0.0185518233
10419,0.0095592587
10420,0.2652806475
10421,0.0943409638
10422,0.0817037753
10423,0.0592034482
10424,0.0037826890
10425,0.0674344785
10426,0.1701380453
10427,0.0510853481
10428,0.0201643272
10429,0.1712837477
10430,0.3308564592
10431,0.0785824305
10432,0.0258713358
10433,0.0725306628
10434,0.1202493713
10435,0.1006926120
10436,0.0069043519
10437,0.0675237757
10438,0.1455475774
10439,0.1116182161
10440,0.0661541696
10441,0.2322482819
10442,0.0652443573
10443,0.0552959215
10444,0.0128386293
10445,0.0487663761
10446,0.0236172311
10447,0.0246240849
10448,0.0980234023
10449,0.0225650845
10450,0.0705593214
10451,0.0113311456
10452,0.1280886517
10453,0.0392935275
10454,0.0569304399
10455,0.0031957210
10456,0.0159129990
10457,0.0560975801
10458,0.1832741360
10459,0.0980976562
10460,0.0165645796
10461,0.0495948345
10462,0.1080117993
10463,0.0143114251
10464,0.1603622986
10465,0.0611139569
10466,0.1185603536
10467,0.0404929795
10468,0.1473470601
10469,0.0835474350
10470,0.2676567967
10471,0.0181657955
10472,0.0068078085
10473,0.0294773312
10474,0.1430414982
10475,0.0493822720
10476,0.0268958404
10477,0.0227542167
10478,0.0425632990
10479,0.2146999773
10480,0.3610699295
10481,0.3642115727
10482,0.0100027154
10483,0.0188626855
10484,0.0195029023
10485,0.1206351368
10486,0.0284344729
10487,0.0605242935
10488,0.0504880394
10489,0.0067408874
10490,0.1144379593
10491,0.0720950749
10492,0.0466350638
10493,0.0814012813
10494,0.0841277250
10495,0.0315107768
10496,0.0093307957
10497,0.0162186619
10498,0.0114476609
10499,0.0539785831
10500,0.0824810066
10501,0.0093674552
10502,0.0134228527
10503,0.0399757489
10504,0.0089304832
10505,0.0163686291
10506,0.0428437080
10507,0.0514266940
10508,0.1609675425
10509,0.2023660268
10510,0.2456493533
10511,0.0523897688
10512,0.1189387489
10513,0.0596823852
10514,0.0242186827
10515,0.1300225575
10516,0.0634406807
10517,0.0207484658
10518,0.0184486612
10519,0.0602785780
10520,0.0767301504
10521,0.1539370308
10522,0.0348789443
10523,0.0169510697
10524,0.0273214327
10525,0.0651329922
10526,0.0556338060
10527,0.0442576393
10528,0.0295211701
10529,0.0131793427
10530,0.0709937510
10531,0.0067885378
10532,0.0708003684
10533,0.0877861129
10534,0.0089244390
10535,0.1121711434
10536,0.0262828515
10537,0.0238131075
10538,0.0335405324
10539,0.0109753424
10540,0.1988069835
10541,0.2715713729
10542,0.0464738797
10543,0.0534744134
10544,0.0273391524
10545,0.0291891244
10546,0.0326064984
10547,0.1161304531
10548,0.0462088998
10549,0.1457528634
10550,0.0107334316
10551,0.0848457766
10552,0.2319845972
10553,0.1477595997
10554,0.0452918553
10555,0.0413106974
10556,0.0101206022
10557,0.3124029135
10558,0.0636639768
10559,0.1087682342
10560,0.0394794671
10561,0.0576252242
10562,0.0135221814
10563,0.0773748171
10564,0.0260946504
10565,0.0324195652
10566,0.0163931942
10567,0.0810471578
10568,0.3666716989
10569,0.1077999808
10570,0.1098347655
10571,0.0450842094
10572,0.3634324462
10573,0.0577040622
10574,0.0099964030
10575,0.0781988779
10576,0.0046171434
10577,0.0124276345
10578,0.0587223068
10579,0.0453229383
10580,0.0448337059
10581,0.0090367716
10582,0.1183163308
10583,0.0560958730
10584,0.0752840767
10585,0.0862321038
10586,0.0358309675
10587,0.0897956020
10588,0.0638542468
10589,0.1506973958
10590,0.0437113071
10591,0.0438127321
10592,0.0142065900
10593,0.1272692905
10594,0.2266407022
10595,0.0165338705
10596,0.0302302592
10597,0.1649862559
10598,0.0897721198
10599,0.0360083116
10600,0.0550646994
10601,0.0973682818
10602,0.0266090978
10603,0.0605446740
10604,0.0254664134
10605,0.0813426837
10606,0.0727803784
10607,0.0316529508
10608,0.1299369672
10609,0.0677644708
10610,0.0176441382
10611,0.0455217129
10612,0.0207650182
10613,0.0532074260
10614,0.0242865837
10615,0.0466969107
10616,0.0812631465
10617,0.1160604320
10618,0.1948577446
10619,0.0676580238
10620,0.0433736940
10621,0.0876842504
10622,0.0566634954
10623,0.0412177104
10624,0.0135287280
10625,0.0316157537
10626,0.0086572452
10627,0.0097411410
10628,0.2004567495
10629,0.0390402272
10630,0.1214667741
10631,0.1212180563
10632,0.0189873378
10633,0.0839338441
10634,0.0388198470
10635,0.1453997141
10636,0.1879639265
10637,0.0181403426
10638,0.1445775753
10639,0.2295692222
10640,0.0352520543
10641,0.0118843626
10642,0.0270864385
10643,0.0799732428
10644,0.0043081110
10645,0.0064397097
10646,0.1310360368
10647,0.0921631285
10648,0.0376650885
10649,0.1405551187
10650,0.0108702871
10651,0.0062970708
10652,0.1200863050
10653,0.0160708490
10654,0.0083510220
10655,0.0099464119
10656,0.0030393285
10657,0.0135436498
10658,0.0080082273
10659,0.0545603355
10660,0.0148925157
10661,0.0507814701
10662,0.1224036802
10663,0.1579959026
10664,0.0701126061
10665,0.0953560962
10666,0.0332723320
10667,0.2247035845
10668,0.0267637533
10669,0.1582128707
10670,0.0906902205
10671,0.0184530769
10672,0.0249071867
10673,0.1410651034
10674,0.0215813081
10675,0.0719225769
10676,0.1629307910
10677,0.0619054351
10678,0.0915187147
10679,0.0144567406
10680,0.0870633828
10681,0.1622824038
10682,0.0458828842
10683,0.0659855039
10684,0.0779938397
10685,0.0614738015
10686,0.0550400291
10687,0.0346709339
10688,0.0917118882
10689,0.0782460862
10690,0.0198796665
10691,0.1328803385
10692,0.0457695230
10693,0.0341228454
10694,0.0281182609
10695,0.0408262166
10696,0.0158010899
10697,0.0139714411
10698,0.0332647155
10699,0.2590988963
10700,0.0801804391
10701,0.2288092441
10702,0.0834755506
10703,0.0470125626
10704,0.0906649576
10705,0.0603079201
10706,0.0472894407
10707,0.0142629369
10708,0.1870713019
10709,0.0583862312
10710,0.0075710319
10711,0.0307476959
10712,0.0917556922
10713,0.0325303527
10714,0.0053409654
10715,0.0134341999
10716,0.0518937674
10717,0.0266451352
10718,0.0213670278
10719,0.2750105562
10720,0.0067756235
10721,0.0133430541
10722,0.0113149387
10723,0.1319912322
10724,0.2311705052
10725,0.0107861855
10726,0.0102035799
10727,0.4416701149
10728,0.0521491917
10729,0.0406006393
10730,0.1826401411
10731,0.0371615569
10732,0.0726636718
10733,0.0662675095
10734,0.0305673057
10735,0.1066920281
10736,0.1023383364
10737,0.0725255715
10738,0.1381100579
10739,0.1674303884
10740,0.2292817399
10741,0.0200153620
10742,0.0686442701
10743,0.0977678111
10744,0.0167737603
10745,0.0348104325
10746,0.0292413462
10747,0.0452921936
10748,0.2981229750
10749,0.0126078982
10750,0.0900368216
10751,0.1137842511
10752,0.0071312894
10753,0.0600145080
10754,0.1221431491
10755,0.0842287594
10756,0.1289367996
10757,0.0927552404
10758,0.0432673418
10759,0.0724939813
10760,0.2506974672
10761,0.1344661877
10762,0.3164675830
10763,0.0239241058
10764,0.0610064814
10765,0.0154252952
10766,0.2318255774
10767,0.1445073667
10768,0.0287622284
10769,0.1538624015
10770,0.1129928809
10771,0.0707116448
10772,0.0405353221
10773,0.0208122075
10774,0.0510397585
10775,0.0093484065
10776,0.1006056794
10777,0.0435848055
10778,0.0280951914
10779,0.1230575533
10780,0.0510136325
10781,0.1254342753
10782,0.0276796255
10783,0.0157338264
10784,0.0639553668
10785,0.2098780385
10786,0.1445211280
10787,0.0400677470
10788,0.0291750720
10789,0.0352403729
10790,0.0148280412
10791,0.0058197664
10792,0.0359346568
10793,0.0263490130
10794,0.0276710762
10795,0.0196451399
10796,0.0337878335
10797,0.0706076640
10798,0.0692180642
10799,0.0881027688
10800,0.0342474135
10801,0.0216267922
10802,0.0136431147
10803,0.0118972497
10804,0.0883362929
10805,0.0213955521
10806,0.0958651754
10807,0.2057530808
10808,0.0383195797
10809,0.1758901567
10810,0.0310351756
10811,0.0307873922
10812,0.2243325735
10813,0.1931071185
10814,0.0099086731
10815,0.0363721842
10816,0.0414338722
10817,0.0412079295
10818,0.0395596848
10819,0.1526608931
10820,0.1532244896
10821,0.2926823117
10822,0.1710772773
10823,0.0406484247
10824,0.0954741354
10825,0.1222759871
10826,0.1573948764
10827,0.0048243026
10828,0.0162431112
10829,0.1503742684
10830,0.0372470109
10831,0.0863224862
10832,0.1199412778
10833,0.0264685164
10834,0.0560562428
10835,0.0154636333
10836,0.0364024818
10837,0.0197965552
10838,0.0212378396
10839,0.0046277930
10840,0.0393965197
10841,0.1222004722
10842,0.1566127443
10843,0.0192149268
10844,0.1160981866
10845,0.2645479874
10846,0.0164887514
10847,0.0331400678
10848,0.0174910403
10849,0.0851068770
10850,0.1115378632
10851,0.0053159805
10852,0.3051330242
10853,0.0367941794
10854,0.0754918341
10855,0.0169807603
10856,0.0324517700
10857,0.1047497524
10858,0.0512916826
10859,0.0249778010
10860,0.1161641300
10861,0.1494593446
10862,0.1332491623
10863,0.2027269181
10864,0.0871307009
10865,0.0412679912
10866,0.0556698968
10867,0.1316761931
10868,0.0850811246
10869,0.0085687429
10870,0.0846827510
10871,0.0508429381
10872,0.0640693550
10873,0.0141699909
10874,0.0171449765
10875,0.0740420886
10876,0.0337978108
10877,0.1298195931
10878,0.0518488251
10879,0.1102112294
10880,0.0207083763
10881,0.2032380984
10882,0.0743527426
10883,0.1381827611
10884,0.1115682420
10885,0.0860310263
10886,0.1077638884
10887,0.0649874549
10888,0.0131894963
10889,0.0711042315
10890,0.1077046316
10891,0.0095650067
10892,0.0376109962
10893,0.0576934273
10894,0.0541366293
10895,0.0396290632
10896,0.1823621510
10897,0.0515536942
10898,0.0428155587
10899,0.0608426308
10900,0.0177659850
10901,0.1955178702
10902,0.2405942352
10903,0.1618099896
10904,0.0068820797
10905,0.0465003263
10906,0.1771817697
10907,0.0452930456
10908,0.4914090463
10909,0.0434779260
10910,0.2189136944
10911,0.0122081048
10912,0.0059951892
10913,0.0474785206
10914,0.0889759827
10915,0.2788242423
10916,0.0549675961
10917,0.1996071604
10918,0.0675494163
10919,0.0084910746
10920,0.0642671263
10921,0.0687834917
10922,0.0218834231
10923,0.0504951949
10924,0.0079223455
10925,0.3141869674
10926,0.0294073926
10927,0.0691298262
10928,0.0193104584
10929,0.0852267236
10930,0.0504188414
10931,0.0196108072
10932,0.0386647627
10933,0.0878370328
10934,0.0462079809
10935,0.0043622338
10936,0.1433909428
10937,0.0214160829
10938,0.2668137887
10939,0.0038361169
10940,0.0291022619
10941,0.0642131907
10942,0.0570848274
10943,0.0215697239
10944,0.1100178140
10945,0.0980125176
10946,0.1430975918
10947,0.0687062067
10948,0.2183611864
10949,0.0553359445
10950,0.0439850853
10951,0.1537010817
10952,0.0058469825
10953,0.1397595234
10954,0.0769884839
10955,0.0111646456
10956,0.0597621728
10957,0.1938312359
10958,0.0728378230
10959,0.0347473608
10960,0.0083945466
10961,0.0094839043
10962,0.0267396118
10963,0.0260498642
10964,0.0996274389
10965,0.0052201708
10966,0.0206257577
10967,0.0679685178
10968,0.0163653274
10969,0.1099979169
10970,0.0502433344
10971,0.0540366058
10972,0.0757389856
10973,0.1162323127
10974,0.0222652107
10975,0.0047160132
10976,0.0608013259
10977,0.0607818868
10978,0.0813176746
10979,0.0046931143
10980,0.0197920681
10981,0.0240444481
10982,0.1289379312
10983,0.3198678326
10984,0.0312789702
10985,0.0206066501
10986,0.1902949476
10987,0.2460946605
10988,0.0219923189
10989,0.0612312135
10990,0.0966207915
10991,0.2179007210
10992,0.1831958740
10993,0.0109790645
10994,0.0098424073
10995,0.1591429203
10996,0.0236778359
10997,0.1012299584
10998,0.0358721794
10999,0.0446272182
11000,0.0481584255
11001,0.0505284426
11002,0.0071408402
11003,0.2486194677
11004,0.0416983612
11005,0.1088582067
11006,0.0398246967
11007,0.1634641312
11008,0.2539620418
11009,0.0402505462
11010,0.0086680142
11011,0.0121451896
11012,0.1666894682
11013,0.0330065274
11014,0.0578502172
11015,0.0488374054
11016,0.0552886829
11017,0.1306755439
11018,0.0493454901
11019,0.0616434645
11020,0.0529207233
11021,0.0575153060
11022,0.0251009540
11023,0.0543636904
11024,0.1257171017
11025,0.0472566399
11026,0.0110101463
11027,0.0664391690
11028,0.1065382249
11029,0.1799962382
11030,0.2463102778
11031,0.1143400355
11032,0.0120442187
11033,0.0088971713
11034,0.0120728885
11035,0.3246779851
11036,0.1878880398
11037,0.0338737446
11038,0.0572699808
11039,0.0161071587
11040,0.0177335131
11041,0.1374743180
11042,0.1626787884
11043,0.0367755791
11044,0.0153430118
11045,0.0764459746
11046,0.0196688014
11047,0.1779752971
11048,0.0542400785
11049,0.0185569423
11050,0.0380365606
11051,0.1490314380
11052,0.0074783811
11053,0.1137740788
11054,0.2041937302
11055,0.0639680632
11056,0.2413118802
11057,0.0279643105
11058,0.1107758052
11059,0.0679934507
11060,0.0882110055
11061,0.0970335195
11062,0.0223124936
11063,0.1105171690
11064,0.0982384870
11065,0.1227364914
11066,0.0211772753
11067,0.1203581012
11068,0.0051248988
11069,0.0065842873
11070,0.1057216972
11071,0.0569367537
11072,0.0127633841
11073,0.1452500305
11074,0.0272023373
11075,0.1625515087
11076,0.2007335870
11077,0.0787778662
11078,0.0125925576
11079,0.0916954865
11080,0.0534332428
11081,0.0117024988
11082,0.0480097567
11083,0.0855378560
11084,0.1538446149
11085,0.0111415525
11086,0.2445859399
11087,0.1198394792
11088,0.2166110666
11089,0.0945050890
11090,0.0376618203
11091,0.2411588229
11092,0.2264010839
11093,0.0753163488
11094,0.0719199642
11095,0.3354696120
11096,0.0426281835
11097,0.0442909673
11098,0.0162674627
11099,0.0689955570
11100,0.0683513999
11101,0.0184837417
11102,0.1135333865
11103,0.0693435462
11104,0.1479047404
11105,0.0449685845
11106,0.1633989005
11107,0.0142448299
11108,0.0163233309
11109,0.0347339236
11110,0.0614723379
11111,0.2139066412
11112,0.0906960271
11113,0.1122961811
11114,0.1334278724
11115,0.0448132438
11116,0.0156164529
11117,0.1046707775
11118,0.0370570602
11119,0.0117098039
11120,0.0427395556
11121,0.0467697457
11122,0.0352666349
11123,0.1488438191
11124,0.0563014616
11125,0.0222333920
11126,0.0371746502
11127,0.0059065717
11128,0.1600488470
11129,0.0971310499
11130,0.0673407291
11131,0.0401739062
11132,0.0727615396
11133,0.0519401499
11134,0.0518979895
11135,0.2701773492
11136,0.2874771189
11137,0.1312749537
11138,0.2091447776
11139,0.0203182258
11140,0.0313145234
11141,0.0159325016
11142,0.0182536089
11143,0.1843585660
11144,0.0947887156
11145,0.2498012797
11146,0.0913043535
11147,0.0102309567
11148,0.0709469768
11149,0.2543336045
11150,0.0880229147
11151,0.0506839905
11152,0.1197145785
11153,0.0059113684
11154,0.0752784980
11155,0.0934606386
11156,0.0549787470
11157,0.0888700394
11158,0.0234921931
11159,0.0336990481
11160,0.2107952828
11161,0.1757329024
11162,0.0430036765
11163,0.1401151263
11164,0.2088489499
11165,0.0392231290
11166,0.2750661174
11167,0.0722831521
11168,0.0101819581
11169,0.1014848272
11170,0.0251594196
11171,0.0313608256
11172,0.0111080911
11173,0.0792785870
11174,0.0759803442
11175,0.0619975405
11176,0.0122181308
11177,0.2800783115
11178,0.0861687112
11179,0.0451446144
11180,0.0334460112
11181,0.0100407848
11182,0.2414657959
11183,0.0836070542
11184,0.2172768263
11185,0.0124069521
11186,0.0489490016
11187,0.0242289365
11188,0.1465099416
11189,0.0053386322
11190,0.1185294549
11191,0.0162389718
11192,0.0095245401
11193,0.1940461373
11194,0.1113969761
11195,0.0107360017
11196,0.0802176729
11197,0.0913007603
11198,0.1990522373
11199,0.0701950659
11200,0.0206181970
11201,0.0373091903
11202,0.0294986158
11203,0.0184956309
11204,0.0300340251
11205,0.2780115298
11206,0.2737786729
11207,0.0588284992
11208,0.0161524165
11209,0.0983732436
11210,0.2068606333
11211,0.0750721056
11212,0.0198655699
11213,0.2604960191
11214,0.1472668606
11215,0.0683584334
11216,0.0346172663
11217,0.0122479266
11218,0.2915450688
11219,0.0351445236
11220,0.0276993275
11221,0.0478600127
11222,0.0765476880
11223,0.1901396603
11224,0.1747066610
11225,0.0816636007
11226,0.1597543084
11227,0.0226715988
11228,0.1093348539
11229,0.2241009566
11230,0.0418460691
11231,0.0223253835
11232,0.0236613267
11233,0.0146633454
11234,0.0443921944
11235,0.0497869308
11236,0.0476249546
11237,0.2058718127
11238,0.1101630734
11239,0.0428596372
11240,0.1978602400
11241,0.2341747957
11242,0.1544835034
11243,0.0852112670
11244,0.1266853550
11245,0.0173771922
11246,0.0145036918
11247,0.0961235712
11248,0.0426622980
11249,0.0471991070
11250,0.0332126697
11251,0.0043086916
11252,0.1533284922
11253,0.0363276344
11254,0.1504016451
11255,0.2109525413
11256,0.0275133436
11257,0.1294255137
11258,0.0205705162
11259,0.0337906591
11260,0.2554488602
11261,0.0360147989
11262,0.2853644148
11263,0.0160833688
11264,0.0226666434
11265,0.3956477434
11266,0.2772659704
11267,0.0341244380
11268,0.0792783293
11269,0.0123940177
11270,0.0189105821
11271,0.2109218751
11272,0.0211563551
11273,0.0683765946
11274,0.1507148211
11275,0.0042952378
11276,0.0792751782
11277,0.1095751073
11278,0.1210656630
11279,0.0167076699
11280,0.2946795304
11281,0.0202188299
11282,0.0073000264
11283,0.1930283331
11284,0.1575679817
11285,0.0082589953
11286,0.2476079398
11287,0.2006664966
11288,0.0413585463
11289,0.2356338339
11290,0.1008119164
11291,0.0618930026
11292,0.0655367708
11293,0.0742857211
11294,0.0430166009
11295,0.0549742301
11296,0.0717057137
11297,0.1432917922
11298,0.0725785111
11299,0.0272172453
11300,0.0954383637
11301,0.0719837547
11302,0.0201623111
11303,0.0207950687
11304,0.1115206016
11305,0.0190244892
11306,0.0096331923
11307,0.1258573813
11308,0.0695436670
11309,0.1628357418
11310,0.0256366553
11311,0.1205392136
11312,0.2423606450
11313,0.3055057863
11314,0.2062918015
11315,0.0709348111
11316,0.0237883428
11317,0.0156768311
11318,0.0153295350
11319,0.0252006918
11320,0.0706461600
11321,0.0156058112
11322,0.1195300468
11323,0.0421681311
11324,0.4341035346
11325,0.0124052508
11326,0.0545492330
11327,0.1591041012
11328,0.0900582133
11329,0.0173542607
11330,0.0114128744
11331,0.0451985047
11332,0.0083214119
11333,0.0117653655
11334,0.0389242020
11335,0.0370654932
11336,0.0042705220
11337,0.0257368159
11338,0.2526775706
11339,0.0894843463
11340,0.0361737171
11341,0.1987772363
11342,0.0904986363
11343,0.0252160699
11344,0.0162558040
11345,0.1230519919
11346,0.0742918810
11347,0.0617979246
11348,0.0100025188
11349,0.0256942480
11350,0.0344548738
11351,0.1779960167
11352,0.0490495685
11353,0.2273078939
11354,0.0162459644
11355,0.1442646350
11356,0.0204057194
11357,0.0484320829
11358,0.0141870721
11359,0.0347318171
11360,0.0242493934
11361,0.2044468099
11362,0.0311534638
11363,0.0392639251
11364,0.0287556375
11365,0.0338738885
11366,0.0369222861
11367,0.0165166207
11368,0.2047522551
11369,0.0843209637
11370,0.0285643377
11371,0.0644712168
11372,0.0698545060
11373,0.0527923744
11374,0.2747850086
11375,0.2031151819
11376,0.0657259326
11377,0.0136999648
11378,0.0703495913
11379,0.1504835783
11380,0.0152588913
11381,0.0192923903
11382,0.0705701291
11383,0.0976652243
11384,0.0189821743
11385,0.2831687543
11386,0.1131418939
11387,0.0230587494
11388,0.2162011926
11389,0.1216588893
11390,0.0609433841
11391,0.0098197508
11392,0.1207541561
11393,0.0280296118
11394,0.0145588306
11395,0.0424030111
11396,0.0497710444
11397,0.2538777021
11398,0.0703316945
11399,0.0265031159
11400,0.0557697001
11401,0.0170426711
11402,0.0791933367
11403,0.0237840503
11404,0.0207668268
11405,0.2357509205
11406,0.0454073789
11407,0.0085484528
11408,0.1825021238
11409,0.1078952674
11410,0.0050904535
11411,0.0125354683
11412,0.0500177046
11413,0.0147144663
11414,0.0221233043
11415,0.0139096167
11416,0.1075924772
11417,0.0343030618
11418,0.0362167721
11419,0.0427741900
11420,0.0235296774
11421,0.0708190844
11422,0.0270759325
11423,0.2454164960
11424,0.0418608370
11425,0.0248894222
11426,0.0190406643
11427,0.2084601050
11428,0.0344771791
11429,0.0668309324
11430,0.2372051144
11431,0.0885748908
11432,0.1030398283
11433,0.0143598460
11434,0.0118025712
11435,0.0251838655
11436,0.0219478223
11437,0.0250917711
11438,0.1357212338
11439,0.0293103870
11440,0.0151160087
11441,0.2458434754
11442,0.0231335660
11443,0.0069727128
11444,0.0062719187
11445,0.2794023347
11446,0.0773016513
11447,0.0325380076
11448,0.0636318337
11449,0.0979960006
11450,0.0465038792
11451,0.0657393097
11452,0.0491845876
11453,0.0839543950
11454,0.0089980988
11455,0.0605883607
11456,0.0396168978
11457,0.0903346838
11458,0.0305784278
11459,0.0616490151
11460,0.0807281506
11461,0.0461213568
11462,0.0105250857
11463,0.0632845458
11464,0.0387643297
11465,0.1049443062
11466,0.1446609473
11467,0.1142602931
11468,0.0987104699
11469,0.0430370103
11470,0.0321972877
11471,0.0219504738
11472,0.0871405644
11473,0.0114265409
11474,0.2934975071
11475,0.0162877371
11476,0.2349745327
11477,0.1408400055
11478,0.0395248437
11479,0.0213869673
11480,0.0382476175
11481,0.0929143589
11482,0.1031197670
11483,0.0756946000
11484,0.1177862862
11485,0.0288406804
11486,0.0718666319
11487,0.0120737116
11488,0.0407789586
11489,0.1395296532
11490,0.0092710261
11491,0.0730547197
11492,0.1655399919
11493,0.0093252155
11494,0.0145280744
11495,0.0738426507
11496,0.0879435675
11497,0.0800675439
11498,0.0423305361
11499,0.1340409180
11500,0.1031771656
11501,0.0453887652
11502,0.0727932559
11503,0.1488488542
11504,0.2808870820
11505,0.0356639766
11506,0.0306792481
11507,0.0297329052
11508,0.0211603877
11509,0.1305839151
11510,0.0351778472
11511,0.0270724928
11512,0.0078335669
11513,0.1259754766
11514,0.0629340990
11515,0.0244745621
11516,0.0845937727
11517,0.0656429277
11518,0.0121399144
11519,0.0275663384
11520,0.0727511733
11521,0.0909292766
11522,0.0772858444
11523,0.0210799983
11524,0.0159662831
11525,0.0407073863
11526,0.1212313715
11527,0.1793211284
11528,0.0404206576
11529,0.0860184171
11530,0.1882249320
11531,0.0602755628
11532,0.0127541943
11533,0.0464149578
11534,0.0994031149
11535,0.0740477270
11536,0.1344943593
11537,0.0507361109
11538,0.0127981195
11539,0.0282739026
11540,0.1591163859
11541,0.0093972332
11542,0.0448031480
11543,0.1999584970
11544,0.3849097177
11545,0.0629874790
11546,0.0394339094
11547,0.0909294713
11548,0.1956394375
11549,0.0114612510
11550,0.2587637826
11551,0.2177812101
11552,0.1073010326
11553,0.0338065018
11554,0.1123744307
11555,0.0157231994
11556,0.1224318117
11557,0.0339234895
11558,0.1261382092
11559,0.0038221637
11560,0.0078413407
11561,0.1339090886
11562,0.3441799807
11563,0.0728964999
11564,0.0490300196
11565,0.1029853865
11566,0.0207974666
11567,0.1517569738
11568,0.0144184902
11569,0.0042918112
11570,0.0385770275
11571,0.0581456130
11572,0.1149847704
11573,0.0985467621
11574,0.0633263754
11575,0.0363851441
11576,0.0438939232
11577,0.1539667818
11578,0.0690556028
11579,0.0169999949
11580,0.2579992042
11581,0.0399487055
11582,0.1340501244
11583,0.0076323119
11584,0.1327367585
11585,0.0344729493
11586,0.0531164193
11587,0.0734215174
11588,0.2159480165
11589,0.1821326239
11590,0.0534796066
11591,0.0293554228
11592,0.0667991063
11593,0.0156652146
11594,0.1115602604
11595,0.0070716657
11596,0.0515142092
11597,0.0481323607
11598,0.0120580228
11599,0.1723957349
11600,0.0248424633
11601,0.0509290174
11602,0.0527448073
11603,0.1691110053
11604,0.1116143781
11605,0.0152360416
11606,0.1236398177
11607,0.2098934818
11608,0.0412045668
11609,0.0203890361
11610,0.0342235292
11611,0.1372380325
11612,0.1586965091
11613,0.0767138875
11614,0.0062531648
11615,0.0384299584
11616,0.1110868193
11617,0.0803212439
11618,0.0267885818
11619,0.1137401313
11620,0.0121064927
11621,0.1010898586
11622,0.2156290282
11623,0.0731215815
11624,0.0771741019
11625,0.0860225378
11626,0.0440137349
11627,0.0251216148
11628,0.0196995218
11629,0.0096082457
11630,0.0335556605
11631,0.0768216132
11632,0.0312113135
11633,0.0669582214
11634,0.0781148669
11635,0.0187687038
11636,0.0267464444
11637,0.1891749900
11638,0.2160278740
11639,0.0527981710
11640,0.0138766580
11641,0.0497029459
11642,0.0115711141
11643,0.2689606636
11644,0.0636673053
11645,0.0308294264
11646,0.0069592791
11647,0.0145346303
11648,0.1550819129
11649,0.2740989849
11650,0.0190971566
11651,0.1205791400
11652,0.0241941223
11653,0.1020046027
11654,0.0305147953
11655,0.0571873649
11656,0.0072782253
11657,0.0887699290
11658,0.1338559621
11659,0.0383460757
11660,0.0728119820
11661,0.0387637596
11662,0.0201417387
11663,0.0773750563
11664,0.2045340315
11665,0.2034708245
11666,0.0826705157
11667,0.0750048795
11668,0.1716240105
11669,0.0629422336
11670,0.1452756405
11671,0.0362155286
11672,0.0173373853
11673,0.1166530332
11674,0.0133061148
11675,0.0245094251
11676,0.1152999356
11677,0.0788038218
11678,0.1271146421
11679,0.0463412486
11680,0.0728334588
11681,0.0339604890
11682,0.0381814765
11683,0.0032234844
11684,0.0121928255
11685,0.0242679365
11686,0.1569858550
11687,0.1745997459
11688,0.2001379185
11689,0.0350351752
11690,0.1927010938
11691,0.0161429961
11692,0.0692350084
11693,0.0647859090
11694,0.0294582340
11695,0.0209595721
11696,0.0184193030
11697,0.0047872068
11698,0.2920434539
11699,0.0124664935
11700,0.1228261447
11701,0.0188667676
11702,0.2427207185
11703,0.0499151320
11704,0.0299918586
11705,0.0427850313
11706,0.3360952851
11707,0.0109969667
11708,0.0444272728
11709,0.0091950737
11710,0.0329893091
11711,0.0764114924
11712,0.0307052272
11713,0.1577031175
11714,0.1097128404
11715,0.0299775355
11716,0.0126277988
11717,0.0611166635
11718,0.0166756452
11719,0.0601133181
11720,0.0553689442
11721,0.0213822039
11722,0.0479906143
11723,0.0361579974
11724,0.0587548927
11725,0.0332527598
11726,0.0072258897
11727,0.0839683662
11728,0.1268712674
11729,0.1256675948
11730,0.0104552557
11731,0.0418370253
11732,0.1079771612
11733,0.0285857139
11734,0.0301729450
11735,0.1029640278
11736,0.1184526396
11737,0.1516049908
11738,0.1894123473
11739,0.0273879231
11740,0.0625519025
11741,0.1402622170
11742,0.3193602542
11743,0.0360316573
11744,0.0068335478
11745,0.2026969887
11746,0.0122366582
11747,0.0092120673
11748,0.0959888521
11749,0.0618031979
11750,0.0324830242
11751,0.0359758733
11752,0.1595695436
11753,0.0637071372
11754,0.2177323853
11755,0.1427912309
11756,0.1487016494
11757,0.1691169911
11758,0.0333203101
11759,0.1234305439
11760,0.0861672119
11761,0.1838361073
11762,0.2122490254
11763,0.0358148669
11764,0.0117986787
11765,0.0211685499
11766,0.1026870086
11767,0.0976747911
11768,0.0371133565
11769,0.0139581460
11770,0.0226156119
11771,0.0960077597
11772,0.0620518437
11773,0.1392360673
11774,0.0278328321
11775,0.0711893326
11776,0.0493057421
11777,0.2079392153
11778,0.0687552856
11779,0.0283499800
11780,0.0068866220
11781,0.2302422971
11782,0.0072743284
11783,0.0219475358
11784,0.0544312103
11785,0.0588225983
11786,0.2111107732
11787,0.0034909092
11788,0.1702596407
11789,0.0102394010
11790,0.0142378496
11791,0.0313977864
11792,0.0310944185
11793,0.1405876085
11794,0.0887632550
11795,0.2091551734
11796,0.1697686648
11797,0.1201298852
11798,0.0970875811
11799,0.1320748680
11800,0.0715659725
11801,0.0030600071
11802,0.0312261547
11803,0.0355603193
11804,0.0378313949
11805,0.0519642456
11806,0.0212119540
11807,0.0332753546
11808,0.0120285003
11809,0.0295771939
11810,0.0266920478
11811,0.0091502577
11812,0.0349555388
11813,0.0276474858
11814,0.0224681735
11815,0.0594495465
11816,0.0273121938
11817,0.1619924003
11818,0.0258347396
11819,0.0208337136
11820,0.0731439230
11821,0.0330466297
11822,0.0421547102
11823,0.1113166631
11824,0.2123954520
11825,0.0421525859
11826,0.0329965979
11827,0.0894930208
11828,0.0098221245
11829,0.0230419893
11830,0.0389846706
11831,0.0078779694
11832,0.1147816909
11833,0.0166819105
11834,0.0120877035
11835,0.1071767324
11836,0.0772624948
11837,0.1956151103
11838,0.0522404430
11839,0.0135115409
11840,0.1252318566
11841,0.1335900526
11842,0.0568486592
11843,0.1039611615
11844,0.0354229041
11845,0.0720467057
11846,0.0225129004
11847,0.0091816508
11848,0.2797943035
11849,0.2192281935
11850,0.0209040244
11851,0.2260703626
11852,0.0555778200
11853,0.0380726750
11854,0.0249235756
11855,0.1526489046
11856,0.0670438450
11857,0.0433619473
11858,0.0864531283
11859,0.2789465545
11860,0.0781232068
11861,0.0739954614
11862,0.0391467952
11863,0.0647025496
11864,0.2958280258
11865,0.2038421474
11866,0.0562409448
11867,0.0094679014
11868,0.0947498437
11869,0.0843593542
11870,0.0710845270
11871,0.0119583998
11872,0.0195959231
11873,0.1198682462
11874,0.1694866359
11875,0.0090143583
11876,0.0049452962
11877,0.0159251078
11878,0.2719464161
11879,0.0533490185
11880,0.1206793245
11881,0.0101594171
11882,0.1254333944
11883,0.0574852092
11884,0.0172083051
11885,0.2694979027
11886,0.0671572285
11887,0.0084261746
11888,0.0337131665
11889,0.1180056613
11890,0.0201385276
11891,0.0394737543
11892,0.0078508946
11893,0.0260435230
11894,0.1540095828
11895,0.0281135957
11896,0.1013165567
11897,0.0357577464
11898,0.2137066191
11899,0.0097656771
11900,0.0286986606
11901,0.0317169707
11902,0.0222007968
11903,0.0166894410
11904,0.2293746291
11905,0.0506461357
11906,0.2958691544
11907,0.0748281425
11908,0.1070217317
11909,0.0397114320
11910,0.2153645344
11911,0.0290444969
11912,0.0959877357
11913,0.1432547735
11914,0.1991797547
11915,0.0297622421
11916,0.0140697614
11917,0.0941796606
11918,0.0067627356
11919,0.0315331752
11920,0.0400735522
11921,0.0506993796
11922,0.0263069931
11923,0.0879322823
11924,0.2727547516
11925,0.0275631790
11926,0.0118914073
11927,0.0254397846
11928,0.0298847103
11929,0.2486722019
11930,0.1347619898
11931,0.0636829320
11932,0.1086448455
11933,0.0138636741
11934,0.0606214846
11935,0.1020593439
11936,0.0227022720
11937,0.3109329560
11938,0.0572584814
11939,0.0212433660
11940,0.0187457450
11941,0.1166371309
11942,0.2280787774
11943,0.0143849195
11944,0.0101534271
11945,0.2427258740
11946,0.0665068810
11947,0.0159978583
11948,0.0146551121
11949,0.0511811376
11950,0.0059225366
11951,0.0997594168
11952,0.0074045388
11953,0.1163340539
11954,0.1299620190
11955,0.0703292836
11956,0.0961044352
11957,0.0765881695
11958,0.0282382909
11959,0.2981094583
11960,0.0120026378
11961,0.0308908222
11962,0.0788133729
11963,0.0420759205
11964,0.0098633031
11965,0.0692873220
11966,0.0483045657
11967,0.0373423687
11968,0.0661170726
11969,0.0040080061
11970,0.1251784142
11971,0.0146532282
11972,0.0051529992
11973,0.0662031853
11974,0.0605030347
11975,0.0081707098
11976,0.0504009180
11977,0.1660150023
11978,0.0041690938
11979,0.0476830357
11980,0.0769677976
11981,0.1761414364
11982,0.1448386309
11983,0.0533193736
11984,0.0804786478
11985,0.0099751061
11986,0.0045202912
11987,0.0403352527
11988,0.1096030195
11989,0.3428380240
11990,0.0701992038
11991,0.0715118273
11992,0.3293239511
11993,0.1117142167
11994,0.0649286038
11995,0.0153269392
11996,0.0190856804
11997,0.1140869830
11998,0.0780057735
11999,0.1311738473
12000,0.0967178709
12001,0.2497341751
12002,0.0547072669
12003,0.0221092300
12004,0.2488725579
12005,0.0695840580
12006,0.0057354076
12007,0.0397416248
12008,0.1138528194
12009,0.1187915398
12010,0.0360373389
12011,0.3023759444
12012,0.0333076225
12013,0.0058319730
12014,0.0522849635
12015,0.1077285910
12016,0.0411389997
12017,0.0793201427
12018,0.0313780409
12019,0.0226820064
12020,0.0395932723
12021,0.0723313509
12022,0.1319397149
12023,0.0457786371
12024,0.0429599194
12025,0.1876230173
12026,0.0527616635
12027,0.0086196713
12028,0.0978401637
12029,0.0515045738
12030,0.0290171067
12031,0.0334191051
12032,0.1380690287
12033,0.0683959711
12034,0.1212307455
12035,0.0145821163
12036,0.0720388048
12037,0.0224610460
12038,0.0881677930
12039,0.0073967872
12040,0.2013065011
12041,0.0223506628
12042,0.0132215209
12043,0.1731499131
12044,0.0609239700
12045,0.1089332749
12046,0.0451611461
12047,0.0069724759
12048,0.0542183348
12049,0.2914409280
12050,0.0417482183
12051,0.0413077195
12052,0.0137317921
12053,0.1832988138
12054,0.0770119747
12055,0.2139583928
12056,0.0960713629
12057,0.0281117718
12058,0.0039945061
12059,0.0797339071
12060,0.0327333832
12061,0.1511955599
12062,0.2053428987
12063,0.1008090997
12064,0.0926215300
12065,0.1050001873
12066,0.0075769962
12067,0.0156697682
12068,0.0391909577
12069,0.0509913012
12070,0.0100624887
12071,0.1567223658
12072,0.1244323584
12073,0.0781439012
12074,0.0328258543
12075,0.0441398105
12076,0.2168308537
12077,0.0555118493
12078,0.0564401199
12079,0.0379906050
12080,0.0340350004
12081,0.0541647152
12082,0.0955349818
12083,0.1183557152
12084,0.0396521287
12085,0.0313587369
12086,0.1105068580
12087,0.1671199858
12088,0.0174321439
12089,0.0368621734
12090,0.0308247779
12091,0.0224914019
12092,0.1076032580
12093,0.0098791668
12094,0.0718061303
12095,0.0120627932
12096,0.0527539798
12097,0.0786210043
12098,0.0544208389
12099,0.2668111064
12100,0.1520887993
12101,0.1488902307
12102,0.0108325319
12103,0.0172485009
12104,0.0774243680
12105,0.2848916792
12106,0.1068598443
12107,0.0123883846
12108,0.0427519840
12109,0.0195369363
12110,0.0706736511
12111,0.0274344820
12112,0.0316766797
12113,0.0295523898
12114,0.0166270778
12115,0.1732363578
12116,0.0905518553
12117,0.0674570214
12118,0.1357133676
12119,0.0214830599
12120,0.0258555799
12121,0.0164238963
12122,0.1866465394
12123,0.0382882978
12124,0.1199245896
12125,0.1774722156
12126,0.0865158150
12127,0.0332762475
12128,0.1226447430
12129,0.0143517524
12130,0.0581884039
12131,0.0668735401
12132,0.0281038799
12133,0.0443077996
12134,0.0106515487
12135,0.0159346580
12136,0.0845959796
12137,0.0877575684
12138,0.0572559695
12139,0.1381030808
12140,0.0158491485
12141,0.1242364186
12142,0.0256096755
12143,0.0784852489
12144,0.0481541110
12145,0.3065379654
12146,0.1375205965
12147,0.1972538191
12148,0.0050573414
12149,0.0155083248
12150,0.0165533572
12151,0.0241019167
12152,0.2734216884
12153,0.0854683782
12154,0.1365696668
12155,0.1589177366
12156,0.1065541019
12157,0.2084777191
12158,0.0265155535
12159,0.0468774605
12160,0.1225794071
12161,0.0322404057
12162,0.1891680931
12163,0.0525746075
12164,0.0225793488
12165,0.0955344304
12166,0.2641975283
12167,0.0184016984
12168,0.0256677311
12169,0.0251463467
12170,0.0079063410
12171,0.0218033335
12172,0.0940666913
12173,0.0098886389
12174,0.2606766550
12175,0.0211744833
12176,0.0511649935
12177,0.1489365027
12178,0.2915522603
12179,0.1249875854
12180,0.0880948508
12181,0.0298045801
12182,0.0628919116
12183,0.0094395597
12184,0.1178811961
12185,0.1283947769
12186,0.1535310562
12187,0.0082855216
12188,0.0180835727
12189,0.0681326094
12190,0.0543540751
12191,0.0550476881
12192,0.0252071671
12193,0.0093582600
12194,0.2210169977
12195,0.1585683534
12196,0.0574004984
12197,0.2138108141
12198,0.0459088345
12199,0.2860602091
12200,0.0183716179
12201,0.0889630947
12202,0.0348029623
12203,0.0042589111
12204,0.2115250095
12205,0.3324754327
12206,0.1645149264
12207,0.0216764354
12208,0.0239693249
12209,0.0263489078
12210,0.0789644991
12211,0.0301463255
12212,0.0256890501
12213,0.0162630182
12214,0.0230206034
12215,0.0289158378
12216,0.0866425240
12217,0.0105667884
12218,0.0123432344
12219,0.1345021883
12220,0.0081802700
12221,0.1364546850
12222,0.0992012931
12223,0.0504197422
12224,0.0487333273
12225,0.1268450029
12226,0.0222888913
12227,0.0255985573
12228,0.3541264958
12229,0.3652430171
12230,0.1107406892
12231,0.0850089075
12232,0.0543218241
12233,0.2660112740
12234,0.2934956753
12235,0.1452365586
12236,0.0185541470
12237,0.2285833489
12238,0.0080792548
12239,0.1991949425
12240,0.0301816575
12241,0.1629989253
12242,0.1897162644
12243,0.2026623945
12244,0.0233540755
12245,0.0899447909
12246,0.0791328075
12247,0.0213423635
12248,0.0224125935
12249,0.0031189252
12250,0.0280606292
12251,0.0152601140
12252,0.1362599086
12253,0.1006908636
12254,0.1427467323
12255,0.0141747773
12256,0.0480130590
12257,0.0174299742
12258,0.0401615356
12259,0.0189682558
12260,0.0570641248
12261,0.0433597944
12262,0.0121007357
12263,0.0583016913
12264,0.0415500143
12265,0.0417744614
12266,0.2732959343
12267,0.0199322083
12268,0.0304438508
12269,0.0895923625
12270,0.0560581959
12271,0.0223393540
12272,0.0076588635
12273,0.0142852031
12274,0.0292382562
12275,0.1449081071
12276,0.1447925270
12277,0.0650304907
12278,0.0164113689
12279,0.1744330249
12280,0.0883271773
12281,0.0964457044
12282,0.2291677533
12283,0.0279952704
12284,0.0125039429
12285,0.0944148599
12286,0.0707655453
12287,0.0184410090
12288,0.0378287319
12289,0.1659392862
12290,0.0075282820
12291,0.1854428289
12292,0.1142566599
12293,0.0137291546
12294,0.0413978699
12295,0.2692440249
12296,0.1859644625
12297,0.0231554836
12298,0.0282879868
12299,0.0151164818
12300,0.0462264808
12301,0.0402790123
12302,0.0228957073
12303,0.0213474536
12304,0.1636493199
12305,0.0128404494
12306,0.0224279118
12307,0.0085406153
12308,0.0590600329
12309,0.0927697893
12310,0.0865754571
12311,0.0383637731
12312,0.0388236714
12313,0.0434071777
12314,0.0688998194
12315,0.2357537559
12316,0.0873038350
12317,0.0512501141
12318,0.1560925561
12319,0.0285845219
12320,0.0751849586
12321,0.0418418791
12322,0.4841189307
12323,0.0976866394
12324,0.0549835199
12325,0.0419783189
12326,0.1504043307
12327,0.2324589791
12328,0.0887724065
12329,0.0195948595
12330,0.0870205717
12331,0.0356170284
12332,0.1600034773
12333,0.0689100701
12334,0.1235232270
12335,0.1672729048
12336,0.0667789002
12337,0.0556289170
12338,0.0774906216
12339,0.0234907013
12340,0.0366169763
12341,0.0197463653
12342,0.0537357901
12343,0.1958250126
12344,0.0192944484
12345,0.0124107878
12346,0.0252132021
12347,0.0238668820
12348,0.1000814771
12349,0.0166425311
12350,0.2092147684
12351,0.0222846587
12352,0.0573405188
12353,0.0062767538
12354,0.0200738143
12355,0.0349865303
12356,0.0189421560
12357,0.0382193172
12358,0.0979968445
12359,0.0141966001
12360,0.0363056922
12361,0.0762467416
12362,0.0080591778
12363,0.0259573903
12364,0.0089321561
12365,0.1026589596
12366,0.2702897125
12367,0.0460776566
12368,0.0246231649
12369,0.0604662628
12370,0.0153007969
12371,0.0194083227
12372,0.0081373413
12373,0.0841584029
12374,0.1017341276
12375,0.1747709688
12376,0.0203713357
12377,0.0390271810
12378,0.0156686359
12379,0.0223813665
12380,0.0618478916
12381,0.2150086804
12382,0.0816457694
12383,0.0241712759
12384,0.0193036174
12385,0.0343438471
12386,0.1021212643
12387,0.0314464520
12388,0.0057032568
12389,0.0389054964
12390,0.0174439073
12391,0.0245428702
12392,0.2566052977
12393,0.0048416264
12394,0.0152592108
12395,0.0164469005
12396,0.1030385895
12397,0.0737382789
12398,0.0824906300
12399,0.0058621944
12400,0.1019133419
12401,0.0219841626
12402,0.0757238824
12403,0.0376744512
12404,0.0325585666
12405,0.0197694042
12406,0.1299182952
12407,0.0072340538
12408,0.0469471041
12409,0.0275916555
12410,0.0564352161
12411,0.0286725283
12412,0.0719023338
12413,0.0581579936
12414,0.0063483370
12415,0.0794041603
12416,0.0171427841
12417,0.1291699937
12418,0.1645314335
12419,0.0271752683
12420,0.0267219001
12421,0.1454496221
12422,0.4124677252
12423,0.0069986091
12424,0.2537728057
12425,0.0175669716
12426,0.2143688419
12427,0.0353099691
12428,0.0790758161
12429,0.0084075664
12430,0.1270883269
12431,0.0237344940
12432,0.0314109433
12433,0.0205484912
12434,0.1057797685
12435,0.0144694212
12436,0.0466178765
12437,0.1939824940
12438,0.0229400727
12439,0.2503013083
12440,0.1689776124
12441,0.0882923106
12442,0.2270353518
12443,0.0421670187
12444,0.0799881016
12445,0.0090535091
12446,0.0644318509
12447,0.0430143473
12448,0.0298808174
12449,0.0321293326
12450,0.1921943046
12451,0.0226862741
12452,0.0312127675
12453,0.0130579337
12454,0.0132802381
12455,0.0487099391
12456,0.0146550853
12457,0.0277980378
12458,0.0877499380
12459,0.0458291928
12460,0.0188184263
12461,0.1008816547
12462,0.1330738617
12463,0.0466108676
12464,0.0581990699
12465,0.2848425774
12466,0.0372584505
12467,0.0691942905
12468,0.1185856837
12469,0.0533934133
12470,0.2193129657
12471,0.0954780736
12472,0.1186110340
12473,0.1301757349
12474,0.0409486860
12475,0.0693178681
12476,0.0267352967
12477,0.0276964858
12478,0.0298966888
12479,0.0378347673
12480,0.0209183367
12481,0.0618467447
12482,0.0125831919
12483,0.0993862117
12484,0.1050244949
12485,0.0504393321
12486,0.2909084237
12487,0.0090952603
12488,0.0105436842
12489,0.0501011115
12490,0.0184221255
12491,0.0528101730
12492,0.0136795122
12493,0.0158258726
12494,0.0152826428
12495,0.1235417069
12496,0.0657203852
12497,0.0659399611
12498,0.0693652525
12499,0.0086521366
12500,0.0424585116
12501,0.0184509409
12502,0.0223554883
12503,0.0323749641
12504,0.0918812031
12505,0.0313055284
12506,0.3160455728
12507,0.0171971300
12508,0.0181605259
12509,0.0735570026
12510,0.1096181535
12511,0.0736558964
12512,0.2679613576
12513,0.0797943504
12514,0.0152052257
12515,0.1520904526
12516,0.1275616214
12517,0.0174022344
12518,0.0082452244
12519,0.0318761406
12520,0.0127607471
12521,0.0422009946
12522,0.0214394329
12523,0.0512581375
12524,0.0434499667
12525,0.0738252755
12526,0.1908312434
12527,0.0141699142
12528,0.0592331682
12529,0.1274513809
12530,0.0326536755
12531,0.0459646232
12532,0.0184637455
12533,0.0699028330
12534,0.0961316670
12535,0.0047843765
12536,0.1427262976
12537,0.0261335561
12538,0.0093744885
12539,0.4521174000
12540,0.0233648252
12541,0.0484159318
12542,0.0335150498
12543,0.1192754745
12544,0.0329711895
12545,0.0960111711
12546,0.0132050508
12547,0.0300223303
12548,0.1776239643
12549,0.0643436581
12550,0.3333509493
12551,0.0185120521
12552,0.1615771936
12553,0.0313058730
12554,0.1390428520
12555,0.1921435182
12556,0.0148623897
12557,0.0510750465
12558,0.0711168290
12559,0.0447656747
12560,0.3084362295
12561,0.0247798769
12562,0.0117401971
12563,0.0837254681
12564,0.0092465388
12565,0.0204014053
12566,0.1384612476
12567,0.0366657976
12568,0.0576502072
12569,0.0207602209
12570,0.1155351060
12571,0.0497812827
12572,0.2904074742
12573,0.0246838939
12574,0.0139876332
12575,0.1938382223
12576,0.1978789423
12577,0.1414668949
12578,0.0080746184
12579,0.1562597797
12580,0.0706012077
12581,0.0082840644
12582,0.1941786174
12583,0.1249309911
12584,0.0495690066
12585,0.0786181215
12586,0.1060039103
12587,0.0877985854
12588,0.1197994203
12589,0.0576689847
12590,0.0091329386
12591,0.1605381698
12592,0.1885935669
12593,0.2056308424
12594,0.0279532073
12595,0.0657839472
12596,0.0280476288
12597,0.1073824738
12598,0.0275819065
12599,0.0440823849
12600,0.0089007153
12601,0.0806413009
12602,0.0179348555
12603,0.0138987187
12604,0.1572353708
12605,0.0146967398
12606,0.2505755529
12607,0.0269760162
12608,0.0603056598
12609,0.0429573788
12610,0.1146939354
12611,0.0957201048
12612,0.0029802998
12613,0.1310515661
12614,0.1815696084
12615,0.0737932354
12616,0.0327409510
12617,0.0674975394
12618,0.0673713322
12619,0.0140646892
12620,0.0994545464
12621,0.1376838970
12622,0.1711931500
12623,0.0369724567
12624,0.0384743502
12625,0.1213750976
12626,0.4848788537
12627,0.0175351072
12628,0.0404021137
12629,0.0261495067
12630,0.2055433091
12631,0.2417039353
12632,0.0615003054
12633,0.0150838151
12634,0.0500323649
12635,0.0480663889
12636,0.0042545049
12637,0.0085145883
12638,0.1254171894
12639,0.2678159787
12640,0.2277660976
12641,0.0194991015
12642,0.1808924337
12643,0.1890774347
12644,0.0259368181
12645,0.1414278714
12646,0.0620327943
12647,0.0264797396
12648,0.2354906684
12649,0.0903627753
12650,0.0466542278
12651,0.0502394992
12652,0.1401505458
12653,0.0077841959
12654,0.1053950575
12655,0.0288381608
12656,0.0912721979
12657,0.0038969154
12658,0.3907952148
12659,0.0412355588
12660,0.0148145742
12661,0.0162170808
12662,0.0486086277
12663,0.0095610780
12664,0.0888160657
12665,0.1264861763
12666,0.0173012486
12667,0.1901071281
12668,0.0454143086
12669,0.0124571112
12670,0.1050912513
12671,0.1667868433
12672,0.0125987774
12673,0.0233416062
12674,0.0388124138
12675,0.2382886174
12676,0.0797500886
12677,0.1129663231
12678,0.0150703967
12679,0.0539903755
12680,0.0534736752
12681,0.0576136207
12682,0.0223039919
12683,0.0688133369
12684,0.0806902123
12685,0.0480477473
12686,0.0806206771
12687,0.0386817723
12688,0.0437662982
12689,0.0932625942
12690,0.0292820814
12691,0.0502326799
12692,0.0294305759
12693,0.0105369591
12694,0.0271331885
12695,0.0253401592
12696,0.0676639607
12697,0.0230090369
12698,0.0196240226
12699,0.0373060231
12700,0.0820545706
12701,0.1167083394
12702,0.0390555704
12703,0.0290261831
12704,0.0175306299
12705,0.0389568620
12706,0.0255231073
12707,0.0068617041
12708,0.1283028109
12709,0.2536780966
12710,0.0946841243
12711,0.0173448796
12712,0.0159620180
12713,0.0377464173
12714,0.1506592179
12715,0.0103346573
12716,0.0372147665
12717,0.0250957407
12718,0.0776511869
12719,0.0968716101
12720,0.0093192588
12721,0.0058802516
12722,0.1173398168
12723,0.0426581366
